{"type":"FeatureCollection","features":[{"type":"Feature","properties":{"id":"41-41111","name":"수원시장안구","sido":"경기도","code":"41111","center":[37.31397,127.00347]},"geometry":{"type":"Polygon","coordinates":[[[126.96108,37.30197],[126.96141,37.30205],[126.96424,37.30272],[126.96426,37.30267],[126.96444,37.30167],[126.96421,37.30108],[126.96418,37.30103],[126.96395,37.30074],[126.96372,37.30044],[126.96367,37.29997],[126.96367,37.29874],[126.96495,37.29679],[126.965,37.29678],[126.9651,37.29675],[126.9655,37.29667],[126.96604,37.2962],[126.96777,37.29463],[126.96807,37.29426],[126.9698,37.28869],[126.96979,37.28837],[126.96975,37.288],[126.96973,37.28777],[126.96964,37.28705],[126.96958,37.28662],[126.97428,37.28552],[126.97614,37.28577],[126.97877,37.28657],[126.97759,37.28843],[126.97896,37.28897],[126.97926,37.28909],[126.97982,37.2893],[126.98047,37.28954],[126.98105,37.28976],[126.98153,37.28994],[126.98295,37.2905],[126.98328,37.29063],[126.98364,37.29078],[126.98367,37.2908],[126.98373,37.29083],[126.98437,37.29134],[126.98613,37.28941],[126.98794,37.28982],[126.98822,37.28971],[126.98842,37.28958],[126.98853,37.28946],[126.98857,37.28942],[126.98899,37.28876],[126.99037,37.2865],[126.99054,37.2862],[126.99197,37.28673],[126.99276,37.28704],[126.99309,37.28717],[126.99332,37.28726],[126.99865,37.28911],[127.00064,37.28978],[127.00526,37.2866],[127.00609,37.28589],[127.00921,37.28552],[127.01092,37.28634],[127.01134,37.28655],[127.0121,37.28704],[127.01229,37.28717],[127.0126,37.28738],[127.01282,37.28753],[127.01287,37.2876],[127.01297,37.28772],[127.01353,37.28857],[127.01381,37.28904],[127.014,37.28912],[127.01413,37.28918],[127.01481,37.28945],[127.0165,37.28864],[127.01694,37.28833],[127.01761,37.28783],[127.01804,37.28747],[127.0187,37.28715],[127.02019,37.28725],[127.02049,37.28728],[127.021,37.28743],[127.02126,37.28751],[127.0213,37.28752],[127.02148,37.28758],[127.02199,37.28782],[127.02252,37.28807],[127.02254,37.28811],[127.02258,37.28816],[127.0227,37.28833],[127.02274,37.28839],[127.02276,37.28841],[127.02285,37.28854],[127.02295,37.28866],[127.02297,37.2887],[127.02377,37.28926],[127.02439,37.28949],[127.02466,37.28952],[127.0251,37.28951],[127.02528,37.28982],[127.02587,37.29068],[127.02599,37.29085],[127.02604,37.29091],[127.02609,37.29097],[127.02633,37.29115],[127.02652,37.29129],[127.02661,37.29133],[127.02692,37.29145],[127.02718,37.29155],[127.02726,37.29157],[127.02734,37.29159],[127.0282,37.29181],[127.03069,37.29237],[127.03107,37.29243],[127.03115,37.29244],[127.03164,37.29247],[127.03188,37.29249],[127.0321,37.2925],[127.03239,37.29253],[127.03283,37.29256],[127.03302,37.2926],[127.03319,37.29266],[127.03336,37.29272],[127.03342,37.29275],[127.03355,37.29285],[127.03382,37.2931],[127.03393,37.2932],[127.03456,37.29369],[127.03457,37.29406],[127.03455,37.29445],[127.0345,37.29542],[127.03387,37.29691],[127.03321,37.2974],[127.03274,37.29796],[127.03258,37.29875],[127.03265,37.30004],[127.03269,37.30059],[127.03283,37.30159],[127.03304,37.3028],[127.03322,37.30499],[127.03333,37.30704],[127.03323,37.30802],[127.03283,37.30874],[127.03231,37.30964],[127.0331,37.3118],[127.03423,37.31377],[127.03464,37.31393],[127.03506,37.31411],[127.03543,37.31429],[127.03807,37.31616],[127.03878,37.31933],[127.03889,37.32083],[127.03992,37.32134],[127.03955,37.32177],[127.03792,37.32495],[127.03726,37.32637],[127.03725,37.32641],[127.03717,37.32717],[127.03718,37.32728],[127.03722,37.32733],[127.03827,37.3285],[127.0378,37.3286],[127.03763,37.32865],[127.03748,37.32877],[127.03686,37.32944],[127.03595,37.331],[127.0359,37.33127],[127.03589,37.33156],[127.03594,37.33181],[127.03606,37.33211],[127.03602,37.33239],[127.03514,37.33392],[127.03501,37.33409],[127.03486,37.33429],[127.03483,37.33432],[127.03477,37.33438],[127.03458,37.33453],[127.03289,37.33573],[127.03163,37.33678],[127.0316,37.33683],[127.03153,37.337],[127.0315,37.33891],[127.03152,37.33922],[127.03201,37.34207],[127.03207,37.34238],[127.03303,37.34412],[127.03305,37.34417],[127.03324,37.34444],[127.03344,37.34471],[127.03195,37.34541],[127.02901,37.34738],[127.02878,37.34758],[127.02867,37.34762],[127.02649,37.34855],[127.02631,37.34862],[127.02611,37.34862],[127.02508,37.34854],[127.01881,37.35156],[127.01851,37.35044],[127.01776,37.35009],[127.01701,37.35003],[127.01589,37.34976],[127.01461,37.34915],[127.01331,37.34783],[127.0127,37.34688],[127.01269,37.34671],[127.01263,37.34539],[127.01262,37.34513],[127.01159,37.3438],[127.01094,37.34322],[127.0109,37.34314],[127.01042,37.34211],[127.01034,37.34195],[127.01029,37.34183],[127.01015,37.34151],[127.01018,37.34147],[127.01019,37.34142],[127.01022,37.3413],[127.01023,37.34127],[127.01024,37.34124],[127.01026,37.34113],[127.01026,37.34105],[127.01025,37.34101],[127.01022,37.34098],[127.01018,37.34094],[127.01008,37.34084],[127.01001,37.34073],[127.01,37.3407],[127.00999,37.34065],[127.00998,37.34053],[127.00998,37.34044],[127.00995,37.34037],[127.0099,37.34028],[127.00986,37.34022],[127.00982,37.34018],[127.00971,37.34009],[127.00966,37.34006],[127.00957,37.34],[127.00954,37.33998],[127.0095,37.33996],[127.00943,37.33992],[127.0093,37.33982],[127.00922,37.33975],[127.00918,37.33971],[127.00915,37.33967],[127.00913,37.33963],[127.00912,37.33959],[127.00912,37.33954],[127.00913,37.33947],[127.00915,37.33932],[127.00917,37.33921],[127.00918,37.33915],[127.00919,37.33908],[127.00917,37.33893],[127.00914,37.33884],[127.0091,37.33879],[127.00906,37.33877],[127.00903,37.33876],[127.0089,37.33875],[127.00882,37.33876],[127.00876,37.33876],[127.00872,37.33877],[127.00855,37.33878],[127.00836,37.33878],[127.00829,37.33878],[127.008,37.33876],[127.00795,37.33875],[127.00661,37.33863],[127.00653,37.33862],[127.00649,37.33858],[127.00627,37.33832],[127.00625,37.33829],[127.0061,37.33811],[127.00612,37.33807],[127.00399,37.3382],[127.00105,37.33839],[127.0007,37.33845],[127.00047,37.33849],[126.99141,37.33401],[126.99135,37.33397],[126.99047,37.33329],[126.99034,37.33317],[126.98976,37.33248],[126.98967,37.33231],[126.98711,37.32945],[126.98278,37.32675],[126.98234,37.32669],[126.98204,37.32665],[126.98147,37.32662],[126.98105,37.3266],[126.98094,37.32659],[126.9767,37.32852],[126.97354,37.33018],[126.97119,37.33179],[126.9707,37.33006],[126.96727,37.32443],[126.96701,37.32421],[126.96698,37.32416],[126.96696,37.32413],[126.96694,37.32408],[126.96692,37.32324],[126.96874,37.31905],[126.97,37.31692],[126.96771,37.31594],[126.96666,37.31305],[126.96663,37.31259],[126.96636,37.30835],[126.96635,37.30821],[126.96595,37.3074],[126.96575,37.30699],[126.96398,37.30437],[126.96162,37.30242],[126.96108,37.30197]]]}},{"type":"Feature","properties":{"id":"41-41113","name":"수원시권선구","sido":"경기도","code":"41113","center":[37.26072,126.97947]},"geometry":{"type":"Polygon","coordinates":[[[126.92726,37.27143],[126.92901,37.26366],[126.93023,37.26191],[126.93085,37.26104],[126.932,37.26056],[126.93478,37.25788],[126.93495,37.25705],[126.93509,37.25695],[126.93513,37.25692],[126.93578,37.25677],[126.93823,37.25659],[126.93928,37.25659],[126.9395,37.25659],[126.94359,37.25684],[126.94466,37.25701],[126.94473,37.25704],[126.94504,37.25716],[126.94584,37.25734],[126.94653,37.2575],[126.94792,37.25708],[126.94853,37.25683],[126.95005,37.25584],[126.95016,37.25545],[126.9502,37.25531],[126.94998,37.25382],[126.95071,37.25237],[126.95224,37.25147],[126.95272,37.24909],[126.95297,37.24873],[126.95337,37.24813],[126.95368,37.24799],[126.95489,37.24744],[126.95619,37.24677],[126.95668,37.24519],[126.9567,37.2451],[126.95731,37.24418],[126.95779,37.24317],[126.95796,37.2426],[126.95799,37.2413],[126.95799,37.24127],[126.95777,37.24076],[126.9576,37.24054],[126.95742,37.24044],[126.95735,37.2404],[126.95736,37.24032],[126.95776,37.23976],[126.96095,37.23811],[126.962,37.23768],[126.96299,37.23752],[126.964,37.23709],[126.96501,37.23665],[126.96695,37.23563],[126.9677,37.23484],[126.96899,37.23164],[126.96925,37.23067],[126.97039,37.2292],[126.97199,37.22887],[126.97282,37.22872],[126.97822,37.22957],[126.97895,37.2301],[126.97953,37.23059],[126.97991,37.23104],[126.98006,37.23161],[126.9802,37.23213],[126.98022,37.23216],[126.98026,37.23219],[126.98032,37.23223],[126.98036,37.23224],[126.98158,37.23226],[126.9824,37.23226],[126.98572,37.23264],[126.98812,37.23359],[126.98825,37.23358],[126.98852,37.23351],[126.98949,37.2331],[126.99039,37.23263],[126.99119,37.23204],[126.99265,37.23085],[126.99758,37.23023],[127.00368,37.22929],[127.0081,37.22784],[127.00987,37.22731],[127.0107,37.22729],[127.01127,37.22727],[127.01158,37.22726],[127.01189,37.22721],[127.0136,37.22688],[127.01403,37.22671],[127.01449,37.22654],[127.01517,37.22624],[127.01636,37.22576],[127.01658,37.22567],[127.017,37.22553],[127.02137,37.22424],[127.02166,37.22429],[127.02199,37.22446],[127.0225,37.22479],[127.02263,37.2249],[127.0239,37.22706],[127.02396,37.22718],[127.02397,37.22742],[127.0229,37.22951],[127.02614,37.23067],[127.02964,37.23201],[127.03347,37.2353],[127.0367,37.2384],[127.03714,37.2405],[127.03899,37.24273],[127.03968,37.2435],[127.04017,37.24437],[127.04031,37.24465],[127.04031,37.24494],[127.04031,37.24503],[127.04021,37.24523],[127.03982,37.24577],[127.03961,37.24614],[127.03951,37.24654],[127.0395,37.24676],[127.03956,37.247],[127.03974,37.24736],[127.04124,37.24981],[127.04254,37.25116],[127.04039,37.25245],[127.03947,37.25417],[127.03667,37.25652],[127.03341,37.2574],[127.0329,37.25754],[127.03238,37.25768],[127.03046,37.2582],[127.0307,37.2588],[127.03104,37.25967],[127.03156,37.26098],[127.03159,37.26106],[127.03147,37.26133],[127.03135,37.26154],[127.02935,37.26228],[127.02609,37.26314],[127.02308,37.26391],[127.02068,37.2645],[127.02003,37.26457],[127.01674,37.26469],[127.01507,37.26426],[127.01358,37.2645],[127.01219,37.2663],[127.00981,37.26765],[127.00971,37.2672],[127.0096,37.26699],[127.00719,37.2636],[127.0071,37.2636],[127.00681,37.26364],[127.00625,37.26369],[127.00598,37.26372],[127.00525,37.2638],[127.00506,37.26382],[127.0022,37.26412],[127.00208,37.26413],[127.00191,37.26415],[127.00102,37.2634],[127.00039,37.26418],[127.00005,37.26414],[126.99889,37.26584],[126.99867,37.26619],[126.99743,37.2699],[126.99539,37.27362],[126.99314,37.27737],[126.98693,37.27476],[126.98676,37.27477],[126.98654,37.27479],[126.98646,37.27479],[126.98634,37.2748],[126.98587,37.27494],[126.98583,37.27542],[126.98568,37.27747],[126.98578,37.27761],[126.98594,37.27784],[126.98644,37.27889],[126.98659,37.27931],[126.98664,37.27942],[126.98666,37.27956],[126.98661,37.28211],[126.98655,37.28229],[126.98646,37.28244],[126.98612,37.28282],[126.98386,37.28425],[126.98228,37.28389],[126.98134,37.28352],[126.97877,37.28657],[126.97614,37.28577],[126.97428,37.28552],[126.96958,37.28662],[126.96964,37.28705],[126.96973,37.28777],[126.96975,37.288],[126.96979,37.28837],[126.9698,37.28869],[126.96807,37.29426],[126.96777,37.29463],[126.96604,37.2962],[126.9655,37.29667],[126.9651,37.29675],[126.965,37.29678],[126.96495,37.29679],[126.96367,37.29874],[126.96367,37.29997],[126.96372,37.30044],[126.96395,37.30074],[126.96418,37.30103],[126.96421,37.30108],[126.96444,37.30167],[126.96426,37.30267],[126.96424,37.30272],[126.96141,37.30205],[126.96108,37.30197],[126.95939,37.30223],[126.95577,37.30281],[126.95553,37.3029],[126.95451,37.30311],[126.9543,37.30314],[126.9541,37.30307],[126.95291,37.30213],[126.95229,37.30065],[126.95174,37.30065],[126.94159,37.30102],[126.93475,37.30307],[126.93295,37.30305],[126.93276,37.30297],[126.93259,37.30076],[126.93355,37.29985],[126.93547,37.29803],[126.93652,37.29766],[126.93934,37.29692],[126.93954,37.29535],[126.93955,37.29532],[126.93929,37.29498],[126.93507,37.29269],[126.93407,37.29232],[126.93298,37.29163],[126.93281,37.29102],[126.93245,37.29016],[126.93139,37.28842],[126.92959,37.28622],[126.92929,37.28602],[126.92924,37.28589],[126.92913,37.28557],[126.92808,37.28234],[126.92778,37.27993],[126.92767,37.27946],[126.9274,37.27885],[126.92737,37.2788],[126.92759,37.27821],[126.92802,37.27708],[126.92868,37.27672],[126.9282,37.27508],[126.92753,37.27345],[126.92726,37.27143]]]}},{"type":"Feature","properties":{"id":"41-41115","name":"수원시팔달구","sido":"경기도","code":"41115","center":[37.27749,127.01646]},"geometry":{"type":"Polygon","coordinates":[[[126.97759,37.28843],[126.97877,37.28657],[126.98134,37.28352],[126.98228,37.28389],[126.98386,37.28425],[126.98612,37.28282],[126.98646,37.28244],[126.98655,37.28229],[126.98661,37.28211],[126.98666,37.27956],[126.98664,37.27942],[126.98659,37.27931],[126.98644,37.27889],[126.98594,37.27784],[126.98578,37.27761],[126.98568,37.27747],[126.98583,37.27542],[126.98587,37.27494],[126.98634,37.2748],[126.98646,37.27479],[126.98654,37.27479],[126.98676,37.27477],[126.98693,37.27476],[126.99314,37.27737],[126.99539,37.27362],[126.99743,37.2699],[126.99867,37.26619],[126.99889,37.26584],[127.00005,37.26414],[127.00039,37.26418],[127.00102,37.2634],[127.00191,37.26415],[127.00208,37.26413],[127.0022,37.26412],[127.00506,37.26382],[127.00525,37.2638],[127.00598,37.26372],[127.00625,37.26369],[127.00681,37.26364],[127.0071,37.2636],[127.00719,37.2636],[127.0096,37.26699],[127.00971,37.2672],[127.00981,37.26765],[127.01219,37.2663],[127.01358,37.2645],[127.01507,37.26426],[127.01674,37.26469],[127.02003,37.26457],[127.02068,37.2645],[127.02308,37.26391],[127.02609,37.26314],[127.02935,37.26228],[127.03135,37.26154],[127.03147,37.26133],[127.03159,37.26106],[127.03156,37.26098],[127.03104,37.25967],[127.0307,37.2588],[127.03046,37.2582],[127.03238,37.25768],[127.0329,37.25754],[127.03341,37.2574],[127.03667,37.25652],[127.04041,37.26528],[127.04023,37.26539],[127.0369,37.26616],[127.03594,37.26637],[127.03587,37.26639],[127.03479,37.26794],[127.03747,37.26908],[127.03825,37.26942],[127.03833,37.26946],[127.03773,37.27196],[127.0373,37.27347],[127.03699,37.27507],[127.03788,37.27514],[127.03859,37.2752],[127.03887,37.27523],[127.04019,37.27544],[127.04036,37.27587],[127.04159,37.27548],[127.04405,37.27471],[127.04376,37.27915],[127.04325,37.27999],[127.04183,37.28366],[127.04173,37.28406],[127.04178,37.28413],[127.04352,37.28516],[127.04407,37.28543],[127.04338,37.28587],[127.04296,37.2859],[127.04079,37.28575],[127.04062,37.28572],[127.03995,37.28544],[127.03881,37.2848],[127.03885,37.28565],[127.04239,37.28887],[127.04246,37.28893],[127.04274,37.28918],[127.04295,37.28936],[127.04322,37.29037],[127.03933,37.29243],[127.03826,37.29299],[127.03573,37.29337],[127.03393,37.2932],[127.03382,37.2931],[127.03355,37.29285],[127.03342,37.29275],[127.03336,37.29272],[127.03319,37.29266],[127.03302,37.2926],[127.03283,37.29256],[127.03239,37.29253],[127.0321,37.2925],[127.03188,37.29249],[127.03164,37.29247],[127.03115,37.29244],[127.03107,37.29243],[127.03069,37.29237],[127.0282,37.29181],[127.02734,37.29159],[127.02726,37.29157],[127.02718,37.29155],[127.02692,37.29145],[127.02661,37.29133],[127.02652,37.29129],[127.02633,37.29115],[127.02609,37.29097],[127.02604,37.29091],[127.02599,37.29085],[127.02587,37.29068],[127.02528,37.28982],[127.0251,37.28951],[127.02466,37.28952],[127.02439,37.28949],[127.02377,37.28926],[127.02297,37.2887],[127.02295,37.28866],[127.02285,37.28854],[127.02276,37.28841],[127.02274,37.28839],[127.0227,37.28833],[127.02258,37.28816],[127.02254,37.28811],[127.02252,37.28807],[127.02199,37.28782],[127.02148,37.28758],[127.0213,37.28752],[127.02126,37.28751],[127.021,37.28743],[127.02049,37.28728],[127.02019,37.28725],[127.0187,37.28715],[127.01804,37.28747],[127.01761,37.28783],[127.01694,37.28833],[127.0165,37.28864],[127.01481,37.28945],[127.01413,37.28918],[127.014,37.28912],[127.01381,37.28904],[127.01353,37.28857],[127.01297,37.28772],[127.01287,37.2876],[127.01282,37.28753],[127.0126,37.28738],[127.01229,37.28717],[127.0121,37.28704],[127.01134,37.28655],[127.01092,37.28634],[127.00921,37.28552],[127.00609,37.28589],[127.00526,37.2866],[127.00064,37.28978],[126.99865,37.28911],[126.99332,37.28726],[126.99309,37.28717],[126.99276,37.28704],[126.99197,37.28673],[126.99054,37.2862],[126.99037,37.2865],[126.98899,37.28876],[126.98857,37.28942],[126.98853,37.28946],[126.98842,37.28958],[126.98822,37.28971],[126.98794,37.28982],[126.98613,37.28941],[126.98437,37.29134],[126.98373,37.29083],[126.98367,37.2908],[126.98364,37.29078],[126.98328,37.29063],[126.98295,37.2905],[126.98153,37.28994],[126.98105,37.28976],[126.98047,37.28954],[126.97982,37.2893],[126.97926,37.28909],[126.97896,37.28897],[126.97759,37.28843]]]}},{"type":"Feature","properties":{"id":"41-41117","name":"수원시영통구","sido":"경기도","code":"41117","center":[37.27494,127.05673]},"geometry":{"type":"Polygon","coordinates":[[[127.03231,37.30964],[127.03283,37.30874],[127.03323,37.30802],[127.03333,37.30704],[127.03322,37.30499],[127.03304,37.3028],[127.03283,37.30159],[127.03269,37.30059],[127.03265,37.30004],[127.03258,37.29875],[127.03274,37.29796],[127.03321,37.2974],[127.03387,37.29691],[127.0345,37.29542],[127.03455,37.29445],[127.03457,37.29406],[127.03456,37.29369],[127.03393,37.2932],[127.03573,37.29337],[127.03826,37.29299],[127.03933,37.29243],[127.04322,37.29037],[127.04295,37.28936],[127.04274,37.28918],[127.04246,37.28893],[127.04239,37.28887],[127.03885,37.28565],[127.03881,37.2848],[127.03995,37.28544],[127.04062,37.28572],[127.04079,37.28575],[127.04296,37.2859],[127.04338,37.28587],[127.04407,37.28543],[127.04352,37.28516],[127.04178,37.28413],[127.04173,37.28406],[127.04183,37.28366],[127.04325,37.27999],[127.04376,37.27915],[127.04405,37.27471],[127.04159,37.27548],[127.04036,37.27587],[127.04019,37.27544],[127.03887,37.27523],[127.03859,37.2752],[127.03788,37.27514],[127.03699,37.27507],[127.0373,37.27347],[127.03773,37.27196],[127.03833,37.26946],[127.03825,37.26942],[127.03747,37.26908],[127.03479,37.26794],[127.03587,37.26639],[127.03594,37.26637],[127.0369,37.26616],[127.04023,37.26539],[127.04041,37.26528],[127.03667,37.25652],[127.03947,37.25417],[127.04039,37.25245],[127.04254,37.25116],[127.04124,37.24981],[127.03974,37.24736],[127.03956,37.247],[127.0395,37.24676],[127.03951,37.24654],[127.03961,37.24614],[127.03982,37.24577],[127.04021,37.24523],[127.04031,37.24503],[127.04031,37.24494],[127.04031,37.24465],[127.04017,37.24437],[127.03968,37.2435],[127.04,37.24327],[127.04029,37.24331],[127.04054,37.24342],[127.04085,37.24377],[127.041,37.24443],[127.04104,37.24504],[127.04084,37.24585],[127.04042,37.24633],[127.04043,37.24669],[127.04043,37.247],[127.04069,37.24724],[127.04109,37.24737],[127.04127,37.24727],[127.04262,37.24675],[127.04213,37.24543],[127.04197,37.2451],[127.04071,37.24159],[127.03953,37.23837],[127.03927,37.23764],[127.03912,37.23724],[127.03913,37.23719],[127.04164,37.2352],[127.04171,37.23517],[127.04296,37.23471],[127.04354,37.23459],[127.04421,37.23444],[127.0445,37.23426],[127.04498,37.23379],[127.04499,37.23317],[127.04595,37.23279],[127.04599,37.23279],[127.04663,37.23288],[127.04813,37.23339],[127.049,37.23384],[127.04919,37.23394],[127.0495,37.23409],[127.05131,37.23436],[127.05154,37.23436],[127.05166,37.23431],[127.05196,37.23418],[127.05234,37.23404],[127.05346,37.23358],[127.05356,37.23352],[127.05359,37.23349],[127.05362,37.23344],[127.05376,37.23274],[127.05383,37.23242],[127.05383,37.23232],[127.05379,37.23223],[127.05257,37.23148],[127.05255,37.23133],[127.05256,37.23106],[127.05487,37.23216],[127.05604,37.23273],[127.05632,37.23287],[127.05673,37.23313],[127.05827,37.23413],[127.0583,37.23415],[127.05833,37.23418],[127.05838,37.23421],[127.05924,37.23498],[127.05934,37.23508],[127.05942,37.23516],[127.05964,37.23543],[127.05972,37.23553],[127.0599,37.23579],[127.05991,37.23582],[127.05998,37.23594],[127.06002,37.23609],[127.06005,37.23626],[127.06213,37.23801],[127.06326,37.23917],[127.0644,37.23927],[127.065,37.24004],[127.06545,37.24014],[127.066,37.24016],[127.06615,37.24016],[127.06635,37.24009],[127.06668,37.24015],[127.06709,37.24037],[127.06712,37.24082],[127.06694,37.24099],[127.06688,37.24122],[127.06663,37.24124],[127.06631,37.24101],[127.06598,37.24105],[127.06609,37.24202],[127.06633,37.24293],[127.06621,37.24388],[127.06687,37.24416],[127.06758,37.2445],[127.06828,37.24489],[127.069,37.24554],[127.06933,37.24588],[127.06945,37.246],[127.06948,37.24603],[127.06954,37.2461],[127.06962,37.24619],[127.07073,37.24649],[127.07078,37.24651],[127.07098,37.24656],[127.07233,37.24686],[127.07261,37.24692],[127.07421,37.24718],[127.07543,37.24741],[127.07549,37.24742],[127.07651,37.24753],[127.07779,37.24751],[127.07784,37.2475],[127.07841,37.24751],[127.0786,37.24751],[127.07928,37.24753],[127.0796,37.24753],[127.08004,37.24754],[127.08127,37.2485],[127.08211,37.2494],[127.08249,37.25009],[127.08193,37.25086],[127.08258,37.25161],[127.08182,37.25268],[127.08244,37.25445],[127.08336,37.25474],[127.08463,37.25633],[127.0847,37.25661],[127.08378,37.25847],[127.08105,37.2585],[127.08104,37.25925],[127.08105,37.25997],[127.08122,37.26059],[127.08284,37.26215],[127.08352,37.26231],[127.08415,37.26245],[127.08451,37.26282],[127.0862,37.26477],[127.08605,37.26603],[127.0857,37.26744],[127.08553,37.27051],[127.07905,37.26731],[127.07751,37.26698],[127.07761,37.2657],[127.07599,37.26573],[127.07668,37.26489],[127.07763,37.26353],[127.07765,37.2633],[127.07768,37.26295],[127.07768,37.26287],[127.07768,37.26278],[127.07759,37.26244],[127.0769,37.26139],[127.07647,37.26144],[127.0759,37.26151],[127.07521,37.26235],[127.07492,37.26308],[127.07487,37.2635],[127.07489,37.26451],[127.0736,37.26611],[127.07089,37.26655],[127.07015,37.26662],[127.06995,37.26673],[127.06989,37.26678],[127.06983,37.26684],[127.06848,37.26868],[127.06504,37.27025],[127.06478,37.27044],[127.06475,37.27052],[127.06472,37.27059],[127.06467,37.27101],[127.06466,37.27111],[127.06621,37.27309],[127.06693,37.27394],[127.06793,37.27447],[127.06799,37.2748],[127.06806,37.27561],[127.06928,37.2773],[127.06954,37.27874],[127.07042,37.2793],[127.07541,37.28224],[127.07722,37.28299],[127.0788,37.28349],[127.08168,37.28463],[127.08413,37.28632],[127.08467,37.28632],[127.08533,37.28612],[127.0856,37.28604],[127.08652,37.28608],[127.08673,37.28612],[127.08709,37.2862],[127.08755,37.28638],[127.08817,37.28662],[127.08863,37.28687],[127.08883,37.28697],[127.08894,37.28714],[127.08877,37.28811],[127.08816,37.2894],[127.08797,37.28988],[127.08791,37.29018],[127.08789,37.29028],[127.08792,37.2907],[127.08831,37.29317],[127.09058,37.29714],[127.08988,37.29841],[127.08927,37.29764],[127.08832,37.29776],[127.08767,37.29787],[127.08559,37.29813],[127.08251,37.29698],[127.08146,37.29607],[127.0806,37.29537],[127.08031,37.2952],[127.08012,37.2951],[127.07895,37.29495],[127.0786,37.29494],[127.0783,37.29498],[127.07812,37.29438],[127.07787,37.29357],[127.07661,37.29379],[127.07255,37.2945],[127.07242,37.29452],[127.07196,37.2946],[127.07055,37.29484],[127.06752,37.29537],[127.06186,37.29636],[127.06059,37.29658],[127.06009,37.29946],[127.06056,37.3008],[127.06089,37.30139],[127.06104,37.30321],[127.06103,37.30339],[127.06101,37.3035],[127.06096,37.30375],[127.06089,37.30394],[127.06081,37.3041],[127.06075,37.30416],[127.06067,37.30422],[127.06061,37.30426],[127.06055,37.30429],[127.06051,37.3043],[127.06037,37.30432],[127.05994,37.30434],[127.05974,37.30435],[127.05942,37.30438],[127.05921,37.3044],[127.05901,37.30442],[127.0589,37.30445],[127.05867,37.30455],[127.0586,37.30458],[127.0583,37.30474],[127.05821,37.30481],[127.05819,37.30485],[127.05818,37.3049],[127.05818,37.30494],[127.05822,37.30503],[127.0583,37.30516],[127.05836,37.30527],[127.05887,37.3061],[127.06062,37.31094],[127.06054,37.31098],[127.06033,37.3111],[127.06022,37.31116],[127.06,37.31133],[127.05977,37.31153],[127.05811,37.31337],[127.05804,37.31349],[127.0577,37.3143],[127.05765,37.31441],[127.05762,37.31473],[127.05763,37.3149],[127.05769,37.31506],[127.05773,37.31518],[127.05775,37.3154],[127.05775,37.31544],[127.05774,37.31551],[127.0577,37.31555],[127.05765,37.31556],[127.05409,37.31608],[127.05395,37.31609],[127.05391,37.31609],[127.05383,37.31609],[127.05278,37.31605],[127.05207,37.31578],[127.04995,37.31575],[127.04954,37.31579],[127.04945,37.3158],[127.04903,37.31592],[127.04728,37.31664],[127.04593,37.31726],[127.04214,37.31916],[127.04067,37.32003],[127.04056,37.32013],[127.04021,37.32072],[127.04,37.32117],[127.03992,37.32134],[127.03889,37.32083],[127.03878,37.31933],[127.03807,37.31616],[127.03543,37.31429],[127.03506,37.31411],[127.03464,37.31393],[127.03423,37.31377],[127.0331,37.3118],[127.03231,37.30964]]]}},{"type":"Feature","properties":{"id":"41-41131","name":"성남시수정구","sido":"경기도","code":"41131","center":[37.43542,127.10423]},"geometry":{"type":"Polygon","coordinates":[[[127.04163,37.42387],[127.04169,37.42318],[127.04173,37.42307],[127.0419,37.42278],[127.04203,37.42263],[127.04195,37.41838],[127.04168,37.41563],[127.04675,37.4136],[127.0469,37.41349],[127.04696,37.41342],[127.047,37.41331],[127.04701,37.41326],[127.04704,37.41315],[127.04705,37.41306],[127.04704,37.41289],[127.04691,37.41129],[127.0469,37.41119],[127.04686,37.41094],[127.0468,37.41084],[127.04675,37.41076],[127.04666,37.41068],[127.04663,37.41066],[127.0466,37.41062],[127.04496,37.40954],[127.04411,37.40901],[127.04395,37.40894],[127.04386,37.40889],[127.04279,37.40824],[127.04272,37.40818],[127.04268,37.4081],[127.04237,37.40723],[127.04237,37.40711],[127.0424,37.40696],[127.04297,37.40512],[127.04305,37.40494],[127.0437,37.40421],[127.04494,37.40375],[127.0464,37.40376],[127.04797,37.40376],[127.04975,37.40365],[127.05587,37.40243],[127.05625,37.4023],[127.05654,37.40218],[127.05672,37.4021],[127.05877,37.40119],[127.05963,37.4007],[127.06021,37.40017],[127.06042,37.40002],[127.0607,37.39981],[127.06237,37.39893],[127.06305,37.39866],[127.06323,37.39863],[127.06347,37.39859],[127.06764,37.39795],[127.07451,37.39787],[127.07483,37.39799],[127.07496,37.39804],[127.07571,37.39841],[127.07643,37.39877],[127.07653,37.39883],[127.07693,37.39893],[127.07851,37.39911],[127.07867,37.39908],[127.07888,37.39903],[127.08001,37.39866],[127.08114,37.39813],[127.08401,37.39697],[127.08426,37.39707],[127.08464,37.39758],[127.08567,37.39877],[127.08606,37.39922],[127.08761,37.40037],[127.08899,37.40097],[127.08898,37.40107],[127.08882,37.40215],[127.08884,37.40233],[127.08889,37.4029],[127.08937,37.40326],[127.09001,37.40366],[127.09008,37.4037],[127.09291,37.40509],[127.09469,37.40573],[127.09474,37.40573],[127.09478,37.40575],[127.09482,37.40576],[127.0949,37.40578],[127.09525,37.4059],[127.09613,37.4062],[127.09796,37.40682],[127.09955,37.40723],[127.10027,37.40878],[127.10256,37.40971],[127.10423,37.40865],[127.10657,37.40765],[127.10869,37.40765],[127.10882,37.40765],[127.10985,37.40767],[127.11009,37.40767],[127.11121,37.40769],[127.11246,37.40783],[127.11306,37.40797],[127.11359,37.40809],[127.11362,37.4081],[127.11374,37.40814],[127.11434,37.40836],[127.11474,37.4085],[127.11533,37.4088],[127.11575,37.40901],[127.11665,37.40962],[127.1172,37.41006],[127.11772,37.41057],[127.11834,37.41123],[127.11796,37.41521],[127.11933,37.41741],[127.11959,37.418],[127.11998,37.41927],[127.11965,37.42077],[127.11938,37.42114],[127.11912,37.42139],[127.11779,37.4222],[127.11793,37.42651],[127.11839,37.43233],[127.12022,37.43247],[127.12344,37.43277],[127.12588,37.43304],[127.13078,37.43389],[127.13252,37.43422],[127.13467,37.43466],[127.13681,37.43509],[127.13794,37.43571],[127.13798,37.43574],[127.13822,37.43588],[127.14007,37.43698],[127.14079,37.43742],[127.14448,37.43954],[127.14451,37.43952],[127.14458,37.43955],[127.14783,37.44092],[127.15225,37.44259],[127.15688,37.44505],[127.15695,37.44513],[127.15731,37.44569],[127.15962,37.45079],[127.16085,37.45418],[127.16179,37.45522],[127.16217,37.45565],[127.16285,37.45646],[127.16356,37.45731],[127.16364,37.45741],[127.16383,37.45764],[127.16407,37.45794],[127.16415,37.45804],[127.1646,37.45863],[127.1647,37.45876],[127.16475,37.45883],[127.1649,37.45901],[127.1663,37.46067],[127.16683,37.46105],[127.16705,37.46122],[127.17023,37.46346],[127.17194,37.46453],[127.17339,37.46552],[127.17364,37.46574],[127.17369,37.46578],[127.174,37.46611],[127.17691,37.47133],[127.17693,37.47147],[127.17688,37.47157],[127.17676,37.47162],[127.17646,37.47167],[127.17596,37.4722],[127.1733,37.47143],[127.17221,37.47093],[127.17193,37.47076],[127.17161,37.47057],[127.17074,37.46995],[127.16708,37.46928],[127.16462,37.4691],[127.16405,37.4693],[127.16364,37.4695],[127.16327,37.46969],[127.1625,37.4702],[127.16238,37.47031],[127.16225,37.47042],[127.1628,37.47126],[127.15645,37.47145],[127.15587,37.47155],[127.15544,37.47151],[127.15436,37.47173],[127.15445,37.47369],[127.14345,37.4741],[127.13715,37.47434],[127.13259,37.47485],[127.13237,37.47123],[127.13229,37.47028],[127.13187,37.46973],[127.13268,37.46823],[127.13096,37.4677],[127.13056,37.46763],[127.12987,37.46791],[127.12873,37.46791],[127.12869,37.46793],[127.12863,37.46795],[127.1282,37.46814],[127.12659,37.46885],[127.12577,37.46921],[127.12507,37.4689],[127.12383,37.4663],[127.12229,37.46521],[127.12185,37.46503],[127.11746,37.46217],[127.11718,37.46182],[127.11708,37.46154],[127.11699,37.46126],[127.11695,37.46101],[127.11693,37.46079],[127.1169,37.4605],[127.11678,37.45914],[127.11675,37.45859],[127.1156,37.4586],[127.11364,37.45974],[127.11325,37.46004],[127.11288,37.46048],[127.11301,37.46058],[127.11322,37.46072],[127.1133,37.46078],[127.11337,37.46083],[127.1134,37.46107],[127.11202,37.46156],[127.11128,37.46171],[127.10826,37.46217],[127.10664,37.46248],[127.10631,37.46254],[127.10473,37.46215],[127.10448,37.46102],[127.10396,37.46011],[127.1035,37.45963],[127.10056,37.45905],[127.09821,37.45879],[127.09685,37.45961],[127.09632,37.46143],[127.09587,37.46106],[127.09541,37.46029],[127.09463,37.45878],[127.09495,37.45842],[127.09512,37.4583],[127.09428,37.45652],[127.09307,37.45482],[127.09214,37.45362],[127.09138,37.45331],[127.09096,37.45298],[127.09082,37.45283],[127.08969,37.4512],[127.08832,37.44864],[127.08819,37.44637],[127.08799,37.44506],[127.08565,37.44503],[127.08555,37.44499],[127.08543,37.44494],[127.08413,37.444],[127.08394,37.44382],[127.08323,37.44255],[127.08257,37.44146],[127.08231,37.4412],[127.08158,37.441],[127.08129,37.44098],[127.08122,37.44098],[127.081,37.44096],[127.07734,37.44181],[127.07708,37.44197],[127.07704,37.442],[127.07674,37.44218],[127.07633,37.44227],[127.07476,37.44242],[127.07242,37.44235],[127.07237,37.44233],[127.07215,37.44221],[127.07192,37.44209],[127.07179,37.44194],[127.07176,37.44192],[127.07168,37.44183],[127.07165,37.4418],[127.07166,37.4417],[127.07168,37.44156],[127.07197,37.44001],[127.07338,37.43934],[127.07263,37.43639],[127.07143,37.4352],[127.07092,37.43185],[127.07046,37.43006],[127.06935,37.43042],[127.06816,37.43058],[127.06675,37.43013],[127.06601,37.42959],[127.06578,37.42927],[127.0657,37.42915],[127.06569,37.42912],[127.06567,37.42901],[127.06553,37.42902],[127.06538,37.42904],[127.06467,37.42915],[127.06429,37.4292],[127.06316,37.42971],[127.06188,37.42983],[127.05797,37.43013],[127.05789,37.43014],[127.05459,37.42941],[127.05089,37.42965],[127.04987,37.43031],[127.04896,37.43055],[127.04747,37.43087],[127.04592,37.42909],[127.04588,37.42906],[127.0436,37.42796],[127.04334,37.42787],[127.04183,37.42691],[127.04164,37.42414],[127.04163,37.42399],[127.04163,37.42387]]]}},{"type":"Feature","properties":{"id":"41-41133","name":"성남시중원구","sido":"경기도","code":"41133","center":[37.43328,127.16389]},"geometry":{"type":"Polygon","coordinates":[[[127.11779,37.4222],[127.11912,37.42139],[127.11938,37.42114],[127.11965,37.42077],[127.11998,37.41927],[127.11959,37.418],[127.11933,37.41741],[127.11796,37.41521],[127.119,37.41573],[127.12051,37.41645],[127.12212,37.41695],[127.12278,37.41686],[127.12584,37.41681],[127.13038,37.41691],[127.13119,37.41711],[127.13285,37.41703],[127.13388,37.41696],[127.13522,37.41689],[127.13836,37.41599],[127.14132,37.41558],[127.14185,37.41558],[127.14265,37.41542],[127.1436,37.41504],[127.14687,37.4125],[127.14674,37.41228],[127.14657,37.41196],[127.14635,37.41156],[127.14655,37.41098],[127.15166,37.41049],[127.15479,37.41047],[127.15513,37.41047],[127.15516,37.41052],[127.15528,37.41077],[127.16015,37.4088],[127.16331,37.4073],[127.16467,37.40669],[127.16772,37.40598],[127.16949,37.40589],[127.17123,37.40582],[127.1727,37.40587],[127.17324,37.40583],[127.17426,37.40543],[127.17445,37.4055],[127.17476,37.40562],[127.17493,37.40578],[127.17501,37.40585],[127.17715,37.40902],[127.17767,37.41084],[127.17786,37.41265],[127.17778,37.41351],[127.17733,37.41393],[127.17696,37.41465],[127.179,37.41582],[127.18001,37.41589],[127.18026,37.4159],[127.18035,37.41585],[127.18097,37.41547],[127.18193,37.41513],[127.18254,37.41493],[127.1829,37.4149],[127.18489,37.41534],[127.18543,37.4163],[127.18536,37.41702],[127.18547,37.41815],[127.18573,37.41868],[127.18618,37.41912],[127.18623,37.41918],[127.18632,37.41921],[127.18856,37.42043],[127.19137,37.42206],[127.19251,37.42296],[127.19383,37.42408],[127.19464,37.42539],[127.19336,37.4261],[127.1944,37.42987],[127.19523,37.43103],[127.19439,37.43277],[127.19405,37.43302],[127.1938,37.43354],[127.19379,37.43392],[127.19366,37.43916],[127.19425,37.44085],[127.19485,37.44192],[127.19543,37.44294],[127.1959,37.44363],[127.19596,37.44388],[127.19572,37.44506],[127.19556,37.44532],[127.19524,37.44674],[127.19523,37.4468],[127.19473,37.44902],[127.19359,37.45258],[127.19237,37.45534],[127.19099,37.45735],[127.18961,37.45816],[127.18445,37.45876],[127.18338,37.45909],[127.18285,37.45927],[127.18221,37.45969],[127.18216,37.45973],[127.18188,37.46011],[127.1816,37.46047],[127.18155,37.46065],[127.18153,37.46072],[127.18154,37.46083],[127.18157,37.46123],[127.18182,37.46289],[127.18197,37.46416],[127.18199,37.46484],[127.182,37.4652],[127.18203,37.46709],[127.18203,37.46789],[127.18175,37.46952],[127.18144,37.47096],[127.18097,37.47179],[127.18095,37.47245],[127.18101,37.47296],[127.18105,37.47329],[127.18083,37.47337],[127.18053,37.47356],[127.18022,37.47375],[127.18013,37.47375],[127.18004,37.47376],[127.17781,37.47342],[127.17773,37.47341],[127.1768,37.47288],[127.1763,37.47256],[127.17596,37.4722],[127.17646,37.47167],[127.17676,37.47162],[127.17688,37.47157],[127.17693,37.47147],[127.17691,37.47133],[127.174,37.46611],[127.17369,37.46578],[127.17364,37.46574],[127.17339,37.46552],[127.17194,37.46453],[127.17023,37.46346],[127.16705,37.46122],[127.16683,37.46105],[127.1663,37.46067],[127.1649,37.45901],[127.16475,37.45883],[127.1647,37.45876],[127.1646,37.45863],[127.16415,37.45804],[127.16407,37.45794],[127.16383,37.45764],[127.16364,37.45741],[127.16356,37.45731],[127.16285,37.45646],[127.16217,37.45565],[127.16179,37.45522],[127.16085,37.45418],[127.15962,37.45079],[127.15731,37.44569],[127.15695,37.44513],[127.15688,37.44505],[127.15225,37.44259],[127.14783,37.44092],[127.14458,37.43955],[127.14451,37.43952],[127.14448,37.43954],[127.14079,37.43742],[127.14007,37.43698],[127.13822,37.43588],[127.13798,37.43574],[127.13794,37.43571],[127.13681,37.43509],[127.13467,37.43466],[127.13252,37.43422],[127.13078,37.43389],[127.12588,37.43304],[127.12344,37.43277],[127.12022,37.43247],[127.11839,37.43233],[127.11793,37.42651],[127.11779,37.4222]]]}},{"type":"Feature","properties":{"id":"41-41135","name":"성남시분당구","sido":"경기도","code":"41135","center":[37.37932,127.10598]},"geometry":{"type":"Polygon","coordinates":[[[127.02708,37.37557],[127.02709,37.37552],[127.02709,37.37548],[127.0271,37.37538],[127.02717,37.37503],[127.02772,37.37266],[127.02794,37.37214],[127.02934,37.37196],[127.02953,37.37203],[127.02956,37.37204],[127.0296,37.37206],[127.03016,37.37204],[127.0306,37.37197],[127.03568,37.37058],[127.04274,37.36904],[127.04485,37.36879],[127.04523,37.36873],[127.04534,37.3687],[127.04581,37.36852],[127.04585,37.36851],[127.04594,37.36847],[127.04609,37.36841],[127.04625,37.36831],[127.04634,37.36823],[127.04637,37.36817],[127.04659,37.36767],[127.04679,37.36715],[127.04681,37.3671],[127.04683,37.36706],[127.04687,37.36698],[127.04689,37.36695],[127.04699,37.3668],[127.04714,37.36666],[127.0474,37.36649],[127.04965,37.36523],[127.05098,37.36472],[127.05162,37.36443],[127.05186,37.3643],[127.05207,37.36419],[127.05251,37.36391],[127.0527,37.36377],[127.05288,37.3636],[127.05301,37.36344],[127.05305,37.36336],[127.05311,37.36326],[127.05315,37.36303],[127.05317,37.3628],[127.05313,37.36264],[127.05309,37.36251],[127.05292,37.36224],[127.05283,37.36211],[127.05282,37.36202],[127.05282,37.36196],[127.05284,37.36167],[127.0529,37.36128],[127.05295,37.36113],[127.053,37.36103],[127.05307,37.36094],[127.05403,37.36021],[127.05414,37.36015],[127.05424,37.36013],[127.05526,37.35997],[127.05541,37.35998],[127.05547,37.35998],[127.05574,37.36004],[127.05595,37.36011],[127.05616,37.36017],[127.05653,37.36034],[127.05666,37.36039],[127.05679,37.36044],[127.05766,37.36074],[127.05771,37.36075],[127.05799,37.36079],[127.0583,37.36081],[127.05875,37.36082],[127.05911,37.36083],[127.06055,37.36079],[127.06064,37.36078],[127.06075,37.36077],[127.06116,37.36072],[127.06307,37.36039],[127.06421,37.36007],[127.06661,37.35938],[127.06745,37.35913],[127.06867,37.3587],[127.06918,37.3585],[127.06937,37.35842],[127.07004,37.35812],[127.07013,37.35808],[127.07023,37.35803],[127.07052,37.35789],[127.07088,37.35768],[127.07117,37.35746],[127.07181,37.35697],[127.0725,37.3564],[127.07312,37.3558],[127.0732,37.3557],[127.07348,37.3554],[127.07351,37.35534],[127.07365,37.35513],[127.07404,37.35448],[127.07435,37.35383],[127.07447,37.35345],[127.07454,37.35317],[127.07459,37.35282],[127.07463,37.35272],[127.07483,37.35219],[127.07506,37.3517],[127.07521,37.35143],[127.07552,37.35105],[127.07618,37.35026],[127.07651,37.34992],[127.07713,37.3494],[127.07748,37.34916],[127.07762,37.34908],[127.07774,37.34905],[127.078,37.34907],[127.0781,37.3491],[127.07866,37.34934],[127.07987,37.34985],[127.08004,37.34993],[127.08084,37.35039],[127.08123,37.35073],[127.0813,37.35081],[127.0815,37.35096],[127.08175,37.35114],[127.08244,37.3516],[127.08267,37.35174],[127.08273,37.35176],[127.08283,37.3518],[127.08356,37.35203],[127.08368,37.35206],[127.08373,37.35206],[127.08378,37.35206],[127.08443,37.35206],[127.08459,37.35203],[127.08464,37.35202],[127.08549,37.35179],[127.08572,37.35172],[127.0862,37.35153],[127.08633,37.35147],[127.0864,37.35142],[127.08699,37.35096],[127.08701,37.35093],[127.0871,37.35069],[127.08714,37.35044],[127.08715,37.35005],[127.08719,37.34991],[127.08722,37.3498],[127.08728,37.34967],[127.08731,37.34961],[127.0875,37.34939],[127.08776,37.34915],[127.0878,37.34911],[127.08795,37.34899],[127.08817,37.34882],[127.08837,37.34869],[127.08887,37.3484],[127.09048,37.34778],[127.09246,37.34713],[127.09679,37.3434],[127.0969,37.3433],[127.09699,37.34322],[127.09705,37.3432],[127.09789,37.34301],[127.09814,37.34299],[127.10116,37.34311],[127.10225,37.34241],[127.1027,37.33996],[127.10307,37.33957],[127.10397,37.33861],[127.1048,37.33809],[127.105,37.33799],[127.10515,37.33793],[127.10518,37.33791],[127.10544,37.33783],[127.10562,37.33778],[127.1064,37.3374],[127.10694,37.33715],[127.10896,37.33601],[127.11031,37.33464],[127.11275,37.33569],[127.11286,37.33569],[127.11291,37.3357],[127.11297,37.3357],[127.11308,37.3357],[127.1133,37.33567],[127.1134,37.33566],[127.11398,37.33551],[127.11467,37.33528],[127.11498,37.33505],[127.11509,37.3349],[127.11515,37.33477],[127.11524,37.33465],[127.11565,37.33428],[127.11673,37.33351],[127.11677,37.33348],[127.1168,37.33346],[127.11688,37.33341],[127.11699,37.33341],[127.11702,37.3334],[127.11707,37.3334],[127.11721,37.33343],[127.1197,37.33408],[127.12041,37.33429],[127.12072,37.33441],[127.12128,37.33477],[127.12134,37.33482],[127.12136,37.33486],[127.1214,37.33495],[127.1214,37.33498],[127.12329,37.33701],[127.12652,37.33739],[127.1296,37.33748],[127.13047,37.33762],[127.13053,37.33764],[127.13339,37.33861],[127.13634,37.33964],[127.13683,37.33966],[127.13727,37.33973],[127.13754,37.33988],[127.13775,37.34009],[127.13787,37.34036],[127.13806,37.34223],[127.13807,37.34372],[127.13802,37.34408],[127.13786,37.34439],[127.13533,37.34629],[127.13414,37.34721],[127.13303,37.3484],[127.13285,37.3486],[127.13254,37.34897],[127.13251,37.34902],[127.13248,37.3491],[127.13249,37.34912],[127.13251,37.34919],[127.13258,37.34926],[127.13264,37.34931],[127.13286,37.35054],[127.13174,37.3512],[127.13394,37.35848],[127.13948,37.35996],[127.14192,37.35941],[127.14443,37.35939],[127.14511,37.35959],[127.14981,37.36119],[127.14984,37.36121],[127.15019,37.36135],[127.15285,37.36354],[127.15379,37.36536],[127.15619,37.36861],[127.15672,37.369],[127.15726,37.36941],[127.15758,37.36966],[127.15807,37.37008],[127.16032,37.37256],[127.16035,37.37259],[127.16052,37.37279],[127.16087,37.37386],[127.16088,37.3741],[127.16077,37.37416],[127.16095,37.37487],[127.16113,37.37576],[127.16117,37.37719],[127.16115,37.37724],[127.16098,37.37795],[127.16113,37.37855],[127.16169,37.37971],[127.16232,37.37986],[127.16293,37.38],[127.1634,37.37998],[127.1637,37.37993],[127.16387,37.3799],[127.16394,37.37988],[127.16417,37.37985],[127.16429,37.37984],[127.1644,37.37982],[127.16478,37.37985],[127.16484,37.37985],[127.16759,37.38029],[127.16794,37.38035],[127.16815,37.38043],[127.16837,37.38051],[127.16873,37.38064],[127.17345,37.38267],[127.17608,37.38452],[127.17651,37.38487],[127.17665,37.38508],[127.17719,37.38655],[127.17716,37.38676],[127.17715,37.38679],[127.17681,37.38725],[127.17441,37.38857],[127.16839,37.39249],[127.16829,37.39268],[127.16836,37.39491],[127.16866,37.39545],[127.16907,37.39574],[127.16938,37.39609],[127.17083,37.39791],[127.17144,37.3998],[127.17162,37.40101],[127.17176,37.40128],[127.17189,37.40154],[127.17426,37.40543],[127.17324,37.40583],[127.1727,37.40587],[127.17123,37.40582],[127.16949,37.40589],[127.16772,37.40598],[127.16467,37.40669],[127.16331,37.4073],[127.16015,37.4088],[127.15528,37.41077],[127.15516,37.41052],[127.15513,37.41047],[127.15479,37.41047],[127.15166,37.41049],[127.14655,37.41098],[127.14635,37.41156],[127.14657,37.41196],[127.14674,37.41228],[127.14687,37.4125],[127.1436,37.41504],[127.14265,37.41542],[127.14185,37.41558],[127.14132,37.41558],[127.13836,37.41599],[127.13522,37.41689],[127.13388,37.41696],[127.13285,37.41703],[127.13119,37.41711],[127.13038,37.41691],[127.12584,37.41681],[127.12278,37.41686],[127.12212,37.41695],[127.12051,37.41645],[127.119,37.41573],[127.11796,37.41521],[127.11834,37.41123],[127.11772,37.41057],[127.1172,37.41006],[127.11665,37.40962],[127.11575,37.40901],[127.11533,37.4088],[127.11474,37.4085],[127.11434,37.40836],[127.11374,37.40814],[127.11362,37.4081],[127.11359,37.40809],[127.11306,37.40797],[127.11246,37.40783],[127.11121,37.40769],[127.11009,37.40767],[127.10985,37.40767],[127.10882,37.40765],[127.10869,37.40765],[127.10657,37.40765],[127.10423,37.40865],[127.10256,37.40971],[127.10027,37.40878],[127.09955,37.40723],[127.09796,37.40682],[127.09613,37.4062],[127.09525,37.4059],[127.0949,37.40578],[127.09482,37.40576],[127.09478,37.40575],[127.09474,37.40573],[127.09469,37.40573],[127.09291,37.40509],[127.09008,37.4037],[127.09001,37.40366],[127.08937,37.40326],[127.08889,37.4029],[127.08884,37.40233],[127.08882,37.40215],[127.08898,37.40107],[127.08899,37.40097],[127.08761,37.40037],[127.08606,37.39922],[127.08567,37.39877],[127.08464,37.39758],[127.08426,37.39707],[127.08401,37.39697],[127.08114,37.39813],[127.08001,37.39866],[127.07888,37.39903],[127.07867,37.39908],[127.07851,37.39911],[127.07693,37.39893],[127.07653,37.39883],[127.07643,37.39877],[127.07571,37.39841],[127.07496,37.39804],[127.07483,37.39799],[127.07451,37.39787],[127.06764,37.39795],[127.06347,37.39859],[127.06323,37.39863],[127.06305,37.39866],[127.06237,37.39893],[127.0607,37.39981],[127.06042,37.40002],[127.06021,37.40017],[127.05963,37.4007],[127.05877,37.40119],[127.05672,37.4021],[127.05654,37.40218],[127.05625,37.4023],[127.05587,37.40243],[127.04975,37.40365],[127.04797,37.40376],[127.0464,37.40376],[127.04494,37.40375],[127.0437,37.40421],[127.04371,37.40409],[127.04367,37.40393],[127.04353,37.40363],[127.04347,37.40358],[127.04083,37.4023],[127.04075,37.40227],[127.04057,37.40223],[127.04047,37.40221],[127.04043,37.40221],[127.04031,37.40219],[127.04004,37.40214],[127.03982,37.40215],[127.0396,37.40216],[127.03955,37.40217],[127.03952,37.40217],[127.03945,37.40217],[127.03928,37.40217],[127.03923,37.40216],[127.03918,37.40216],[127.03904,37.40213],[127.03854,37.40199],[127.03846,37.40197],[127.03839,37.40193],[127.03834,37.40191],[127.03783,37.40155],[127.03775,37.40149],[127.03764,37.40139],[127.03746,37.40115],[127.03741,37.40107],[127.03738,37.40099],[127.03739,37.40093],[127.0374,37.40084],[127.03771,37.39974],[127.03803,37.39892],[127.03809,37.39886],[127.0382,37.39866],[127.03824,37.39852],[127.03828,37.39817],[127.03872,37.39133],[127.03872,37.39121],[127.03872,37.39115],[127.03871,37.39107],[127.03854,37.39069],[127.03847,37.39056],[127.03839,37.39046],[127.03714,37.38947],[127.03711,37.38944],[127.03704,37.38938],[127.03695,37.38935],[127.03536,37.38879],[127.0327,37.38409],[127.03146,37.38124],[127.02969,37.37934],[127.02962,37.37935],[127.02942,37.37936],[127.02937,37.37936],[127.02913,37.37934],[127.02906,37.37933],[127.02899,37.37931],[127.02894,37.37929],[127.02889,37.37925],[127.02805,37.37787],[127.02741,37.37678],[127.0274,37.37673],[127.02708,37.37557]]]}},{"type":"Feature","properties":{"id":"41-41150","name":"의정부시","sido":"경기도","code":"41150","center":[37.73632,127.06807]},"geometry":{"type":"Polygon","coordinates":[[[127.00128,37.759],[127.0014,37.75808],[127.00218,37.75577],[127.00249,37.75501],[127.00271,37.75469],[127.00291,37.75442],[127.00329,37.75322],[127.00331,37.75316],[127.00334,37.75307],[127.00249,37.75192],[127.0021,37.7514],[127.00277,37.75093],[127.00287,37.75075],[127.00293,37.75054],[127.00298,37.74984],[127.00291,37.7496],[127.00271,37.74775],[127.00248,37.74564],[127.00241,37.74483],[127.00243,37.74458],[127.00249,37.74441],[127.00275,37.74408],[127.0029,37.7439],[127.00457,37.74318],[127.00316,37.74252],[127.003,37.74226],[127.0022,37.7407],[127.0022,37.74057],[127.00311,37.73865],[127.00569,37.73528],[127.00766,37.73276],[127.00924,37.73086],[127.00938,37.73069],[127.0098,37.73012],[127.00987,37.72996],[127.00987,37.72958],[127.00979,37.72929],[127.00968,37.72906],[127.00955,37.72893],[127.00939,37.7288],[127.00928,37.72871],[127.00909,37.72857],[127.00906,37.72854],[127.00873,37.72807],[127.01049,37.72651],[127.01056,37.72646],[127.01089,37.72625],[127.01115,37.72623],[127.01118,37.72623],[127.01167,37.72618],[127.01222,37.72613],[127.01253,37.72591],[127.01263,37.72576],[127.01267,37.72561],[127.01269,37.72398],[127.01263,37.72372],[127.01251,37.72348],[127.01234,37.72328],[127.0119,37.72294],[127.01179,37.72284],[127.01167,37.72267],[127.01152,37.72246],[127.0115,37.72235],[127.01154,37.72224],[127.0136,37.71933],[127.01414,37.71921],[127.01357,37.71736],[127.01303,37.71684],[127.01276,37.71651],[127.01276,37.71646],[127.01277,37.71641],[127.01311,37.71512],[127.01338,37.71416],[127.01352,37.71394],[127.01698,37.7104],[127.01811,37.70949],[127.01944,37.70825],[127.01951,37.70814],[127.01953,37.70804],[127.01939,37.70726],[127.01708,37.7048],[127.0156,37.70345],[127.01556,37.70341],[127.01553,37.70337],[127.01547,37.70328],[127.01541,37.70301],[127.01546,37.70272],[127.01585,37.70103],[127.01957,37.70108],[127.01968,37.70095],[127.01979,37.70083],[127.01989,37.70075],[127.02028,37.70051],[127.02209,37.6996],[127.02215,37.69959],[127.0247,37.69945],[127.02478,37.69944],[127.02482,37.69944],[127.0249,37.69944],[127.02497,37.69945],[127.02507,37.69948],[127.0253,37.69955],[127.0254,37.69957],[127.02551,37.69961],[127.02565,37.69966],[127.02678,37.70022],[127.02684,37.70026],[127.02689,37.7003],[127.02695,37.7004],[127.027,37.7005],[127.02701,37.70052],[127.02704,37.7006],[127.02707,37.70065],[127.02711,37.7007],[127.02715,37.70072],[127.02722,37.70071],[127.02796,37.70062],[127.02799,37.70061],[127.02803,37.70059],[127.02807,37.70056],[127.02821,37.70039],[127.02889,37.69954],[127.029,37.69938],[127.02922,37.699],[127.02928,37.69886],[127.0293,37.69882],[127.02939,37.69859],[127.02967,37.6977],[127.0297,37.69757],[127.0297,37.69747],[127.02973,37.69708],[127.02973,37.69697],[127.02973,37.69676],[127.0297,37.69654],[127.0297,37.69635],[127.02973,37.69619],[127.02986,37.69579],[127.02993,37.69561],[127.03007,37.69523],[127.03114,37.69294],[127.03117,37.6929],[127.03247,37.69171],[127.0325,37.69171],[127.03257,37.6917],[127.03282,37.69172],[127.03407,37.69188],[127.03411,37.69189],[127.03416,37.69189],[127.03584,37.69222],[127.03589,37.69224],[127.03838,37.69324],[127.03843,37.69327],[127.03855,37.69336],[127.03885,37.69363],[127.03905,37.69388],[127.03969,37.69409],[127.03975,37.69414],[127.03981,37.69421],[127.04001,37.69443],[127.04023,37.69466],[127.04026,37.69469],[127.04038,37.69478],[127.04043,37.69482],[127.0405,37.69484],[127.04055,37.69486],[127.04062,37.69487],[127.04072,37.6949],[127.0408,37.69492],[127.04102,37.69503],[127.04143,37.6953],[127.04153,37.69534],[127.04158,37.69536],[127.04172,37.69535],[127.04301,37.69521],[127.04312,37.69515],[127.04319,37.69503],[127.0432,37.69491],[127.04321,37.69467],[127.04509,37.69244],[127.0482,37.69391],[127.04912,37.69352],[127.04937,37.69291],[127.05007,37.69045],[127.0501,37.69035],[127.05013,37.69011],[127.05012,37.68985],[127.05008,37.68961],[127.05003,37.68929],[127.05002,37.6892],[127.05,37.68877],[127.05003,37.68851],[127.05005,37.68822],[127.05006,37.68818],[127.05014,37.68788],[127.05026,37.6877],[127.05035,37.68754],[127.05039,37.68749],[127.05045,37.68739],[127.05078,37.68702],[127.05294,37.68813],[127.05463,37.68929],[127.05482,37.68935],[127.05683,37.68957],[127.05755,37.6894],[127.05816,37.68915],[127.05885,37.68894],[127.06038,37.68869],[127.0618,37.68898],[127.06451,37.68964],[127.06511,37.68985],[127.06535,37.69005],[127.06547,37.69023],[127.06564,37.69047],[127.06566,37.6906],[127.06826,37.69347],[127.06837,37.69358],[127.06881,37.69406],[127.06939,37.69437],[127.06994,37.69426],[127.07043,37.69408],[127.07104,37.69413],[127.072,37.69426],[127.07263,37.69435],[127.07283,37.69443],[127.07292,37.69446],[127.07446,37.69548],[127.07594,37.69596],[127.07734,37.69638],[127.08176,37.69638],[127.08123,37.69745],[127.08129,37.6997],[127.08131,37.69988],[127.08133,37.70005],[127.08135,37.7001],[127.08138,37.7002],[127.08139,37.70023],[127.08141,37.70027],[127.08145,37.70035],[127.08209,37.70118],[127.08214,37.70124],[127.08227,37.70136],[127.08276,37.7018],[127.08287,37.70189],[127.08303,37.702],[127.08311,37.70201],[127.0832,37.70202],[127.08365,37.70208],[127.08388,37.70213],[127.08411,37.70219],[127.08627,37.7029],[127.08821,37.70371],[127.08844,37.70375],[127.08958,37.70345],[127.0901,37.70329],[127.09044,37.70291],[127.09055,37.70267],[127.09063,37.70256],[127.09085,37.7023],[127.09093,37.70228],[127.09101,37.70225],[127.09106,37.70225],[127.09111,37.70225],[127.09124,37.70225],[127.09442,37.70371],[127.09636,37.70506],[127.09664,37.70569],[127.09794,37.70676],[127.10129,37.70826],[127.10237,37.70761],[127.10365,37.70721],[127.10431,37.70723],[127.10442,37.70723],[127.10707,37.70766],[127.10738,37.70775],[127.10901,37.70864],[127.10912,37.70884],[127.10931,37.70937],[127.10935,37.70961],[127.10934,37.70983],[127.10934,37.71005],[127.10923,37.71079],[127.1093,37.71281],[127.11057,37.71558],[127.11091,37.7161],[127.11167,37.71723],[127.11222,37.71772],[127.11235,37.71774],[127.11261,37.71778],[127.1129,37.71779],[127.11361,37.71768],[127.11656,37.71795],[127.11675,37.7183],[127.1182,37.7208],[127.11892,37.72106],[127.12096,37.72173],[127.12301,37.72214],[127.12343,37.7225],[127.12366,37.72287],[127.12412,37.72597],[127.12476,37.72639],[127.12577,37.72747],[127.12565,37.73354],[127.12529,37.73391],[127.12472,37.73421],[127.12385,37.73459],[127.12367,37.73498],[127.1236,37.7376],[127.12369,37.73837],[127.12371,37.73861],[127.12513,37.74181],[127.12629,37.7438],[127.12713,37.74429],[127.12759,37.7445],[127.12798,37.74467],[127.1286,37.74545],[127.12866,37.7456],[127.12869,37.74566],[127.12869,37.74587],[127.12823,37.74715],[127.12824,37.7472],[127.12825,37.74725],[127.12848,37.74783],[127.13413,37.74919],[127.13431,37.74923],[127.13468,37.74928],[127.13481,37.74928],[127.13528,37.74929],[127.13622,37.74931],[127.13672,37.74857],[127.13681,37.74837],[127.13704,37.74811],[127.13751,37.74777],[127.13793,37.74751],[127.138,37.74747],[127.13826,37.74731],[127.13996,37.74746],[127.14147,37.74764],[127.14248,37.74777],[127.14204,37.74992],[127.14588,37.75403],[127.14671,37.75484],[127.14482,37.75689],[127.14318,37.75884],[127.14137,37.76137],[127.1406,37.76246],[127.14063,37.7628],[127.14056,37.76295],[127.14022,37.76343],[127.13966,37.76407],[127.13343,37.76229],[127.12724,37.76361],[127.12701,37.76365],[127.12683,37.76365],[127.12667,37.76363],[127.12609,37.76351],[127.12543,37.7633],[127.12651,37.76562],[127.12699,37.76554],[127.12735,37.76543],[127.12889,37.76657],[127.1291,37.76689],[127.12908,37.76706],[127.12882,37.76932],[127.12867,37.77063],[127.12807,37.77184],[127.12139,37.77375],[127.12012,37.77399],[127.11892,37.7736],[127.11564,37.77376],[127.11577,37.77468],[127.11541,37.77643],[127.11175,37.77891],[127.11149,37.77903],[127.11069,37.7794],[127.10434,37.77967],[127.1038,37.779],[127.10346,37.77868],[127.09946,37.7781],[127.09471,37.77718],[127.09273,37.77661],[127.08985,37.77526],[127.08524,37.77376],[127.08468,37.77361],[127.083,37.77268],[127.08154,37.77067],[127.07914,37.76953],[127.07887,37.76956],[127.07833,37.76961],[127.07819,37.76962],[127.07805,37.76964],[127.07405,37.7685],[127.07229,37.76737],[127.07186,37.7671],[127.07045,37.76583],[127.06628,37.76399],[127.0654,37.76366],[127.06429,37.76359],[127.06217,37.76301],[127.06068,37.76232],[127.06038,37.76218],[127.06025,37.76212],[127.05872,37.76195],[127.05647,37.76171],[127.05589,37.76197],[127.05537,37.7622],[127.05459,37.76237],[127.05422,37.76232],[127.05276,37.76137],[127.0518,37.76115],[127.05086,37.76094],[127.04648,37.7632],[127.0438,37.76496],[127.04272,37.76578],[127.04174,37.76643],[127.04117,37.76674],[127.03508,37.76772],[127.03228,37.76762],[127.02907,37.76732],[127.02842,37.76697],[127.02547,37.76695],[127.02264,37.76728],[127.02017,37.7682],[127.01871,37.76859],[127.01728,37.76856],[127.0106,37.76617],[127.0086,37.76519],[127.0051,37.76343],[127.0047,37.76318],[127.00227,37.76276],[127.00206,37.76242],[127.00137,37.76024],[127.00128,37.759]]]}},{"type":"Feature","properties":{"id":"41-41171","name":"안양시만안구","sido":"경기도","code":"41171","center":[37.40386,126.91124]},"geometry":{"type":"Polygon","coordinates":[[[126.8703,37.40811],[126.87032,37.40784],[126.87033,37.40763],[126.87039,37.40743],[126.87046,37.40722],[126.87061,37.40691],[126.87078,37.40674],[126.87089,37.40669],[126.87094,37.40669],[126.87122,37.40666],[126.87155,37.40665],[126.87181,37.40665],[126.87239,37.40666],[126.87281,37.4067],[126.87291,37.40672],[126.87339,37.40679],[126.87357,37.4068],[126.87384,37.40682],[126.87422,37.40685],[126.87428,37.40685],[126.87463,37.40687],[126.87492,37.40686],[126.87524,37.40683],[126.87541,37.40679],[126.87557,37.40671],[126.87572,37.40661],[126.87576,37.40658],[126.87731,37.4049],[126.87741,37.40475],[126.87743,37.40451],[126.87728,37.40336],[126.877,37.40205],[126.87707,37.4014],[126.87727,37.40014],[126.87751,37.39994],[126.87771,37.39978],[126.87774,37.39907],[126.87758,37.39713],[126.87609,37.39466],[126.87793,37.38729],[126.87908,37.38461],[126.88014,37.38219],[126.88073,37.38022],[126.88191,37.37622],[126.88649,37.37658],[126.8911,37.37527],[126.89128,37.37479],[126.89387,37.36635],[126.89556,37.36045],[126.89561,37.36014],[126.89569,37.35998],[126.89605,37.35938],[126.89724,37.35807],[126.90097,37.35687],[126.90119,37.35683],[126.90408,37.35699],[126.90434,37.35709],[126.90504,37.35787],[126.90526,37.35818],[126.90554,37.35875],[126.90697,37.3597],[126.90725,37.3599],[126.90743,37.3601],[126.90759,37.36033],[126.90775,37.36081],[126.90792,37.36138],[126.90799,37.36164],[126.90831,37.36339],[126.91019,37.36572],[126.91031,37.36581],[126.9105,37.36602],[126.91154,37.36767],[126.91164,37.36784],[126.91176,37.36807],[126.91181,37.36827],[126.91181,37.36836],[126.9118,37.36852],[126.91178,37.3687],[126.91172,37.36893],[126.9117,37.36901],[126.91171,37.36909],[126.91253,37.37067],[126.91265,37.37088],[126.9128,37.37115],[126.91335,37.37213],[126.91377,37.37285],[126.91483,37.37541],[126.91549,37.3755],[126.9156,37.37553],[126.91585,37.3756],[126.9165,37.37581],[126.91668,37.37588],[126.9169,37.37609],[126.91753,37.37678],[126.91918,37.37693],[126.9199,37.37656],[126.92142,37.37652],[126.92392,37.37726],[126.92414,37.37731],[126.92695,37.37764],[126.93098,37.37753],[126.93277,37.37747],[126.93489,37.377],[126.93737,37.37656],[126.93917,37.37601],[126.94008,37.37585],[126.94032,37.37605],[126.94051,37.37621],[126.94056,37.37624],[126.94119,37.37676],[126.94082,37.37913],[126.94066,37.37921],[126.93951,37.37997],[126.93945,37.38004],[126.93941,37.38009],[126.93916,37.3804],[126.9391,37.38051],[126.93908,37.38055],[126.93904,37.38068],[126.93902,37.38084],[126.93901,37.38097],[126.93901,37.38111],[126.93902,37.38128],[126.93908,37.38146],[126.93944,37.38232],[126.94015,37.38375],[126.94066,37.38474],[126.9413,37.38613],[126.94178,37.38987],[126.94177,37.39004],[126.94176,37.39017],[126.94174,37.39031],[126.94165,37.39067],[126.94142,37.39154],[126.94134,37.39182],[126.94082,37.39217],[126.94055,37.39261],[126.94033,37.39287],[126.94016,37.39306],[126.93972,37.3935],[126.9387,37.39407],[126.93805,37.39443],[126.93767,37.39465],[126.93149,37.39742],[126.93146,37.39744],[126.93032,37.39868],[126.92955,37.39943],[126.9285,37.40029],[126.9279,37.40079],[126.92786,37.40082],[126.92784,37.40083],[126.92824,37.40494],[126.92752,37.40734],[126.92779,37.40885],[126.92802,37.40944],[126.92831,37.41033],[126.92732,37.41077],[126.92564,37.41148],[126.92605,37.41309],[126.9269,37.41542],[126.92983,37.41506],[126.93216,37.4149],[126.93795,37.41455],[126.93797,37.41483],[126.93806,37.41507],[126.93808,37.41511],[126.93865,37.41603],[126.93937,37.4169],[126.94168,37.41916],[126.94535,37.42088],[126.947,37.42165],[126.94734,37.42181],[126.94743,37.42185],[126.94798,37.42232],[126.94817,37.42361],[126.94755,37.42465],[126.94732,37.42504],[126.94727,37.42568],[126.94767,37.42816],[126.94803,37.42844],[126.94824,37.42864],[126.94846,37.42886],[126.9485,37.43108],[126.9485,37.43273],[126.94787,37.43756],[126.9479,37.43895],[126.94684,37.43855],[126.94134,37.43648],[126.9409,37.43625],[126.94063,37.43614],[126.93953,37.43596],[126.93949,37.43596],[126.93943,37.43596],[126.93936,37.43605],[126.93828,37.43753],[126.9379,37.43856],[126.93787,37.43891],[126.93789,37.43952],[126.93792,37.43959],[126.93794,37.43963],[126.93799,37.43969],[126.93802,37.43974],[126.93808,37.43978],[126.93818,37.43984],[126.93833,37.43997],[126.93843,37.44018],[126.93847,37.44031],[126.93837,37.44051],[126.93738,37.44177],[126.93724,37.44194],[126.9356,37.44323],[126.93364,37.4443],[126.93192,37.44523],[126.93188,37.44524],[126.93166,37.44532],[126.93155,37.44537],[126.93118,37.44558],[126.93103,37.44571],[126.93101,37.44579],[126.93088,37.44695],[126.93089,37.44759],[126.93091,37.44769],[126.93103,37.44782],[126.92875,37.45019],[126.92834,37.44969],[126.92535,37.44752],[126.92373,37.44665],[126.92212,37.44517],[126.92109,37.44413],[126.92096,37.44362],[126.91993,37.44134],[126.9199,37.44129],[126.91951,37.44085],[126.91943,37.44078],[126.91811,37.43992],[126.91805,37.43989],[126.91795,37.4399],[126.91522,37.44006],[126.91487,37.44009],[126.9148,37.4401],[126.91433,37.44004],[126.91412,37.43989],[126.91403,37.43982],[126.91236,37.43859],[126.91135,37.43754],[126.91132,37.43749],[126.91125,37.43738],[126.91082,37.4366],[126.91047,37.43565],[126.91038,37.43541],[126.90934,37.43416],[126.90911,37.43399],[126.90893,37.43391],[126.90873,37.43382],[126.90829,37.43371],[126.9082,37.43368],[126.90739,37.4336],[126.90724,37.43359],[126.90447,37.43406],[126.90279,37.43551],[126.90192,37.43637],[126.90049,37.43736],[126.89965,37.43745],[126.8995,37.43671],[126.89942,37.43505],[126.89917,37.43392],[126.89909,37.4337],[126.89862,37.43243],[126.89781,37.43102],[126.89759,37.43097],[126.89748,37.43095],[126.89583,37.43063],[126.89488,37.42998],[126.89457,37.4297],[126.89447,37.42959],[126.89432,37.42942],[126.89407,37.42903],[126.89461,37.42846],[126.895,37.4285],[126.89534,37.42855],[126.89565,37.42843],[126.89574,37.42839],[126.8961,37.42826],[126.89627,37.42815],[126.89657,37.42776],[126.89665,37.42759],[126.89677,37.42733],[126.89683,37.42714],[126.89648,37.42562],[126.89396,37.42168],[126.89189,37.42053],[126.89035,37.4204],[126.88986,37.41992],[126.88895,37.41887],[126.88887,37.4186],[126.88891,37.41848],[126.88893,37.41843],[126.88895,37.41837],[126.88902,37.41818],[126.88938,37.41785],[126.88961,37.41776],[126.88891,37.41256],[126.87994,37.41019],[126.87618,37.41096],[126.87609,37.41104],[126.87541,37.41152],[126.87524,37.41163],[126.87512,37.41168],[126.87186,37.41246],[126.87124,37.41255],[126.87107,37.41214],[126.87071,37.41046],[126.8703,37.40811]]]}},{"type":"Feature","properties":{"id":"41-41173","name":"안양시동안구","sido":"경기도","code":"41173","center":[37.40052,126.95524]},"geometry":{"type":"Polygon","coordinates":[[[126.92564,37.41148],[126.92732,37.41077],[126.92831,37.41033],[126.92802,37.40944],[126.92779,37.40885],[126.92752,37.40734],[126.92824,37.40494],[126.92784,37.40083],[126.92786,37.40082],[126.9279,37.40079],[126.9285,37.40029],[126.92955,37.39943],[126.93032,37.39868],[126.93146,37.39744],[126.93149,37.39742],[126.93767,37.39465],[126.93805,37.39443],[126.9387,37.39407],[126.93972,37.3935],[126.94016,37.39306],[126.94033,37.39287],[126.94055,37.39261],[126.94082,37.39217],[126.94134,37.39182],[126.94142,37.39154],[126.94165,37.39067],[126.94174,37.39031],[126.94176,37.39017],[126.94177,37.39004],[126.94178,37.38987],[126.9413,37.38613],[126.94066,37.38474],[126.94015,37.38375],[126.93944,37.38232],[126.93908,37.38146],[126.93902,37.38128],[126.93901,37.38111],[126.93901,37.38097],[126.93902,37.38084],[126.93904,37.38068],[126.93908,37.38055],[126.9391,37.38051],[126.93916,37.3804],[126.93941,37.38009],[126.93945,37.38004],[126.93951,37.37997],[126.94066,37.37921],[126.94082,37.37913],[126.94147,37.3788],[126.94221,37.37851],[126.94246,37.37843],[126.94281,37.37832],[126.94285,37.37831],[126.94327,37.37821],[126.94355,37.37809],[126.94363,37.37806],[126.9438,37.37799],[126.94431,37.37766],[126.94463,37.37745],[126.94509,37.37715],[126.94518,37.37709],[126.94521,37.37707],[126.94524,37.37705],[126.94528,37.37701],[126.9462,37.37626],[126.94669,37.37566],[126.94575,37.37401],[126.94559,37.37378],[126.94555,37.37303],[126.94707,37.36998],[126.94724,37.36985],[126.94734,37.36978],[126.9476,37.36961],[126.94776,37.3695],[126.94812,37.36927],[126.94857,37.36897],[126.94875,37.36882],[126.94939,37.3683],[126.94966,37.36804],[126.95034,37.36737],[126.95313,37.36629],[126.9539,37.36628],[126.95565,37.36623],[126.95603,37.36619],[126.95702,37.36603],[126.95738,37.36575],[126.9575,37.36567],[126.95773,37.36548],[126.95777,37.36545],[126.96138,37.36226],[126.96165,37.36201],[126.96214,37.36156],[126.96437,37.36177],[126.96444,37.36178],[126.96585,37.3621],[126.96601,37.36215],[126.96613,37.36219],[126.96624,37.36248],[126.96617,37.36325],[126.9661,37.36335],[126.96597,37.36349],[126.9659,37.36357],[126.96571,37.36377],[126.96541,37.36402],[126.96506,37.36425],[126.96483,37.36439],[126.96453,37.36461],[126.9645,37.36464],[126.96442,37.3648],[126.96436,37.36506],[126.96434,37.36515],[126.96461,37.36569],[126.96501,37.36637],[126.96535,37.36735],[126.96545,37.36877],[126.96534,37.37099],[126.96532,37.37172],[126.96532,37.37177],[126.96533,37.37183],[126.96535,37.37191],[126.96537,37.37198],[126.96573,37.37272],[126.96576,37.37275],[126.96625,37.3733],[126.96778,37.37521],[126.97144,37.38027],[126.97147,37.38031],[126.97223,37.38126],[126.97234,37.38259],[126.97234,37.38262],[126.97245,37.38369],[126.97249,37.38405],[126.9728,37.38677],[126.97293,37.38676],[126.97416,37.38847],[126.97842,37.39169],[126.9787,37.39219],[126.97874,37.39223],[126.97877,37.39227],[126.97881,37.39231],[126.97889,37.39236],[126.97944,37.39271],[126.97949,37.39272],[126.97955,37.39274],[126.98014,37.39292],[126.98054,37.393],[126.98082,37.3931],[126.98101,37.39319],[126.98109,37.39327],[126.98118,37.39335],[126.9815,37.39382],[126.98171,37.39415],[126.98183,37.39438],[126.97951,37.39589],[126.98087,37.3977],[126.98136,37.3979],[126.98155,37.39804],[126.98173,37.39822],[126.98219,37.39884],[126.98223,37.39896],[126.98247,37.39962],[126.98256,37.39994],[126.98268,37.40035],[126.98257,37.40067],[126.98199,37.40174],[126.98193,37.40183],[126.98083,37.40282],[126.98045,37.40303],[126.98037,37.40304],[126.97854,37.40319],[126.97842,37.40325],[126.97838,37.40328],[126.97826,37.40336],[126.9782,37.40342],[126.97817,37.40345],[126.97615,37.4061],[126.97577,37.40714],[126.97549,37.40919],[126.97575,37.41011],[126.97544,37.41174],[126.97526,37.4126],[126.97376,37.41496],[126.972,37.4161],[126.96837,37.41741],[126.96819,37.41747],[126.96754,37.41766],[126.9671,37.41782],[126.96656,37.41801],[126.966,37.41821],[126.96402,37.41913],[126.96393,37.4192],[126.96389,37.41923],[126.9638,37.41934],[126.96284,37.42073],[126.96263,37.42106],[126.96219,37.42247],[126.96139,37.42538],[126.96133,37.42571],[126.96133,37.42587],[126.9614,37.42621],[126.96141,37.4263],[126.96168,37.42734],[126.96206,37.42955],[126.96232,37.43108],[126.96224,37.43117],[126.96195,37.43133],[126.96178,37.43143],[126.96178,37.43147],[126.96183,37.43487],[126.962,37.43576],[126.96206,37.43596],[126.96215,37.43607],[126.96228,37.43612],[126.96276,37.43639],[126.96348,37.43687],[126.96431,37.43764],[126.96493,37.43851],[126.96503,37.43867],[126.96505,37.43883],[126.96497,37.43914],[126.96493,37.43927],[126.96457,37.44017],[126.96437,37.44045],[126.9639,37.44061],[126.96311,37.44106],[126.96304,37.44102],[126.96275,37.44087],[126.96227,37.44066],[126.95837,37.43953],[126.95824,37.43951],[126.95627,37.43918],[126.9558,37.43912],[126.95535,37.43911],[126.95498,37.43913],[126.95493,37.43914],[126.95456,37.43921],[126.95422,37.43931],[126.95414,37.43933],[126.95404,37.43936],[126.95376,37.43944],[126.95347,37.43951],[126.95336,37.43953],[126.95318,37.43955],[126.95275,37.43953],[126.95173,37.43946],[126.94832,37.43909],[126.9479,37.43895],[126.94787,37.43756],[126.9485,37.43273],[126.9485,37.43108],[126.94846,37.42886],[126.94824,37.42864],[126.94803,37.42844],[126.94767,37.42816],[126.94727,37.42568],[126.94732,37.42504],[126.94755,37.42465],[126.94817,37.42361],[126.94798,37.42232],[126.94743,37.42185],[126.94734,37.42181],[126.947,37.42165],[126.94535,37.42088],[126.94168,37.41916],[126.93937,37.4169],[126.93865,37.41603],[126.93808,37.41511],[126.93806,37.41507],[126.93797,37.41483],[126.93795,37.41455],[126.93216,37.4149],[126.92983,37.41506],[126.9269,37.41542],[126.92605,37.41309],[126.92564,37.41148]]]}},{"type":"Feature","properties":{"id":"41-41210","name":"광명시","sido":"경기도","code":"41210","center":[37.44544,126.86475]},"geometry":{"type":"Polygon","coordinates":[[[126.82597,37.4594],[126.82808,37.45962],[126.82854,37.45956],[126.82912,37.45855],[126.83519,37.45883],[126.83737,37.45774],[126.83883,37.4557],[126.83811,37.45294],[126.83847,37.45073],[126.83836,37.44622],[126.83776,37.44301],[126.83771,37.44243],[126.83781,37.43693],[126.8385,37.43665],[126.83877,37.43682],[126.83918,37.43678],[126.83975,37.4366],[126.84089,37.43556],[126.84105,37.43538],[126.84174,37.43443],[126.84186,37.4338],[126.84166,37.43359],[126.8415,37.43356],[126.84116,37.43349],[126.84092,37.4334],[126.84079,37.43327],[126.84062,37.4331],[126.84027,37.43239],[126.84004,37.43171],[126.84061,37.43073],[126.84191,37.42785],[126.84193,37.42638],[126.84312,37.42539],[126.84418,37.42451],[126.84489,37.42383],[126.84551,37.42291],[126.84552,37.42263],[126.84546,37.4225],[126.8453,37.42242],[126.84527,37.42241],[126.84504,37.4222],[126.8446,37.42097],[126.84553,37.41602],[126.8458,37.41478],[126.84632,37.41247],[126.84655,37.41211],[126.84683,37.41167],[126.84715,37.41145],[126.84746,37.41131],[126.85215,37.40878],[126.85284,37.40829],[126.8538,37.40574],[126.85374,37.40547],[126.85769,37.40224],[126.85932,37.40179],[126.86197,37.40151],[126.86574,37.40162],[126.8687,37.40204],[126.87028,37.40215],[126.87045,37.40215],[126.87061,37.40216],[126.8727,37.40195],[126.8741,37.40177],[126.87434,37.40171],[126.87445,37.40169],[126.87499,37.40157],[126.877,37.40205],[126.87728,37.40336],[126.87743,37.40451],[126.87741,37.40475],[126.87731,37.4049],[126.87576,37.40658],[126.87572,37.40661],[126.87557,37.40671],[126.87541,37.40679],[126.87524,37.40683],[126.87492,37.40686],[126.87463,37.40687],[126.87428,37.40685],[126.87422,37.40685],[126.87384,37.40682],[126.87357,37.4068],[126.87339,37.40679],[126.87291,37.40672],[126.87281,37.4067],[126.87239,37.40666],[126.87181,37.40665],[126.87155,37.40665],[126.87122,37.40666],[126.87094,37.40669],[126.87089,37.40669],[126.87078,37.40674],[126.87061,37.40691],[126.87046,37.40722],[126.87039,37.40743],[126.87033,37.40763],[126.87032,37.40784],[126.8703,37.40811],[126.87071,37.41046],[126.87107,37.41214],[126.87124,37.41255],[126.87186,37.41246],[126.87512,37.41168],[126.87524,37.41163],[126.87541,37.41152],[126.87609,37.41104],[126.87618,37.41096],[126.87994,37.41019],[126.88891,37.41256],[126.88961,37.41776],[126.88938,37.41785],[126.88902,37.41818],[126.88895,37.41837],[126.88893,37.41843],[126.88891,37.41848],[126.88887,37.4186],[126.88895,37.41887],[126.88986,37.41992],[126.89035,37.4204],[126.89189,37.42053],[126.89396,37.42168],[126.89648,37.42562],[126.89683,37.42714],[126.89677,37.42733],[126.89665,37.42759],[126.89657,37.42776],[126.89627,37.42815],[126.8961,37.42826],[126.89574,37.42839],[126.89565,37.42843],[126.89534,37.42855],[126.895,37.4285],[126.89461,37.42846],[126.89407,37.42903],[126.89432,37.42942],[126.89447,37.42959],[126.89457,37.4297],[126.89488,37.42998],[126.89583,37.43063],[126.89748,37.43095],[126.89759,37.43097],[126.89781,37.43102],[126.89862,37.43243],[126.89909,37.4337],[126.89917,37.43392],[126.89942,37.43505],[126.8995,37.43671],[126.89965,37.43745],[126.90049,37.43736],[126.89938,37.43814],[126.89934,37.43819],[126.89911,37.43847],[126.89908,37.43852],[126.89906,37.43855],[126.89894,37.43871],[126.89888,37.4388],[126.89878,37.43911],[126.89872,37.43931],[126.8988,37.43937],[126.8991,37.4396],[126.89912,37.44104],[126.89893,37.44238],[126.89851,37.44387],[126.89823,37.44465],[126.89612,37.44585],[126.89509,37.44843],[126.89483,37.45085],[126.89407,37.45264],[126.89263,37.45192],[126.89246,37.45194],[126.88971,37.45232],[126.88962,37.45235],[126.88953,37.45253],[126.88948,37.45275],[126.88717,37.45557],[126.88638,37.4562],[126.8862,37.45657],[126.88527,37.46006],[126.88606,37.46064],[126.88667,37.46098],[126.88762,37.46113],[126.88798,37.46101],[126.88822,37.4609],[126.88839,37.46083],[126.8886,37.46083],[126.88865,37.46083],[126.88868,37.46085],[126.88886,37.46092],[126.88896,37.46106],[126.88907,37.46125],[126.8891,37.4614],[126.88908,37.46153],[126.88865,37.46247],[126.88677,37.46468],[126.88607,37.46548],[126.88578,37.46582],[126.88065,37.47185],[126.8799,37.47278],[126.87986,37.47283],[126.87976,37.47296],[126.8795,37.4733],[126.87917,37.47374],[126.87901,37.47396],[126.87846,37.4747],[126.87815,37.47518],[126.87798,37.47543],[126.87782,37.47567],[126.87758,37.47605],[126.87666,37.47756],[126.87664,37.47759],[126.8763,37.47821],[126.87613,37.47852],[126.87572,37.47929],[126.87562,37.47948],[126.87516,37.48045],[126.87472,37.48141],[126.87391,37.48333],[126.87398,37.48505],[126.87474,37.48538],[126.87515,37.48648],[126.87529,37.48853],[126.87278,37.4888],[126.87005,37.49192],[126.86965,37.49252],[126.86961,37.4934],[126.86891,37.4951],[126.86831,37.4951],[126.86704,37.49296],[126.86309,37.49096],[126.86187,37.49039],[126.86172,37.49027],[126.86161,37.49018],[126.86126,37.48983],[126.85907,37.48733],[126.85834,37.48649],[126.85818,37.4863],[126.8577,37.4859],[126.85651,37.48569],[126.85348,37.48264],[126.85345,37.48261],[126.85324,37.4824],[126.85308,37.48229],[126.85256,37.48194],[126.85198,37.48167],[126.85189,37.48163],[126.85149,37.48159],[126.85109,37.48155],[126.85063,37.4816],[126.85001,37.48166],[126.84824,37.48211],[126.84817,37.48221],[126.84827,37.48236],[126.84648,37.4817],[126.84603,37.4797],[126.84594,37.47821],[126.84594,37.47816],[126.84589,37.47744],[126.84582,37.47657],[126.84555,37.47453],[126.84554,37.47434],[126.84554,37.47427],[126.84549,37.47408],[126.84533,37.4738],[126.84504,37.47384],[126.84462,37.47393],[126.84418,37.47402],[126.84361,37.47443],[126.84356,37.47455],[126.84347,37.47469],[126.84328,37.47483],[126.84291,37.4749],[126.84278,37.47492],[126.84271,37.47493],[126.84258,37.47492],[126.84244,37.47489],[126.8424,37.47487],[126.84237,37.47486],[126.84228,37.47482],[126.84217,37.4748],[126.84206,37.47479],[126.84197,37.47482],[126.84187,37.47483],[126.84174,37.4748],[126.84141,37.47471],[126.84101,37.47462],[126.84085,37.47463],[126.84013,37.47474],[126.84,37.47479],[126.83978,37.475],[126.83974,37.47505],[126.83884,37.47546],[126.83848,37.47538],[126.83733,37.47513],[126.83713,37.4751],[126.8369,37.47506],[126.83685,37.47505],[126.83579,37.47526],[126.83341,37.4769],[126.83235,37.47634],[126.83232,37.47632],[126.8323,37.4763],[126.83227,37.47624],[126.83225,37.47617],[126.83203,37.47342],[126.83243,37.47193],[126.83285,37.4705],[126.83351,37.4687],[126.83351,37.46794],[126.83349,37.46748],[126.83342,37.46715],[126.83299,37.46603],[126.8322,37.46612],[126.83103,37.46542],[126.83051,37.46483],[126.83008,37.46473],[126.82872,37.46398],[126.82768,37.46322],[126.82753,37.46298],[126.82676,37.46167],[126.82597,37.4594]]]}},{"type":"Feature","properties":{"id":"41-41220","name":"평택시","sido":"경기도","code":"41220","center":[37.01573,126.99496]},"geometry":{"type":"Polygon","coordinates":[[[126.77751,37.00195],[126.7793,37.00054],[126.7799,37.00007],[126.78115,37.00051],[126.78121,37.00067],[126.78158,37.00167],[126.7822,37.0019],[126.78287,37.00215],[126.78562,36.99942],[126.78668,36.99784],[126.78586,36.99731],[126.78531,36.99772],[126.78429,36.9985],[126.78359,36.99809],[126.78711,36.99524],[126.78731,36.99517],[126.79021,36.99412],[126.79162,36.99437],[126.79202,36.99452],[126.79361,36.99509],[126.79705,36.99711],[126.79744,36.99755],[126.79966,36.9994],[126.80247,36.99934],[126.80374,36.99931],[126.80808,36.9986],[126.80974,36.99799],[126.81032,36.99691],[126.8107,36.99593],[126.81083,36.99559],[126.81191,36.99545],[126.81242,36.99538],[126.81325,36.996],[126.81976,36.99545],[126.82371,36.99583],[126.82422,36.99596],[126.82562,36.9952],[126.82642,36.99437],[126.82665,36.99413],[126.82668,36.99406],[126.82729,36.9929],[126.82659,36.99203],[126.82642,36.9919],[126.82442,36.99033],[126.82536,36.98713],[126.82543,36.98701],[126.82598,36.98622],[126.8266,36.98533],[126.82982,36.98068],[126.83284,36.97632],[126.83437,36.97418],[126.83885,36.96792],[126.83592,36.96658],[126.84232,36.95741],[126.84402,36.95817],[126.84504,36.95776],[126.84658,36.95597],[126.8466,36.95497],[126.84424,36.95381],[126.84988,36.94537],[126.85905,36.95049],[126.86241,36.94885],[126.86547,36.93901],[126.86422,36.93269],[126.88303,36.9355],[126.88698,36.93609],[126.89038,36.93424],[126.89133,36.93372],[126.89266,36.93475],[126.89361,36.93427],[126.89374,36.93421],[126.89379,36.93419],[126.89384,36.93417],[126.8939,36.93415],[126.89404,36.9341],[126.8941,36.93408],[126.89416,36.93406],[126.89586,36.93371],[126.90062,36.93056],[126.90422,36.92632],[126.90447,36.92603],[126.9045,36.92598],[126.90511,36.92462],[126.90525,36.92419],[126.90527,36.92413],[126.90549,36.92334],[126.9055,36.9233],[126.90551,36.92324],[126.90616,36.91953],[126.9059,36.91631],[126.90728,36.91126],[126.90864,36.9051],[126.90896,36.90491],[126.90927,36.90485],[126.90985,36.90473],[126.91021,36.90465],[126.91136,36.90453],[126.91204,36.90446],[126.91706,36.90536],[126.91903,36.9063],[126.92758,36.9106],[126.94323,36.918],[126.95423,36.92131],[126.95468,36.92144],[126.96422,36.9241],[126.96534,36.92437],[126.97285,36.92622],[126.98375,36.93167],[126.98533,36.93247],[126.98912,36.93335],[126.99353,36.93481],[126.9946,36.93522],[126.99541,36.93552],[126.99657,36.93546],[127.00295,36.93507],[127.0058,36.93519],[127.00605,36.93519],[127.00631,36.93518],[127.01369,36.93475],[127.01586,36.93446],[127.02506,36.93084],[127.0301,36.92863],[127.03173,36.92834],[127.03199,36.92841],[127.03234,36.92852],[127.0345,36.92951],[127.03476,36.9297],[127.03477,36.92989],[127.03475,36.93004],[127.03474,36.93008],[127.03473,36.93014],[127.03485,36.93052],[127.03652,36.93152],[127.03815,36.93245],[127.04189,36.93255],[127.04692,36.93322],[127.04805,36.9335],[127.05651,36.9371],[127.05934,36.93888],[127.06064,36.93952],[127.06981,36.94004],[127.07012,36.94004],[127.07138,36.94004],[127.07227,36.93957],[127.0726,36.93938],[127.0736,36.93875],[127.07393,36.93839],[127.07593,36.94056],[127.07831,36.94241],[127.08011,36.94366],[127.08034,36.94377],[127.08108,36.94414],[127.08243,36.94472],[127.08306,36.94515],[127.0838,36.94566],[127.08429,36.9461],[127.08459,36.94649],[127.08491,36.9469],[127.0854,36.94734],[127.08608,36.94777],[127.08612,36.94781],[127.08895,36.94649],[127.0891,36.94639],[127.0899,36.94587],[127.09055,36.94531],[127.09062,36.94522],[127.09086,36.94488],[127.091,36.94452],[127.09107,36.94434],[127.09145,36.9439],[127.09241,36.94305],[127.09365,36.94231],[127.09471,36.94184],[127.09601,36.94224],[127.09613,36.94237],[127.09633,36.94259],[127.09696,36.9444],[127.09686,36.94653],[127.09752,36.94981],[127.0981,36.95085],[127.09814,36.95089],[127.09936,36.95207],[127.10032,36.95266],[127.10041,36.95269],[127.10054,36.95269],[127.10067,36.95272],[127.10072,36.95275],[127.10154,36.95349],[127.10165,36.95359],[127.10169,36.95363],[127.10175,36.95372],[127.1018,36.95383],[127.10182,36.95469],[127.1016,36.95492],[127.10109,36.95507],[127.10081,36.95507],[127.09866,36.95442],[127.09824,36.95458],[127.09638,36.95571],[127.09627,36.95617],[127.09633,36.95923],[127.09646,36.95954],[127.09727,36.96015],[127.0986,36.95998],[127.0987,36.95998],[127.10089,36.96162],[127.10335,36.96521],[127.10443,36.96611],[127.10718,36.96779],[127.11052,36.97],[127.11106,36.97088],[127.11451,36.97123],[127.11582,36.97114],[127.11598,36.97106],[127.11618,36.97096],[127.1163,36.9709],[127.11897,36.96945],[127.1195,36.96913],[127.11995,36.96955],[127.12198,36.97154],[127.12497,36.97499],[127.12498,36.97501],[127.12515,36.97524],[127.12516,36.97533],[127.12514,36.97539],[127.12451,36.97679],[127.12924,36.97679],[127.13398,36.9768],[127.13397,36.97751],[127.13532,36.97756],[127.13531,36.97795],[127.13719,36.97849],[127.13712,36.97895],[127.1364,36.97972],[127.13641,36.98007],[127.1377,36.98006],[127.13978,36.97862],[127.14112,36.97872],[127.14114,36.97971],[127.13643,36.98293],[127.13637,36.98472],[127.13627,36.98478],[127.13428,36.98544],[127.13123,36.98564],[127.13061,36.98668],[127.13197,36.98721],[127.1321,36.98727],[127.13276,36.98759],[127.13302,36.98775],[127.13317,36.98785],[127.13456,36.98929],[127.13481,36.98982],[127.13523,36.99101],[127.13618,36.99337],[127.14095,36.99488],[127.14119,36.99496],[127.14155,36.99508],[127.14161,36.9951],[127.14174,36.99514],[127.14189,36.99525],[127.14204,36.99535],[127.14252,36.99569],[127.14283,36.99591],[127.14307,36.99609],[127.14365,36.99652],[127.14388,36.9967],[127.14409,36.99685],[127.14454,36.9971],[127.14478,36.99722],[127.14569,36.99736],[127.14643,36.99747],[127.14744,36.99762],[127.14761,36.99765],[127.14796,36.99769],[127.14896,36.99782],[127.14906,36.99783],[127.14947,36.99784],[127.15,36.99785],[127.15212,36.99775],[127.15285,36.99774],[127.15392,36.99776],[127.15366,36.99874],[127.1536,36.99899],[127.15344,36.99945],[127.15265,37.00166],[127.15226,37.00258],[127.15108,37.00251],[127.151,37.00272],[127.14943,37.00694],[127.14918,37.00746],[127.14885,37.00817],[127.14841,37.00864],[127.14834,37.0087],[127.14761,37.00924],[127.14617,37.01049],[127.14588,37.01058],[127.14522,37.01093],[127.14506,37.01102],[127.14481,37.01115],[127.14471,37.01153],[127.14428,37.01401],[127.14537,37.01668],[127.14625,37.01746],[127.14768,37.01809],[127.15182,37.02092],[127.15253,37.02155],[127.15277,37.02468],[127.15284,37.02581],[127.15307,37.02947],[127.15112,37.03009],[127.14799,37.03058],[127.14784,37.0306],[127.14495,37.03139],[127.14163,37.03261],[127.13719,37.03387],[127.13546,37.03394],[127.13509,37.0339],[127.13164,37.03351],[127.12842,37.03332],[127.12633,37.03333],[127.12644,37.03357],[127.12231,37.03506],[127.12132,37.03411],[127.12087,37.03368],[127.11944,37.03224],[127.11884,37.03163],[127.11847,37.03098],[127.11731,37.02829],[127.11694,37.02721],[127.11564,37.02749],[127.11241,37.02908],[127.10849,37.03178],[127.10705,37.03292],[127.10533,37.03519],[127.10529,37.03575],[127.10794,37.03874],[127.10989,37.04077],[127.11005,37.0409],[127.11027,37.04101],[127.11195,37.04187],[127.11229,37.04197],[127.11343,37.04177],[127.11477,37.04216],[127.11967,37.04609],[127.12068,37.04787],[127.12071,37.04814],[127.12074,37.04835],[127.12218,37.05042],[127.12389,37.05156],[127.12661,37.05209],[127.12739,37.05252],[127.12748,37.05265],[127.12762,37.05286],[127.13057,37.058],[127.13062,37.05811],[127.13063,37.05823],[127.1306,37.05843],[127.13056,37.05861],[127.13053,37.05871],[127.1283,37.06329],[127.12817,37.06347],[127.12804,37.06358],[127.1257,37.06469],[127.12564,37.0647],[127.12553,37.06472],[127.12532,37.0647],[127.12085,37.06306],[127.12024,37.06271],[127.11847,37.06267],[127.11563,37.06442],[127.11554,37.0646],[127.11542,37.06473],[127.11398,37.06509],[127.1139,37.06509],[127.11059,37.065],[127.10793,37.06493],[127.10673,37.06486],[127.10663,37.06489],[127.10653,37.06493],[127.10594,37.06518],[127.10404,37.06615],[127.10284,37.06779],[127.10231,37.06868],[127.10272,37.073],[127.10342,37.07365],[127.10482,37.07442],[127.10444,37.07471],[127.10375,37.07524],[127.10364,37.07575],[127.10447,37.07601],[127.10807,37.07654],[127.10903,37.0763],[127.10988,37.07596],[127.11396,37.07594],[127.12145,37.07641],[127.12389,37.07724],[127.12421,37.07754],[127.12644,37.08159],[127.1264,37.08209],[127.12639,37.08227],[127.12511,37.0866],[127.12442,37.08833],[127.12306,37.09135],[127.12285,37.09144],[127.12196,37.09339],[127.12028,37.09705],[127.11816,37.10172],[127.11788,37.10233],[127.11786,37.10239],[127.11611,37.10631],[127.11261,37.11385],[127.1115,37.11554],[127.11115,37.11592],[127.10979,37.11741],[127.10867,37.12481],[127.10868,37.12489],[127.1087,37.12505],[127.10889,37.12622],[127.10896,37.12656],[127.109,37.12667],[127.10906,37.12671],[127.11408,37.12915],[127.11662,37.1294],[127.11728,37.12905],[127.11781,37.12884],[127.11872,37.12884],[127.12013,37.12897],[127.12017,37.12898],[127.12021,37.12899],[127.12062,37.12951],[127.12072,37.12966],[127.12077,37.12981],[127.12079,37.12989],[127.12161,37.13538],[127.1215,37.13896],[127.12073,37.13927],[127.12067,37.1393],[127.12061,37.13934],[127.12059,37.13936],[127.12058,37.13942],[127.12058,37.1395],[127.12089,37.14084],[127.12107,37.14158],[127.12111,37.14167],[127.12115,37.14171],[127.12122,37.14178],[127.12228,37.14273],[127.12304,37.14331],[127.12328,37.1435],[127.12332,37.14356],[127.12333,37.14361],[127.12327,37.14373],[127.12321,37.14385],[127.12313,37.14399],[127.1227,37.14451],[127.11895,37.14378],[127.11863,37.14382],[127.11851,37.14384],[127.11593,37.14423],[127.11413,37.14462],[127.11088,37.14381],[127.10923,37.14269],[127.10617,37.14215],[127.10431,37.14193],[127.10416,37.14192],[127.10401,37.14195],[127.10396,37.14198],[127.10393,37.142],[127.10384,37.14208],[127.10376,37.14226],[127.10372,37.14234],[127.10365,37.14357],[127.10257,37.14342],[127.10249,37.1434],[127.10035,37.14229],[127.09778,37.1389],[127.0977,37.13881],[127.0977,37.1384],[127.0977,37.13834],[127.0978,37.13827],[127.09792,37.13818],[127.09804,37.13802],[127.09811,37.13787],[127.09815,37.13772],[127.09815,37.13749],[127.09797,37.13698],[127.09786,37.13686],[127.09502,37.13636],[127.09481,37.13636],[127.09393,37.13641],[127.09386,37.13642],[127.09381,37.13642],[127.0937,37.13645],[127.09237,37.13684],[127.09227,37.13689],[127.0916,37.13728],[127.09151,37.13735],[127.08785,37.13761],[127.08757,37.13763],[127.08626,37.13735],[127.08716,37.13511],[127.08719,37.13505],[127.08917,37.13167],[127.0899,37.13074],[127.09046,37.13009],[127.08904,37.12794],[127.08622,37.1266],[127.08521,37.12693],[127.0841,37.12727],[127.08373,37.1273],[127.08326,37.12729],[127.08318,37.12726],[127.08314,37.12724],[127.08308,37.12722],[127.08124,37.12631],[127.07931,37.12578],[127.07927,37.12577],[127.07922,37.12675],[127.07919,37.12754],[127.07918,37.12784],[127.07916,37.12825],[127.07661,37.12719],[127.07488,37.12639],[127.07481,37.12634],[127.07464,37.12603],[127.07451,37.12584],[127.07438,37.12571],[127.07426,37.12561],[127.0741,37.12554],[127.07304,37.12537],[127.07114,37.12561],[127.07012,37.12701],[127.06868,37.12821],[127.06751,37.12758],[127.06719,37.12734],[127.06602,37.12782],[127.06498,37.13117],[127.06509,37.13194],[127.06082,37.1323],[127.05894,37.13201],[127.05866,37.13193],[127.05807,37.13196],[127.05669,37.13242],[127.05579,37.13321],[127.05573,37.13332],[127.0557,37.13352],[127.05374,37.13225],[127.0533,37.13195],[127.05237,37.13072],[127.05233,37.12962],[127.04885,37.12994],[127.0487,37.12994],[127.04811,37.1299],[127.04744,37.1298],[127.04553,37.12938],[127.04528,37.12927],[127.04525,37.12926],[127.04514,37.12879],[127.04524,37.12871],[127.04531,37.12861],[127.04543,37.12815],[127.04548,37.12794],[127.04564,37.12694],[127.04563,37.12672],[127.04557,37.12635],[127.04324,37.12755],[127.04314,37.1276],[127.04296,37.12769],[127.04272,37.12782],[127.04117,37.12888],[127.04108,37.12895],[127.04094,37.12907],[127.03819,37.13178],[127.0381,37.13194],[127.03799,37.1322],[127.03796,37.1323],[127.03772,37.1335],[127.03768,37.13367],[127.03776,37.13458],[127.03831,37.13543],[127.03852,37.13576],[127.03563,37.13602],[127.03446,37.13586],[127.03354,37.13561],[127.03339,37.13556],[127.03288,37.13539],[127.03067,37.13467],[127.0304,37.13457],[127.03038,37.13447],[127.03023,37.13398],[127.02993,37.13376],[127.02921,37.13346],[127.02887,37.13337],[127.02516,37.13279],[127.02492,37.133],[127.02455,37.13323],[127.02439,37.13322],[127.02422,37.13322],[127.02118,37.13197],[127.02065,37.13173],[127.02021,37.13147],[127.01928,37.13091],[127.01871,37.13055],[127.01806,37.13014],[127.01782,37.13002],[127.0177,37.12998],[127.0175,37.12992],[127.01367,37.12902],[127.01346,37.12898],[127.01146,37.12896],[127.00537,37.1281],[127.00383,37.12695],[127.00371,37.12671],[127.00359,37.12645],[127.0034,37.12597],[127.00322,37.12547],[127.00243,37.12438],[127.00014,37.1237],[126.99952,37.12351],[126.99922,37.1236],[126.99914,37.12364],[126.9981,37.12309],[126.99837,37.12289],[126.99846,37.12284],[126.99856,37.12278],[126.9989,37.12259],[126.99917,37.12244],[126.99951,37.12241],[127.00234,37.12388],[127.00238,37.1237],[127.00239,37.12362],[127.0023,37.12316],[127.00213,37.12248],[127.00213,37.12217],[127.0021,37.1219],[127.00205,37.12177],[127.00079,37.11862],[127.00069,37.11839],[127.00041,37.11786],[126.99936,37.116],[126.99744,37.11264],[126.99721,37.11236],[126.99694,37.11211],[126.99666,37.11198],[126.99657,37.11172],[126.99651,37.11156],[126.99573,37.1082],[126.99574,37.10803],[126.99591,37.10767],[126.99603,37.1074],[126.99629,37.10703],[126.9966,37.10681],[126.99688,37.10662],[126.99785,37.10445],[126.99831,37.10057],[126.99804,37.09982],[126.99799,37.09968],[126.99757,37.09885],[126.99703,37.09782],[126.99703,37.09741],[126.99704,37.09713],[126.9973,37.09633],[126.99742,37.09615],[126.99809,37.09487],[126.99888,37.09317],[126.9989,37.093],[126.99893,37.09259],[126.99865,37.09226],[126.99841,37.09197],[126.99777,37.09126],[126.99721,37.09101],[126.99522,37.09016],[126.99359,37.08958],[126.99271,37.08859],[126.99207,37.08652],[126.99173,37.08477],[126.99192,37.08321],[126.9931,37.07949],[126.99448,37.07356],[126.9949,37.0717],[126.99513,37.07005],[126.99402,37.07009],[126.9876,37.07045],[126.98714,37.07073],[126.98659,37.07106],[126.98604,37.07131],[126.98463,37.07165],[126.98367,37.07157],[126.98305,37.07151],[126.97726,37.07077],[126.97554,37.0706],[126.97466,37.07085],[126.97428,37.07101],[126.97419,37.07111],[126.97412,37.07124],[126.97404,37.0714],[126.97397,37.07148],[126.9739,37.07157],[126.97362,37.07176],[126.97314,37.07203],[126.97289,37.07212],[126.96901,37.07337],[126.96883,37.07343],[126.96806,37.07297],[126.96748,37.07207],[126.96743,37.07183],[126.96733,37.07128],[126.96705,37.07045],[126.9667,37.06967],[126.96651,37.06929],[126.9664,37.06911],[126.96583,37.06894],[126.9656,37.06887],[126.96534,37.0688],[126.96478,37.06886],[126.96283,37.06963],[126.96143,37.06981],[126.96125,37.06982],[126.96115,37.06981],[126.96101,37.06975],[126.96044,37.06953],[126.95974,37.06924],[126.95968,37.06919],[126.95959,37.06914],[126.95935,37.06891],[126.95892,37.06877],[126.95645,37.06827],[126.95632,37.06827],[126.95594,37.06826],[126.95352,37.06823],[126.95264,37.06823],[126.95137,37.06856],[126.94549,37.06556],[126.94409,37.0633],[126.94342,37.06282],[126.94038,37.06081],[126.93633,37.06164],[126.932,37.06256],[126.93184,37.06262],[126.93165,37.06269],[126.93172,37.06284],[126.93183,37.06326],[126.93024,37.0671],[126.92986,37.06736],[126.92865,37.06804],[126.92793,37.06809],[126.9278,37.06805],[126.92715,37.06788],[126.92435,37.06686],[126.92318,37.0664],[126.92285,37.06622],[126.92264,37.06596],[126.92253,37.06573],[126.92244,37.06555],[126.92213,37.06535],[126.92205,37.0653],[126.92097,37.06522],[126.92048,37.06518],[126.91942,37.06519],[126.91488,37.06577],[126.91284,37.06681],[126.91271,37.06739],[126.91039,37.06883],[126.90819,37.06898],[126.9063,37.06929],[126.90577,37.06966],[126.90543,37.07004],[126.90532,37.07017],[126.905,37.07105],[126.9049,37.07152],[126.90507,37.07161],[126.90539,37.07177],[126.90588,37.07203],[126.90597,37.0722],[126.90575,37.0733],[126.90556,37.0734],[126.90548,37.07343],[126.90491,37.07364],[126.90453,37.0735],[126.90302,37.07267],[126.90293,37.07261],[126.90237,37.07225],[126.9023,37.0722],[126.90212,37.07207],[126.90207,37.07204],[126.90193,37.07191],[126.90174,37.07146],[126.90169,37.07129],[126.90152,37.07079],[126.90131,37.07043],[126.90108,37.0702],[126.90082,37.07009],[126.89623,37.0685],[126.89169,37.06711],[126.89138,37.06703],[126.89089,37.06697],[126.88902,37.06682],[126.88888,37.0669],[126.88874,37.06699],[126.88477,37.06669],[126.88415,37.06663],[126.88406,37.0666],[126.88391,37.06656],[126.8838,37.0665],[126.88376,37.06648],[126.88374,37.06628],[126.88349,37.06466],[126.88327,37.06344],[126.88298,37.06232],[126.88253,37.06081],[126.88162,37.05904],[126.88155,37.05891],[126.88121,37.05829],[126.87739,37.05286],[126.87583,37.05069],[126.87571,37.05054],[126.87471,37.04937],[126.87391,37.04844],[126.87291,37.04727],[126.87242,37.04662],[126.87146,37.04523],[126.87074,37.04416],[126.87039,37.04364],[126.86925,37.04194],[126.86919,37.04185],[126.86894,37.04149],[126.86718,37.03896],[126.86288,37.03283],[126.86211,37.03179],[126.86072,37.02989],[126.85804,37.0261],[126.85659,37.02419],[126.85311,37.02],[126.8501,37.01782],[126.84693,37.01585],[126.84598,37.01552],[126.84515,37.01524],[126.84323,37.01457],[126.83998,37.01399],[126.83806,37.01365],[126.83272,37.01352],[126.82992,37.01344],[126.82916,37.01345],[126.82705,37.01345],[126.82668,37.01346],[126.82101,37.01338],[126.81938,37.01331],[126.81715,37.01322],[126.81528,37.01315],[126.81317,37.01304],[126.80685,37.01272],[126.79691,37.01206],[126.7976,37.00803],[126.79522,37.00593],[126.79311,37.00521],[126.79221,37.00524],[126.78185,37.00371],[126.77751,37.00195]]]}},{"type":"Feature","properties":{"id":"41-41250","name":"동두천시","sido":"경기도","code":"41250","center":[37.91654,127.07794]},"geometry":{"type":"Polygon","coordinates":[[[127.0079,37.91615],[127.00927,37.91354],[127.01056,37.91034],[127.01047,37.90809],[127.01034,37.90607],[127.01037,37.90562],[127.01046,37.90532],[127.01061,37.90481],[127.01071,37.90447],[127.01248,37.90319],[127.0132,37.90309],[127.01482,37.90297],[127.01674,37.90222],[127.0209,37.9006],[127.02138,37.90006],[127.02224,37.89912],[127.02259,37.89883],[127.02443,37.89789],[127.02463,37.89787],[127.02476,37.89791],[127.02687,37.89847],[127.02877,37.89893],[127.02919,37.89878],[127.03534,37.89651],[127.03591,37.89603],[127.03623,37.89593],[127.04368,37.89429],[127.04434,37.89415],[127.04566,37.89391],[127.04603,37.89387],[127.04626,37.89385],[127.04632,37.89256],[127.0469,37.88773],[127.04807,37.88328],[127.04825,37.88288],[127.04981,37.88174],[127.05015,37.88147],[127.05207,37.87911],[127.05281,37.878],[127.05351,37.87659],[127.05598,37.8746],[127.05626,37.8745],[127.05656,37.87426],[127.05768,37.87319],[127.059,37.87102],[127.05946,37.87023],[127.06039,37.86935],[127.06073,37.86922],[127.06188,37.86908],[127.06222,37.8691],[127.06238,37.86915],[127.06255,37.86921],[127.06344,37.86999],[127.0643,37.8709],[127.06443,37.87099],[127.0646,37.87112],[127.06519,37.87137],[127.06606,37.87165],[127.06616,37.87163],[127.06629,37.87154],[127.06829,37.87067],[127.06842,37.87064],[127.07006,37.87103],[127.07269,37.87181],[127.07313,37.87211],[127.07373,37.87279],[127.07599,37.87183],[127.0775,37.87102],[127.0812,37.87104],[127.08133,37.87109],[127.08151,37.87115],[127.08172,37.87123],[127.0826,37.87147],[127.08348,37.87163],[127.08569,37.87198],[127.08611,37.872],[127.0872,37.87205],[127.08788,37.87208],[127.09147,37.87121],[127.09598,37.8674],[127.09766,37.86671],[127.09886,37.86628],[127.10188,37.86595],[127.10287,37.86559],[127.10339,37.8654],[127.10705,37.86238],[127.10718,37.86224],[127.10919,37.85985],[127.11125,37.86214],[127.11189,37.86398],[127.11193,37.86435],[127.11368,37.86548],[127.11755,37.86623],[127.12035,37.86605],[127.12316,37.86716],[127.12356,37.86983],[127.12856,37.87391],[127.12873,37.87387],[127.12906,37.87379],[127.12953,37.87366],[127.1317,37.87311],[127.13478,37.87373],[127.13674,37.87506],[127.13984,37.87621],[127.14011,37.87615],[127.14027,37.87611],[127.14209,37.87568],[127.14387,37.8758],[127.14568,37.87593],[127.14696,37.87603],[127.14762,37.87851],[127.14946,37.88439],[127.15311,37.8899],[127.1534,37.89055],[127.15565,37.89568],[127.15346,37.89602],[127.15125,37.89712],[127.14966,37.89792],[127.14989,37.89893],[127.15027,37.90058],[127.14971,37.90138],[127.1496,37.90147],[127.14775,37.90271],[127.14673,37.9028],[127.14664,37.90349],[127.14675,37.90442],[127.14706,37.90487],[127.14747,37.90546],[127.14786,37.90663],[127.14663,37.91081],[127.14596,37.91187],[127.14399,37.91267],[127.13983,37.91376],[127.13876,37.91403],[127.1387,37.91399],[127.1385,37.91388],[127.13721,37.91335],[127.13624,37.9131],[127.13543,37.91326],[127.13512,37.91332],[127.13491,37.91345],[127.13471,37.91357],[127.13351,37.91515],[127.13351,37.91519],[127.13348,37.91552],[127.13284,37.91592],[127.13078,37.9162],[127.12913,37.91634],[127.12804,37.91615],[127.12738,37.91597],[127.12712,37.91566],[127.12623,37.91575],[127.12197,37.91648],[127.12166,37.91664],[127.1209,37.91703],[127.12023,37.91779],[127.1182,37.92261],[127.11525,37.9283],[127.11133,37.93289],[127.10948,37.93552],[127.10836,37.93763],[127.10816,37.93811],[127.10814,37.93815],[127.10801,37.93909],[127.10599,37.93985],[127.10586,37.9399],[127.10357,37.94058],[127.10234,37.94078],[127.09794,37.94263],[127.09605,37.94365],[127.09641,37.94525],[127.09629,37.94682],[127.09596,37.94829],[127.09558,37.94902],[127.09631,37.95018],[127.09677,37.95049],[127.09713,37.95073],[127.09803,37.95107],[127.09909,37.95242],[127.09912,37.95246],[127.09924,37.95458],[127.09883,37.95533],[127.09681,37.95603],[127.09558,37.95647],[127.09449,37.95719],[127.09257,37.95923],[127.09242,37.9596],[127.09224,37.96005],[127.09269,37.96384],[127.09414,37.96801],[127.09254,37.97086],[127.09171,37.97144],[127.08954,37.97237],[127.08633,37.97399],[127.08553,37.97478],[127.08457,37.97562],[127.08018,37.97668],[127.07618,37.97668],[127.07378,37.97647],[127.069,37.97591],[127.06861,37.97563],[127.06824,37.97537],[127.06779,37.97526],[127.0661,37.97528],[127.06343,37.97602],[127.06362,37.97622],[127.06386,37.97649],[127.06416,37.9771],[127.06439,37.9796],[127.0641,37.9796],[127.06346,37.97959],[127.06257,37.97958],[127.05705,37.98034],[127.05326,37.98134],[127.05279,37.98073],[127.04972,37.97928],[127.04882,37.97885],[127.04896,37.97754],[127.04909,37.97627],[127.04892,37.97576],[127.04695,37.97463],[127.04628,37.97435],[127.0461,37.97427],[127.04606,37.97426],[127.04579,37.97415],[127.04481,37.97294],[127.04443,37.97226],[127.04456,37.97156],[127.04467,37.97092],[127.04493,37.97],[127.04168,37.96085],[127.0418,37.96001],[127.04062,37.95901],[127.03921,37.95783],[127.03542,37.95672],[127.03254,37.95628],[127.0293,37.95573],[127.02906,37.95549],[127.029,37.95543],[127.02873,37.95516],[127.02794,37.95347],[127.02801,37.9529],[127.02872,37.95209],[127.02852,37.94964],[127.02794,37.94475],[127.02757,37.94315],[127.02631,37.94164],[127.02545,37.94074],[127.02495,37.94042],[127.02422,37.94043],[127.02409,37.94044],[127.02371,37.94044],[127.02251,37.94058],[127.0221,37.94063],[127.021,37.94029],[127.02073,37.94015],[127.02055,37.94005],[127.01676,37.93662],[127.01637,37.93595],[127.01624,37.93505],[127.01416,37.93033],[127.01399,37.92996],[127.0126,37.9282],[127.01129,37.92735],[127.01005,37.92757],[127.00904,37.92505],[127.01103,37.92121],[127.01261,37.92065],[127.01291,37.91975],[127.01279,37.91856],[127.01234,37.91843],[127.0079,37.91615]]]}},{"type":"Feature","properties":{"id":"41-41271","name":"안산시상록구","sido":"경기도","code":"41271","center":[37.31518,126.8706]},"geometry":{"type":"Polygon","coordinates":[[[126.81392,37.29505],[126.82014,37.29163],[126.82165,37.2908],[126.82197,37.29085],[126.82212,37.29087],[126.82218,37.29087],[126.82775,37.29159],[126.82848,37.2889],[126.82707,37.28885],[126.82574,37.28881],[126.82627,37.28522],[126.828,37.2798],[126.82931,37.27861],[126.83102,37.27814],[126.83162,37.27809],[126.83255,37.27801],[126.83372,37.27774],[126.83537,37.27696],[126.83556,37.27685],[126.8365,37.27629],[126.83781,37.27541],[126.83791,37.27497],[126.83825,37.2735],[126.83884,37.27143],[126.84003,37.26997],[126.84084,37.26911],[126.84128,37.26865],[126.84253,37.26787],[126.84432,37.26716],[126.84647,37.26587],[126.84717,37.26575],[126.8479,37.26596],[126.84812,37.26651],[126.84934,37.26868],[126.84983,37.26916],[126.85143,37.27075],[126.85272,37.27204],[126.85378,37.27235],[126.85794,37.27388],[126.85822,37.27418],[126.8596,37.27424],[126.8613,37.2743],[126.87118,37.27471],[126.87132,37.27471],[126.87667,37.27772],[126.87815,37.27923],[126.87821,37.28115],[126.87827,37.28247],[126.87853,37.28395],[126.87876,37.28447],[126.87901,37.28504],[126.87907,37.28511],[126.87923,37.28531],[126.87969,37.28567],[126.8833,37.28218],[126.88405,37.28162],[126.88618,37.28053],[126.88781,37.28079],[126.88914,37.28126],[126.89091,37.28202],[126.89139,37.28248],[126.89147,37.28288],[126.89109,37.28385],[126.89287,37.28645],[126.89319,37.28674],[126.89323,37.28677],[126.89526,37.2883],[126.89583,37.28864],[126.89641,37.28899],[126.8977,37.28906],[126.89878,37.28958],[126.89955,37.2902],[126.89841,37.294],[126.9015,37.29098],[126.90555,37.28989],[126.90947,37.29005],[126.91198,37.29015],[126.91213,37.29029],[126.9122,37.29042],[126.91259,37.29105],[126.91309,37.29153],[126.91378,37.29148],[126.91385,37.29147],[126.91613,37.28867],[126.91694,37.28699],[126.91756,37.28539],[126.91817,37.285],[126.91829,37.28493],[126.92371,37.28136],[126.92622,37.27913],[126.92638,37.27908],[126.92737,37.2788],[126.9274,37.27885],[126.92767,37.27946],[126.92778,37.27993],[126.92808,37.28234],[126.92913,37.28557],[126.92924,37.28589],[126.92929,37.28602],[126.92959,37.28622],[126.93139,37.28842],[126.93245,37.29016],[126.93281,37.29102],[126.93298,37.29163],[126.93407,37.29232],[126.93507,37.29269],[126.93929,37.29498],[126.93955,37.29532],[126.93954,37.29535],[126.93934,37.29692],[126.93652,37.29766],[126.93547,37.29803],[126.93355,37.29985],[126.93259,37.30076],[126.93276,37.30297],[126.93295,37.30305],[126.93154,37.30381],[126.93135,37.30396],[126.93128,37.30405],[126.9312,37.30413],[126.93052,37.30521],[126.93051,37.3053],[126.93043,37.30706],[126.92916,37.3069],[126.92616,37.30691],[126.92542,37.30686],[126.92477,37.30679],[126.92258,37.30644],[126.9225,37.30642],[126.92237,37.30618],[126.92225,37.30613],[126.92159,37.30582],[126.92121,37.30566],[126.92091,37.30558],[126.92064,37.30554],[126.91646,37.30515],[126.91622,37.30516],[126.91604,37.30522],[126.91538,37.3055],[126.91528,37.30558],[126.91437,37.31052],[126.91433,37.31094],[126.91433,37.31118],[126.91433,37.31125],[126.91433,37.31131],[126.9144,37.31171],[126.91451,37.31202],[126.9152,37.31355],[126.91551,37.31514],[126.91505,37.31556],[126.91459,37.31583],[126.91445,37.31589],[126.91441,37.31591],[126.91417,37.31594],[126.91391,37.31593],[126.91379,37.31591],[126.91314,37.3157],[126.91283,37.3156],[126.9127,37.31558],[126.91257,37.31557],[126.91246,37.31558],[126.9107,37.31654],[126.91044,37.31677],[126.91039,37.31683],[126.91035,37.31688],[126.91032,37.31693],[126.91028,37.31735],[126.91047,37.31759],[126.91093,37.31777],[126.90816,37.32161],[126.9077,37.32188],[126.90556,37.32165],[126.89503,37.31917],[126.89446,37.31955],[126.8942,37.3197],[126.89413,37.31975],[126.89389,37.3198],[126.89279,37.31981],[126.89187,37.31983],[126.89153,37.31978],[126.88774,37.31791],[126.88577,37.31935],[126.88559,37.31946],[126.8837,37.32059],[126.88328,37.32081],[126.88316,37.32086],[126.88306,37.32086],[126.88163,37.32084],[126.88154,37.32082],[126.87812,37.31946],[126.87421,37.32086],[126.8746,37.32175],[126.87461,37.32178],[126.87466,37.32192],[126.87465,37.32209],[126.87458,37.32224],[126.87454,37.32233],[126.87445,37.32244],[126.87428,37.32257],[126.87399,37.32271],[126.87382,37.32277],[126.87336,37.32307],[126.87275,37.32621],[126.87275,37.3263],[126.87275,37.32635],[126.87276,37.32643],[126.87278,37.32657],[126.87359,37.32928],[126.87398,37.32995],[126.87672,37.33265],[126.87764,37.33266],[126.87858,37.33272],[126.87923,37.33276],[126.87951,37.33283],[126.87992,37.33302],[126.88056,37.33338],[126.88071,37.33347],[126.88091,37.33362],[126.88536,37.3382],[126.88549,37.33838],[126.88678,37.34019],[126.8868,37.34025],[126.88683,37.34032],[126.88767,37.34359],[126.8877,37.34399],[126.88754,37.346],[126.88731,37.34675],[126.88745,37.3473],[126.88867,37.34944],[126.88895,37.34958],[126.88903,37.34961],[126.8896,37.3498],[126.88985,37.34993],[126.89016,37.35013],[126.89192,37.3514],[126.89375,37.35365],[126.89395,37.35548],[126.894,37.35562],[126.89409,37.35571],[126.89724,37.35807],[126.89605,37.35938],[126.89569,37.35998],[126.89561,37.36014],[126.89556,37.36045],[126.89387,37.36635],[126.89128,37.37479],[126.8911,37.37527],[126.88649,37.37658],[126.88191,37.37622],[126.88107,37.37508],[126.87933,37.37352],[126.8778,37.37233],[126.87315,37.36851],[126.87155,37.36591],[126.87122,37.36567],[126.87007,37.36483],[126.86483,37.36152],[126.86362,37.3615],[126.862,37.36149],[126.86131,37.36148],[126.85996,37.36148],[126.85662,37.3611],[126.85449,37.36029],[126.85343,37.36044],[126.85209,37.361],[126.85028,37.36203],[126.85017,37.36286],[126.84977,37.36359],[126.84925,37.36417],[126.84825,37.36505],[126.84622,37.36402],[126.84335,37.36329],[126.84247,37.36325],[126.84166,37.36321],[126.84075,37.36369],[126.84093,37.36323],[126.84101,37.36188],[126.84061,37.35921],[126.84056,37.35894],[126.83976,37.35856],[126.83972,37.35857],[126.83931,37.35867],[126.839,37.35858],[126.83696,37.35577],[126.83712,37.35256],[126.83603,37.3518],[126.83481,37.35065],[126.83456,37.35032],[126.83455,37.35006],[126.83454,37.34995],[126.83519,37.3489],[126.83603,37.34622],[126.83619,37.34577],[126.83634,37.34536],[126.83793,37.34458],[126.83941,37.34385],[126.84066,37.34356],[126.84102,37.34348],[126.84113,37.34345],[126.84124,37.34335],[126.84183,37.3428],[126.84058,37.34154],[126.83966,37.34088],[126.83869,37.34042],[126.83806,37.33999],[126.83752,37.33946],[126.8371,37.33903],[126.84028,37.33502],[126.84144,37.33424],[126.84146,37.33422],[126.84174,37.33087],[126.84178,37.33012],[126.84182,37.32807],[126.8416,37.3281],[126.84139,37.32551],[126.84124,37.32358],[126.84119,37.32282],[126.84104,37.32058],[126.84102,37.3203],[126.84111,37.3201],[126.84126,37.31977],[126.84135,37.31968],[126.84185,37.31921],[126.84227,37.31881],[126.84237,37.3187],[126.84263,37.31844],[126.84315,37.31792],[126.84325,37.31743],[126.84311,37.31629],[126.84262,37.31581],[126.84253,37.31494],[126.84252,37.31489],[126.84211,37.30716],[126.84212,37.30695],[126.84197,37.30637],[126.84191,37.30615],[126.84182,37.30601],[126.84177,37.30593],[126.84164,37.3058],[126.84149,37.30567],[126.84126,37.30554],[126.84093,37.30539],[126.83869,37.30444],[126.83851,37.30438],[126.83798,37.30421],[126.83595,37.30358],[126.83574,37.30352],[126.83545,37.3035],[126.82969,37.30355],[126.82867,37.30408],[126.82388,37.3044],[126.82371,37.30441],[126.82099,37.30363],[126.81871,37.30132],[126.81686,37.29888],[126.81632,37.29801],[126.81513,37.29654],[126.81392,37.29505]]]}},{"type":"Feature","properties":{"id":"41-41273","name":"안산시단원구","sido":"경기도","code":"41273","center":[37.23153,126.60682]},"geometry":{"type":"MultiPolygon","coordinates":[[[[126.37971,37.10791],[126.37989,37.10448],[126.3814,37.10259],[126.38162,37.10244],[126.38202,37.10216],[126.38362,37.10219],[126.38383,37.10219],[126.38589,37.10243],[126.38909,37.10179],[126.38986,37.10146],[126.39061,37.10091],[126.39146,37.10013],[126.39191,37.09969],[126.39196,37.09964],[126.39365,37.099],[126.39489,37.09916],[126.39577,37.09973],[126.39687,37.10071],[126.39773,37.10163],[126.39772,37.10248],[126.39708,37.10331],[126.39707,37.10553],[126.39656,37.10908],[126.39621,37.11001],[126.39486,37.11262],[126.39323,37.11368],[126.38964,37.11525],[126.38777,37.11536],[126.38676,37.11528],[126.38367,37.11504],[126.38286,37.11465],[126.38201,37.11423],[126.37971,37.10791]]],[[[126.44855,37.09923],[126.44883,37.098],[126.45069,37.09589],[126.45164,37.09495],[126.45209,37.09478],[126.45222,37.09473],[126.45294,37.09476],[126.45327,37.09477],[126.4563,37.09508],[126.45714,37.09576],[126.45774,37.09627],[126.45769,37.097],[126.45699,37.09756],[126.45408,37.09979],[126.45408,37.10103],[126.45363,37.10179],[126.45293,37.10252],[126.45267,37.10274],[126.45244,37.10289],[126.45211,37.10312],[126.45122,37.10319],[126.45106,37.10302],[126.45084,37.10279],[126.44899,37.10019],[126.44894,37.10007],[126.44855,37.09923]]],[[[126.4583,37.09159],[126.45849,37.09093],[126.45895,37.09051],[126.45919,37.0903],[126.45964,37.08988],[126.46146,37.08878],[126.4621,37.08871],[126.46446,37.0887],[126.46506,37.08914],[126.46525,37.08967],[126.46521,37.09022],[126.4652,37.09031],[126.46484,37.09098],[126.46409,37.09213],[126.46336,37.09307],[126.46287,37.09369],[126.46232,37.0938],[126.46174,37.09379],[126.45878,37.09229],[126.4586,37.09202],[126.4583,37.09159]]],[[[126.46674,37.08395],[126.46675,37.08377],[126.46678,37.08347],[126.46727,37.08313],[126.46775,37.08281],[126.46808,37.0826],[126.46845,37.08243],[126.46928,37.08245],[126.46936,37.08305],[126.4693,37.08338],[126.46917,37.08387],[126.46902,37.08415],[126.46872,37.08437],[126.46848,37.08448],[126.46822,37.0846],[126.46798,37.08458],[126.46761,37.08456],[126.46715,37.08443],[126.46691,37.08426],[126.46686,37.08422],[126.46674,37.08395]]],[[[126.53266,37.28878],[126.53269,37.28874],[126.53288,37.28845],[126.53344,37.2878],[126.53377,37.28758],[126.53676,37.2865],[126.53709,37.28655],[126.53728,37.28657],[126.53854,37.28574],[126.53895,37.28546],[126.539,37.28361],[126.53915,37.28307],[126.53947,37.28265],[126.54126,37.28167],[126.54197,37.28133],[126.54421,37.28097],[126.54632,37.28064],[126.54861,37.27995],[126.5491,37.27898],[126.54886,37.27654],[126.54967,37.27468],[126.55083,37.27293],[126.5548,37.27108],[126.55488,37.27007],[126.55501,37.26851],[126.55586,37.26792],[126.5564,37.26754],[126.55757,37.26673],[126.55878,37.26163],[126.55806,37.25957],[126.5595,37.2571],[126.56007,37.25702],[126.56164,37.25678],[126.56302,37.2562],[126.56246,37.25286],[126.56224,37.25175],[126.56193,37.25114],[126.56183,37.25099],[126.56154,37.25053],[126.5609,37.24974],[126.55979,37.2486],[126.56036,37.24253],[126.56049,37.24225],[126.56096,37.24176],[126.56212,37.24089],[126.56428,37.23966],[126.56676,37.23717],[126.56581,37.23619],[126.56015,37.23673],[126.55872,37.23711],[126.55826,37.2371],[126.55786,37.23676],[126.55768,37.23624],[126.55756,37.23568],[126.55671,37.23457],[126.55657,37.23449],[126.5562,37.23434],[126.55497,37.23384],[126.55437,37.23361],[126.55431,37.2336],[126.5514,37.23376],[126.55131,37.23378],[126.55109,37.23386],[126.55097,37.23391],[126.54696,37.23374],[126.54444,37.23358],[126.54353,37.23224],[126.54361,37.23217],[126.54379,37.232],[126.54429,37.23088],[126.54439,37.23017],[126.54422,37.22956],[126.54399,37.22909],[126.54282,37.22819],[126.54275,37.22815],[126.54267,37.22814],[126.54233,37.2282],[126.54227,37.22825],[126.54224,37.22828],[126.54205,37.22852],[126.54182,37.22868],[126.54124,37.22904],[126.54096,37.22912],[126.54072,37.22907],[126.54047,37.22897],[126.54038,37.22893],[126.54028,37.22871],[126.54029,37.2285],[126.54075,37.22383],[126.5408,37.22356],[126.54087,37.22348],[126.54106,37.22326],[126.54126,37.22306],[126.5416,37.22287],[126.54186,37.22277],[126.54196,37.22274],[126.54221,37.22271],[126.54256,37.22278],[126.54274,37.22296],[126.54281,37.22328],[126.54285,37.22346],[126.543,37.22395],[126.54347,37.22443],[126.54357,37.22444],[126.54384,37.2244],[126.54472,37.224],[126.54519,37.22368],[126.54589,37.22312],[126.54621,37.22278],[126.54711,37.22072],[126.5471,37.21567],[126.54323,37.21384],[126.54348,37.21333],[126.54404,37.21213],[126.54438,37.21112],[126.54458,37.21019],[126.54497,37.20761],[126.54496,37.20751],[126.54493,37.20716],[126.54472,37.20662],[126.54459,37.20644],[126.54441,37.20634],[126.54392,37.20627],[126.54298,37.20625],[126.54254,37.20632],[126.54237,37.20637],[126.54223,37.20641],[126.54179,37.20675],[126.54172,37.2068],[126.54144,37.20697],[126.54119,37.20702],[126.54097,37.20696],[126.54063,37.20673],[126.54044,37.20648],[126.53912,37.2039],[126.53817,37.20169],[126.53814,37.20149],[126.5379,37.20059],[126.53758,37.19984],[126.53747,37.19972],[126.53694,37.19935],[126.5364,37.19899],[126.53567,37.19911],[126.53542,37.19909],[126.5351,37.19898],[126.53489,37.19882],[126.53479,37.19861],[126.53482,37.19836],[126.53489,37.19826],[126.53498,37.19811],[126.53537,37.19787],[126.5356,37.19782],[126.53589,37.19775],[126.53688,37.1977],[126.53739,37.19776],[126.53778,37.19797],[126.53833,37.19842],[126.54234,37.20275],[126.54243,37.20303],[126.54254,37.20391],[126.54259,37.20463],[126.54249,37.20508],[126.54243,37.20535],[126.54242,37.20546],[126.54252,37.2057],[126.54517,37.20559],[126.54939,37.20488],[126.54984,37.20476],[126.55227,37.20401],[126.55301,37.20363],[126.55512,37.2024],[126.55602,37.20181],[126.55793,37.20033],[126.55915,37.19921],[126.56028,37.19795],[126.56004,37.19732],[126.56005,37.1971],[126.56178,37.1933],[126.56315,37.19416],[126.56382,37.1953],[126.56543,37.19769],[126.56896,37.20088],[126.56885,37.20098],[126.56881,37.20104],[126.56847,37.20196],[126.56845,37.20205],[126.5683,37.20253],[126.56828,37.20268],[126.56827,37.20283],[126.56852,37.2043],[126.56857,37.20449],[126.56862,37.20462],[126.56976,37.20643],[126.56985,37.20653],[126.57019,37.20684],[126.5709,37.20741],[126.57122,37.20762],[126.57134,37.2077],[126.5722,37.20843],[126.57251,37.20874],[126.57298,37.20934],[126.5732,37.2098],[126.57615,37.2162],[126.57629,37.21653],[126.57658,37.21732],[126.57663,37.21765],[126.57674,37.21875],[126.57681,37.21981],[126.57678,37.2201],[126.57677,37.22016],[126.57661,37.22052],[126.57657,37.22056],[126.5795,37.22083],[126.58515,37.22059],[126.58735,37.21794],[126.58739,37.21762],[126.58844,37.21362],[126.58876,37.21357],[126.59071,37.21328],[126.59526,37.21407],[126.59547,37.21435],[126.59621,37.21531],[126.59644,37.2161],[126.5977,37.21672],[126.59863,37.21719],[126.60165,37.21819],[126.60095,37.22056],[126.60115,37.22068],[126.60147,37.22087],[126.60317,37.21628],[126.60308,37.21612],[126.60289,37.21579],[126.60126,37.21396],[126.59814,37.21111],[126.60019,37.20962],[126.60294,37.20762],[126.6054,37.21199],[126.60771,37.21118],[126.60808,37.20928],[126.61432,37.20729],[126.61583,37.20923],[126.61256,37.21444],[126.6126,37.21629],[126.61162,37.21902],[126.60733,37.22265],[126.60423,37.22424],[126.60338,37.22422],[126.60293,37.22421],[126.60255,37.2242],[126.59951,37.2269],[126.59977,37.22716],[126.59992,37.22732],[126.60041,37.2278],[126.6028,37.23018],[126.60714,37.22963],[126.60791,37.2294],[126.60847,37.22924],[126.61004,37.22957],[126.61043,37.23033],[126.60995,37.23263],[126.61121,37.23376],[126.61324,37.233],[126.61334,37.23287],[126.61498,37.23064],[126.61928,37.22932],[126.62003,37.23046],[126.6195,37.23313],[126.6218,37.23612],[126.62304,37.23573],[126.62424,37.23535],[126.62403,37.23458],[126.62393,37.23447],[126.62373,37.23437],[126.62345,37.23423],[126.62326,37.22824],[126.62326,37.22803],[126.62328,37.22766],[126.6234,37.22699],[126.62526,37.22313],[126.62679,37.22216],[126.62699,37.22212],[126.62791,37.22215],[126.62921,37.218],[126.63101,37.21752],[126.63169,37.21737],[126.6323,37.21723],[126.6343,37.21696],[126.63733,37.21632],[126.63737,37.21631],[126.63941,37.21555],[126.6411,37.2146],[126.64298,37.21344],[126.64459,37.21237],[126.64683,37.21077],[126.64686,37.2097],[126.64689,37.20863],[126.64583,37.20696],[126.64381,37.20668],[126.64336,37.20672],[126.64277,37.20666],[126.64251,37.20659],[126.64226,37.20647],[126.64207,37.20629],[126.64178,37.20592],[126.64127,37.20453],[126.64131,37.20413],[126.6419,37.20275],[126.6423,37.20155],[126.64232,37.20137],[126.64179,37.19962],[126.64161,37.19934],[126.64123,37.19894],[126.64086,37.19846],[126.64059,37.19793],[126.64064,37.19778],[126.64103,37.19657],[126.6418,37.19557],[126.64227,37.19549],[126.6438,37.19432],[126.64387,37.19425],[126.64544,37.19195],[126.64562,37.19166],[126.64755,37.19289],[126.65044,37.19752],[126.65067,37.19793],[126.65082,37.19825],[126.65125,37.19953],[126.65131,37.19974],[126.65116,37.20008],[126.64863,37.20231],[126.6464,37.2042],[126.6463,37.20428],[126.64626,37.20439],[126.64629,37.20457],[126.64666,37.20571],[126.64722,37.20646],[126.64914,37.2066],[126.65025,37.20677],[126.65204,37.20732],[126.65237,37.2077],[126.65286,37.20827],[126.65434,37.21071],[126.65435,37.21185],[126.65338,37.21329],[126.65322,37.21348],[126.65298,37.21366],[126.65269,37.21373],[126.65209,37.21375],[126.65168,37.21368],[126.65156,37.21358],[126.6514,37.21345],[126.6512,37.21323],[126.65108,37.2131],[126.6508,37.21273],[126.65074,37.21138],[126.65074,37.21114],[126.65074,37.21099],[126.65078,37.21066],[126.65089,37.21032],[126.65103,37.21009],[126.65089,37.20978],[126.65082,37.20972],[126.64975,37.20913],[126.64945,37.20899],[126.64913,37.20892],[126.64884,37.20891],[126.64762,37.20885],[126.64749,37.21064],[126.64926,37.2152],[126.64974,37.21825],[126.65045,37.21903],[126.65093,37.21945],[126.65131,37.21977],[126.65144,37.21997],[126.65155,37.22012],[126.65164,37.22042],[126.65168,37.22078],[126.65073,37.22503],[126.65071,37.22505],[126.65054,37.22529],[126.65029,37.22548],[126.64972,37.22564],[126.64928,37.22568],[126.64899,37.2257],[126.64858,37.2258],[126.64819,37.22591],[126.64779,37.22607],[126.64764,37.22615],[126.64749,37.22623],[126.64659,37.22677],[126.64577,37.22733],[126.64547,37.2276],[126.64513,37.2279],[126.64377,37.22881],[126.6423,37.22947],[126.64087,37.22998],[126.63994,37.23029],[126.63531,37.23166],[126.63373,37.2322],[126.63212,37.23317],[126.62994,37.2344],[126.62836,37.23475],[126.62744,37.23493],[126.62714,37.235],[126.62705,37.23503],[126.62688,37.23507],[126.62475,37.23583],[126.62259,37.23664],[126.62351,37.23952],[126.62642,37.24408],[126.62585,37.24418],[126.62339,37.24325],[126.62164,37.24449],[126.61928,37.24616],[126.62086,37.24795],[126.62117,37.24829],[126.62049,37.24877],[126.62004,37.24881],[126.61782,37.24901],[126.61456,37.25046],[126.61569,37.25409],[126.61746,37.25588],[126.61771,37.25613],[126.61822,37.2574],[126.61634,37.25898],[126.61618,37.25905],[126.61482,37.25959],[126.6135,37.25984],[126.61113,37.26028],[126.60933,37.26055],[126.60912,37.26058],[126.60836,37.26161],[126.60859,37.26237],[126.60879,37.26304],[126.60838,37.26317],[126.60768,37.26339],[126.60426,37.26318],[126.59949,37.2624],[126.59686,37.26243],[126.59198,37.26376],[126.59068,37.26412],[126.58626,37.26734],[126.58552,37.26864],[126.58718,37.2709],[126.58715,37.27118],[126.58707,37.27219],[126.58437,37.27336],[126.58306,37.27393],[126.58243,37.27361],[126.58131,37.27307],[126.58032,37.27363],[126.57946,37.27412],[126.5772,37.27518],[126.57406,37.27614],[126.57256,37.27615],[126.57233,37.27562],[126.57166,37.27409],[126.57075,37.27271],[126.57064,37.27261],[126.57002,37.272],[126.56925,37.27205],[126.56985,37.27724],[126.57004,37.27855],[126.57022,37.27985],[126.57145,37.28151],[126.57184,37.28205],[126.5721,37.2824],[126.57298,37.28296],[126.57516,37.28434],[126.57566,37.28566],[126.57626,37.28722],[126.57796,37.2883],[126.57972,37.2881],[126.58062,37.28826],[126.58219,37.28855],[126.58615,37.293],[126.58553,37.29339],[126.58406,37.29431],[126.5814,37.29168],[126.57976,37.29186],[126.57923,37.29324],[126.58057,37.29373],[126.58369,37.295],[126.59566,37.30189],[126.60802,37.30899],[126.61079,37.31046],[126.61258,37.3114],[126.61478,37.31257],[126.62201,37.31465],[126.64666,37.32176],[126.64525,37.32447],[126.6122,37.31513],[126.60772,37.3126],[126.60454,37.3108],[126.60409,37.31054],[126.60386,37.3104],[126.59268,37.30391],[126.579,37.29596],[126.57809,37.29626],[126.57517,37.29723],[126.57419,37.29757],[126.5736,37.29777],[126.57208,37.29872],[126.57081,37.29819],[126.5712,37.29628],[126.57306,37.29648],[126.57348,37.29623],[126.57371,37.29609],[126.57677,37.29165],[126.5771,37.29094],[126.57433,37.28833],[126.5695,37.28536],[126.56802,37.28573],[126.56545,37.28386],[126.56529,37.28375],[126.56538,37.28321],[126.56546,37.28282],[126.56585,37.28277],[126.56767,37.28256],[126.5677,37.28205],[126.56774,37.28135],[126.56691,37.28088],[126.56218,37.27821],[126.5604,37.27754],[126.55815,37.27773],[126.55685,37.27784],[126.55646,37.2793],[126.5569,37.28011],[126.55714,37.28055],[126.55734,37.28065],[126.55758,37.28078],[126.55777,37.2812],[126.55776,37.2814],[126.55776,37.28167],[126.55708,37.28306],[126.55637,37.28374],[126.5555,37.28409],[126.55432,37.28321],[126.55414,37.28303],[126.55378,37.28263],[126.55185,37.28188],[126.55097,37.2824],[126.55054,37.28275],[126.54937,37.28371],[126.54764,37.28451],[126.54695,37.28468],[126.54607,37.28445],[126.54565,37.28442],[126.54164,37.28563],[126.54146,37.28595],[126.54134,37.28616],[126.54043,37.28678],[126.53515,37.28916],[126.5349,37.28921],[126.5347,37.28926],[126.53294,37.28915],[126.53281,37.28897],[126.53266,37.28878]]],[[[126.61235,37.22839],[126.61242,37.22827],[126.61255,37.22806],[126.61264,37.22793],[126.61265,37.22791],[126.61275,37.22785],[126.61285,37.22778],[126.61361,37.22768],[126.61394,37.22775],[126.61508,37.22919],[126.61519,37.2294],[126.6151,37.2296],[126.61507,37.22966],[126.6149,37.22983],[126.61462,37.23002],[126.61429,37.23011],[126.61376,37.23012],[126.6135,37.23004],[126.613,37.2297],[126.61276,37.22936],[126.61245,37.2288],[126.61243,37.22876],[126.61236,37.22863],[126.61235,37.22839]]],[[[126.61395,37.22513],[126.61402,37.22484],[126.61445,37.22368],[126.61468,37.22353],[126.61497,37.22346],[126.61779,37.22367],[126.61805,37.22378],[126.61822,37.22405],[126.61833,37.22437],[126.61836,37.22447],[126.61832,37.22486],[126.61826,37.22502],[126.61776,37.22604],[126.61759,37.22752],[126.61752,37.22796],[126.61741,37.22817],[126.61719,37.22842],[126.6171,37.22852],[126.61675,37.22869],[126.61628,37.2287],[126.61602,37.22859],[126.61411,37.22567],[126.61398,37.22544],[126.61395,37.22513]]],[[[126.62683,37.24927],[126.62708,37.24872],[126.628,37.24738],[126.62843,37.24724],[126.62875,37.2475],[126.63108,37.24942],[126.63119,37.24964],[126.6312,37.2499],[126.63078,37.25077],[126.63058,37.25095],[126.63038,37.25097],[126.63,37.25092],[126.62838,37.25059],[126.62828,37.25055],[126.62802,37.25046],[126.62721,37.24999],[126.62703,37.24976],[126.62683,37.24927]]],[[[126.62993,37.18609],[126.62994,37.1856],[126.63025,37.18541],[126.63079,37.18557],[126.63255,37.18653],[126.63286,37.1867],[126.63379,37.18741],[126.63864,37.18806],[126.64013,37.18873],[126.63917,37.18917],[126.63355,37.18896],[126.63302,37.1889],[126.63261,37.18876],[126.63095,37.18757],[126.63086,37.18747],[126.63078,37.18737],[126.63002,37.18634],[126.62993,37.18609]]],[[[126.71716,37.30752],[126.72558,37.30232],[126.73625,37.29939],[126.77258,37.28941],[126.77947,37.29135],[126.78299,37.29235],[126.79454,37.29426],[126.80418,37.29625],[126.80528,37.29692],[126.8067,37.29778],[126.80725,37.29874],[126.80721,37.29894],[126.80715,37.29929],[126.81632,37.29801],[126.81686,37.29888],[126.81871,37.30132],[126.82099,37.30363],[126.82371,37.30441],[126.82388,37.3044],[126.82867,37.30408],[126.82969,37.30355],[126.83545,37.3035],[126.83574,37.30352],[126.83595,37.30358],[126.83798,37.30421],[126.83851,37.30438],[126.83869,37.30444],[126.84093,37.30539],[126.84126,37.30554],[126.84149,37.30567],[126.84164,37.3058],[126.84177,37.30593],[126.84182,37.30601],[126.84191,37.30615],[126.84197,37.30637],[126.84212,37.30695],[126.84211,37.30716],[126.84252,37.31489],[126.84253,37.31494],[126.84262,37.31581],[126.84311,37.31629],[126.84325,37.31743],[126.84315,37.31792],[126.84263,37.31844],[126.84237,37.3187],[126.84227,37.31881],[126.84185,37.31921],[126.84135,37.31968],[126.84126,37.31977],[126.84111,37.3201],[126.84102,37.3203],[126.84104,37.32058],[126.84119,37.32282],[126.84124,37.32358],[126.84139,37.32551],[126.8416,37.3281],[126.84182,37.32807],[126.84178,37.33012],[126.84174,37.33087],[126.84146,37.33422],[126.84144,37.33424],[126.84028,37.33502],[126.8371,37.33903],[126.83752,37.33946],[126.83806,37.33999],[126.83869,37.34042],[126.83966,37.34088],[126.84058,37.34154],[126.84183,37.3428],[126.84124,37.34335],[126.84113,37.34345],[126.84102,37.34348],[126.84066,37.34356],[126.83941,37.34385],[126.83793,37.34458],[126.83634,37.34536],[126.83619,37.34577],[126.83603,37.34622],[126.83519,37.3489],[126.83454,37.34995],[126.83455,37.35006],[126.83456,37.35032],[126.83481,37.35065],[126.83603,37.3518],[126.83712,37.35256],[126.83696,37.35577],[126.839,37.35858],[126.83931,37.35867],[126.83972,37.35857],[126.83976,37.35856],[126.84056,37.35894],[126.84061,37.35921],[126.84101,37.36188],[126.84093,37.36323],[126.84075,37.36369],[126.83959,37.36289],[126.8339,37.36193],[126.83352,37.36187],[126.83318,37.36182],[126.83163,37.36165],[126.83058,37.36218],[126.82914,37.36326],[126.82874,37.3635],[126.82763,37.3642],[126.82644,37.36413],[126.82615,37.36381],[126.82562,37.36323],[126.82372,37.36314],[126.81856,37.35971],[126.81665,37.35765],[126.81465,37.35686],[126.81087,37.3557],[126.81022,37.35562],[126.80894,37.35514],[126.80578,37.35349],[126.80547,37.35342],[126.80312,37.35311],[126.80269,37.35309],[126.8023,37.35308],[126.80216,37.3531],[126.79625,37.35474],[126.79528,37.35514],[126.79341,37.35346],[126.79253,37.35303],[126.79174,37.35263],[126.79158,37.35248],[126.7908,37.35037],[126.79072,37.34983],[126.79053,37.34868],[126.79051,37.34798],[126.79087,37.34729],[126.79209,37.34314],[126.79183,37.34298],[126.7911,37.34247],[126.79102,37.3424],[126.79091,37.34229],[126.79079,37.34219],[126.79061,37.34201],[126.79034,37.34171],[126.79024,37.3416],[126.78941,37.34068],[126.78937,37.3406],[126.7893,37.34045],[126.78929,37.34042],[126.78923,37.34024],[126.78914,37.34008],[126.78898,37.33981],[126.78892,37.33975],[126.78818,37.33913],[126.78794,37.33896],[126.78739,37.33857],[126.78405,37.33747],[126.78405,37.33855],[126.7828,37.34006],[126.78153,37.34026],[126.78086,37.34036],[126.7792,37.34066],[126.77907,37.34071],[126.77887,37.3408],[126.77638,37.34201],[126.77479,37.34103],[126.77391,37.34075],[126.77059,37.34042],[126.76822,37.33942],[126.76394,37.34162],[126.76371,37.34161],[126.76162,37.34147],[126.7615,37.34147],[126.7602,37.34105],[126.7601,37.341],[126.75983,37.34085],[126.75979,37.34065],[126.75975,37.34039],[126.75968,37.34018],[126.75964,37.34011],[126.75954,37.33995],[126.75812,37.33849],[126.75803,37.33839],[126.75777,37.33813],[126.75765,37.33805],[126.75737,37.33787],[126.75566,37.33694],[126.75437,37.33623],[126.75241,37.33516],[126.75023,37.33396],[126.75012,37.33389],[126.74989,37.33373],[126.74979,37.33364],[126.74973,37.33358],[126.74962,37.33345],[126.74959,37.3334],[126.74947,37.3332],[126.74945,37.33314],[126.7493,37.33275],[126.74809,37.32785],[126.74767,37.3256],[126.74765,37.32478],[126.74656,37.32473],[126.74515,37.32558],[126.74433,37.3261],[126.74358,37.32657],[126.74338,37.32669],[126.74175,37.32769],[126.74147,37.32787],[126.74032,37.32858],[126.73976,37.32892],[126.73887,37.32947],[126.73852,37.32968],[126.73436,37.32539],[126.73226,37.32322],[126.73121,37.32212],[126.72974,37.3206],[126.72403,37.31469],[126.7228,37.31341],[126.72072,37.31123],[126.71716,37.30752]],[[126.78923,37.34024],[126.79084,37.33921],[126.79077,37.33925],[126.78923,37.34024]]]]}},{"type":"Feature","properties":{"id":"41-41281","name":"고양시덕양구","sido":"경기도","code":"41281","center":[37.6561,126.87875]},"geometry":{"type":"Polygon","coordinates":[[[126.77269,37.62974],[126.774,37.62219],[126.77489,37.62175],[126.77799,37.61968],[126.77887,37.61909],[126.78016,37.6182],[126.78188,37.61702],[126.78213,37.61685],[126.78251,37.61659],[126.78564,37.6151],[126.7867,37.61464],[126.78764,37.61423],[126.78776,37.61418],[126.7884,37.6139],[126.78875,37.61375],[126.7918,37.61283],[126.7921,37.61274],[126.79322,37.6124],[126.79746,37.61102],[126.79795,37.61086],[126.79853,37.61048],[126.80069,37.60857],[126.80422,37.60473],[126.80484,37.60412],[126.80494,37.60402],[126.8055,37.60369],[126.80664,37.60279],[126.80689,37.60258],[126.80719,37.60231],[126.80987,37.59995],[126.81001,37.59982],[126.81013,37.59972],[126.811,37.59894],[126.81128,37.59868],[126.81247,37.5976],[126.81337,37.59679],[126.81606,37.59436],[126.81805,37.59264],[126.82026,37.59096],[126.82043,37.59084],[126.82225,37.58993],[126.82387,37.58926],[126.82683,37.58835],[126.85094,37.57562],[126.85669,37.57477],[126.85775,37.57464],[126.85785,37.57562],[126.86172,37.57586],[126.86495,37.57584],[126.86664,37.57645],[126.86799,37.57739],[126.87335,37.57885],[126.87626,37.57896],[126.87708,37.5789],[126.87744,37.5794],[126.87752,37.57952],[126.87763,37.57975],[126.87747,37.58031],[126.87663,37.58156],[126.87667,37.58412],[126.87763,37.5862],[126.88029,37.58964],[126.88037,37.58971],[126.88049,37.58981],[126.88224,37.59094],[126.88338,37.59172],[126.88393,37.59218],[126.88412,37.59241],[126.88432,37.59267],[126.88482,37.59339],[126.88658,37.59384],[126.88622,37.59233],[126.88544,37.59109],[126.88581,37.59008],[126.88632,37.58943],[126.88726,37.58859],[126.88741,37.58858],[126.8914,37.58846],[126.89696,37.58862],[126.89984,37.58987],[126.89978,37.58997],[126.89958,37.59046],[126.89901,37.59259],[126.89899,37.59266],[126.89933,37.59324],[126.89995,37.59377],[126.90056,37.5943],[126.90136,37.59618],[126.90142,37.59827],[126.90149,37.59937],[126.90123,37.60012],[126.90087,37.60077],[126.90072,37.601],[126.90048,37.60131],[126.90023,37.60203],[126.90026,37.60315],[126.90208,37.60382],[126.90171,37.60573],[126.90221,37.60709],[126.90198,37.60939],[126.90187,37.61],[126.90121,37.61233],[126.90115,37.61237],[126.90103,37.61246],[126.90189,37.61559],[126.90339,37.6188],[126.90524,37.6195],[126.9052,37.62002],[126.90644,37.62403],[126.9066,37.6242],[126.90709,37.62475],[126.90794,37.62539],[126.90881,37.62905],[126.90742,37.63022],[126.90717,37.63058],[126.90665,37.63173],[126.90663,37.63178],[126.90655,37.63205],[126.90653,37.63252],[126.90723,37.63319],[126.90726,37.63321],[126.90732,37.63327],[126.90748,37.63341],[126.90917,37.63478],[126.90982,37.63511],[126.91023,37.63867],[126.91082,37.64016],[126.91171,37.64102],[126.9121,37.64126],[126.9123,37.64143],[126.91247,37.64169],[126.91247,37.6418],[126.91223,37.64438],[126.90758,37.64649],[126.90527,37.64891],[126.90777,37.64763],[126.91118,37.6458],[126.91237,37.64525],[126.91287,37.64506],[126.91389,37.64471],[126.91419,37.64468],[126.92127,37.64556],[126.92153,37.64564],[126.92209,37.64582],[126.92217,37.64585],[126.92243,37.64594],[126.92336,37.64634],[126.92454,37.64696],[126.92514,37.64729],[126.92522,37.64734],[126.92542,37.64744],[126.9255,37.6475],[126.92567,37.64762],[126.92599,37.64786],[126.92691,37.64853],[126.92794,37.64929],[126.92851,37.6497],[126.92861,37.64977],[126.9287,37.64983],[126.92889,37.64996],[126.92974,37.6504],[126.93039,37.65056],[126.9312,37.65063],[126.93127,37.65062],[126.93449,37.65056],[126.93473,37.65064],[126.93519,37.65089],[126.93704,37.65193],[126.9385,37.65416],[126.93859,37.65442],[126.93897,37.65495],[126.93926,37.65534],[126.93938,37.6555],[126.94039,37.65663],[126.94103,37.65706],[126.94119,37.65715],[126.94255,37.65779],[126.94282,37.65788],[126.94362,37.65815],[126.94632,37.65887],[126.94653,37.65891],[126.94708,37.65899],[126.94731,37.65893],[126.94742,37.65874],[126.94743,37.65871],[126.94745,37.65868],[126.94759,37.65835],[126.94879,37.65696],[126.95116,37.65501],[126.95119,37.65499],[126.95125,37.65495],[126.95207,37.65476],[126.95233,37.65473],[126.95236,37.65473],[126.95258,37.65472],[126.95355,37.65502],[126.95462,37.65475],[126.95634,37.65307],[126.95677,37.65265],[126.95975,37.64846],[126.96173,37.64516],[126.96442,37.64307],[126.96476,37.64295],[126.96501,37.64276],[126.96829,37.63932],[126.96882,37.63868],[126.96886,37.63842],[126.96879,37.63705],[126.96876,37.63698],[126.97087,37.63299],[126.97179,37.63229],[126.97507,37.63139],[126.97672,37.63263],[126.97854,37.63385],[126.98359,37.63645],[126.98366,37.63646],[126.98463,37.63656],[126.98637,37.64065],[126.98589,37.64057],[126.98426,37.64177],[126.98411,37.64191],[126.98404,37.64199],[126.98398,37.64206],[126.98392,37.64213],[126.98388,37.64217],[126.98327,37.6436],[126.98325,37.64365],[126.98324,37.6437],[126.98332,37.6438],[126.98345,37.64394],[126.98362,37.64404],[126.98376,37.64412],[126.9842,37.64447],[126.98478,37.64551],[126.98494,37.64582],[126.98496,37.6459],[126.98496,37.64599],[126.98464,37.64746],[126.98462,37.64755],[126.9837,37.64978],[126.98363,37.64991],[126.98351,37.65003],[126.98224,37.6513],[126.9821,37.65143],[126.98099,37.6529],[126.9797,37.65479],[126.97964,37.65488],[126.97945,37.65574],[126.97945,37.65583],[126.97955,37.65603],[126.97957,37.65608],[126.97965,37.65622],[126.97978,37.65642],[126.97995,37.65658],[126.98129,37.65742],[126.98142,37.65749],[126.98169,37.65753],[126.98307,37.65811],[126.98464,37.65906],[126.98485,37.6592],[126.985,37.6593],[126.98618,37.66066],[126.98641,37.66098],[126.98664,37.66141],[126.98802,37.66334],[126.98937,37.6638],[126.98984,37.6639],[126.99243,37.66483],[126.99284,37.66502],[126.99416,37.66628],[126.99426,37.66648],[126.99355,37.67324],[126.99299,37.67742],[126.99296,37.67761],[126.99276,37.67841],[126.99257,37.67878],[126.99174,37.67947],[126.99116,37.67941],[126.98988,37.68057],[126.98928,37.68155],[126.98758,37.68262],[126.98207,37.68542],[126.98086,37.68594],[126.97929,37.68622],[126.97766,37.68631],[126.97638,37.68636],[126.97621,37.68633],[126.97535,37.68617],[126.97464,37.68632],[126.97299,37.68668],[126.96849,37.69004],[126.96577,37.69236],[126.9656,37.6924],[126.96524,37.69247],[126.96455,37.69227],[126.96234,37.69184],[126.95996,37.69149],[126.95899,37.69158],[126.95643,37.69242],[126.95585,37.69256],[126.95444,37.69265],[126.95275,37.69007],[126.95255,37.68921],[126.95206,37.68874],[126.95101,37.68772],[126.94962,37.68728],[126.94885,37.68716],[126.9479,37.6869],[126.94757,37.68673],[126.94563,37.68579],[126.94479,37.68513],[126.94474,37.68504],[126.94464,37.68485],[126.94323,37.67999],[126.94308,37.67943],[126.94387,37.67822],[126.94471,37.67693],[126.94458,37.67645],[126.94293,37.67309],[126.94163,37.67195],[126.93982,37.67076],[126.93816,37.67143],[126.93495,37.67193],[126.93195,37.67236],[126.93006,37.67229],[126.92934,37.67173],[126.92803,37.6707],[126.92432,37.6714],[126.92178,37.67193],[126.9215,37.67191],[126.92081,37.67186],[126.92074,37.67178],[126.92043,37.67146],[126.92056,37.67121],[126.92064,37.67104],[126.9206,37.67043],[126.92036,37.66959],[126.91924,37.66939],[126.91905,37.66936],[126.91297,37.66873],[126.91134,37.6687],[126.91022,37.6691],[126.909,37.66962],[126.90805,37.67026],[126.90614,37.6734],[126.90612,37.67364],[126.90609,37.67395],[126.9064,37.67486],[126.90649,37.67496],[126.90688,37.67542],[126.90729,37.67428],[126.90827,37.67397],[126.90949,37.67372],[126.9103,37.6738],[126.91138,37.67439],[126.91241,37.67562],[126.9145,37.679],[126.91478,37.67961],[126.91476,37.67994],[126.91453,37.68052],[126.91402,37.6822],[126.91399,37.68369],[126.91399,37.68392],[126.91398,37.68446],[126.91401,37.6868],[126.91401,37.68724],[126.9141,37.68766],[126.91415,37.68791],[126.91579,37.6911],[126.91615,37.69119],[126.91874,37.69418],[126.92174,37.69903],[126.92275,37.70259],[126.92247,37.70299],[126.92241,37.70307],[126.92339,37.70598],[126.92446,37.70745],[126.92467,37.70787],[126.92475,37.70961],[126.92472,37.71068],[126.92454,37.71173],[126.9242,37.71197],[126.92293,37.71265],[126.92267,37.71274],[126.9223,37.71278],[126.9221,37.71281],[126.92093,37.71335],[126.92047,37.71368],[126.92178,37.71492],[126.92282,37.71591],[126.92308,37.71624],[126.92504,37.71991],[126.92508,37.72048],[126.92486,37.72077],[126.92435,37.72123],[126.92426,37.72131],[126.92307,37.72501],[126.92321,37.72558],[126.92332,37.72583],[126.92347,37.72649],[126.9236,37.72765],[126.92354,37.72795],[126.92341,37.72857],[126.92339,37.72861],[126.92329,37.72879],[126.92231,37.72908],[126.92224,37.7291],[126.92204,37.7292],[126.92196,37.72945],[126.9219,37.72986],[126.92189,37.72992],[126.92189,37.72997],[126.92189,37.73018],[126.92235,37.73132],[126.92261,37.73194],[126.92337,37.73263],[126.92643,37.73513],[126.92857,37.73603],[126.92941,37.73596],[126.93006,37.7359],[126.93038,37.73614],[126.93102,37.73751],[126.93101,37.73781],[126.93064,37.73901],[126.93031,37.74011],[126.93008,37.74141],[126.93006,37.74201],[126.93006,37.74284],[126.93011,37.74296],[126.93021,37.74317],[126.93042,37.74324],[126.93125,37.7437],[126.93229,37.7445],[126.93282,37.74512],[126.93299,37.74538],[126.93034,37.74762],[126.92974,37.74812],[126.92971,37.74853],[126.92926,37.74902],[126.92919,37.74905],[126.92893,37.74918],[126.92839,37.74929],[126.92781,37.74928],[126.92636,37.74879],[126.92622,37.74868],[126.92617,37.74852],[126.92606,37.74841],[126.92593,37.7483],[126.92575,37.74818],[126.92555,37.74807],[126.92416,37.74767],[126.92183,37.74703],[126.91962,37.7472],[126.91885,37.74747],[126.9183,37.74766],[126.91699,37.7479],[126.91558,37.74812],[126.91533,37.74811],[126.91529,37.74811],[126.90956,37.74722],[126.90879,37.74696],[126.90874,37.74692],[126.90867,37.74686],[126.90862,37.74674],[126.90819,37.74567],[126.90818,37.74554],[126.90818,37.74542],[126.90822,37.74524],[126.90831,37.74508],[126.90845,37.74499],[126.90876,37.7449],[126.9089,37.74485],[126.90882,37.74475],[126.90871,37.74462],[126.90838,37.74434],[126.90569,37.74256],[126.90471,37.74203],[126.90387,37.74177],[126.90358,37.7416],[126.90088,37.73713],[126.90081,37.73686],[126.90118,37.73527],[126.90126,37.73516],[126.90161,37.73464],[126.90189,37.73429],[126.90217,37.73153],[126.90216,37.72843],[126.9017,37.72793],[126.90156,37.72782],[126.90147,37.72776],[126.89969,37.72689],[126.89927,37.72676],[126.8978,37.72668],[126.89732,37.72685],[126.89701,37.72696],[126.89469,37.72677],[126.89172,37.7253],[126.88923,37.72345],[126.88873,37.7228],[126.88819,37.72082],[126.88795,37.72045],[126.88692,37.71888],[126.88614,37.71845],[126.88466,37.7182],[126.88437,37.71866],[126.88425,37.71884],[126.8836,37.71939],[126.88353,37.7194],[126.8827,37.71931],[126.88327,37.71981],[126.88099,37.72616],[126.87971,37.72627],[126.87871,37.72632],[126.87713,37.72622],[126.87602,37.7255],[126.87511,37.72555],[126.87343,37.72614],[126.87285,37.72698],[126.87149,37.7293],[126.86765,37.72959],[126.86586,37.73159],[126.86495,37.73254],[126.86454,37.73259],[126.86424,37.7326],[126.86253,37.73265],[126.86225,37.73252],[126.86222,37.7325],[126.86094,37.73268],[126.85893,37.7334],[126.85891,37.73407],[126.85656,37.73572],[126.85655,37.73556],[126.85647,37.73457],[126.85582,37.73414],[126.8544,37.73366],[126.85377,37.73366],[126.85324,37.73366],[126.85313,37.73366],[126.85289,37.73372],[126.85258,37.7338],[126.85137,37.7341],[126.85109,37.73417],[126.84804,37.73369],[126.84125,37.7315],[126.84037,37.73019],[126.83993,37.72939],[126.83946,37.72867],[126.83942,37.72865],[126.83939,37.72863],[126.83932,37.72859],[126.83917,37.72852],[126.83708,37.72757],[126.83623,37.72748],[126.83563,37.72807],[126.83594,37.72756],[126.83628,37.72699],[126.83669,37.72656],[126.83728,37.72593],[126.83775,37.7255],[126.8387,37.72462],[126.83872,37.7246],[126.83885,37.72445],[126.8393,37.72394],[126.83992,37.72322],[126.84077,37.72134],[126.84178,37.71641],[126.84391,37.71235],[126.84656,37.70716],[126.84833,37.70289],[126.84842,37.70257],[126.84923,37.69975],[126.84926,37.69968],[126.84942,37.69913],[126.8497,37.69824],[126.84976,37.69804],[126.85145,37.6967],[126.85161,37.6966],[126.8517,37.69655],[126.85383,37.69526],[126.85484,37.69373],[126.85497,37.69353],[126.85497,37.69345],[126.85494,37.69213],[126.85342,37.68993],[126.85255,37.6888],[126.85005,37.68988],[126.84914,37.69019],[126.84899,37.69022],[126.84896,37.69023],[126.84893,37.69012],[126.84889,37.68994],[126.84808,37.68633],[126.84341,37.68576],[126.84146,37.68539],[126.83993,37.68431],[126.83542,37.68303],[126.83527,37.68303],[126.83506,37.68303],[126.83421,37.68304],[126.83352,37.68309],[126.83218,37.67938],[126.83232,37.6784],[126.83238,37.67789],[126.83238,37.67784],[126.82686,37.67476],[126.82272,37.6727],[126.82244,37.67254],[126.82163,37.67205],[126.82128,37.67179],[126.82101,37.67148],[126.82093,37.67136],[126.8209,37.67129],[126.82088,37.67123],[126.82083,37.67098],[126.82075,37.66758],[126.8194,37.66422],[126.81896,37.66428],[126.81892,37.66427],[126.81888,37.66427],[126.81885,37.66426],[126.81832,37.6641],[126.81824,37.66408],[126.8159,37.66325],[126.81561,37.66312],[126.81543,37.66301],[126.81521,37.66287],[126.81489,37.66262],[126.81464,37.66201],[126.81444,37.66117],[126.81439,37.66087],[126.81432,37.66036],[126.81345,37.65994],[126.81271,37.65976],[126.81109,37.65951],[126.81086,37.65906],[126.81082,37.65873],[126.81095,37.65856],[126.81114,37.6583],[126.81171,37.65785],[126.81229,37.65744],[126.81359,37.6565],[126.81378,37.6564],[126.81434,37.65615],[126.81588,37.65561],[126.81605,37.65549],[126.81601,37.65532],[126.81592,37.65488],[126.81609,37.65288],[126.8166,37.65126],[126.8168,37.65091],[126.81704,37.65062],[126.8172,37.65043],[126.81772,37.64989],[126.81778,37.64983],[126.8178,37.6498],[126.81816,37.64917],[126.81785,37.64851],[126.81608,37.64635],[126.81585,37.64567],[126.81584,37.64563],[126.81581,37.64559],[126.81487,37.64432],[126.81473,37.64416],[126.81437,37.64389],[126.81429,37.64383],[126.81422,37.6438],[126.81342,37.64358],[126.81312,37.64357],[126.81234,37.64359],[126.81325,37.6454],[126.81336,37.64604],[126.81347,37.64754],[126.81297,37.64812],[126.81248,37.64819],[126.81203,37.64813],[126.80943,37.6466],[126.80747,37.64533],[126.80588,37.64382],[126.8039,37.64333],[126.80305,37.64351],[126.80302,37.64351],[126.80298,37.64352],[126.80209,37.645],[126.80115,37.64466],[126.79729,37.64241],[126.79682,37.64131],[126.79669,37.64117],[126.79527,37.64054],[126.79524,37.64051],[126.79515,37.6404],[126.79509,37.64027],[126.79506,37.64018],[126.79502,37.64008],[126.79501,37.63999],[126.79498,37.6398],[126.79483,37.63883],[126.79479,37.63856],[126.79472,37.63798],[126.79455,37.6367],[126.79413,37.6319],[126.79448,37.629],[126.79447,37.62894],[126.79446,37.62885],[126.79434,37.62867],[126.79413,37.6285],[126.79383,37.62826],[126.79377,37.62822],[126.79308,37.62774],[126.79304,37.62774],[126.79121,37.62774],[126.78997,37.62773],[126.78919,37.62773],[126.78848,37.62773],[126.78769,37.6282],[126.7875,37.62831],[126.78738,37.62838],[126.78729,37.62844],[126.78687,37.62872],[126.78639,37.62909],[126.78627,37.62922],[126.78625,37.62925],[126.78595,37.62981],[126.78575,37.63013],[126.78537,37.63068],[126.78523,37.63088],[126.78481,37.63126],[126.78405,37.63151],[126.77759,37.63182],[126.77544,37.63188],[126.77427,37.63191],[126.77269,37.62974]]]}},{"type":"Feature","properties":{"id":"41-41285","name":"고양시일산동구","sido":"경기도","code":"41285","center":[37.67939,126.79758]},"geometry":{"type":"Polygon","coordinates":[[[126.74086,37.6539],[126.74089,37.64771],[126.7409,37.64248],[126.74092,37.63893],[126.74277,37.63798],[126.7448,37.6368],[126.74883,37.63445],[126.75012,37.6338],[126.75162,37.63304],[126.75321,37.63225],[126.75532,37.63118],[126.75619,37.63073],[126.75846,37.62954],[126.75867,37.62943],[126.75957,37.62895],[126.75972,37.62888],[126.76091,37.62823],[126.7612,37.62787],[126.76143,37.62758],[126.76347,37.62624],[126.76364,37.62613],[126.76386,37.62599],[126.76415,37.62579],[126.76824,37.62369],[126.774,37.62219],[126.77269,37.62974],[126.77427,37.63191],[126.77544,37.63188],[126.77759,37.63182],[126.78405,37.63151],[126.78481,37.63126],[126.78523,37.63088],[126.78537,37.63068],[126.78575,37.63013],[126.78595,37.62981],[126.78625,37.62925],[126.78627,37.62922],[126.78639,37.62909],[126.78687,37.62872],[126.78729,37.62844],[126.78738,37.62838],[126.7875,37.62831],[126.78769,37.6282],[126.78848,37.62773],[126.78919,37.62773],[126.78997,37.62773],[126.79121,37.62774],[126.79304,37.62774],[126.79308,37.62774],[126.79377,37.62822],[126.79383,37.62826],[126.79413,37.6285],[126.79434,37.62867],[126.79446,37.62885],[126.79447,37.62894],[126.79448,37.629],[126.79413,37.6319],[126.79455,37.6367],[126.79472,37.63798],[126.79479,37.63856],[126.79483,37.63883],[126.79498,37.6398],[126.79501,37.63999],[126.79502,37.64008],[126.79506,37.64018],[126.79509,37.64027],[126.79515,37.6404],[126.79524,37.64051],[126.79527,37.64054],[126.79669,37.64117],[126.79682,37.64131],[126.79729,37.64241],[126.80115,37.64466],[126.80209,37.645],[126.80298,37.64352],[126.80302,37.64351],[126.80305,37.64351],[126.8039,37.64333],[126.80588,37.64382],[126.80747,37.64533],[126.80943,37.6466],[126.81203,37.64813],[126.81248,37.64819],[126.81297,37.64812],[126.81347,37.64754],[126.81336,37.64604],[126.81325,37.6454],[126.81234,37.64359],[126.81312,37.64357],[126.81342,37.64358],[126.81422,37.6438],[126.81429,37.64383],[126.81437,37.64389],[126.81473,37.64416],[126.81487,37.64432],[126.81581,37.64559],[126.81584,37.64563],[126.81585,37.64567],[126.81608,37.64635],[126.81785,37.64851],[126.81816,37.64917],[126.8178,37.6498],[126.81778,37.64983],[126.81772,37.64989],[126.8172,37.65043],[126.81704,37.65062],[126.8168,37.65091],[126.8166,37.65126],[126.81609,37.65288],[126.81592,37.65488],[126.81601,37.65532],[126.81605,37.65549],[126.81588,37.65561],[126.81434,37.65615],[126.81378,37.6564],[126.81359,37.6565],[126.81229,37.65744],[126.81171,37.65785],[126.81114,37.6583],[126.81095,37.65856],[126.81082,37.65873],[126.81086,37.65906],[126.81109,37.65951],[126.81271,37.65976],[126.81345,37.65994],[126.81432,37.66036],[126.81439,37.66087],[126.81444,37.66117],[126.81464,37.66201],[126.81489,37.66262],[126.81521,37.66287],[126.81543,37.66301],[126.81561,37.66312],[126.8159,37.66325],[126.81824,37.66408],[126.81832,37.6641],[126.81885,37.66426],[126.81888,37.66427],[126.81892,37.66427],[126.81896,37.66428],[126.8194,37.66422],[126.82075,37.66758],[126.82083,37.67098],[126.82088,37.67123],[126.8209,37.67129],[126.82093,37.67136],[126.82101,37.67148],[126.82128,37.67179],[126.82163,37.67205],[126.82244,37.67254],[126.82272,37.6727],[126.82686,37.67476],[126.83238,37.67784],[126.83238,37.67789],[126.83232,37.6784],[126.83218,37.67938],[126.83352,37.68309],[126.83421,37.68304],[126.83506,37.68303],[126.83527,37.68303],[126.83542,37.68303],[126.83993,37.68431],[126.84146,37.68539],[126.84341,37.68576],[126.84808,37.68633],[126.84889,37.68994],[126.84893,37.69012],[126.84896,37.69023],[126.84899,37.69022],[126.84914,37.69019],[126.85005,37.68988],[126.85255,37.6888],[126.85342,37.68993],[126.85494,37.69213],[126.85497,37.69345],[126.85497,37.69353],[126.85484,37.69373],[126.85383,37.69526],[126.8517,37.69655],[126.85161,37.6966],[126.85145,37.6967],[126.84976,37.69804],[126.8497,37.69824],[126.84942,37.69913],[126.84926,37.69968],[126.84923,37.69975],[126.84842,37.70257],[126.84833,37.70289],[126.84656,37.70716],[126.84391,37.71235],[126.84178,37.71641],[126.84077,37.72134],[126.83992,37.72322],[126.8393,37.72394],[126.83885,37.72445],[126.83872,37.7246],[126.8387,37.72462],[126.83775,37.7255],[126.83728,37.72593],[126.83669,37.72656],[126.83628,37.72699],[126.83594,37.72756],[126.83563,37.72807],[126.83413,37.7269],[126.83404,37.72692],[126.83398,37.72694],[126.83365,37.72702],[126.83338,37.72718],[126.83282,37.72762],[126.83226,37.72822],[126.83175,37.72881],[126.82903,37.72787],[126.82831,37.72746],[126.82712,37.72713],[126.82608,37.727],[126.82575,37.72708],[126.82541,37.72715],[126.82448,37.72825],[126.82422,37.72856],[126.82396,37.72875],[126.82386,37.72883],[126.82303,37.72881],[126.81632,37.72492],[126.81485,37.72364],[126.81425,37.7235],[126.81399,37.72348],[126.81055,37.72517],[126.8069,37.72697],[126.80613,37.72751],[126.80525,37.72829],[126.80445,37.72911],[126.80385,37.7296],[126.80283,37.73038],[126.80134,37.7303],[126.80127,37.73039],[126.80099,37.73075],[126.801,37.73236],[126.80102,37.73455],[126.80076,37.73528],[126.79817,37.73716],[126.79726,37.73701],[126.79539,37.73621],[126.79474,37.73587],[126.79357,37.73497],[126.79399,37.7346],[126.79406,37.73454],[126.79438,37.73429],[126.79558,37.73356],[126.79608,37.73002],[126.79608,37.72961],[126.79541,37.72852],[126.79365,37.72595],[126.79291,37.72513],[126.7922,37.72443],[126.79195,37.7242],[126.7912,37.72388],[126.79107,37.72403],[126.79062,37.72397],[126.79015,37.72376],[126.78895,37.72317],[126.78503,37.72089],[126.78452,37.71969],[126.78256,37.71761],[126.77785,37.7141],[126.77483,37.71022],[126.77376,37.70954],[126.77328,37.70923],[126.77386,37.70677],[126.77427,37.70467],[126.77582,37.70293],[126.77678,37.70205],[126.77722,37.70169],[126.77735,37.70158],[126.77776,37.70138],[126.77831,37.70114],[126.78001,37.70009],[126.78118,37.69926],[126.78127,37.6992],[126.77867,37.69684],[126.77808,37.69531],[126.77801,37.69511],[126.77778,37.69433],[126.77762,37.6938],[126.77761,37.69378],[126.77758,37.69369],[126.77693,37.69085],[126.77691,37.69072],[126.77691,37.69068],[126.77691,37.69061],[126.77691,37.6905],[126.77691,37.69044],[126.7773,37.68766],[126.77735,37.68729],[126.77739,37.687],[126.77742,37.6868],[126.77748,37.68643],[126.77795,37.68322],[126.77729,37.67887],[126.77756,37.67876],[126.77325,37.67298],[126.76998,37.66825],[126.76986,37.66808],[126.76974,37.66793],[126.76967,37.66783],[126.76956,37.66771],[126.76948,37.66763],[126.76938,37.66755],[126.76911,37.66732],[126.76908,37.66729],[126.76901,37.66723],[126.76881,37.66711],[126.76865,37.667],[126.76836,37.66682],[126.76813,37.66667],[126.76748,37.66627],[126.76742,37.66623],[126.76664,37.66575],[126.76613,37.66543],[126.76584,37.66525],[126.76268,37.66329],[126.76255,37.66342],[126.76243,37.66355],[126.76206,37.66389],[126.7616,37.66424],[126.76117,37.66458],[126.76045,37.66501],[126.76032,37.66508],[126.75994,37.66527],[126.75965,37.6654],[126.75833,37.66598],[126.75804,37.6661],[126.75633,37.66356],[126.75519,37.66222],[126.75256,37.66336],[126.75097,37.66411],[126.75076,37.6629],[126.75022,37.65872],[126.74795,37.65894],[126.74755,37.65898],[126.74665,37.6591],[126.74633,37.65914],[126.74509,37.6595],[126.74479,37.65752],[126.74405,37.65413],[126.74369,37.65419],[126.74178,37.65455],[126.74086,37.6539]]]}},{"type":"Feature","properties":{"id":"41-41287","name":"고양시일산서구","sido":"경기도","code":"41287","center":[37.67912,126.7274]},"geometry":{"type":"Polygon","coordinates":[[[126.66633,37.68776],[126.66637,37.68606],[126.66679,37.68416],[126.66832,37.6805],[126.66846,37.68018],[126.66909,37.67921],[126.66995,37.67792],[126.67022,37.67763],[126.67128,37.67649],[126.67346,37.67491],[126.67774,37.67266],[126.68155,37.67053],[126.68932,37.66618],[126.69447,37.6633],[126.70159,37.65932],[126.70791,37.65552],[126.70933,37.65466],[126.71826,37.64929],[126.72839,37.64451],[126.73415,37.64228],[126.73499,37.64196],[126.7358,37.64155],[126.74092,37.63893],[126.7409,37.64248],[126.74089,37.64771],[126.74086,37.6539],[126.74178,37.65455],[126.74369,37.65419],[126.74405,37.65413],[126.74479,37.65752],[126.74509,37.6595],[126.74633,37.65914],[126.74665,37.6591],[126.74755,37.65898],[126.74795,37.65894],[126.75022,37.65872],[126.75076,37.6629],[126.75097,37.66411],[126.75256,37.66336],[126.75519,37.66222],[126.75633,37.66356],[126.75804,37.6661],[126.75833,37.66598],[126.75965,37.6654],[126.75994,37.66527],[126.76032,37.66508],[126.76045,37.66501],[126.76117,37.66458],[126.7616,37.66424],[126.76206,37.66389],[126.76243,37.66355],[126.76255,37.66342],[126.76268,37.66329],[126.76584,37.66525],[126.76613,37.66543],[126.76664,37.66575],[126.76742,37.66623],[126.76748,37.66627],[126.76813,37.66667],[126.76836,37.66682],[126.76865,37.667],[126.76881,37.66711],[126.76901,37.66723],[126.76908,37.66729],[126.76911,37.66732],[126.76938,37.66755],[126.76948,37.66763],[126.76956,37.66771],[126.76967,37.66783],[126.76974,37.66793],[126.76986,37.66808],[126.76998,37.66825],[126.77325,37.67298],[126.77756,37.67876],[126.77729,37.67887],[126.77795,37.68322],[126.77748,37.68643],[126.77742,37.6868],[126.77739,37.687],[126.77735,37.68729],[126.7773,37.68766],[126.77691,37.69044],[126.77691,37.6905],[126.77691,37.69061],[126.77691,37.69068],[126.77691,37.69072],[126.77693,37.69085],[126.77758,37.69369],[126.77761,37.69378],[126.77762,37.6938],[126.77778,37.69433],[126.77801,37.69511],[126.77808,37.69531],[126.77867,37.69684],[126.78127,37.6992],[126.78118,37.69926],[126.78001,37.70009],[126.77831,37.70114],[126.77776,37.70138],[126.77735,37.70158],[126.77722,37.70169],[126.77678,37.70205],[126.77582,37.70293],[126.77427,37.70467],[126.77214,37.70481],[126.77001,37.70502],[126.76867,37.7054],[126.76278,37.7045],[126.76149,37.70411],[126.76129,37.70405],[126.76113,37.70399],[126.76008,37.70333],[126.75883,37.70364],[126.7579,37.70418],[126.75553,37.70489],[126.75404,37.70473],[126.75345,37.70429],[126.7521,37.70385],[126.75059,37.70348],[126.75001,37.70337],[126.74923,37.70324],[126.74832,37.70316],[126.74818,37.70315],[126.74802,37.70314],[126.74775,37.70327],[126.74695,37.70359],[126.74663,37.70369],[126.74616,37.70383],[126.74388,37.70443],[126.74017,37.70505],[126.73925,37.70503],[126.73613,37.70463],[126.73473,37.70488],[126.72989,37.70494],[126.73065,37.70404],[126.72946,37.70392],[126.72864,37.70389],[126.72745,37.70409],[126.72352,37.70303],[126.72296,37.7025],[126.72265,37.70233],[126.71707,37.70024],[126.71616,37.70002],[126.71572,37.69995],[126.71295,37.69967],[126.71191,37.69974],[126.7085,37.69786],[126.70722,37.69722],[126.7071,37.69717],[126.70458,37.69621],[126.70372,37.69613],[126.70251,37.69622],[126.70184,37.6963],[126.70174,37.69633],[126.70056,37.69678],[126.7002,37.69691],[126.69929,37.69703],[126.69898,37.69688],[126.69821,37.69629],[126.69801,37.69613],[126.69662,37.6949],[126.69616,37.69429],[126.69604,37.69414],[126.6953,37.69315],[126.6914,37.68911],[126.68739,37.69158],[126.68562,37.69337],[126.68537,37.69357],[126.68348,37.69513],[126.67875,37.69855],[126.67655,37.70008],[126.66705,37.68914],[126.66633,37.68776]]]}},{"type":"Feature","properties":{"id":"41-41290","name":"과천시","sido":"경기도","code":"41290","center":[37.43361,127.00313]},"geometry":{"type":"Polygon","coordinates":[[[126.96133,37.42587],[126.96133,37.42571],[126.96139,37.42538],[126.96219,37.42247],[126.96263,37.42106],[126.96284,37.42073],[126.9638,37.41934],[126.96389,37.41923],[126.96393,37.4192],[126.96402,37.41913],[126.966,37.41821],[126.96656,37.41801],[126.9671,37.41782],[126.96754,37.41766],[126.96819,37.41747],[126.96837,37.41741],[126.972,37.4161],[126.97376,37.41496],[126.97526,37.4126],[126.97544,37.41174],[126.97575,37.41011],[126.97549,37.40919],[126.97577,37.40714],[126.97615,37.4061],[126.97817,37.40345],[126.9782,37.40342],[126.97826,37.40336],[126.97838,37.40328],[126.97842,37.40325],[126.97854,37.40319],[126.98037,37.40304],[126.98045,37.40303],[126.98083,37.40282],[126.98193,37.40183],[126.98199,37.40174],[126.98257,37.40067],[126.98347,37.40216],[126.98578,37.40664],[126.98593,37.40674],[126.98752,37.40766],[126.98827,37.40794],[126.98988,37.40806],[126.99017,37.40803],[126.99167,37.40776],[126.99177,37.40774],[126.9919,37.40772],[126.99194,37.4077],[126.99199,37.40768],[126.99202,37.40767],[126.99212,37.40758],[126.99219,37.40749],[126.99224,37.40742],[126.99225,37.40739],[126.99236,37.40719],[126.99245,37.40695],[126.99248,37.40692],[126.99254,37.40683],[126.99268,37.4067],[126.99454,37.40535],[126.99477,37.40521],[126.99484,37.40518],[126.99487,37.40517],[126.9949,37.40516],[126.99498,37.40514],[126.99507,37.40513],[126.99514,37.40512],[126.99778,37.40482],[126.99954,37.40463],[126.99971,37.40462],[126.99977,37.40463],[126.99993,37.40473],[127.00018,37.4049],[127.00039,37.40506],[127.00041,37.40509],[127.00048,37.40516],[127.00052,37.40523],[127.00075,37.40574],[127.00168,37.40668],[127.00178,37.40677],[127.00185,37.40683],[127.00209,37.40703],[127.00212,37.40706],[127.00231,37.40714],[127.00261,37.40725],[127.00413,37.40777],[127.00704,37.41054],[127.00845,37.41218],[127.00849,37.4122],[127.0086,37.41223],[127.00866,37.41223],[127.0129,37.4127],[127.01814,37.41318],[127.01946,37.41282],[127.02086,37.41246],[127.02115,37.4124],[127.02605,37.41205],[127.02615,37.41205],[127.02813,37.41209],[127.02822,37.41209],[127.02834,37.4121],[127.0284,37.41211],[127.02908,37.41244],[127.0295,37.41264],[127.03049,37.41296],[127.03375,37.41384],[127.03396,37.41388],[127.03486,37.41406],[127.03503,37.4141],[127.03531,37.41412],[127.03547,37.41413],[127.03582,37.41414],[127.03595,37.41414],[127.03654,37.41408],[127.03674,37.41403],[127.03688,37.41401],[127.03716,37.41397],[127.03759,37.41391],[127.03781,37.41389],[127.03793,37.41391],[127.03798,37.41392],[127.03802,37.41394],[127.0401,37.4148],[127.04098,37.41518],[127.04168,37.41563],[127.04195,37.41838],[127.04203,37.42263],[127.0419,37.42278],[127.04173,37.42307],[127.04169,37.42318],[127.04163,37.42387],[127.04163,37.42399],[127.04164,37.42414],[127.04183,37.42691],[127.04334,37.42787],[127.0436,37.42796],[127.04588,37.42906],[127.04592,37.42909],[127.04747,37.43087],[127.04726,37.4319],[127.04724,37.43197],[127.04719,37.43207],[127.04709,37.43222],[127.04699,37.43232],[127.04696,37.43234],[127.04683,37.43248],[127.04674,37.43259],[127.04665,37.43272],[127.04661,37.43281],[127.04655,37.43293],[127.04649,37.4331],[127.04647,37.4332],[127.04643,37.43337],[127.04641,37.43342],[127.04639,37.43348],[127.04634,37.43355],[127.04628,37.43361],[127.04619,37.43366],[127.04616,37.43368],[127.04604,37.43372],[127.04559,37.43386],[127.04543,37.4339],[127.04539,37.43391],[127.04535,37.43393],[127.04523,37.43398],[127.04512,37.43403],[127.04505,37.43407],[127.04493,37.43414],[127.04486,37.43419],[127.04478,37.43426],[127.04472,37.4343],[127.04466,37.43436],[127.0446,37.43445],[127.04458,37.43448],[127.04454,37.43454],[127.0445,37.43465],[127.04447,37.4347],[127.04445,37.43477],[127.04444,37.43482],[127.04435,37.43503],[127.0443,37.43512],[127.04422,37.43523],[127.0441,37.43535],[127.04407,37.43539],[127.04371,37.43572],[127.04106,37.43811],[127.04097,37.43817],[127.04087,37.43821],[127.04052,37.43834],[127.04001,37.43848],[127.03991,37.4385],[127.03981,37.4385],[127.03971,37.43849],[127.03958,37.43847],[127.03902,37.43843],[127.03748,37.43847],[127.03739,37.43848],[127.03731,37.43849],[127.03717,37.43852],[127.03586,37.43916],[127.03584,37.43919],[127.0358,37.43927],[127.03547,37.44044],[127.03546,37.44049],[127.03545,37.44054],[127.03542,37.44074],[127.03541,37.44083],[127.03539,37.44099],[127.03539,37.44112],[127.03541,37.44117],[127.03652,37.4419],[127.0366,37.44195],[127.03665,37.44199],[127.03671,37.44203],[127.03676,37.44208],[127.03681,37.44215],[127.03757,37.44345],[127.038,37.44423],[127.03809,37.44441],[127.03815,37.44457],[127.03818,37.44463],[127.0382,37.4447],[127.03821,37.44473],[127.03832,37.44516],[127.03837,37.44546],[127.03837,37.44554],[127.03836,37.44565],[127.03789,37.44908],[127.03788,37.44914],[127.03583,37.45755],[127.03562,37.45751],[127.03548,37.45752],[127.03541,37.45753],[127.03516,37.45762],[127.03492,37.45787],[127.03378,37.46003],[127.03343,37.46108],[127.03401,37.46236],[127.03407,37.46248],[127.03437,37.46304],[127.03473,37.46385],[127.03458,37.46404],[127.03437,37.46419],[127.03407,37.46441],[127.03314,37.46502],[127.03272,37.46525],[127.03127,37.46578],[127.02986,37.46545],[127.03008,37.46418],[127.02999,37.4639],[127.02986,37.46345],[127.0261,37.45851],[127.0258,37.45836],[127.02469,37.45781],[127.02338,37.45728],[127.02262,37.45698],[127.02185,37.45668],[127.0216,37.45658],[127.02053,37.45617],[127.01786,37.45561],[127.01617,37.45537],[127.01106,37.45539],[127.00516,37.46306],[127.00417,37.46478],[127.00342,37.46726],[126.99975,37.46716],[126.99628,37.46672],[126.99646,37.4648],[126.99722,37.46394],[126.99716,37.46352],[126.99696,37.4625],[126.99683,37.46218],[126.99176,37.45967],[126.98862,37.45814],[126.98684,37.45741],[126.98236,37.45516],[126.97866,37.4519],[126.97406,37.44765],[126.97398,37.4476],[126.97081,37.44746],[126.9687,37.44679],[126.96861,37.44679],[126.96848,37.44679],[126.96827,37.44677],[126.96811,37.44675],[126.96557,37.4461],[126.96541,37.44604],[126.96456,37.44569],[126.9645,37.44565],[126.96441,37.44558],[126.96436,37.44549],[126.96432,37.44543],[126.96399,37.44485],[126.96383,37.44422],[126.96383,37.44396],[126.96385,37.44385],[126.96387,37.44377],[126.96387,37.44373],[126.96391,37.44359],[126.96396,37.44342],[126.96405,37.44305],[126.96408,37.4428],[126.96411,37.44247],[126.9641,37.4423],[126.96409,37.44219],[126.96398,37.44204],[126.96311,37.44106],[126.9639,37.44061],[126.96437,37.44045],[126.96457,37.44017],[126.96493,37.43927],[126.96497,37.43914],[126.96505,37.43883],[126.96503,37.43867],[126.96493,37.43851],[126.96431,37.43764],[126.96348,37.43687],[126.96276,37.43639],[126.96228,37.43612],[126.96215,37.43607],[126.96206,37.43596],[126.962,37.43576],[126.96183,37.43487],[126.96178,37.43147],[126.96178,37.43143],[126.96195,37.43133],[126.96224,37.43117],[126.96232,37.43108],[126.96206,37.42955],[126.96168,37.42734],[126.96141,37.4263],[126.9614,37.42621],[126.96133,37.42587]]]}},{"type":"Feature","properties":{"id":"41-41310","name":"구리시","sido":"경기도","code":"41310","center":[37.60034,127.13086]},"geometry":{"type":"Polygon","coordinates":[[[127.09975,37.58305],[127.10047,37.58257],[127.10277,37.58176],[127.10276,37.58106],[127.10275,37.5796],[127.10273,37.5794],[127.10268,37.57891],[127.10267,37.5783],[127.10126,37.57498],[127.10093,37.57356],[127.10164,37.57256],[127.10293,37.57237],[127.10297,37.57237],[127.10308,37.57233],[127.10316,37.57229],[127.10326,37.57223],[127.10369,37.57194],[127.10383,37.57183],[127.10397,37.57173],[127.104,37.57171],[127.10401,37.57168],[127.10419,37.5711],[127.10419,37.57105],[127.10418,37.571],[127.10416,37.57092],[127.10407,37.5708],[127.10398,37.57069],[127.10395,37.57066],[127.1039,37.57062],[127.10383,37.57053],[127.1038,37.57048],[127.10375,37.57042],[127.1035,37.57003],[127.10343,37.56989],[127.10338,37.56979],[127.10337,37.56975],[127.10334,37.56965],[127.10109,37.56091],[127.10108,37.56082],[127.10108,37.56076],[127.10115,37.56002],[127.10425,37.55988],[127.10896,37.55982],[127.11002,37.55846],[127.11147,37.55889],[127.11377,37.55889],[127.11348,37.56025],[127.11393,37.56016],[127.11441,37.56007],[127.11499,37.55995],[127.11548,37.55985],[127.11651,37.56],[127.11668,37.56002],[127.11682,37.56017],[127.11758,37.56097],[127.11936,37.56266],[127.12077,37.56351],[127.12175,37.56399],[127.12228,37.56425],[127.12236,37.56428],[127.13138,37.56745],[127.13146,37.56749],[127.13174,37.56759],[127.13183,37.56763],[127.13207,37.56772],[127.13228,37.56781],[127.13277,37.56801],[127.13298,37.56809],[127.13322,37.56819],[127.13382,37.56845],[127.14133,37.57028],[127.14719,37.57172],[127.15299,37.57373],[127.16157,37.5778],[127.16471,37.57952],[127.16606,37.57958],[127.16863,37.5793],[127.16856,37.57983],[127.16936,37.58033],[127.17076,37.58092],[127.16555,37.58423],[127.16357,37.58429],[127.16228,37.58453],[127.16082,37.58579],[127.16046,37.58665],[127.16062,37.58775],[127.16092,37.58835],[127.16187,37.5893],[127.16257,37.58962],[127.16373,37.59],[127.16487,37.5898],[127.166,37.58988],[127.16684,37.59012],[127.16722,37.5902],[127.16753,37.59025],[127.16771,37.59028],[127.16806,37.59038],[127.16831,37.59047],[127.16852,37.59063],[127.16871,37.59092],[127.1692,37.5921],[127.1692,37.59218],[127.1692,37.59223],[127.16918,37.59252],[127.16906,37.59288],[127.16861,37.59371],[127.16839,37.59393],[127.16821,37.59406],[127.16798,37.59419],[127.16783,37.59421],[127.16546,37.59434],[127.16493,37.59428],[127.16484,37.59427],[127.16445,37.59422],[127.16287,37.59454],[127.15658,37.59593],[127.15651,37.59596],[127.15599,37.59616],[127.15563,37.59631],[127.15482,37.59667],[127.15408,37.59708],[127.15338,37.59767],[127.15215,37.59886],[127.15213,37.59889],[127.15198,37.59905],[127.15096,37.60013],[127.15092,37.60019],[127.15073,37.60045],[127.15061,37.60063],[127.1492,37.60403],[127.14895,37.60467],[127.1484,37.60615],[127.14773,37.60937],[127.14762,37.61143],[127.14731,37.61404],[127.14702,37.61513],[127.14578,37.61685],[127.14576,37.61688],[127.14506,37.61784],[127.14481,37.61824],[127.14453,37.61868],[127.1443,37.61908],[127.14408,37.61944],[127.14385,37.61987],[127.14374,37.62006],[127.14343,37.62063],[127.14328,37.62098],[127.14325,37.62105],[127.14343,37.6211],[127.14341,37.62122],[127.14339,37.62127],[127.14323,37.62206],[127.14314,37.62253],[127.14308,37.62299],[127.14307,37.62304],[127.14299,37.62379],[127.14299,37.62386],[127.14298,37.62394],[127.14302,37.62535],[127.14304,37.62571],[127.14306,37.62589],[127.14307,37.62596],[127.14308,37.62598],[127.14309,37.62603],[127.14315,37.62625],[127.14336,37.62689],[127.14437,37.62896],[127.14448,37.62911],[127.14454,37.62915],[127.14467,37.62925],[127.14496,37.62936],[127.14539,37.62956],[127.1465,37.63027],[127.14814,37.63155],[127.14845,37.63182],[127.14902,37.63235],[127.1492,37.63264],[127.14944,37.63306],[127.14951,37.63325],[127.14959,37.63343],[127.14965,37.63365],[127.1497,37.63384],[127.14972,37.63397],[127.14975,37.63417],[127.14983,37.6351],[127.14984,37.63543],[127.14983,37.63559],[127.14983,37.63586],[127.14983,37.63604],[127.14986,37.63635],[127.15002,37.63772],[127.15021,37.63919],[127.15023,37.63925],[127.15026,37.63943],[127.14911,37.63993],[127.149,37.64006],[127.14748,37.64229],[127.14741,37.64246],[127.14725,37.64286],[127.14723,37.64291],[127.14711,37.6432],[127.14695,37.64342],[127.14685,37.64355],[127.14665,37.64378],[127.14646,37.64393],[127.14626,37.64409],[127.14614,37.64417],[127.14609,37.64419],[127.14585,37.64427],[127.14544,37.6443],[127.14507,37.6443],[127.14428,37.64438],[127.14386,37.64453],[127.1431,37.64508],[127.14298,37.64523],[127.14297,37.64527],[127.14292,37.6454],[127.14252,37.64569],[127.1422,37.64588],[127.14205,37.64597],[127.14175,37.64613],[127.14149,37.6462],[127.14127,37.64624],[127.14121,37.64625],[127.14087,37.6463],[127.14036,37.64621],[127.13973,37.64604],[127.13951,37.64597],[127.13911,37.64582],[127.13339,37.6436],[127.13321,37.64349],[127.13311,37.64341],[127.13296,37.64329],[127.13275,37.64309],[127.13235,37.64264],[127.13141,37.64167],[127.13122,37.64148],[127.13106,37.64133],[127.13059,37.64115],[127.13011,37.64119],[127.12978,37.64127],[127.12956,37.64134],[127.12951,37.64136],[127.1294,37.64139],[127.12903,37.64169],[127.12702,37.64132],[127.12089,37.64259],[127.11916,37.64295],[127.11707,37.6433],[127.11673,37.64336],[127.11651,37.6434],[127.11638,37.64344],[127.1161,37.64362],[127.11599,37.64372],[127.11587,37.64381],[127.11574,37.64389],[127.11566,37.64394],[127.1154,37.64402],[127.11284,37.64367],[127.11268,37.64364],[127.11199,37.64345],[127.11193,37.64342],[127.11187,37.64338],[127.11181,37.64331],[127.11115,37.64241],[127.11134,37.642],[127.11195,37.64027],[127.11238,37.63523],[127.11204,37.63262],[127.11142,37.63133],[127.11098,37.63059],[127.11091,37.63053],[127.11084,37.63047],[127.11042,37.63014],[127.10862,37.62914],[127.10549,37.62726],[127.10537,37.62714],[127.10526,37.62691],[127.10353,37.62307],[127.10353,37.62304],[127.10351,37.6229],[127.10366,37.62247],[127.10398,37.62177],[127.10403,37.62169],[127.10407,37.62166],[127.10424,37.62152],[127.10429,37.62149],[127.10435,37.62146],[127.10496,37.62117],[127.10502,37.62117],[127.10511,37.62117],[127.10525,37.62116],[127.1053,37.62115],[127.10537,37.62113],[127.10542,37.62111],[127.1055,37.62106],[127.10562,37.62102],[127.10566,37.621],[127.1057,37.62095],[127.10572,37.6209],[127.10571,37.62083],[127.10582,37.62078],[127.10604,37.62064],[127.10614,37.6206],[127.10735,37.6205],[127.10875,37.62046],[127.10908,37.62052],[127.10951,37.62064],[127.10983,37.62071],[127.11001,37.62074],[127.11012,37.62076],[127.11024,37.62077],[127.11039,37.62079],[127.11064,37.62079],[127.11085,37.62078],[127.11098,37.62076],[127.11134,37.62065],[127.11148,37.62061],[127.11274,37.62007],[127.11383,37.61949],[127.11395,37.61943],[127.11399,37.61942],[127.11567,37.61929],[127.11697,37.61743],[127.11667,37.61577],[127.11693,37.61436],[127.11731,37.61293],[127.11759,37.61171],[127.1168,37.60991],[127.11662,37.60882],[127.11714,37.60861],[127.1179,37.60814],[127.11818,37.60779],[127.11821,37.60775],[127.11832,37.60761],[127.11838,37.60738],[127.11828,37.60628],[127.11801,37.60458],[127.11689,37.60315],[127.11522,37.60126],[127.11428,37.60035],[127.11383,37.59996],[127.11385,37.59982],[127.11389,37.59952],[127.11396,37.59942],[127.11596,37.59728],[127.116,37.59724],[127.1165,37.59678],[127.11802,37.59534],[127.11837,37.59502],[127.11782,37.59401],[127.11535,37.5935],[127.11391,37.59334],[127.1124,37.59186],[127.11014,37.58742],[127.10984,37.58597],[127.10953,37.58507],[127.10933,37.58466],[127.10603,37.58456],[127.10267,37.5841],[127.09975,37.58305]]]}},{"type":"Feature","properties":{"id":"41-41360","name":"남양주시","sido":"경기도","code":"41360","center":[37.66314,127.24315]},"geometry":{"type":"Polygon","coordinates":[[[127.08123,37.69745],[127.08176,37.69638],[127.08286,37.6951],[127.08349,37.69461],[127.08377,37.69466],[127.08429,37.69401],[127.08514,37.69142],[127.08514,37.691],[127.08502,37.69085],[127.08493,37.69084],[127.08583,37.69045],[127.08624,37.69031],[127.08899,37.68976],[127.08941,37.68977],[127.08959,37.68981],[127.08993,37.68989],[127.0922,37.68973],[127.09233,37.68972],[127.09241,37.68971],[127.09284,37.68968],[127.09495,37.68917],[127.09531,37.68904],[127.0955,37.68897],[127.09558,37.68894],[127.09579,37.68886],[127.09592,37.68772],[127.09632,37.68595],[127.09629,37.68579],[127.09629,37.68574],[127.09586,37.68475],[127.09563,37.68432],[127.09553,37.68426],[127.0954,37.68419],[127.09506,37.6841],[127.09499,37.68408],[127.09467,37.684],[127.09428,37.68355],[127.09281,37.6818],[127.0928,37.68178],[127.0927,37.68158],[127.09183,37.67919],[127.09184,37.67901],[127.09184,37.67892],[127.09193,37.67839],[127.09204,37.67792],[127.09227,37.67748],[127.09246,37.67736],[127.09279,37.67738],[127.09298,37.67728],[127.09361,37.67662],[127.09556,37.67281],[127.09563,37.6726],[127.09574,37.67227],[127.09575,37.672],[127.09573,37.67042],[127.09441,37.66436],[127.09396,37.66257],[127.09244,37.65809],[127.09023,37.65728],[127.08845,37.65662],[127.08603,37.65591],[127.08634,37.6555],[127.08658,37.65541],[127.08921,37.65495],[127.09062,37.6549],[127.09282,37.6549],[127.0936,37.65332],[127.0923,37.64999],[127.09229,37.64995],[127.0923,37.64992],[127.09234,37.64973],[127.09237,37.6496],[127.09245,37.64925],[127.09255,37.64888],[127.09258,37.64881],[127.09348,37.64699],[127.09394,37.64633],[127.09445,37.64576],[127.09493,37.64551],[127.09781,37.64528],[127.10139,37.64538],[127.10396,37.64563],[127.10657,37.64549],[127.10742,37.64503],[127.10803,37.64464],[127.10807,37.64452],[127.10822,37.64416],[127.10907,37.64303],[127.10918,37.64292],[127.10956,37.64261],[127.10959,37.64258],[127.10964,37.64255],[127.1097,37.64251],[127.10975,37.64249],[127.11115,37.64241],[127.11181,37.64331],[127.11187,37.64338],[127.11193,37.64342],[127.11199,37.64345],[127.11268,37.64364],[127.11284,37.64367],[127.1154,37.64402],[127.11566,37.64394],[127.11574,37.64389],[127.11587,37.64381],[127.11599,37.64372],[127.1161,37.64362],[127.11638,37.64344],[127.11651,37.6434],[127.11673,37.64336],[127.11707,37.6433],[127.11916,37.64295],[127.12089,37.64259],[127.12702,37.64132],[127.12903,37.64169],[127.1294,37.64139],[127.12951,37.64136],[127.12956,37.64134],[127.12978,37.64127],[127.13011,37.64119],[127.13059,37.64115],[127.13106,37.64133],[127.13122,37.64148],[127.13141,37.64167],[127.13235,37.64264],[127.13275,37.64309],[127.13296,37.64329],[127.13311,37.64341],[127.13321,37.64349],[127.13339,37.6436],[127.13911,37.64582],[127.13951,37.64597],[127.13973,37.64604],[127.14036,37.64621],[127.14087,37.6463],[127.14121,37.64625],[127.14127,37.64624],[127.14149,37.6462],[127.14175,37.64613],[127.14205,37.64597],[127.1422,37.64588],[127.14252,37.64569],[127.14292,37.6454],[127.14297,37.64527],[127.14298,37.64523],[127.1431,37.64508],[127.14386,37.64453],[127.14428,37.64438],[127.14507,37.6443],[127.14544,37.6443],[127.14585,37.64427],[127.14609,37.64419],[127.14614,37.64417],[127.14626,37.64409],[127.14646,37.64393],[127.14665,37.64378],[127.14685,37.64355],[127.14695,37.64342],[127.14711,37.6432],[127.14723,37.64291],[127.14725,37.64286],[127.14741,37.64246],[127.14748,37.64229],[127.149,37.64006],[127.14911,37.63993],[127.15026,37.63943],[127.15023,37.63925],[127.15021,37.63919],[127.15002,37.63772],[127.14986,37.63635],[127.14983,37.63604],[127.14983,37.63586],[127.14983,37.63559],[127.14984,37.63543],[127.14983,37.6351],[127.14975,37.63417],[127.14972,37.63397],[127.1497,37.63384],[127.14965,37.63365],[127.14959,37.63343],[127.14951,37.63325],[127.14944,37.63306],[127.1492,37.63264],[127.14902,37.63235],[127.14845,37.63182],[127.14814,37.63155],[127.1465,37.63027],[127.14539,37.62956],[127.14496,37.62936],[127.14467,37.62925],[127.14454,37.62915],[127.14448,37.62911],[127.14437,37.62896],[127.14336,37.62689],[127.14315,37.62625],[127.14309,37.62603],[127.14308,37.62598],[127.14307,37.62596],[127.14306,37.62589],[127.14304,37.62571],[127.14302,37.62535],[127.14298,37.62394],[127.14299,37.62386],[127.14299,37.62379],[127.14307,37.62304],[127.14308,37.62299],[127.14314,37.62253],[127.14323,37.62206],[127.14339,37.62127],[127.14341,37.62122],[127.14343,37.6211],[127.14325,37.62105],[127.14328,37.62098],[127.14343,37.62063],[127.14374,37.62006],[127.14385,37.61987],[127.14408,37.61944],[127.1443,37.61908],[127.14453,37.61868],[127.14481,37.61824],[127.14506,37.61784],[127.14576,37.61688],[127.14578,37.61685],[127.14702,37.61513],[127.14731,37.61404],[127.14762,37.61143],[127.14773,37.60937],[127.1484,37.60615],[127.14895,37.60467],[127.1492,37.60403],[127.15061,37.60063],[127.15073,37.60045],[127.15092,37.60019],[127.15096,37.60013],[127.15198,37.59905],[127.15213,37.59889],[127.15215,37.59886],[127.15338,37.59767],[127.15408,37.59708],[127.15482,37.59667],[127.15563,37.59631],[127.15599,37.59616],[127.15658,37.59593],[127.16287,37.59454],[127.16445,37.59422],[127.16484,37.59427],[127.16493,37.59428],[127.16546,37.59434],[127.16783,37.59421],[127.16798,37.59419],[127.16821,37.59406],[127.16839,37.59393],[127.16861,37.59371],[127.16906,37.59288],[127.16918,37.59252],[127.1692,37.59223],[127.1692,37.59218],[127.1692,37.5921],[127.16871,37.59092],[127.16852,37.59063],[127.16831,37.59047],[127.16806,37.59038],[127.16771,37.59028],[127.16753,37.59025],[127.16722,37.5902],[127.16684,37.59012],[127.166,37.58988],[127.16487,37.5898],[127.16373,37.59],[127.16257,37.58962],[127.16187,37.5893],[127.16092,37.58835],[127.16062,37.58775],[127.16046,37.58665],[127.16082,37.58579],[127.16228,37.58453],[127.16357,37.58429],[127.16555,37.58423],[127.17076,37.58092],[127.17178,37.58198],[127.17324,37.58259],[127.17476,37.5838],[127.17681,37.58555],[127.17747,37.58623],[127.17861,37.58676],[127.18022,37.58789],[127.18097,37.58885],[127.1816,37.58993],[127.18243,37.59091],[127.18338,37.5917],[127.18479,37.59182],[127.18533,37.59172],[127.18935,37.59184],[127.19124,37.59171],[127.19135,37.59171],[127.19194,37.59176],[127.19237,37.59179],[127.19296,37.59185],[127.19372,37.59192],[127.19402,37.59194],[127.19464,37.59193],[127.19506,37.5919],[127.19646,37.59177],[127.19712,37.59167],[127.19722,37.59165],[127.19757,37.59159],[127.19788,37.59153],[127.19826,37.59143],[127.19864,37.59134],[127.19929,37.59114],[127.19974,37.59093],[127.19989,37.59085],[127.20028,37.59064],[127.20064,37.59044],[127.20078,37.59036],[127.20125,37.59004],[127.20162,37.58979],[127.20195,37.58953],[127.20204,37.58942],[127.20217,37.58927],[127.2023,37.58893],[127.20241,37.58841],[127.20243,37.58818],[127.20475,37.5853],[127.20554,37.58433],[127.20843,37.58181],[127.21068,37.57987],[127.2115,37.57915],[127.2129,37.57783],[127.21307,37.57768],[127.2144,37.57714],[127.21858,37.57547],[127.22166,37.57227],[127.22267,37.57059],[127.22283,37.5701],[127.22315,37.56965],[127.22633,37.56619],[127.22702,37.56545],[127.22906,37.56336],[127.22966,37.56279],[127.23033,37.56224],[127.23043,37.56216],[127.23047,37.56212],[127.23089,37.56173],[127.23364,37.55869],[127.23399,37.55816],[127.23423,37.55774],[127.2343,37.55747],[127.23437,37.55686],[127.23438,37.55624],[127.23437,37.55559],[127.23436,37.55543],[127.23436,37.55532],[127.23434,37.55458],[127.23434,37.55308],[127.23435,37.55292],[127.23436,37.5528],[127.23439,37.55246],[127.23443,37.55206],[127.23475,37.54926],[127.23727,37.54571],[127.23842,37.545],[127.23898,37.54467],[127.23937,37.54446],[127.23968,37.54429],[127.2401,37.5441],[127.24028,37.54402],[127.24044,37.54395],[127.24077,37.54384],[127.24105,37.54375],[127.24121,37.5437],[127.24182,37.54351],[127.24213,37.54342],[127.24379,37.54291],[127.24431,37.54276],[127.24507,37.54253],[127.24759,37.54174],[127.24811,37.54157],[127.24836,37.54149],[127.24855,37.5414],[127.25283,37.53916],[127.25549,37.53773],[127.25812,37.53624],[127.25914,37.53565],[127.25947,37.53545],[127.26093,37.53465],[127.26347,37.53327],[127.26382,37.53312],[127.27022,37.53027],[127.27899,37.52636],[127.2801,37.52571],[127.28165,37.52468],[127.28284,37.52359],[127.28358,37.52281],[127.28478,37.52149],[127.28539,37.52018],[127.28568,37.51955],[127.28637,37.5179],[127.28685,37.51667],[127.287,37.51619],[127.28734,37.51518],[127.28758,37.5135],[127.28786,37.50966],[127.28798,37.50908],[127.28826,37.50837],[127.28864,37.50767],[127.28885,37.50735],[127.28906,37.50714],[127.28934,37.50701],[127.28994,37.50692],[127.29077,37.50692],[127.2924,37.50714],[127.29513,37.508],[127.29787,37.50889],[127.29902,37.50936],[127.29993,37.50973],[127.30062,37.51013],[127.30088,37.51029],[127.30128,37.51055],[127.30164,37.51083],[127.30265,37.51163],[127.30366,37.51251],[127.30451,37.51333],[127.30559,37.51452],[127.3071,37.51638],[127.30674,37.51738],[127.30599,37.51947],[127.30578,37.52018],[127.30562,37.52077],[127.30477,37.52499],[127.30477,37.52517],[127.30477,37.5254],[127.30485,37.52588],[127.30493,37.52619],[127.30497,37.52637],[127.30541,37.5278],[127.30703,37.534],[127.30728,37.5354],[127.3079,37.53804],[127.30834,37.5393],[127.30889,37.5406],[127.30946,37.54163],[127.30955,37.54179],[127.31024,37.54302],[127.31169,37.54547],[127.31249,37.5466],[127.31286,37.54707],[127.31301,37.54727],[127.3134,37.54776],[127.31379,37.54825],[127.31426,37.54884],[127.31511,37.54979],[127.31528,37.54999],[127.31624,37.55104],[127.3171,37.55219],[127.31935,37.55545],[127.32133,37.55835],[127.32413,37.56266],[127.32726,37.56759],[127.33021,37.57227],[127.33395,37.57774],[127.33457,37.57872],[127.33559,37.58036],[127.33583,37.58074],[127.33632,37.58156],[127.33739,37.58342],[127.33919,37.58654],[127.33991,37.58792],[127.33993,37.58797],[127.34012,37.58836],[127.34049,37.58912],[127.34108,37.59052],[127.34147,37.59179],[127.34158,37.59231],[127.34169,37.5928],[127.34181,37.5933],[127.3419,37.59373],[127.34208,37.59454],[127.34258,37.59731],[127.34301,37.60006],[127.34324,37.60152],[127.34343,37.60279],[127.34391,37.60515],[127.34459,37.60813],[127.34471,37.60862],[127.34483,37.60907],[127.34518,37.61039],[127.34525,37.61065],[127.34532,37.61094],[127.34617,37.61479],[127.3462,37.61489],[127.34636,37.6154],[127.34657,37.6161],[127.3471,37.61778],[127.34799,37.6197],[127.34837,37.62051],[127.34847,37.62072],[127.35216,37.62779],[127.35325,37.6289],[127.35453,37.63019],[127.35512,37.63071],[127.35545,37.631],[127.35809,37.63333],[127.35874,37.63382],[127.35934,37.63429],[127.36113,37.63566],[127.36192,37.63631],[127.36331,37.63746],[127.36408,37.63809],[127.36598,37.64005],[127.36668,37.64101],[127.36801,37.64328],[127.36871,37.64447],[127.37001,37.64648],[127.37029,37.6469],[127.37113,37.64819],[127.37205,37.65066],[127.3731,37.65232],[127.37336,37.65273],[127.37442,37.65433],[127.37637,37.66011],[127.37703,37.66478],[127.37711,37.66644],[127.37714,37.66701],[127.37755,37.6699],[127.37772,37.67036],[127.37856,37.67259],[127.3792,37.67459],[127.37765,37.67554],[127.37636,37.67632],[127.37513,37.67728],[127.37506,37.67733],[127.37477,37.67797],[127.37459,37.67955],[127.37455,37.68001],[127.37458,37.68037],[127.37461,37.68079],[127.37462,37.68098],[127.37462,37.68132],[127.37457,37.68154],[127.3744,37.6819],[127.37417,37.68219],[127.37381,37.68249],[127.37261,37.68329],[127.37244,37.68338],[127.37151,37.68385],[127.36992,37.68483],[127.36976,37.68494],[127.36962,37.68503],[127.36925,37.68528],[127.3687,37.68569],[127.36866,37.68573],[127.36857,37.68579],[127.36808,37.6863],[127.36769,37.68677],[127.36749,37.68705],[127.36734,37.68728],[127.36724,37.68748],[127.36693,37.68822],[127.36692,37.68825],[127.36686,37.6884],[127.36683,37.68857],[127.36677,37.68924],[127.36676,37.68953],[127.36677,37.68965],[127.3668,37.68976],[127.36705,37.69002],[127.36714,37.69011],[127.37019,37.69036],[127.3705,37.6904],[127.37075,37.69047],[127.37142,37.69092],[127.37153,37.69101],[127.37169,37.69114],[127.37213,37.69157],[127.37219,37.69179],[127.37212,37.69203],[127.37173,37.6924],[127.37121,37.69271],[127.37082,37.69292],[127.37024,37.69302],[127.36931,37.69315],[127.36768,37.69323],[127.36692,37.69326],[127.36236,37.69366],[127.36135,37.69381],[127.36022,37.69557],[127.35946,37.69678],[127.35909,37.69751],[127.35892,37.6984],[127.35849,37.69923],[127.35764,37.70019],[127.35592,37.70193],[127.35446,37.70309],[127.35344,37.70382],[127.35366,37.70501],[127.35425,37.70542],[127.35484,37.70632],[127.35512,37.70718],[127.35514,37.70776],[127.35517,37.70858],[127.35453,37.70966],[127.35436,37.70988],[127.35397,37.71036],[127.35362,37.71071],[127.35339,37.71094],[127.35372,37.71316],[127.35408,37.71411],[127.35441,37.71511],[127.35472,37.71663],[127.35468,37.71699],[127.3545,37.71708],[127.35415,37.71727],[127.35407,37.71782],[127.354,37.71835],[127.35404,37.71941],[127.35454,37.72151],[127.35545,37.72369],[127.35313,37.72454],[127.34786,37.7269],[127.345,37.7277],[127.34492,37.72774],[127.34486,37.72778],[127.34349,37.72888],[127.34329,37.72905],[127.34294,37.72937],[127.3429,37.72942],[127.34288,37.72946],[127.34286,37.72955],[127.343,37.73114],[127.34302,37.7312],[127.34308,37.73135],[127.34315,37.73147],[127.34326,37.73162],[127.34341,37.73188],[127.34342,37.73198],[127.34342,37.7321],[127.34339,37.73289],[127.34338,37.73303],[127.34337,37.73313],[127.34336,37.73321],[127.34246,37.73754],[127.34241,37.7378],[127.34216,37.73823],[127.34207,37.73834],[127.34197,37.73845],[127.34181,37.7386],[127.33744,37.74241],[127.33531,37.74383],[127.33293,37.74646],[127.33245,37.74717],[127.33235,37.74732],[127.33107,37.74954],[127.33116,37.74985],[127.33135,37.75031],[127.33142,37.75045],[127.33181,37.75107],[127.33185,37.75114],[127.33193,37.75122],[127.33198,37.75127],[127.33209,37.75137],[127.33218,37.75145],[127.33224,37.7515],[127.33233,37.75157],[127.33246,37.75166],[127.33249,37.75168],[127.33312,37.75206],[127.33327,37.75216],[127.33346,37.75226],[127.33355,37.75232],[127.33372,37.75246],[127.33386,37.75257],[127.33395,37.75268],[127.33398,37.75275],[127.33399,37.75278],[127.33397,37.75281],[127.33396,37.75284],[127.33388,37.75293],[127.33383,37.75298],[127.33305,37.75352],[127.33192,37.75424],[127.33009,37.75585],[127.32849,37.75773],[127.32844,37.75781],[127.32841,37.75785],[127.32837,37.75793],[127.32837,37.75799],[127.32837,37.75802],[127.32838,37.75807],[127.32645,37.76025],[127.32534,37.76082],[127.3237,37.76176],[127.32237,37.76307],[127.32233,37.76315],[127.32231,37.76323],[127.32223,37.76353],[127.32215,37.76376],[127.32211,37.76386],[127.32202,37.76403],[127.32195,37.76415],[127.32185,37.76425],[127.32015,37.76597],[127.31992,37.76619],[127.31985,37.76624],[127.31857,37.76723],[127.31575,37.76893],[127.31565,37.76897],[127.31531,37.76903],[127.31521,37.76903],[127.31397,37.76879],[127.31369,37.7687],[127.31294,37.7685],[127.31192,37.76827],[127.31178,37.76825],[127.31144,37.7682],[127.31088,37.76812],[127.31074,37.76813],[127.31008,37.76824],[127.30989,37.7683],[127.30978,37.76836],[127.30631,37.77035],[127.30503,37.77123],[127.30469,37.77148],[127.30459,37.77162],[127.30455,37.77172],[127.3021,37.77338],[127.2985,37.77429],[127.29573,37.77524],[127.29363,37.77608],[127.29359,37.7761],[127.29354,37.77613],[127.29343,37.77616],[127.29313,37.77624],[127.29196,37.77614],[127.29181,37.77612],[127.29169,37.77608],[127.29162,37.77606],[127.29156,37.77604],[127.29153,37.77602],[127.29137,37.77593],[127.29104,37.77574],[127.29091,37.77562],[127.2908,37.77552],[127.29043,37.7752],[127.29031,37.77512],[127.2902,37.77507],[127.29009,37.77504],[127.29,37.77501],[127.28608,37.77477],[127.28602,37.77477],[127.28592,37.77477],[127.2828,37.77478],[127.28186,37.77492],[127.27775,37.77449],[127.27406,37.77405],[127.27402,37.77406],[127.27397,37.77407],[127.27391,37.77409],[127.27371,37.77416],[127.27363,37.77426],[127.27357,37.77455],[127.27329,37.77527],[127.27294,37.77603],[127.27292,37.77606],[127.27287,37.77611],[127.26973,37.77883],[127.2696,37.77893],[127.26956,37.77896],[127.26941,37.77905],[127.26926,37.77914],[127.26905,37.77925],[127.26885,37.77933],[127.26862,37.77943],[127.26845,37.77949],[127.2683,37.77953],[127.26803,37.77957],[127.26778,37.77961],[127.26652,37.78045],[127.2664,37.77977],[127.26638,37.77966],[127.26627,37.7791],[127.26625,37.77904],[127.26622,37.77899],[127.26616,37.77894],[127.26531,37.77823],[127.26473,37.77788],[127.26419,37.77756],[127.26345,37.77701],[127.2634,37.77696],[127.26336,37.77693],[127.26329,37.77682],[127.26175,37.77439],[127.26099,37.77277],[127.26098,37.77272],[127.26095,37.77262],[127.26094,37.77251],[127.26094,37.77245],[127.26152,37.77107],[127.26144,37.77102],[127.26053,37.77028],[127.26044,37.7702],[127.26038,37.77012],[127.2603,37.76998],[127.26009,37.76958],[127.26001,37.76941],[127.25999,37.76934],[127.25997,37.76929],[127.25996,37.76916],[127.25996,37.76902],[127.25996,37.76897],[127.25996,37.76886],[127.25993,37.76877],[127.25986,37.76864],[127.25981,37.76857],[127.25978,37.76852],[127.25976,37.76849],[127.25974,37.76845],[127.25973,37.7684],[127.2591,37.76864],[127.25897,37.76867],[127.25879,37.76866],[127.25854,37.76862],[127.25797,37.76851],[127.25375,37.76776],[127.25355,37.76772],[127.2534,37.76764],[127.25325,37.76753],[127.25304,37.76736],[127.25246,37.76685],[127.25211,37.76654],[127.25185,37.76634],[127.25168,37.76626],[127.25158,37.76621],[127.25145,37.76617],[127.24953,37.76571],[127.24047,37.76271],[127.23649,37.76219],[127.23576,37.76094],[127.23571,37.76088],[127.23359,37.75865],[127.23341,37.75846],[127.23299,37.75816],[127.23289,37.7581],[127.23224,37.75772],[127.23219,37.75769],[127.232,37.75766],[127.23068,37.75733],[127.23054,37.75722],[127.22848,37.75534],[127.22762,37.75428],[127.22553,37.75355],[127.22535,37.75349],[127.22514,37.75345],[127.22508,37.75344],[127.22502,37.75345],[127.22488,37.75349],[127.22462,37.75359],[127.22168,37.75498],[127.22163,37.75502],[127.22157,37.75509],[127.22154,37.75515],[127.22153,37.75518],[127.22151,37.75525],[127.22151,37.7553],[127.22152,37.75539],[127.22175,37.75576],[127.22207,37.75638],[127.22207,37.75647],[127.22203,37.75693],[127.22197,37.75704],[127.22187,37.75717],[127.22075,37.75792],[127.21994,37.75831],[127.21987,37.75832],[127.21978,37.75834],[127.21953,37.75839],[127.2194,37.75842],[127.21891,37.75842],[127.21405,37.7606],[127.21387,37.76069],[127.21383,37.76072],[127.21373,37.76079],[127.21353,37.76093],[127.21341,37.76102],[127.21313,37.7613],[127.21304,37.76139],[127.21302,37.76142],[127.213,37.76147],[127.21298,37.76151],[127.21268,37.76421],[127.21268,37.76425],[127.21267,37.76437],[127.21265,37.76465],[127.21096,37.76461],[127.20941,37.76347],[127.20528,37.76124],[127.20522,37.76128],[127.20516,37.76131],[127.20501,37.7614],[127.20488,37.7615],[127.20484,37.76155],[127.20482,37.76159],[127.20478,37.76164],[127.20476,37.76175],[127.20476,37.76202],[127.20476,37.76232],[127.20483,37.76272],[127.20485,37.76281],[127.20486,37.76286],[127.20489,37.76295],[127.20489,37.76301],[127.20488,37.76307],[127.2048,37.76321],[127.20474,37.76329],[127.2047,37.76331],[127.20451,37.76338],[127.20426,37.76346],[127.20415,37.76348],[127.20331,37.76361],[127.20115,37.76391],[127.20083,37.76396],[127.20068,37.76398],[127.20061,37.76398],[127.2005,37.76399],[127.20039,37.76399],[127.20019,37.76399],[127.2,37.76395],[127.19962,37.76378],[127.19861,37.76329],[127.19092,37.76258],[127.18729,37.76342],[127.18717,37.76361],[127.18704,37.76375],[127.18697,37.76381],[127.18694,37.76384],[127.18677,37.76397],[127.18643,37.76422],[127.18636,37.76425],[127.18617,37.76435],[127.186,37.76441],[127.18578,37.76446],[127.18431,37.76473],[127.18424,37.76474],[127.18416,37.76474],[127.18407,37.76474],[127.18403,37.76473],[127.18392,37.76471],[127.18381,37.76469],[127.18373,37.76467],[127.18364,37.76464],[127.18156,37.76388],[127.1815,37.76385],[127.18146,37.76384],[127.18142,37.76382],[127.18137,37.76377],[127.18134,37.76375],[127.18132,37.76372],[127.18122,37.76362],[127.18113,37.76349],[127.18107,37.7634],[127.18103,37.76334],[127.18097,37.76324],[127.18091,37.7631],[127.17964,37.76244],[127.17945,37.76234],[127.17936,37.76226],[127.17703,37.75982],[127.17699,37.75977],[127.17691,37.75961],[127.17677,37.75933],[127.17669,37.75917],[127.17652,37.75873],[127.17651,37.7587],[127.17644,37.75852],[127.17639,37.7583],[127.17637,37.75822],[127.17637,37.75809],[127.17638,37.75803],[127.17638,37.75791],[127.17638,37.75783],[127.17638,37.7577],[127.17637,37.75766],[127.17631,37.75746],[127.17626,37.75734],[127.17615,37.75717],[127.17612,37.75713],[127.17596,37.75697],[127.17581,37.75683],[127.17566,37.75671],[127.17562,37.75668],[127.17556,37.75663],[127.17326,37.75511],[127.16789,37.75328],[127.1677,37.75324],[127.16766,37.75323],[127.16738,37.75317],[127.16689,37.75306],[127.16659,37.753],[127.16626,37.75294],[127.16611,37.75293],[127.16585,37.75292],[127.16163,37.75294],[127.16135,37.75294],[127.16092,37.75296],[127.16049,37.75299],[127.1601,37.75303],[127.1598,37.75305],[127.15964,37.75309],[127.15946,37.75313],[127.15935,37.75316],[127.15912,37.75324],[127.159,37.7533],[127.15883,37.75341],[127.15838,37.75376],[127.15827,37.75385],[127.1582,37.75391],[127.15813,37.75399],[127.15809,37.75404],[127.158,37.75413],[127.15796,37.75418],[127.15791,37.75423],[127.15769,37.7544],[127.15758,37.75448],[127.15732,37.75463],[127.15718,37.7547],[127.15686,37.75482],[127.15678,37.75484],[127.15659,37.75491],[127.15515,37.75526],[127.15497,37.7553],[127.15482,37.75533],[127.15376,37.7555],[127.15363,37.7555],[127.15353,37.7555],[127.14969,37.75545],[127.14948,37.75545],[127.14944,37.75545],[127.14941,37.75544],[127.1493,37.75543],[127.14916,37.75541],[127.14896,37.75538],[127.14671,37.75484],[127.14588,37.75403],[127.14204,37.74992],[127.14248,37.74777],[127.14147,37.74764],[127.13996,37.74746],[127.13826,37.74731],[127.138,37.74747],[127.13793,37.74751],[127.13751,37.74777],[127.13704,37.74811],[127.13681,37.74837],[127.13672,37.74857],[127.13622,37.74931],[127.13528,37.74929],[127.13481,37.74928],[127.13468,37.74928],[127.13431,37.74923],[127.13413,37.74919],[127.12848,37.74783],[127.12825,37.74725],[127.12824,37.7472],[127.12823,37.74715],[127.12869,37.74587],[127.12869,37.74566],[127.12866,37.7456],[127.1286,37.74545],[127.12798,37.74467],[127.12759,37.7445],[127.12713,37.74429],[127.12629,37.7438],[127.12513,37.74181],[127.12371,37.73861],[127.12369,37.73837],[127.1236,37.7376],[127.12367,37.73498],[127.12385,37.73459],[127.12472,37.73421],[127.12529,37.73391],[127.12565,37.73354],[127.12577,37.72747],[127.12476,37.72639],[127.12412,37.72597],[127.12366,37.72287],[127.12343,37.7225],[127.12301,37.72214],[127.12096,37.72173],[127.11892,37.72106],[127.1182,37.7208],[127.11675,37.7183],[127.11656,37.71795],[127.11361,37.71768],[127.1129,37.71779],[127.11261,37.71778],[127.11235,37.71774],[127.11222,37.71772],[127.11167,37.71723],[127.11091,37.7161],[127.11057,37.71558],[127.1093,37.71281],[127.10923,37.71079],[127.10934,37.71005],[127.10934,37.70983],[127.10935,37.70961],[127.10931,37.70937],[127.10912,37.70884],[127.10901,37.70864],[127.10738,37.70775],[127.10707,37.70766],[127.10442,37.70723],[127.10431,37.70723],[127.10365,37.70721],[127.10237,37.70761],[127.10129,37.70826],[127.09794,37.70676],[127.09664,37.70569],[127.09636,37.70506],[127.09442,37.70371],[127.09124,37.70225],[127.09111,37.70225],[127.09106,37.70225],[127.09101,37.70225],[127.09093,37.70228],[127.09085,37.7023],[127.09063,37.70256],[127.09055,37.70267],[127.09044,37.70291],[127.0901,37.70329],[127.08958,37.70345],[127.08844,37.70375],[127.08821,37.70371],[127.08627,37.7029],[127.08411,37.70219],[127.08388,37.70213],[127.08365,37.70208],[127.0832,37.70202],[127.08311,37.70201],[127.08303,37.702],[127.08287,37.70189],[127.08276,37.7018],[127.08227,37.70136],[127.08214,37.70124],[127.08209,37.70118],[127.08145,37.70035],[127.08141,37.70027],[127.08139,37.70023],[127.08138,37.7002],[127.08135,37.7001],[127.08133,37.70005],[127.08131,37.69988],[127.08129,37.6997],[127.08123,37.69745]]]}},{"type":"Feature","properties":{"id":"41-41370","name":"오산시","sido":"경기도","code":"41370","center":[37.16334,127.05117]},"geometry":{"type":"Polygon","coordinates":[[[126.99515,37.1757],[126.99525,37.17501],[126.99553,37.17486],[126.99561,37.17486],[126.99629,37.17491],[126.99654,37.17483],[126.99695,37.17469],[126.99786,37.17437],[126.99967,37.17374],[127.00007,37.17355],[127.00131,37.17271],[127.00167,37.17247],[127.00199,37.17212],[127.00416,37.16977],[127.00649,37.1681],[127.00653,37.16806],[127.01239,37.16757],[127.01619,37.1678],[127.01663,37.16785],[127.01905,37.16729],[127.01988,37.16709],[127.02127,37.16643],[127.02143,37.16617],[127.02272,37.16547],[127.02402,37.16526],[127.02527,37.16467],[127.0281,37.16312],[127.02731,37.16173],[127.02697,37.16066],[127.02745,37.16038],[127.02808,37.16],[127.02888,37.15941],[127.02976,37.15876],[127.03049,37.15601],[127.0301,37.1554],[127.02879,37.15498],[127.02842,37.15464],[127.0283,37.15452],[127.02826,37.15449],[127.02818,37.15441],[127.0281,37.15433],[127.02805,37.15426],[127.02802,37.15421],[127.028,37.15408],[127.02799,37.15401],[127.02797,37.15397],[127.02791,37.15389],[127.02783,37.15379],[127.02786,37.15267],[127.02807,37.15217],[127.02853,37.15144],[127.02859,37.15137],[127.02863,37.15132],[127.02876,37.15126],[127.02941,37.15061],[127.02998,37.15],[127.03013,37.14952],[127.03015,37.14923],[127.03018,37.14894],[127.03034,37.14645],[127.03034,37.14637],[127.03031,37.14631],[127.03023,37.14618],[127.03007,37.14598],[127.02995,37.14584],[127.02991,37.1458],[127.02987,37.14572],[127.02983,37.14561],[127.02981,37.14552],[127.02981,37.14546],[127.02981,37.1454],[127.02982,37.14532],[127.02991,37.14519],[127.0301,37.14502],[127.03028,37.14492],[127.03041,37.14486],[127.03047,37.14483],[127.03054,37.14479],[127.03065,37.1447],[127.03079,37.14459],[127.03089,37.14447],[127.03092,37.14442],[127.03152,37.14326],[127.03156,37.14314],[127.0316,37.14301],[127.0316,37.14277],[127.03159,37.14259],[127.03257,37.1402],[127.03334,37.13876],[127.03446,37.13723],[127.03563,37.13602],[127.03852,37.13576],[127.03831,37.13543],[127.03776,37.13458],[127.03768,37.13367],[127.03772,37.1335],[127.03796,37.1323],[127.03799,37.1322],[127.0381,37.13194],[127.03819,37.13178],[127.04094,37.12907],[127.04108,37.12895],[127.04117,37.12888],[127.04272,37.12782],[127.04296,37.12769],[127.04314,37.1276],[127.04324,37.12755],[127.04557,37.12635],[127.04563,37.12672],[127.04564,37.12694],[127.04548,37.12794],[127.04543,37.12815],[127.04531,37.12861],[127.04524,37.12871],[127.04514,37.12879],[127.04525,37.12926],[127.04528,37.12927],[127.04553,37.12938],[127.04744,37.1298],[127.04811,37.1299],[127.0487,37.12994],[127.04885,37.12994],[127.05233,37.12962],[127.05237,37.13072],[127.0533,37.13195],[127.05374,37.13225],[127.0557,37.13352],[127.05573,37.13332],[127.05579,37.13321],[127.05669,37.13242],[127.05807,37.13196],[127.05866,37.13193],[127.05894,37.13201],[127.06082,37.1323],[127.06509,37.13194],[127.06498,37.13117],[127.06602,37.12782],[127.06719,37.12734],[127.06751,37.12758],[127.06868,37.12821],[127.07012,37.12701],[127.07114,37.12561],[127.07304,37.12537],[127.0741,37.12554],[127.07426,37.12561],[127.07438,37.12571],[127.07451,37.12584],[127.07464,37.12603],[127.07481,37.12634],[127.07488,37.12639],[127.07661,37.12719],[127.07916,37.12825],[127.07918,37.12784],[127.07919,37.12754],[127.07922,37.12675],[127.07927,37.12577],[127.07931,37.12578],[127.08124,37.12631],[127.08308,37.12722],[127.08314,37.12724],[127.08318,37.12726],[127.08326,37.12729],[127.08373,37.1273],[127.0841,37.12727],[127.08521,37.12693],[127.08622,37.1266],[127.08904,37.12794],[127.09046,37.13009],[127.0899,37.13074],[127.08917,37.13167],[127.08719,37.13505],[127.08716,37.13511],[127.08626,37.13735],[127.08757,37.13763],[127.08785,37.13761],[127.09151,37.13735],[127.0916,37.13728],[127.09227,37.13689],[127.09237,37.13684],[127.0937,37.13645],[127.09381,37.13642],[127.09386,37.13642],[127.09393,37.13641],[127.09481,37.13636],[127.09502,37.13636],[127.09786,37.13686],[127.09797,37.13698],[127.09815,37.13749],[127.09815,37.13772],[127.09811,37.13787],[127.09804,37.13802],[127.09792,37.13818],[127.0978,37.13827],[127.0977,37.13834],[127.0977,37.1384],[127.0977,37.13881],[127.09778,37.1389],[127.10035,37.14229],[127.10249,37.1434],[127.10257,37.14342],[127.10365,37.14357],[127.10095,37.14609],[127.10009,37.14842],[127.09931,37.15021],[127.09806,37.15296],[127.09842,37.15394],[127.09813,37.15539],[127.09803,37.15573],[127.09799,37.15585],[127.09386,37.15945],[127.09165,37.15968],[127.08895,37.16052],[127.08295,37.16137],[127.07813,37.16187],[127.07739,37.16192],[127.07657,37.16199],[127.07596,37.16223],[127.07536,37.16258],[127.07399,37.16377],[127.0716,37.16798],[127.07158,37.16805],[127.07107,37.17004],[127.07106,37.17009],[127.07103,37.17022],[127.071,37.17036],[127.07064,37.17267],[127.07065,37.17298],[127.07067,37.17308],[127.07083,37.17362],[127.07222,37.17598],[127.07214,37.18202],[127.07187,37.18309],[127.07156,37.18371],[127.07106,37.18404],[127.06976,37.18401],[127.06659,37.18407],[127.06606,37.18432],[127.06569,37.18538],[127.06535,37.18638],[127.06532,37.18645],[127.06814,37.18915],[127.06864,37.19062],[127.06857,37.19065],[127.06836,37.19077],[127.0683,37.19078],[127.068,37.19085],[127.06764,37.19091],[127.06743,37.19096],[127.06724,37.19102],[127.06685,37.19122],[127.0665,37.19145],[127.06637,37.19154],[127.06565,37.19216],[127.06554,37.19317],[127.06568,37.19433],[127.06603,37.19467],[127.06602,37.19572],[127.06497,37.19775],[127.06147,37.1994],[127.05854,37.19813],[127.05673,37.19724],[127.05662,37.19721],[127.05641,37.19717],[127.05622,37.19717],[127.05613,37.19718],[127.05601,37.1972],[127.0558,37.19726],[127.05545,37.19734],[127.05517,37.1974],[127.05481,37.19745],[127.05467,37.19746],[127.0546,37.19746],[127.05441,37.19746],[127.05196,37.19708],[127.05179,37.19704],[127.05173,37.19702],[127.05153,37.19695],[127.05096,37.19665],[127.05064,37.19648],[127.05041,37.19633],[127.0499,37.19598],[127.04985,37.19596],[127.04975,37.19592],[127.04962,37.1959],[127.04944,37.19591],[127.04919,37.19592],[127.047,37.19611],[127.0461,37.19626],[127.04251,37.19764],[127.04154,37.19749],[127.03872,37.19833],[127.03854,37.19842],[127.0384,37.1985],[127.03763,37.19897],[127.03739,37.19914],[127.03735,37.19927],[127.03734,37.19945],[127.03734,37.1995],[127.03733,37.19961],[127.03728,37.19971],[127.03718,37.19981],[127.03706,37.19991],[127.03702,37.19991],[127.03698,37.19992],[127.03689,37.19994],[127.0368,37.19995],[127.03666,37.19996],[127.03485,37.20009],[127.03426,37.2001],[127.03388,37.2001],[127.03332,37.2001],[127.03266,37.20009],[127.03246,37.20007],[127.03124,37.19991],[127.02824,37.20013],[127.02665,37.20042],[127.02665,37.20036],[127.02661,37.20026],[127.02649,37.2001],[127.02468,37.19809],[127.02444,37.19798],[127.02413,37.19784],[127.0216,37.19679],[127.02146,37.19675],[127.02105,37.19661],[127.01874,37.19586],[127.01753,37.19546],[127.01698,37.19539],[127.01636,37.19531],[127.01564,37.1952],[127.01509,37.19512],[127.0136,37.19481],[127.01188,37.19421],[127.01132,37.1939],[127.01104,37.19375],[127.01032,37.19306],[127.01001,37.19265],[127.00982,37.1924],[127.0093,37.19121],[127.00874,37.18992],[127.00872,37.1899],[127.00845,37.18922],[127.00785,37.187],[127.00622,37.18551],[127.0036,37.18334],[127.00293,37.18261],[127.00243,37.18205],[127.00365,37.18161],[127.00423,37.18153],[127.00461,37.18148],[127.00481,37.18125],[127.00482,37.1808],[127.00456,37.18041],[127.00343,37.17943],[127.00301,37.17914],[127.00155,37.17839],[126.99977,37.17758],[126.99781,37.17811],[126.9965,37.17846],[126.99515,37.17727],[126.99515,37.1757]]]}},{"type":"Feature","properties":{"id":"41-41390","name":"시흥시","sido":"경기도","code":"41390","center":[37.38631,126.78379]},"geometry":{"type":"Polygon","coordinates":[[[126.67106,37.32989],[126.67531,37.32379],[126.67604,37.3218],[126.67732,37.32152],[126.67716,37.32009],[126.68047,37.31948],[126.68136,37.32008],[126.68483,37.31988],[126.6924,37.319],[126.70267,37.31234],[126.70611,37.31044],[126.71716,37.30752],[126.72072,37.31123],[126.7228,37.31341],[126.72403,37.31469],[126.72974,37.3206],[126.73121,37.32212],[126.73226,37.32322],[126.73436,37.32539],[126.73852,37.32968],[126.73887,37.32947],[126.73976,37.32892],[126.74032,37.32858],[126.74147,37.32787],[126.74175,37.32769],[126.74338,37.32669],[126.74358,37.32657],[126.74433,37.3261],[126.74515,37.32558],[126.74656,37.32473],[126.74765,37.32478],[126.74767,37.3256],[126.74809,37.32785],[126.7493,37.33275],[126.74945,37.33314],[126.74947,37.3332],[126.74959,37.3334],[126.74962,37.33345],[126.74973,37.33358],[126.74979,37.33364],[126.74989,37.33373],[126.75012,37.33389],[126.75023,37.33396],[126.75241,37.33516],[126.75437,37.33623],[126.75566,37.33694],[126.75737,37.33787],[126.75765,37.33805],[126.75777,37.33813],[126.75803,37.33839],[126.75812,37.33849],[126.75954,37.33995],[126.75964,37.34011],[126.75968,37.34018],[126.75975,37.34039],[126.75979,37.34065],[126.75983,37.34085],[126.7601,37.341],[126.7602,37.34105],[126.7615,37.34147],[126.76162,37.34147],[126.76371,37.34161],[126.76394,37.34162],[126.76822,37.33942],[126.77059,37.34042],[126.77391,37.34075],[126.77479,37.34103],[126.77638,37.34201],[126.77887,37.3408],[126.77907,37.34071],[126.7792,37.34066],[126.78086,37.34036],[126.78153,37.34026],[126.7828,37.34006],[126.78405,37.33855],[126.78405,37.33747],[126.78739,37.33857],[126.78794,37.33896],[126.78818,37.33913],[126.78892,37.33975],[126.78898,37.33981],[126.78914,37.34008],[126.78923,37.34024],[126.78929,37.34042],[126.7893,37.34045],[126.78937,37.3406],[126.78941,37.34068],[126.79024,37.3416],[126.79034,37.34171],[126.79061,37.34201],[126.79079,37.34219],[126.79091,37.34229],[126.79102,37.3424],[126.7911,37.34247],[126.79183,37.34298],[126.79209,37.34314],[126.79087,37.34729],[126.79051,37.34798],[126.79053,37.34868],[126.79072,37.34983],[126.7908,37.35037],[126.79158,37.35248],[126.79174,37.35263],[126.79253,37.35303],[126.79341,37.35346],[126.79528,37.35514],[126.79625,37.35474],[126.80216,37.3531],[126.8023,37.35308],[126.80269,37.35309],[126.80312,37.35311],[126.80547,37.35342],[126.80578,37.35349],[126.80894,37.35514],[126.81022,37.35562],[126.81087,37.3557],[126.81465,37.35686],[126.81665,37.35765],[126.81856,37.35971],[126.82372,37.36314],[126.82562,37.36323],[126.82615,37.36381],[126.82644,37.36413],[126.82763,37.3642],[126.82874,37.3635],[126.82914,37.36326],[126.83058,37.36218],[126.83163,37.36165],[126.83318,37.36182],[126.83352,37.36187],[126.8339,37.36193],[126.83959,37.36289],[126.84075,37.36369],[126.84166,37.36321],[126.84247,37.36325],[126.84335,37.36329],[126.84622,37.36402],[126.84825,37.36505],[126.84925,37.36417],[126.84977,37.36359],[126.85017,37.36286],[126.85028,37.36203],[126.85209,37.361],[126.85343,37.36044],[126.85449,37.36029],[126.85662,37.3611],[126.85996,37.36148],[126.86131,37.36148],[126.862,37.36149],[126.86362,37.3615],[126.86483,37.36152],[126.87007,37.36483],[126.87122,37.36567],[126.87155,37.36591],[126.87315,37.36851],[126.8778,37.37233],[126.87933,37.37352],[126.88107,37.37508],[126.88191,37.37622],[126.88073,37.38022],[126.88014,37.38219],[126.87908,37.38461],[126.87793,37.38729],[126.87609,37.39466],[126.87758,37.39713],[126.87774,37.39907],[126.87771,37.39978],[126.87751,37.39994],[126.87727,37.40014],[126.87707,37.4014],[126.877,37.40205],[126.87499,37.40157],[126.87445,37.40169],[126.87434,37.40171],[126.8741,37.40177],[126.8727,37.40195],[126.87061,37.40216],[126.87045,37.40215],[126.87028,37.40215],[126.8687,37.40204],[126.86574,37.40162],[126.86197,37.40151],[126.85932,37.40179],[126.85769,37.40224],[126.85374,37.40547],[126.8538,37.40574],[126.85284,37.40829],[126.85215,37.40878],[126.84746,37.41131],[126.84715,37.41145],[126.84683,37.41167],[126.84655,37.41211],[126.84632,37.41247],[126.8458,37.41478],[126.84553,37.41602],[126.8446,37.42097],[126.84504,37.4222],[126.84527,37.42241],[126.8453,37.42242],[126.84546,37.4225],[126.84552,37.42263],[126.84551,37.42291],[126.84489,37.42383],[126.84418,37.42451],[126.84312,37.42539],[126.84193,37.42638],[126.84191,37.42785],[126.84061,37.43073],[126.84004,37.43171],[126.84027,37.43239],[126.84062,37.4331],[126.84079,37.43327],[126.84092,37.4334],[126.84116,37.43349],[126.8415,37.43356],[126.84166,37.43359],[126.84186,37.4338],[126.84174,37.43443],[126.84105,37.43538],[126.84089,37.43556],[126.83975,37.4366],[126.83918,37.43678],[126.83877,37.43682],[126.8385,37.43665],[126.83781,37.43693],[126.83771,37.44243],[126.83776,37.44301],[126.83836,37.44622],[126.83847,37.45073],[126.83811,37.45294],[126.83883,37.4557],[126.83737,37.45774],[126.83519,37.45883],[126.82912,37.45855],[126.82854,37.45956],[126.82808,37.45962],[126.82597,37.4594],[126.82299,37.45833],[126.81857,37.45914],[126.81817,37.45922],[126.8179,37.4594],[126.81762,37.45979],[126.8174,37.4601],[126.81151,37.45988],[126.81118,37.46024],[126.80889,37.46209],[126.80822,37.46238],[126.80651,37.46219],[126.80581,37.46209],[126.80574,37.46205],[126.80569,37.462],[126.80567,37.46197],[126.80561,37.46189],[126.80552,37.4618],[126.80548,37.46178],[126.80543,37.46175],[126.8053,37.46172],[126.80411,37.46157],[126.80405,37.46156],[126.80327,37.46174],[126.80318,37.46177],[126.80073,37.46281],[126.80048,37.46324],[126.8001,37.46388],[126.79851,37.4643],[126.79462,37.46521],[126.79182,37.46547],[126.78947,37.46581],[126.78941,37.46586],[126.78818,37.46673],[126.78492,37.47007],[126.78451,37.47148],[126.78419,37.47257],[126.78402,37.47247],[126.78391,37.4724],[126.7835,37.47223],[126.78315,37.47207],[126.78033,37.4713],[126.78014,37.47126],[126.78003,37.47124],[126.77968,37.47132],[126.77898,37.47152],[126.77826,37.47181],[126.77817,37.47181],[126.77805,37.4709],[126.77797,37.47017],[126.77796,37.47],[126.77797,37.46996],[126.77799,37.46991],[126.77846,37.46948],[126.77919,37.46869],[126.77942,37.46838],[126.77946,37.46829],[126.77966,37.46712],[126.77984,37.46579],[126.77971,37.46533],[126.77969,37.46529],[126.77968,37.46526],[126.77965,37.46522],[126.77959,37.46516],[126.77946,37.46505],[126.77851,37.46197],[126.7777,37.45906],[126.77745,37.45752],[126.77748,37.4574],[126.77829,37.45508],[126.77897,37.45473],[126.77937,37.45458],[126.77972,37.45445],[126.77976,37.4544],[126.77977,37.45433],[126.77921,37.4527],[126.77832,37.45079],[126.77755,37.45082],[126.77476,37.45056],[126.77174,37.45027],[126.77162,37.45015],[126.77071,37.44851],[126.76958,37.44518],[126.76884,37.44293],[126.76923,37.44235],[126.76933,37.44211],[126.77105,37.43682],[126.77112,37.43652],[126.77115,37.43636],[126.77131,37.43523],[126.77131,37.43514],[126.77127,37.43138],[126.77061,37.42955],[126.77035,37.42905],[126.77005,37.42863],[126.76978,37.42828],[126.76931,37.42766],[126.76903,37.42734],[126.76874,37.42718],[126.76867,37.42714],[126.76737,37.42659],[126.76381,37.42576],[126.76098,37.42629],[126.75968,37.42653],[126.75868,37.42596],[126.75369,37.42254],[126.75379,37.42133],[126.75408,37.42061],[126.75477,37.41888],[126.75493,37.41846],[126.75504,37.41816],[126.75505,37.41805],[126.75504,37.41799],[126.75498,37.41793],[126.75329,37.41692],[126.75224,37.41448],[126.75059,37.40981],[126.75058,37.40761],[126.74884,37.40575],[126.74704,37.40338],[126.74585,37.40159],[126.74589,37.40138],[126.74585,37.40122],[126.74582,37.40117],[126.74529,37.40095],[126.74417,37.4005],[126.74384,37.40037],[126.74308,37.4001],[126.74294,37.40004],[126.74242,37.39982],[126.74225,37.39972],[126.74204,37.39958],[126.74179,37.39943],[126.74162,37.39929],[126.74118,37.39892],[126.74112,37.39887],[126.74106,37.39881],[126.74066,37.39843],[126.73902,37.39692],[126.73884,37.39681],[126.73836,37.39652],[126.73654,37.39543],[126.7367,37.39436],[126.73565,37.39323],[126.73454,37.39204],[126.73351,37.38903],[126.73372,37.38825],[126.73419,37.38755],[126.73502,37.3871],[126.73549,37.38702],[126.73611,37.3874],[126.73745,37.38822],[126.73977,37.38723],[126.74055,37.3869],[126.73983,37.38547],[126.74205,37.38455],[126.74498,37.38854],[126.7457,37.38752],[126.74309,37.38391],[126.74259,37.38264],[126.73282,37.3864],[126.73161,37.38651],[126.7306,37.3862],[126.72984,37.38557],[126.72321,37.37879],[126.71829,37.37382],[126.71419,37.36949],[126.71202,37.36712],[126.70045,37.35466],[126.70019,37.35395],[126.70078,37.35329],[126.7032,37.35127],[126.70247,37.35093],[126.70114,37.35187],[126.70074,37.35161],[126.70148,37.35069],[126.697,37.34933],[126.69291,37.34829],[126.69103,37.34853],[126.68845,37.34886],[126.68842,37.34879],[126.68722,37.34559],[126.68559,37.34088],[126.68705,37.34055],[126.68986,37.3399],[126.69115,37.33921],[126.69143,37.33858],[126.69181,37.33742],[126.69149,37.33593],[126.67106,37.32989]]]}},{"type":"Feature","properties":{"id":"41-41410","name":"군포시","sido":"경기도","code":"41410","center":[37.34316,126.92135]},"geometry":{"type":"Polygon","coordinates":[[[126.87275,37.3263],[126.87275,37.32621],[126.87336,37.32307],[126.87382,37.32277],[126.87399,37.32271],[126.87428,37.32257],[126.87445,37.32244],[126.87454,37.32233],[126.87458,37.32224],[126.87465,37.32209],[126.87466,37.32192],[126.87461,37.32178],[126.8746,37.32175],[126.87421,37.32086],[126.87812,37.31946],[126.88154,37.32082],[126.88163,37.32084],[126.88306,37.32086],[126.88316,37.32086],[126.88328,37.32081],[126.8837,37.32059],[126.88559,37.31946],[126.88577,37.31935],[126.88774,37.31791],[126.89153,37.31978],[126.89187,37.31983],[126.89279,37.31981],[126.89389,37.3198],[126.89413,37.31975],[126.8942,37.3197],[126.89446,37.31955],[126.89503,37.31917],[126.90556,37.32165],[126.9077,37.32188],[126.90816,37.32161],[126.91093,37.31777],[126.91047,37.31759],[126.91028,37.31735],[126.91032,37.31693],[126.91035,37.31688],[126.91039,37.31683],[126.91044,37.31677],[126.9107,37.31654],[126.91246,37.31558],[126.91257,37.31557],[126.9127,37.31558],[126.91283,37.3156],[126.91314,37.3157],[126.91379,37.31591],[126.91391,37.31593],[126.91417,37.31594],[126.91441,37.31591],[126.91445,37.31589],[126.91459,37.31583],[126.91505,37.31556],[126.91551,37.31514],[126.9152,37.31355],[126.91451,37.31202],[126.9144,37.31171],[126.91433,37.31131],[126.91433,37.31125],[126.91433,37.31118],[126.91433,37.31094],[126.91437,37.31052],[126.91528,37.30558],[126.91538,37.3055],[126.91604,37.30522],[126.91622,37.30516],[126.91646,37.30515],[126.92064,37.30554],[126.92091,37.30558],[126.92121,37.30566],[126.92159,37.30582],[126.92225,37.30613],[126.92237,37.30618],[126.9225,37.30642],[126.92258,37.30644],[126.92477,37.30679],[126.92542,37.30686],[126.92616,37.30691],[126.92916,37.3069],[126.93043,37.30706],[126.93091,37.30708],[126.93137,37.3071],[126.93236,37.30742],[126.93278,37.30771],[126.93289,37.30784],[126.93301,37.308],[126.93302,37.30813],[126.93301,37.30836],[126.93294,37.30859],[126.93286,37.30882],[126.93285,37.30885],[126.93118,37.31159],[126.93086,37.31171],[126.93079,37.31178],[126.93073,37.31186],[126.93029,37.31283],[126.93026,37.31291],[126.93024,37.31296],[126.92953,37.31579],[126.92947,37.31604],[126.92945,37.31617],[126.92948,37.31651],[126.92952,37.31673],[126.92957,37.31684],[126.9296,37.31694],[126.92964,37.31703],[126.93025,37.31729],[126.93057,37.31745],[126.93216,37.31845],[126.9355,37.32164],[126.93559,37.32173],[126.93566,37.32178],[126.93574,37.32183],[126.93603,37.32197],[126.93709,37.32229],[126.93739,37.32233],[126.93742,37.32234],[126.93846,37.32245],[126.93852,37.32245],[126.93861,37.32246],[126.93867,37.32246],[126.93878,37.32245],[126.93887,37.32242],[126.93895,37.32239],[126.93899,37.32237],[126.93908,37.32232],[126.93917,37.32227],[126.93936,37.32213],[126.93964,37.32182],[126.9407,37.32123],[126.94094,37.32116],[126.94352,37.32057],[126.94476,37.3203],[126.94505,37.32034],[126.94529,37.32088],[126.94696,37.32477],[126.9474,37.32696],[126.94742,37.32708],[126.94743,37.32748],[126.94741,37.32814],[126.9479,37.33119],[126.94812,37.33183],[126.9484,37.3369],[126.94856,37.33975],[126.95134,37.34175],[126.95365,37.34102],[126.95444,37.3411],[126.95758,37.34434],[126.95799,37.34611],[126.95824,37.34723],[126.95864,37.3475],[126.95902,37.34777],[126.95909,37.34783],[126.95955,37.34822],[126.95943,37.35062],[126.96139,37.3538],[126.96237,37.35534],[126.96223,37.35538],[126.96195,37.35552],[126.96052,37.35639],[126.96201,37.36144],[126.96202,37.36148],[126.96214,37.36156],[126.96165,37.36201],[126.96138,37.36226],[126.95777,37.36545],[126.95773,37.36548],[126.9575,37.36567],[126.95738,37.36575],[126.95702,37.36603],[126.95603,37.36619],[126.95565,37.36623],[126.9539,37.36628],[126.95313,37.36629],[126.95034,37.36737],[126.94966,37.36804],[126.94939,37.3683],[126.94875,37.36882],[126.94857,37.36897],[126.94812,37.36927],[126.94776,37.3695],[126.9476,37.36961],[126.94734,37.36978],[126.94724,37.36985],[126.94707,37.36998],[126.94555,37.37303],[126.94559,37.37378],[126.94575,37.37401],[126.94669,37.37566],[126.9462,37.37626],[126.94528,37.37701],[126.94524,37.37705],[126.94521,37.37707],[126.94518,37.37709],[126.94509,37.37715],[126.94463,37.37745],[126.94431,37.37766],[126.9438,37.37799],[126.94363,37.37806],[126.94355,37.37809],[126.94327,37.37821],[126.94285,37.37831],[126.94281,37.37832],[126.94246,37.37843],[126.94221,37.37851],[126.94147,37.3788],[126.94082,37.37913],[126.94119,37.37676],[126.94056,37.37624],[126.94051,37.37621],[126.94032,37.37605],[126.94008,37.37585],[126.93917,37.37601],[126.93737,37.37656],[126.93489,37.377],[126.93277,37.37747],[126.93098,37.37753],[126.92695,37.37764],[126.92414,37.37731],[126.92392,37.37726],[126.92142,37.37652],[126.9199,37.37656],[126.91918,37.37693],[126.91753,37.37678],[126.9169,37.37609],[126.91668,37.37588],[126.9165,37.37581],[126.91585,37.3756],[126.9156,37.37553],[126.91549,37.3755],[126.91483,37.37541],[126.91377,37.37285],[126.91335,37.37213],[126.9128,37.37115],[126.91265,37.37088],[126.91253,37.37067],[126.91171,37.36909],[126.9117,37.36901],[126.91172,37.36893],[126.91178,37.3687],[126.9118,37.36852],[126.91181,37.36836],[126.91181,37.36827],[126.91176,37.36807],[126.91164,37.36784],[126.91154,37.36767],[126.9105,37.36602],[126.91031,37.36581],[126.91019,37.36572],[126.90831,37.36339],[126.90799,37.36164],[126.90792,37.36138],[126.90775,37.36081],[126.90759,37.36033],[126.90743,37.3601],[126.90725,37.3599],[126.90697,37.3597],[126.90554,37.35875],[126.90526,37.35818],[126.90504,37.35787],[126.90434,37.35709],[126.90408,37.35699],[126.90119,37.35683],[126.90097,37.35687],[126.89724,37.35807],[126.89409,37.35571],[126.894,37.35562],[126.89395,37.35548],[126.89375,37.35365],[126.89192,37.3514],[126.89016,37.35013],[126.88985,37.34993],[126.8896,37.3498],[126.88903,37.34961],[126.88895,37.34958],[126.88867,37.34944],[126.88745,37.3473],[126.88731,37.34675],[126.88754,37.346],[126.8877,37.34399],[126.88767,37.34359],[126.88683,37.34032],[126.8868,37.34025],[126.88678,37.34019],[126.88549,37.33838],[126.88536,37.3382],[126.88091,37.33362],[126.88071,37.33347],[126.88056,37.33338],[126.87992,37.33302],[126.87951,37.33283],[126.87923,37.33276],[126.87858,37.33272],[126.87764,37.33266],[126.87672,37.33265],[126.87398,37.32995],[126.87359,37.32928],[126.87278,37.32657],[126.87276,37.32643],[126.87275,37.32635],[126.87275,37.3263]]]}},{"type":"Feature","properties":{"id":"41-41430","name":"의왕시","sido":"경기도","code":"41430","center":[37.36249,126.98966]},"geometry":{"type":"Polygon","coordinates":[[[126.92945,37.31617],[126.92947,37.31604],[126.92953,37.31579],[126.93024,37.31296],[126.93026,37.31291],[126.93029,37.31283],[126.93073,37.31186],[126.93079,37.31178],[126.93086,37.31171],[126.93118,37.31159],[126.93285,37.30885],[126.93286,37.30882],[126.93294,37.30859],[126.93301,37.30836],[126.93302,37.30813],[126.93301,37.308],[126.93289,37.30784],[126.93278,37.30771],[126.93236,37.30742],[126.93137,37.3071],[126.93091,37.30708],[126.93043,37.30706],[126.93051,37.3053],[126.93052,37.30521],[126.9312,37.30413],[126.93128,37.30405],[126.93135,37.30396],[126.93154,37.30381],[126.93295,37.30305],[126.93475,37.30307],[126.94159,37.30102],[126.95174,37.30065],[126.95229,37.30065],[126.95291,37.30213],[126.9541,37.30307],[126.9543,37.30314],[126.95451,37.30311],[126.95553,37.3029],[126.95577,37.30281],[126.95939,37.30223],[126.96108,37.30197],[126.96162,37.30242],[126.96398,37.30437],[126.96575,37.30699],[126.96595,37.3074],[126.96635,37.30821],[126.96636,37.30835],[126.96663,37.31259],[126.96666,37.31305],[126.96771,37.31594],[126.97,37.31692],[126.96874,37.31905],[126.96692,37.32324],[126.96694,37.32408],[126.96696,37.32413],[126.96698,37.32416],[126.96701,37.32421],[126.96727,37.32443],[126.9707,37.33006],[126.97119,37.33179],[126.97354,37.33018],[126.9767,37.32852],[126.98094,37.32659],[126.98105,37.3266],[126.98147,37.32662],[126.98204,37.32665],[126.98234,37.32669],[126.98278,37.32675],[126.98711,37.32945],[126.98967,37.33231],[126.98976,37.33248],[126.99034,37.33317],[126.99047,37.33329],[126.99135,37.33397],[126.99141,37.33401],[127.00047,37.33849],[127.0007,37.33845],[127.00105,37.33839],[127.00399,37.3382],[127.00612,37.33807],[127.0061,37.33811],[127.00625,37.33829],[127.00627,37.33832],[127.00649,37.33858],[127.00653,37.33862],[127.00661,37.33863],[127.00795,37.33875],[127.008,37.33876],[127.00829,37.33878],[127.00836,37.33878],[127.00855,37.33878],[127.00872,37.33877],[127.00876,37.33876],[127.00882,37.33876],[127.0089,37.33875],[127.00903,37.33876],[127.00906,37.33877],[127.0091,37.33879],[127.00914,37.33884],[127.00917,37.33893],[127.00919,37.33908],[127.00918,37.33915],[127.00917,37.33921],[127.00915,37.33932],[127.00913,37.33947],[127.00912,37.33954],[127.00912,37.33959],[127.00913,37.33963],[127.00915,37.33967],[127.00918,37.33971],[127.00922,37.33975],[127.0093,37.33982],[127.00943,37.33992],[127.0095,37.33996],[127.00954,37.33998],[127.00957,37.34],[127.00966,37.34006],[127.00971,37.34009],[127.00982,37.34018],[127.00986,37.34022],[127.0099,37.34028],[127.00995,37.34037],[127.00998,37.34044],[127.00998,37.34053],[127.00999,37.34065],[127.01,37.3407],[127.01001,37.34073],[127.01008,37.34084],[127.01018,37.34094],[127.01022,37.34098],[127.01025,37.34101],[127.01026,37.34105],[127.01026,37.34113],[127.01024,37.34124],[127.01023,37.34127],[127.01022,37.3413],[127.01019,37.34142],[127.01018,37.34147],[127.01015,37.34151],[127.01029,37.34183],[127.01034,37.34195],[127.01042,37.34211],[127.0109,37.34314],[127.01094,37.34322],[127.01159,37.3438],[127.01262,37.34513],[127.01263,37.34539],[127.01269,37.34671],[127.0127,37.34688],[127.01331,37.34783],[127.01461,37.34915],[127.01589,37.34976],[127.01701,37.35003],[127.01776,37.35009],[127.01851,37.35044],[127.01881,37.35156],[127.01687,37.35375],[127.01613,37.35664],[127.01609,37.35693],[127.01611,37.35711],[127.01613,37.35724],[127.01637,37.35775],[127.01704,37.3588],[127.01755,37.35948],[127.01819,37.3603],[127.01825,37.36035],[127.02083,37.36214],[127.02148,37.36253],[127.02158,37.36258],[127.02183,37.36271],[127.02214,37.36282],[127.02232,37.36287],[127.02243,37.3629],[127.0229,37.36295],[127.02337,37.36333],[127.0237,37.36373],[127.02379,37.36386],[127.024,37.36421],[127.02458,37.3655],[127.02497,37.36651],[127.02559,37.36771],[127.02561,37.36773],[127.0257,37.36784],[127.0264,37.36836],[127.02658,37.36846],[127.02672,37.36854],[127.02681,37.36859],[127.02689,37.36863],[127.02692,37.36865],[127.02696,37.36869],[127.02698,37.36871],[127.02701,37.36874],[127.02704,37.36877],[127.02726,37.36914],[127.02731,37.36926],[127.02738,37.36944],[127.02748,37.36971],[127.02764,37.37023],[127.02797,37.37198],[127.02794,37.37214],[127.02772,37.37266],[127.02717,37.37503],[127.0271,37.37538],[127.02709,37.37548],[127.02709,37.37552],[127.02708,37.37557],[127.0274,37.37673],[127.02741,37.37678],[127.02805,37.37787],[127.02889,37.37925],[127.02894,37.37929],[127.02899,37.37931],[127.02906,37.37933],[127.02913,37.37934],[127.02937,37.37936],[127.02942,37.37936],[127.02962,37.37935],[127.02969,37.37934],[127.03146,37.38124],[127.0327,37.38409],[127.03536,37.38879],[127.03695,37.38935],[127.03704,37.38938],[127.03711,37.38944],[127.03714,37.38947],[127.03839,37.39046],[127.03847,37.39056],[127.03854,37.39069],[127.03871,37.39107],[127.03872,37.39115],[127.03872,37.39121],[127.03872,37.39133],[127.03828,37.39817],[127.03824,37.39852],[127.0382,37.39866],[127.03809,37.39886],[127.03803,37.39892],[127.03771,37.39974],[127.0374,37.40084],[127.03739,37.40093],[127.03738,37.40099],[127.03741,37.40107],[127.03746,37.40115],[127.03764,37.40139],[127.03775,37.40149],[127.03783,37.40155],[127.03834,37.40191],[127.03839,37.40193],[127.03846,37.40197],[127.03854,37.40199],[127.03904,37.40213],[127.03918,37.40216],[127.03923,37.40216],[127.03928,37.40217],[127.03945,37.40217],[127.03952,37.40217],[127.03955,37.40217],[127.0396,37.40216],[127.03982,37.40215],[127.04004,37.40214],[127.04031,37.40219],[127.04043,37.40221],[127.04047,37.40221],[127.04057,37.40223],[127.04075,37.40227],[127.04083,37.4023],[127.04347,37.40358],[127.04353,37.40363],[127.04367,37.40393],[127.04371,37.40409],[127.0437,37.40421],[127.04305,37.40494],[127.04297,37.40512],[127.0424,37.40696],[127.04237,37.40711],[127.04237,37.40723],[127.04268,37.4081],[127.04272,37.40818],[127.04279,37.40824],[127.04386,37.40889],[127.04395,37.40894],[127.04411,37.40901],[127.04496,37.40954],[127.0466,37.41062],[127.04663,37.41066],[127.04666,37.41068],[127.04675,37.41076],[127.0468,37.41084],[127.04686,37.41094],[127.0469,37.41119],[127.04691,37.41129],[127.04704,37.41289],[127.04705,37.41306],[127.04704,37.41315],[127.04701,37.41326],[127.047,37.41331],[127.04696,37.41342],[127.0469,37.41349],[127.04675,37.4136],[127.04168,37.41563],[127.04098,37.41518],[127.0401,37.4148],[127.03802,37.41394],[127.03798,37.41392],[127.03793,37.41391],[127.03781,37.41389],[127.03759,37.41391],[127.03716,37.41397],[127.03688,37.41401],[127.03674,37.41403],[127.03654,37.41408],[127.03595,37.41414],[127.03582,37.41414],[127.03547,37.41413],[127.03531,37.41412],[127.03503,37.4141],[127.03486,37.41406],[127.03396,37.41388],[127.03375,37.41384],[127.03049,37.41296],[127.0295,37.41264],[127.02908,37.41244],[127.0284,37.41211],[127.02834,37.4121],[127.02822,37.41209],[127.02813,37.41209],[127.02615,37.41205],[127.02605,37.41205],[127.02115,37.4124],[127.02086,37.41246],[127.01946,37.41282],[127.01814,37.41318],[127.0129,37.4127],[127.00866,37.41223],[127.0086,37.41223],[127.00849,37.4122],[127.00845,37.41218],[127.00704,37.41054],[127.00413,37.40777],[127.00261,37.40725],[127.00231,37.40714],[127.00212,37.40706],[127.00209,37.40703],[127.00185,37.40683],[127.00178,37.40677],[127.00168,37.40668],[127.00075,37.40574],[127.00052,37.40523],[127.00048,37.40516],[127.00041,37.40509],[127.00039,37.40506],[127.00018,37.4049],[126.99993,37.40473],[126.99977,37.40463],[126.99971,37.40462],[126.99954,37.40463],[126.99778,37.40482],[126.99514,37.40512],[126.99507,37.40513],[126.99498,37.40514],[126.9949,37.40516],[126.99487,37.40517],[126.99484,37.40518],[126.99477,37.40521],[126.99454,37.40535],[126.99268,37.4067],[126.99254,37.40683],[126.99248,37.40692],[126.99245,37.40695],[126.99236,37.40719],[126.99225,37.40739],[126.99224,37.40742],[126.99219,37.40749],[126.99212,37.40758],[126.99202,37.40767],[126.99199,37.40768],[126.99194,37.4077],[126.9919,37.40772],[126.99177,37.40774],[126.99167,37.40776],[126.99017,37.40803],[126.98988,37.40806],[126.98827,37.40794],[126.98752,37.40766],[126.98593,37.40674],[126.98578,37.40664],[126.98347,37.40216],[126.98257,37.40067],[126.98268,37.40035],[126.98256,37.39994],[126.98247,37.39962],[126.98223,37.39896],[126.98219,37.39884],[126.98173,37.39822],[126.98155,37.39804],[126.98136,37.3979],[126.98087,37.3977],[126.97951,37.39589],[126.98183,37.39438],[126.98171,37.39415],[126.9815,37.39382],[126.98118,37.39335],[126.98109,37.39327],[126.98101,37.39319],[126.98082,37.3931],[126.98054,37.393],[126.98014,37.39292],[126.97955,37.39274],[126.97949,37.39272],[126.97944,37.39271],[126.97889,37.39236],[126.97881,37.39231],[126.97877,37.39227],[126.97874,37.39223],[126.9787,37.39219],[126.97842,37.39169],[126.97416,37.38847],[126.97293,37.38676],[126.9728,37.38677],[126.97249,37.38405],[126.97245,37.38369],[126.97234,37.38262],[126.97234,37.38259],[126.97223,37.38126],[126.97147,37.38031],[126.97144,37.38027],[126.96778,37.37521],[126.96625,37.3733],[126.96576,37.37275],[126.96573,37.37272],[126.96537,37.37198],[126.96535,37.37191],[126.96533,37.37183],[126.96532,37.37177],[126.96532,37.37172],[126.96534,37.37099],[126.96545,37.36877],[126.96535,37.36735],[126.96501,37.36637],[126.96461,37.36569],[126.96434,37.36515],[126.96436,37.36506],[126.96442,37.3648],[126.9645,37.36464],[126.96453,37.36461],[126.96483,37.36439],[126.96506,37.36425],[126.96541,37.36402],[126.96571,37.36377],[126.9659,37.36357],[126.96597,37.36349],[126.9661,37.36335],[126.96617,37.36325],[126.96624,37.36248],[126.96613,37.36219],[126.96601,37.36215],[126.96585,37.3621],[126.96444,37.36178],[126.96437,37.36177],[126.96214,37.36156],[126.96202,37.36148],[126.96201,37.36144],[126.96052,37.35639],[126.96195,37.35552],[126.96223,37.35538],[126.96237,37.35534],[126.96139,37.3538],[126.95943,37.35062],[126.95955,37.34822],[126.95909,37.34783],[126.95902,37.34777],[126.95864,37.3475],[126.95824,37.34723],[126.95799,37.34611],[126.95758,37.34434],[126.95444,37.3411],[126.95365,37.34102],[126.95134,37.34175],[126.94856,37.33975],[126.9484,37.3369],[126.94812,37.33183],[126.9479,37.33119],[126.94741,37.32814],[126.94743,37.32748],[126.94742,37.32708],[126.9474,37.32696],[126.94696,37.32477],[126.94529,37.32088],[126.94505,37.32034],[126.94476,37.3203],[126.94352,37.32057],[126.94094,37.32116],[126.9407,37.32123],[126.93964,37.32182],[126.93936,37.32213],[126.93917,37.32227],[126.93908,37.32232],[126.93899,37.32237],[126.93895,37.32239],[126.93887,37.32242],[126.93878,37.32245],[126.93867,37.32246],[126.93861,37.32246],[126.93852,37.32245],[126.93846,37.32245],[126.93742,37.32234],[126.93739,37.32233],[126.93709,37.32229],[126.93603,37.32197],[126.93574,37.32183],[126.93566,37.32178],[126.93559,37.32173],[126.9355,37.32164],[126.93216,37.31845],[126.93057,37.31745],[126.93025,37.31729],[126.92964,37.31703],[126.9296,37.31694],[126.92957,37.31684],[126.92952,37.31673],[126.92948,37.31651],[126.92945,37.31617]]]}},{"type":"Feature","properties":{"id":"41-41450","name":"하남시","sido":"경기도","code":"41450","center":[37.52285,127.20629]},"geometry":{"type":"Polygon","coordinates":[[[127.13997,37.50859],[127.14023,37.50839],[127.14128,37.50694],[127.14116,37.50631],[127.14093,37.5057],[127.14104,37.50557],[127.14114,37.50545],[127.14301,37.50467],[127.1434,37.50452],[127.14356,37.50445],[127.14437,37.50439],[127.14506,37.50365],[127.14513,37.50359],[127.14524,37.5035],[127.1456,37.50343],[127.14605,37.50337],[127.14769,37.50327],[127.14864,37.50373],[127.14929,37.50407],[127.15012,37.50451],[127.15084,37.50411],[127.15167,37.50337],[127.1519,37.50315],[127.15206,37.50311],[127.15215,37.50309],[127.15263,37.50312],[127.15282,37.50306],[127.15301,37.50291],[127.15321,37.50275],[127.1536,37.50275],[127.15372,37.50275],[127.15396,37.50276],[127.15415,37.50269],[127.15456,37.50255],[127.15532,37.50229],[127.15617,37.502],[127.15647,37.5019],[127.15762,37.50309],[127.15787,37.50301],[127.16055,37.50115],[127.16138,37.50025],[127.16138,37.49983],[127.16138,37.49961],[127.16056,37.4977],[127.1601,37.49716],[127.16005,37.4946],[127.16005,37.49445],[127.15998,37.49422],[127.15981,37.49376],[127.15974,37.4936],[127.15842,37.4907],[127.1582,37.49046],[127.15768,37.49017],[127.1573,37.48963],[127.15764,37.48914],[127.15225,37.48625],[127.15196,37.48658],[127.14984,37.48527],[127.14874,37.48399],[127.14772,37.48175],[127.1474,37.47722],[127.14424,37.47732],[127.14419,37.47656],[127.1439,37.476],[127.14354,37.47525],[127.14345,37.4741],[127.15445,37.47369],[127.15436,37.47173],[127.15544,37.47151],[127.15587,37.47155],[127.15645,37.47145],[127.1628,37.47126],[127.16225,37.47042],[127.16238,37.47031],[127.1625,37.4702],[127.16327,37.46969],[127.16364,37.4695],[127.16405,37.4693],[127.16462,37.4691],[127.16708,37.46928],[127.17074,37.46995],[127.17161,37.47057],[127.17193,37.47076],[127.17221,37.47093],[127.1733,37.47143],[127.17596,37.4722],[127.1763,37.47256],[127.1768,37.47288],[127.17773,37.47341],[127.17781,37.47342],[127.18004,37.47376],[127.18013,37.47375],[127.18022,37.47375],[127.18053,37.47356],[127.18083,37.47337],[127.18105,37.47329],[127.18087,37.4738],[127.17922,37.47447],[127.17802,37.47478],[127.17783,37.4749],[127.17584,37.47677],[127.17559,37.47815],[127.17603,37.48288],[127.17579,37.4852],[127.17579,37.48528],[127.17583,37.4853],[127.17586,37.48532],[127.17593,37.48534],[127.17678,37.48546],[127.17748,37.48555],[127.17765,37.48554],[127.17773,37.48552],[127.17781,37.48549],[127.17839,37.48526],[127.17873,37.48519],[127.17893,37.48501],[127.17895,37.48498],[127.17927,37.48469],[127.18098,37.48411],[127.18319,37.48357],[127.18478,37.48165],[127.18547,37.48102],[127.18663,37.48069],[127.18761,37.48046],[127.18842,37.48027],[127.18892,37.48024],[127.18918,37.48022],[127.19238,37.48072],[127.19527,37.48028],[127.19614,37.48015],[127.19629,37.48009],[127.19707,37.47979],[127.19761,37.47968],[127.19804,37.47959],[127.20104,37.48036],[127.20133,37.48044],[127.20194,37.48077],[127.20219,37.48091],[127.20259,37.48171],[127.20375,37.4808],[127.20415,37.48064],[127.20483,37.48046],[127.20564,37.48039],[127.20634,37.48032],[127.20645,37.48032],[127.20684,37.48031],[127.20937,37.48107],[127.21315,37.48192],[127.21426,37.48212],[127.21449,37.48215],[127.21493,37.48221],[127.21573,37.4823],[127.22051,37.481],[127.22615,37.47973],[127.23155,37.47743],[127.23746,37.47493],[127.23826,37.47491],[127.23906,37.47508],[127.23936,37.47514],[127.24045,37.4756],[127.24049,37.47587],[127.24052,37.47599],[127.24077,37.47625],[127.241,37.47648],[127.24174,37.47686],[127.24322,37.47717],[127.24336,37.47718],[127.24347,37.47718],[127.24387,37.4772],[127.24542,37.47761],[127.24622,37.47782],[127.24679,37.47944],[127.24699,37.48017],[127.24702,37.48042],[127.24704,37.48059],[127.24713,37.48069],[127.24826,37.48193],[127.24847,37.4821],[127.24877,37.48235],[127.24899,37.48244],[127.25056,37.48301],[127.25226,37.48358],[127.25309,37.48413],[127.2538,37.48461],[127.25377,37.48466],[127.25374,37.48474],[127.2537,37.48482],[127.25367,37.48497],[127.25366,37.48503],[127.25363,37.48632],[127.25364,37.48635],[127.25365,37.48639],[127.2537,37.48646],[127.2538,37.48656],[127.25483,37.48752],[127.25499,37.48764],[127.25505,37.48769],[127.25514,37.48775],[127.2554,37.48791],[127.25551,37.48797],[127.25563,37.48803],[127.25582,37.4881],[127.25615,37.48819],[127.25672,37.48837],[127.25705,37.48849],[127.25725,37.48857],[127.25739,37.48864],[127.25745,37.48867],[127.25755,37.48873],[127.25765,37.48878],[127.25793,37.48902],[127.25839,37.48944],[127.25854,37.48958],[127.25864,37.48968],[127.25869,37.48975],[127.25873,37.48981],[127.2588,37.48992],[127.25888,37.49005],[127.25896,37.49021],[127.25904,37.49042],[127.2591,37.49059],[127.25916,37.49077],[127.25918,37.49091],[127.25918,37.491],[127.25918,37.49111],[127.25918,37.49124],[127.25917,37.49201],[127.25916,37.49207],[127.25915,37.49211],[127.25793,37.49462],[127.25727,37.49508],[127.25612,37.4958],[127.25585,37.49596],[127.25553,37.49615],[127.25327,37.50325],[127.25334,37.50351],[127.25338,37.50366],[127.25439,37.50596],[127.25444,37.50597],[127.25623,37.5064],[127.25649,37.50647],[127.25671,37.50652],[127.25949,37.50701],[127.26089,37.50721],[127.26099,37.50723],[127.26103,37.50723],[127.2612,37.50724],[127.26214,37.50723],[127.26228,37.50721],[127.26242,37.50718],[127.26401,37.50685],[127.26816,37.50623],[127.26825,37.50622],[127.26836,37.50622],[127.26844,37.50622],[127.26856,37.50624],[127.2687,37.50629],[127.26891,37.50638],[127.26896,37.5064],[127.2692,37.50651],[127.26963,37.50675],[127.2697,37.5068],[127.26977,37.50684],[127.26991,37.50693],[127.27,37.50699],[127.27042,37.50726],[127.27092,37.50747],[127.27128,37.5076],[127.27134,37.50761],[127.27142,37.50764],[127.27149,37.50764],[127.27178,37.50763],[127.27208,37.50757],[127.27329,37.50775],[127.27351,37.50787],[127.2738,37.50797],[127.27433,37.50806],[127.27472,37.50813],[127.27478,37.50813],[127.27492,37.50815],[127.27499,37.50816],[127.27516,37.50818],[127.27532,37.50818],[127.27537,37.50819],[127.27544,37.50819],[127.2755,37.50818],[127.27567,37.50818],[127.27586,37.50818],[127.27598,37.50819],[127.27602,37.5082],[127.27606,37.5082],[127.2761,37.5082],[127.27622,37.50823],[127.27631,37.50826],[127.27641,37.50831],[127.27725,37.50895],[127.27794,37.50955],[127.27796,37.5096],[127.27793,37.5097],[127.27783,37.50988],[127.2778,37.50995],[127.27775,37.51007],[127.27774,37.51011],[127.27819,37.51123],[127.27821,37.51128],[127.27828,37.51136],[127.27957,37.51258],[127.27965,37.51263],[127.28003,37.5128],[127.28034,37.51292],[127.28043,37.51295],[127.28132,37.51322],[127.28161,37.51328],[127.28286,37.5135],[127.28296,37.51352],[127.2832,37.51354],[127.28758,37.5135],[127.28734,37.51518],[127.287,37.51619],[127.28685,37.51667],[127.28637,37.5179],[127.28568,37.51955],[127.28539,37.52018],[127.28478,37.52149],[127.28358,37.52281],[127.28284,37.52359],[127.28165,37.52468],[127.2801,37.52571],[127.27899,37.52636],[127.27022,37.53027],[127.26382,37.53312],[127.26347,37.53327],[127.26093,37.53465],[127.25947,37.53545],[127.25914,37.53565],[127.25812,37.53624],[127.25549,37.53773],[127.25283,37.53916],[127.24855,37.5414],[127.24836,37.54149],[127.24811,37.54157],[127.24759,37.54174],[127.24507,37.54253],[127.24431,37.54276],[127.24379,37.54291],[127.24213,37.54342],[127.24182,37.54351],[127.24121,37.5437],[127.24105,37.54375],[127.24077,37.54384],[127.24044,37.54395],[127.24028,37.54402],[127.2401,37.5441],[127.23968,37.54429],[127.23937,37.54446],[127.23898,37.54467],[127.23842,37.545],[127.23727,37.54571],[127.23475,37.54926],[127.23443,37.55206],[127.23439,37.55246],[127.23436,37.5528],[127.23435,37.55292],[127.23434,37.55308],[127.23434,37.55458],[127.23436,37.55532],[127.23436,37.55543],[127.23437,37.55559],[127.23438,37.55624],[127.23437,37.55686],[127.2343,37.55747],[127.23423,37.55774],[127.23399,37.55816],[127.23364,37.55869],[127.23089,37.56173],[127.23047,37.56212],[127.23043,37.56216],[127.23033,37.56224],[127.22966,37.56279],[127.22906,37.56336],[127.22702,37.56545],[127.22633,37.56619],[127.22315,37.56965],[127.22283,37.5701],[127.22267,37.57059],[127.22166,37.57227],[127.21858,37.57547],[127.2144,37.57714],[127.21307,37.57768],[127.2129,37.57783],[127.2115,37.57915],[127.21068,37.57987],[127.20843,37.58181],[127.20554,37.58433],[127.20475,37.5853],[127.20243,37.58818],[127.20241,37.58841],[127.2023,37.58893],[127.20217,37.58927],[127.20204,37.58942],[127.20195,37.58953],[127.20162,37.58979],[127.20125,37.59004],[127.20078,37.59036],[127.20064,37.59044],[127.20028,37.59064],[127.19989,37.59085],[127.19974,37.59093],[127.19929,37.59114],[127.19864,37.59134],[127.19826,37.59143],[127.19788,37.59153],[127.19757,37.59159],[127.19722,37.59165],[127.19712,37.59167],[127.19646,37.59177],[127.19506,37.5919],[127.19464,37.59193],[127.19402,37.59194],[127.19372,37.59192],[127.19296,37.59185],[127.19237,37.59179],[127.19194,37.59176],[127.19135,37.59171],[127.19124,37.59171],[127.18935,37.59184],[127.18533,37.59172],[127.18479,37.59182],[127.18338,37.5917],[127.18243,37.59091],[127.1816,37.58993],[127.18097,37.58885],[127.18022,37.58789],[127.17861,37.58676],[127.17747,37.58623],[127.17681,37.58555],[127.17476,37.5838],[127.17324,37.58259],[127.17178,37.58198],[127.17076,37.58092],[127.16936,37.58033],[127.16856,37.57983],[127.16863,37.5793],[127.17192,37.57942],[127.17395,37.57958],[127.17501,37.58005],[127.17694,37.58071],[127.17767,37.58083],[127.17738,37.58022],[127.17697,37.57946],[127.17551,37.57838],[127.17546,37.57802],[127.1754,37.57761],[127.17536,37.57729],[127.17582,37.57485],[127.17592,37.57461],[127.17606,37.57428],[127.17614,37.57413],[127.17782,37.57147],[127.17911,37.56915],[127.17923,37.56882],[127.17924,37.56876],[127.17926,37.56869],[127.1794,37.56787],[127.17942,37.56774],[127.17945,37.56756],[127.17948,37.56654],[127.17957,37.56571],[127.17957,37.56567],[127.1796,37.56556],[127.17965,37.56541],[127.17976,37.56505],[127.18112,37.56244],[127.18156,37.56175],[127.18182,37.56133],[127.18197,37.56094],[127.18199,37.56062],[127.18202,37.56022],[127.18199,37.55959],[127.18199,37.55945],[127.18198,37.55941],[127.18193,37.55915],[127.18188,37.55886],[127.18185,37.55873],[127.18183,37.55865],[127.18171,37.55817],[127.18165,37.55789],[127.18158,37.55762],[127.18137,37.55315],[127.18138,37.55302],[127.18139,37.55285],[127.18283,37.54656],[127.18337,37.54602],[127.18355,37.54583],[127.18091,37.54588],[127.18061,37.5461],[127.18013,37.54644],[127.17977,37.54651],[127.17925,37.5466],[127.17905,37.54664],[127.17884,37.54658],[127.17763,37.54621],[127.17689,37.54586],[127.17559,37.54521],[127.17465,37.54522],[127.17439,37.54522],[127.17425,37.54532],[127.17413,37.54541],[127.17397,37.54553],[127.1686,37.54519],[127.16411,37.54486],[127.16319,37.54502],[127.1604,37.5416],[127.15966,37.541],[127.15868,37.54015],[127.15756,37.53903],[127.15699,37.53837],[127.157,37.53817],[127.15701,37.53805],[127.15699,37.53794],[127.15687,37.53776],[127.15673,37.53758],[127.15456,37.53493],[127.15441,37.53476],[127.15385,37.53417],[127.15355,37.534],[127.15357,37.53102],[127.15351,37.53033],[127.15326,37.52933],[127.15311,37.52909],[127.15266,37.52856],[127.15243,37.52833],[127.15222,37.52814],[127.15194,37.52791],[127.15082,37.52697],[127.1498,37.5261],[127.14966,37.52596],[127.14958,37.52588],[127.14943,37.52563],[127.14906,37.5246],[127.14897,37.52436],[127.14895,37.52431],[127.14898,37.52419],[127.14854,37.52325],[127.14852,37.5232],[127.14844,37.52303],[127.14776,37.52217],[127.14742,37.52207],[127.14653,37.52202],[127.14635,37.52201],[127.1458,37.52199],[127.14564,37.52162],[127.14524,37.52066],[127.14508,37.52026],[127.14473,37.51942],[127.14484,37.51803],[127.14488,37.51777],[127.14491,37.51756],[127.14501,37.51693],[127.14461,37.51696],[127.14488,37.5168],[127.14541,37.51649],[127.1454,37.51633],[127.1454,37.5161],[127.14466,37.51555],[127.14113,37.51564],[127.14329,37.51398],[127.14352,37.51269],[127.14258,37.51275],[127.14206,37.51279],[127.14113,37.51232],[127.14027,37.5099],[127.14025,37.50983],[127.13997,37.50859]]]}},{"type":"Feature","properties":{"id":"41-41461","name":"용인시처인구","sido":"경기도","code":"41461","center":[37.20344,127.25306]},"geometry":{"type":"Polygon","coordinates":[[[127.10867,37.12481],[127.10979,37.11741],[127.11115,37.11592],[127.1115,37.11554],[127.11261,37.11385],[127.11611,37.10631],[127.11786,37.10239],[127.11788,37.10233],[127.11816,37.10172],[127.12028,37.09705],[127.12196,37.09339],[127.12285,37.09144],[127.12306,37.09135],[127.12392,37.09099],[127.12409,37.09094],[127.12418,37.09092],[127.12422,37.09092],[127.12594,37.09063],[127.12712,37.09078],[127.13217,37.09146],[127.13231,37.09153],[127.1325,37.0917],[127.13278,37.09193],[127.13342,37.09233],[127.13356,37.09239],[127.13373,37.09242],[127.13385,37.09241],[127.13399,37.09238],[127.13413,37.09236],[127.13451,37.09226],[127.13478,37.09215],[127.13527,37.09195],[127.1357,37.09176],[127.13579,37.09169],[127.13586,37.09158],[127.13589,37.09144],[127.1359,37.09097],[127.13597,37.09081],[127.1372,37.08926],[127.13726,37.08919],[127.13734,37.08914],[127.1374,37.08911],[127.14114,37.08806],[127.14197,37.08787],[127.14211,37.08783],[127.14221,37.08784],[127.14231,37.08788],[127.14236,37.0879],[127.14239,37.08794],[127.144,37.08985],[127.14402,37.08988],[127.14408,37.08999],[127.1441,37.09008],[127.14411,37.09018],[127.14413,37.09027],[127.14415,37.09035],[127.14437,37.09055],[127.14471,37.09085],[127.14483,37.09094],[127.14498,37.091],[127.14628,37.09141],[127.14643,37.09141],[127.1537,37.09101],[127.15773,37.09013],[127.16152,37.089],[127.1616,37.08897],[127.1618,37.0889],[127.16204,37.0888],[127.16223,37.08872],[127.1624,37.0886],[127.1625,37.08852],[127.16261,37.08839],[127.16277,37.08818],[127.16287,37.08806],[127.16293,37.08797],[127.16297,37.08794],[127.16305,37.08786],[127.16308,37.08784],[127.16318,37.08779],[127.1633,37.08773],[127.16349,37.08766],[127.16606,37.08663],[127.16611,37.08662],[127.1662,37.0866],[127.17074,37.08605],[127.17095,37.08603],[127.17137,37.08599],[127.17252,37.0859],[127.17308,37.08587],[127.17357,37.08595],[127.17364,37.08597],[127.17368,37.08599],[127.17371,37.086],[127.17376,37.08608],[127.17377,37.08625],[127.17381,37.08643],[127.17385,37.08651],[127.17546,37.08738],[127.17558,37.08743],[127.17626,37.08767],[127.17886,37.08762],[127.17904,37.08761],[127.17921,37.08759],[127.1819,37.08715],[127.18212,37.08707],[127.18387,37.08624],[127.18421,37.08607],[127.18623,37.08449],[127.1887,37.08636],[127.18881,37.08655],[127.1889,37.08661],[127.18912,37.0867],[127.18948,37.08677],[127.18982,37.08684],[127.19087,37.087],[127.19169,37.0871],[127.1919,37.08706],[127.19208,37.08704],[127.19216,37.08703],[127.19223,37.08703],[127.19238,37.08709],[127.19287,37.08739],[127.19334,37.0877],[127.19349,37.0878],[127.19515,37.08897],[127.19527,37.08907],[127.1976,37.093],[127.19891,37.09686],[127.20232,37.1004],[127.20502,37.10242],[127.20529,37.10242],[127.20542,37.10245],[127.20551,37.10246],[127.20706,37.10318],[127.20741,37.10342],[127.20778,37.10369],[127.20859,37.10439],[127.20879,37.10465],[127.20943,37.10558],[127.20959,37.10591],[127.20967,37.10607],[127.20986,37.10722],[127.20983,37.10765],[127.20971,37.10797],[127.20917,37.10851],[127.20884,37.10884],[127.20869,37.10919],[127.20862,37.10972],[127.20861,37.1101],[127.20927,37.11215],[127.20932,37.11227],[127.20961,37.11245],[127.20971,37.11245],[127.20999,37.11235],[127.21123,37.11139],[127.21173,37.11074],[127.21178,37.11069],[127.21187,37.11061],[127.21199,37.11058],[127.21205,37.11057],[127.21289,37.11063],[127.21341,37.11068],[127.21364,37.11071],[127.2147,37.11093],[127.21522,37.1114],[127.21548,37.11155],[127.21605,37.11187],[127.22016,37.11343],[127.22053,37.11321],[127.2211,37.1131],[127.22173,37.11302],[127.22299,37.11289],[127.22312,37.11289],[127.22322,37.1129],[127.22544,37.11351],[127.22555,37.11356],[127.22617,37.11394],[127.22676,37.11457],[127.22683,37.11466],[127.22692,37.11479],[127.22695,37.11496],[127.22697,37.11505],[127.22698,37.11513],[127.22702,37.11524],[127.2271,37.11533],[127.22889,37.1168],[127.22939,37.11713],[127.22995,37.1173],[127.23081,37.11741],[127.23135,37.11743],[127.23163,37.1174],[127.23172,37.1174],[127.2318,37.1174],[127.23237,37.1174],[127.23254,37.11742],[127.23379,37.11764],[127.23386,37.11768],[127.23436,37.11814],[127.23442,37.11821],[127.23447,37.11831],[127.23492,37.11927],[127.23493,37.1193],[127.23496,37.11939],[127.23645,37.12125],[127.24017,37.12212],[127.2403,37.12215],[127.24302,37.1225],[127.24489,37.12231],[127.24505,37.12225],[127.24547,37.12213],[127.24555,37.12211],[127.24563,37.12209],[127.24581,37.12205],[127.24587,37.12206],[127.25052,37.1227],[127.25061,37.12272],[127.25078,37.12283],[127.25103,37.123],[127.25116,37.12312],[127.25123,37.12321],[127.25125,37.12325],[127.25196,37.12456],[127.25312,37.12809],[127.25337,37.12894],[127.25338,37.129],[127.25321,37.13019],[127.25291,37.13088],[127.25287,37.13096],[127.25229,37.13197],[127.25165,37.13294],[127.25116,37.1336],[127.25333,37.13698],[127.25371,37.13809],[127.25281,37.1412],[127.25275,37.14128],[127.25221,37.14172],[127.25177,37.14204],[127.25168,37.14215],[127.25161,37.14222],[127.25146,37.14243],[127.25138,37.14253],[127.25128,37.14267],[127.25113,37.14299],[127.25028,37.14509],[127.25026,37.14524],[127.25117,37.14581],[127.25134,37.14588],[127.25144,37.14592],[127.25156,37.14596],[127.25176,37.14603],[127.25217,37.14615],[127.2526,37.14626],[127.25277,37.14634],[127.2535,37.14686],[127.25377,37.1473],[127.25464,37.14938],[127.25522,37.15097],[127.25524,37.15108],[127.25528,37.15116],[127.25534,37.15122],[127.25538,37.15127],[127.25543,37.15131],[127.25548,37.15134],[127.25562,37.1514],[127.2558,37.15144],[127.25737,37.15169],[127.25755,37.1517],[127.25869,37.15173],[127.25973,37.15179],[127.25984,37.15182],[127.26047,37.15207],[127.26056,37.15213],[127.26068,37.15227],[127.26138,37.15324],[127.26156,37.15386],[127.26163,37.15401],[127.26167,37.15408],[127.2638,37.15587],[127.26386,37.15589],[127.26549,37.15546],[127.26588,37.15535],[127.26694,37.15533],[127.26877,37.15424],[127.26925,37.1525],[127.26954,37.15144],[127.26867,37.15028],[127.26803,37.14933],[127.26915,37.14714],[127.27091,37.14552],[127.27146,37.14532],[127.27171,37.14522],[127.27225,37.14481],[127.27312,37.14331],[127.27295,37.14299],[127.27292,37.14293],[127.27211,37.14143],[127.27203,37.14125],[127.27193,37.14103],[127.2721,37.1394],[127.27235,37.1379],[127.27273,37.13597],[127.27307,37.13501],[127.27436,37.13364],[127.27782,37.13396],[127.27887,37.1341],[127.27911,37.13412],[127.27928,37.13413],[127.28166,37.13408],[127.28182,37.13406],[127.28206,37.134],[127.28211,37.13398],[127.28215,37.13396],[127.28225,37.1339],[127.2823,37.13387],[127.28237,37.13375],[127.28292,37.1327],[127.28387,37.13121],[127.28399,37.13103],[127.28413,37.13082],[127.28425,37.13078],[127.28434,37.13078],[127.28442,37.13082],[127.28484,37.13115],[127.28521,37.1315],[127.28535,37.1316],[127.28543,37.13165],[127.28562,37.13177],[127.28602,37.13195],[127.28627,37.13202],[127.28647,37.13204],[127.28666,37.13203],[127.28697,37.13198],[127.28721,37.13188],[127.28735,37.13179],[127.28774,37.13156],[127.28788,37.13147],[127.28795,37.1314],[127.28802,37.13133],[127.28861,37.12968],[127.29171,37.12704],[127.29187,37.12695],[127.29213,37.12682],[127.29231,37.12665],[127.29242,37.12637],[127.29279,37.12531],[127.2928,37.12528],[127.29288,37.12498],[127.29292,37.12477],[127.29294,37.12447],[127.29288,37.12412],[127.29283,37.12361],[127.29284,37.1235],[127.29288,37.12341],[127.293,37.12322],[127.29324,37.12293],[127.29432,37.12167],[127.29445,37.12155],[127.29493,37.1212],[127.29521,37.12106],[127.29588,37.12083],[127.29597,37.1208],[127.29607,37.12078],[127.29619,37.1208],[127.29636,37.12083],[127.29646,37.12081],[127.29661,37.12078],[127.29676,37.12068],[127.29701,37.12049],[127.29714,37.12033],[127.29908,37.11684],[127.29941,37.11553],[127.29946,37.115],[127.29949,37.11429],[127.2998,37.11249],[127.29982,37.11246],[127.29984,37.11244],[127.29986,37.11241],[127.29989,37.11237],[127.30005,37.11229],[127.30015,37.11224],[127.30022,37.11221],[127.3003,37.11219],[127.30044,37.11218],[127.30071,37.11218],[127.30143,37.11212],[127.30323,37.11179],[127.30334,37.11176],[127.3034,37.1117],[127.30346,37.11159],[127.30382,37.11061],[127.30421,37.1095],[127.30423,37.10937],[127.3041,37.10909],[127.3057,37.10711],[127.31063,37.10538],[127.31214,37.10711],[127.31328,37.10947],[127.31636,37.10984],[127.3173,37.1106],[127.31825,37.11137],[127.32035,37.11314],[127.3233,37.11624],[127.32672,37.11944],[127.32959,37.11881],[127.33006,37.11656],[127.33078,37.11682],[127.33095,37.11653],[127.33159,37.11508],[127.33336,37.11174],[127.33551,37.11069],[127.33969,37.10932],[127.34062,37.10799],[127.34087,37.10762],[127.34343,37.10402],[127.34437,37.10359],[127.34495,37.10332],[127.34768,37.10357],[127.35232,37.10018],[127.35238,37.10015],[127.35243,37.10012],[127.3528,37.10001],[127.35295,37.09998],[127.35313,37.09997],[127.35335,37.09997],[127.35345,37.09999],[127.35442,37.1006],[127.35455,37.101],[127.35475,37.10182],[127.35487,37.10257],[127.35499,37.10341],[127.35502,37.10359],[127.35507,37.10373],[127.35512,37.1038],[127.35519,37.10388],[127.35822,37.10725],[127.35827,37.10729],[127.35831,37.10732],[127.35896,37.10754],[127.359,37.10756],[127.35904,37.10757],[127.35909,37.10757],[127.36122,37.10751],[127.36899,37.1068],[127.36926,37.10677],[127.373,37.10582],[127.37327,37.10569],[127.3734,37.1056],[127.37387,37.10524],[127.37393,37.10518],[127.37398,37.10511],[127.37403,37.10499],[127.37405,37.10496],[127.37409,37.10481],[127.37421,37.10441],[127.37422,37.10359],[127.3742,37.10297],[127.37421,37.10292],[127.37422,37.10284],[127.37427,37.10277],[127.37436,37.10262],[127.37469,37.10223],[127.37494,37.10203],[127.37582,37.10157],[127.37639,37.10131],[127.37695,37.1011],[127.37702,37.10111],[127.3787,37.10273],[127.37872,37.10276],[127.37881,37.10285],[127.37888,37.10294],[127.37896,37.10308],[127.37901,37.10323],[127.37909,37.10352],[127.37912,37.10368],[127.37913,37.10375],[127.37913,37.10383],[127.37914,37.10399],[127.37913,37.10416],[127.3791,37.10448],[127.37907,37.10464],[127.37904,37.10491],[127.37904,37.10496],[127.37905,37.10502],[127.37909,37.10511],[127.37915,37.10517],[127.3792,37.1052],[127.37926,37.10523],[127.38079,37.10577],[127.38083,37.10578],[127.38171,37.10592],[127.38175,37.10592],[127.38191,37.10592],[127.38414,37.10594],[127.38747,37.10818],[127.38753,37.1082],[127.38764,37.10823],[127.3877,37.10824],[127.38871,37.10831],[127.38895,37.10832],[127.38903,37.10832],[127.3892,37.10828],[127.38928,37.10826],[127.38934,37.10824],[127.38963,37.10818],[127.38979,37.10814],[127.39024,37.10802],[127.39045,37.10793],[127.39307,37.10659],[127.39323,37.1065],[127.39408,37.10544],[127.39408,37.10533],[127.39404,37.10525],[127.39388,37.10498],[127.39385,37.10494],[127.39373,37.10472],[127.39372,37.10463],[127.39372,37.10458],[127.39382,37.10438],[127.39673,37.09915],[127.39791,37.09652],[127.39795,37.09643],[127.39804,37.09632],[127.39879,37.09553],[127.39886,37.09547],[127.39899,37.09538],[127.40197,37.09388],[127.40225,37.09385],[127.40237,37.09384],[127.40245,37.09384],[127.40249,37.09384],[127.40268,37.09385],[127.40378,37.09397],[127.41554,37.09341],[127.41612,37.09309],[127.41628,37.09574],[127.41734,37.09639],[127.41984,37.09737],[127.42106,37.09753],[127.42163,37.09732],[127.42172,37.09728],[127.42254,37.0977],[127.42376,37.09884],[127.42418,37.0997],[127.42277,37.10291],[127.422,37.10434],[127.4211,37.10579],[127.42107,37.10651],[127.42297,37.10809],[127.42459,37.10944],[127.4242,37.11042],[127.42341,37.11096],[127.42315,37.11114],[127.42307,37.11119],[127.42511,37.11271],[127.42566,37.11311],[127.42341,37.11445],[127.42027,37.11573],[127.42017,37.11573],[127.42,37.11572],[127.41896,37.11565],[127.41779,37.11564],[127.41662,37.11566],[127.41521,37.1157],[127.41452,37.11598],[127.41398,37.11621],[127.41266,37.11788],[127.41265,37.11791],[127.41252,37.11822],[127.41257,37.11943],[127.41373,37.12157],[127.41436,37.12219],[127.41501,37.12283],[127.41747,37.1238],[127.42091,37.12607],[127.42141,37.12768],[127.42418,37.13113],[127.42561,37.13397],[127.42615,37.13643],[127.42644,37.13861],[127.42562,37.14074],[127.42586,37.14304],[127.42729,37.14592],[127.4292,37.14681],[127.42954,37.14701],[127.42982,37.14774],[127.42813,37.14908],[127.42548,37.15067],[127.4235,37.15183],[127.4223,37.15195],[127.41978,37.15165],[127.41792,37.15136],[127.41692,37.15139],[127.41484,37.15208],[127.41397,37.15301],[127.41393,37.15306],[127.41232,37.15507],[127.41216,37.15694],[127.41072,37.15992],[127.41043,37.16049],[127.41027,37.16105],[127.40969,37.16438],[127.41063,37.16751],[127.41167,37.16864],[127.41225,37.16915],[127.41275,37.16958],[127.41283,37.16971],[127.41302,37.17002],[127.41407,37.17314],[127.41415,37.17339],[127.4138,37.17393],[127.41299,37.1766],[127.41266,37.17812],[127.41182,37.18235],[127.41122,37.18339],[127.41113,37.18347],[127.4105,37.18411],[127.41037,37.18417],[127.41018,37.18419],[127.40994,37.18418],[127.40971,37.18415],[127.4096,37.18412],[127.40948,37.18408],[127.40937,37.18404],[127.40933,37.18402],[127.40908,37.1839],[127.40503,37.18164],[127.40404,37.18073],[127.40394,37.18063],[127.40389,37.18058],[127.40373,37.18044],[127.40357,37.18033],[127.40351,37.18032],[127.40186,37.18018],[127.39902,37.18096],[127.39446,37.18082],[127.38828,37.18141],[127.38433,37.18209],[127.38238,37.18274],[127.38236,37.18279],[127.38213,37.18342],[127.38211,37.18352],[127.3821,37.18366],[127.3821,37.18372],[127.38211,37.1838],[127.38221,37.18404],[127.38239,37.18449],[127.38232,37.18493],[127.38193,37.18673],[127.38188,37.18686],[127.38162,37.18716],[127.38121,37.18756],[127.37529,37.1851],[127.37224,37.18603],[127.37204,37.18976],[127.37287,37.18983],[127.37393,37.18991],[127.37423,37.19005],[127.37462,37.19023],[127.37597,37.191],[127.37821,37.19555],[127.3776,37.19636],[127.37265,37.20187],[127.37251,37.20189],[127.37245,37.20191],[127.37234,37.20195],[127.37179,37.20221],[127.37165,37.20232],[127.37104,37.20284],[127.371,37.20289],[127.37087,37.20308],[127.37038,37.20392],[127.36905,37.2033],[127.36591,37.20226],[127.36205,37.20111],[127.3619,37.20103],[127.3617,37.20072],[127.36153,37.20056],[127.36136,37.20048],[127.36125,37.20046],[127.36114,37.20044],[127.36109,37.20043],[127.35771,37.20048],[127.35751,37.20049],[127.3574,37.20049],[127.35724,37.2005],[127.35709,37.20055],[127.35699,37.20058],[127.35684,37.20063],[127.35661,37.20074],[127.35625,37.20106],[127.35618,37.20115],[127.35614,37.20119],[127.3561,37.2013],[127.35609,37.20171],[127.3561,37.20176],[127.35614,37.20195],[127.3562,37.20228],[127.35619,37.20238],[127.35615,37.20243],[127.3561,37.20248],[127.35604,37.20252],[127.35592,37.20262],[127.35572,37.20271],[127.35525,37.2029],[127.35478,37.20306],[127.35341,37.20343],[127.35327,37.20345],[127.35255,37.20343],[127.3516,37.20338],[127.3484,37.20436],[127.34816,37.20498],[127.3481,37.20513],[127.34803,37.20524],[127.34752,37.20581],[127.34724,37.20612],[127.3472,37.20615],[127.34703,37.20628],[127.3468,37.20645],[127.34519,37.20751],[127.34328,37.20788],[127.34316,37.20789],[127.34301,37.2079],[127.34255,37.20796],[127.34235,37.20801],[127.34225,37.20805],[127.34218,37.20808],[127.34206,37.20818],[127.34199,37.20824],[127.34124,37.20902],[127.3411,37.2092],[127.33958,37.21207],[127.33923,37.21314],[127.33888,37.21455],[127.33888,37.21473],[127.33889,37.21498],[127.33886,37.21513],[127.33874,37.21559],[127.33858,37.21613],[127.33853,37.21629],[127.33805,37.21644],[127.33775,37.21643],[127.33704,37.21745],[127.33395,37.21908],[127.33187,37.22],[127.33087,37.22304],[127.33207,37.2249],[127.33339,37.22716],[127.3342,37.23141],[127.3345,37.23528],[127.3345,37.2357],[127.33445,37.23781],[127.33416,37.23882],[127.33374,37.23908],[127.33326,37.23951],[127.3331,37.23973],[127.33297,37.23991],[127.33134,37.24244],[127.33131,37.24249],[127.33119,37.24274],[127.33118,37.24282],[127.33116,37.24293],[127.33115,37.24302],[127.33115,37.24312],[127.33164,37.24457],[127.33269,37.2476],[127.3327,37.24764],[127.3328,37.24788],[127.33322,37.24893],[127.33333,37.24914],[127.3334,37.24925],[127.33344,37.24932],[127.33607,37.25163],[127.33677,37.252],[127.33703,37.25206],[127.33744,37.25207],[127.3379,37.25209],[127.33819,37.25215],[127.33839,37.25222],[127.33846,37.25228],[127.3385,37.25231],[127.33857,37.25239],[127.33856,37.25245],[127.33853,37.25255],[127.33829,37.25304],[127.33735,37.25467],[127.33715,37.25499],[127.33696,37.25528],[127.33694,37.25532],[127.33618,37.25778],[127.33644,37.26051],[127.33666,37.26117],[127.33671,37.26124],[127.33683,37.26132],[127.33763,37.26179],[127.33777,37.26186],[127.33791,37.26191],[127.33879,37.26216],[127.3389,37.26219],[127.33903,37.2622],[127.34018,37.26316],[127.34088,37.265],[127.34095,37.26568],[127.34096,37.26577],[127.34094,37.26582],[127.33978,37.26847],[127.3388,37.27054],[127.33675,37.2712],[127.33665,37.27121],[127.3365,37.2712],[127.33551,37.27109],[127.33539,37.27108],[127.33521,37.27105],[127.33089,37.27024],[127.32339,37.27359],[127.32305,37.27401],[127.32303,37.27404],[127.32298,37.27409],[127.31929,37.27499],[127.31921,37.27498],[127.31655,37.27382],[127.31296,37.27369],[127.31073,37.27328],[127.30942,37.27249],[127.30854,37.2721],[127.30556,37.27087],[127.30542,37.27088],[127.30514,37.27096],[127.30487,37.27101],[127.30474,37.27101],[127.30442,37.27099],[127.30414,37.27093],[127.30397,37.27083],[127.30381,37.2707],[127.30301,37.26993],[127.30295,37.26985],[127.3029,37.2698],[127.3028,37.26964],[127.30277,37.26958],[127.30264,37.2692],[127.30253,37.26847],[127.30254,37.26826],[127.30256,37.26815],[127.30258,37.26807],[127.30263,37.26793],[127.30274,37.26779],[127.30282,37.26767],[127.30284,37.26762],[127.30287,37.26751],[127.30285,37.26738],[127.30216,37.26617],[127.30211,37.26614],[127.30125,37.26569],[127.30113,37.26568],[127.30103,37.26568],[127.30094,37.26573],[127.30076,37.26586],[127.30067,37.26594],[127.30039,37.26618],[127.30033,37.26628],[127.30025,37.26643],[127.29999,37.26716],[127.29984,37.26766],[127.29927,37.26884],[127.29901,37.26926],[127.29831,37.26977],[127.29668,37.27049],[127.29659,37.27051],[127.29215,37.2716],[127.29193,37.27165],[127.29169,37.27166],[127.29158,37.27165],[127.29148,37.27165],[127.29016,37.27142],[127.28756,37.27088],[127.28742,37.27084],[127.28623,37.27035],[127.28596,37.27022],[127.28585,37.27016],[127.28576,37.27011],[127.28549,37.26992],[127.28537,37.26983],[127.28521,37.26961],[127.28512,37.26948],[127.28509,37.26943],[127.28503,37.26932],[127.28491,37.26916],[127.28478,37.26906],[127.28468,37.26901],[127.28457,37.26898],[127.28454,37.26898],[127.28446,37.26898],[127.28229,37.26896],[127.28118,37.2691],[127.28006,37.26963],[127.27946,37.27018],[127.27672,37.27286],[127.27596,37.2736],[127.27594,37.27373],[127.27573,37.27475],[127.2758,37.27482],[127.27626,37.27518],[127.27724,37.27579],[127.27748,37.27592],[127.27763,37.27598],[127.27782,37.27603],[127.27855,37.27621],[127.27925,37.27642],[127.27942,37.2765],[127.28052,37.27704],[127.28096,37.2773],[127.28161,37.27773],[127.28171,37.27783],[127.28172,37.27786],[127.28174,37.27796],[127.28175,37.27801],[127.28176,37.27804],[127.28175,37.27808],[127.27995,37.28551],[127.2799,37.28559],[127.27855,37.28664],[127.2778,37.2904],[127.27821,37.29094],[127.27839,37.29119],[127.28152,37.29696],[127.28157,37.29715],[127.28166,37.29755],[127.28169,37.29773],[127.28169,37.2978],[127.2817,37.2979],[127.28169,37.29795],[127.28166,37.29805],[127.28042,37.30146],[127.2786,37.30544],[127.27884,37.30606],[127.27891,37.30624],[127.27897,37.30644],[127.27898,37.30648],[127.27898,37.30654],[127.27898,37.30661],[127.27896,37.30674],[127.2789,37.30689],[127.27883,37.30699],[127.27877,37.30708],[127.27811,37.30785],[127.27788,37.3081],[127.27781,37.30817],[127.27773,37.30825],[127.27762,37.30838],[127.27754,37.30848],[127.27744,37.3086],[127.2774,37.30869],[127.27736,37.30879],[127.27735,37.30882],[127.27729,37.30901],[127.27727,37.30913],[127.27726,37.30917],[127.27726,37.30921],[127.27727,37.30934],[127.27735,37.30954],[127.2784,37.31189],[127.27949,37.31377],[127.28035,37.31484],[127.28147,37.31619],[127.28161,37.31632],[127.28175,37.31643],[127.28253,37.3176],[127.28309,37.31899],[127.28311,37.31907],[127.28312,37.31915],[127.28311,37.31922],[127.2831,37.31927],[127.28275,37.32075],[127.28273,37.32083],[127.28271,37.32089],[127.28205,37.32228],[127.28223,37.32658],[127.28228,37.32683],[127.28232,37.32717],[127.28232,37.32726],[127.28232,37.32731],[127.28232,37.32741],[127.28226,37.3275],[127.28221,37.32755],[127.28217,37.32757],[127.2821,37.32762],[127.28191,37.32772],[127.28179,37.32776],[127.28123,37.32787],[127.28094,37.32792],[127.28077,37.32794],[127.28074,37.32794],[127.28071,37.32794],[127.28059,37.32797],[127.28054,37.32798],[127.28048,37.328],[127.28042,37.32804],[127.28037,37.32808],[127.28022,37.32825],[127.28013,37.32837],[127.28009,37.32842],[127.28006,37.32849],[127.28005,37.32855],[127.28004,37.32858],[127.27979,37.33013],[127.28015,37.33219],[127.28074,37.33308],[127.28077,37.33312],[127.2808,37.33318],[127.28082,37.33322],[127.28093,37.33342],[127.28096,37.33348],[127.28106,37.33371],[127.28111,37.33383],[127.28111,37.33389],[127.28111,37.33399],[127.28109,37.33406],[127.28107,37.33409],[127.28106,37.33412],[127.28104,37.33415],[127.28101,37.33421],[127.28098,37.33426],[127.28096,37.33435],[127.28095,37.33442],[127.28096,37.33447],[127.28097,37.33452],[127.28097,37.33455],[127.28099,37.33459],[127.28105,37.33466],[127.28111,37.33474],[127.28114,37.33476],[127.28122,37.33479],[127.28125,37.33481],[127.28133,37.33484],[127.28146,37.33486],[127.28154,37.33489],[127.2816,37.33491],[127.28167,37.33494],[127.2817,37.33496],[127.28176,37.33499],[127.28182,37.33502],[127.28186,37.33506],[127.28266,37.3359],[127.2829,37.33616],[127.2832,37.33649],[127.28323,37.33654],[127.28324,37.33659],[127.28367,37.33847],[127.28367,37.33856],[127.28347,37.34152],[127.28316,37.34404],[127.28334,37.34531],[127.28296,37.34548],[127.28148,37.34611],[127.28135,37.34614],[127.28127,37.34615],[127.28121,37.34616],[127.28106,37.34618],[127.28093,37.34618],[127.2808,37.34616],[127.28063,37.34613],[127.28039,37.34603],[127.2803,37.34599],[127.27748,37.34449],[127.27733,37.34441],[127.27676,37.34409],[127.2764,37.34386],[127.27545,37.34316],[127.27442,37.34293],[127.27342,37.34273],[127.27024,37.34246],[127.26914,37.34237],[127.26903,37.34236],[127.26892,37.34235],[127.26881,37.34235],[127.26875,37.34235],[127.26503,37.34268],[127.265,37.3427],[127.26496,37.34273],[127.26388,37.34384],[127.26384,37.34388],[127.2638,37.34392],[127.26376,37.34397],[127.26369,37.34407],[127.26361,37.34418],[127.26358,37.34423],[127.26355,37.34431],[127.26349,37.34444],[127.26335,37.34491],[127.26293,37.34607],[127.26167,37.34806],[127.26158,37.34819],[127.26149,37.34829],[127.26138,37.3484],[127.26123,37.3485],[127.26097,37.34866],[127.26045,37.34892],[127.25982,37.34922],[127.25958,37.34932],[127.25835,37.34976],[127.25831,37.34977],[127.25823,37.34979],[127.25451,37.35075],[127.25442,37.35076],[127.24691,37.35565],[127.24685,37.35566],[127.24678,37.35566],[127.24599,37.3555],[127.2457,37.35541],[127.24561,37.35538],[127.24538,37.35531],[127.24471,37.35504],[127.24433,37.35488],[127.24356,37.35453],[127.24315,37.35434],[127.24294,37.35423],[127.24279,37.35412],[127.24262,37.35397],[127.24246,37.35379],[127.2424,37.35369],[127.24235,37.35352],[127.24232,37.35348],[127.24219,37.35341],[127.2421,37.35337],[127.24187,37.35331],[127.24169,37.35332],[127.2415,37.35336],[127.24136,37.35339],[127.24102,37.3535],[127.24069,37.35367],[127.24038,37.35383],[127.24032,37.35387],[127.24008,37.354],[127.23982,37.35416],[127.23959,37.35435],[127.23948,37.35448],[127.23941,37.35456],[127.23915,37.35493],[127.23903,37.35511],[127.23895,37.35532],[127.2389,37.35553],[127.2388,37.35619],[127.23879,37.35636],[127.23878,37.35646],[127.23878,37.35711],[127.23882,37.35758],[127.23884,37.35785],[127.23887,37.35801],[127.23898,37.3585],[127.23902,37.35864],[127.23903,37.35889],[127.23903,37.35908],[127.23903,37.35926],[127.23901,37.35933],[127.239,37.35936],[127.23896,37.35942],[127.23851,37.36004],[127.23812,37.3604],[127.23806,37.36042],[127.23581,37.35879],[127.23541,37.35841],[127.23369,37.35799],[127.23135,37.35832],[127.23019,37.35898],[127.23006,37.35905],[127.22958,37.35922],[127.22924,37.35919],[127.22899,37.3591],[127.2288,37.35902],[127.22861,37.3589],[127.22642,37.35675],[127.22507,37.3554],[127.22505,37.35536],[127.22501,37.35528],[127.22496,37.35525],[127.22326,37.35458],[127.22318,37.35455],[127.22304,37.3545],[127.22262,37.35438],[127.22241,37.35437],[127.21979,37.35438],[127.21974,37.35438],[127.21967,37.3544],[127.21964,37.35442],[127.2196,37.35443],[127.21956,37.35447],[127.21951,37.35456],[127.21948,37.35461],[127.21943,37.35473],[127.21935,37.35494],[127.21919,37.35516],[127.21901,37.35538],[127.21882,37.35553],[127.21873,37.35559],[127.21867,37.35561],[127.21863,37.35563],[127.21853,37.35563],[127.21763,37.35546],[127.21733,37.35539],[127.21702,37.35521],[127.21672,37.35486],[127.21668,37.35477],[127.21669,37.35469],[127.2167,37.35465],[127.2174,37.35305],[127.21778,37.35241],[127.21792,37.3522],[127.21918,37.3512],[127.22139,37.34947],[127.22158,37.3493],[127.22171,37.34912],[127.2234,37.34667],[127.22343,37.34661],[127.2235,37.34648],[127.22355,37.34637],[127.22363,37.34613],[127.22361,37.34601],[127.22358,37.34593],[127.22353,37.34586],[127.22346,37.3458],[127.22335,37.34575],[127.2233,37.34573],[127.22304,37.34565],[127.22287,37.34562],[127.22281,37.3457],[127.22241,37.34624],[127.22193,37.34664],[127.22157,37.34686],[127.22115,37.34696],[127.22063,37.34701],[127.2206,37.34701],[127.21998,37.34692],[127.21946,37.34657],[127.21909,37.34625],[127.21904,37.34619],[127.21899,37.34612],[127.21876,37.34581],[127.21852,37.34551],[127.21831,37.34505],[127.21831,37.34501],[127.21831,37.34479],[127.21845,37.34386],[127.2181,37.34277],[127.21681,37.34067],[127.2158,37.33957],[127.21411,37.33807],[127.21301,37.33748],[127.21265,37.33742],[127.20896,37.33178],[127.20899,37.33169],[127.209,37.3316],[127.20896,37.33154],[127.20846,37.331],[127.20831,37.33088],[127.20147,37.32861],[127.20134,37.32859],[127.20129,37.32858],[127.20115,37.32859],[127.20094,37.32863],[127.20075,37.32868],[127.20067,37.32873],[127.20055,37.32885],[127.20041,37.32902],[127.19744,37.33354],[127.19698,37.33456],[127.19692,37.33472],[127.19696,37.33588],[127.1977,37.33756],[127.19826,37.33949],[127.19818,37.34112],[127.19803,37.34145],[127.19717,37.34288],[127.19608,37.34404],[127.19573,37.34436],[127.19553,37.34453],[127.19246,37.34666],[127.19171,37.34719],[127.19168,37.34721],[127.19162,37.34724],[127.19087,37.34705],[127.1853,37.34532],[127.18344,37.34474],[127.18303,37.34457],[127.18224,37.34415],[127.1821,37.34403],[127.1818,37.34391],[127.1817,37.34387],[127.1816,37.34384],[127.18131,37.34375],[127.17876,37.34322],[127.17848,37.34329],[127.17828,37.34346],[127.17826,37.34348],[127.17817,37.34355],[127.17673,37.34442],[127.17376,37.34467],[127.17288,37.34461],[127.16206,37.34332],[127.16202,37.3433],[127.16198,37.34329],[127.16189,37.3432],[127.16175,37.34302],[127.16166,37.34288],[127.16152,37.34278],[127.16135,37.3427],[127.15755,37.34107],[127.15484,37.34029],[127.15267,37.34001],[127.1485,37.33786],[127.14841,37.3378],[127.1482,37.3377],[127.14666,37.33723],[127.14655,37.3372],[127.14564,37.33694],[127.14539,37.33693],[127.14525,37.33695],[127.14422,37.33696],[127.14265,37.3366],[127.14241,37.33653],[127.14186,37.33631],[127.14175,37.33571],[127.14142,37.33268],[127.14135,37.33192],[127.14132,37.32908],[127.14134,37.32886],[127.14148,37.32817],[127.14161,37.32772],[127.14182,37.32709],[127.14204,37.32669],[127.14213,37.32657],[127.14215,37.32654],[127.14224,37.32645],[127.14235,37.32634],[127.14237,37.3263],[127.14246,37.32577],[127.14243,37.32573],[127.1424,37.32571],[127.14236,37.32567],[127.14227,37.32562],[127.14208,37.32553],[127.1416,37.32531],[127.14148,37.32527],[127.14141,37.32525],[127.14117,37.32521],[127.14094,37.32508],[127.14085,37.32498],[127.14076,37.32487],[127.1407,37.3247],[127.14061,37.32455],[127.14048,37.32437],[127.14039,37.32428],[127.14024,37.32422],[127.14007,37.32419],[127.13996,37.32417],[127.13982,37.32418],[127.13969,37.3242],[127.13955,37.32431],[127.13948,37.3244],[127.13932,37.32455],[127.13891,37.32482],[127.13877,37.32491],[127.13865,37.32493],[127.13857,37.32493],[127.13853,37.32492],[127.13849,37.32492],[127.13832,37.32482],[127.13828,37.3248],[127.13824,37.32477],[127.13813,37.32468],[127.13803,37.32458],[127.13793,37.32449],[127.1378,37.3244],[127.13774,37.32436],[127.13764,37.32433],[127.13756,37.32431],[127.13751,37.32432],[127.13744,37.32433],[127.13725,37.32439],[127.13706,37.32342],[127.13724,37.32064],[127.13903,37.31959],[127.14048,37.31875],[127.14273,37.3174],[127.14283,37.31733],[127.14287,37.31726],[127.14314,37.31664],[127.14322,37.31644],[127.14322,37.31635],[127.14319,37.31622],[127.14306,37.31596],[127.14298,37.31585],[127.14296,37.3158],[127.14294,37.31575],[127.14283,37.31548],[127.14281,37.31539],[127.14281,37.31534],[127.14279,37.31514],[127.1428,37.31495],[127.14318,37.31339],[127.14321,37.31329],[127.14329,37.31307],[127.14334,37.31298],[127.14336,37.31294],[127.14339,37.31289],[127.14346,37.31279],[127.14354,37.3127],[127.14365,37.3126],[127.14392,37.31242],[127.14399,37.31238],[127.14413,37.31234],[127.14429,37.3123],[127.14445,37.31229],[127.14471,37.31226],[127.14483,37.31221],[127.14496,37.31212],[127.14502,37.31206],[127.14562,37.31135],[127.14572,37.31123],[127.14701,37.30945],[127.14792,37.3079],[127.1486,37.30658],[127.14875,37.3061],[127.15076,37.30602],[127.1522,37.30552],[127.15625,37.30461],[127.15854,37.30453],[127.16284,37.3042],[127.16299,37.30419],[127.16312,37.30415],[127.16544,37.30304],[127.16543,37.30282],[127.1654,37.30248],[127.16555,37.30226],[127.16595,37.30207],[127.16621,37.30197],[127.16724,37.30169],[127.17015,37.2997],[127.17149,37.29661],[127.17159,37.29636],[127.17163,37.2962],[127.1719,37.29482],[127.17191,37.29465],[127.17179,37.29397],[127.17176,37.29389],[127.17168,37.29375],[127.17154,37.29358],[127.17129,37.29339],[127.17098,37.29318],[127.17086,37.29309],[127.17068,37.29296],[127.17059,37.29285],[127.17054,37.29272],[127.17046,37.29227],[127.17044,37.29206],[127.17043,37.29202],[127.17045,37.29196],[127.17046,37.29194],[127.17054,37.29186],[127.17165,37.29086],[127.17177,37.29076],[127.1719,37.29068],[127.17271,37.29041],[127.17328,37.29021],[127.17375,37.29],[127.17398,37.28986],[127.17418,37.28974],[127.17442,37.28956],[127.17469,37.28921],[127.17489,37.28887],[127.1771,37.28498],[127.17711,37.28481],[127.17711,37.28457],[127.17709,37.2843],[127.17693,37.2822],[127.1769,37.28195],[127.17498,37.27728],[127.1737,37.27413],[127.17239,37.27066],[127.17216,37.26989],[127.17215,37.26974],[127.17218,37.26949],[127.17289,37.26533],[127.17415,37.26015],[127.17512,37.25834],[127.1732,37.25745],[127.17042,37.25537],[127.17022,37.25514],[127.17008,37.25503],[127.16994,37.25498],[127.16605,37.25423],[127.16337,37.25464],[127.16315,37.25465],[127.163,37.25465],[127.16273,37.25463],[127.16256,37.2546],[127.16246,37.25459],[127.15978,37.25415],[127.15968,37.25413],[127.15954,37.25411],[127.15949,37.25408],[127.15941,37.25401],[127.15928,37.25378],[127.15916,37.25352],[127.15915,37.25349],[127.15913,37.25343],[127.15905,37.25265],[127.1589,37.25132],[127.15864,37.24951],[127.15812,37.24781],[127.15803,37.24772],[127.15378,37.24393],[127.15312,37.24336],[127.15278,37.24312],[127.15251,37.24297],[127.15241,37.24292],[127.15225,37.24288],[127.15075,37.24294],[127.15065,37.24295],[127.15059,37.24296],[127.15037,37.2428],[127.15017,37.24256],[127.14964,37.24188],[127.14948,37.24161],[127.14926,37.24081],[127.14923,37.24067],[127.1493,37.24035],[127.15012,37.23668],[127.15014,37.23662],[127.15025,37.23634],[127.1504,37.23617],[127.15302,37.23328],[127.1533,37.23306],[127.15336,37.23303],[127.15558,37.22999],[127.15621,37.22789],[127.15492,37.22637],[127.15337,37.22384],[127.15303,37.22337],[127.15161,37.223],[127.14983,37.22169],[127.15018,37.2213],[127.1503,37.22117],[127.15122,37.21894],[127.1516,37.21854],[127.15144,37.21708],[127.15144,37.2158],[127.15172,37.21414],[127.15198,37.21377],[127.15541,37.20957],[127.15598,37.2093],[127.15696,37.20852],[127.15767,37.20747],[127.15775,37.20727],[127.15777,37.20717],[127.15768,37.207],[127.15589,37.20595],[127.15537,37.20346],[127.15431,37.20212],[127.15339,37.20191],[127.15297,37.20122],[127.15277,37.20085],[127.15267,37.20024],[127.1523,37.19998],[127.15196,37.19911],[127.15229,37.19833],[127.15266,37.19813],[127.15285,37.19723],[127.15377,37.19762],[127.15473,37.19745],[127.15546,37.19774],[127.15572,37.19666],[127.16091,37.19172],[127.16094,37.19167],[127.16096,37.19164],[127.16131,37.19071],[127.16132,37.19066],[127.16132,37.19052],[127.16132,37.19041],[127.16131,37.19035],[127.16043,37.18668],[127.16026,37.18599],[127.16023,37.18589],[127.1596,37.18466],[127.15944,37.18448],[127.1594,37.18444],[127.15933,37.18435],[127.1592,37.18424],[127.15908,37.18413],[127.1599,37.18221],[127.16067,37.18056],[127.16069,37.18041],[127.16067,37.18036],[127.16065,37.18031],[127.15926,37.17798],[127.15923,37.17795],[127.15797,37.17702],[127.15789,37.17696],[127.15762,37.17679],[127.1573,37.17669],[127.15705,37.17667],[127.15684,37.17664],[127.1564,37.17663],[127.15624,37.17664],[127.15599,37.1767],[127.15585,37.17676],[127.15573,37.17679],[127.15569,37.17679],[127.15563,37.17676],[127.1555,37.17665],[127.15347,37.1746],[127.15258,37.17333],[127.15115,37.1716],[127.14862,37.1698],[127.14841,37.16968],[127.14815,37.16959],[127.14789,37.16953],[127.14784,37.16953],[127.14779,37.16953],[127.14571,37.16964],[127.14566,37.16964],[127.1456,37.16965],[127.14552,37.16966],[127.14543,37.16968],[127.14534,37.1697],[127.14517,37.16976],[127.14498,37.16983],[127.14491,37.16988],[127.14478,37.16996],[127.14468,37.17001],[127.14454,37.17008],[127.14447,37.17012],[127.14442,37.17013],[127.14437,37.17014],[127.14418,37.17016],[127.14402,37.17018],[127.14383,37.17018],[127.14371,37.17017],[127.13939,37.16946],[127.13331,37.1692],[127.13326,37.1692],[127.13317,37.16916],[127.13306,37.16912],[127.13301,37.16909],[127.133,37.16907],[127.13258,37.1684],[127.13257,37.16837],[127.13255,37.16818],[127.13256,37.16806],[127.13308,37.16672],[127.1331,37.16668],[127.13317,37.16662],[127.13322,37.16659],[127.13332,37.16653],[127.13354,37.16638],[127.13363,37.16632],[127.1337,37.16626],[127.13375,37.16619],[127.13379,37.16612],[127.13381,37.16606],[127.13391,37.16501],[127.1339,37.16497],[127.13387,37.16493],[127.13383,37.16487],[127.13368,37.16473],[127.13121,37.16287],[127.12922,37.16206],[127.12915,37.16203],[127.12905,37.16195],[127.12818,37.16106],[127.12812,37.161],[127.12806,37.16094],[127.12802,37.16087],[127.128,37.16084],[127.12794,37.16072],[127.12793,37.16064],[127.12788,37.15989],[127.12788,37.15982],[127.1279,37.15976],[127.12883,37.15848],[127.13059,37.15185],[127.13059,37.15179],[127.13042,37.15123],[127.12949,37.14875],[127.12944,37.14865],[127.1293,37.14847],[127.12708,37.14565],[127.12639,37.14558],[127.12478,37.14536],[127.1246,37.1453],[127.12446,37.14526],[127.12339,37.14493],[127.12289,37.14465],[127.1227,37.14451],[127.12313,37.14399],[127.12321,37.14385],[127.12327,37.14373],[127.12333,37.14361],[127.12332,37.14356],[127.12328,37.1435],[127.12304,37.14331],[127.12228,37.14273],[127.12122,37.14178],[127.12115,37.14171],[127.12111,37.14167],[127.12107,37.14158],[127.12089,37.14084],[127.12058,37.1395],[127.12058,37.13942],[127.12059,37.13936],[127.12061,37.13934],[127.12067,37.1393],[127.12073,37.13927],[127.1215,37.13896],[127.12161,37.13538],[127.12079,37.12989],[127.12077,37.12981],[127.12072,37.12966],[127.12062,37.12951],[127.12021,37.12899],[127.12017,37.12898],[127.12013,37.12897],[127.11872,37.12884],[127.11781,37.12884],[127.11728,37.12905],[127.11662,37.1294],[127.11408,37.12915],[127.10906,37.12671],[127.109,37.12667],[127.10896,37.12656],[127.10889,37.12622],[127.1087,37.12505],[127.10868,37.12489],[127.10867,37.12481]]]}},{"type":"Feature","properties":{"id":"41-41463","name":"용인시기흥구","sido":"경기도","code":"41463","center":[37.26729,127.12142]},"geometry":{"type":"Polygon","coordinates":[[[127.06466,37.27111],[127.06467,37.27101],[127.06472,37.27059],[127.06475,37.27052],[127.06478,37.27044],[127.06504,37.27025],[127.06848,37.26868],[127.06983,37.26684],[127.06989,37.26678],[127.06995,37.26673],[127.07015,37.26662],[127.07089,37.26655],[127.0736,37.26611],[127.07489,37.26451],[127.07487,37.2635],[127.07492,37.26308],[127.07521,37.26235],[127.0759,37.26151],[127.07647,37.26144],[127.0769,37.26139],[127.07759,37.26244],[127.07768,37.26278],[127.07768,37.26287],[127.07768,37.26295],[127.07765,37.2633],[127.07763,37.26353],[127.07668,37.26489],[127.07599,37.26573],[127.07761,37.2657],[127.07751,37.26698],[127.07905,37.26731],[127.08553,37.27051],[127.0857,37.26744],[127.08605,37.26603],[127.0862,37.26477],[127.08451,37.26282],[127.08415,37.26245],[127.08352,37.26231],[127.08284,37.26215],[127.08122,37.26059],[127.08105,37.25997],[127.08104,37.25925],[127.08105,37.2585],[127.08378,37.25847],[127.0847,37.25661],[127.08463,37.25633],[127.08336,37.25474],[127.08244,37.25445],[127.08182,37.25268],[127.08258,37.25161],[127.08193,37.25086],[127.08249,37.25009],[127.08211,37.2494],[127.08127,37.2485],[127.08004,37.24754],[127.0796,37.24753],[127.07928,37.24753],[127.0786,37.24751],[127.07841,37.24751],[127.07784,37.2475],[127.07779,37.24751],[127.07651,37.24753],[127.07549,37.24742],[127.07543,37.24741],[127.07421,37.24718],[127.07261,37.24692],[127.07233,37.24686],[127.07098,37.24656],[127.07078,37.24651],[127.07073,37.24649],[127.06962,37.24619],[127.06954,37.2461],[127.06948,37.24603],[127.06945,37.246],[127.06933,37.24588],[127.069,37.24554],[127.06828,37.24489],[127.06758,37.2445],[127.06687,37.24416],[127.06621,37.24388],[127.06633,37.24293],[127.06609,37.24202],[127.06598,37.24105],[127.06631,37.24101],[127.06663,37.24124],[127.06688,37.24122],[127.06694,37.24099],[127.06712,37.24082],[127.06709,37.24037],[127.06668,37.24015],[127.06778,37.23905],[127.06798,37.23884],[127.06805,37.23876],[127.06818,37.23851],[127.06843,37.23765],[127.06849,37.23732],[127.0685,37.23719],[127.0685,37.23715],[127.06842,37.23713],[127.06836,37.23713],[127.06829,37.23711],[127.06822,37.2371],[127.06802,37.23672],[127.06802,37.23669],[127.068,37.23468],[127.06876,37.23015],[127.06877,37.23011],[127.06879,37.23009],[127.06881,37.23005],[127.06884,37.23002],[127.06892,37.22993],[127.06963,37.22929],[127.07071,37.22891],[127.07124,37.22901],[127.07155,37.22906],[127.0718,37.22909],[127.0726,37.22916],[127.0727,37.22914],[127.07329,37.22882],[127.07456,37.22813],[127.07458,37.22801],[127.07482,37.22674],[127.07558,37.2259],[127.07878,37.22285],[127.08192,37.22015],[127.08232,37.21983],[127.08243,37.21977],[127.08283,37.21952],[127.08659,37.21749],[127.0877,37.21695],[127.08874,37.21646],[127.08878,37.21644],[127.08896,37.21636],[127.09052,37.21676],[127.09088,37.2169],[127.09106,37.21697],[127.09253,37.21753],[127.09558,37.21829],[127.10433,37.21982],[127.10465,37.21986],[127.10588,37.2198],[127.10666,37.21975],[127.10717,37.21971],[127.10779,37.21963],[127.10811,37.2196],[127.10826,37.21957],[127.10852,37.21952],[127.10883,37.21944],[127.1101,37.21931],[127.11318,37.21919],[127.11518,37.21915],[127.11525,37.21917],[127.11553,37.21925],[127.11738,37.21996],[127.11909,37.2194],[127.12672,37.21751],[127.12966,37.21746],[127.13421,37.21603],[127.13618,37.21564],[127.13676,37.21568],[127.13709,37.21588],[127.13714,37.21591],[127.13739,37.21605],[127.13814,37.21649],[127.13966,37.21733],[127.14002,37.2175],[127.14329,37.21838],[127.1443,37.21864],[127.14449,37.21868],[127.14791,37.21905],[127.14847,37.21907],[127.14956,37.21896],[127.15125,37.21872],[127.1516,37.21854],[127.15122,37.21894],[127.1503,37.22117],[127.15018,37.2213],[127.14983,37.22169],[127.15161,37.223],[127.15303,37.22337],[127.15337,37.22384],[127.15492,37.22637],[127.15621,37.22789],[127.15558,37.22999],[127.15336,37.23303],[127.1533,37.23306],[127.15302,37.23328],[127.1504,37.23617],[127.15025,37.23634],[127.15014,37.23662],[127.15012,37.23668],[127.1493,37.24035],[127.14923,37.24067],[127.14926,37.24081],[127.14948,37.24161],[127.14964,37.24188],[127.15017,37.24256],[127.15037,37.2428],[127.15059,37.24296],[127.15065,37.24295],[127.15075,37.24294],[127.15225,37.24288],[127.15241,37.24292],[127.15251,37.24297],[127.15278,37.24312],[127.15312,37.24336],[127.15378,37.24393],[127.15803,37.24772],[127.15812,37.24781],[127.15864,37.24951],[127.1589,37.25132],[127.15905,37.25265],[127.15913,37.25343],[127.15915,37.25349],[127.15916,37.25352],[127.15928,37.25378],[127.15941,37.25401],[127.15949,37.25408],[127.15954,37.25411],[127.15968,37.25413],[127.15978,37.25415],[127.16246,37.25459],[127.16256,37.2546],[127.16273,37.25463],[127.163,37.25465],[127.16315,37.25465],[127.16337,37.25464],[127.16605,37.25423],[127.16994,37.25498],[127.17008,37.25503],[127.17022,37.25514],[127.17042,37.25537],[127.1732,37.25745],[127.17512,37.25834],[127.17415,37.26015],[127.17289,37.26533],[127.17218,37.26949],[127.17215,37.26974],[127.17216,37.26989],[127.17239,37.27066],[127.1737,37.27413],[127.17498,37.27728],[127.1769,37.28195],[127.17693,37.2822],[127.17709,37.2843],[127.17711,37.28457],[127.17711,37.28481],[127.1771,37.28498],[127.17489,37.28887],[127.17469,37.28921],[127.17442,37.28956],[127.17418,37.28974],[127.17398,37.28986],[127.17375,37.29],[127.17328,37.29021],[127.17271,37.29041],[127.1719,37.29068],[127.17177,37.29076],[127.17165,37.29086],[127.17054,37.29186],[127.17046,37.29194],[127.17045,37.29196],[127.17043,37.29202],[127.17044,37.29206],[127.17046,37.29227],[127.17054,37.29272],[127.17059,37.29285],[127.17068,37.29296],[127.17086,37.29309],[127.17098,37.29318],[127.17129,37.29339],[127.17154,37.29358],[127.17168,37.29375],[127.17176,37.29389],[127.17179,37.29397],[127.17191,37.29465],[127.1719,37.29482],[127.17163,37.2962],[127.17159,37.29636],[127.17149,37.29661],[127.17015,37.2997],[127.16724,37.30169],[127.16621,37.30197],[127.16595,37.30207],[127.16555,37.30226],[127.1654,37.30248],[127.16543,37.30282],[127.16544,37.30304],[127.16312,37.30415],[127.16299,37.30419],[127.16284,37.3042],[127.15854,37.30453],[127.15625,37.30461],[127.1522,37.30552],[127.15076,37.30602],[127.14875,37.3061],[127.1486,37.30658],[127.14792,37.3079],[127.14701,37.30945],[127.14572,37.31123],[127.14562,37.31135],[127.14502,37.31206],[127.14496,37.31212],[127.14483,37.31221],[127.14471,37.31226],[127.14445,37.31229],[127.14429,37.3123],[127.14413,37.31234],[127.14399,37.31238],[127.14392,37.31242],[127.14365,37.3126],[127.14354,37.3127],[127.14346,37.31279],[127.14339,37.31289],[127.14336,37.31294],[127.14334,37.31298],[127.14329,37.31307],[127.14321,37.31329],[127.14318,37.31339],[127.1428,37.31495],[127.14279,37.31514],[127.14281,37.31534],[127.14281,37.31539],[127.14283,37.31548],[127.14294,37.31575],[127.14296,37.3158],[127.14298,37.31585],[127.14306,37.31596],[127.14319,37.31622],[127.14322,37.31635],[127.14322,37.31644],[127.14314,37.31664],[127.14287,37.31726],[127.14283,37.31733],[127.14273,37.3174],[127.14048,37.31875],[127.13903,37.31959],[127.13724,37.32064],[127.13706,37.32342],[127.13725,37.32439],[127.13688,37.3246],[127.13678,37.32465],[127.13668,37.32468],[127.1366,37.3247],[127.13654,37.3247],[127.13574,37.32454],[127.13566,37.32451],[127.13561,37.32448],[127.13557,37.32445],[127.13552,37.32441],[127.1354,37.32431],[127.13511,37.3241],[127.13495,37.324],[127.13488,37.32396],[127.1348,37.32389],[127.13461,37.32374],[127.13445,37.32365],[127.13424,37.32355],[127.13411,37.32351],[127.13401,37.32346],[127.13395,37.32343],[127.13393,37.3234],[127.13372,37.32316],[127.13349,37.32286],[127.13334,37.32271],[127.13328,37.32266],[127.1332,37.32262],[127.13307,37.32256],[127.13296,37.32253],[127.13282,37.32249],[127.13278,37.32248],[127.1327,37.32244],[127.13265,37.32241],[127.13259,37.32237],[127.13373,37.32173],[127.13395,37.32157],[127.13463,37.31984],[127.1304,37.31792],[127.12709,37.31539],[127.12585,37.31523],[127.12626,37.31626],[127.12708,37.31842],[127.12669,37.3192],[127.1266,37.31933],[127.12456,37.32127],[127.12453,37.32128],[127.12337,37.3214],[127.12331,37.3214],[127.12328,37.3214],[127.12221,37.32126],[127.11765,37.32092],[127.1169,37.32091],[127.1131,37.3209],[127.1131,37.32104],[127.1131,37.32117],[127.1131,37.32207],[127.11304,37.32229],[127.11171,37.32397],[127.11151,37.32412],[127.11135,37.32421],[127.1108,37.32423],[127.10457,37.32364],[127.10281,37.32267],[127.1025,37.32251],[127.1022,37.3224],[127.10182,37.32229],[127.10157,37.32226],[127.10076,37.32216],[127.10032,37.32213],[127.09979,37.3221],[127.09936,37.32205],[127.0992,37.32201],[127.09874,37.32186],[127.09847,37.32168],[127.0982,37.32148],[127.09763,37.32095],[127.09728,37.3202],[127.10035,37.31896],[127.09993,37.31364],[127.09983,37.31314],[127.09884,37.313],[127.09625,37.3133],[127.09476,37.31332],[127.0948,37.31251],[127.09288,37.31153],[127.09154,37.30947],[127.09147,37.30928],[127.09148,37.30922],[127.09148,37.30919],[127.09149,37.30912],[127.09167,37.30891],[127.0928,37.30803],[127.09296,37.30796],[127.09329,37.30719],[127.09325,37.30446],[127.09303,37.30141],[127.09255,37.30113],[127.08988,37.29841],[127.09058,37.29714],[127.08831,37.29317],[127.08792,37.2907],[127.08789,37.29028],[127.08791,37.29018],[127.08797,37.28988],[127.08816,37.2894],[127.08877,37.28811],[127.08894,37.28714],[127.08883,37.28697],[127.08863,37.28687],[127.08817,37.28662],[127.08755,37.28638],[127.08709,37.2862],[127.08673,37.28612],[127.08652,37.28608],[127.0856,37.28604],[127.08533,37.28612],[127.08467,37.28632],[127.08413,37.28632],[127.08168,37.28463],[127.0788,37.28349],[127.07722,37.28299],[127.07541,37.28224],[127.07042,37.2793],[127.06954,37.27874],[127.06928,37.2773],[127.06806,37.27561],[127.06799,37.2748],[127.06793,37.27447],[127.06693,37.27394],[127.06621,37.27309],[127.06466,37.27111]]]}},{"type":"Feature","properties":{"id":"41-41465","name":"용인시수지구","sido":"경기도","code":"41465","center":[37.33333,127.07174]},"geometry":{"type":"Polygon","coordinates":[[[127.01609,37.35693],[127.01613,37.35664],[127.01687,37.35375],[127.01881,37.35156],[127.02508,37.34854],[127.02611,37.34862],[127.02631,37.34862],[127.02649,37.34855],[127.02867,37.34762],[127.02878,37.34758],[127.02901,37.34738],[127.03195,37.34541],[127.03344,37.34471],[127.03324,37.34444],[127.03305,37.34417],[127.03303,37.34412],[127.03207,37.34238],[127.03201,37.34207],[127.03152,37.33922],[127.0315,37.33891],[127.03153,37.337],[127.0316,37.33683],[127.03163,37.33678],[127.03289,37.33573],[127.03458,37.33453],[127.03477,37.33438],[127.03483,37.33432],[127.03486,37.33429],[127.03501,37.33409],[127.03514,37.33392],[127.03602,37.33239],[127.03606,37.33211],[127.03594,37.33181],[127.03589,37.33156],[127.0359,37.33127],[127.03595,37.331],[127.03686,37.32944],[127.03748,37.32877],[127.03763,37.32865],[127.0378,37.3286],[127.03827,37.3285],[127.03722,37.32733],[127.03718,37.32728],[127.03717,37.32717],[127.03725,37.32641],[127.03726,37.32637],[127.03792,37.32495],[127.03955,37.32177],[127.03992,37.32134],[127.04,37.32117],[127.04021,37.32072],[127.04056,37.32013],[127.04067,37.32003],[127.04214,37.31916],[127.04593,37.31726],[127.04728,37.31664],[127.04903,37.31592],[127.04945,37.3158],[127.04954,37.31579],[127.04995,37.31575],[127.05207,37.31578],[127.05278,37.31605],[127.05383,37.31609],[127.05391,37.31609],[127.05395,37.31609],[127.05409,37.31608],[127.05765,37.31556],[127.0577,37.31555],[127.05774,37.31551],[127.05775,37.31544],[127.05775,37.3154],[127.05773,37.31518],[127.05769,37.31506],[127.05763,37.3149],[127.05762,37.31473],[127.05765,37.31441],[127.0577,37.3143],[127.05804,37.31349],[127.05811,37.31337],[127.05977,37.31153],[127.06,37.31133],[127.06022,37.31116],[127.06033,37.3111],[127.06054,37.31098],[127.06062,37.31094],[127.05887,37.3061],[127.05836,37.30527],[127.0583,37.30516],[127.05822,37.30503],[127.05818,37.30494],[127.05818,37.3049],[127.05819,37.30485],[127.05821,37.30481],[127.0583,37.30474],[127.0586,37.30458],[127.05867,37.30455],[127.0589,37.30445],[127.05901,37.30442],[127.05921,37.3044],[127.05942,37.30438],[127.05974,37.30435],[127.05994,37.30434],[127.06037,37.30432],[127.06051,37.3043],[127.06055,37.30429],[127.06061,37.30426],[127.06067,37.30422],[127.06075,37.30416],[127.06081,37.3041],[127.06089,37.30394],[127.06096,37.30375],[127.06101,37.3035],[127.06103,37.30339],[127.06104,37.30321],[127.06089,37.30139],[127.06056,37.3008],[127.06009,37.29946],[127.06059,37.29658],[127.06186,37.29636],[127.06752,37.29537],[127.07055,37.29484],[127.07196,37.2946],[127.07242,37.29452],[127.07255,37.2945],[127.07661,37.29379],[127.07787,37.29357],[127.07812,37.29438],[127.0783,37.29498],[127.0786,37.29494],[127.07895,37.29495],[127.08012,37.2951],[127.08031,37.2952],[127.0806,37.29537],[127.08146,37.29607],[127.08251,37.29698],[127.08559,37.29813],[127.08767,37.29787],[127.08832,37.29776],[127.08927,37.29764],[127.08988,37.29841],[127.09255,37.30113],[127.09303,37.30141],[127.09325,37.30446],[127.09329,37.30719],[127.09296,37.30796],[127.0928,37.30803],[127.09167,37.30891],[127.09149,37.30912],[127.09148,37.30919],[127.09148,37.30922],[127.09147,37.30928],[127.09154,37.30947],[127.09288,37.31153],[127.0948,37.31251],[127.09476,37.31332],[127.09625,37.3133],[127.09884,37.313],[127.09983,37.31314],[127.09993,37.31364],[127.10035,37.31896],[127.09728,37.3202],[127.09763,37.32095],[127.0982,37.32148],[127.09847,37.32168],[127.09874,37.32186],[127.0992,37.32201],[127.09936,37.32205],[127.09979,37.3221],[127.10032,37.32213],[127.10076,37.32216],[127.10157,37.32226],[127.10182,37.32229],[127.1022,37.3224],[127.1025,37.32251],[127.10281,37.32267],[127.10457,37.32364],[127.1108,37.32423],[127.11135,37.32421],[127.11151,37.32412],[127.11171,37.32397],[127.11304,37.32229],[127.1131,37.32207],[127.1131,37.32117],[127.1131,37.32104],[127.1131,37.3209],[127.1169,37.32091],[127.11765,37.32092],[127.12221,37.32126],[127.12328,37.3214],[127.12331,37.3214],[127.12337,37.3214],[127.12453,37.32128],[127.12456,37.32127],[127.1266,37.31933],[127.12669,37.3192],[127.12708,37.31842],[127.12626,37.31626],[127.12585,37.31523],[127.12709,37.31539],[127.1304,37.31792],[127.13463,37.31984],[127.13395,37.32157],[127.13373,37.32173],[127.13259,37.32237],[127.13265,37.32241],[127.1327,37.32244],[127.13278,37.32248],[127.13282,37.32249],[127.13296,37.32253],[127.13307,37.32256],[127.1332,37.32262],[127.13328,37.32266],[127.13334,37.32271],[127.13349,37.32286],[127.13372,37.32316],[127.13393,37.3234],[127.13395,37.32343],[127.13401,37.32346],[127.13411,37.32351],[127.13424,37.32355],[127.13445,37.32365],[127.13461,37.32374],[127.1348,37.32389],[127.13488,37.32396],[127.13495,37.324],[127.13511,37.3241],[127.1354,37.32431],[127.13552,37.32441],[127.13557,37.32445],[127.13561,37.32448],[127.13566,37.32451],[127.13574,37.32454],[127.13654,37.3247],[127.1366,37.3247],[127.13668,37.32468],[127.13678,37.32465],[127.13688,37.3246],[127.13725,37.32439],[127.13744,37.32433],[127.13751,37.32432],[127.13756,37.32431],[127.13764,37.32433],[127.13774,37.32436],[127.1378,37.3244],[127.13793,37.32449],[127.13803,37.32458],[127.13813,37.32468],[127.13824,37.32477],[127.13828,37.3248],[127.13832,37.32482],[127.13849,37.32492],[127.13853,37.32492],[127.13857,37.32493],[127.13865,37.32493],[127.13877,37.32491],[127.13891,37.32482],[127.13932,37.32455],[127.13948,37.3244],[127.13955,37.32431],[127.13969,37.3242],[127.13982,37.32418],[127.13996,37.32417],[127.14007,37.32419],[127.14024,37.32422],[127.14039,37.32428],[127.14048,37.32437],[127.14061,37.32455],[127.1407,37.3247],[127.14076,37.32487],[127.14085,37.32498],[127.14094,37.32508],[127.14117,37.32521],[127.14141,37.32525],[127.14148,37.32527],[127.1416,37.32531],[127.14208,37.32553],[127.14227,37.32562],[127.14236,37.32567],[127.1424,37.32571],[127.14243,37.32573],[127.14246,37.32577],[127.14237,37.3263],[127.14235,37.32634],[127.14224,37.32645],[127.14215,37.32654],[127.14213,37.32657],[127.14204,37.32669],[127.14182,37.32709],[127.14161,37.32772],[127.14148,37.32817],[127.14134,37.32886],[127.14132,37.32908],[127.14135,37.33192],[127.14142,37.33268],[127.14175,37.33571],[127.14186,37.33631],[127.13999,37.3384],[127.13971,37.3387],[127.13954,37.33884],[127.13941,37.33891],[127.13929,37.33898],[127.13922,37.33901],[127.13863,37.3393],[127.13848,37.33937],[127.13844,37.33939],[127.13839,37.3394],[127.13792,37.33943],[127.13765,37.33942],[127.13707,37.33939],[127.13634,37.33964],[127.13339,37.33861],[127.13053,37.33764],[127.13047,37.33762],[127.1296,37.33748],[127.12652,37.33739],[127.12329,37.33701],[127.1214,37.33498],[127.1214,37.33495],[127.12136,37.33486],[127.12134,37.33482],[127.12128,37.33477],[127.12072,37.33441],[127.12041,37.33429],[127.1197,37.33408],[127.11721,37.33343],[127.11707,37.3334],[127.11702,37.3334],[127.11699,37.33341],[127.11688,37.33341],[127.1168,37.33346],[127.11677,37.33348],[127.11673,37.33351],[127.11565,37.33428],[127.11524,37.33465],[127.11515,37.33477],[127.11509,37.3349],[127.11498,37.33505],[127.11467,37.33528],[127.11398,37.33551],[127.1134,37.33566],[127.1133,37.33567],[127.11308,37.3357],[127.11297,37.3357],[127.11291,37.3357],[127.11286,37.33569],[127.11275,37.33569],[127.11031,37.33464],[127.10896,37.33601],[127.10694,37.33715],[127.1064,37.3374],[127.10562,37.33778],[127.10544,37.33783],[127.10518,37.33791],[127.10515,37.33793],[127.105,37.33799],[127.1048,37.33809],[127.10397,37.33861],[127.10307,37.33957],[127.1027,37.33996],[127.10225,37.34241],[127.10116,37.34311],[127.09814,37.34299],[127.09789,37.34301],[127.09705,37.3432],[127.09699,37.34322],[127.0969,37.3433],[127.09679,37.3434],[127.09246,37.34713],[127.09048,37.34778],[127.08887,37.3484],[127.08837,37.34869],[127.08817,37.34882],[127.08795,37.34899],[127.0878,37.34911],[127.08776,37.34915],[127.0875,37.34939],[127.08731,37.34961],[127.08728,37.34967],[127.08722,37.3498],[127.08719,37.34991],[127.08715,37.35005],[127.08714,37.35044],[127.0871,37.35069],[127.08701,37.35093],[127.08699,37.35096],[127.0864,37.35142],[127.08633,37.35147],[127.0862,37.35153],[127.08572,37.35172],[127.08549,37.35179],[127.08464,37.35202],[127.08459,37.35203],[127.08443,37.35206],[127.08378,37.35206],[127.08373,37.35206],[127.08368,37.35206],[127.08356,37.35203],[127.08283,37.3518],[127.08273,37.35176],[127.08267,37.35174],[127.08244,37.3516],[127.08175,37.35114],[127.0815,37.35096],[127.0813,37.35081],[127.08123,37.35073],[127.08084,37.35039],[127.08004,37.34993],[127.07987,37.34985],[127.07866,37.34934],[127.0781,37.3491],[127.078,37.34907],[127.07774,37.34905],[127.07762,37.34908],[127.07748,37.34916],[127.07713,37.3494],[127.07651,37.34992],[127.07618,37.35026],[127.07552,37.35105],[127.07521,37.35143],[127.07506,37.3517],[127.07483,37.35219],[127.07463,37.35272],[127.07459,37.35282],[127.07454,37.35317],[127.07447,37.35345],[127.07435,37.35383],[127.07404,37.35448],[127.07365,37.35513],[127.07351,37.35534],[127.07348,37.3554],[127.0732,37.3557],[127.07312,37.3558],[127.0725,37.3564],[127.07181,37.35697],[127.07117,37.35746],[127.07088,37.35768],[127.07052,37.35789],[127.07023,37.35803],[127.07013,37.35808],[127.07004,37.35812],[127.06937,37.35842],[127.06918,37.3585],[127.06867,37.3587],[127.06745,37.35913],[127.06661,37.35938],[127.06421,37.36007],[127.06307,37.36039],[127.06116,37.36072],[127.06075,37.36077],[127.06064,37.36078],[127.06055,37.36079],[127.05911,37.36083],[127.05875,37.36082],[127.0583,37.36081],[127.05799,37.36079],[127.05771,37.36075],[127.05766,37.36074],[127.05679,37.36044],[127.05666,37.36039],[127.05653,37.36034],[127.05616,37.36017],[127.05595,37.36011],[127.05574,37.36004],[127.05547,37.35998],[127.05541,37.35998],[127.05526,37.35997],[127.05424,37.36013],[127.05414,37.36015],[127.05403,37.36021],[127.05307,37.36094],[127.053,37.36103],[127.05295,37.36113],[127.0529,37.36128],[127.05284,37.36167],[127.05282,37.36196],[127.05282,37.36202],[127.05283,37.36211],[127.05292,37.36224],[127.05309,37.36251],[127.05313,37.36264],[127.05317,37.3628],[127.05315,37.36303],[127.05311,37.36326],[127.05305,37.36336],[127.05301,37.36344],[127.05288,37.3636],[127.0527,37.36377],[127.05251,37.36391],[127.05207,37.36419],[127.05186,37.3643],[127.05162,37.36443],[127.05098,37.36472],[127.04965,37.36523],[127.0474,37.36649],[127.04714,37.36666],[127.04699,37.3668],[127.04689,37.36695],[127.04687,37.36698],[127.04683,37.36706],[127.04681,37.3671],[127.04679,37.36715],[127.04659,37.36767],[127.04637,37.36817],[127.04634,37.36823],[127.04625,37.36831],[127.04609,37.36841],[127.04594,37.36847],[127.04585,37.36851],[127.04581,37.36852],[127.04534,37.3687],[127.04523,37.36873],[127.04485,37.36879],[127.04274,37.36904],[127.03568,37.37058],[127.0306,37.37197],[127.03016,37.37204],[127.0296,37.37206],[127.02956,37.37204],[127.02953,37.37203],[127.02934,37.37196],[127.02794,37.37214],[127.02797,37.37198],[127.02764,37.37023],[127.02748,37.36971],[127.02738,37.36944],[127.02731,37.36926],[127.02726,37.36914],[127.02704,37.36877],[127.02701,37.36874],[127.02698,37.36871],[127.02696,37.36869],[127.02692,37.36865],[127.02689,37.36863],[127.02681,37.36859],[127.02672,37.36854],[127.02658,37.36846],[127.0264,37.36836],[127.0257,37.36784],[127.02561,37.36773],[127.02559,37.36771],[127.02497,37.36651],[127.02458,37.3655],[127.024,37.36421],[127.02379,37.36386],[127.0237,37.36373],[127.02337,37.36333],[127.0229,37.36295],[127.02243,37.3629],[127.02232,37.36287],[127.02214,37.36282],[127.02183,37.36271],[127.02158,37.36258],[127.02148,37.36253],[127.02083,37.36214],[127.01825,37.36035],[127.01819,37.3603],[127.01755,37.35948],[127.01704,37.3588],[127.01637,37.35775],[127.01613,37.35724],[127.01611,37.35711],[127.01609,37.35693]]]}},{"type":"Feature","properties":{"id":"41-41480","name":"파주시","sido":"경기도","code":"41480","center":[37.85365,126.81189]},"geometry":{"type":"Polygon","coordinates":[[[126.65934,37.84018],[126.65948,37.83954],[126.65962,37.83932],[126.65992,37.83903],[126.6601,37.83889],[126.6602,37.83883],[126.66213,37.83787],[126.66891,37.83466],[126.66995,37.83448],[126.67138,37.83472],[126.67153,37.83395],[126.67176,37.83287],[126.67396,37.83105],[126.67327,37.82987],[126.67253,37.82862],[126.67164,37.82661],[126.66753,37.81542],[126.66698,37.81417],[126.66695,37.81409],[126.66605,37.81207],[126.66573,37.80582],[126.66554,37.80217],[126.66506,37.79864],[126.66216,37.79015],[126.66328,37.78743],[126.66454,37.78683],[126.66638,37.78595],[126.667,37.78452],[126.66875,37.7805],[126.66993,37.77772],[126.67289,37.76938],[126.67319,37.76734],[126.67355,37.76491],[126.67365,37.76427],[126.67464,37.76062],[126.67617,37.755],[126.67501,37.75256],[126.674,37.75001],[126.67505,37.74444],[126.67565,37.74201],[126.67739,37.73501],[126.67741,37.73499],[126.67754,37.73475],[126.68119,37.73018],[126.68258,37.72843],[126.68408,37.72654],[126.6848,37.72565],[126.68516,37.72486],[126.68544,37.7237],[126.68544,37.7228],[126.68417,37.71621],[126.68362,37.71339],[126.68346,37.71302],[126.68165,37.70891],[126.68136,37.70833],[126.67972,37.70515],[126.67655,37.70008],[126.67875,37.69855],[126.68348,37.69513],[126.68537,37.69357],[126.68562,37.69337],[126.68739,37.69158],[126.6914,37.68911],[126.6953,37.69315],[126.69604,37.69414],[126.69616,37.69429],[126.69662,37.6949],[126.69801,37.69613],[126.69821,37.69629],[126.69898,37.69688],[126.69929,37.69703],[126.7002,37.69691],[126.70056,37.69678],[126.70174,37.69633],[126.70184,37.6963],[126.70251,37.69622],[126.70372,37.69613],[126.70458,37.69621],[126.7071,37.69717],[126.70722,37.69722],[126.7085,37.69786],[126.71191,37.69974],[126.71295,37.69967],[126.71572,37.69995],[126.71616,37.70002],[126.71707,37.70024],[126.72265,37.70233],[126.72296,37.7025],[126.72352,37.70303],[126.72745,37.70409],[126.72864,37.70389],[126.72946,37.70392],[126.73065,37.70404],[126.72989,37.70494],[126.73473,37.70488],[126.73613,37.70463],[126.73925,37.70503],[126.74017,37.70505],[126.74388,37.70443],[126.74616,37.70383],[126.74663,37.70369],[126.74695,37.70359],[126.74775,37.70327],[126.74802,37.70314],[126.74818,37.70315],[126.74832,37.70316],[126.74923,37.70324],[126.75001,37.70337],[126.75059,37.70348],[126.7521,37.70385],[126.75345,37.70429],[126.75404,37.70473],[126.75553,37.70489],[126.7579,37.70418],[126.75883,37.70364],[126.76008,37.70333],[126.76113,37.70399],[126.76129,37.70405],[126.76149,37.70411],[126.76278,37.7045],[126.76867,37.7054],[126.77001,37.70502],[126.77214,37.70481],[126.77427,37.70467],[126.77386,37.70677],[126.77328,37.70923],[126.77376,37.70954],[126.77483,37.71022],[126.77785,37.7141],[126.78256,37.71761],[126.78452,37.71969],[126.78503,37.72089],[126.78895,37.72317],[126.79015,37.72376],[126.79062,37.72397],[126.79107,37.72403],[126.7912,37.72388],[126.79195,37.7242],[126.7922,37.72443],[126.79291,37.72513],[126.79365,37.72595],[126.79541,37.72852],[126.79608,37.72961],[126.79608,37.73002],[126.79558,37.73356],[126.79438,37.73429],[126.79406,37.73454],[126.79399,37.7346],[126.79357,37.73497],[126.79474,37.73587],[126.79539,37.73621],[126.79726,37.73701],[126.79817,37.73716],[126.80076,37.73528],[126.80102,37.73455],[126.801,37.73236],[126.80099,37.73075],[126.80127,37.73039],[126.80134,37.7303],[126.80283,37.73038],[126.80385,37.7296],[126.80445,37.72911],[126.80525,37.72829],[126.80613,37.72751],[126.8069,37.72697],[126.81055,37.72517],[126.81399,37.72348],[126.81425,37.7235],[126.81485,37.72364],[126.81632,37.72492],[126.82303,37.72881],[126.82386,37.72883],[126.82396,37.72875],[126.82422,37.72856],[126.82448,37.72825],[126.82541,37.72715],[126.82575,37.72708],[126.82608,37.727],[126.82712,37.72713],[126.82831,37.72746],[126.82903,37.72787],[126.83175,37.72881],[126.83226,37.72822],[126.83282,37.72762],[126.83338,37.72718],[126.83365,37.72702],[126.83398,37.72694],[126.83404,37.72692],[126.83413,37.7269],[126.83563,37.72807],[126.83623,37.72748],[126.83708,37.72757],[126.83917,37.72852],[126.83932,37.72859],[126.83939,37.72863],[126.83942,37.72865],[126.83946,37.72867],[126.83993,37.72939],[126.84037,37.73019],[126.84125,37.7315],[126.84804,37.73369],[126.85109,37.73417],[126.85137,37.7341],[126.85258,37.7338],[126.85289,37.73372],[126.85313,37.73366],[126.85324,37.73366],[126.85377,37.73366],[126.8544,37.73366],[126.85582,37.73414],[126.85647,37.73457],[126.85655,37.73556],[126.85656,37.73572],[126.85891,37.73407],[126.85893,37.7334],[126.86094,37.73268],[126.86222,37.7325],[126.86225,37.73252],[126.86253,37.73265],[126.86424,37.7326],[126.86454,37.73259],[126.86495,37.73254],[126.86586,37.73159],[126.86765,37.72959],[126.87149,37.7293],[126.87285,37.72698],[126.87343,37.72614],[126.87511,37.72555],[126.87602,37.7255],[126.87713,37.72622],[126.87871,37.72632],[126.87971,37.72627],[126.88099,37.72616],[126.88327,37.71981],[126.8827,37.71931],[126.88353,37.7194],[126.8836,37.71939],[126.88425,37.71884],[126.88437,37.71866],[126.88466,37.7182],[126.88614,37.71845],[126.88692,37.71888],[126.88795,37.72045],[126.88819,37.72082],[126.88873,37.7228],[126.88923,37.72345],[126.89172,37.7253],[126.89469,37.72677],[126.89701,37.72696],[126.89732,37.72685],[126.8978,37.72668],[126.89927,37.72676],[126.89969,37.72689],[126.90147,37.72776],[126.90156,37.72782],[126.9017,37.72793],[126.90216,37.72843],[126.90217,37.73153],[126.90189,37.73429],[126.90161,37.73464],[126.90126,37.73516],[126.90118,37.73527],[126.90081,37.73686],[126.90088,37.73713],[126.90358,37.7416],[126.90387,37.74177],[126.90471,37.74203],[126.90569,37.74256],[126.90838,37.74434],[126.90871,37.74462],[126.90882,37.74475],[126.9089,37.74485],[126.90876,37.7449],[126.90845,37.74499],[126.90831,37.74508],[126.90822,37.74524],[126.90818,37.74542],[126.90818,37.74554],[126.90819,37.74567],[126.90862,37.74674],[126.90867,37.74686],[126.90874,37.74692],[126.90879,37.74696],[126.90956,37.74722],[126.91529,37.74811],[126.91533,37.74811],[126.91558,37.74812],[126.91699,37.7479],[126.9183,37.74766],[126.91885,37.74747],[126.91962,37.7472],[126.92183,37.74703],[126.92416,37.74767],[126.92555,37.74807],[126.92575,37.74818],[126.92593,37.7483],[126.92606,37.74841],[126.92617,37.74852],[126.92622,37.74868],[126.92636,37.74879],[126.92781,37.74928],[126.92839,37.74929],[126.92893,37.74918],[126.92919,37.74905],[126.92926,37.74902],[126.92971,37.74853],[126.93102,37.75085],[126.93155,37.75187],[126.93161,37.75207],[126.932,37.75392],[126.93165,37.75536],[126.93126,37.75567],[126.92973,37.75666],[126.92905,37.75727],[126.92869,37.75759],[126.9309,37.76307],[126.93173,37.76434],[126.93208,37.76488],[126.93391,37.76758],[126.93294,37.7703],[126.9328,37.77069],[126.93629,37.77421],[126.93563,37.77519],[126.93457,37.77705],[126.93443,37.77733],[126.93338,37.77994],[126.93517,37.78275],[126.93679,37.78425],[126.93717,37.785],[126.93797,37.78661],[126.93812,37.78694],[126.9321,37.78878],[126.93206,37.78876],[126.93166,37.78843],[126.92905,37.78628],[126.92721,37.78508],[126.92308,37.78716],[126.92128,37.78821],[126.92038,37.78939],[126.91952,37.79039],[126.9146,37.79168],[126.9132,37.7919],[126.91204,37.79208],[126.91127,37.79183],[126.90649,37.79097],[126.90389,37.79095],[126.9053,37.79664],[126.90555,37.8021],[126.90672,37.80359],[126.90851,37.80419],[126.90988,37.80465],[126.91138,37.80567],[126.91191,37.80615],[126.91164,37.80824],[126.91161,37.80826],[126.90993,37.80964],[126.90879,37.81051],[126.90872,37.81201],[126.90985,37.81411],[126.91013,37.81462],[126.91022,37.81648],[126.90917,37.81753],[126.90764,37.81862],[126.90562,37.82005],[126.90288,37.82355],[126.90251,37.82431],[126.90231,37.82472],[126.90249,37.82518],[126.90299,37.82639],[126.90751,37.82804],[126.90919,37.82854],[126.90998,37.82863],[126.91056,37.82869],[126.91123,37.82865],[126.91136,37.82864],[126.9126,37.8342],[126.91299,37.83597],[126.913,37.83603],[126.91253,37.83711],[126.91208,37.83811],[126.91193,37.83846],[126.91238,37.84024],[126.91374,37.84097],[126.91393,37.84107],[126.91933,37.84163],[126.92533,37.84159],[126.9261,37.83949],[126.92643,37.83861],[126.92644,37.83857],[126.92648,37.83855],[126.92674,37.83839],[126.92728,37.83805],[126.93298,37.83857],[126.93346,37.83887],[126.93511,37.83992],[126.93649,37.84079],[126.93571,37.84274],[126.93476,37.84552],[126.93474,37.84558],[126.93451,37.84624],[126.93562,37.84939],[126.93711,37.85045],[126.93887,37.8525],[126.9385,37.85406],[126.93977,37.85699],[126.94283,37.86255],[126.94391,37.86357],[126.9445,37.86413],[126.94508,37.86468],[126.94634,37.86699],[126.94627,37.86743],[126.94612,37.86829],[126.94493,37.87033],[126.94426,37.87363],[126.94561,37.87539],[126.94567,37.87547],[126.9471,37.87947],[126.94681,37.87994],[126.94649,37.88047],[126.94696,37.88159],[126.94726,37.8823],[126.94808,37.88465],[126.94728,37.88599],[126.946,37.88846],[126.94748,37.89237],[126.94818,37.89376],[126.94854,37.89675],[126.94811,37.89754],[126.94711,37.89844],[126.94696,37.89893],[126.94681,37.8994],[126.94673,37.89964],[126.94762,37.90257],[126.94918,37.90535],[126.95007,37.90635],[126.95084,37.90721],[126.95316,37.90871],[126.95347,37.90946],[126.95473,37.91247],[126.95311,37.91438],[126.95252,37.91494],[126.95056,37.9168],[126.94965,37.91826],[126.94963,37.91857],[126.94961,37.91883],[126.94961,37.91887],[126.9496,37.91897],[126.95633,37.92234],[126.95717,37.92227],[126.95883,37.92096],[126.95918,37.92072],[126.96002,37.92016],[126.962,37.92291],[126.96185,37.92336],[126.96155,37.92428],[126.96184,37.92527],[126.96305,37.92708],[126.96505,37.92824],[126.96409,37.93294],[126.9643,37.93698],[126.96443,37.93831],[126.96482,37.93902],[126.96554,37.93913],[126.96689,37.93934],[126.97032,37.94203],[126.97336,37.94203],[126.9746,37.94279],[126.97621,37.94431],[126.97721,37.94553],[126.97744,37.94614],[126.97748,37.94641],[126.97748,37.94676],[126.97743,37.9471],[126.97737,37.94744],[126.97742,37.94861],[126.97765,37.94956],[126.97816,37.95163],[126.97912,37.95408],[126.98011,37.95519],[126.98064,37.95573],[126.98113,37.95614],[126.98176,37.95659],[126.98274,37.95715],[126.98279,37.95718],[126.98501,37.95831],[126.98584,37.95872],[126.98661,37.95897],[126.98704,37.95911],[126.98793,37.95962],[126.98852,37.96009],[126.98867,37.96048],[126.98878,37.96079],[126.98952,37.96377],[126.99122,37.96694],[126.99463,37.97115],[126.99635,37.9732],[126.99732,37.97365],[127.00078,37.97393],[127.00148,37.97382],[127.00197,37.97363],[127.00256,37.97353],[127.00466,37.97323],[127.00502,37.97321],[127.00544,37.97318],[127.00644,37.97325],[127.00725,37.97344],[127.00853,37.97384],[127.01052,37.9754],[127.01129,37.97612],[127.01213,37.98063],[127.01213,37.98068],[127.01214,37.98072],[127.01224,37.98236],[127.01224,37.98316],[127.01234,37.98372],[127.0126,37.98457],[127.01343,37.98492],[127.01353,37.98496],[127.01457,37.98535],[127.01491,37.98543],[127.01521,37.9855],[127.0159,37.98578],[127.01673,37.98627],[127.01682,37.98647],[127.01704,37.98693],[127.01692,37.98738],[127.01556,37.99175],[127.01528,37.99231],[127.01487,37.9926],[127.01362,37.99334],[127.01315,37.99352],[127.01255,37.99351],[127.0116,37.9933],[127.0103,37.99323],[127.00552,37.99451],[127.00151,37.99603],[127.00099,37.99625],[126.99876,37.99853],[126.99865,37.99865],[126.99789,37.99963],[126.99609,38.0014],[126.99215,38.00337],[126.99077,38.0034],[126.98758,38.00324],[126.98581,38.00314],[126.98542,38.00331],[126.98208,38.00469],[126.97866,38.00366],[126.96957,38.00333],[126.96844,38.00265],[126.96166,37.99765],[126.95834,37.99394],[126.95694,37.99215],[126.95663,37.99177],[126.95661,37.99174],[126.95659,37.99172],[126.95487,37.99],[126.95341,37.98872],[126.95246,37.988],[126.9502,37.98681],[126.94743,37.98538],[126.94379,37.98356],[126.94233,37.98297],[126.94091,37.98239],[126.94015,37.98225],[126.93921,37.98208],[126.93738,37.98174],[126.9372,37.98171],[126.93568,37.98173],[126.93511,37.98179],[126.9347,37.98184],[126.93413,37.98191],[126.93222,37.9822],[126.9317,37.98228],[126.92783,37.98345],[126.92707,37.98376],[126.92163,37.98593],[126.91275,37.9902],[126.91098,37.99106],[126.90808,37.99251],[126.90706,37.99311],[126.90484,37.99442],[126.90067,37.99631],[126.90034,37.99642],[126.89824,37.99714],[126.89735,37.99768],[126.89688,37.99797],[126.8964,37.99832],[126.89546,37.99937],[126.89469,37.99945],[126.89396,37.99897],[126.89428,37.99804],[126.8943,37.99762],[126.89415,37.99715],[126.89314,37.99517],[126.89174,37.99238],[126.89159,37.99154],[126.89133,37.99012],[126.89116,37.98819],[126.89116,37.98805],[126.89116,37.98798],[126.89118,37.98707],[126.89122,37.98617],[126.89124,37.98556],[126.89134,37.98454],[126.89138,37.9841],[126.89157,37.98248],[126.89198,37.98084],[126.89267,37.97828],[126.89304,37.97749],[126.89324,37.97707],[126.89363,37.97623],[126.89379,37.97595],[126.89402,37.97553],[126.89463,37.97438],[126.89479,37.97409],[126.89514,37.97311],[126.89529,37.97265],[126.89543,37.9722],[126.89546,37.9711],[126.89496,37.96985],[126.89436,37.96881],[126.89346,37.96803],[126.89152,37.96707],[126.89051,37.96676],[126.88994,37.96663],[126.88776,37.96614],[126.88645,37.96615],[126.88548,37.96615],[126.88351,37.96642],[126.88276,37.96656],[126.88137,37.96682],[126.88053,37.96709],[126.87874,37.96767],[126.8729,37.97053],[126.8723,37.97088],[126.87184,37.97115],[126.87109,37.97184],[126.86966,37.97336],[126.86855,37.97457],[126.86819,37.97497],[126.8674,37.97585],[126.86597,37.97736],[126.86256,37.98013],[126.85821,37.98428],[126.85727,37.98524],[126.8565,37.98604],[126.85494,37.98724],[126.85356,37.98744],[126.85277,37.98756],[126.85165,37.98751],[126.85027,37.98744],[126.84809,37.98704],[126.84793,37.98698],[126.84738,37.98677],[126.84704,37.98661],[126.84625,37.98625],[126.84398,37.98501],[126.84262,37.98371],[126.84181,37.98293],[126.84061,37.98143],[126.8403,37.98103],[126.84023,37.98095],[126.83881,37.97762],[126.83811,37.97458],[126.83781,37.97331],[126.83741,37.9714],[126.83701,37.96809],[126.83692,37.96678],[126.83678,37.96473],[126.83663,37.9646],[126.83594,37.96403],[126.83268,37.96398],[126.83114,37.96324],[126.83094,37.96289],[126.83043,37.96197],[126.8283,37.9598],[126.82373,37.95823],[126.82073,37.95746],[126.81886,37.95852],[126.81754,37.96129],[126.81748,37.96218],[126.81757,37.9622],[126.81822,37.96317],[126.81847,37.96409],[126.81729,37.96576],[126.8163,37.96684],[126.81471,37.96822],[126.81388,37.96889],[126.81252,37.9693],[126.81134,37.96887],[126.81078,37.96811],[126.81045,37.96767],[126.80451,37.97075],[126.80414,37.97206],[126.80303,37.97601],[126.80203,37.97955],[126.80036,37.98342],[126.7985,37.98771],[126.80032,37.99064],[126.80091,37.992],[126.79724,37.99283],[126.797,37.99327],[126.7964,37.99369],[126.79582,37.9934],[126.79369,37.99231],[126.78929,37.98784],[126.785,37.98353],[126.78431,37.98298],[126.78362,37.98227],[126.78357,37.98173],[126.78381,37.98115],[126.78385,37.98103],[126.78224,37.98046],[126.78143,37.98107],[126.77918,37.98293],[126.77586,37.98445],[126.77348,37.984],[126.77271,37.98344],[126.77182,37.98235],[126.77209,37.982],[126.77265,37.9815],[126.77386,37.98132],[126.77533,37.98041],[126.77504,37.97969],[126.77494,37.97954],[126.77482,37.97937],[126.77464,37.97916],[126.77421,37.9788],[126.77315,37.97842],[126.7728,37.97835],[126.77258,37.97842],[126.77206,37.97859],[126.77142,37.97899],[126.7709,37.97956],[126.77019,37.98056],[126.76511,37.98454],[126.76312,37.98505],[126.76254,37.98501],[126.76081,37.98408],[126.76054,37.98338],[126.75921,37.98372],[126.75864,37.98366],[126.75216,37.98165],[126.74806,37.97903],[126.74763,37.97813],[126.74733,37.97699],[126.74698,37.9765],[126.74455,37.97422],[126.74295,37.9735],[126.74149,37.97303],[126.73996,37.9727],[126.73898,37.97003],[126.73749,37.96697],[126.73658,37.96582],[126.73679,37.96543],[126.73892,37.96507],[126.73946,37.96486],[126.73961,37.96421],[126.73886,37.96085],[126.73953,37.95991],[126.7408,37.95857],[126.74375,37.95773],[126.74424,37.95694],[126.74507,37.95433],[126.7446,37.95188],[126.74067,37.94833],[126.7383,37.94641],[126.73827,37.94639],[126.73451,37.9442],[126.73283,37.94571],[126.73188,37.94661],[126.73125,37.94696],[126.73095,37.94713],[126.73012,37.94732],[126.72828,37.94774],[126.72707,37.94791],[126.72638,37.948],[126.72574,37.94798],[126.72523,37.94796],[126.72464,37.94768],[126.72375,37.94674],[126.72135,37.94325],[126.72063,37.94057],[126.72043,37.93973],[126.72041,37.93962],[126.7196,37.93746],[126.71841,37.93596],[126.71815,37.936],[126.71741,37.9361],[126.71672,37.93659],[126.71586,37.93814],[126.7154,37.93896],[126.71439,37.93997],[126.71367,37.94025],[126.71243,37.9404],[126.71153,37.94038],[126.70796,37.94022],[126.704,37.94138],[126.70083,37.94132],[126.70009,37.94144],[126.69803,37.94207],[126.69772,37.94223],[126.69608,37.94309],[126.68987,37.94433],[126.68761,37.94585],[126.68656,37.94656],[126.68356,37.94748],[126.6828,37.9479],[126.68189,37.94841],[126.67727,37.95141],[126.67695,37.9517],[126.67637,37.95351],[126.67547,37.9544],[126.67416,37.95495],[126.67294,37.95546],[126.67139,37.95579],[126.67117,37.95584],[126.67038,37.9557],[126.67069,37.95197],[126.67172,37.95038],[126.67188,37.95013],[126.67237,37.94845],[126.67229,37.94817],[126.67213,37.94762],[126.67138,37.94673],[126.66981,37.94535],[126.66965,37.94508],[126.6694,37.94468],[126.66906,37.9414],[126.6692,37.94117],[126.66994,37.94048],[126.67038,37.94035],[126.67117,37.94013],[126.67159,37.93987],[126.67185,37.93971],[126.67164,37.93918],[126.6712,37.9388],[126.67097,37.93859],[126.67007,37.93789],[126.66957,37.93751],[126.66944,37.93731],[126.66929,37.93709],[126.66791,37.93384],[126.66771,37.93319],[126.66756,37.93269],[126.66759,37.93256],[126.66799,37.93089],[126.6688,37.92974],[126.669,37.92888],[126.66921,37.92797],[126.66864,37.92585],[126.66799,37.92505],[126.66761,37.92486],[126.66678,37.92445],[126.66577,37.92205],[126.66556,37.92114],[126.66592,37.91834],[126.66789,37.91585],[126.6701,37.91428],[126.67347,37.91403],[126.67436,37.91396],[126.67848,37.91433],[126.68095,37.91558],[126.68117,37.91558],[126.68144,37.91558],[126.68233,37.91525],[126.68457,37.9126],[126.6828,37.9128],[126.68045,37.91111],[126.6803,37.91097],[126.68009,37.91077],[126.67686,37.90762],[126.67586,37.90618],[126.67658,37.90543],[126.67675,37.90523],[126.67689,37.90494],[126.67695,37.90482],[126.67702,37.90446],[126.67744,37.90006],[126.67745,37.89996],[126.67749,37.8992],[126.67746,37.89856],[126.67744,37.89815],[126.67742,37.898],[126.67737,37.89773],[126.67712,37.89722],[126.6722,37.88869],[126.67191,37.88851],[126.67187,37.8885],[126.67177,37.88847],[126.67162,37.88853],[126.67156,37.88855],[126.67032,37.88812],[126.67024,37.88809],[126.67016,37.88796],[126.67044,37.88773],[126.67083,37.8874],[126.67156,37.8869],[126.67175,37.88678],[126.672,37.88671],[126.67272,37.88658],[126.67399,37.88635],[126.67425,37.88622],[126.67448,37.8859],[126.67462,37.8853],[126.67465,37.88519],[126.67457,37.88483],[126.67447,37.88465],[126.67429,37.88448],[126.67362,37.88387],[126.67318,37.88353],[126.67282,37.8833],[126.67275,37.88326],[126.67233,37.88302],[126.67219,37.88267],[126.6722,37.88262],[126.67222,37.88254],[126.67228,37.88243],[126.6723,37.8824],[126.67255,37.88215],[126.67292,37.88196],[126.67358,37.88162],[126.67413,37.88146],[126.67455,37.88142],[126.67484,37.88144],[126.67565,37.88164],[126.67596,37.88184],[126.67623,37.88209],[126.67636,37.88228],[126.67647,37.88289],[126.67626,37.88353],[126.67627,37.88383],[126.67641,37.88449],[126.67649,37.88461],[126.67684,37.88482],[126.67737,37.8849],[126.67903,37.88473],[126.67974,37.88461],[126.67992,37.88453],[126.68008,37.8844],[126.68017,37.88425],[126.68021,37.88405],[126.68019,37.88401],[126.68013,37.88386],[126.67984,37.88358],[126.67954,37.88332],[126.67934,37.8831],[126.67928,37.88303],[126.67923,37.88297],[126.67906,37.88273],[126.679,37.88264],[126.67889,37.88249],[126.67877,37.8823],[126.67868,37.88207],[126.67864,37.88182],[126.67875,37.88152],[126.67919,37.88094],[126.67941,37.88076],[126.67949,37.88073],[126.67962,37.88067],[126.68034,37.88041],[126.68057,37.88035],[126.68091,37.88029],[126.68121,37.88023],[126.68145,37.88019],[126.68187,37.88001],[126.68202,37.87979],[126.68206,37.87972],[126.68187,37.87941],[126.68172,37.87925],[126.68169,37.87923],[126.68153,37.87914],[126.68077,37.87879],[126.67993,37.87845],[126.67964,37.87835],[126.67598,37.87728],[126.67576,37.87723],[126.67552,37.87717],[126.6752,37.87719],[126.67513,37.8772],[126.67472,37.87729],[126.67445,37.87742],[126.6743,37.87752],[126.67298,37.87807],[126.67263,37.87807],[126.67243,37.87807],[126.67235,37.87806],[126.67229,37.87805],[126.6722,37.87802],[126.67207,37.87799],[126.67201,37.87792],[126.67199,37.87788],[126.67186,37.87768],[126.67185,37.87765],[126.67186,37.87761],[126.67189,37.87735],[126.6719,37.87731],[126.67193,37.87722],[126.67223,37.87692],[126.67239,37.87676],[126.67262,37.87653],[126.67268,37.87647],[126.6748,37.87468],[126.67523,37.87443],[126.67434,37.8725],[126.67408,37.8722],[126.67351,37.87153],[126.67329,37.87118],[126.67261,37.87006],[126.67294,37.86989],[126.67476,37.86991],[126.67538,37.86993],[126.67913,37.87012],[126.68014,37.87034],[126.68044,37.87055],[126.68093,37.87142],[126.68098,37.87162],[126.68097,37.87188],[126.68153,37.87283],[126.6834,37.874],[126.68345,37.874],[126.68592,37.87279],[126.68648,37.87245],[126.69046,37.86969],[126.69218,37.86843],[126.69114,37.86677],[126.69096,37.86658],[126.69093,37.86656],[126.6888,37.86376],[126.68872,37.86355],[126.68707,37.86028],[126.68593,37.85865],[126.68422,37.85651],[126.683,37.85517],[126.68253,37.85476],[126.6799,37.85169],[126.68,37.84978],[126.68012,37.84718],[126.6801,37.84699],[126.68008,37.84689],[126.68007,37.84683],[126.68006,37.8468],[126.68002,37.84671],[126.67983,37.84628],[126.67976,37.84616],[126.6796,37.84597],[126.67728,37.84441],[126.67717,37.84436],[126.67656,37.84411],[126.67621,37.84398],[126.674,37.84483],[126.67101,37.84577],[126.6682,37.84447],[126.66501,37.84319],[126.66096,37.8436],[126.66046,37.84316],[126.66025,37.84281],[126.66023,37.84276],[126.6602,37.84271],[126.66014,37.84255],[126.65935,37.84024],[126.65934,37.84018]]]}},{"type":"Feature","properties":{"id":"41-41500","name":"이천시","sido":"경기도","code":"41500","center":[37.20995,127.48107]},"geometry":{"type":"Polygon","coordinates":[[[127.33087,37.22304],[127.33187,37.22],[127.33395,37.21908],[127.33704,37.21745],[127.33775,37.21643],[127.33805,37.21644],[127.33853,37.21629],[127.33858,37.21613],[127.33874,37.21559],[127.33886,37.21513],[127.33889,37.21498],[127.33888,37.21473],[127.33888,37.21455],[127.33923,37.21314],[127.33958,37.21207],[127.3411,37.2092],[127.34124,37.20902],[127.34199,37.20824],[127.34206,37.20818],[127.34218,37.20808],[127.34225,37.20805],[127.34235,37.20801],[127.34255,37.20796],[127.34301,37.2079],[127.34316,37.20789],[127.34328,37.20788],[127.34519,37.20751],[127.3468,37.20645],[127.34703,37.20628],[127.3472,37.20615],[127.34724,37.20612],[127.34752,37.20581],[127.34803,37.20524],[127.3481,37.20513],[127.34816,37.20498],[127.3484,37.20436],[127.3516,37.20338],[127.35255,37.20343],[127.35327,37.20345],[127.35341,37.20343],[127.35478,37.20306],[127.35525,37.2029],[127.35572,37.20271],[127.35592,37.20262],[127.35604,37.20252],[127.3561,37.20248],[127.35615,37.20243],[127.35619,37.20238],[127.3562,37.20228],[127.35614,37.20195],[127.3561,37.20176],[127.35609,37.20171],[127.3561,37.2013],[127.35614,37.20119],[127.35618,37.20115],[127.35625,37.20106],[127.35661,37.20074],[127.35684,37.20063],[127.35699,37.20058],[127.35709,37.20055],[127.35724,37.2005],[127.3574,37.20049],[127.35751,37.20049],[127.35771,37.20048],[127.36109,37.20043],[127.36114,37.20044],[127.36125,37.20046],[127.36136,37.20048],[127.36153,37.20056],[127.3617,37.20072],[127.3619,37.20103],[127.36205,37.20111],[127.36591,37.20226],[127.36905,37.2033],[127.37038,37.20392],[127.37087,37.20308],[127.371,37.20289],[127.37104,37.20284],[127.37165,37.20232],[127.37179,37.20221],[127.37234,37.20195],[127.37245,37.20191],[127.37251,37.20189],[127.37265,37.20187],[127.3776,37.19636],[127.37821,37.19555],[127.37597,37.191],[127.37462,37.19023],[127.37423,37.19005],[127.37393,37.18991],[127.37287,37.18983],[127.37204,37.18976],[127.37224,37.18603],[127.37529,37.1851],[127.38121,37.18756],[127.38162,37.18716],[127.38188,37.18686],[127.38193,37.18673],[127.38232,37.18493],[127.38239,37.18449],[127.38221,37.18404],[127.38211,37.1838],[127.3821,37.18372],[127.3821,37.18366],[127.38211,37.18352],[127.38213,37.18342],[127.38236,37.18279],[127.38238,37.18274],[127.38433,37.18209],[127.38828,37.18141],[127.39446,37.18082],[127.39902,37.18096],[127.40186,37.18018],[127.40351,37.18032],[127.40357,37.18033],[127.40373,37.18044],[127.40389,37.18058],[127.40394,37.18063],[127.40404,37.18073],[127.40503,37.18164],[127.40908,37.1839],[127.40933,37.18402],[127.40937,37.18404],[127.40948,37.18408],[127.4096,37.18412],[127.40971,37.18415],[127.40994,37.18418],[127.41018,37.18419],[127.41037,37.18417],[127.4105,37.18411],[127.41113,37.18347],[127.41122,37.18339],[127.41182,37.18235],[127.41266,37.17812],[127.41299,37.1766],[127.4138,37.17393],[127.41415,37.17339],[127.41407,37.17314],[127.41302,37.17002],[127.41283,37.16971],[127.41275,37.16958],[127.41225,37.16915],[127.41167,37.16864],[127.41063,37.16751],[127.40969,37.16438],[127.41027,37.16105],[127.41043,37.16049],[127.41072,37.15992],[127.41216,37.15694],[127.41232,37.15507],[127.41393,37.15306],[127.41397,37.15301],[127.41484,37.15208],[127.41692,37.15139],[127.41792,37.15136],[127.41978,37.15165],[127.4223,37.15195],[127.4235,37.15183],[127.42548,37.15067],[127.42813,37.14908],[127.42982,37.14774],[127.42999,37.14797],[127.43026,37.14815],[127.43061,37.14826],[127.43253,37.14875],[127.43269,37.14879],[127.433,37.14874],[127.43319,37.14857],[127.43357,37.14838],[127.43385,37.14829],[127.43884,37.148],[127.43911,37.14806],[127.4397,37.14819],[127.4402,37.14851],[127.44065,37.1488],[127.44092,37.14893],[127.44144,37.14917],[127.4416,37.14924],[127.44182,37.14926],[127.44421,37.14939],[127.44538,37.14943],[127.44587,37.14941],[127.446,37.14935],[127.44605,37.14932],[127.44617,37.14922],[127.44648,37.14879],[127.44659,37.1487],[127.44676,37.14865],[127.44706,37.14858],[127.44776,37.1486],[127.44866,37.14864],[127.4487,37.14864],[127.44941,37.14862],[127.44967,37.1486],[127.45009,37.1484],[127.45016,37.14833],[127.45026,37.14823],[127.45033,37.14808],[127.44971,37.14614],[127.44956,37.14596],[127.44898,37.14544],[127.44877,37.1453],[127.44839,37.14523],[127.4481,37.14513],[127.44806,37.1451],[127.44797,37.14505],[127.44783,37.14492],[127.44782,37.14475],[127.44785,37.1446],[127.44802,37.14419],[127.44815,37.14396],[127.44961,37.14224],[127.44975,37.14208],[127.45028,37.14147],[127.45258,37.13702],[127.45345,37.13524],[127.45766,37.13057],[127.45796,37.13035],[127.45835,37.13015],[127.45904,37.13011],[127.4645,37.13006],[127.46996,37.12954],[127.471,37.12931],[127.47241,37.12877],[127.47326,37.1283],[127.47414,37.12783],[127.47466,37.12756],[127.47518,37.12739],[127.48049,37.12663],[127.48611,37.12509],[127.49248,37.12309],[127.49252,37.1231],[127.49259,37.12312],[127.49264,37.12315],[127.49268,37.12318],[127.49307,37.12347],[127.49358,37.12384],[127.49368,37.12389],[127.49373,37.12391],[127.49401,37.12397],[127.49428,37.12402],[127.49603,37.12435],[127.4968,37.12449],[127.49704,37.12449],[127.49717,37.12447],[127.49749,37.12436],[127.49843,37.12384],[127.49882,37.12348],[127.50252,37.11891],[127.50276,37.11861],[127.50278,37.11858],[127.5028,37.11854],[127.50294,37.11823],[127.50296,37.11815],[127.50296,37.11812],[127.50367,37.11308],[127.50389,37.10966],[127.50394,37.10954],[127.50486,37.10841],[127.50489,37.10838],[127.50765,37.10583],[127.50769,37.10581],[127.50774,37.10578],[127.5105,37.10557],[127.51238,37.10555],[127.51278,37.10559],[127.51318,37.10562],[127.51326,37.10556],[127.51332,37.1055],[127.51364,37.10493],[127.5137,37.1048],[127.51383,37.10454],[127.51394,37.10429],[127.51405,37.10399],[127.5142,37.10332],[127.51462,37.10127],[127.51463,37.10119],[127.5146,37.10112],[127.51445,37.10102],[127.51246,37.10039],[127.51225,37.10032],[127.51183,37.10018],[127.51168,37.10006],[127.51091,37.09932],[127.51085,37.09922],[127.51082,37.09917],[127.51082,37.09914],[127.51078,37.09884],[127.51052,37.09686],[127.51053,37.09682],[127.51053,37.09677],[127.51062,37.09658],[127.51063,37.09655],[127.51102,37.0963],[127.51116,37.0962],[127.51142,37.09614],[127.51159,37.09612],[127.51194,37.09607],[127.5123,37.09601],[127.5127,37.09587],[127.51348,37.09557],[127.51356,37.09551],[127.51482,37.09344],[127.51486,37.09335],[127.51486,37.0933],[127.51486,37.09325],[127.51485,37.09299],[127.51485,37.09247],[127.51485,37.09186],[127.51562,37.08572],[127.51606,37.08454],[127.51612,37.08446],[127.51619,37.08438],[127.51737,37.08367],[127.51848,37.08259],[127.51856,37.08251],[127.5186,37.08244],[127.5186,37.08237],[127.51839,37.08221],[127.51724,37.08165],[127.51687,37.08158],[127.51668,37.08155],[127.51662,37.08155],[127.51656,37.08153],[127.51645,37.08149],[127.51595,37.08133],[127.51583,37.08123],[127.51492,37.08026],[127.51469,37.07981],[127.5142,37.07851],[127.51418,37.07844],[127.51415,37.07834],[127.5141,37.07817],[127.51409,37.0781],[127.51407,37.07801],[127.51408,37.07784],[127.51409,37.07778],[127.51413,37.07773],[127.51416,37.0777],[127.51441,37.07737],[127.51469,37.077],[127.51472,37.07691],[127.51475,37.07629],[127.51475,37.07622],[127.51474,37.07617],[127.51359,37.07315],[127.51356,37.0731],[127.51254,37.07135],[127.51198,37.07076],[127.51139,37.07026],[127.51124,37.07017],[127.5111,37.0701],[127.51086,37.07007],[127.51052,37.07004],[127.50955,37.06998],[127.50883,37.06994],[127.50872,37.06993],[127.50762,37.06991],[127.50679,37.06932],[127.50683,37.06857],[127.50731,37.06777],[127.50747,37.0675],[127.50749,37.06747],[127.50756,37.06735],[127.50802,37.06609],[127.50846,37.06407],[127.50723,37.06261],[127.50481,37.06039],[127.5036,37.05977],[127.49781,37.05718],[127.49355,37.05653],[127.49243,37.05561],[127.48996,37.05282],[127.48994,37.05274],[127.48988,37.05246],[127.49036,37.05166],[127.49049,37.05149],[127.49072,37.0513],[127.49609,37.04872],[127.49636,37.0486],[127.49689,37.04838],[127.49914,37.0478],[127.49921,37.04778],[127.49929,37.04777],[127.49936,37.04778],[127.5045,37.04795],[127.50465,37.04796],[127.50469,37.04796],[127.50476,37.04798],[127.50502,37.04806],[127.50716,37.04878],[127.50897,37.04944],[127.50901,37.04946],[127.50905,37.04948],[127.5091,37.04952],[127.50912,37.04954],[127.50917,37.04958],[127.5092,37.04962],[127.50977,37.05074],[127.51009,37.05162],[127.50995,37.05207],[127.50998,37.05254],[127.51,37.05258],[127.51148,37.05527],[127.51151,37.0553],[127.51154,37.05533],[127.51242,37.05614],[127.51252,37.05622],[127.51649,37.05802],[127.51821,37.0584],[127.51826,37.0584],[127.51838,37.05806],[127.51835,37.05799],[127.51837,37.05791],[127.51841,37.05778],[127.51858,37.05756],[127.51872,37.05747],[127.5198,37.05677],[127.5211,37.05616],[127.52138,37.05603],[127.52207,37.05575],[127.5222,37.05569],[127.52226,37.05567],[127.52236,37.05564],[127.5227,37.05555],[127.52313,37.05544],[127.52336,37.0554],[127.52363,37.05537],[127.52367,37.05536],[127.52386,37.05534],[127.5279,37.05515],[127.52801,37.05515],[127.5283,37.05519],[127.5291,37.0554],[127.52993,37.05562],[127.53036,37.05574],[127.53055,37.05578],[127.5307,37.05581],[127.5308,37.0558],[127.53188,37.05567],[127.53199,37.05564],[127.53404,37.05473],[127.53482,37.05425],[127.5352,37.05402],[127.5357,37.05357],[127.54011,37.05096],[127.54075,37.05093],[127.54388,37.04953],[127.54416,37.04933],[127.54423,37.04922],[127.5443,37.04908],[127.54446,37.04871],[127.54643,37.04758],[127.55004,37.04558],[127.55043,37.0454],[127.55558,37.04386],[127.55811,37.04318],[127.55953,37.04298],[127.5598,37.04295],[127.55989,37.04295],[127.55998,37.04296],[127.56009,37.04298],[127.56023,37.04303],[127.56037,37.04307],[127.5607,37.04318],[127.56095,37.04327],[127.5618,37.04371],[127.56199,37.04382],[127.56214,37.04392],[127.5622,37.04399],[127.56225,37.04404],[127.56228,37.0441],[127.56241,37.04461],[127.56279,37.04477],[127.56301,37.04487],[127.56495,37.04587],[127.56813,37.0477],[127.56846,37.04911],[127.56711,37.05252],[127.56763,37.0538],[127.56792,37.05554],[127.56747,37.05643],[127.56625,37.05778],[127.56567,37.0584],[127.56513,37.05882],[127.56504,37.05889],[127.56501,37.05894],[127.56498,37.05902],[127.56495,37.05907],[127.56494,37.05916],[127.56495,37.05923],[127.56496,37.05929],[127.5651,37.06016],[127.56513,37.06027],[127.56519,37.06044],[127.56597,37.06216],[127.56648,37.06314],[127.56784,37.06418],[127.56982,37.06588],[127.56986,37.06592],[127.56994,37.06601],[127.5736,37.06987],[127.57501,37.07198],[127.5755,37.07303],[127.57551,37.07307],[127.57552,37.07315],[127.57555,37.0732],[127.57558,37.07327],[127.57563,37.07336],[127.57566,37.0734],[127.57572,37.0735],[127.57581,37.07361],[127.57592,37.07373],[127.57599,37.0738],[127.57622,37.07395],[127.5763,37.07399],[127.5778,37.07468],[127.57839,37.07493],[127.57938,37.07534],[127.57945,37.07536],[127.5795,37.07536],[127.57964,37.07536],[127.58039,37.07529],[127.58407,37.07489],[127.58768,37.0738],[127.58857,37.07294],[127.58862,37.0729],[127.58865,37.07289],[127.58868,37.07287],[127.589,37.07274],[127.58907,37.07274],[127.58914,37.07273],[127.58919,37.07274],[127.59218,37.07314],[127.59238,37.07319],[127.59265,37.07326],[127.59295,37.07334],[127.59414,37.07367],[127.59503,37.07395],[127.59509,37.07396],[127.59519,37.07398],[127.59534,37.07399],[127.59555,37.07398],[127.59564,37.07397],[127.59573,37.07396],[127.59589,37.07394],[127.59601,37.07391],[127.59616,37.07386],[127.59785,37.07309],[127.60211,37.07063],[127.60263,37.06947],[127.60299,37.06861],[127.60303,37.0686],[127.60401,37.06848],[127.60405,37.06848],[127.60411,37.06849],[127.60415,37.0685],[127.6042,37.06853],[127.60422,37.06855],[127.60425,37.06859],[127.60445,37.0689],[127.60455,37.06907],[127.60458,37.06912],[127.6047,37.06933],[127.60474,37.06939],[127.60487,37.06964],[127.60491,37.06972],[127.60499,37.06991],[127.60501,37.06998],[127.60505,37.07017],[127.60506,37.07023],[127.60507,37.07031],[127.60516,37.07321],[127.60516,37.07328],[127.60514,37.0734],[127.60513,37.07359],[127.6045,37.07747],[127.60448,37.07752],[127.60444,37.07761],[127.60441,37.07768],[127.60432,37.0778],[127.60374,37.0784],[127.60306,37.07906],[127.60145,37.08023],[127.60114,37.08045],[127.60099,37.08064],[127.60017,37.08185],[127.59979,37.08281],[127.59977,37.08306],[127.59974,37.08337],[127.59977,37.08352],[127.59982,37.08384],[127.59993,37.08414],[127.60007,37.08443],[127.60057,37.08518],[127.60071,37.08534],[127.60089,37.08553],[127.60108,37.08566],[127.60128,37.08574],[127.60339,37.08601],[127.6037,37.08605],[127.60428,37.08609],[127.60514,37.08613],[127.60566,37.08614],[127.60791,37.08605],[127.60827,37.08605],[127.60869,37.08605],[127.60897,37.08605],[127.60944,37.08606],[127.60974,37.08609],[127.60989,37.0861],[127.61025,37.08618],[127.61243,37.08699],[127.61344,37.08742],[127.61452,37.08789],[127.61656,37.08888],[127.61672,37.08898],[127.61704,37.08919],[127.61713,37.08924],[127.61723,37.08931],[127.61754,37.08952],[127.6181,37.08989],[127.62026,37.09127],[127.6221,37.09243],[127.62223,37.09251],[127.62285,37.09287],[127.62368,37.09326],[127.62443,37.09362],[127.62486,37.09382],[127.62573,37.09416],[127.62578,37.09418],[127.62682,37.09453],[127.6272,37.09464],[127.62745,37.09472],[127.63111,37.09629],[127.6315,37.09652],[127.63195,37.09684],[127.63247,37.09733],[127.6325,37.09736],[127.63283,37.09775],[127.63286,37.09778],[127.63334,37.09839],[127.63448,37.10105],[127.6345,37.10111],[127.63455,37.10123],[127.63478,37.10194],[127.63483,37.10209],[127.63485,37.1022],[127.63494,37.10259],[127.63498,37.10285],[127.63501,37.10364],[127.63468,37.10521],[127.63449,37.10579],[127.63443,37.10598],[127.63462,37.11193],[127.63492,37.11411],[127.63509,37.11604],[127.63507,37.11715],[127.63494,37.1183],[127.63493,37.11833],[127.63484,37.11877],[127.63475,37.11919],[127.63445,37.12019],[127.63405,37.12154],[127.63415,37.12373],[127.63493,37.12771],[127.6366,37.1357],[127.63676,37.13639],[127.63752,37.13968],[127.63776,37.14049],[127.63778,37.14057],[127.6378,37.14063],[127.63782,37.14078],[127.63783,37.14093],[127.63783,37.14103],[127.63782,37.14118],[127.63779,37.14133],[127.6377,37.14158],[127.63759,37.14182],[127.63757,37.14185],[127.63755,37.14187],[127.63709,37.14231],[127.63698,37.1424],[127.63679,37.14252],[127.63664,37.1426],[127.63636,37.14276],[127.63597,37.14297],[127.63568,37.14315],[127.63488,37.14368],[127.6332,37.14516],[127.63315,37.14523],[127.63312,37.14526],[127.63028,37.14938],[127.63022,37.14948],[127.63018,37.14954],[127.62894,37.1531],[127.62882,37.15354],[127.62879,37.15364],[127.62877,37.15373],[127.62876,37.1538],[127.62872,37.15403],[127.62864,37.15445],[127.62857,37.15496],[127.62857,37.15506],[127.62857,37.15535],[127.62858,37.15553],[127.62861,37.15583],[127.62868,37.15618],[127.6289,37.15693],[127.62898,37.1572],[127.62908,37.15748],[127.62913,37.15762],[127.6293,37.15795],[127.62943,37.15819],[127.62959,37.15847],[127.62975,37.15871],[127.6299,37.15893],[127.62992,37.15897],[127.63008,37.15919],[127.63019,37.15932],[127.63117,37.16391],[127.63077,37.16567],[127.63074,37.16578],[127.63067,37.16592],[127.63059,37.16603],[127.6305,37.1661],[127.63036,37.16619],[127.63009,37.1663],[127.62988,37.16637],[127.62965,37.16642],[127.62951,37.16642],[127.62929,37.16641],[127.62665,37.16598],[127.62659,37.16596],[127.62651,37.16591],[127.62626,37.16575],[127.62612,37.16564],[127.62593,37.16546],[127.62584,37.16535],[127.62577,37.16527],[127.62573,37.16522],[127.62561,37.16508],[127.62548,37.16496],[127.62533,37.16488],[127.62406,37.16428],[127.624,37.16425],[127.61947,37.16244],[127.61823,37.16252],[127.61602,37.16326],[127.6158,37.16334],[127.61564,37.16346],[127.61554,37.16353],[127.61551,37.16356],[127.61547,37.16361],[127.61543,37.16366],[127.61539,37.16372],[127.61533,37.16382],[127.61522,37.16403],[127.61518,37.16413],[127.61516,37.1642],[127.61458,37.16597],[127.61408,37.16766],[127.61408,37.16774],[127.61409,37.16785],[127.61409,37.16805],[127.61409,37.16819],[127.61409,37.16897],[127.61408,37.16911],[127.61408,37.16918],[127.614,37.16999],[127.61398,37.17011],[127.61398,37.17015],[127.61392,37.17028],[127.61239,37.17338],[127.61231,37.17347],[127.61146,37.17432],[127.61139,37.17438],[127.61125,37.17446],[127.6098,37.17497],[127.60484,37.17891],[127.60356,37.18037],[127.60254,37.18228],[127.60167,37.18337],[127.60157,37.18342],[127.60145,37.18344],[127.60138,37.18345],[127.6013,37.18344],[127.60061,37.18325],[127.60053,37.18321],[127.60023,37.18309],[127.59981,37.18291],[127.59976,37.1829],[127.59969,37.18291],[127.59948,37.18298],[127.59941,37.18303],[127.5993,37.18311],[127.59923,37.1832],[127.59918,37.18328],[127.59915,37.18335],[127.59881,37.1845],[127.5986,37.18548],[127.59852,37.18613],[127.59822,37.1876],[127.59818,37.18776],[127.5981,37.18793],[127.59795,37.18815],[127.59769,37.18838],[127.596,37.18963],[127.59526,37.18974],[127.59303,37.18963],[127.59233,37.18916],[127.59221,37.18906],[127.59208,37.18889],[127.59189,37.18867],[127.59175,37.18856],[127.59163,37.18847],[127.59081,37.18801],[127.59071,37.18797],[127.59062,37.18794],[127.59049,37.1879],[127.587,37.18727],[127.58496,37.18701],[127.58473,37.18699],[127.58381,37.18696],[127.58367,37.18695],[127.58354,37.18696],[127.58163,37.18712],[127.58068,37.1874],[127.58048,37.18747],[127.58015,37.18764],[127.58003,37.18771],[127.57986,37.18781],[127.57972,37.18789],[127.57878,37.18854],[127.5786,37.18868],[127.57855,37.18873],[127.57844,37.18885],[127.57836,37.18898],[127.5783,37.18921],[127.57828,37.18929],[127.57822,37.18945],[127.57818,37.18949],[127.57815,37.1895],[127.57809,37.18951],[127.57797,37.1895],[127.57661,37.18923],[127.57647,37.1892],[127.57643,37.18918],[127.57637,37.18916],[127.5732,37.18599],[127.57314,37.18592],[127.57238,37.18486],[127.57235,37.18474],[127.57236,37.18458],[127.57238,37.18453],[127.5724,37.18444],[127.57273,37.18367],[127.57279,37.1836],[127.57282,37.18359],[127.57289,37.18356],[127.57304,37.18349],[127.57329,37.18337],[127.57346,37.18328],[127.57374,37.18306],[127.57377,37.18304],[127.57408,37.18278],[127.57425,37.18263],[127.57431,37.18258],[127.57438,37.18251],[127.57445,37.18243],[127.57754,37.17728],[127.5776,37.17718],[127.57763,37.17707],[127.57762,37.17633],[127.57761,37.17623],[127.57756,37.17609],[127.57718,37.17522],[127.57715,37.17516],[127.57708,37.17507],[127.57696,37.17499],[127.57681,37.17492],[127.57606,37.17458],[127.57559,37.17446],[127.57532,37.1743],[127.57515,37.17416],[127.57448,37.17356],[127.57278,37.17202],[127.57271,37.17193],[127.5727,37.1719],[127.57259,37.17139],[127.57252,37.1713],[127.57083,37.17035],[127.57051,37.17023],[127.56957,37.17167],[127.56902,37.17342],[127.56892,37.17358],[127.56888,37.17365],[127.56872,37.17386],[127.56849,37.17411],[127.56717,37.17549],[127.56618,37.1764],[127.56439,37.17761],[127.56039,37.18022],[127.56031,37.18027],[127.56008,37.18041],[127.55969,37.18057],[127.55964,37.18059],[127.55928,37.18072],[127.55908,37.18078],[127.5589,37.18084],[127.5588,37.18087],[127.55876,37.18088],[127.5587,37.18086],[127.55863,37.18083],[127.5579,37.17976],[127.55764,37.17905],[127.55782,37.17837],[127.55779,37.17828],[127.55777,37.1782],[127.55771,37.17813],[127.55692,37.17728],[127.55669,37.17704],[127.55616,37.17666],[127.55548,37.17636],[127.55538,37.17633],[127.55338,37.17559],[127.55283,37.17544],[127.55271,37.17541],[127.55203,37.17533],[127.55192,37.17534],[127.55179,37.17537],[127.54879,37.17471],[127.54681,37.17419],[127.54339,37.17394],[127.5379,37.17366],[127.53137,37.1732],[127.53005,37.17293],[127.52992,37.17292],[127.52789,37.17296],[127.52782,37.17298],[127.52727,37.17316],[127.52718,37.17319],[127.52699,37.17331],[127.52688,37.17339],[127.52679,37.17346],[127.52676,37.17354],[127.52675,37.17357],[127.52675,37.17362],[127.52675,37.17365],[127.52676,37.17373],[127.52689,37.17434],[127.52691,37.17481],[127.5269,37.17498],[127.5269,37.17502],[127.52676,37.17564],[127.52659,37.17602],[127.52655,37.17609],[127.52383,37.17991],[127.52286,37.18124],[127.51975,37.18205],[127.51805,37.18216],[127.51794,37.18217],[127.51776,37.18216],[127.51755,37.18213],[127.51727,37.18328],[127.51743,37.18473],[127.51741,37.18481],[127.51734,37.18485],[127.51704,37.18497],[127.51683,37.18504],[127.51665,37.1851],[127.51597,37.18532],[127.51796,37.18672],[127.51859,37.18689],[127.519,37.18709],[127.51929,37.1873],[127.5196,37.18761],[127.5257,37.19373],[127.52589,37.19394],[127.52601,37.19415],[127.5261,37.19447],[127.5261,37.19465],[127.5261,37.19474],[127.52611,37.19489],[127.52617,37.19509],[127.52624,37.19523],[127.52793,37.19699],[127.52829,37.1973],[127.52881,37.1976],[127.5291,37.19771],[127.52962,37.19784],[127.53042,37.19802],[127.53109,37.19813],[127.53129,37.19979],[127.53128,37.19999],[127.53089,37.20083],[127.53026,37.20216],[127.53008,37.20276],[127.5308,37.20501],[127.53119,37.20512],[127.53147,37.20535],[127.53152,37.20555],[127.53154,37.20564],[127.53156,37.20622],[127.53147,37.20823],[127.53121,37.20869],[127.5311,37.20887],[127.53069,37.20959],[127.52987,37.21177],[127.52972,37.21378],[127.52973,37.21503],[127.53008,37.21779],[127.5287,37.22228],[127.52777,37.22685],[127.52761,37.22739],[127.5255,37.22757],[127.52696,37.22946],[127.52685,37.23138],[127.52606,37.23522],[127.5252,37.23923],[127.52519,37.23927],[127.52517,37.23933],[127.52521,37.23975],[127.52555,37.24049],[127.52737,37.24161],[127.52969,37.24293],[127.52991,37.24299],[127.53004,37.24303],[127.53163,37.24331],[127.53281,37.24354],[127.53301,37.24364],[127.53484,37.24468],[127.53577,37.24521],[127.53737,37.24663],[127.53728,37.24842],[127.53707,37.25161],[127.53629,37.25325],[127.53602,37.25347],[127.53591,37.25356],[127.53318,37.2562],[127.53293,37.25668],[127.53274,37.2573],[127.53257,37.25787],[127.53246,37.25838],[127.53242,37.25905],[127.53238,37.25967],[127.53236,37.26066],[127.53151,37.26338],[127.53097,37.2648],[127.53027,37.26662],[127.53012,37.26699],[127.53005,37.2672],[127.52996,37.26747],[127.52988,37.26795],[127.52928,37.27173],[127.52919,37.27352],[127.53067,37.27924],[127.53121,37.28076],[127.53438,37.28928],[127.53457,37.28952],[127.53472,37.2895],[127.5353,37.28944],[127.53552,37.28936],[127.53681,37.2897],[127.53854,37.29139],[127.5417,37.29395],[127.54273,37.29475],[127.5428,37.29532],[127.54305,37.29644],[127.54485,37.2993],[127.54639,37.30143],[127.54644,37.30181],[127.54636,37.30994],[127.54634,37.31003],[127.54607,37.31092],[127.54518,37.31179],[127.54472,37.31224],[127.54261,37.31306],[127.54181,37.31316],[127.53835,37.31352],[127.5373,37.3136],[127.53673,37.31359],[127.53629,37.31349],[127.53608,37.31345],[127.53556,37.31353],[127.53387,37.314],[127.53359,37.31408],[127.5288,37.3162],[127.52876,37.31626],[127.52876,37.31639],[127.52905,37.31707],[127.5297,37.31955],[127.5297,37.31981],[127.52965,37.32018],[127.52954,37.32047],[127.52947,37.32057],[127.52938,37.32072],[127.52912,37.32106],[127.52895,37.32124],[127.52856,37.32148],[127.52839,37.32156],[127.52813,37.32166],[127.52762,37.32178],[127.52717,37.32192],[127.52697,37.32204],[127.52676,37.32218],[127.5266,37.32236],[127.52654,37.32247],[127.52655,37.3225],[127.52656,37.32256],[127.5266,37.32267],[127.52663,37.32273],[127.52688,37.32317],[127.52696,37.32331],[127.52719,37.32365],[127.5278,37.32455],[127.52808,37.32496],[127.52818,37.32505],[127.52838,37.32525],[127.52855,37.32539],[127.52878,37.32557],[127.5288,37.32559],[127.52889,37.32569],[127.52915,37.32609],[127.52926,37.32627],[127.52927,37.32636],[127.52927,37.32646],[127.5292,37.32659],[127.52919,37.32661],[127.52716,37.32934],[127.52694,37.32953],[127.52675,37.32963],[127.52668,37.32966],[127.52637,37.32976],[127.52601,37.32982],[127.52563,37.32983],[127.5243,37.32979],[127.52285,37.32972],[127.5221,37.32966],[127.522,37.32966],[127.5218,37.32966],[127.52151,37.32969],[127.52143,37.32972],[127.52133,37.32975],[127.52108,37.32986],[127.52085,37.33001],[127.52071,37.33012],[127.52054,37.33026],[127.5203,37.33051],[127.52009,37.33074],[127.5169,37.3345],[127.51675,37.33472],[127.51662,37.33497],[127.51616,37.33608],[127.51584,37.3369],[127.51563,37.33744],[127.51557,37.33756],[127.51548,37.33767],[127.5147,37.33852],[127.5143,37.33889],[127.51408,37.33908],[127.51376,37.33931],[127.51367,37.33935],[127.5136,37.33939],[127.51271,37.33967],[127.51258,37.33969],[127.51031,37.33958],[127.51024,37.33956],[127.51014,37.33951],[127.5101,37.33948],[127.51003,37.33943],[127.50933,37.33892],[127.50861,37.33839],[127.5085,37.33833],[127.50838,37.33828],[127.50825,37.33824],[127.50811,37.33822],[127.50797,37.33819],[127.50406,37.33793],[127.5026,37.33788],[127.50252,37.33788],[127.50244,37.33788],[127.50225,37.3379],[127.50218,37.3379],[127.50209,37.33791],[127.50197,37.33794],[127.50184,37.33799],[127.50169,37.33804],[127.50156,37.33813],[127.50138,37.33826],[127.50129,37.33833],[127.5002,37.33933],[127.49979,37.33973],[127.49504,37.34097],[127.49482,37.34095],[127.49467,37.34094],[127.49453,37.34095],[127.49438,37.34096],[127.49411,37.341],[127.4939,37.34105],[127.48969,37.3423],[127.48952,37.34236],[127.48951,37.3424],[127.48855,37.3445],[127.48853,37.34456],[127.48851,37.34461],[127.48795,37.3462],[127.48776,37.34688],[127.48756,37.34769],[127.48754,37.34776],[127.48752,37.34786],[127.48754,37.3481],[127.48755,37.34825],[127.48753,37.34836],[127.48731,37.34892],[127.48724,37.34905],[127.48526,37.35028],[127.48387,37.35057],[127.48111,37.35292],[127.47835,37.35576],[127.47827,37.35583],[127.47818,37.35592],[127.47705,37.35677],[127.47691,37.35687],[127.47669,37.35693],[127.47656,37.35694],[127.4764,37.35691],[127.47627,37.35688],[127.47614,37.35685],[127.47604,37.35683],[127.47577,37.35684],[127.47542,37.35702],[127.47517,37.35718],[127.47491,37.35737],[127.47393,37.35827],[127.47049,37.36152],[127.46901,37.36102],[127.46654,37.35928],[127.46558,37.35875],[127.46513,37.35854],[127.46468,37.35836],[127.46405,37.35816],[127.46401,37.35816],[127.46384,37.35815],[127.46377,37.35814],[127.46332,37.35842],[127.46298,37.35864],[127.46276,37.35874],[127.46267,37.35876],[127.46252,37.35879],[127.46223,37.35875],[127.46191,37.35867],[127.46022,37.3582],[127.45628,37.35606],[127.4561,37.35595],[127.45543,37.35532],[127.45517,37.35483],[127.45487,37.35416],[127.4548,37.35412],[127.45081,37.35251],[127.45045,37.35243],[127.44988,37.35232],[127.44913,37.35219],[127.44899,37.35217],[127.44884,37.35219],[127.44866,37.35247],[127.44746,37.35383],[127.44385,37.35769],[127.4436,37.3579],[127.44294,37.35823],[127.44246,37.35844],[127.43959,37.357],[127.43896,37.35667],[127.43603,37.35502],[127.43592,37.35495],[127.43584,37.3549],[127.43533,37.35441],[127.43528,37.35435],[127.4352,37.35426],[127.43441,37.35252],[127.43397,37.35143],[127.43379,37.35081],[127.43054,37.34707],[127.43032,37.34683],[127.43018,37.34671],[127.43,37.34657],[127.42969,37.34641],[127.42629,37.34498],[127.42407,37.34414],[127.42386,37.34414],[127.42368,37.34411],[127.42355,37.34405],[127.42351,37.34403],[127.42286,37.34359],[127.42207,37.34303],[127.42194,37.34291],[127.42172,37.34269],[127.42155,37.3425],[127.42144,37.34237],[127.42136,37.34225],[127.42129,37.3421],[127.42127,37.34206],[127.42119,37.34178],[127.42117,37.34155],[127.42116,37.34148],[127.42117,37.34141],[127.42118,37.34128],[127.42125,37.34114],[127.42127,37.34109],[127.42132,37.34102],[127.42149,37.34079],[127.42155,37.3406],[127.42155,37.3403],[127.42152,37.34023],[127.42063,37.33865],[127.41983,37.33784],[127.41725,37.33585],[127.41497,37.33411],[127.4148,37.33413],[127.41454,37.33416],[127.41423,37.33416],[127.41275,37.33402],[127.41261,37.33399],[127.41248,37.33393],[127.40798,37.33092],[127.4065,37.32943],[127.4052,37.32782],[127.40514,37.32777],[127.40503,37.32767],[127.40496,37.32765],[127.40484,37.32761],[127.40465,37.32758],[127.40258,37.32742],[127.40049,37.32731],[127.39991,37.32724],[127.39786,37.3261],[127.39418,37.32391],[127.39385,37.32369],[127.39372,37.3236],[127.39364,37.32354],[127.39343,37.3233],[127.39275,37.32247],[127.39263,37.32222],[127.39263,37.32212],[127.39263,37.32206],[127.39266,37.32191],[127.3927,37.32165],[127.39262,37.32123],[127.39251,37.32098],[127.39245,37.32094],[127.39031,37.31969],[127.39003,37.3196],[127.38745,37.31895],[127.38717,37.31889],[127.38148,37.31901],[127.37887,37.31928],[127.37839,37.31934],[127.37799,37.31949],[127.37771,37.31965],[127.37745,37.31997],[127.37694,37.32057],[127.3769,37.3206],[127.3768,37.32069],[127.37654,37.32074],[127.37616,37.32076],[127.37591,37.32073],[127.37576,37.32064],[127.37287,37.31883],[127.37268,37.31872],[127.37251,37.31855],[127.37238,37.31835],[127.37234,37.31826],[127.37229,37.31815],[127.37226,37.31804],[127.37225,37.31779],[127.37224,37.31747],[127.37221,37.31729],[127.37217,37.31713],[127.37212,37.317],[127.37205,37.31694],[127.37164,37.31657],[127.3696,37.31523],[127.36954,37.31521],[127.36863,37.31494],[127.36849,37.31492],[127.36836,37.3149],[127.36754,37.31508],[127.36739,37.31512],[127.36728,37.31518],[127.3663,37.3159],[127.36507,37.31657],[127.365,37.31658],[127.36494,37.31658],[127.36389,37.31604],[127.36359,37.31588],[127.36341,37.31581],[127.36336,37.31577],[127.36335,37.31571],[127.36343,37.31307],[127.36362,37.31217],[127.36367,37.31209],[127.36403,37.31154],[127.36495,37.30993],[127.36496,37.30988],[127.36497,37.30985],[127.36498,37.30867],[127.36497,37.30858],[127.36494,37.30849],[127.3644,37.30774],[127.36432,37.30768],[127.36257,37.30725],[127.36232,37.30721],[127.36209,37.30719],[127.36157,37.30718],[127.36138,37.30719],[127.36131,37.30719],[127.35772,37.30507],[127.35763,37.30475],[127.35749,37.30435],[127.3574,37.30415],[127.35728,37.30396],[127.35703,37.30367],[127.35671,37.30331],[127.35642,37.30302],[127.3563,37.3029],[127.35622,37.30283],[127.35536,37.30212],[127.3547,37.30164],[127.35462,37.30158],[127.35455,37.30153],[127.3545,37.30148],[127.35447,37.30137],[127.35446,37.30083],[127.35446,37.30075],[127.35449,37.30067],[127.3546,37.30055],[127.35511,37.3],[127.35519,37.29993],[127.35537,37.29985],[127.35542,37.29983],[127.35561,37.29976],[127.35592,37.29965],[127.35616,37.29957],[127.35626,37.29953],[127.35644,37.29946],[127.3566,37.29937],[127.35672,37.29929],[127.35685,37.29919],[127.35695,37.2991],[127.35706,37.29895],[127.35709,37.29888],[127.35711,37.29881],[127.35741,37.29776],[127.35742,37.2977],[127.35741,37.29757],[127.35736,37.29732],[127.35734,37.29724],[127.35731,37.29712],[127.35731,37.29707],[127.3573,37.29703],[127.3573,37.29694],[127.35731,37.29685],[127.35735,37.29673],[127.35741,37.29661],[127.35749,37.29651],[127.35753,37.29644],[127.35755,37.29638],[127.35755,37.29631],[127.35751,37.29621],[127.35748,37.29613],[127.35745,37.29606],[127.35743,37.296],[127.35742,37.29593],[127.35744,37.29584],[127.35747,37.29577],[127.35751,37.29568],[127.35753,37.29559],[127.35754,37.29551],[127.35753,37.29544],[127.35748,37.29537],[127.35737,37.29525],[127.35729,37.29516],[127.35723,37.29507],[127.35721,37.29503],[127.3572,37.295],[127.35717,37.29488],[127.35714,37.2946],[127.35682,37.29463],[127.35662,37.29468],[127.35645,37.29469],[127.35625,37.29467],[127.35478,37.2944],[127.35464,37.29437],[127.35456,37.29433],[127.35439,37.29419],[127.35422,37.294],[127.3541,37.2938],[127.35405,37.29372],[127.35397,37.29353],[127.35393,37.29339],[127.35393,37.29336],[127.35393,37.29331],[127.35308,37.29232],[127.35106,37.29136],[127.34975,37.29074],[127.34801,37.29001],[127.34787,37.28997],[127.34767,37.28995],[127.34757,37.28995],[127.34752,37.28995],[127.34747,37.28996],[127.34744,37.28998],[127.34739,37.29],[127.34731,37.29006],[127.34725,37.29014],[127.34725,37.2902],[127.34726,37.29025],[127.34726,37.2903],[127.34726,37.29035],[127.34723,37.29042],[127.3472,37.2905],[127.34713,37.29056],[127.3463,37.29113],[127.34623,37.29118],[127.34612,37.29122],[127.346,37.29125],[127.34588,37.29126],[127.34547,37.29125],[127.34325,37.29109],[127.34317,37.29106],[127.34305,37.291],[127.34277,37.29078],[127.34252,37.29054],[127.34245,37.29047],[127.34223,37.29027],[127.34073,37.28879],[127.34067,37.28873],[127.34018,37.28816],[127.34015,37.28811],[127.34016,37.28806],[127.3402,37.28798],[127.3403,37.28786],[127.34042,37.28777],[127.34054,37.28774],[127.34061,37.28773],[127.34072,37.28772],[127.34088,37.28767],[127.34102,37.28758],[127.34126,37.28742],[127.34161,37.28719],[127.34172,37.28709],[127.34238,37.28618],[127.34246,37.28604],[127.34249,37.28594],[127.34251,37.28587],[127.34265,37.28508],[127.34266,37.28499],[127.34266,37.28488],[127.34264,37.28452],[127.34275,37.28374],[127.34308,37.28255],[127.34313,37.28244],[127.34319,37.28236],[127.34325,37.28231],[127.34331,37.28225],[127.34346,37.28215],[127.34528,37.28085],[127.34652,37.28023],[127.34717,37.27994],[127.34737,37.27986],[127.34747,37.27979],[127.34815,37.27924],[127.34824,37.27914],[127.34827,37.27908],[127.34906,37.27698],[127.34908,37.2769],[127.34908,37.27681],[127.34898,37.2767],[127.34503,37.27403],[127.34331,37.27318],[127.34165,37.27301],[127.34139,37.273],[127.34095,37.27292],[127.34068,37.27282],[127.34043,37.27269],[127.34032,37.27261],[127.34026,37.27258],[127.33893,37.27143],[127.33886,37.27134],[127.33886,37.2713],[127.33885,37.27125],[127.33883,37.27115],[127.33882,37.27107],[127.3388,37.27054],[127.33978,37.26847],[127.34094,37.26582],[127.34096,37.26577],[127.34095,37.26568],[127.34088,37.265],[127.34018,37.26316],[127.33903,37.2622],[127.3389,37.26219],[127.33879,37.26216],[127.33791,37.26191],[127.33777,37.26186],[127.33763,37.26179],[127.33683,37.26132],[127.33671,37.26124],[127.33666,37.26117],[127.33644,37.26051],[127.33618,37.25778],[127.33694,37.25532],[127.33696,37.25528],[127.33715,37.25499],[127.33735,37.25467],[127.33829,37.25304],[127.33853,37.25255],[127.33856,37.25245],[127.33857,37.25239],[127.3385,37.25231],[127.33846,37.25228],[127.33839,37.25222],[127.33819,37.25215],[127.3379,37.25209],[127.33744,37.25207],[127.33703,37.25206],[127.33677,37.252],[127.33607,37.25163],[127.33344,37.24932],[127.3334,37.24925],[127.33333,37.24914],[127.33322,37.24893],[127.3328,37.24788],[127.3327,37.24764],[127.33269,37.2476],[127.33164,37.24457],[127.33115,37.24312],[127.33115,37.24302],[127.33116,37.24293],[127.33118,37.24282],[127.33119,37.24274],[127.33131,37.24249],[127.33134,37.24244],[127.33297,37.23991],[127.3331,37.23973],[127.33326,37.23951],[127.33374,37.23908],[127.33416,37.23882],[127.33445,37.23781],[127.3345,37.2357],[127.3345,37.23528],[127.3342,37.23141],[127.33339,37.22716],[127.33207,37.2249],[127.33087,37.22304]]]}},{"type":"Feature","properties":{"id":"41-41550","name":"안성시","sido":"경기도","code":"41550","center":[37.0349,127.30306]},"geometry":{"type":"Polygon","coordinates":[[[127.10231,37.06868],[127.10284,37.06779],[127.10404,37.06615],[127.10594,37.06518],[127.10653,37.06493],[127.10663,37.06489],[127.10673,37.06486],[127.10793,37.06493],[127.11059,37.065],[127.1139,37.06509],[127.11398,37.06509],[127.11542,37.06473],[127.11554,37.0646],[127.11563,37.06442],[127.11847,37.06267],[127.12024,37.06271],[127.12085,37.06306],[127.12532,37.0647],[127.12553,37.06472],[127.12564,37.0647],[127.1257,37.06469],[127.12804,37.06358],[127.12817,37.06347],[127.1283,37.06329],[127.13053,37.05871],[127.13056,37.05861],[127.1306,37.05843],[127.13063,37.05823],[127.13062,37.05811],[127.13057,37.058],[127.12762,37.05286],[127.12748,37.05265],[127.12739,37.05252],[127.12661,37.05209],[127.12389,37.05156],[127.12218,37.05042],[127.12074,37.04835],[127.12071,37.04814],[127.12068,37.04787],[127.11967,37.04609],[127.11477,37.04216],[127.11343,37.04177],[127.11229,37.04197],[127.11195,37.04187],[127.11027,37.04101],[127.11005,37.0409],[127.10989,37.04077],[127.10794,37.03874],[127.10529,37.03575],[127.10533,37.03519],[127.10705,37.03292],[127.10849,37.03178],[127.11241,37.02908],[127.11564,37.02749],[127.11694,37.02721],[127.11731,37.02829],[127.11847,37.03098],[127.11884,37.03163],[127.11944,37.03224],[127.12087,37.03368],[127.12132,37.03411],[127.12231,37.03506],[127.12644,37.03357],[127.12633,37.03333],[127.12842,37.03332],[127.13164,37.03351],[127.13509,37.0339],[127.13546,37.03394],[127.13719,37.03387],[127.14163,37.03261],[127.14495,37.03139],[127.14784,37.0306],[127.14799,37.03058],[127.15112,37.03009],[127.15307,37.02947],[127.15284,37.02581],[127.15277,37.02468],[127.15253,37.02155],[127.15182,37.02092],[127.14768,37.01809],[127.14625,37.01746],[127.14537,37.01668],[127.14428,37.01401],[127.14471,37.01153],[127.14481,37.01115],[127.14506,37.01102],[127.14522,37.01093],[127.14588,37.01058],[127.14617,37.01049],[127.14761,37.00924],[127.14834,37.0087],[127.14841,37.00864],[127.14885,37.00817],[127.14918,37.00746],[127.14943,37.00694],[127.151,37.00272],[127.15108,37.00251],[127.15226,37.00258],[127.15265,37.00166],[127.15344,36.99945],[127.1536,36.99899],[127.15366,36.99874],[127.15392,36.99776],[127.15285,36.99774],[127.15212,36.99775],[127.15,36.99785],[127.14947,36.99784],[127.14906,36.99783],[127.14896,36.99782],[127.14796,36.99769],[127.14761,36.99765],[127.14744,36.99762],[127.14643,36.99747],[127.14569,36.99736],[127.14478,36.99722],[127.14454,36.9971],[127.14409,36.99685],[127.14388,36.9967],[127.14365,36.99652],[127.14307,36.99609],[127.14283,36.99591],[127.14252,36.99569],[127.14204,36.99535],[127.14189,36.99525],[127.14174,36.99514],[127.14161,36.9951],[127.14155,36.99508],[127.14119,36.99496],[127.14095,36.99488],[127.13618,36.99337],[127.13523,36.99101],[127.13481,36.98982],[127.13456,36.98929],[127.13317,36.98785],[127.13302,36.98775],[127.13276,36.98759],[127.1321,36.98727],[127.13197,36.98721],[127.13061,36.98668],[127.13123,36.98564],[127.13428,36.98544],[127.13627,36.98478],[127.13637,36.98472],[127.13643,36.98293],[127.14114,36.97971],[127.14112,36.97872],[127.13978,36.97862],[127.1377,36.98006],[127.13641,36.98007],[127.1364,36.97972],[127.13712,36.97895],[127.13719,36.97849],[127.13531,36.97795],[127.13532,36.97756],[127.13397,36.97751],[127.13398,36.9768],[127.12924,36.97679],[127.12451,36.97679],[127.12514,36.97539],[127.12516,36.97533],[127.12515,36.97524],[127.12498,36.97501],[127.12497,36.97499],[127.12198,36.97154],[127.11995,36.96955],[127.1195,36.96913],[127.12148,36.96841],[127.12317,36.96811],[127.12327,36.96808],[127.12336,36.96805],[127.126,36.96715],[127.12611,36.9671],[127.12628,36.96704],[127.12884,36.96607],[127.13022,36.96525],[127.13174,36.96502],[127.13347,36.96532],[127.13366,36.96545],[127.13458,36.96611],[127.13462,36.96618],[127.13555,36.96769],[127.13564,36.96784],[127.14261,36.97099],[127.14269,36.97101],[127.1443,36.97151],[127.1459,36.97098],[127.1467,36.97071],[127.147,36.97061],[127.14913,36.96988],[127.15381,36.96942],[127.15677,36.96723],[127.15593,36.96694],[127.1554,36.96642],[127.15539,36.96572],[127.15567,36.96556],[127.15586,36.96547],[127.15604,36.96542],[127.15613,36.9654],[127.16127,36.96417],[127.16368,36.96272],[127.1641,36.96247],[127.16505,36.96202],[127.16769,36.96218],[127.16989,36.96248],[127.17141,36.96308],[127.17234,36.96319],[127.17604,36.96207],[127.17609,36.96188],[127.17587,36.96106],[127.17708,36.96071],[127.17799,36.9598],[127.17767,36.95827],[127.17836,36.95815],[127.17994,36.95789],[127.1808,36.95686],[127.1819,36.95753],[127.18798,36.95524],[127.18834,36.9545],[127.18879,36.95389],[127.18945,36.9533],[127.19011,36.95286],[127.19197,36.95235],[127.19539,36.95207],[127.19709,36.95221],[127.19781,36.95223],[127.20189,36.95211],[127.20448,36.95015],[127.20683,36.94608],[127.20692,36.94574],[127.20644,36.94437],[127.20587,36.94221],[127.20589,36.94178],[127.20686,36.94123],[127.20722,36.94099],[127.20817,36.94038],[127.21026,36.93902],[127.21129,36.93831],[127.21167,36.93788],[127.21186,36.93679],[127.2116,36.93565],[127.21083,36.9349],[127.2108,36.93486],[127.21016,36.93412],[127.20983,36.93244],[127.20988,36.9313],[127.21073,36.93041],[127.21166,36.93003],[127.21261,36.92972],[127.21421,36.92991],[127.21553,36.9302],[127.21653,36.93037],[127.22021,36.9303],[127.22607,36.92657],[127.22751,36.9255],[127.22816,36.92479],[127.22885,36.92439],[127.23365,36.92362],[127.23435,36.9237],[127.23467,36.92382],[127.23501,36.92395],[127.23511,36.92396],[127.23554,36.92401],[127.23609,36.92383],[127.23636,36.92354],[127.2369,36.92247],[127.23718,36.9217],[127.23727,36.92108],[127.23758,36.92065],[127.23786,36.92044],[127.23947,36.9194],[127.23978,36.91926],[127.24402,36.9174],[127.24426,36.91744],[127.24453,36.91747],[127.24608,36.91803],[127.24821,36.91921],[127.24861,36.91983],[127.2487,36.92023],[127.24884,36.92085],[127.24943,36.92123],[127.24976,36.92144],[127.25312,36.92226],[127.25335,36.92215],[127.25352,36.92207],[127.25406,36.92181],[127.25509,36.92008],[127.25712,36.91717],[127.25758,36.91654],[127.25913,36.91561],[127.26142,36.91483],[127.26147,36.91481],[127.26157,36.91477],[127.26694,36.91376],[127.27016,36.91325],[127.27176,36.91331],[127.27401,36.90944],[127.27435,36.90894],[127.27439,36.9089],[127.27491,36.90832],[127.27548,36.9079],[127.27644,36.90732],[127.27758,36.90667],[127.27826,36.90628],[127.27856,36.90607],[127.27906,36.90561],[127.28019,36.90447],[127.28033,36.90427],[127.28036,36.9042],[127.2805,36.90281],[127.27979,36.90141],[127.27933,36.90052],[127.27953,36.90024],[127.28482,36.89569],[127.28776,36.89387],[127.28856,36.89353],[127.2898,36.89382],[127.28976,36.89471],[127.29067,36.89685],[127.2911,36.89716],[127.29175,36.89732],[127.29185,36.89738],[127.2921,36.89751],[127.29232,36.89769],[127.29279,36.89806],[127.29409,36.89912],[127.29662,36.90143],[127.29699,36.90177],[127.29779,36.90263],[127.29792,36.90287],[127.29803,36.90329],[127.30346,36.91343],[127.30408,36.91514],[127.30395,36.91537],[127.3038,36.91562],[127.30148,36.91913],[127.2976,36.92535],[127.29592,36.92815],[127.2957,36.9286],[127.29565,36.9287],[127.29566,36.92889],[127.29657,36.92957],[127.29706,36.92983],[127.29849,36.9298],[127.29953,36.92947],[127.30038,36.9292],[127.30915,36.92909],[127.31058,36.92975],[127.31342,36.93123],[127.31503,36.93222],[127.31562,36.93336],[127.31588,36.93384],[127.31594,36.93392],[127.31649,36.93465],[127.32318,36.93643],[127.32379,36.93615],[127.32455,36.93579],[127.32703,36.93578],[127.33109,36.93819],[127.33218,36.93952],[127.33867,36.94277],[127.33924,36.94303],[127.33931,36.94303],[127.34133,36.94308],[127.3422,36.9431],[127.34305,36.94352],[127.34343,36.9443],[127.34299,36.94571],[127.34281,36.94629],[127.34351,36.94798],[127.34974,36.95257],[127.34995,36.95258],[127.35163,36.95268],[127.35407,36.95225],[127.3551,36.95167],[127.35598,36.95106],[127.35601,36.95066],[127.35606,36.9502],[127.35672,36.94902],[127.35789,36.94748],[127.35889,36.9479],[127.35919,36.94822],[127.35946,36.9485],[127.36205,36.94927],[127.36968,36.94932],[127.37252,36.94929],[127.37275,36.94897],[127.37311,36.94846],[127.37451,36.94812],[127.3755,36.94818],[127.37637,36.94946],[127.37676,36.94977],[127.37736,36.95025],[127.37853,36.95147],[127.37881,36.95239],[127.37917,36.95398],[127.37901,36.95421],[127.37888,36.95439],[127.37863,36.9558],[127.37913,36.95756],[127.37945,36.95791],[127.38006,36.95855],[127.38157,36.9586],[127.38538,36.95914],[127.38589,36.9598],[127.38567,36.96006],[127.38533,36.96048],[127.38746,36.96385],[127.38759,36.96407],[127.39016,36.9645],[127.39157,36.96474],[127.39355,36.96443],[127.39384,36.9643],[127.3966,36.96399],[127.39681,36.96403],[127.39807,36.96432],[127.40186,36.96775],[127.3996,36.97004],[127.39776,36.97242],[127.39412,36.9773],[127.39375,36.97758],[127.39272,36.97837],[127.38961,36.98016],[127.38847,36.98056],[127.38767,36.98084],[127.38692,36.9811],[127.38608,36.98139],[127.38492,36.98366],[127.38494,36.9844],[127.38536,36.98506],[127.38634,36.98603],[127.3882,36.98787],[127.3907,36.99088],[127.3918,36.99331],[127.39178,36.99337],[127.39162,36.99388],[127.39254,36.9965],[127.39404,36.99794],[127.39478,36.99816],[127.39553,36.99838],[127.39674,36.9982],[127.39697,36.99817],[127.39716,36.99818],[127.39793,36.9983],[127.39809,36.99834],[127.39872,36.99854],[127.40196,36.99878],[127.40246,36.99866],[127.40612,36.99822],[127.40633,36.99821],[127.40755,36.99816],[127.40764,36.99815],[127.40781,36.99816],[127.40815,36.99818],[127.4083,36.99825],[127.40843,36.99835],[127.40848,36.9984],[127.40865,36.99857],[127.40956,36.99932],[127.40969,36.9994],[127.41197,37.00026],[127.41203,37.00028],[127.41218,37.0003],[127.41233,37.0003],[127.4126,37.00025],[127.41343,37.00009],[127.41354,37.00005],[127.41363,36.99996],[127.41371,36.99988],[127.41374,36.99983],[127.41377,36.99978],[127.41386,36.99973],[127.41407,36.99964],[127.41412,36.99962],[127.41421,36.99959],[127.41437,36.99957],[127.41451,36.99957],[127.41477,36.9996],[127.41509,36.99966],[127.41524,36.99973],[127.41623,37.00029],[127.41798,37.00142],[127.41902,37.0025],[127.41907,37.00262],[127.41908,37.00267],[127.41923,37.00289],[127.41945,37.00313],[127.42033,37.00372],[127.42181,37.00466],[127.42201,37.00475],[127.4222,37.00477],[127.42235,37.00476],[127.42477,37.00368],[127.42672,37.00279],[127.42973,37.00188],[127.42976,37.00189],[127.43446,37.00526],[127.43703,37.00795],[127.43705,37.00799],[127.4378,37.00919],[127.43838,37.00992],[127.43975,37.01086],[127.44111,37.01162],[127.444,37.01191],[127.44467,37.01177],[127.4467,37.01103],[127.44764,37.01258],[127.44832,37.01628],[127.44833,37.01645],[127.44837,37.01653],[127.44934,37.01791],[127.44952,37.01814],[127.44959,37.01821],[127.45095,37.01926],[127.45418,37.02137],[127.45424,37.02141],[127.45428,37.02143],[127.45439,37.02145],[127.4546,37.02145],[127.45477,37.02142],[127.4551,37.02131],[127.4559,37.02093],[127.45682,37.02056],[127.45764,37.02046],[127.45787,37.02047],[127.45797,37.02053],[127.45801,37.02058],[127.45857,37.02187],[127.45885,37.02256],[127.45941,37.02537],[127.4594,37.02608],[127.4593,37.02719],[127.45814,37.03],[127.4581,37.03006],[127.45804,37.03012],[127.458,37.03015],[127.45788,37.0302],[127.45784,37.03021],[127.45806,37.03297],[127.45841,37.03342],[127.45973,37.03545],[127.45974,37.03547],[127.45976,37.03554],[127.45975,37.03648],[127.4595,37.03845],[127.45943,37.03875],[127.45934,37.03897],[127.45905,37.03932],[127.45825,37.03991],[127.45801,37.04007],[127.45798,37.04009],[127.45729,37.04044],[127.45724,37.04053],[127.45721,37.04059],[127.45716,37.04203],[127.45719,37.04223],[127.45772,37.0436],[127.46034,37.04623],[127.46058,37.04645],[127.46127,37.04706],[127.46288,37.04798],[127.46311,37.0481],[127.4636,37.04834],[127.46448,37.04873],[127.46498,37.0489],[127.46566,37.0491],[127.46589,37.04916],[127.46613,37.04927],[127.46673,37.04959],[127.4683,37.05055],[127.46843,37.05065],[127.46846,37.05069],[127.46851,37.05083],[127.46857,37.05111],[127.4686,37.05137],[127.46859,37.05148],[127.46859,37.05159],[127.46853,37.05177],[127.46804,37.053],[127.47137,37.05254],[127.47546,37.0529],[127.48179,37.05332],[127.48465,37.05315],[127.48922,37.05241],[127.48928,37.05241],[127.48939,37.05242],[127.4897,37.05249],[127.48996,37.05282],[127.49243,37.05561],[127.49355,37.05653],[127.49781,37.05718],[127.5036,37.05977],[127.50481,37.06039],[127.50723,37.06261],[127.50846,37.06407],[127.50802,37.06609],[127.50756,37.06735],[127.50749,37.06747],[127.50747,37.0675],[127.50731,37.06777],[127.50683,37.06857],[127.50679,37.06932],[127.50762,37.06991],[127.50872,37.06993],[127.50883,37.06994],[127.50955,37.06998],[127.51052,37.07004],[127.51086,37.07007],[127.5111,37.0701],[127.51124,37.07017],[127.51139,37.07026],[127.51198,37.07076],[127.51254,37.07135],[127.51356,37.0731],[127.51359,37.07315],[127.51474,37.07617],[127.51475,37.07622],[127.51475,37.07629],[127.51472,37.07691],[127.51469,37.077],[127.51441,37.07737],[127.51416,37.0777],[127.51413,37.07773],[127.51409,37.07778],[127.51408,37.07784],[127.51407,37.07801],[127.51409,37.0781],[127.5141,37.07817],[127.51415,37.07834],[127.51418,37.07844],[127.5142,37.07851],[127.51469,37.07981],[127.51492,37.08026],[127.51583,37.08123],[127.51595,37.08133],[127.51645,37.08149],[127.51656,37.08153],[127.51662,37.08155],[127.51668,37.08155],[127.51687,37.08158],[127.51724,37.08165],[127.51839,37.08221],[127.5186,37.08237],[127.5186,37.08244],[127.51856,37.08251],[127.51848,37.08259],[127.51737,37.08367],[127.51619,37.08438],[127.51612,37.08446],[127.51606,37.08454],[127.51562,37.08572],[127.51485,37.09186],[127.51485,37.09247],[127.51485,37.09299],[127.51486,37.09325],[127.51486,37.0933],[127.51486,37.09335],[127.51482,37.09344],[127.51356,37.09551],[127.51348,37.09557],[127.5127,37.09587],[127.5123,37.09601],[127.51194,37.09607],[127.51159,37.09612],[127.51142,37.09614],[127.51116,37.0962],[127.51102,37.0963],[127.51063,37.09655],[127.51062,37.09658],[127.51053,37.09677],[127.51053,37.09682],[127.51052,37.09686],[127.51078,37.09884],[127.51082,37.09914],[127.51082,37.09917],[127.51085,37.09922],[127.51091,37.09932],[127.51168,37.10006],[127.51183,37.10018],[127.51225,37.10032],[127.51246,37.10039],[127.51445,37.10102],[127.5146,37.10112],[127.51463,37.10119],[127.51462,37.10127],[127.5142,37.10332],[127.51405,37.10399],[127.51394,37.10429],[127.51383,37.10454],[127.5137,37.1048],[127.51364,37.10493],[127.51332,37.1055],[127.51326,37.10556],[127.51318,37.10562],[127.51278,37.10559],[127.51238,37.10555],[127.5105,37.10557],[127.50774,37.10578],[127.50769,37.10581],[127.50765,37.10583],[127.50489,37.10838],[127.50486,37.10841],[127.50394,37.10954],[127.50389,37.10966],[127.50367,37.11308],[127.50296,37.11812],[127.50296,37.11815],[127.50294,37.11823],[127.5028,37.11854],[127.50278,37.11858],[127.50276,37.11861],[127.50252,37.11891],[127.49882,37.12348],[127.49843,37.12384],[127.49749,37.12436],[127.49717,37.12447],[127.49704,37.12449],[127.4968,37.12449],[127.49603,37.12435],[127.49428,37.12402],[127.49401,37.12397],[127.49373,37.12391],[127.49368,37.12389],[127.49358,37.12384],[127.49307,37.12347],[127.49268,37.12318],[127.49264,37.12315],[127.49259,37.12312],[127.49252,37.1231],[127.49248,37.12309],[127.48611,37.12509],[127.48049,37.12663],[127.47518,37.12739],[127.47466,37.12756],[127.47414,37.12783],[127.47326,37.1283],[127.47241,37.12877],[127.471,37.12931],[127.46996,37.12954],[127.4645,37.13006],[127.45904,37.13011],[127.45835,37.13015],[127.45796,37.13035],[127.45766,37.13057],[127.45345,37.13524],[127.45258,37.13702],[127.45028,37.14147],[127.44975,37.14208],[127.44961,37.14224],[127.44815,37.14396],[127.44802,37.14419],[127.44785,37.1446],[127.44782,37.14475],[127.44783,37.14492],[127.44797,37.14505],[127.44806,37.1451],[127.4481,37.14513],[127.44839,37.14523],[127.44877,37.1453],[127.44898,37.14544],[127.44956,37.14596],[127.44971,37.14614],[127.45033,37.14808],[127.45026,37.14823],[127.45016,37.14833],[127.45009,37.1484],[127.44967,37.1486],[127.44941,37.14862],[127.4487,37.14864],[127.44866,37.14864],[127.44776,37.1486],[127.44706,37.14858],[127.44676,37.14865],[127.44659,37.1487],[127.44648,37.14879],[127.44617,37.14922],[127.44605,37.14932],[127.446,37.14935],[127.44587,37.14941],[127.44538,37.14943],[127.44421,37.14939],[127.44182,37.14926],[127.4416,37.14924],[127.44144,37.14917],[127.44092,37.14893],[127.44065,37.1488],[127.4402,37.14851],[127.4397,37.14819],[127.43911,37.14806],[127.43884,37.148],[127.43385,37.14829],[127.43357,37.14838],[127.43319,37.14857],[127.433,37.14874],[127.43269,37.14879],[127.43253,37.14875],[127.43061,37.14826],[127.43026,37.14815],[127.42999,37.14797],[127.42982,37.14774],[127.42954,37.14701],[127.4292,37.14681],[127.42729,37.14592],[127.42586,37.14304],[127.42562,37.14074],[127.42644,37.13861],[127.42615,37.13643],[127.42561,37.13397],[127.42418,37.13113],[127.42141,37.12768],[127.42091,37.12607],[127.41747,37.1238],[127.41501,37.12283],[127.41436,37.12219],[127.41373,37.12157],[127.41257,37.11943],[127.41252,37.11822],[127.41265,37.11791],[127.41266,37.11788],[127.41398,37.11621],[127.41452,37.11598],[127.41521,37.1157],[127.41662,37.11566],[127.41779,37.11564],[127.41896,37.11565],[127.42,37.11572],[127.42017,37.11573],[127.42027,37.11573],[127.42341,37.11445],[127.42566,37.11311],[127.42511,37.11271],[127.42307,37.11119],[127.42315,37.11114],[127.42341,37.11096],[127.4242,37.11042],[127.42459,37.10944],[127.42297,37.10809],[127.42107,37.10651],[127.4211,37.10579],[127.422,37.10434],[127.42277,37.10291],[127.42418,37.0997],[127.42376,37.09884],[127.42254,37.0977],[127.42172,37.09728],[127.42163,37.09732],[127.42106,37.09753],[127.41984,37.09737],[127.41734,37.09639],[127.41628,37.09574],[127.41612,37.09309],[127.41554,37.09341],[127.40378,37.09397],[127.40268,37.09385],[127.40249,37.09384],[127.40245,37.09384],[127.40237,37.09384],[127.40225,37.09385],[127.40197,37.09388],[127.39899,37.09538],[127.39886,37.09547],[127.39879,37.09553],[127.39804,37.09632],[127.39795,37.09643],[127.39791,37.09652],[127.39673,37.09915],[127.39382,37.10438],[127.39372,37.10458],[127.39372,37.10463],[127.39373,37.10472],[127.39385,37.10494],[127.39388,37.10498],[127.39404,37.10525],[127.39408,37.10533],[127.39408,37.10544],[127.39323,37.1065],[127.39307,37.10659],[127.39045,37.10793],[127.39024,37.10802],[127.38979,37.10814],[127.38963,37.10818],[127.38934,37.10824],[127.38928,37.10826],[127.3892,37.10828],[127.38903,37.10832],[127.38895,37.10832],[127.38871,37.10831],[127.3877,37.10824],[127.38764,37.10823],[127.38753,37.1082],[127.38747,37.10818],[127.38414,37.10594],[127.38191,37.10592],[127.38175,37.10592],[127.38171,37.10592],[127.38083,37.10578],[127.38079,37.10577],[127.37926,37.10523],[127.3792,37.1052],[127.37915,37.10517],[127.37909,37.10511],[127.37905,37.10502],[127.37904,37.10496],[127.37904,37.10491],[127.37907,37.10464],[127.3791,37.10448],[127.37913,37.10416],[127.37914,37.10399],[127.37913,37.10383],[127.37913,37.10375],[127.37912,37.10368],[127.37909,37.10352],[127.37901,37.10323],[127.37896,37.10308],[127.37888,37.10294],[127.37881,37.10285],[127.37872,37.10276],[127.3787,37.10273],[127.37702,37.10111],[127.37695,37.1011],[127.37639,37.10131],[127.37582,37.10157],[127.37494,37.10203],[127.37469,37.10223],[127.37436,37.10262],[127.37427,37.10277],[127.37422,37.10284],[127.37421,37.10292],[127.3742,37.10297],[127.37422,37.10359],[127.37421,37.10441],[127.37409,37.10481],[127.37405,37.10496],[127.37403,37.10499],[127.37398,37.10511],[127.37393,37.10518],[127.37387,37.10524],[127.3734,37.1056],[127.37327,37.10569],[127.373,37.10582],[127.36926,37.10677],[127.36899,37.1068],[127.36122,37.10751],[127.35909,37.10757],[127.35904,37.10757],[127.359,37.10756],[127.35896,37.10754],[127.35831,37.10732],[127.35827,37.10729],[127.35822,37.10725],[127.35519,37.10388],[127.35512,37.1038],[127.35507,37.10373],[127.35502,37.10359],[127.35499,37.10341],[127.35487,37.10257],[127.35475,37.10182],[127.35455,37.101],[127.35442,37.1006],[127.35345,37.09999],[127.35335,37.09997],[127.35313,37.09997],[127.35295,37.09998],[127.3528,37.10001],[127.35243,37.10012],[127.35238,37.10015],[127.35232,37.10018],[127.34768,37.10357],[127.34495,37.10332],[127.34437,37.10359],[127.34343,37.10402],[127.34087,37.10762],[127.34062,37.10799],[127.33969,37.10932],[127.33551,37.11069],[127.33336,37.11174],[127.33159,37.11508],[127.33095,37.11653],[127.33078,37.11682],[127.33006,37.11656],[127.32959,37.11881],[127.32672,37.11944],[127.3233,37.11624],[127.32035,37.11314],[127.31825,37.11137],[127.3173,37.1106],[127.31636,37.10984],[127.31328,37.10947],[127.31214,37.10711],[127.31063,37.10538],[127.3057,37.10711],[127.3041,37.10909],[127.30423,37.10937],[127.30421,37.1095],[127.30382,37.11061],[127.30346,37.11159],[127.3034,37.1117],[127.30334,37.11176],[127.30323,37.11179],[127.30143,37.11212],[127.30071,37.11218],[127.30044,37.11218],[127.3003,37.11219],[127.30022,37.11221],[127.30015,37.11224],[127.30005,37.11229],[127.29989,37.11237],[127.29986,37.11241],[127.29984,37.11244],[127.29982,37.11246],[127.2998,37.11249],[127.29949,37.11429],[127.29946,37.115],[127.29941,37.11553],[127.29908,37.11684],[127.29714,37.12033],[127.29701,37.12049],[127.29676,37.12068],[127.29661,37.12078],[127.29646,37.12081],[127.29636,37.12083],[127.29619,37.1208],[127.29607,37.12078],[127.29597,37.1208],[127.29588,37.12083],[127.29521,37.12106],[127.29493,37.1212],[127.29445,37.12155],[127.29432,37.12167],[127.29324,37.12293],[127.293,37.12322],[127.29288,37.12341],[127.29284,37.1235],[127.29283,37.12361],[127.29288,37.12412],[127.29294,37.12447],[127.29292,37.12477],[127.29288,37.12498],[127.2928,37.12528],[127.29279,37.12531],[127.29242,37.12637],[127.29231,37.12665],[127.29213,37.12682],[127.29187,37.12695],[127.29171,37.12704],[127.28861,37.12968],[127.28802,37.13133],[127.28795,37.1314],[127.28788,37.13147],[127.28774,37.13156],[127.28735,37.13179],[127.28721,37.13188],[127.28697,37.13198],[127.28666,37.13203],[127.28647,37.13204],[127.28627,37.13202],[127.28602,37.13195],[127.28562,37.13177],[127.28543,37.13165],[127.28535,37.1316],[127.28521,37.1315],[127.28484,37.13115],[127.28442,37.13082],[127.28434,37.13078],[127.28425,37.13078],[127.28413,37.13082],[127.28399,37.13103],[127.28387,37.13121],[127.28292,37.1327],[127.28237,37.13375],[127.2823,37.13387],[127.28225,37.1339],[127.28215,37.13396],[127.28211,37.13398],[127.28206,37.134],[127.28182,37.13406],[127.28166,37.13408],[127.27928,37.13413],[127.27911,37.13412],[127.27887,37.1341],[127.27782,37.13396],[127.27436,37.13364],[127.27307,37.13501],[127.27273,37.13597],[127.27235,37.1379],[127.2721,37.1394],[127.27193,37.14103],[127.27203,37.14125],[127.27211,37.14143],[127.27292,37.14293],[127.27295,37.14299],[127.27312,37.14331],[127.27225,37.14481],[127.27171,37.14522],[127.27146,37.14532],[127.27091,37.14552],[127.26915,37.14714],[127.26803,37.14933],[127.26867,37.15028],[127.26954,37.15144],[127.26925,37.1525],[127.26877,37.15424],[127.26694,37.15533],[127.26588,37.15535],[127.26549,37.15546],[127.26386,37.15589],[127.2638,37.15587],[127.26167,37.15408],[127.26163,37.15401],[127.26156,37.15386],[127.26138,37.15324],[127.26068,37.15227],[127.26056,37.15213],[127.26047,37.15207],[127.25984,37.15182],[127.25973,37.15179],[127.25869,37.15173],[127.25755,37.1517],[127.25737,37.15169],[127.2558,37.15144],[127.25562,37.1514],[127.25548,37.15134],[127.25543,37.15131],[127.25538,37.15127],[127.25534,37.15122],[127.25528,37.15116],[127.25524,37.15108],[127.25522,37.15097],[127.25464,37.14938],[127.25377,37.1473],[127.2535,37.14686],[127.25277,37.14634],[127.2526,37.14626],[127.25217,37.14615],[127.25176,37.14603],[127.25156,37.14596],[127.25144,37.14592],[127.25134,37.14588],[127.25117,37.14581],[127.25026,37.14524],[127.25028,37.14509],[127.25113,37.14299],[127.25128,37.14267],[127.25138,37.14253],[127.25146,37.14243],[127.25161,37.14222],[127.25168,37.14215],[127.25177,37.14204],[127.25221,37.14172],[127.25275,37.14128],[127.25281,37.1412],[127.25371,37.13809],[127.25333,37.13698],[127.25116,37.1336],[127.25165,37.13294],[127.25229,37.13197],[127.25287,37.13096],[127.25291,37.13088],[127.25321,37.13019],[127.25338,37.129],[127.25337,37.12894],[127.25312,37.12809],[127.25196,37.12456],[127.25125,37.12325],[127.25123,37.12321],[127.25116,37.12312],[127.25103,37.123],[127.25078,37.12283],[127.25061,37.12272],[127.25052,37.1227],[127.24587,37.12206],[127.24581,37.12205],[127.24563,37.12209],[127.24555,37.12211],[127.24547,37.12213],[127.24505,37.12225],[127.24489,37.12231],[127.24302,37.1225],[127.2403,37.12215],[127.24017,37.12212],[127.23645,37.12125],[127.23496,37.11939],[127.23493,37.1193],[127.23492,37.11927],[127.23447,37.11831],[127.23442,37.11821],[127.23436,37.11814],[127.23386,37.11768],[127.23379,37.11764],[127.23254,37.11742],[127.23237,37.1174],[127.2318,37.1174],[127.23172,37.1174],[127.23163,37.1174],[127.23135,37.11743],[127.23081,37.11741],[127.22995,37.1173],[127.22939,37.11713],[127.22889,37.1168],[127.2271,37.11533],[127.22702,37.11524],[127.22698,37.11513],[127.22697,37.11505],[127.22695,37.11496],[127.22692,37.11479],[127.22683,37.11466],[127.22676,37.11457],[127.22617,37.11394],[127.22555,37.11356],[127.22544,37.11351],[127.22322,37.1129],[127.22312,37.11289],[127.22299,37.11289],[127.22173,37.11302],[127.2211,37.1131],[127.22053,37.11321],[127.22016,37.11343],[127.21605,37.11187],[127.21548,37.11155],[127.21522,37.1114],[127.2147,37.11093],[127.21364,37.11071],[127.21341,37.11068],[127.21289,37.11063],[127.21205,37.11057],[127.21199,37.11058],[127.21187,37.11061],[127.21178,37.11069],[127.21173,37.11074],[127.21123,37.11139],[127.20999,37.11235],[127.20971,37.11245],[127.20961,37.11245],[127.20932,37.11227],[127.20927,37.11215],[127.20861,37.1101],[127.20862,37.10972],[127.20869,37.10919],[127.20884,37.10884],[127.20917,37.10851],[127.20971,37.10797],[127.20983,37.10765],[127.20986,37.10722],[127.20967,37.10607],[127.20959,37.10591],[127.20943,37.10558],[127.20879,37.10465],[127.20859,37.10439],[127.20778,37.10369],[127.20741,37.10342],[127.20706,37.10318],[127.20551,37.10246],[127.20542,37.10245],[127.20529,37.10242],[127.20502,37.10242],[127.20232,37.1004],[127.19891,37.09686],[127.1976,37.093],[127.19527,37.08907],[127.19515,37.08897],[127.19349,37.0878],[127.19334,37.0877],[127.19287,37.08739],[127.19238,37.08709],[127.19223,37.08703],[127.19216,37.08703],[127.19208,37.08704],[127.1919,37.08706],[127.19169,37.0871],[127.19087,37.087],[127.18982,37.08684],[127.18948,37.08677],[127.18912,37.0867],[127.1889,37.08661],[127.18881,37.08655],[127.1887,37.08636],[127.18623,37.08449],[127.18421,37.08607],[127.18387,37.08624],[127.18212,37.08707],[127.1819,37.08715],[127.17921,37.08759],[127.17904,37.08761],[127.17886,37.08762],[127.17626,37.08767],[127.17558,37.08743],[127.17546,37.08738],[127.17385,37.08651],[127.17381,37.08643],[127.17377,37.08625],[127.17376,37.08608],[127.17371,37.086],[127.17368,37.08599],[127.17364,37.08597],[127.17357,37.08595],[127.17308,37.08587],[127.17252,37.0859],[127.17137,37.08599],[127.17095,37.08603],[127.17074,37.08605],[127.1662,37.0866],[127.16611,37.08662],[127.16606,37.08663],[127.16349,37.08766],[127.1633,37.08773],[127.16318,37.08779],[127.16308,37.08784],[127.16305,37.08786],[127.16297,37.08794],[127.16293,37.08797],[127.16287,37.08806],[127.16277,37.08818],[127.16261,37.08839],[127.1625,37.08852],[127.1624,37.0886],[127.16223,37.08872],[127.16204,37.0888],[127.1618,37.0889],[127.1616,37.08897],[127.16152,37.089],[127.15773,37.09013],[127.1537,37.09101],[127.14643,37.09141],[127.14628,37.09141],[127.14498,37.091],[127.14483,37.09094],[127.14471,37.09085],[127.14437,37.09055],[127.14415,37.09035],[127.14413,37.09027],[127.14411,37.09018],[127.1441,37.09008],[127.14408,37.08999],[127.14402,37.08988],[127.144,37.08985],[127.14239,37.08794],[127.14236,37.0879],[127.14231,37.08788],[127.14221,37.08784],[127.14211,37.08783],[127.14197,37.08787],[127.14114,37.08806],[127.1374,37.08911],[127.13734,37.08914],[127.13726,37.08919],[127.1372,37.08926],[127.13597,37.09081],[127.1359,37.09097],[127.13589,37.09144],[127.13586,37.09158],[127.13579,37.09169],[127.1357,37.09176],[127.13527,37.09195],[127.13478,37.09215],[127.13451,37.09226],[127.13413,37.09236],[127.13399,37.09238],[127.13385,37.09241],[127.13373,37.09242],[127.13356,37.09239],[127.13342,37.09233],[127.13278,37.09193],[127.1325,37.0917],[127.13231,37.09153],[127.13217,37.09146],[127.12712,37.09078],[127.12594,37.09063],[127.12422,37.09092],[127.12418,37.09092],[127.12409,37.09094],[127.12392,37.09099],[127.12306,37.09135],[127.12442,37.08833],[127.12511,37.0866],[127.12639,37.08227],[127.1264,37.08209],[127.12644,37.08159],[127.12421,37.07754],[127.12389,37.07724],[127.12145,37.07641],[127.11396,37.07594],[127.10988,37.07596],[127.10903,37.0763],[127.10807,37.07654],[127.10447,37.07601],[127.10364,37.07575],[127.10375,37.07524],[127.10444,37.07471],[127.10482,37.07442],[127.10342,37.07365],[127.10272,37.073],[127.10231,37.06868]]]}},{"type":"Feature","properties":{"id":"41-41570","name":"김포시","sido":"경기도","code":"41570","center":[37.6768,126.63868]},"geometry":{"type":"MultiPolygon","coordinates":[[[[126.51456,37.76695],[126.51458,37.76466],[126.52244,37.75427],[126.52258,37.75409],[126.5227,37.75394],[126.52784,37.7484],[126.5274,37.74389],[126.5273,37.74347],[126.52602,37.73809],[126.52237,37.73127],[126.52229,37.73112],[126.52197,37.73051],[126.52055,37.72786],[126.51966,37.72619],[126.51918,37.72436],[126.51846,37.7216],[126.51851,37.71273],[126.51928,37.71172],[126.52214,37.70793],[126.52542,37.70488],[126.52728,37.70314],[126.52728,37.7031],[126.52727,37.70307],[126.52679,37.7002],[126.52666,37.69936],[126.5262,37.69659],[126.52556,37.69277],[126.52555,37.69269],[126.5255,37.69012],[126.52545,37.68741],[126.52433,37.68232],[126.52424,37.68204],[126.52415,37.68174],[126.52328,37.67883],[126.52325,37.67876],[126.52298,37.67652],[126.52347,37.67443],[126.52411,37.67318],[126.52519,37.67223],[126.52524,37.67218],[126.52744,37.67107],[126.52978,37.66988],[126.53457,37.6668],[126.5353,37.66633],[126.53576,37.66502],[126.53575,37.66499],[126.53552,37.66171],[126.53446,37.65914],[126.53141,37.65771],[126.5297,37.65589],[126.52889,37.65391],[126.52896,37.65297],[126.53068,37.64916],[126.53103,37.64847],[126.53191,37.64672],[126.53438,37.64181],[126.53793,37.63682],[126.54587,37.62996],[126.54956,37.62709],[126.55082,37.62465],[126.55168,37.62222],[126.55316,37.61803],[126.55404,37.61453],[126.55411,37.61192],[126.55412,37.61148],[126.55417,37.6093],[126.55621,37.60542],[126.5594,37.60056],[126.56183,37.59771],[126.56239,37.59706],[126.56606,37.59417],[126.56473,37.59291],[126.56306,37.58948],[126.56365,37.58697],[126.56384,37.58689],[126.56575,37.58608],[126.57258,37.58778],[126.5796,37.58954],[126.59021,37.59219],[126.59186,37.59271],[126.59206,37.59277],[126.59257,37.59293],[126.59272,37.59298],[126.60298,37.59816],[126.6037,37.59858],[126.60412,37.59883],[126.60495,37.59944],[126.60531,37.59973],[126.60552,37.59988],[126.60617,37.6004],[126.60711,37.60127],[126.6074,37.60168],[126.60767,37.60207],[126.60819,37.60302],[126.60834,37.6033],[126.60846,37.60352],[126.60861,37.60379],[126.60906,37.60415],[126.61163,37.60512],[126.61246,37.60543],[126.61262,37.60547],[126.61276,37.60551],[126.61314,37.60561],[126.61386,37.60578],[126.61391,37.60579],[126.61475,37.60587],[126.61541,37.60565],[126.61575,37.60549],[126.61958,37.60389],[126.6234,37.6028],[126.62552,37.60433],[126.62769,37.60597],[126.62775,37.6069],[126.62929,37.61096],[126.63142,37.61346],[126.63262,37.61634],[126.63264,37.61639],[126.63281,37.61692],[126.63434,37.61941],[126.63646,37.62035],[126.6365,37.62037],[126.63657,37.62049],[126.63698,37.62343],[126.63695,37.62603],[126.63948,37.62776],[126.63966,37.62772],[126.64227,37.62773],[126.64358,37.628],[126.64492,37.6286],[126.64758,37.62874],[126.64806,37.6294],[126.6483,37.62978],[126.64843,37.62997],[126.64896,37.63079],[126.64956,37.63172],[126.64997,37.63236],[126.65061,37.63339],[126.65169,37.63517],[126.65175,37.63573],[126.65167,37.63658],[126.65153,37.63701],[126.65145,37.63726],[126.65131,37.6377],[126.65158,37.63877],[126.65246,37.63958],[126.6531,37.63923],[126.65341,37.63833],[126.65388,37.63823],[126.65428,37.63807],[126.65532,37.63778],[126.65601,37.63801],[126.65693,37.63796],[126.65709,37.638],[126.65717,37.63804],[126.65794,37.63855],[126.65944,37.63823],[126.66031,37.63742],[126.66041,37.63733],[126.661,37.6368],[126.66108,37.63672],[126.66169,37.63681],[126.66192,37.63685],[126.66203,37.63687],[126.66245,37.63693],[126.66281,37.63685],[126.66563,37.63624],[126.6685,37.63522],[126.67094,37.63436],[126.67394,37.63232],[126.67408,37.63223],[126.67409,37.63214],[126.6742,37.63121],[126.67442,37.63036],[126.67507,37.63001],[126.67517,37.62995],[126.67703,37.62987],[126.67737,37.62987],[126.67771,37.62987],[126.67931,37.62989],[126.68007,37.62964],[126.68025,37.62938],[126.68074,37.62864],[126.68081,37.62782],[126.68077,37.62756],[126.68085,37.6274],[126.68168,37.62653],[126.68502,37.62431],[126.68516,37.62423],[126.68519,37.6242],[126.68745,37.62283],[126.69152,37.62133],[126.6955,37.61938],[126.69627,37.61894],[126.69806,37.61782],[126.69863,37.61746],[126.6995,37.61635],[126.69982,37.61583],[126.70214,37.61396],[126.70416,37.61255],[126.70497,37.61183],[126.70528,37.61154],[126.7058,37.61082],[126.70628,37.61015],[126.70608,37.60777],[126.70598,37.60763],[126.70534,37.60678],[126.70425,37.60555],[126.70451,37.60265],[126.70465,37.60262],[126.70663,37.60343],[126.70689,37.60366],[126.70816,37.60476],[126.70837,37.60493],[126.70993,37.60509],[126.71057,37.605],[126.71199,37.60479],[126.71247,37.60396],[126.71318,37.60282],[126.71639,37.59932],[126.71714,37.59858],[126.71757,37.59823],[126.71773,37.59811],[126.71799,37.5979],[126.71812,37.5978],[126.71861,37.59783],[126.71883,37.59784],[126.71897,37.59785],[126.71902,37.59788],[126.7191,37.59793],[126.71926,37.59784],[126.71932,37.5978],[126.72148,37.5963],[126.7216,37.59622],[126.72186,37.59593],[126.72196,37.59583],[126.72451,37.59294],[126.72513,37.592],[126.72732,37.59254],[126.7286,37.59284],[126.72901,37.59294],[126.72918,37.59289],[126.73222,37.59167],[126.73502,37.59047],[126.73668,37.59219],[126.73664,37.59247],[126.73698,37.59307],[126.73705,37.59318],[126.73798,37.5935],[126.73827,37.59356],[126.73903,37.59369],[126.74362,37.59335],[126.74454,37.59154],[126.74481,37.59046],[126.74493,37.58999],[126.74523,37.5891],[126.74533,37.58879],[126.74615,37.58733],[126.74628,37.58712],[126.74635,37.58703],[126.74646,37.58686],[126.74655,37.58678],[126.74661,37.58672],[126.74847,37.58522],[126.74891,37.58491],[126.74916,37.5848],[126.7496,37.58438],[126.75003,37.58368],[126.75002,37.58242],[126.75,37.58197],[126.74993,37.58095],[126.75182,37.57957],[126.75474,37.58043],[126.75564,37.58124],[126.75558,37.5823],[126.75557,37.58257],[126.75556,37.58271],[126.75556,37.58274],[126.7577,37.58479],[126.75809,37.58487],[126.75916,37.58509],[126.76155,37.58531],[126.76308,37.58489],[126.76404,37.5859],[126.76731,37.58803],[126.76807,37.58806],[126.76945,37.58724],[126.77012,37.58668],[126.77032,37.58652],[126.77089,37.58604],[126.77101,37.58598],[126.77117,37.58591],[126.7715,37.58574],[126.77159,37.5857],[126.77327,37.58515],[126.7733,37.58514],[126.77336,37.58512],[126.77486,37.58487],[126.77678,37.58466],[126.77768,37.58464],[126.7788,37.58453],[126.7801,37.58436],[126.78193,37.58391],[126.78411,37.58259],[126.7856,37.58407],[126.78585,37.58433],[126.78604,37.58452],[126.78663,37.58512],[126.78705,37.58555],[126.79213,37.58248],[126.79286,37.58205],[126.79367,37.5816],[126.79482,37.58331],[126.79572,37.58312],[126.79591,37.58316],[126.79595,37.58318],[126.79626,37.58345],[126.7969,37.58402],[126.79703,37.58418],[126.79736,37.58558],[126.79834,37.58779],[126.79869,37.5881],[126.79883,37.58822],[126.79964,37.58802],[126.80068,37.5879],[126.80079,37.588],[126.80088,37.58875],[126.80082,37.58897],[126.80081,37.58901],[126.80062,37.58927],[126.79906,37.59211],[126.79758,37.59576],[126.79753,37.59587],[126.79725,37.59659],[126.79711,37.59728],[126.79707,37.59788],[126.79706,37.59793],[126.79702,37.59849],[126.7971,37.59891],[126.79714,37.59904],[126.79723,37.59934],[126.79747,37.59999],[126.79761,37.60026],[126.79792,37.60075],[126.80035,37.60382],[126.8006,37.6041],[126.80093,37.60434],[126.80128,37.6045],[126.80185,37.60465],[126.80222,37.60466],[126.80237,37.60465],[126.80289,37.60462],[126.80351,37.60451],[126.80397,37.60441],[126.80432,37.60429],[126.80494,37.60402],[126.80484,37.60412],[126.80422,37.60473],[126.80069,37.60857],[126.79853,37.61048],[126.79795,37.61086],[126.79746,37.61102],[126.79322,37.6124],[126.7921,37.61274],[126.7918,37.61283],[126.78875,37.61375],[126.7884,37.6139],[126.78776,37.61418],[126.78764,37.61423],[126.7867,37.61464],[126.78564,37.6151],[126.78251,37.61659],[126.78213,37.61685],[126.78188,37.61702],[126.78016,37.6182],[126.77887,37.61909],[126.77799,37.61968],[126.77489,37.62175],[126.774,37.62219],[126.76824,37.62369],[126.76415,37.62579],[126.76386,37.62599],[126.76364,37.62613],[126.76347,37.62624],[126.76143,37.62758],[126.7612,37.62787],[126.76091,37.62823],[126.75972,37.62888],[126.75957,37.62895],[126.75867,37.62943],[126.75846,37.62954],[126.75619,37.63073],[126.75532,37.63118],[126.75321,37.63225],[126.75162,37.63304],[126.75012,37.6338],[126.74883,37.63445],[126.7448,37.6368],[126.74277,37.63798],[126.74092,37.63893],[126.7358,37.64155],[126.73499,37.64196],[126.73415,37.64228],[126.72839,37.64451],[126.71826,37.64929],[126.70933,37.65466],[126.70791,37.65552],[126.70159,37.65932],[126.69447,37.6633],[126.68932,37.66618],[126.68155,37.67053],[126.67774,37.67266],[126.67346,37.67491],[126.67128,37.67649],[126.67022,37.67763],[126.66995,37.67792],[126.66909,37.67921],[126.66846,37.68018],[126.66832,37.6805],[126.66679,37.68416],[126.66637,37.68606],[126.66633,37.68776],[126.66705,37.68914],[126.67655,37.70008],[126.67972,37.70515],[126.68136,37.70833],[126.68165,37.70891],[126.68346,37.71302],[126.68362,37.71339],[126.68417,37.71621],[126.68544,37.7228],[126.68544,37.7237],[126.68516,37.72486],[126.6848,37.72565],[126.68408,37.72654],[126.68258,37.72843],[126.68119,37.73018],[126.67754,37.73475],[126.67741,37.73499],[126.67739,37.73501],[126.67565,37.74201],[126.67505,37.74444],[126.674,37.75001],[126.67501,37.75256],[126.67617,37.755],[126.67464,37.76062],[126.67365,37.76427],[126.67355,37.76491],[126.67319,37.76734],[126.67289,37.76938],[126.66993,37.77772],[126.66875,37.7805],[126.667,37.78452],[126.65618,37.78231],[126.65238,37.7817],[126.64908,37.78128],[126.64122,37.77931],[126.63894,37.77843],[126.63034,37.77317],[126.62882,37.77236],[126.6279,37.77156],[126.62739,37.77021],[126.62715,37.7686],[126.62354,37.76342],[126.62287,37.7626],[126.62282,37.76253],[126.62261,37.76228],[126.61124,37.75392],[126.60947,37.75291],[126.60934,37.75291],[126.60757,37.7529],[126.60575,37.7529],[126.6049,37.75305],[126.60397,37.75323],[126.60185,37.75429],[126.60108,37.75516],[126.59981,37.75657],[126.59736,37.75689],[126.59541,37.75716],[126.59201,37.75774],[126.59102,37.75777],[126.58978,37.75724],[126.58918,37.75652],[126.58907,37.75639],[126.58258,37.75415],[126.58252,37.75414],[126.58158,37.754],[126.58071,37.75386],[126.58043,37.75381],[126.57748,37.75367],[126.57725,37.75365],[126.57527,37.75379],[126.57301,37.75415],[126.57135,37.75446],[126.57091,37.75458],[126.56889,37.75509],[126.56676,37.75603],[126.56135,37.76157],[126.56144,37.76202],[126.56163,37.76505],[126.55884,37.76756],[126.55515,37.76898],[126.54717,37.76993],[126.54095,37.77057],[126.54058,37.77059],[126.53753,37.77121],[126.53678,37.77164],[126.53633,37.7719],[126.53537,37.77194],[126.53479,37.77168],[126.52982,37.77012],[126.52424,37.76926],[126.52251,37.76899],[126.51456,37.76695]]],[[[126.51481,37.78086],[126.51507,37.77543],[126.51577,37.77316],[126.51654,37.7721],[126.51691,37.77194],[126.51763,37.77162],[126.51826,37.77185],[126.5213,37.77249],[126.52433,37.77312],[126.52629,37.77343],[126.53154,37.77374],[126.53314,37.77381],[126.53329,37.77381],[126.53583,37.77382],[126.53697,37.77377],[126.53783,37.77386],[126.53845,37.77405],[126.53959,37.77475],[126.54022,37.77536],[126.54038,37.77571],[126.54043,37.77599],[126.54044,37.77609],[126.53994,37.7771],[126.53945,37.7775],[126.53861,37.7781],[126.53737,37.77895],[126.53679,37.77925],[126.53623,37.77946],[126.53353,37.78017],[126.53215,37.78077],[126.52717,37.78385],[126.52575,37.78568],[126.52547,37.78657],[126.52481,37.78803],[126.52384,37.7898],[126.5224,37.79096],[126.52076,37.79211],[126.51983,37.79266],[126.51978,37.79269],[126.51934,37.79259],[126.51887,37.79249],[126.51858,37.79141],[126.51864,37.79043],[126.51878,37.79008],[126.51941,37.78846],[126.51963,37.78761],[126.51957,37.78646],[126.51767,37.7842],[126.51654,37.78329],[126.51535,37.78243],[126.5153,37.78228],[126.51481,37.78086]]],[[[126.5472,37.6024],[126.54728,37.60201],[126.54775,37.60049],[126.54778,37.60038],[126.54782,37.60027],[126.54924,37.59622],[126.54959,37.59588],[126.54963,37.59584],[126.54996,37.59586],[126.55024,37.59591],[126.5503,37.59592],[126.55054,37.59607],[126.55066,37.59625],[126.5518,37.59927],[126.55155,37.59978],[126.55133,37.59984],[126.55087,37.59994],[126.55061,37.59975],[126.55038,37.59942],[126.55034,37.59945],[126.55017,37.59959],[126.55006,37.59968],[126.54992,37.59986],[126.54987,37.59998],[126.54982,37.60013],[126.54909,37.60377],[126.54905,37.60397],[126.54902,37.60414],[126.54924,37.60432],[126.54924,37.60465],[126.54861,37.60472],[126.54805,37.60473],[126.54785,37.60439],[126.54727,37.60271],[126.5472,37.6024]]]]}},{"type":"Feature","properties":{"id":"41-41590","name":"화성시","sido":"경기도","code":"41590","center":[37.15763,126.83348]},"geometry":{"type":"MultiPolygon","coordinates":[[[[126.53704,37.10894],[126.53709,37.10822],[126.53719,37.10699],[126.53786,37.10356],[126.5391,37.09905],[126.53985,37.09945],[126.54167,37.10276],[126.54154,37.10452],[126.54117,37.10898],[126.54113,37.10924],[126.54104,37.10976],[126.54056,37.11119],[126.54017,37.11181],[126.5384,37.11241],[126.5375,37.11243],[126.53795,37.11076],[126.53756,37.10988],[126.53704,37.10894]]],[[[126.55288,37.05929],[126.55367,37.05835],[126.55815,37.06117],[126.55929,37.06179],[126.55881,37.06197],[126.55854,37.06216],[126.55825,37.06241],[126.55776,37.06296],[126.55734,37.06377],[126.55736,37.06433],[126.55741,37.06448],[126.55585,37.063],[126.55476,37.06167],[126.55288,37.05929]]],[[[126.61276,37.11826],[126.6128,37.1178],[126.61293,37.11761],[126.61302,37.11747],[126.61385,37.11721],[126.61409,37.11729],[126.61517,37.11833],[126.61547,37.11905],[126.6156,37.11942],[126.61558,37.11959],[126.61539,37.11968],[126.61497,37.11966],[126.61494,37.11967],[126.61475,37.1197],[126.6145,37.11965],[126.61419,37.11958],[126.61377,37.11937],[126.61318,37.11882],[126.61276,37.11826]]],[[[126.61424,37.1558],[126.6143,37.15563],[126.61431,37.15561],[126.61437,37.15554],[126.61447,37.15542],[126.61474,37.15539],[126.61479,37.15541],[126.61494,37.15548],[126.61821,37.1576],[126.61958,37.15958],[126.6224,37.16315],[126.62318,37.16368],[126.62333,37.16379],[126.62602,37.16596],[126.62658,37.16652],[126.62711,37.16709],[126.62727,37.16728],[126.62809,37.16834],[126.62829,37.1687],[126.62849,37.16911],[126.63062,37.17381],[126.62666,37.17538],[126.6244,37.17684],[126.62448,37.17683],[126.62457,37.17683],[126.62464,37.17687],[126.62468,37.17693],[126.62468,37.177],[126.62462,37.17707],[126.62454,37.17714],[126.6227,37.17844],[126.62207,37.17882],[126.62182,37.17898],[126.62051,37.17861],[126.62019,37.17849],[126.61976,37.17819],[126.61961,37.17809],[126.61899,37.17766],[126.61879,37.17748],[126.61845,37.17717],[126.6169,37.17529],[126.61675,37.17511],[126.61673,37.17507],[126.61668,37.17495],[126.61628,37.17365],[126.61622,37.17329],[126.61624,37.17207],[126.61678,37.16571],[126.61681,37.16535],[126.61687,37.16497],[126.61747,37.16179],[126.61688,37.15917],[126.61672,37.15904],[126.616,37.15839],[126.61584,37.15824],[126.61465,37.15669],[126.61436,37.15621],[126.61426,37.15598],[126.61424,37.15584],[126.61424,37.1558]]],[[[126.63731,37.14344],[126.63742,37.1405],[126.63746,37.14031],[126.63753,37.13998],[126.63769,37.13975],[126.6378,37.13959],[126.63817,37.13935],[126.63827,37.13935],[126.63866,37.13935],[126.63881,37.13949],[126.63863,37.14038],[126.63866,37.1415],[126.63869,37.14158],[126.63872,37.14165],[126.63883,37.14177],[126.63886,37.1418],[126.63909,37.14203],[126.63919,37.14227],[126.6391,37.1425],[126.63826,37.1434],[126.63775,37.14354],[126.63731,37.14344]]],[[[126.64808,37.24901],[126.64944,37.24435],[126.65007,37.24237],[126.65144,37.2388],[126.65557,37.23476],[126.65763,37.23595],[126.65705,37.23712],[126.6567,37.2378],[126.66131,37.23823],[126.6633,37.23736],[126.66453,37.23679],[126.66477,37.23364],[126.66686,37.23113],[126.66857,37.22916],[126.66873,37.22941],[126.66953,37.2298],[126.67015,37.23006],[126.67149,37.2303],[126.67154,37.2303],[126.67161,37.23029],[126.6718,37.2302],[126.67189,37.23016],[126.67296,37.22958],[126.67354,37.22778],[126.67623,37.22508],[126.67642,37.22484],[126.67711,37.22396],[126.67738,37.2236],[126.67678,37.22256],[126.67557,37.22111],[126.67097,37.21904],[126.66813,37.218],[126.66786,37.2181],[126.66769,37.2181],[126.66708,37.21802],[126.66687,37.21794],[126.66676,37.21781],[126.66621,37.21698],[126.66615,37.21687],[126.66613,37.21684],[126.66612,37.21679],[126.66611,37.21674],[126.66608,37.21662],[126.66541,37.21185],[126.6654,37.21178],[126.6654,37.21168],[126.66623,37.20864],[126.6663,37.20852],[126.66638,37.20837],[126.67123,37.20163],[126.67127,37.20159],[126.6713,37.20155],[126.67213,37.20054],[126.67215,37.20051],[126.67222,37.20044],[126.67239,37.20029],[126.67241,37.20026],[126.67245,37.20023],[126.67259,37.20012],[126.67272,37.20002],[126.67283,37.19996],[126.67325,37.1998],[126.67342,37.19974],[126.67347,37.19973],[126.67361,37.1997],[126.67376,37.19968],[126.67406,37.19969],[126.67427,37.19974],[126.67441,37.19979],[126.67453,37.19983],[126.6752,37.2001],[126.67578,37.20033],[126.67673,37.20074],[126.6768,37.20079],[126.67694,37.20092],[126.67887,37.20382],[126.67894,37.20395],[126.67912,37.20514],[126.67913,37.20539],[126.67907,37.20569],[126.67905,37.20575],[126.679,37.20595],[126.67898,37.20608],[126.67898,37.20625],[126.67898,37.20658],[126.67899,37.20673],[126.67901,37.20677],[126.67909,37.20701],[126.67921,37.20718],[126.68418,37.20945],[126.6849,37.20829],[126.68844,37.20755],[126.68928,37.21013],[126.69021,37.21302],[126.69175,37.2143],[126.69898,37.21405],[126.6991,37.21388],[126.69916,37.21374],[126.69652,37.21104],[126.69283,37.20655],[126.69269,37.20635],[126.69227,37.20553],[126.69203,37.20491],[126.69193,37.20314],[126.69129,37.20318],[126.68658,37.20221],[126.68389,37.20122],[126.68343,37.20104],[126.68313,37.20091],[126.68306,37.20088],[126.68035,37.19961],[126.68032,37.19957],[126.68029,37.19954],[126.68029,37.19934],[126.6803,37.19915],[126.68028,37.19874],[126.67985,37.19828],[126.67975,37.19821],[126.67796,37.19761],[126.67757,37.19753],[126.6765,37.19739],[126.67567,37.19751],[126.67292,37.19733],[126.67088,37.19714],[126.67075,37.19713],[126.67027,37.19704],[126.66958,37.19677],[126.66939,37.19662],[126.66918,37.19646],[126.66916,37.19643],[126.66916,37.19639],[126.6692,37.19633],[126.66973,37.19579],[126.66979,37.19574],[126.67012,37.19544],[126.67044,37.19514],[126.67106,37.19454],[126.67121,37.19439],[126.66907,37.1949],[126.6688,37.19496],[126.66869,37.19499],[126.66579,37.19576],[126.6658,37.19595],[126.66581,37.19607],[126.66581,37.19616],[126.66581,37.19623],[126.66578,37.19627],[126.66574,37.19632],[126.66568,37.19635],[126.66478,37.19658],[126.66474,37.19658],[126.66468,37.19659],[126.66213,37.19677],[126.66205,37.19677],[126.662,37.19677],[126.6607,37.19653],[126.66063,37.19651],[126.66056,37.19648],[126.66048,37.19643],[126.6604,37.19637],[126.66033,37.1963],[126.66031,37.19626],[126.66027,37.19618],[126.66027,37.19604],[126.65727,37.19096],[126.65721,37.19096],[126.65602,37.19091],[126.65162,37.19165],[126.65139,37.19142],[126.65106,37.19109],[126.65209,37.19092],[126.65534,37.19038],[126.65528,37.19017],[126.65515,37.18965],[126.65405,37.18856],[126.65252,37.18706],[126.65177,37.18641],[126.6515,37.18622],[126.65085,37.18575],[126.65049,37.18549],[126.65018,37.18527],[126.65004,37.18504],[126.64927,37.18376],[126.64962,37.18291],[126.6505,37.18253],[126.65198,37.18256],[126.65477,37.1828],[126.65487,37.18292],[126.65421,37.18325],[126.65416,37.18346],[126.65411,37.18367],[126.65451,37.18586],[126.65715,37.18863],[126.65836,37.18989],[126.65989,37.19047],[126.66473,37.19147],[126.66643,37.19074],[126.6689,37.18955],[126.66973,37.18914],[126.66886,37.18876],[126.66785,37.18851],[126.6677,37.18851],[126.66744,37.18851],[126.66722,37.18899],[126.66718,37.18901],[126.66684,37.18921],[126.66615,37.18903],[126.66456,37.18742],[126.66472,37.18684],[126.66541,37.18649],[126.66566,37.18619],[126.66569,37.18574],[126.66505,37.18331],[126.66467,37.18238],[126.66292,37.1814],[126.66186,37.18011],[126.66142,37.17956],[126.66139,37.17876],[126.66091,37.17809],[126.66086,37.17803],[126.6605,37.17809],[126.6585,37.17842],[126.65721,37.18028],[126.65601,37.18093],[126.65557,37.18107],[126.65462,37.18138],[126.65403,37.18137],[126.65365,37.18137],[126.65328,37.18092],[126.65325,37.18081],[126.65312,37.18024],[126.65376,37.17921],[126.65415,37.17881],[126.65454,37.17841],[126.65542,37.17776],[126.65555,37.17766],[126.65581,37.17555],[126.65586,37.17349],[126.65765,37.16737],[126.65877,37.16482],[126.66059,37.16348],[126.66065,37.16211],[126.65785,37.15924],[126.65477,37.15822],[126.65037,37.1571],[126.64944,37.15657],[126.64928,37.15516],[126.64932,37.15475],[126.64934,37.15454],[126.64983,37.15402],[126.65066,37.15362],[126.65485,37.15297],[126.65584,37.15315],[126.65904,37.15382],[126.66058,37.1544],[126.66095,37.15466],[126.66129,37.15489],[126.66159,37.15516],[126.66228,37.15577],[126.66288,37.15616],[126.6631,37.1563],[126.66393,37.15657],[126.66906,37.15585],[126.67012,37.1557],[126.68261,37.16037],[126.6836,37.16325],[126.68887,37.16793],[126.68926,37.16784],[126.68931,37.16749],[126.6874,37.16459],[126.68417,37.15968],[126.68772,37.15833],[126.69073,37.15718],[126.69088,37.15681],[126.69189,37.15534],[126.69295,37.15399],[126.69389,37.15351],[126.6945,37.15316],[126.6945,37.15252],[126.6945,37.15236],[126.68989,37.15084],[126.68547,37.14992],[126.68371,37.14974],[126.68256,37.14885],[126.68218,37.14735],[126.68087,37.1444],[126.67951,37.14148],[126.6791,37.14087],[126.67901,37.14073],[126.67616,37.13885],[126.67511,37.1384],[126.67407,37.13809],[126.67351,37.13799],[126.67352,37.13699],[126.6737,37.1347],[126.67458,37.13466],[126.67601,37.13528],[126.6761,37.13543],[126.67622,37.13563],[126.67744,37.13497],[126.68077,37.13014],[126.68173,37.12872],[126.68193,37.12844],[126.68388,37.12241],[126.6845,37.11959],[126.68428,37.11871],[126.68368,37.11743],[126.68318,37.11699],[126.68089,37.1156],[126.67796,37.11565],[126.67791,37.11503],[126.68106,37.11257],[126.68255,37.11178],[126.68284,37.11167],[126.68327,37.11152],[126.68464,37.11161],[126.68613,37.11192],[126.68718,37.11257],[126.68728,37.11263],[126.68781,37.11327],[126.68838,37.11396],[126.68801,37.11459],[126.68771,37.1151],[126.68848,37.11612],[126.69238,37.11917],[126.69505,37.11984],[126.6954,37.11992],[126.69824,37.11979],[126.70484,37.12314],[126.70503,37.12879],[126.70514,37.12918],[126.7053,37.12972],[126.70585,37.13055],[126.70639,37.13104],[126.70782,37.13144],[126.70942,37.13149],[126.7113,37.1311],[126.71133,37.13107],[126.7124,37.13013],[126.71301,37.12951],[126.71378,37.12943],[126.7173,37.13076],[126.71922,37.132],[126.72072,37.13501],[126.72108,37.13575],[126.72191,37.13659],[126.7235,37.13729],[126.72448,37.13741],[126.72504,37.13747],[126.72567,37.13768],[126.72664,37.13801],[126.72778,37.13861],[126.72807,37.13876],[126.72982,37.14154],[126.73208,37.14642],[126.73139,37.14839],[126.73114,37.1491],[126.73367,37.14986],[126.73582,37.14986],[126.73631,37.14942],[126.73752,37.14974],[126.74022,37.15155],[126.74181,37.15283],[126.74258,37.1538],[126.74251,37.15447],[126.74247,37.15486],[126.74279,37.15556],[126.74427,37.15764],[126.74502,37.15846],[126.74589,37.15907],[126.74646,37.16],[126.7468,37.16171],[126.74641,37.16479],[126.74652,37.16548],[126.74825,37.16653],[126.74923,37.16688],[126.75119,37.16689],[126.75225,37.16679],[126.75304,37.16672],[126.7549,37.16611],[126.75893,37.1649],[126.75991,37.16473],[126.76644,37.16422],[126.77264,37.16423],[126.77569,37.16432],[126.776,37.16437],[126.77798,37.16468],[126.77878,37.16525],[126.7808,37.16668],[126.78493,37.17017],[126.78677,37.17183],[126.78862,37.17358],[126.78866,37.17362],[126.79035,37.17532],[126.79056,37.17557],[126.79155,37.17677],[126.792,37.17731],[126.79339,37.17898],[126.7947,37.18061],[126.79486,37.18081],[126.79531,37.18136],[126.79637,37.18563],[126.79685,37.18796],[126.79711,37.18888],[126.79709,37.18872],[126.79728,37.18633],[126.79557,37.17971],[126.79377,37.17788],[126.79319,37.17728],[126.79279,37.17682],[126.79259,37.17658],[126.79256,37.17649],[126.79212,37.17534],[126.792,37.17315],[126.79235,37.17289],[126.79264,37.17267],[126.79372,37.17195],[126.79479,37.17154],[126.79619,37.17043],[126.79575,37.16922],[126.79568,37.16719],[126.79576,37.1662],[126.79632,37.16506],[126.7976,37.16245],[126.79499,37.15825],[126.78935,37.15564],[126.78832,37.15523],[126.78553,37.1549],[126.78454,37.15436],[126.7818,37.15276],[126.7814,37.15238],[126.78135,37.15227],[126.78125,37.15203],[126.78196,37.15159],[126.78225,37.15145],[126.78276,37.15121],[126.78749,37.15058],[126.79032,37.14955],[126.79477,37.15088],[126.79628,37.1519],[126.79954,37.15359],[126.80045,37.15343],[126.80451,37.15147],[126.8055,37.14891],[126.80723,37.14524],[126.80765,37.14435],[126.81512,37.14305],[126.81539,37.14275],[126.81534,37.14267],[126.81509,37.14229],[126.81195,37.13941],[126.81161,37.13957],[126.8107,37.14003],[126.81038,37.14016],[126.8101,37.14013],[126.80131,37.13874],[126.80113,37.13865],[126.80001,37.13778],[126.79591,37.13457],[126.79576,37.13442],[126.79573,37.13436],[126.7957,37.13431],[126.79565,37.1342],[126.7956,37.13402],[126.79557,37.13379],[126.79553,37.13264],[126.79553,37.13212],[126.79554,37.13141],[126.79552,37.13113],[126.79545,37.13067],[126.79493,37.12901],[126.79462,37.12902],[126.79379,37.12911],[126.79302,37.12919],[126.79207,37.1293],[126.78845,37.12969],[126.78749,37.1298],[126.78748,37.12984],[126.78741,37.13013],[126.78729,37.13062],[126.78722,37.13094],[126.78699,37.13196],[126.78682,37.13269],[126.78342,37.13485],[126.7827,37.13512],[126.78252,37.13508],[126.7761,37.1323],[126.77591,37.13151],[126.77567,37.13052],[126.77552,37.1299],[126.774,37.1283],[126.77338,37.12808],[126.77217,37.1279],[126.77194,37.1279],[126.77137,37.1279],[126.76874,37.1279],[126.76438,37.12304],[126.76382,37.12241],[126.76332,37.12178],[126.7619,37.11996],[126.76139,37.11929],[126.76098,37.11873],[126.75981,37.11712],[126.75956,37.11671],[126.75946,37.11645],[126.7594,37.11629],[126.75817,37.11255],[126.75814,37.1124],[126.75809,37.11221],[126.75806,37.11191],[126.75806,37.11177],[126.75806,37.1116],[126.75813,37.11131],[126.75827,37.11106],[126.75829,37.11103],[126.75844,37.11084],[126.75864,37.11067],[126.76113,37.10891],[126.76351,37.10724],[126.76383,37.10703],[126.76409,37.10684],[126.76534,37.10592],[126.76526,37.10547],[126.76523,37.10522],[126.76527,37.10495],[126.7655,37.10462],[126.76635,37.10372],[126.76866,37.1031],[126.76904,37.10299],[126.76982,37.10386],[126.77024,37.10283],[126.77033,37.10148],[126.77033,37.10115],[126.76984,37.0995],[126.76823,37.0957],[126.76628,37.09319],[126.76669,37.09225],[126.76711,37.09094],[126.7666,37.08917],[126.76601,37.08926],[126.7656,37.08933],[126.76474,37.08778],[126.76424,37.08651],[126.76495,37.0847],[126.76367,37.0812],[126.76332,37.07888],[126.76277,37.07522],[126.7635,37.07232],[126.76399,37.07217],[126.76406,37.07189],[126.76431,37.07038],[126.76413,37.06897],[126.76254,37.06847],[126.76134,37.06808],[126.7618,37.0665],[126.76289,37.0628],[126.76659,37.0637],[126.76963,37.06388],[126.76968,37.06388],[126.77018,37.06385],[126.76895,37.06014],[126.76881,37.0601],[126.76355,37.0585],[126.75659,37.05639],[126.75489,37.0549],[126.74837,37.04904],[126.74753,37.04734],[126.74607,37.0444],[126.7448,37.04162],[126.74435,37.03919],[126.74443,37.03867],[126.74462,37.03728],[126.74475,37.03632],[126.74882,37.0301],[126.74976,37.02956],[126.75031,37.02943],[126.75101,37.02925],[126.75957,37.0293],[126.76568,37.02933],[126.76731,37.02932],[126.77348,37.0293],[126.78906,37.02917],[126.79456,37.02579],[126.79503,37.01804],[126.7957,37.0174],[126.79622,37.01691],[126.79666,37.01602],[126.79691,37.01206],[126.80685,37.01272],[126.81317,37.01304],[126.81528,37.01315],[126.81715,37.01322],[126.81938,37.01331],[126.82101,37.01338],[126.82668,37.01346],[126.82705,37.01345],[126.82916,37.01345],[126.82992,37.01344],[126.83272,37.01352],[126.83806,37.01365],[126.83998,37.01399],[126.84323,37.01457],[126.84515,37.01524],[126.84598,37.01552],[126.84693,37.01585],[126.8501,37.01782],[126.85311,37.02],[126.85659,37.02419],[126.85804,37.0261],[126.86072,37.02989],[126.86211,37.03179],[126.86288,37.03283],[126.86718,37.03896],[126.86894,37.04149],[126.86919,37.04185],[126.86925,37.04194],[126.87039,37.04364],[126.87074,37.04416],[126.87146,37.04523],[126.87242,37.04662],[126.87291,37.04727],[126.87391,37.04844],[126.87471,37.04937],[126.87571,37.05054],[126.87583,37.05069],[126.87739,37.05286],[126.88121,37.05829],[126.88155,37.05891],[126.88162,37.05904],[126.88253,37.06081],[126.88298,37.06232],[126.88327,37.06344],[126.88349,37.06466],[126.88374,37.06628],[126.88376,37.06648],[126.8838,37.0665],[126.88391,37.06656],[126.88406,37.0666],[126.88415,37.06663],[126.88477,37.06669],[126.88874,37.06699],[126.88888,37.0669],[126.88902,37.06682],[126.89089,37.06697],[126.89138,37.06703],[126.89169,37.06711],[126.89623,37.0685],[126.90082,37.07009],[126.90108,37.0702],[126.90131,37.07043],[126.90152,37.07079],[126.90169,37.07129],[126.90174,37.07146],[126.90193,37.07191],[126.90207,37.07204],[126.90212,37.07207],[126.9023,37.0722],[126.90237,37.07225],[126.90293,37.07261],[126.90302,37.07267],[126.90453,37.0735],[126.90491,37.07364],[126.90548,37.07343],[126.90556,37.0734],[126.90575,37.0733],[126.90597,37.0722],[126.90588,37.07203],[126.90539,37.07177],[126.90507,37.07161],[126.9049,37.07152],[126.905,37.07105],[126.90532,37.07017],[126.90543,37.07004],[126.90577,37.06966],[126.9063,37.06929],[126.90819,37.06898],[126.91039,37.06883],[126.91271,37.06739],[126.91284,37.06681],[126.91488,37.06577],[126.91942,37.06519],[126.92048,37.06518],[126.92097,37.06522],[126.92205,37.0653],[126.92213,37.06535],[126.92244,37.06555],[126.92253,37.06573],[126.92264,37.06596],[126.92285,37.06622],[126.92318,37.0664],[126.92435,37.06686],[126.92715,37.06788],[126.9278,37.06805],[126.92793,37.06809],[126.92865,37.06804],[126.92986,37.06736],[126.93024,37.0671],[126.93183,37.06326],[126.93172,37.06284],[126.93165,37.06269],[126.93184,37.06262],[126.932,37.06256],[126.93633,37.06164],[126.94038,37.06081],[126.94342,37.06282],[126.94409,37.0633],[126.94549,37.06556],[126.95137,37.06856],[126.95264,37.06823],[126.95352,37.06823],[126.95594,37.06826],[126.95632,37.06827],[126.95645,37.06827],[126.95892,37.06877],[126.95935,37.06891],[126.95959,37.06914],[126.95968,37.06919],[126.95974,37.06924],[126.96044,37.06953],[126.96101,37.06975],[126.96115,37.06981],[126.96125,37.06982],[126.96143,37.06981],[126.96283,37.06963],[126.96478,37.06886],[126.96534,37.0688],[126.9656,37.06887],[126.96583,37.06894],[126.9664,37.06911],[126.96651,37.06929],[126.9667,37.06967],[126.96705,37.07045],[126.96733,37.07128],[126.96743,37.07183],[126.96748,37.07207],[126.96806,37.07297],[126.96883,37.07343],[126.96901,37.07337],[126.97289,37.07212],[126.97314,37.07203],[126.97362,37.07176],[126.9739,37.07157],[126.97397,37.07148],[126.97404,37.0714],[126.97412,37.07124],[126.97419,37.07111],[126.97428,37.07101],[126.97466,37.07085],[126.97554,37.0706],[126.97726,37.07077],[126.98305,37.07151],[126.98367,37.07157],[126.98463,37.07165],[126.98604,37.07131],[126.98659,37.07106],[126.98714,37.07073],[126.9876,37.07045],[126.99402,37.07009],[126.99513,37.07005],[126.9949,37.0717],[126.99448,37.07356],[126.9931,37.07949],[126.99192,37.08321],[126.99173,37.08477],[126.99207,37.08652],[126.99271,37.08859],[126.99359,37.08958],[126.99522,37.09016],[126.99721,37.09101],[126.99777,37.09126],[126.99841,37.09197],[126.99865,37.09226],[126.99893,37.09259],[126.9989,37.093],[126.99888,37.09317],[126.99809,37.09487],[126.99742,37.09615],[126.9973,37.09633],[126.99704,37.09713],[126.99703,37.09741],[126.99703,37.09782],[126.99757,37.09885],[126.99799,37.09968],[126.99804,37.09982],[126.99831,37.10057],[126.99785,37.10445],[126.99688,37.10662],[126.9966,37.10681],[126.99629,37.10703],[126.99603,37.1074],[126.99591,37.10767],[126.99574,37.10803],[126.99573,37.1082],[126.99651,37.11156],[126.99657,37.11172],[126.99666,37.11198],[126.99694,37.11211],[126.99721,37.11236],[126.99744,37.11264],[126.99936,37.116],[127.00041,37.11786],[127.00069,37.11839],[127.00079,37.11862],[127.00205,37.12177],[127.0021,37.1219],[127.00213,37.12217],[127.00213,37.12248],[127.0023,37.12316],[127.00239,37.12362],[127.00238,37.1237],[127.00234,37.12388],[126.99951,37.12241],[126.99917,37.12244],[126.9989,37.12259],[126.99856,37.12278],[126.99846,37.12284],[126.99837,37.12289],[126.9981,37.12309],[126.99914,37.12364],[126.99922,37.1236],[126.99952,37.12351],[127.00014,37.1237],[127.00243,37.12438],[127.00322,37.12547],[127.0034,37.12597],[127.00359,37.12645],[127.00371,37.12671],[127.00383,37.12695],[127.00537,37.1281],[127.01146,37.12896],[127.01346,37.12898],[127.01367,37.12902],[127.0175,37.12992],[127.0177,37.12998],[127.01782,37.13002],[127.01806,37.13014],[127.01871,37.13055],[127.01928,37.13091],[127.02021,37.13147],[127.02065,37.13173],[127.02118,37.13197],[127.02422,37.13322],[127.02439,37.13322],[127.02455,37.13323],[127.02492,37.133],[127.02516,37.13279],[127.02887,37.13337],[127.02921,37.13346],[127.02993,37.13376],[127.03023,37.13398],[127.03038,37.13447],[127.0304,37.13457],[127.03067,37.13467],[127.03288,37.13539],[127.03339,37.13556],[127.03354,37.13561],[127.03446,37.13586],[127.03563,37.13602],[127.03446,37.13723],[127.03334,37.13876],[127.03257,37.1402],[127.03159,37.14259],[127.0316,37.14277],[127.0316,37.14301],[127.03156,37.14314],[127.03152,37.14326],[127.03092,37.14442],[127.03089,37.14447],[127.03079,37.14459],[127.03065,37.1447],[127.03054,37.14479],[127.03047,37.14483],[127.03041,37.14486],[127.03028,37.14492],[127.0301,37.14502],[127.02991,37.14519],[127.02982,37.14532],[127.02981,37.1454],[127.02981,37.14546],[127.02981,37.14552],[127.02983,37.14561],[127.02987,37.14572],[127.02991,37.1458],[127.02995,37.14584],[127.03007,37.14598],[127.03023,37.14618],[127.03031,37.14631],[127.03034,37.14637],[127.03034,37.14645],[127.03018,37.14894],[127.03015,37.14923],[127.03013,37.14952],[127.02998,37.15],[127.02941,37.15061],[127.02876,37.15126],[127.02863,37.15132],[127.02859,37.15137],[127.02853,37.15144],[127.02807,37.15217],[127.02786,37.15267],[127.02783,37.15379],[127.02791,37.15389],[127.02797,37.15397],[127.02799,37.15401],[127.028,37.15408],[127.02802,37.15421],[127.02805,37.15426],[127.0281,37.15433],[127.02818,37.15441],[127.02826,37.15449],[127.0283,37.15452],[127.02842,37.15464],[127.02879,37.15498],[127.0301,37.1554],[127.03049,37.15601],[127.02976,37.15876],[127.02888,37.15941],[127.02808,37.16],[127.02745,37.16038],[127.02697,37.16066],[127.02731,37.16173],[127.0281,37.16312],[127.02527,37.16467],[127.02402,37.16526],[127.02272,37.16547],[127.02143,37.16617],[127.02127,37.16643],[127.01988,37.16709],[127.01905,37.16729],[127.01663,37.16785],[127.01619,37.1678],[127.01239,37.16757],[127.00653,37.16806],[127.00649,37.1681],[127.00416,37.16977],[127.00199,37.17212],[127.00167,37.17247],[127.00131,37.17271],[127.00007,37.17355],[126.99967,37.17374],[126.99786,37.17437],[126.99695,37.17469],[126.99654,37.17483],[126.99629,37.17491],[126.99561,37.17486],[126.99553,37.17486],[126.99525,37.17501],[126.99515,37.1757],[126.99515,37.17727],[126.9965,37.17846],[126.99781,37.17811],[126.99977,37.17758],[127.00155,37.17839],[127.00301,37.17914],[127.00343,37.17943],[127.00456,37.18041],[127.00482,37.1808],[127.00481,37.18125],[127.00461,37.18148],[127.00423,37.18153],[127.00365,37.18161],[127.00243,37.18205],[127.00293,37.18261],[127.0036,37.18334],[127.00622,37.18551],[127.00785,37.187],[127.00845,37.18922],[127.00872,37.1899],[127.00874,37.18992],[127.0093,37.19121],[127.00982,37.1924],[127.01001,37.19265],[127.01032,37.19306],[127.01104,37.19375],[127.01132,37.1939],[127.01188,37.19421],[127.0136,37.19481],[127.01509,37.19512],[127.01564,37.1952],[127.01636,37.19531],[127.01698,37.19539],[127.01753,37.19546],[127.01874,37.19586],[127.02105,37.19661],[127.02146,37.19675],[127.0216,37.19679],[127.02413,37.19784],[127.02444,37.19798],[127.02468,37.19809],[127.02649,37.2001],[127.02661,37.20026],[127.02665,37.20036],[127.02665,37.20042],[127.02824,37.20013],[127.03124,37.19991],[127.03246,37.20007],[127.03266,37.20009],[127.03332,37.2001],[127.03388,37.2001],[127.03426,37.2001],[127.03485,37.20009],[127.03666,37.19996],[127.0368,37.19995],[127.03689,37.19994],[127.03698,37.19992],[127.03702,37.19991],[127.03706,37.19991],[127.03718,37.19981],[127.03728,37.19971],[127.03733,37.19961],[127.03734,37.1995],[127.03734,37.19945],[127.03735,37.19927],[127.03739,37.19914],[127.03763,37.19897],[127.0384,37.1985],[127.03854,37.19842],[127.03872,37.19833],[127.04154,37.19749],[127.04251,37.19764],[127.0461,37.19626],[127.047,37.19611],[127.04919,37.19592],[127.04944,37.19591],[127.04962,37.1959],[127.04975,37.19592],[127.04985,37.19596],[127.0499,37.19598],[127.05041,37.19633],[127.05064,37.19648],[127.05096,37.19665],[127.05153,37.19695],[127.05173,37.19702],[127.05179,37.19704],[127.05196,37.19708],[127.05441,37.19746],[127.0546,37.19746],[127.05467,37.19746],[127.05481,37.19745],[127.05517,37.1974],[127.05545,37.19734],[127.0558,37.19726],[127.05601,37.1972],[127.05613,37.19718],[127.05622,37.19717],[127.05641,37.19717],[127.05662,37.19721],[127.05673,37.19724],[127.05854,37.19813],[127.06147,37.1994],[127.06497,37.19775],[127.06602,37.19572],[127.06603,37.19467],[127.06568,37.19433],[127.06554,37.19317],[127.06565,37.19216],[127.06637,37.19154],[127.0665,37.19145],[127.06685,37.19122],[127.06724,37.19102],[127.06743,37.19096],[127.06764,37.19091],[127.068,37.19085],[127.0683,37.19078],[127.06836,37.19077],[127.06857,37.19065],[127.06864,37.19062],[127.06814,37.18915],[127.06532,37.18645],[127.06535,37.18638],[127.06569,37.18538],[127.06606,37.18432],[127.06659,37.18407],[127.06976,37.18401],[127.07106,37.18404],[127.07156,37.18371],[127.07187,37.18309],[127.07214,37.18202],[127.07222,37.17598],[127.07083,37.17362],[127.07067,37.17308],[127.07065,37.17298],[127.07064,37.17267],[127.071,37.17036],[127.07103,37.17022],[127.07106,37.17009],[127.07107,37.17004],[127.07158,37.16805],[127.0716,37.16798],[127.07399,37.16377],[127.07536,37.16258],[127.07596,37.16223],[127.07657,37.16199],[127.07739,37.16192],[127.07813,37.16187],[127.08295,37.16137],[127.08895,37.16052],[127.09165,37.15968],[127.09386,37.15945],[127.09799,37.15585],[127.09803,37.15573],[127.09813,37.15539],[127.09842,37.15394],[127.09806,37.15296],[127.09931,37.15021],[127.10009,37.14842],[127.10095,37.14609],[127.10365,37.14357],[127.10372,37.14234],[127.10376,37.14226],[127.10384,37.14208],[127.10393,37.142],[127.10396,37.14198],[127.10401,37.14195],[127.10416,37.14192],[127.10431,37.14193],[127.10617,37.14215],[127.10923,37.14269],[127.11088,37.14381],[127.11413,37.14462],[127.11593,37.14423],[127.11851,37.14384],[127.11863,37.14382],[127.11895,37.14378],[127.1227,37.14451],[127.12289,37.14465],[127.12339,37.14493],[127.12446,37.14526],[127.1246,37.1453],[127.12478,37.14536],[127.12639,37.14558],[127.12708,37.14565],[127.1293,37.14847],[127.12944,37.14865],[127.12949,37.14875],[127.13042,37.15123],[127.13059,37.15179],[127.13059,37.15185],[127.12883,37.15848],[127.1279,37.15976],[127.12788,37.15982],[127.12788,37.15989],[127.12793,37.16064],[127.12794,37.16072],[127.128,37.16084],[127.12802,37.16087],[127.12806,37.16094],[127.12812,37.161],[127.12818,37.16106],[127.12905,37.16195],[127.12915,37.16203],[127.12922,37.16206],[127.13121,37.16287],[127.13368,37.16473],[127.13383,37.16487],[127.13387,37.16493],[127.1339,37.16497],[127.13391,37.16501],[127.13381,37.16606],[127.13379,37.16612],[127.13375,37.16619],[127.1337,37.16626],[127.13363,37.16632],[127.13354,37.16638],[127.13332,37.16653],[127.13322,37.16659],[127.13317,37.16662],[127.1331,37.16668],[127.13308,37.16672],[127.13256,37.16806],[127.13255,37.16818],[127.13257,37.16837],[127.13258,37.1684],[127.133,37.16907],[127.13301,37.16909],[127.13306,37.16912],[127.13317,37.16916],[127.13326,37.1692],[127.13331,37.1692],[127.13939,37.16946],[127.14371,37.17017],[127.14383,37.17018],[127.14402,37.17018],[127.14418,37.17016],[127.14437,37.17014],[127.14442,37.17013],[127.14447,37.17012],[127.14454,37.17008],[127.14468,37.17001],[127.14478,37.16996],[127.14491,37.16988],[127.14498,37.16983],[127.14517,37.16976],[127.14534,37.1697],[127.14543,37.16968],[127.14552,37.16966],[127.1456,37.16965],[127.14566,37.16964],[127.14571,37.16964],[127.14779,37.16953],[127.14784,37.16953],[127.14789,37.16953],[127.14815,37.16959],[127.14841,37.16968],[127.14862,37.1698],[127.15115,37.1716],[127.15258,37.17333],[127.15347,37.1746],[127.1555,37.17665],[127.15563,37.17676],[127.15569,37.17679],[127.15573,37.17679],[127.15585,37.17676],[127.15599,37.1767],[127.15624,37.17664],[127.1564,37.17663],[127.15684,37.17664],[127.15705,37.17667],[127.1573,37.17669],[127.15762,37.17679],[127.15789,37.17696],[127.15797,37.17702],[127.15923,37.17795],[127.15926,37.17798],[127.16065,37.18031],[127.16067,37.18036],[127.16069,37.18041],[127.16067,37.18056],[127.1599,37.18221],[127.15908,37.18413],[127.1592,37.18424],[127.15933,37.18435],[127.1594,37.18444],[127.15944,37.18448],[127.1596,37.18466],[127.16023,37.18589],[127.16026,37.18599],[127.16043,37.18668],[127.16131,37.19035],[127.16132,37.19041],[127.16132,37.19052],[127.16132,37.19066],[127.16131,37.19071],[127.16096,37.19164],[127.16094,37.19167],[127.16091,37.19172],[127.15572,37.19666],[127.15546,37.19774],[127.15473,37.19745],[127.15377,37.19762],[127.15285,37.19723],[127.15266,37.19813],[127.15229,37.19833],[127.15196,37.19911],[127.1523,37.19998],[127.15267,37.20024],[127.15277,37.20085],[127.15297,37.20122],[127.15339,37.20191],[127.15431,37.20212],[127.15537,37.20346],[127.15589,37.20595],[127.15768,37.207],[127.15777,37.20717],[127.15775,37.20727],[127.15767,37.20747],[127.15696,37.20852],[127.15598,37.2093],[127.15541,37.20957],[127.15198,37.21377],[127.15172,37.21414],[127.15144,37.2158],[127.15144,37.21708],[127.1516,37.21854],[127.15125,37.21872],[127.14956,37.21896],[127.14847,37.21907],[127.14791,37.21905],[127.14449,37.21868],[127.1443,37.21864],[127.14329,37.21838],[127.14002,37.2175],[127.13966,37.21733],[127.13814,37.21649],[127.13739,37.21605],[127.13714,37.21591],[127.13709,37.21588],[127.13676,37.21568],[127.13618,37.21564],[127.13421,37.21603],[127.12966,37.21746],[127.12672,37.21751],[127.11909,37.2194],[127.11738,37.21996],[127.11553,37.21925],[127.11525,37.21917],[127.11518,37.21915],[127.11318,37.21919],[127.1101,37.21931],[127.10883,37.21944],[127.10852,37.21952],[127.10826,37.21957],[127.10811,37.2196],[127.10779,37.21963],[127.10717,37.21971],[127.10666,37.21975],[127.10588,37.2198],[127.10465,37.21986],[127.10433,37.21982],[127.09558,37.21829],[127.09253,37.21753],[127.09106,37.21697],[127.09088,37.2169],[127.09052,37.21676],[127.08896,37.21636],[127.08878,37.21644],[127.08874,37.21646],[127.0877,37.21695],[127.08659,37.21749],[127.08283,37.21952],[127.08243,37.21977],[127.08232,37.21983],[127.08192,37.22015],[127.07878,37.22285],[127.07558,37.2259],[127.07482,37.22674],[127.07458,37.22801],[127.07456,37.22813],[127.07329,37.22882],[127.0727,37.22914],[127.0726,37.22916],[127.0718,37.22909],[127.07155,37.22906],[127.07124,37.22901],[127.07071,37.22891],[127.06963,37.22929],[127.06892,37.22993],[127.06884,37.23002],[127.06881,37.23005],[127.06879,37.23009],[127.06877,37.23011],[127.06876,37.23015],[127.068,37.23468],[127.06802,37.23669],[127.06802,37.23672],[127.06822,37.2371],[127.06829,37.23711],[127.06836,37.23713],[127.06842,37.23713],[127.0685,37.23715],[127.0685,37.23719],[127.06849,37.23732],[127.06843,37.23765],[127.06818,37.23851],[127.06805,37.23876],[127.06798,37.23884],[127.06778,37.23905],[127.06668,37.24015],[127.06635,37.24009],[127.06615,37.24016],[127.066,37.24016],[127.06545,37.24014],[127.065,37.24004],[127.0644,37.23927],[127.06326,37.23917],[127.06213,37.23801],[127.06005,37.23626],[127.06002,37.23609],[127.05998,37.23594],[127.05991,37.23582],[127.0599,37.23579],[127.05972,37.23553],[127.05964,37.23543],[127.05942,37.23516],[127.05934,37.23508],[127.05924,37.23498],[127.05838,37.23421],[127.05833,37.23418],[127.0583,37.23415],[127.05827,37.23413],[127.05673,37.23313],[127.05632,37.23287],[127.05604,37.23273],[127.05487,37.23216],[127.05256,37.23106],[127.05255,37.23133],[127.05257,37.23148],[127.05379,37.23223],[127.05383,37.23232],[127.05383,37.23242],[127.05376,37.23274],[127.05362,37.23344],[127.05359,37.23349],[127.05356,37.23352],[127.05346,37.23358],[127.05234,37.23404],[127.05196,37.23418],[127.05166,37.23431],[127.05154,37.23436],[127.05131,37.23436],[127.0495,37.23409],[127.04919,37.23394],[127.049,37.23384],[127.04813,37.23339],[127.04663,37.23288],[127.04599,37.23279],[127.04595,37.23279],[127.04499,37.23317],[127.04498,37.23379],[127.0445,37.23426],[127.04421,37.23444],[127.04354,37.23459],[127.04296,37.23471],[127.04171,37.23517],[127.04164,37.2352],[127.03913,37.23719],[127.03912,37.23724],[127.03927,37.23764],[127.03953,37.23837],[127.04071,37.24159],[127.04197,37.2451],[127.04213,37.24543],[127.04262,37.24675],[127.04127,37.24727],[127.04109,37.24737],[127.04069,37.24724],[127.04043,37.247],[127.04043,37.24669],[127.04042,37.24633],[127.04084,37.24585],[127.04104,37.24504],[127.041,37.24443],[127.04085,37.24377],[127.04054,37.24342],[127.04029,37.24331],[127.04,37.24327],[127.03968,37.2435],[127.03899,37.24273],[127.03714,37.2405],[127.0367,37.2384],[127.03347,37.2353],[127.02964,37.23201],[127.02614,37.23067],[127.0229,37.22951],[127.02397,37.22742],[127.02396,37.22718],[127.0239,37.22706],[127.02263,37.2249],[127.0225,37.22479],[127.02199,37.22446],[127.02166,37.22429],[127.02137,37.22424],[127.017,37.22553],[127.01658,37.22567],[127.01636,37.22576],[127.01517,37.22624],[127.01449,37.22654],[127.01403,37.22671],[127.0136,37.22688],[127.01189,37.22721],[127.01158,37.22726],[127.01127,37.22727],[127.0107,37.22729],[127.00987,37.22731],[127.0081,37.22784],[127.00368,37.22929],[126.99758,37.23023],[126.99265,37.23085],[126.99119,37.23204],[126.99039,37.23263],[126.98949,37.2331],[126.98852,37.23351],[126.98825,37.23358],[126.98812,37.23359],[126.98572,37.23264],[126.9824,37.23226],[126.98158,37.23226],[126.98036,37.23224],[126.98032,37.23223],[126.98026,37.23219],[126.98022,37.23216],[126.9802,37.23213],[126.98006,37.23161],[126.97991,37.23104],[126.97953,37.23059],[126.97895,37.2301],[126.97822,37.22957],[126.97282,37.22872],[126.97199,37.22887],[126.97039,37.2292],[126.96925,37.23067],[126.96899,37.23164],[126.9677,37.23484],[126.96695,37.23563],[126.96501,37.23665],[126.964,37.23709],[126.96299,37.23752],[126.962,37.23768],[126.96095,37.23811],[126.95776,37.23976],[126.95736,37.24032],[126.95735,37.2404],[126.95742,37.24044],[126.9576,37.24054],[126.95777,37.24076],[126.95799,37.24127],[126.95799,37.2413],[126.95796,37.2426],[126.95779,37.24317],[126.95731,37.24418],[126.9567,37.2451],[126.95668,37.24519],[126.95619,37.24677],[126.95489,37.24744],[126.95368,37.24799],[126.95337,37.24813],[126.95297,37.24873],[126.95272,37.24909],[126.95224,37.25147],[126.95071,37.25237],[126.94998,37.25382],[126.9502,37.25531],[126.95016,37.25545],[126.95005,37.25584],[126.94853,37.25683],[126.94792,37.25708],[126.94653,37.2575],[126.94584,37.25734],[126.94504,37.25716],[126.94473,37.25704],[126.94466,37.25701],[126.94359,37.25684],[126.9395,37.25659],[126.93928,37.25659],[126.93823,37.25659],[126.93578,37.25677],[126.93513,37.25692],[126.93509,37.25695],[126.93495,37.25705],[126.93478,37.25788],[126.932,37.26056],[126.93085,37.26104],[126.93023,37.26191],[126.92901,37.26366],[126.92726,37.27143],[126.92753,37.27345],[126.9282,37.27508],[126.92868,37.27672],[126.92802,37.27708],[126.92759,37.27821],[126.92737,37.2788],[126.92638,37.27908],[126.92622,37.27913],[126.92371,37.28136],[126.91829,37.28493],[126.91817,37.285],[126.91756,37.28539],[126.91694,37.28699],[126.91613,37.28867],[126.91385,37.29147],[126.91378,37.29148],[126.91309,37.29153],[126.91259,37.29105],[126.9122,37.29042],[126.91213,37.29029],[126.91198,37.29015],[126.90947,37.29005],[126.90555,37.28989],[126.9015,37.29098],[126.89841,37.294],[126.89955,37.2902],[126.89878,37.28958],[126.8977,37.28906],[126.89641,37.28899],[126.89583,37.28864],[126.89526,37.2883],[126.89323,37.28677],[126.89319,37.28674],[126.89287,37.28645],[126.89109,37.28385],[126.89147,37.28288],[126.89139,37.28248],[126.89091,37.28202],[126.88914,37.28126],[126.88781,37.28079],[126.88618,37.28053],[126.88405,37.28162],[126.8833,37.28218],[126.87969,37.28567],[126.87923,37.28531],[126.87907,37.28511],[126.87901,37.28504],[126.87876,37.28447],[126.87853,37.28395],[126.87827,37.28247],[126.87821,37.28115],[126.87815,37.27923],[126.87667,37.27772],[126.87132,37.27471],[126.87118,37.27471],[126.8613,37.2743],[126.8596,37.27424],[126.85822,37.27418],[126.85794,37.27388],[126.85378,37.27235],[126.85272,37.27204],[126.85143,37.27075],[126.84983,37.26916],[126.84934,37.26868],[126.84812,37.26651],[126.8479,37.26596],[126.84717,37.26575],[126.84647,37.26587],[126.84523,37.2659],[126.8429,37.26727],[126.84143,37.26765],[126.83948,37.26955],[126.83862,37.27076],[126.83753,37.27219],[126.83713,37.27342],[126.83726,37.27493],[126.83675,37.27559],[126.83561,37.27657],[126.83493,37.27682],[126.83217,37.27706],[126.83107,37.27678],[126.82992,37.27676],[126.82902,37.27673],[126.82806,37.27708],[126.8273,37.27785],[126.82683,37.27853],[126.82556,37.28106],[126.8252,37.28309],[126.82441,37.2848],[126.82349,37.28644],[126.82277,37.28721],[126.82075,37.28937],[126.81932,37.29053],[126.81726,37.29165],[126.81464,37.29281],[126.81173,37.2934],[126.80826,37.29347],[126.80464,37.29318],[126.80449,37.28366],[126.80261,37.28294],[126.80128,37.28013],[126.80108,37.27969],[126.80033,37.2795],[126.80014,37.27945],[126.79991,37.27944],[126.79936,37.2794],[126.7992,37.279],[126.80057,37.27781],[126.80155,37.27739],[126.80249,37.277],[126.80287,37.27685],[126.80361,37.27655],[126.80502,37.27492],[126.80691,37.27128],[126.80838,37.26841],[126.80902,37.26828],[126.80932,37.26846],[126.80953,37.26858],[126.80967,37.26861],[126.80991,37.26865],[126.81003,37.26857],[126.81034,37.26835],[126.81056,37.2677],[126.81047,37.26719],[126.81002,37.26696],[126.80979,37.26684],[126.80928,37.26681],[126.80551,37.26824],[126.80311,37.26922],[126.80217,37.26963],[126.79858,37.27062],[126.79733,37.27077],[126.79614,37.27092],[126.79229,37.26897],[126.79011,37.26732],[126.79011,37.26664],[126.79154,37.26136],[126.7921,37.26048],[126.79282,37.26003],[126.79304,37.25945],[126.79274,37.2588],[126.79121,37.25761],[126.78809,37.25517],[126.78875,37.25182],[126.78952,37.24782],[126.78936,37.24437],[126.78765,37.24444],[126.78226,37.24517],[126.77806,37.24595],[126.77778,37.24079],[126.7783,37.23925],[126.77933,37.23805],[126.77997,37.2373],[126.7816,37.23556],[126.78243,37.2349],[126.7831,37.23437],[126.7837,37.23451],[126.78428,37.23469],[126.78434,37.23471],[126.78515,37.23451],[126.78575,37.23393],[126.78631,37.23339],[126.78641,37.23298],[126.78585,37.23332],[126.78174,37.23439],[126.78066,37.23546],[126.77765,37.23788],[126.77761,37.2379],[126.77717,37.23926],[126.77626,37.2441],[126.77621,37.2445],[126.77604,37.24572],[126.77589,37.24679],[126.77589,37.24693],[126.77573,37.24727],[126.77563,37.24747],[126.77518,37.24793],[126.77418,37.2485],[126.77415,37.24852],[126.77354,37.2487],[126.77248,37.24901],[126.77027,37.24898],[126.76754,37.24832],[126.7657,37.25057],[126.76387,37.25281],[126.75898,37.254],[126.75701,37.25505],[126.74893,37.25578],[126.74509,37.25577],[126.74071,37.25515],[126.73886,37.25422],[126.73833,37.25396],[126.73809,37.25367],[126.73553,37.25073],[126.73494,37.25058],[126.73403,37.25035],[126.7301,37.25386],[126.72942,37.25446],[126.72915,37.25442],[126.72782,37.25423],[126.72762,37.25447],[126.72745,37.25468],[126.72681,37.25576],[126.72669,37.25596],[126.72669,37.25635],[126.72669,37.25685],[126.72659,37.25783],[126.72546,37.25858],[126.72405,37.25842],[126.72368,37.25752],[126.72167,37.2568],[126.71914,37.25612],[126.71726,37.25611],[126.71426,37.25678],[126.70899,37.25864],[126.70646,37.25856],[126.70533,37.25856],[126.70411,37.25863],[126.69941,37.26113],[126.69856,37.26154],[126.69667,37.26153],[126.69312,37.26152],[126.69086,37.26257],[126.68917,37.26286],[126.68673,37.26271],[126.68658,37.26243],[126.68617,37.26173],[126.68579,37.26104],[126.68487,37.2594],[126.68419,37.25899],[126.68375,37.25873],[126.68112,37.25722],[126.68062,37.25751],[126.67981,37.25797],[126.67957,37.25862],[126.67943,37.25901],[126.67956,37.25959],[126.6798,37.26059],[126.67825,37.26135],[126.67691,37.26073],[126.67577,37.2587],[126.6754,37.25743],[126.67653,37.25683],[126.67859,37.25691],[126.68028,37.25602],[126.67671,37.24675],[126.67666,37.24661],[126.67665,37.24658],[126.67661,37.24647],[126.67259,37.24409],[126.66994,37.24285],[126.66897,37.24267],[126.66821,37.24281],[126.66777,37.2432],[126.66714,37.2444],[126.66196,37.24541],[126.65498,37.24681],[126.65531,37.24723],[126.65567,37.24744],[126.65615,37.24801],[126.65562,37.24864],[126.65495,37.24903],[126.65237,37.25075],[126.65057,37.25418],[126.65052,37.25418],[126.64994,37.25417],[126.64977,37.25159],[126.64808,37.24901]],[[127.10324,37.18961],[127.1036,37.18987],[127.10401,37.19016],[127.10324,37.18961]]],[[[126.65769,37.20228],[126.65769,37.2022],[126.6577,37.20217],[126.6577,37.20212],[126.65772,37.20206],[126.65778,37.20195],[126.6579,37.20187],[126.658,37.20184],[126.65809,37.20183],[126.65827,37.20181],[126.65837,37.20181],[126.65849,37.20184],[126.65859,37.20187],[126.65866,37.20192],[126.65874,37.20198],[126.65879,37.20204],[126.65889,37.20216],[126.65892,37.20225],[126.65894,37.20239],[126.65897,37.20278],[126.65894,37.20286],[126.65891,37.20292],[126.65886,37.20298],[126.6588,37.20304],[126.65866,37.2031],[126.65851,37.2031],[126.65832,37.20305],[126.65829,37.20304],[126.65821,37.20301],[126.65813,37.20296],[126.65791,37.20268],[126.65787,37.20263],[126.65779,37.2025],[126.65774,37.2024],[126.65771,37.20235],[126.65769,37.20228]]],[[[126.66028,37.20489],[126.66076,37.20456],[126.66163,37.20395],[126.66176,37.20387],[126.66193,37.20378],[126.66208,37.2037],[126.663,37.20344],[126.66313,37.20344],[126.66327,37.20353],[126.66334,37.20367],[126.66352,37.20488],[126.6635,37.20497],[126.66335,37.20525],[126.66318,37.20543],[126.66301,37.20548],[126.66274,37.20549],[126.66245,37.20567],[126.6624,37.2057],[126.66233,37.20573],[126.66214,37.20571],[126.66198,37.20565],[126.66192,37.20563],[126.66028,37.20489]]],[[[126.66668,37.27532],[126.66709,37.27454],[126.66735,37.27405],[126.66774,37.27388],[126.66876,37.27345],[126.67092,37.27346],[126.6728,37.27361],[126.6788,37.27408],[126.68002,37.27438],[126.68058,37.27483],[126.68198,37.27664],[126.68497,37.28062],[126.68017,37.2839],[126.67867,37.28368],[126.67286,37.28089],[126.66809,37.27667],[126.66717,37.27579],[126.66668,37.27532]]],[[[126.7303,37.07317],[126.73031,37.0727],[126.73032,37.07218],[126.73056,37.07213],[126.73087,37.07207],[126.7317,37.07223],[126.73271,37.07301],[126.73383,37.07351],[126.73581,37.07419],[126.73778,37.07484],[126.73885,37.07505],[126.73953,37.07518],[126.74112,37.07564],[126.74201,37.07615],[126.74251,37.07676],[126.74267,37.07763],[126.74265,37.0799],[126.7423,37.0823],[126.74195,37.08323],[126.74129,37.08398],[126.74052,37.08488],[126.73944,37.08651],[126.73928,37.08748],[126.73929,37.0881],[126.73743,37.09179],[126.73695,37.09227],[126.73675,37.09248],[126.7364,37.09286],[126.73608,37.09308],[126.73583,37.09314],[126.73533,37.09305],[126.73526,37.09264],[126.73527,37.08811],[126.7353,37.08798],[126.7355,37.08716],[126.73567,37.08665],[126.73576,37.08616],[126.73577,37.0856],[126.73579,37.08467],[126.73581,37.083],[126.73561,37.08258],[126.73471,37.08126],[126.73387,37.08041],[126.73278,37.07919],[126.73191,37.07772],[126.73052,37.07396],[126.73047,37.07379],[126.7303,37.07317]]],[[[126.73423,37.28309],[126.73432,37.28284],[126.73493,37.28264],[126.73508,37.2826],[126.73672,37.28317],[126.73752,37.28353],[126.7414,37.283],[126.74491,37.28301],[126.74519,37.28312],[126.74553,37.28326],[126.74589,37.28362],[126.74589,37.28392],[126.74589,37.28408],[126.74561,37.28749],[126.74538,37.28799],[126.74246,37.28766],[126.74062,37.289],[126.73942,37.28918],[126.73759,37.28864],[126.73737,37.28857],[126.73666,37.28832],[126.73475,37.28594],[126.73423,37.28309]]],[[[126.762,37.26084],[126.76202,37.26075],[126.76218,37.26056],[126.76251,37.26027],[126.76268,37.26013],[126.76279,37.26009],[126.76305,37.26004],[126.76618,37.25942],[126.76631,37.25941],[126.76639,37.25945],[126.76647,37.25951],[126.76646,37.25968],[126.76637,37.2599],[126.76586,37.26115],[126.76584,37.26133],[126.76575,37.26182],[126.76573,37.2619],[126.76564,37.26197],[126.76551,37.26194],[126.76269,37.26133],[126.76216,37.2611],[126.76209,37.26101],[126.762,37.26084]]]]}},{"type":"Feature","properties":{"id":"41-41610","name":"광주시","sido":"경기도","code":"41610","center":[37.40299,127.30113]},"geometry":{"type":"Polygon","coordinates":[[[127.13174,37.3512],[127.13286,37.35054],[127.13264,37.34931],[127.13258,37.34926],[127.13251,37.34919],[127.13249,37.34912],[127.13248,37.3491],[127.13251,37.34902],[127.13254,37.34897],[127.13285,37.3486],[127.13303,37.3484],[127.13414,37.34721],[127.13533,37.34629],[127.13786,37.34439],[127.13802,37.34408],[127.13807,37.34372],[127.13806,37.34223],[127.13787,37.34036],[127.13775,37.34009],[127.13754,37.33988],[127.13727,37.33973],[127.13683,37.33966],[127.13634,37.33964],[127.13707,37.33939],[127.13765,37.33942],[127.13792,37.33943],[127.13839,37.3394],[127.13844,37.33939],[127.13848,37.33937],[127.13863,37.3393],[127.13922,37.33901],[127.13929,37.33898],[127.13941,37.33891],[127.13954,37.33884],[127.13971,37.3387],[127.13999,37.3384],[127.14186,37.33631],[127.14241,37.33653],[127.14265,37.3366],[127.14422,37.33696],[127.14525,37.33695],[127.14539,37.33693],[127.14564,37.33694],[127.14655,37.3372],[127.14666,37.33723],[127.1482,37.3377],[127.14841,37.3378],[127.1485,37.33786],[127.15267,37.34001],[127.15484,37.34029],[127.15755,37.34107],[127.16135,37.3427],[127.16152,37.34278],[127.16166,37.34288],[127.16175,37.34302],[127.16189,37.3432],[127.16198,37.34329],[127.16202,37.3433],[127.16206,37.34332],[127.17288,37.34461],[127.17376,37.34467],[127.17673,37.34442],[127.17817,37.34355],[127.17826,37.34348],[127.17828,37.34346],[127.17848,37.34329],[127.17876,37.34322],[127.18131,37.34375],[127.1816,37.34384],[127.1817,37.34387],[127.1818,37.34391],[127.1821,37.34403],[127.18224,37.34415],[127.18303,37.34457],[127.18344,37.34474],[127.1853,37.34532],[127.19087,37.34705],[127.19162,37.34724],[127.19168,37.34721],[127.19171,37.34719],[127.19246,37.34666],[127.19553,37.34453],[127.19573,37.34436],[127.19608,37.34404],[127.19717,37.34288],[127.19803,37.34145],[127.19818,37.34112],[127.19826,37.33949],[127.1977,37.33756],[127.19696,37.33588],[127.19692,37.33472],[127.19698,37.33456],[127.19744,37.33354],[127.20041,37.32902],[127.20055,37.32885],[127.20067,37.32873],[127.20075,37.32868],[127.20094,37.32863],[127.20115,37.32859],[127.20129,37.32858],[127.20134,37.32859],[127.20147,37.32861],[127.20831,37.33088],[127.20846,37.331],[127.20896,37.33154],[127.209,37.3316],[127.20899,37.33169],[127.20896,37.33178],[127.21265,37.33742],[127.21301,37.33748],[127.21411,37.33807],[127.2158,37.33957],[127.21681,37.34067],[127.2181,37.34277],[127.21845,37.34386],[127.21831,37.34479],[127.21831,37.34501],[127.21831,37.34505],[127.21852,37.34551],[127.21876,37.34581],[127.21899,37.34612],[127.21904,37.34619],[127.21909,37.34625],[127.21946,37.34657],[127.21998,37.34692],[127.2206,37.34701],[127.22063,37.34701],[127.22115,37.34696],[127.22157,37.34686],[127.22193,37.34664],[127.22241,37.34624],[127.22281,37.3457],[127.22287,37.34562],[127.22304,37.34565],[127.2233,37.34573],[127.22335,37.34575],[127.22346,37.3458],[127.22353,37.34586],[127.22358,37.34593],[127.22361,37.34601],[127.22363,37.34613],[127.22355,37.34637],[127.2235,37.34648],[127.22343,37.34661],[127.2234,37.34667],[127.22171,37.34912],[127.22158,37.3493],[127.22139,37.34947],[127.21918,37.3512],[127.21792,37.3522],[127.21778,37.35241],[127.2174,37.35305],[127.2167,37.35465],[127.21669,37.35469],[127.21668,37.35477],[127.21672,37.35486],[127.21702,37.35521],[127.21733,37.35539],[127.21763,37.35546],[127.21853,37.35563],[127.21863,37.35563],[127.21867,37.35561],[127.21873,37.35559],[127.21882,37.35553],[127.21901,37.35538],[127.21919,37.35516],[127.21935,37.35494],[127.21943,37.35473],[127.21948,37.35461],[127.21951,37.35456],[127.21956,37.35447],[127.2196,37.35443],[127.21964,37.35442],[127.21967,37.3544],[127.21974,37.35438],[127.21979,37.35438],[127.22241,37.35437],[127.22262,37.35438],[127.22304,37.3545],[127.22318,37.35455],[127.22326,37.35458],[127.22496,37.35525],[127.22501,37.35528],[127.22505,37.35536],[127.22507,37.3554],[127.22642,37.35675],[127.22861,37.3589],[127.2288,37.35902],[127.22899,37.3591],[127.22924,37.35919],[127.22958,37.35922],[127.23006,37.35905],[127.23019,37.35898],[127.23135,37.35832],[127.23369,37.35799],[127.23541,37.35841],[127.23581,37.35879],[127.23806,37.36042],[127.23812,37.3604],[127.23851,37.36004],[127.23896,37.35942],[127.239,37.35936],[127.23901,37.35933],[127.23903,37.35926],[127.23903,37.35908],[127.23903,37.35889],[127.23902,37.35864],[127.23898,37.3585],[127.23887,37.35801],[127.23884,37.35785],[127.23882,37.35758],[127.23878,37.35711],[127.23878,37.35646],[127.23879,37.35636],[127.2388,37.35619],[127.2389,37.35553],[127.23895,37.35532],[127.23903,37.35511],[127.23915,37.35493],[127.23941,37.35456],[127.23948,37.35448],[127.23959,37.35435],[127.23982,37.35416],[127.24008,37.354],[127.24032,37.35387],[127.24038,37.35383],[127.24069,37.35367],[127.24102,37.3535],[127.24136,37.35339],[127.2415,37.35336],[127.24169,37.35332],[127.24187,37.35331],[127.2421,37.35337],[127.24219,37.35341],[127.24232,37.35348],[127.24235,37.35352],[127.2424,37.35369],[127.24246,37.35379],[127.24262,37.35397],[127.24279,37.35412],[127.24294,37.35423],[127.24315,37.35434],[127.24356,37.35453],[127.24433,37.35488],[127.24471,37.35504],[127.24538,37.35531],[127.24561,37.35538],[127.2457,37.35541],[127.24599,37.3555],[127.24678,37.35566],[127.24685,37.35566],[127.24691,37.35565],[127.25442,37.35076],[127.25451,37.35075],[127.25823,37.34979],[127.25831,37.34977],[127.25835,37.34976],[127.25958,37.34932],[127.25982,37.34922],[127.26045,37.34892],[127.26097,37.34866],[127.26123,37.3485],[127.26138,37.3484],[127.26149,37.34829],[127.26158,37.34819],[127.26167,37.34806],[127.26293,37.34607],[127.26335,37.34491],[127.26349,37.34444],[127.26355,37.34431],[127.26358,37.34423],[127.26361,37.34418],[127.26369,37.34407],[127.26376,37.34397],[127.2638,37.34392],[127.26384,37.34388],[127.26388,37.34384],[127.26496,37.34273],[127.265,37.3427],[127.26503,37.34268],[127.26875,37.34235],[127.26881,37.34235],[127.26892,37.34235],[127.26903,37.34236],[127.26914,37.34237],[127.27024,37.34246],[127.27342,37.34273],[127.27442,37.34293],[127.27545,37.34316],[127.2764,37.34386],[127.27676,37.34409],[127.27733,37.34441],[127.27748,37.34449],[127.2803,37.34599],[127.28039,37.34603],[127.28063,37.34613],[127.2808,37.34616],[127.28093,37.34618],[127.28106,37.34618],[127.28121,37.34616],[127.28127,37.34615],[127.28135,37.34614],[127.28148,37.34611],[127.28296,37.34548],[127.28334,37.34531],[127.28316,37.34404],[127.28347,37.34152],[127.28367,37.33856],[127.28367,37.33847],[127.28324,37.33659],[127.28323,37.33654],[127.2832,37.33649],[127.2829,37.33616],[127.28266,37.3359],[127.28186,37.33506],[127.28182,37.33502],[127.28176,37.33499],[127.2817,37.33496],[127.28167,37.33494],[127.2816,37.33491],[127.28154,37.33489],[127.28146,37.33486],[127.28133,37.33484],[127.28125,37.33481],[127.28122,37.33479],[127.28114,37.33476],[127.28111,37.33474],[127.28105,37.33466],[127.28099,37.33459],[127.28097,37.33455],[127.28097,37.33452],[127.28096,37.33447],[127.28095,37.33442],[127.28096,37.33435],[127.28098,37.33426],[127.28101,37.33421],[127.28104,37.33415],[127.28106,37.33412],[127.28107,37.33409],[127.28109,37.33406],[127.28111,37.33399],[127.28111,37.33389],[127.28111,37.33383],[127.28106,37.33371],[127.28096,37.33348],[127.28093,37.33342],[127.28082,37.33322],[127.2808,37.33318],[127.28077,37.33312],[127.28074,37.33308],[127.28015,37.33219],[127.27979,37.33013],[127.28004,37.32858],[127.28005,37.32855],[127.28006,37.32849],[127.28009,37.32842],[127.28013,37.32837],[127.28022,37.32825],[127.28037,37.32808],[127.28042,37.32804],[127.28048,37.328],[127.28054,37.32798],[127.28059,37.32797],[127.28071,37.32794],[127.28074,37.32794],[127.28077,37.32794],[127.28094,37.32792],[127.28123,37.32787],[127.28179,37.32776],[127.28191,37.32772],[127.2821,37.32762],[127.28217,37.32757],[127.28221,37.32755],[127.28226,37.3275],[127.28232,37.32741],[127.28232,37.32731],[127.28232,37.32726],[127.28232,37.32717],[127.28228,37.32683],[127.28223,37.32658],[127.28205,37.32228],[127.28271,37.32089],[127.28273,37.32083],[127.28275,37.32075],[127.2831,37.31927],[127.28311,37.31922],[127.28312,37.31915],[127.28311,37.31907],[127.28309,37.31899],[127.28253,37.3176],[127.28175,37.31643],[127.28161,37.31632],[127.28147,37.31619],[127.28035,37.31484],[127.27949,37.31377],[127.2784,37.31189],[127.27735,37.30954],[127.27727,37.30934],[127.27726,37.30921],[127.27726,37.30917],[127.27727,37.30913],[127.27729,37.30901],[127.27735,37.30882],[127.27736,37.30879],[127.2774,37.30869],[127.27744,37.3086],[127.27754,37.30848],[127.27762,37.30838],[127.27773,37.30825],[127.27781,37.30817],[127.27788,37.3081],[127.27811,37.30785],[127.27877,37.30708],[127.27883,37.30699],[127.2789,37.30689],[127.27896,37.30674],[127.27898,37.30661],[127.27898,37.30654],[127.27898,37.30648],[127.27897,37.30644],[127.27891,37.30624],[127.27884,37.30606],[127.2786,37.30544],[127.28042,37.30146],[127.28166,37.29805],[127.28169,37.29795],[127.2817,37.2979],[127.28169,37.2978],[127.28169,37.29773],[127.28166,37.29755],[127.28157,37.29715],[127.28152,37.29696],[127.27839,37.29119],[127.27821,37.29094],[127.2778,37.2904],[127.27855,37.28664],[127.2799,37.28559],[127.27995,37.28551],[127.28175,37.27808],[127.28176,37.27804],[127.28175,37.27801],[127.28174,37.27796],[127.28172,37.27786],[127.28171,37.27783],[127.28161,37.27773],[127.28096,37.2773],[127.28052,37.27704],[127.27942,37.2765],[127.27925,37.27642],[127.27855,37.27621],[127.27782,37.27603],[127.27763,37.27598],[127.27748,37.27592],[127.27724,37.27579],[127.27626,37.27518],[127.2758,37.27482],[127.27573,37.27475],[127.27594,37.27373],[127.27596,37.2736],[127.27672,37.27286],[127.27946,37.27018],[127.28006,37.26963],[127.28118,37.2691],[127.28229,37.26896],[127.28446,37.26898],[127.28454,37.26898],[127.28457,37.26898],[127.28468,37.26901],[127.28478,37.26906],[127.28491,37.26916],[127.28503,37.26932],[127.28509,37.26943],[127.28512,37.26948],[127.28521,37.26961],[127.28537,37.26983],[127.28549,37.26992],[127.28576,37.27011],[127.28585,37.27016],[127.28596,37.27022],[127.28623,37.27035],[127.28742,37.27084],[127.28756,37.27088],[127.29016,37.27142],[127.29148,37.27165],[127.29158,37.27165],[127.29169,37.27166],[127.29193,37.27165],[127.29215,37.2716],[127.29659,37.27051],[127.29668,37.27049],[127.29831,37.26977],[127.29901,37.26926],[127.29927,37.26884],[127.29984,37.26766],[127.29999,37.26716],[127.30025,37.26643],[127.30033,37.26628],[127.30039,37.26618],[127.30067,37.26594],[127.30076,37.26586],[127.30094,37.26573],[127.30103,37.26568],[127.30113,37.26568],[127.30125,37.26569],[127.30211,37.26614],[127.30216,37.26617],[127.30285,37.26738],[127.30287,37.26751],[127.30284,37.26762],[127.30282,37.26767],[127.30274,37.26779],[127.30263,37.26793],[127.30258,37.26807],[127.30256,37.26815],[127.30254,37.26826],[127.30253,37.26847],[127.30264,37.2692],[127.30277,37.26958],[127.3028,37.26964],[127.3029,37.2698],[127.30295,37.26985],[127.30301,37.26993],[127.30381,37.2707],[127.30397,37.27083],[127.30414,37.27093],[127.30442,37.27099],[127.30474,37.27101],[127.30487,37.27101],[127.30514,37.27096],[127.30542,37.27088],[127.30556,37.27087],[127.30854,37.2721],[127.30942,37.27249],[127.31073,37.27328],[127.31296,37.27369],[127.31655,37.27382],[127.31921,37.27498],[127.31929,37.27499],[127.32298,37.27409],[127.32303,37.27404],[127.32305,37.27401],[127.32339,37.27359],[127.33089,37.27024],[127.33521,37.27105],[127.33539,37.27108],[127.33551,37.27109],[127.3365,37.2712],[127.33665,37.27121],[127.33675,37.2712],[127.3388,37.27054],[127.33882,37.27107],[127.33883,37.27115],[127.33885,37.27125],[127.33886,37.2713],[127.33886,37.27134],[127.33893,37.27143],[127.34026,37.27258],[127.34032,37.27261],[127.34043,37.27269],[127.34068,37.27282],[127.34095,37.27292],[127.34139,37.273],[127.34165,37.27301],[127.34331,37.27318],[127.34503,37.27403],[127.34898,37.2767],[127.34908,37.27681],[127.34908,37.2769],[127.34906,37.27698],[127.34827,37.27908],[127.34824,37.27914],[127.34815,37.27924],[127.34747,37.27979],[127.34737,37.27986],[127.34717,37.27994],[127.34652,37.28023],[127.34528,37.28085],[127.34346,37.28215],[127.34331,37.28225],[127.34325,37.28231],[127.34319,37.28236],[127.34313,37.28244],[127.34308,37.28255],[127.34275,37.28374],[127.34264,37.28452],[127.34266,37.28488],[127.34266,37.28499],[127.34265,37.28508],[127.34251,37.28587],[127.34249,37.28594],[127.34246,37.28604],[127.34238,37.28618],[127.34172,37.28709],[127.34161,37.28719],[127.34126,37.28742],[127.34102,37.28758],[127.34088,37.28767],[127.34072,37.28772],[127.34061,37.28773],[127.34054,37.28774],[127.34042,37.28777],[127.3403,37.28786],[127.3402,37.28798],[127.34016,37.28806],[127.34015,37.28811],[127.34018,37.28816],[127.34067,37.28873],[127.34073,37.28879],[127.34223,37.29027],[127.34245,37.29047],[127.34252,37.29054],[127.34277,37.29078],[127.34305,37.291],[127.34317,37.29106],[127.34325,37.29109],[127.34547,37.29125],[127.34588,37.29126],[127.346,37.29125],[127.34612,37.29122],[127.34623,37.29118],[127.3463,37.29113],[127.34713,37.29056],[127.3472,37.2905],[127.34723,37.29042],[127.34726,37.29035],[127.34726,37.2903],[127.34726,37.29025],[127.34725,37.2902],[127.34725,37.29014],[127.34731,37.29006],[127.34739,37.29],[127.34744,37.28998],[127.34747,37.28996],[127.34752,37.28995],[127.34757,37.28995],[127.34767,37.28995],[127.34787,37.28997],[127.34801,37.29001],[127.34975,37.29074],[127.35106,37.29136],[127.35308,37.29232],[127.35393,37.29331],[127.35393,37.29336],[127.35393,37.29339],[127.35397,37.29353],[127.35405,37.29372],[127.3541,37.2938],[127.35422,37.294],[127.35439,37.29419],[127.35456,37.29433],[127.35464,37.29437],[127.35478,37.2944],[127.35625,37.29467],[127.35645,37.29469],[127.35662,37.29468],[127.35682,37.29463],[127.35714,37.2946],[127.35717,37.29488],[127.3572,37.295],[127.35721,37.29503],[127.35723,37.29507],[127.35729,37.29516],[127.35737,37.29525],[127.35748,37.29537],[127.35753,37.29544],[127.35754,37.29551],[127.35753,37.29559],[127.35751,37.29568],[127.35747,37.29577],[127.35744,37.29584],[127.35742,37.29593],[127.35743,37.296],[127.35745,37.29606],[127.35748,37.29613],[127.35751,37.29621],[127.35755,37.29631],[127.35755,37.29638],[127.35753,37.29644],[127.35749,37.29651],[127.35741,37.29661],[127.35735,37.29673],[127.35731,37.29685],[127.3573,37.29694],[127.3573,37.29703],[127.35731,37.29707],[127.35731,37.29712],[127.35734,37.29724],[127.35736,37.29732],[127.35741,37.29757],[127.35742,37.2977],[127.35741,37.29776],[127.35711,37.29881],[127.35709,37.29888],[127.35706,37.29895],[127.35695,37.2991],[127.35685,37.29919],[127.35672,37.29929],[127.3566,37.29937],[127.35644,37.29946],[127.35626,37.29953],[127.35616,37.29957],[127.35592,37.29965],[127.35561,37.29976],[127.35542,37.29983],[127.35537,37.29985],[127.35519,37.29993],[127.35511,37.3],[127.3546,37.30055],[127.35449,37.30067],[127.35446,37.30075],[127.35446,37.30083],[127.35447,37.30137],[127.3545,37.30148],[127.35455,37.30153],[127.35462,37.30158],[127.3547,37.30164],[127.35536,37.30212],[127.35622,37.30283],[127.3563,37.3029],[127.35642,37.30302],[127.35671,37.30331],[127.35703,37.30367],[127.35728,37.30396],[127.3574,37.30415],[127.35749,37.30435],[127.35763,37.30475],[127.35772,37.30507],[127.36131,37.30719],[127.36138,37.30719],[127.36157,37.30718],[127.36209,37.30719],[127.36232,37.30721],[127.36257,37.30725],[127.36432,37.30768],[127.3644,37.30774],[127.36494,37.30849],[127.36497,37.30858],[127.36498,37.30867],[127.36497,37.30985],[127.36496,37.30988],[127.36495,37.30993],[127.36403,37.31154],[127.36367,37.31209],[127.36362,37.31217],[127.36343,37.31307],[127.36335,37.31571],[127.36336,37.31577],[127.36341,37.31581],[127.36359,37.31588],[127.36389,37.31604],[127.36494,37.31658],[127.365,37.31658],[127.36507,37.31657],[127.3663,37.3159],[127.36728,37.31518],[127.36739,37.31512],[127.36754,37.31508],[127.36836,37.3149],[127.36849,37.31492],[127.36863,37.31494],[127.36954,37.31521],[127.3696,37.31523],[127.37164,37.31657],[127.37205,37.31694],[127.37212,37.317],[127.37217,37.31713],[127.37221,37.31729],[127.37224,37.31747],[127.37225,37.31779],[127.37226,37.31804],[127.37229,37.31815],[127.37234,37.31826],[127.37238,37.31835],[127.37251,37.31855],[127.37268,37.31872],[127.37287,37.31883],[127.37576,37.32064],[127.37591,37.32073],[127.37616,37.32076],[127.37654,37.32074],[127.3768,37.32069],[127.3769,37.3206],[127.37694,37.32057],[127.37745,37.31997],[127.37771,37.31965],[127.37799,37.31949],[127.37839,37.31934],[127.37887,37.31928],[127.38148,37.31901],[127.38717,37.31889],[127.38745,37.31895],[127.39003,37.3196],[127.39031,37.31969],[127.39245,37.32094],[127.39251,37.32098],[127.39262,37.32123],[127.3927,37.32165],[127.39266,37.32191],[127.39263,37.32206],[127.39263,37.32212],[127.39263,37.32222],[127.39275,37.32247],[127.39343,37.3233],[127.39364,37.32354],[127.39372,37.3236],[127.39385,37.32369],[127.39418,37.32391],[127.39786,37.3261],[127.39991,37.32724],[127.40049,37.32731],[127.40258,37.32742],[127.40465,37.32758],[127.40484,37.32761],[127.40496,37.32765],[127.40503,37.32767],[127.40514,37.32777],[127.4052,37.32782],[127.4065,37.32943],[127.40798,37.33092],[127.41248,37.33393],[127.41261,37.33399],[127.41275,37.33402],[127.41423,37.33416],[127.41454,37.33416],[127.4148,37.33413],[127.41497,37.33411],[127.41725,37.33585],[127.41983,37.33784],[127.42063,37.33865],[127.42152,37.34023],[127.42155,37.3403],[127.42155,37.3406],[127.42149,37.34079],[127.42132,37.34102],[127.42127,37.34109],[127.42125,37.34114],[127.42118,37.34128],[127.42117,37.34141],[127.42116,37.34148],[127.42117,37.34155],[127.42119,37.34178],[127.42127,37.34206],[127.42129,37.3421],[127.42136,37.34225],[127.42144,37.34237],[127.42155,37.3425],[127.42172,37.34269],[127.42194,37.34291],[127.42207,37.34303],[127.42286,37.34359],[127.42351,37.34403],[127.42355,37.34405],[127.42368,37.34411],[127.42386,37.34414],[127.42407,37.34414],[127.42629,37.34498],[127.42969,37.34641],[127.43,37.34657],[127.43018,37.34671],[127.43032,37.34683],[127.43054,37.34707],[127.43379,37.35081],[127.43397,37.35143],[127.43441,37.35252],[127.4352,37.35426],[127.43528,37.35435],[127.43533,37.35441],[127.43584,37.3549],[127.43592,37.35495],[127.43603,37.35502],[127.43896,37.35667],[127.43959,37.357],[127.44246,37.35844],[127.44336,37.35927],[127.44475,37.36035],[127.44584,37.36072],[127.44588,37.36075],[127.44597,37.36082],[127.44603,37.36091],[127.44596,37.36273],[127.44592,37.36342],[127.44551,37.36484],[127.44439,37.36794],[127.44391,37.36908],[127.44376,37.36979],[127.44367,37.37613],[127.44369,37.3763],[127.44412,37.37811],[127.44528,37.38133],[127.44453,37.38541],[127.44448,37.38552],[127.4436,37.3865],[127.44301,37.3871],[127.44272,37.38725],[127.4425,37.38738],[127.44014,37.38708],[127.43879,37.38684],[127.43682,37.38643],[127.43543,37.38642],[127.43528,37.38644],[127.4351,37.38649],[127.43244,37.38728],[127.42974,37.38803],[127.42939,37.38795],[127.42889,37.38752],[127.42689,37.38645],[127.42516,37.38577],[127.42456,37.38575],[127.42439,37.38576],[127.42244,37.38581],[127.42157,37.38592],[127.42028,37.38661],[127.41742,37.38949],[127.41496,37.39361],[127.41486,37.39379],[127.41479,37.39393],[127.41281,37.3982],[127.41272,37.3984],[127.41244,37.39933],[127.41235,37.40042],[127.41232,37.40077],[127.4126,37.40213],[127.4129,37.40274],[127.4129,37.40286],[127.41283,37.40319],[127.41217,37.40471],[127.41197,37.40517],[127.41074,37.40666],[127.40964,37.40776],[127.40953,37.40782],[127.40942,37.40785],[127.40932,37.40787],[127.40855,37.40811],[127.40636,37.40895],[127.4057,37.40926],[127.40406,37.41008],[127.40343,37.41055],[127.40018,37.41311],[127.39882,37.41455],[127.39831,37.41533],[127.39823,37.41569],[127.39821,37.41575],[127.39998,37.41713],[127.40054,37.4178],[127.40084,37.41822],[127.40098,37.4185],[127.40104,37.41871],[127.40105,37.41882],[127.40105,37.41892],[127.40103,37.41904],[127.40063,37.42138],[127.39885,37.42237],[127.39488,37.42611],[127.38929,37.42882],[127.38618,37.43287],[127.38448,37.43446],[127.38408,37.43501],[127.38402,37.43515],[127.38401,37.4352],[127.384,37.43531],[127.38399,37.43554],[127.38399,37.4356],[127.38403,37.43641],[127.38435,37.43719],[127.38439,37.43736],[127.38437,37.43746],[127.38387,37.43902],[127.38261,37.44277],[127.38257,37.44286],[127.38245,37.443],[127.38231,37.44313],[127.38227,37.44316],[127.38216,37.44324],[127.38188,37.44338],[127.38145,37.44354],[127.3813,37.44359],[127.38116,37.4436],[127.37974,37.4437],[127.37942,37.44369],[127.37929,37.44369],[127.37885,37.44362],[127.37259,37.44475],[127.37255,37.44476],[127.3725,37.44478],[127.37247,37.44481],[127.37245,37.44484],[127.37241,37.4449],[127.37238,37.44501],[127.37235,37.44516],[127.37234,37.44522],[127.3723,37.44549],[127.37226,37.44584],[127.37228,37.44595],[127.3724,37.44624],[127.37244,37.44634],[127.37246,37.44639],[127.37264,37.44731],[127.37264,37.4491],[127.37228,37.45155],[127.37214,37.45199],[127.3707,37.45349],[127.36773,37.45624],[127.36771,37.45629],[127.3677,37.45634],[127.3677,37.45638],[127.36771,37.45641],[127.36772,37.45644],[127.36774,37.45648],[127.36799,37.45695],[127.37449,37.45838],[127.37459,37.4584],[127.37467,37.4584],[127.37799,37.45878],[127.37857,37.45873],[127.37877,37.4587],[127.379,37.45861],[127.37974,37.45848],[127.38109,37.45837],[127.38128,37.45836],[127.38151,37.45836],[127.38172,37.45837],[127.38184,37.45838],[127.3821,37.45843],[127.38239,37.45852],[127.38326,37.45882],[127.38509,37.45981],[127.38521,37.4599],[127.38531,37.46],[127.38533,37.46007],[127.38617,37.46373],[127.38698,37.46736],[127.38672,37.46865],[127.38653,37.4696],[127.38653,37.46992],[127.38666,37.4704],[127.38755,37.47238],[127.38803,37.47298],[127.38815,37.47315],[127.38836,37.47357],[127.38869,37.47432],[127.38872,37.47451],[127.38881,37.47546],[127.38881,37.47553],[127.38881,37.47563],[127.38871,37.47605],[127.38863,37.47633],[127.3885,37.47664],[127.38833,37.47694],[127.38557,37.48178],[127.38536,37.48195],[127.38344,37.48476],[127.38084,37.48885],[127.38069,37.48918],[127.38059,37.48941],[127.38054,37.48964],[127.38048,37.48994],[127.38046,37.49001],[127.38046,37.49016],[127.38046,37.4902],[127.38088,37.49208],[127.3825,37.49894],[127.38328,37.50155],[127.38336,37.50179],[127.38359,37.50242],[127.3836,37.50253],[127.38356,37.50262],[127.38346,37.50272],[127.38336,37.50281],[127.38073,37.50428],[127.38066,37.50438],[127.38013,37.50524],[127.37962,37.5061],[127.37896,37.50722],[127.3771,37.51036],[127.37625,37.51179],[127.37568,37.51277],[127.37524,37.51357],[127.37419,37.51548],[127.37414,37.51557],[127.37257,37.51841],[127.37156,37.52012],[127.37109,37.52081],[127.37014,37.52223],[127.36835,37.52488],[127.3683,37.52496],[127.36764,37.52593],[127.36636,37.5278],[127.36592,37.52838],[127.36549,37.52888],[127.36419,37.52997],[127.36393,37.53013],[127.36278,37.53083],[127.36146,37.53158],[127.36141,37.5316],[127.35996,37.53232],[127.35865,37.53294],[127.35757,37.53339],[127.35706,37.53361],[127.35555,37.53415],[127.35381,37.53465],[127.35233,37.53506],[127.35065,37.5354],[127.34906,37.53561],[127.34813,37.53572],[127.34787,37.53575],[127.34773,37.53574],[127.34455,37.53551],[127.33133,37.53468],[127.32933,37.53458],[127.32763,37.53439],[127.32716,37.53432],[127.32654,37.53423],[127.32596,37.53414],[127.32482,37.53385],[127.32426,37.53371],[127.32375,37.53351],[127.32328,37.53331],[127.32287,37.53309],[127.32103,37.53198],[127.31978,37.53114],[127.31947,37.53091],[127.3185,37.53015],[127.31745,37.52929],[127.31736,37.52921],[127.31728,37.52913],[127.31633,37.52813],[127.31618,37.52794],[127.31606,37.5278],[127.3151,37.5266],[127.31263,37.52327],[127.31205,37.52249],[127.31116,37.52131],[127.3071,37.51638],[127.30559,37.51452],[127.30451,37.51333],[127.30366,37.51251],[127.30265,37.51163],[127.30164,37.51083],[127.30128,37.51055],[127.30088,37.51029],[127.30062,37.51013],[127.29993,37.50973],[127.29902,37.50936],[127.29787,37.50889],[127.29513,37.508],[127.2924,37.50714],[127.29077,37.50692],[127.28994,37.50692],[127.28934,37.50701],[127.28906,37.50714],[127.28885,37.50735],[127.28864,37.50767],[127.28826,37.50837],[127.28798,37.50908],[127.28786,37.50966],[127.28758,37.5135],[127.2832,37.51354],[127.28296,37.51352],[127.28286,37.5135],[127.28161,37.51328],[127.28132,37.51322],[127.28043,37.51295],[127.28034,37.51292],[127.28003,37.5128],[127.27965,37.51263],[127.27957,37.51258],[127.27828,37.51136],[127.27821,37.51128],[127.27819,37.51123],[127.27774,37.51011],[127.27775,37.51007],[127.2778,37.50995],[127.27783,37.50988],[127.27793,37.5097],[127.27796,37.5096],[127.27794,37.50955],[127.27725,37.50895],[127.27641,37.50831],[127.27631,37.50826],[127.27622,37.50823],[127.2761,37.5082],[127.27606,37.5082],[127.27602,37.5082],[127.27598,37.50819],[127.27586,37.50818],[127.27567,37.50818],[127.2755,37.50818],[127.27544,37.50819],[127.27537,37.50819],[127.27532,37.50818],[127.27516,37.50818],[127.27499,37.50816],[127.27492,37.50815],[127.27478,37.50813],[127.27472,37.50813],[127.27433,37.50806],[127.2738,37.50797],[127.27351,37.50787],[127.27329,37.50775],[127.27208,37.50757],[127.27178,37.50763],[127.27149,37.50764],[127.27142,37.50764],[127.27134,37.50761],[127.27128,37.5076],[127.27092,37.50747],[127.27042,37.50726],[127.27,37.50699],[127.26991,37.50693],[127.26977,37.50684],[127.2697,37.5068],[127.26963,37.50675],[127.2692,37.50651],[127.26896,37.5064],[127.26891,37.50638],[127.2687,37.50629],[127.26856,37.50624],[127.26844,37.50622],[127.26836,37.50622],[127.26825,37.50622],[127.26816,37.50623],[127.26401,37.50685],[127.26242,37.50718],[127.26228,37.50721],[127.26214,37.50723],[127.2612,37.50724],[127.26103,37.50723],[127.26099,37.50723],[127.26089,37.50721],[127.25949,37.50701],[127.25671,37.50652],[127.25649,37.50647],[127.25623,37.5064],[127.25444,37.50597],[127.25439,37.50596],[127.25338,37.50366],[127.25334,37.50351],[127.25327,37.50325],[127.25553,37.49615],[127.25585,37.49596],[127.25612,37.4958],[127.25727,37.49508],[127.25793,37.49462],[127.25915,37.49211],[127.25916,37.49207],[127.25917,37.49201],[127.25918,37.49124],[127.25918,37.49111],[127.25918,37.491],[127.25918,37.49091],[127.25916,37.49077],[127.2591,37.49059],[127.25904,37.49042],[127.25896,37.49021],[127.25888,37.49005],[127.2588,37.48992],[127.25873,37.48981],[127.25869,37.48975],[127.25864,37.48968],[127.25854,37.48958],[127.25839,37.48944],[127.25793,37.48902],[127.25765,37.48878],[127.25755,37.48873],[127.25745,37.48867],[127.25739,37.48864],[127.25725,37.48857],[127.25705,37.48849],[127.25672,37.48837],[127.25615,37.48819],[127.25582,37.4881],[127.25563,37.48803],[127.25551,37.48797],[127.2554,37.48791],[127.25514,37.48775],[127.25505,37.48769],[127.25499,37.48764],[127.25483,37.48752],[127.2538,37.48656],[127.2537,37.48646],[127.25365,37.48639],[127.25364,37.48635],[127.25363,37.48632],[127.25366,37.48503],[127.25367,37.48497],[127.2537,37.48482],[127.25374,37.48474],[127.25377,37.48466],[127.2538,37.48461],[127.25309,37.48413],[127.25226,37.48358],[127.25056,37.48301],[127.24899,37.48244],[127.24877,37.48235],[127.24847,37.4821],[127.24826,37.48193],[127.24713,37.48069],[127.24704,37.48059],[127.24702,37.48042],[127.24699,37.48017],[127.24679,37.47944],[127.24622,37.47782],[127.24542,37.47761],[127.24387,37.4772],[127.24347,37.47718],[127.24336,37.47718],[127.24322,37.47717],[127.24174,37.47686],[127.241,37.47648],[127.24077,37.47625],[127.24052,37.47599],[127.24049,37.47587],[127.24045,37.4756],[127.23936,37.47514],[127.23906,37.47508],[127.23826,37.47491],[127.23746,37.47493],[127.23155,37.47743],[127.22615,37.47973],[127.22051,37.481],[127.21573,37.4823],[127.21493,37.48221],[127.21449,37.48215],[127.21426,37.48212],[127.21315,37.48192],[127.20937,37.48107],[127.20684,37.48031],[127.20645,37.48032],[127.20634,37.48032],[127.20564,37.48039],[127.20483,37.48046],[127.20415,37.48064],[127.20375,37.4808],[127.20259,37.48171],[127.20219,37.48091],[127.20194,37.48077],[127.20133,37.48044],[127.20104,37.48036],[127.19804,37.47959],[127.19761,37.47968],[127.19707,37.47979],[127.19629,37.48009],[127.19614,37.48015],[127.19527,37.48028],[127.19238,37.48072],[127.18918,37.48022],[127.18892,37.48024],[127.18842,37.48027],[127.18761,37.48046],[127.18663,37.48069],[127.18547,37.48102],[127.18478,37.48165],[127.18319,37.48357],[127.18098,37.48411],[127.17927,37.48469],[127.17895,37.48498],[127.17893,37.48501],[127.17873,37.48519],[127.17839,37.48526],[127.17781,37.48549],[127.17773,37.48552],[127.17765,37.48554],[127.17748,37.48555],[127.17678,37.48546],[127.17593,37.48534],[127.17586,37.48532],[127.17583,37.4853],[127.17579,37.48528],[127.17579,37.4852],[127.17603,37.48288],[127.17559,37.47815],[127.17584,37.47677],[127.17783,37.4749],[127.17802,37.47478],[127.17922,37.47447],[127.18087,37.4738],[127.18105,37.47329],[127.18101,37.47296],[127.18095,37.47245],[127.18097,37.47179],[127.18144,37.47096],[127.18175,37.46952],[127.18203,37.46789],[127.18203,37.46709],[127.182,37.4652],[127.18199,37.46484],[127.18197,37.46416],[127.18182,37.46289],[127.18157,37.46123],[127.18154,37.46083],[127.18153,37.46072],[127.18155,37.46065],[127.1816,37.46047],[127.18188,37.46011],[127.18216,37.45973],[127.18221,37.45969],[127.18285,37.45927],[127.18338,37.45909],[127.18445,37.45876],[127.18961,37.45816],[127.19099,37.45735],[127.19237,37.45534],[127.19359,37.45258],[127.19473,37.44902],[127.19523,37.4468],[127.19524,37.44674],[127.19556,37.44532],[127.19572,37.44506],[127.19596,37.44388],[127.1959,37.44363],[127.19543,37.44294],[127.19485,37.44192],[127.19425,37.44085],[127.19366,37.43916],[127.19379,37.43392],[127.1938,37.43354],[127.19405,37.43302],[127.19439,37.43277],[127.19523,37.43103],[127.1944,37.42987],[127.19336,37.4261],[127.19464,37.42539],[127.19383,37.42408],[127.19251,37.42296],[127.19137,37.42206],[127.18856,37.42043],[127.18632,37.41921],[127.18623,37.41918],[127.18618,37.41912],[127.18573,37.41868],[127.18547,37.41815],[127.18536,37.41702],[127.18543,37.4163],[127.18489,37.41534],[127.1829,37.4149],[127.18254,37.41493],[127.18193,37.41513],[127.18097,37.41547],[127.18035,37.41585],[127.18026,37.4159],[127.18001,37.41589],[127.179,37.41582],[127.17696,37.41465],[127.17733,37.41393],[127.17778,37.41351],[127.17786,37.41265],[127.17767,37.41084],[127.17715,37.40902],[127.17501,37.40585],[127.17493,37.40578],[127.17476,37.40562],[127.17445,37.4055],[127.17426,37.40543],[127.17189,37.40154],[127.17176,37.40128],[127.17162,37.40101],[127.17144,37.3998],[127.17083,37.39791],[127.16938,37.39609],[127.16907,37.39574],[127.16866,37.39545],[127.16836,37.39491],[127.16829,37.39268],[127.16839,37.39249],[127.17441,37.38857],[127.17681,37.38725],[127.17715,37.38679],[127.17716,37.38676],[127.17719,37.38655],[127.17665,37.38508],[127.17651,37.38487],[127.17608,37.38452],[127.17345,37.38267],[127.16873,37.38064],[127.16837,37.38051],[127.16815,37.38043],[127.16794,37.38035],[127.16759,37.38029],[127.16484,37.37985],[127.16478,37.37985],[127.1644,37.37982],[127.16429,37.37984],[127.16417,37.37985],[127.16394,37.37988],[127.16387,37.3799],[127.1637,37.37993],[127.1634,37.37998],[127.16293,37.38],[127.16232,37.37986],[127.16169,37.37971],[127.16113,37.37855],[127.16098,37.37795],[127.16115,37.37724],[127.16117,37.37719],[127.16113,37.37576],[127.16095,37.37487],[127.16077,37.37416],[127.16088,37.3741],[127.16087,37.37386],[127.16052,37.37279],[127.16035,37.37259],[127.16032,37.37256],[127.15807,37.37008],[127.15758,37.36966],[127.15726,37.36941],[127.15672,37.369],[127.15619,37.36861],[127.15379,37.36536],[127.15285,37.36354],[127.15019,37.36135],[127.14984,37.36121],[127.14981,37.36119],[127.14511,37.35959],[127.14443,37.35939],[127.14192,37.35941],[127.13948,37.35996],[127.13394,37.35848],[127.13174,37.3512]]]}},{"type":"Feature","properties":{"id":"41-41630","name":"양주시","sido":"경기도","code":"41630","center":[37.80876,127.0012]},"geometry":{"type":"Polygon","coordinates":[[[126.90231,37.82472],[126.90251,37.82431],[126.90288,37.82355],[126.90562,37.82005],[126.90764,37.81862],[126.90917,37.81753],[126.91022,37.81648],[126.91013,37.81462],[126.90985,37.81411],[126.90872,37.81201],[126.90879,37.81051],[126.90993,37.80964],[126.91161,37.80826],[126.91164,37.80824],[126.91191,37.80615],[126.91138,37.80567],[126.90988,37.80465],[126.90851,37.80419],[126.90672,37.80359],[126.90555,37.8021],[126.9053,37.79664],[126.90389,37.79095],[126.90649,37.79097],[126.91127,37.79183],[126.91204,37.79208],[126.9132,37.7919],[126.9146,37.79168],[126.91952,37.79039],[126.92038,37.78939],[126.92128,37.78821],[126.92308,37.78716],[126.92721,37.78508],[126.92905,37.78628],[126.93166,37.78843],[126.93206,37.78876],[126.9321,37.78878],[126.93812,37.78694],[126.93797,37.78661],[126.93717,37.785],[126.93679,37.78425],[126.93517,37.78275],[126.93338,37.77994],[126.93443,37.77733],[126.93457,37.77705],[126.93563,37.77519],[126.93629,37.77421],[126.9328,37.77069],[126.93294,37.7703],[126.93391,37.76758],[126.93208,37.76488],[126.93173,37.76434],[126.9309,37.76307],[126.92869,37.75759],[126.92905,37.75727],[126.92973,37.75666],[126.93126,37.75567],[126.93165,37.75536],[126.932,37.75392],[126.93161,37.75207],[126.93155,37.75187],[126.93102,37.75085],[126.92971,37.74853],[126.92974,37.74812],[126.93034,37.74762],[126.93299,37.74538],[126.93282,37.74512],[126.93229,37.7445],[126.93125,37.7437],[126.93042,37.74324],[126.93021,37.74317],[126.93011,37.74296],[126.93006,37.74284],[126.93006,37.74201],[126.93008,37.74141],[126.93031,37.74011],[126.93064,37.73901],[126.93101,37.73781],[126.93102,37.73751],[126.93038,37.73614],[126.93006,37.7359],[126.92941,37.73596],[126.92857,37.73603],[126.92643,37.73513],[126.92337,37.73263],[126.92261,37.73194],[126.92235,37.73132],[126.92189,37.73018],[126.92189,37.72997],[126.92189,37.72992],[126.9219,37.72986],[126.92196,37.72945],[126.92204,37.7292],[126.92224,37.7291],[126.92231,37.72908],[126.92329,37.72879],[126.92339,37.72861],[126.92341,37.72857],[126.92354,37.72795],[126.9236,37.72765],[126.92347,37.72649],[126.92332,37.72583],[126.92321,37.72558],[126.92307,37.72501],[126.92426,37.72131],[126.92435,37.72123],[126.92486,37.72077],[126.92508,37.72048],[126.92504,37.71991],[126.92308,37.71624],[126.92282,37.71591],[126.92178,37.71492],[126.92047,37.71368],[126.92093,37.71335],[126.9221,37.71281],[126.9223,37.71278],[126.92267,37.71274],[126.92293,37.71265],[126.9242,37.71197],[126.92454,37.71173],[126.92472,37.71068],[126.92475,37.70961],[126.92467,37.70787],[126.92446,37.70745],[126.92339,37.70598],[126.92241,37.70307],[126.92247,37.70299],[126.92275,37.70259],[126.92174,37.69903],[126.91874,37.69418],[126.91615,37.69119],[126.91579,37.6911],[126.91415,37.68791],[126.9141,37.68766],[126.91401,37.68724],[126.91401,37.6868],[126.91398,37.68446],[126.91399,37.68392],[126.91399,37.68369],[126.91402,37.6822],[126.91453,37.68052],[126.91476,37.67994],[126.91478,37.67961],[126.9145,37.679],[126.91241,37.67562],[126.91138,37.67439],[126.9103,37.6738],[126.90949,37.67372],[126.90827,37.67397],[126.90729,37.67428],[126.90688,37.67542],[126.90649,37.67496],[126.9064,37.67486],[126.90609,37.67395],[126.90612,37.67364],[126.90614,37.6734],[126.90805,37.67026],[126.909,37.66962],[126.91022,37.6691],[126.91134,37.6687],[126.91297,37.66873],[126.91905,37.66936],[126.91924,37.66939],[126.92036,37.66959],[126.9206,37.67043],[126.92064,37.67104],[126.92056,37.67121],[126.92043,37.67146],[126.92074,37.67178],[126.92081,37.67186],[126.9215,37.67191],[126.92178,37.67193],[126.92432,37.6714],[126.92803,37.6707],[126.92934,37.67173],[126.93006,37.67229],[126.93195,37.67236],[126.93495,37.67193],[126.93816,37.67143],[126.93982,37.67076],[126.94163,37.67195],[126.94293,37.67309],[126.94458,37.67645],[126.94471,37.67693],[126.94387,37.67822],[126.94308,37.67943],[126.94323,37.67999],[126.94464,37.68485],[126.94474,37.68504],[126.94479,37.68513],[126.94563,37.68579],[126.94757,37.68673],[126.9479,37.6869],[126.94885,37.68716],[126.94962,37.68728],[126.95101,37.68772],[126.95206,37.68874],[126.95255,37.68921],[126.95275,37.69007],[126.95444,37.69265],[126.95585,37.69256],[126.95643,37.69242],[126.95899,37.69158],[126.95996,37.69149],[126.96234,37.69184],[126.96455,37.69227],[126.96524,37.69247],[126.9656,37.6924],[126.96577,37.69236],[126.96849,37.69004],[126.97299,37.68668],[126.97464,37.68632],[126.97535,37.68617],[126.97621,37.68633],[126.97638,37.68636],[126.97766,37.68631],[126.97929,37.68622],[126.98086,37.68594],[126.98207,37.68542],[126.98758,37.68262],[126.98928,37.68155],[126.98988,37.68057],[126.99116,37.67941],[126.99174,37.67947],[126.99307,37.67989],[126.9938,37.68025],[126.99385,37.68028],[126.99581,37.68193],[126.99714,37.68306],[126.99735,37.68328],[126.99754,37.68346],[126.99766,37.68358],[126.99774,37.68365],[126.99791,37.68379],[126.99799,37.68382],[127.00364,37.6851],[127.00386,37.68514],[127.00419,37.68517],[127.00565,37.68523],[127.00575,37.68523],[127.00586,37.68522],[127.00615,37.68515],[127.00636,37.6851],[127.00657,37.68505],[127.00666,37.68503],[127.00829,37.68468],[127.0084,37.68473],[127.00863,37.68487],[127.00869,37.68494],[127.0087,37.68497],[127.00872,37.68501],[127.00875,37.68511],[127.00881,37.68533],[127.00896,37.68661],[127.00897,37.68697],[127.00897,37.68705],[127.00896,37.68711],[127.00871,37.68824],[127.00869,37.6883],[127.00864,37.68839],[127.00855,37.68849],[127.00829,37.68874],[127.00819,37.68883],[127.00814,37.68891],[127.00809,37.68903],[127.00808,37.68912],[127.00806,37.69055],[127.00806,37.6906],[127.00882,37.69455],[127.00884,37.69461],[127.0089,37.69472],[127.00907,37.69502],[127.00913,37.69511],[127.00916,37.69515],[127.00921,37.69523],[127.01075,37.69705],[127.01192,37.69821],[127.01195,37.69824],[127.01199,37.69825],[127.01204,37.69825],[127.0121,37.69825],[127.01215,37.69825],[127.01219,37.69824],[127.01234,37.69824],[127.01238,37.69824],[127.01278,37.69824],[127.01379,37.69825],[127.01437,37.69826],[127.01449,37.69827],[127.01453,37.69828],[127.01461,37.69832],[127.01494,37.69855],[127.01498,37.6986],[127.01502,37.69867],[127.01585,37.70103],[127.01546,37.70272],[127.01541,37.70301],[127.01547,37.70328],[127.01553,37.70337],[127.01556,37.70341],[127.0156,37.70345],[127.01708,37.7048],[127.01939,37.70726],[127.01953,37.70804],[127.01951,37.70814],[127.01944,37.70825],[127.01811,37.70949],[127.01698,37.7104],[127.01352,37.71394],[127.01338,37.71416],[127.01311,37.71512],[127.01277,37.71641],[127.01276,37.71646],[127.01276,37.71651],[127.01303,37.71684],[127.01357,37.71736],[127.01414,37.71921],[127.0136,37.71933],[127.01154,37.72224],[127.0115,37.72235],[127.01152,37.72246],[127.01167,37.72267],[127.01179,37.72284],[127.0119,37.72294],[127.01234,37.72328],[127.01251,37.72348],[127.01263,37.72372],[127.01269,37.72398],[127.01267,37.72561],[127.01263,37.72576],[127.01253,37.72591],[127.01222,37.72613],[127.01167,37.72618],[127.01118,37.72623],[127.01115,37.72623],[127.01089,37.72625],[127.01056,37.72646],[127.01049,37.72651],[127.00873,37.72807],[127.00906,37.72854],[127.00909,37.72857],[127.00928,37.72871],[127.00939,37.7288],[127.00955,37.72893],[127.00968,37.72906],[127.00979,37.72929],[127.00987,37.72958],[127.00987,37.72996],[127.0098,37.73012],[127.00938,37.73069],[127.00924,37.73086],[127.00766,37.73276],[127.00569,37.73528],[127.00311,37.73865],[127.0022,37.74057],[127.0022,37.7407],[127.003,37.74226],[127.00316,37.74252],[127.00457,37.74318],[127.0029,37.7439],[127.00275,37.74408],[127.00249,37.74441],[127.00243,37.74458],[127.00241,37.74483],[127.00248,37.74564],[127.00271,37.74775],[127.00291,37.7496],[127.00298,37.74984],[127.00293,37.75054],[127.00287,37.75075],[127.00277,37.75093],[127.0021,37.7514],[127.00249,37.75192],[127.00334,37.75307],[127.00331,37.75316],[127.00329,37.75322],[127.00291,37.75442],[127.00271,37.75469],[127.00249,37.75501],[127.00218,37.75577],[127.0014,37.75808],[127.00128,37.759],[127.00137,37.76024],[127.00206,37.76242],[127.00227,37.76276],[127.0047,37.76318],[127.0051,37.76343],[127.0086,37.76519],[127.0106,37.76617],[127.01728,37.76856],[127.01871,37.76859],[127.02017,37.7682],[127.02264,37.76728],[127.02547,37.76695],[127.02842,37.76697],[127.02907,37.76732],[127.03228,37.76762],[127.03508,37.76772],[127.04117,37.76674],[127.04174,37.76643],[127.04272,37.76578],[127.0438,37.76496],[127.04648,37.7632],[127.05086,37.76094],[127.0518,37.76115],[127.05276,37.76137],[127.05422,37.76232],[127.05459,37.76237],[127.05537,37.7622],[127.05589,37.76197],[127.05647,37.76171],[127.05872,37.76195],[127.06025,37.76212],[127.06038,37.76218],[127.06068,37.76232],[127.06217,37.76301],[127.06429,37.76359],[127.0654,37.76366],[127.06628,37.76399],[127.07045,37.76583],[127.07186,37.7671],[127.07229,37.76737],[127.07405,37.7685],[127.07805,37.76964],[127.07819,37.76962],[127.07833,37.76961],[127.07887,37.76956],[127.07914,37.76953],[127.08154,37.77067],[127.083,37.77268],[127.08468,37.77361],[127.08524,37.77376],[127.08985,37.77526],[127.09273,37.77661],[127.09471,37.77718],[127.09946,37.7781],[127.10346,37.77868],[127.1038,37.779],[127.10434,37.77967],[127.10592,37.78055],[127.10621,37.78173],[127.10594,37.78234],[127.10591,37.78242],[127.10591,37.7825],[127.10595,37.78318],[127.10618,37.78332],[127.10683,37.78369],[127.11249,37.78815],[127.11293,37.7885],[127.11304,37.78866],[127.11317,37.78884],[127.11639,37.79438],[127.11719,37.7959],[127.11745,37.797],[127.118,37.79959],[127.11806,37.79996],[127.11748,37.8024],[127.11713,37.80374],[127.11709,37.80393],[127.11714,37.80412],[127.11827,37.80768],[127.11875,37.80904],[127.11983,37.80969],[127.12098,37.81094],[127.12201,37.81208],[127.12209,37.8132],[127.12191,37.81376],[127.12175,37.81428],[127.12167,37.81452],[127.12135,37.81514],[127.12131,37.81522],[127.12084,37.81601],[127.12021,37.81717],[127.12019,37.81736],[127.12042,37.82172],[127.12078,37.82363],[127.12133,37.82435],[127.12191,37.82511],[127.1219,37.82741],[127.12189,37.82815],[127.1214,37.82914],[127.12039,37.83092],[127.12005,37.83113],[127.11948,37.83149],[127.11867,37.832],[127.11813,37.83302],[127.11802,37.83322],[127.11794,37.8334],[127.1177,37.83398],[127.11672,37.83745],[127.11615,37.84391],[127.11524,37.84703],[127.11505,37.84779],[127.11492,37.84847],[127.11493,37.84879],[127.11489,37.85],[127.11485,37.85034],[127.11478,37.85048],[127.11474,37.85056],[127.1147,37.85064],[127.11451,37.85085],[127.11255,37.85258],[127.11036,37.85557],[127.10915,37.85825],[127.10887,37.85894],[127.10886,37.85906],[127.10919,37.85985],[127.10718,37.86224],[127.10705,37.86238],[127.10339,37.8654],[127.10287,37.86559],[127.10188,37.86595],[127.09886,37.86628],[127.09766,37.86671],[127.09598,37.8674],[127.09147,37.87121],[127.08788,37.87208],[127.0872,37.87205],[127.08611,37.872],[127.08569,37.87198],[127.08348,37.87163],[127.0826,37.87147],[127.08172,37.87123],[127.08151,37.87115],[127.08133,37.87109],[127.0812,37.87104],[127.0775,37.87102],[127.07599,37.87183],[127.07373,37.87279],[127.07313,37.87211],[127.07269,37.87181],[127.07006,37.87103],[127.06842,37.87064],[127.06829,37.87067],[127.06629,37.87154],[127.06616,37.87163],[127.06606,37.87165],[127.06519,37.87137],[127.0646,37.87112],[127.06443,37.87099],[127.0643,37.8709],[127.06344,37.86999],[127.06255,37.86921],[127.06238,37.86915],[127.06222,37.8691],[127.06188,37.86908],[127.06073,37.86922],[127.06039,37.86935],[127.05946,37.87023],[127.059,37.87102],[127.05768,37.87319],[127.05656,37.87426],[127.05626,37.8745],[127.05598,37.8746],[127.05351,37.87659],[127.05281,37.878],[127.05207,37.87911],[127.05015,37.88147],[127.04981,37.88174],[127.04825,37.88288],[127.04807,37.88328],[127.0469,37.88773],[127.04632,37.89256],[127.04626,37.89385],[127.04603,37.89387],[127.04566,37.89391],[127.04434,37.89415],[127.04368,37.89429],[127.03623,37.89593],[127.03591,37.89603],[127.03534,37.89651],[127.02919,37.89878],[127.02877,37.89893],[127.02687,37.89847],[127.02476,37.89791],[127.02463,37.89787],[127.02443,37.89789],[127.02259,37.89883],[127.02224,37.89912],[127.02138,37.90006],[127.0209,37.9006],[127.01674,37.90222],[127.01482,37.90297],[127.0132,37.90309],[127.01248,37.90319],[127.01071,37.90447],[127.01061,37.90481],[127.01046,37.90532],[127.01037,37.90562],[127.01034,37.90607],[127.01047,37.90809],[127.01056,37.91034],[127.00927,37.91354],[127.0079,37.91615],[127.01234,37.91843],[127.01279,37.91856],[127.01291,37.91975],[127.01261,37.92065],[127.01103,37.92121],[127.00904,37.92505],[127.01005,37.92757],[127.01014,37.92805],[127.00971,37.92916],[127.00395,37.93256],[127.00333,37.93287],[127.00259,37.93325],[127.00131,37.93303],[127.0012,37.93561],[126.9997,37.93562],[126.99962,37.93309],[126.99748,37.93356],[126.9932,37.93451],[126.99309,37.93664],[126.9925,37.93713],[126.99197,37.93758],[126.99023,37.9367],[126.98941,37.93628],[126.98936,37.93631],[126.9893,37.93635],[126.98545,37.93889],[126.98101,37.93746],[126.9804,37.93775],[126.97934,37.93826],[126.97757,37.93911],[126.97606,37.93993],[126.97534,37.94032],[126.97336,37.94203],[126.97032,37.94203],[126.96689,37.93934],[126.96554,37.93913],[126.96482,37.93902],[126.96443,37.93831],[126.9643,37.93698],[126.96409,37.93294],[126.96505,37.92824],[126.96305,37.92708],[126.96184,37.92527],[126.96155,37.92428],[126.96185,37.92336],[126.962,37.92291],[126.96002,37.92016],[126.95918,37.92072],[126.95883,37.92096],[126.95717,37.92227],[126.95633,37.92234],[126.9496,37.91897],[126.94961,37.91887],[126.94961,37.91883],[126.94963,37.91857],[126.94965,37.91826],[126.95056,37.9168],[126.95252,37.91494],[126.95311,37.91438],[126.95473,37.91247],[126.95347,37.90946],[126.95316,37.90871],[126.95084,37.90721],[126.95007,37.90635],[126.94918,37.90535],[126.94762,37.90257],[126.94673,37.89964],[126.94681,37.8994],[126.94696,37.89893],[126.94711,37.89844],[126.94811,37.89754],[126.94854,37.89675],[126.94818,37.89376],[126.94748,37.89237],[126.946,37.88846],[126.94728,37.88599],[126.94808,37.88465],[126.94726,37.8823],[126.94696,37.88159],[126.94649,37.88047],[126.94681,37.87994],[126.9471,37.87947],[126.94567,37.87547],[126.94561,37.87539],[126.94426,37.87363],[126.94493,37.87033],[126.94612,37.86829],[126.94627,37.86743],[126.94634,37.86699],[126.94508,37.86468],[126.9445,37.86413],[126.94391,37.86357],[126.94283,37.86255],[126.93977,37.85699],[126.9385,37.85406],[126.93887,37.8525],[126.93711,37.85045],[126.93562,37.84939],[126.93451,37.84624],[126.93474,37.84558],[126.93476,37.84552],[126.93571,37.84274],[126.93649,37.84079],[126.93511,37.83992],[126.93346,37.83887],[126.93298,37.83857],[126.92728,37.83805],[126.92674,37.83839],[126.92648,37.83855],[126.92644,37.83857],[126.92643,37.83861],[126.9261,37.83949],[126.92533,37.84159],[126.91933,37.84163],[126.91393,37.84107],[126.91374,37.84097],[126.91238,37.84024],[126.91193,37.83846],[126.91208,37.83811],[126.91253,37.83711],[126.913,37.83603],[126.91299,37.83597],[126.9126,37.8342],[126.91136,37.82864],[126.91123,37.82865],[126.91056,37.82869],[126.90998,37.82863],[126.90919,37.82854],[126.90751,37.82804],[126.90299,37.82639],[126.90249,37.82518],[126.90231,37.82472]]]}},{"type":"Feature","properties":{"id":"41-41650","name":"포천시","sido":"경기도","code":"41650","center":[37.97012,127.25051]},"geometry":{"type":"Polygon","coordinates":[[[127.09037,37.9844],[127.09038,37.98207],[127.09092,37.97988],[127.09212,37.97728],[127.09235,37.97676],[127.09238,37.9767],[127.09267,37.9749],[127.09219,37.97355],[127.09171,37.97144],[127.09254,37.97086],[127.09414,37.96801],[127.09269,37.96384],[127.09224,37.96005],[127.09242,37.9596],[127.09257,37.95923],[127.09449,37.95719],[127.09558,37.95647],[127.09681,37.95603],[127.09883,37.95533],[127.09924,37.95458],[127.09912,37.95246],[127.09909,37.95242],[127.09803,37.95107],[127.09713,37.95073],[127.09677,37.95049],[127.09631,37.95018],[127.09558,37.94902],[127.09596,37.94829],[127.09629,37.94682],[127.09641,37.94525],[127.09605,37.94365],[127.09794,37.94263],[127.10234,37.94078],[127.10357,37.94058],[127.10586,37.9399],[127.10599,37.93985],[127.10801,37.93909],[127.10814,37.93815],[127.10816,37.93811],[127.10836,37.93763],[127.10948,37.93552],[127.11133,37.93289],[127.11525,37.9283],[127.1182,37.92261],[127.12023,37.91779],[127.1209,37.91703],[127.12166,37.91664],[127.12197,37.91648],[127.12623,37.91575],[127.12712,37.91566],[127.12738,37.91597],[127.12804,37.91615],[127.12913,37.91634],[127.13078,37.9162],[127.13284,37.91592],[127.13348,37.91552],[127.13351,37.91519],[127.13351,37.91515],[127.13471,37.91357],[127.13491,37.91345],[127.13512,37.91332],[127.13543,37.91326],[127.13624,37.9131],[127.13721,37.91335],[127.1385,37.91388],[127.1387,37.91399],[127.13876,37.91403],[127.13983,37.91376],[127.14399,37.91267],[127.14596,37.91187],[127.14663,37.91081],[127.14786,37.90663],[127.14747,37.90546],[127.14706,37.90487],[127.14675,37.90442],[127.14664,37.90349],[127.14673,37.9028],[127.14775,37.90271],[127.1496,37.90147],[127.14971,37.90138],[127.15027,37.90058],[127.14989,37.89893],[127.14966,37.89792],[127.15125,37.89712],[127.15346,37.89602],[127.15565,37.89568],[127.1534,37.89055],[127.15311,37.8899],[127.14946,37.88439],[127.14762,37.87851],[127.14696,37.87603],[127.14568,37.87593],[127.14387,37.8758],[127.14209,37.87568],[127.14027,37.87611],[127.14011,37.87615],[127.13984,37.87621],[127.13674,37.87506],[127.13478,37.87373],[127.1317,37.87311],[127.12953,37.87366],[127.12906,37.87379],[127.12873,37.87387],[127.12856,37.87391],[127.12356,37.86983],[127.12316,37.86716],[127.12035,37.86605],[127.11755,37.86623],[127.11368,37.86548],[127.11193,37.86435],[127.11189,37.86398],[127.11125,37.86214],[127.10919,37.85985],[127.10886,37.85906],[127.10887,37.85894],[127.10915,37.85825],[127.11036,37.85557],[127.11255,37.85258],[127.11451,37.85085],[127.1147,37.85064],[127.11474,37.85056],[127.11478,37.85048],[127.11485,37.85034],[127.11489,37.85],[127.11493,37.84879],[127.11492,37.84847],[127.11505,37.84779],[127.11524,37.84703],[127.11615,37.84391],[127.11672,37.83745],[127.1177,37.83398],[127.11794,37.8334],[127.11802,37.83322],[127.11813,37.83302],[127.11867,37.832],[127.11948,37.83149],[127.12005,37.83113],[127.12039,37.83092],[127.1214,37.82914],[127.12189,37.82815],[127.1219,37.82741],[127.12191,37.82511],[127.12133,37.82435],[127.12078,37.82363],[127.12042,37.82172],[127.12019,37.81736],[127.12021,37.81717],[127.12084,37.81601],[127.12131,37.81522],[127.12135,37.81514],[127.12167,37.81452],[127.12175,37.81428],[127.12191,37.81376],[127.12209,37.8132],[127.12201,37.81208],[127.12098,37.81094],[127.11983,37.80969],[127.11875,37.80904],[127.11827,37.80768],[127.11714,37.80412],[127.11709,37.80393],[127.11713,37.80374],[127.11748,37.8024],[127.11806,37.79996],[127.118,37.79959],[127.11745,37.797],[127.11719,37.7959],[127.11639,37.79438],[127.11317,37.78884],[127.11304,37.78866],[127.11293,37.7885],[127.11249,37.78815],[127.10683,37.78369],[127.10618,37.78332],[127.10595,37.78318],[127.10591,37.7825],[127.10591,37.78242],[127.10594,37.78234],[127.10621,37.78173],[127.10592,37.78055],[127.10434,37.77967],[127.11069,37.7794],[127.11149,37.77903],[127.11175,37.77891],[127.11541,37.77643],[127.11577,37.77468],[127.11564,37.77376],[127.11892,37.7736],[127.12012,37.77399],[127.12139,37.77375],[127.12807,37.77184],[127.12867,37.77063],[127.12882,37.76932],[127.12908,37.76706],[127.1291,37.76689],[127.12889,37.76657],[127.12735,37.76543],[127.12699,37.76554],[127.12651,37.76562],[127.12543,37.7633],[127.12609,37.76351],[127.12667,37.76363],[127.12683,37.76365],[127.12701,37.76365],[127.12724,37.76361],[127.13343,37.76229],[127.13966,37.76407],[127.14022,37.76343],[127.14056,37.76295],[127.14063,37.7628],[127.1406,37.76246],[127.14137,37.76137],[127.14318,37.75884],[127.14482,37.75689],[127.14671,37.75484],[127.14896,37.75538],[127.14916,37.75541],[127.1493,37.75543],[127.14941,37.75544],[127.14944,37.75545],[127.14948,37.75545],[127.14969,37.75545],[127.15353,37.7555],[127.15363,37.7555],[127.15376,37.7555],[127.15482,37.75533],[127.15497,37.7553],[127.15515,37.75526],[127.15659,37.75491],[127.15678,37.75484],[127.15686,37.75482],[127.15718,37.7547],[127.15732,37.75463],[127.15758,37.75448],[127.15769,37.7544],[127.15791,37.75423],[127.15796,37.75418],[127.158,37.75413],[127.15809,37.75404],[127.15813,37.75399],[127.1582,37.75391],[127.15827,37.75385],[127.15838,37.75376],[127.15883,37.75341],[127.159,37.7533],[127.15912,37.75324],[127.15935,37.75316],[127.15946,37.75313],[127.15964,37.75309],[127.1598,37.75305],[127.1601,37.75303],[127.16049,37.75299],[127.16092,37.75296],[127.16135,37.75294],[127.16163,37.75294],[127.16585,37.75292],[127.16611,37.75293],[127.16626,37.75294],[127.16659,37.753],[127.16689,37.75306],[127.16738,37.75317],[127.16766,37.75323],[127.1677,37.75324],[127.16789,37.75328],[127.17326,37.75511],[127.17556,37.75663],[127.17562,37.75668],[127.17566,37.75671],[127.17581,37.75683],[127.17596,37.75697],[127.17612,37.75713],[127.17615,37.75717],[127.17626,37.75734],[127.17631,37.75746],[127.17637,37.75766],[127.17638,37.7577],[127.17638,37.75783],[127.17638,37.75791],[127.17638,37.75803],[127.17637,37.75809],[127.17637,37.75822],[127.17639,37.7583],[127.17644,37.75852],[127.17651,37.7587],[127.17652,37.75873],[127.17669,37.75917],[127.17677,37.75933],[127.17691,37.75961],[127.17699,37.75977],[127.17703,37.75982],[127.17936,37.76226],[127.17945,37.76234],[127.17964,37.76244],[127.18091,37.7631],[127.18097,37.76324],[127.18103,37.76334],[127.18107,37.7634],[127.18113,37.76349],[127.18122,37.76362],[127.18132,37.76372],[127.18134,37.76375],[127.18137,37.76377],[127.18142,37.76382],[127.18146,37.76384],[127.1815,37.76385],[127.18156,37.76388],[127.18364,37.76464],[127.18373,37.76467],[127.18381,37.76469],[127.18392,37.76471],[127.18403,37.76473],[127.18407,37.76474],[127.18416,37.76474],[127.18424,37.76474],[127.18431,37.76473],[127.18578,37.76446],[127.186,37.76441],[127.18617,37.76435],[127.18636,37.76425],[127.18643,37.76422],[127.18677,37.76397],[127.18694,37.76384],[127.18697,37.76381],[127.18704,37.76375],[127.18717,37.76361],[127.18729,37.76342],[127.19092,37.76258],[127.19861,37.76329],[127.19962,37.76378],[127.2,37.76395],[127.20019,37.76399],[127.20039,37.76399],[127.2005,37.76399],[127.20061,37.76398],[127.20068,37.76398],[127.20083,37.76396],[127.20115,37.76391],[127.20331,37.76361],[127.20415,37.76348],[127.20426,37.76346],[127.20451,37.76338],[127.2047,37.76331],[127.20474,37.76329],[127.2048,37.76321],[127.20488,37.76307],[127.20489,37.76301],[127.20489,37.76295],[127.20486,37.76286],[127.20485,37.76281],[127.20483,37.76272],[127.20476,37.76232],[127.20476,37.76202],[127.20476,37.76175],[127.20478,37.76164],[127.20482,37.76159],[127.20484,37.76155],[127.20488,37.7615],[127.20501,37.7614],[127.20516,37.76131],[127.20522,37.76128],[127.20528,37.76124],[127.20941,37.76347],[127.21096,37.76461],[127.21265,37.76465],[127.21267,37.76437],[127.21268,37.76425],[127.21268,37.76421],[127.21298,37.76151],[127.213,37.76147],[127.21302,37.76142],[127.21304,37.76139],[127.21313,37.7613],[127.21341,37.76102],[127.21353,37.76093],[127.21373,37.76079],[127.21383,37.76072],[127.21387,37.76069],[127.21405,37.7606],[127.21891,37.75842],[127.2194,37.75842],[127.21953,37.75839],[127.21978,37.75834],[127.21987,37.75832],[127.21994,37.75831],[127.22075,37.75792],[127.22187,37.75717],[127.22197,37.75704],[127.22203,37.75693],[127.22207,37.75647],[127.22207,37.75638],[127.22175,37.75576],[127.22152,37.75539],[127.22151,37.7553],[127.22151,37.75525],[127.22153,37.75518],[127.22154,37.75515],[127.22157,37.75509],[127.22163,37.75502],[127.22168,37.75498],[127.22462,37.75359],[127.22488,37.75349],[127.22502,37.75345],[127.22508,37.75344],[127.22514,37.75345],[127.22535,37.75349],[127.22553,37.75355],[127.22762,37.75428],[127.22848,37.75534],[127.23054,37.75722],[127.23068,37.75733],[127.232,37.75766],[127.23219,37.75769],[127.23224,37.75772],[127.23289,37.7581],[127.23299,37.75816],[127.23341,37.75846],[127.23359,37.75865],[127.23571,37.76088],[127.23576,37.76094],[127.23649,37.76219],[127.24047,37.76271],[127.24953,37.76571],[127.25145,37.76617],[127.25158,37.76621],[127.25168,37.76626],[127.25185,37.76634],[127.25211,37.76654],[127.25246,37.76685],[127.25304,37.76736],[127.25325,37.76753],[127.2534,37.76764],[127.25355,37.76772],[127.25375,37.76776],[127.25797,37.76851],[127.25854,37.76862],[127.25879,37.76866],[127.25897,37.76867],[127.2591,37.76864],[127.25973,37.7684],[127.25974,37.76845],[127.25976,37.76849],[127.25978,37.76852],[127.25981,37.76857],[127.25986,37.76864],[127.25993,37.76877],[127.25996,37.76886],[127.25996,37.76897],[127.25996,37.76902],[127.25996,37.76916],[127.25997,37.76929],[127.25999,37.76934],[127.26001,37.76941],[127.26009,37.76958],[127.2603,37.76998],[127.26038,37.77012],[127.26044,37.7702],[127.26053,37.77028],[127.26144,37.77102],[127.26152,37.77107],[127.26094,37.77245],[127.26094,37.77251],[127.26095,37.77262],[127.26098,37.77272],[127.26099,37.77277],[127.26175,37.77439],[127.26329,37.77682],[127.26336,37.77693],[127.2634,37.77696],[127.26345,37.77701],[127.26419,37.77756],[127.26473,37.77788],[127.26531,37.77823],[127.26616,37.77894],[127.26622,37.77899],[127.26625,37.77904],[127.26627,37.7791],[127.26638,37.77966],[127.2664,37.77977],[127.26652,37.78045],[127.26698,37.78186],[127.26708,37.78217],[127.26735,37.78296],[127.26807,37.78456],[127.26813,37.78468],[127.26841,37.78516],[127.26848,37.78523],[127.26853,37.78528],[127.2686,37.78532],[127.2687,37.78535],[127.26891,37.7854],[127.26934,37.7855],[127.26954,37.78555],[127.26966,37.7856],[127.26998,37.78572],[127.27018,37.78581],[127.27034,37.78588],[127.2704,37.78591],[127.27093,37.78622],[127.27097,37.78629],[127.271,37.78636],[127.2719,37.78865],[127.27216,37.79039],[127.27132,37.79135],[127.27126,37.79144],[127.27121,37.79155],[127.27096,37.79234],[127.27052,37.79378],[127.27051,37.79386],[127.27083,37.79459],[127.2718,37.79603],[127.27187,37.79613],[127.27553,37.80117],[127.27727,37.80358],[127.27753,37.80379],[127.27774,37.80403],[127.27808,37.80448],[127.27852,37.80506],[127.27875,37.80546],[127.27845,37.80606],[127.2784,37.80611],[127.2783,37.8062],[127.27808,37.80629],[127.27785,37.80637],[127.2774,37.80882],[127.27778,37.80995],[127.27855,37.81319],[127.27926,37.81639],[127.27926,37.81645],[127.27923,37.81661],[127.279,37.81727],[127.27702,37.82192],[127.27583,37.8247],[127.27564,37.82474],[127.27559,37.82475],[127.27552,37.82476],[127.27539,37.8248],[127.27524,37.82489],[127.27513,37.82497],[127.27506,37.82504],[127.27418,37.82636],[127.27413,37.82647],[127.2741,37.82659],[127.27409,37.82669],[127.27413,37.83052],[127.27415,37.83062],[127.2763,37.83591],[127.27747,37.83786],[127.27857,37.83941],[127.27886,37.84134],[127.27886,37.8417],[127.27888,37.84182],[127.27889,37.84185],[127.27893,37.84201],[127.27903,37.84234],[127.28103,37.84419],[127.28122,37.84436],[127.28135,37.84447],[127.28147,37.84457],[127.28238,37.84532],[127.28347,37.84576],[127.28367,37.84584],[127.28389,37.84594],[127.28393,37.84596],[127.28397,37.84599],[127.28402,37.84603],[127.28493,37.84683],[127.28572,37.84755],[127.28628,37.84822],[127.28632,37.84828],[127.2863,37.84831],[127.28586,37.84892],[127.28579,37.84899],[127.28562,37.84912],[127.2855,37.84916],[127.28354,37.85074],[127.28075,37.85349],[127.28034,37.85389],[127.28029,37.85396],[127.28026,37.85405],[127.28028,37.85464],[127.28033,37.85528],[127.28036,37.85543],[127.28168,37.85655],[127.28466,37.85998],[127.28478,37.86014],[127.28491,37.86031],[127.28515,37.86085],[127.28521,37.86101],[127.28584,37.8639],[127.2858,37.86468],[127.28576,37.86496],[127.28576,37.86501],[127.28584,37.86543],[127.28588,37.86558],[127.28595,37.86572],[127.28728,37.86833],[127.28861,37.87022],[127.29154,37.87414],[127.29317,37.87342],[127.29574,37.86962],[127.29617,37.86887],[127.29829,37.8683],[127.29875,37.86824],[127.2998,37.86814],[127.30038,37.86811],[127.30064,37.8681],[127.30085,37.86811],[127.30193,37.86821],[127.30227,37.86825],[127.30295,37.86835],[127.30331,37.86841],[127.30394,37.86852],[127.30432,37.86865],[127.30457,37.86874],[127.30467,37.86877],[127.30476,37.8688],[127.30495,37.86884],[127.30517,37.86885],[127.30533,37.86885],[127.30547,37.86884],[127.3057,37.86879],[127.30857,37.86806],[127.30867,37.86802],[127.30884,37.86794],[127.30902,37.86785],[127.30912,37.86774],[127.30916,37.86767],[127.30927,37.86738],[127.30932,37.8672],[127.30943,37.86707],[127.3096,37.8669],[127.30969,37.86682],[127.30973,37.86679],[127.30981,37.86672],[127.31,37.86657],[127.31007,37.86651],[127.31011,37.86648],[127.3102,37.86644],[127.31025,37.86642],[127.31032,37.8664],[127.3117,37.86614],[127.31178,37.86613],[127.31188,37.86612],[127.312,37.86612],[127.31204,37.86612],[127.3121,37.86612],[127.31253,37.86691],[127.31259,37.86698],[127.31329,37.8677],[127.31341,37.86782],[127.31349,37.86786],[127.31353,37.86788],[127.31359,37.86788],[127.31372,37.8679],[127.31395,37.86788],[127.31429,37.86782],[127.31755,37.86929],[127.3206,37.87139],[127.32124,37.8714],[127.32221,37.87142],[127.32229,37.87143],[127.32236,37.87148],[127.32316,37.8727],[127.32346,37.87317],[127.32356,37.87333],[127.3236,37.87339],[127.32372,37.87363],[127.32375,37.87374],[127.32391,37.87616],[127.32308,37.88075],[127.32364,37.88746],[127.3237,37.88785],[127.32475,37.88945],[127.3258,37.89079],[127.32626,37.8911],[127.32669,37.89138],[127.32686,37.89152],[127.32732,37.89192],[127.3284,37.89321],[127.32861,37.89348],[127.32899,37.89408],[127.32913,37.89431],[127.3289,37.89504],[127.32819,37.89689],[127.32737,37.9025],[127.32739,37.90284],[127.32745,37.90321],[127.32747,37.90335],[127.32789,37.90446],[127.3291,37.90715],[127.32922,37.9072],[127.32934,37.90725],[127.32967,37.90736],[127.33005,37.90748],[127.33026,37.9076],[127.33032,37.90763],[127.33046,37.90782],[127.33052,37.90808],[127.33056,37.90905],[127.33048,37.90974],[127.33039,37.91004],[127.3301,37.91029],[127.32996,37.91034],[127.32977,37.9104],[127.32937,37.9106],[127.3279,37.91215],[127.32786,37.91224],[127.32786,37.91241],[127.32886,37.91404],[127.32964,37.91525],[127.32968,37.91531],[127.32974,37.91538],[127.3303,37.91606],[127.33047,37.91627],[127.33062,37.91652],[127.33077,37.91675],[127.33089,37.91718],[127.33088,37.91757],[127.3304,37.91837],[127.32979,37.91948],[127.32947,37.92025],[127.32899,37.92203],[127.32923,37.92228],[127.33043,37.92362],[127.33056,37.92411],[127.33066,37.9245],[127.33098,37.92591],[127.33127,37.92607],[127.33147,37.92619],[127.33303,37.9265],[127.33462,37.92547],[127.3361,37.92447],[127.33644,37.92416],[127.33729,37.92377],[127.3384,37.92384],[127.33996,37.92426],[127.34313,37.92615],[127.34361,37.92654],[127.34393,37.92679],[127.34518,37.92721],[127.34575,37.92703],[127.34744,37.92607],[127.34793,37.9256],[127.3485,37.92505],[127.34859,37.92482],[127.34918,37.92376],[127.35031,37.92233],[127.35061,37.92222],[127.35134,37.92197],[127.35463,37.92165],[127.35583,37.92165],[127.35663,37.92196],[127.3569,37.92206],[127.35721,37.92222],[127.3581,37.92269],[127.3643,37.92595],[127.3661,37.92883],[127.36717,37.92936],[127.3681,37.92967],[127.36909,37.93009],[127.36989,37.93062],[127.37053,37.93159],[127.37195,37.93386],[127.37455,37.93653],[127.37615,37.93775],[127.37754,37.93877],[127.37928,37.93908],[127.37954,37.93911],[127.37981,37.93913],[127.38043,37.93959],[127.38119,37.94026],[127.38169,37.94081],[127.38192,37.94131],[127.38219,37.94191],[127.38282,37.94276],[127.38353,37.94319],[127.38428,37.94354],[127.3842,37.94372],[127.38416,37.94381],[127.384,37.94413],[127.38444,37.94571],[127.38471,37.94667],[127.38491,37.94709],[127.38313,37.94958],[127.38235,37.95045],[127.38169,37.95066],[127.38135,37.95077],[127.38029,37.95073],[127.37875,37.95112],[127.37683,37.95293],[127.37697,37.95359],[127.37771,37.95426],[127.37951,37.95647],[127.37973,37.95778],[127.3795,37.95825],[127.37917,37.95892],[127.37871,37.95892],[127.37744,37.9594],[127.3763,37.96108],[127.37626,37.96119],[127.37614,37.96153],[127.37697,37.96342],[127.3779,37.96534],[127.37968,37.96634],[127.38009,37.96663],[127.38177,37.96862],[127.38264,37.9697],[127.38263,37.96973],[127.38184,37.97227],[127.38245,37.97422],[127.38489,37.97587],[127.38539,37.97615],[127.38412,37.97793],[127.38395,37.97995],[127.38394,37.98006],[127.38395,37.98111],[127.38504,37.98241],[127.38666,37.98323],[127.3898,37.98268],[127.39431,37.98592],[127.39942,37.9894],[127.39945,37.98941],[127.40386,37.99061],[127.40513,37.99054],[127.40525,37.99054],[127.40529,37.99054],[127.4065,37.99163],[127.40748,37.99357],[127.40907,37.9963],[127.40956,37.99644],[127.41017,37.9966],[127.41063,37.99669],[127.41086,37.99673],[127.41139,37.99687],[127.41274,37.99759],[127.41302,37.9978],[127.41479,38.00175],[127.41479,38.00327],[127.4148,38.00408],[127.41469,38.00447],[127.41463,38.00469],[127.41454,38.005],[127.41452,38.00525],[127.41481,38.00692],[127.4168,38.01062],[127.41827,38.01468],[127.41828,38.01475],[127.41913,38.01606],[127.42001,38.01742],[127.42154,38.01902],[127.4225,38.01957],[127.42349,38.02015],[127.42466,38.02223],[127.42655,38.02566],[127.42719,38.02749],[127.42623,38.02958],[127.42429,38.03094],[127.42473,38.03303],[127.42491,38.0334],[127.42776,38.03401],[127.43019,38.03465],[127.43044,38.03478],[127.43121,38.03517],[127.43355,38.03673],[127.43504,38.03799],[127.43749,38.0403],[127.44177,38.04478],[127.44181,38.04493],[127.44171,38.04505],[127.44168,38.04509],[127.4422,38.04615],[127.44439,38.05],[127.44514,38.05058],[127.44566,38.05098],[127.44615,38.05228],[127.44625,38.05254],[127.44636,38.05293],[127.44666,38.05423],[127.44668,38.05433],[127.44664,38.05447],[127.44653,38.05471],[127.44651,38.05475],[127.44642,38.05487],[127.44623,38.05508],[127.44594,38.05538],[127.44532,38.05608],[127.44529,38.05613],[127.44508,38.0565],[127.44414,38.05813],[127.44405,38.0583],[127.44396,38.05847],[127.44394,38.0585],[127.44371,38.05901],[127.44371,38.05904],[127.4437,38.05913],[127.44371,38.05926],[127.44372,38.05933],[127.44375,38.0594],[127.44377,38.05945],[127.44379,38.05949],[127.44383,38.05957],[127.44389,38.05964],[127.44397,38.05972],[127.44401,38.05976],[127.44407,38.0598],[127.44418,38.05988],[127.4443,38.05995],[127.44437,38.05999],[127.44443,38.06002],[127.44455,38.06008],[127.4446,38.06011],[127.44468,38.06014],[127.44479,38.06019],[127.44486,38.06022],[127.44489,38.06024],[127.44589,38.06235],[127.44593,38.06243],[127.44596,38.06253],[127.44599,38.06262],[127.44602,38.06273],[127.44603,38.06278],[127.44604,38.06283],[127.44632,38.06439],[127.44633,38.06447],[127.44693,38.07046],[127.44695,38.07052],[127.44696,38.07058],[127.44697,38.07063],[127.44698,38.07069],[127.44698,38.07074],[127.44698,38.07079],[127.44698,38.07084],[127.44698,38.0709],[127.44697,38.07094],[127.44696,38.071],[127.44694,38.07106],[127.44693,38.07113],[127.4469,38.07121],[127.44688,38.07129],[127.44686,38.07134],[127.44685,38.07137],[127.44681,38.07148],[127.4468,38.0715],[127.44676,38.07158],[127.44675,38.07161],[127.44672,38.07167],[127.44671,38.0717],[127.44665,38.07183],[127.44658,38.07196],[127.4465,38.07212],[127.44641,38.07227],[127.44632,38.07242],[127.4462,38.0726],[127.44611,38.07275],[127.44672,38.07876],[127.44678,38.07886],[127.44682,38.07896],[127.44686,38.07905],[127.44689,38.07913],[127.44691,38.07922],[127.44693,38.07929],[127.44693,38.07932],[127.44694,38.07937],[127.44694,38.07944],[127.44694,38.07947],[127.44694,38.07952],[127.44637,38.08375],[127.44636,38.0838],[127.44635,38.08384],[127.44633,38.0839],[127.44633,38.08394],[127.44631,38.08399],[127.4463,38.08403],[127.44627,38.08412],[127.44557,38.08599],[127.4449,38.09265],[127.4444,38.09752],[127.44391,38.09937],[127.44128,38.10712],[127.44125,38.10725],[127.44122,38.10744],[127.44121,38.10748],[127.44118,38.10761],[127.44114,38.10776],[127.44112,38.10784],[127.44111,38.10789],[127.44109,38.10794],[127.44108,38.108],[127.44104,38.10809],[127.441,38.10817],[127.44096,38.10825],[127.44092,38.10831],[127.44087,38.10838],[127.44084,38.10841],[127.44082,38.10844],[127.44076,38.10851],[127.44069,38.10857],[127.44063,38.10863],[127.44056,38.1087],[127.44053,38.10872],[127.44048,38.10876],[127.44044,38.1088],[127.44041,38.10882],[127.44033,38.10889],[127.44026,38.10895],[127.44023,38.10898],[127.44018,38.10901],[127.44011,38.10907],[127.44003,38.10913],[127.43995,38.10919],[127.43987,38.10924],[127.43979,38.10929],[127.43971,38.10933],[127.43263,38.11282],[127.43232,38.11336],[127.43093,38.11511],[127.43087,38.11518],[127.43085,38.1152],[127.43081,38.11524],[127.43076,38.11527],[127.4307,38.11529],[127.43064,38.11529],[127.43057,38.11528],[127.42623,38.11196],[127.4225,38.10888],[127.41519,38.10367],[127.41206,38.10272],[127.4087,38.10409],[127.40858,38.10414],[127.40848,38.10418],[127.40839,38.10423],[127.40831,38.10428],[127.40823,38.10433],[127.40817,38.10438],[127.40625,38.10583],[127.40622,38.10585],[127.40618,38.10588],[127.40612,38.10594],[127.40606,38.106],[127.406,38.10607],[127.40594,38.10614],[127.4059,38.10621],[127.40585,38.1063],[127.40583,38.10635],[127.40581,38.10639],[127.40579,38.10642],[127.40577,38.10649],[127.40575,38.10652],[127.40573,38.10659],[127.4057,38.1067],[127.40569,38.10672],[127.40567,38.10681],[127.40564,38.10693],[127.40561,38.10705],[127.4056,38.10711],[127.40559,38.10718],[127.40556,38.10731],[127.40554,38.10746],[127.40551,38.1076],[127.40549,38.10772],[127.40549,38.10775],[127.40546,38.1079],[127.40543,38.10804],[127.4054,38.10819],[127.40536,38.10834],[127.40533,38.10849],[127.40528,38.10863],[127.40524,38.10877],[127.4052,38.10891],[127.40516,38.10904],[127.40512,38.10916],[127.40507,38.10928],[127.40504,38.10938],[127.405,38.10947],[127.40497,38.10956],[127.40493,38.10965],[127.4034,38.11289],[127.40337,38.11295],[127.40333,38.11299],[127.40328,38.11304],[127.40324,38.11306],[127.40317,38.11311],[127.40309,38.11315],[127.40306,38.11317],[127.40301,38.11319],[127.40297,38.11321],[127.4029,38.11324],[127.40283,38.11327],[127.40272,38.1133],[127.40258,38.11335],[127.40248,38.11337],[127.40072,38.11371],[127.40069,38.11371],[127.4006,38.11373],[127.40048,38.11374],[127.40037,38.11374],[127.40025,38.11373],[127.40012,38.11371],[127.40001,38.11368],[127.39989,38.11364],[127.39977,38.11361],[127.39675,38.11342],[127.39396,38.1134],[127.39196,38.11404],[127.38576,38.11426],[127.3836,38.11538],[127.38358,38.11552],[127.38355,38.1158],[127.38349,38.11597],[127.38342,38.11616],[127.38331,38.11638],[127.3832,38.11653],[127.38311,38.11658],[127.38306,38.11659],[127.383,38.1166],[127.38296,38.1166],[127.38287,38.1166],[127.38194,38.11652],[127.37827,38.11776],[127.37809,38.11774],[127.37792,38.11769],[127.3777,38.11757],[127.3727,38.11435],[127.37264,38.11429],[127.37261,38.11427],[127.37197,38.11366],[127.37191,38.11358],[127.37189,38.11356],[127.37186,38.11352],[127.3718,38.11337],[127.37177,38.11322],[127.37178,38.11309],[127.37183,38.1124],[127.37186,38.11221],[127.37189,38.11204],[127.3719,38.11196],[127.3719,38.11175],[127.3719,38.11137],[127.37185,38.11111],[127.37179,38.111],[127.37161,38.11072],[127.37142,38.11054],[127.3711,38.11022],[127.3709,38.11004],[127.3708,38.10997],[127.37075,38.10993],[127.37061,38.10984],[127.37007,38.10954],[127.36928,38.10912],[127.36445,38.10704],[127.36418,38.10708],[127.3639,38.1071],[127.36385,38.1071],[127.36371,38.1071],[127.36331,38.10708],[127.36011,38.10687],[127.35977,38.10684],[127.35947,38.10681],[127.35635,38.10631],[127.35624,38.10629],[127.35607,38.10625],[127.356,38.10623],[127.35587,38.1062],[127.35548,38.10594],[127.35505,38.10554],[127.35445,38.10503],[127.35351,38.1044],[127.35337,38.10434],[127.35312,38.10435],[127.35018,38.10446],[127.34601,38.10426],[127.33927,38.10154],[127.33894,38.10136],[127.33861,38.10113],[127.33852,38.10106],[127.3384,38.10095],[127.33821,38.10078],[127.33819,38.10073],[127.33817,38.10067],[127.33812,38.10055],[127.3381,38.1005],[127.33739,38.08982],[127.33526,38.09088],[127.33307,38.09157],[127.33263,38.09176],[127.33241,38.09189],[127.33233,38.09193],[127.33228,38.09197],[127.33196,38.0922],[127.33137,38.09273],[127.33109,38.09302],[127.33093,38.09321],[127.33081,38.09334],[127.33078,38.09341],[127.33074,38.0935],[127.33068,38.09362],[127.33057,38.09383],[127.33047,38.09396],[127.33032,38.09411],[127.33017,38.09421],[127.32993,38.09431],[127.32945,38.09444],[127.32909,38.09453],[127.32904,38.09455],[127.32862,38.09462],[127.32581,38.0951],[127.32556,38.09512],[127.3252,38.09502],[127.3251,38.09497],[127.32498,38.09492],[127.32479,38.09484],[127.32473,38.09482],[127.32449,38.09479],[127.32415,38.09477],[127.32265,38.09489],[127.32202,38.09497],[127.32185,38.09499],[127.32173,38.09503],[127.32149,38.09512],[127.32119,38.09522],[127.3167,38.10062],[127.314,38.10462],[127.31363,38.10519],[127.3128,38.10672],[127.31248,38.10736],[127.31239,38.10758],[127.31184,38.10949],[127.31158,38.1124],[127.31135,38.11493],[127.31147,38.11538],[127.31137,38.1157],[127.31129,38.11597],[127.31064,38.1166],[127.30932,38.11785],[127.30739,38.11924],[127.30723,38.11936],[127.30701,38.11942],[127.30675,38.1192],[127.30683,38.11835],[127.30569,38.11718],[127.30564,38.11714],[127.30274,38.11568],[127.30216,38.1156],[127.30168,38.11554],[127.30013,38.11546],[127.29951,38.11551],[127.29586,38.11632],[127.29485,38.11526],[127.29293,38.11409],[127.29263,38.11409],[127.29234,38.11408],[127.2915,38.11435],[127.28978,38.11555],[127.28856,38.11669],[127.28819,38.11671],[127.28776,38.11669],[127.28768,38.11668],[127.28735,38.11653],[127.28673,38.11572],[127.28648,38.11544],[127.28603,38.11505],[127.28564,38.1151],[127.28559,38.11511],[127.28463,38.11559],[127.2832,38.11648],[127.28265,38.1184],[127.28262,38.11866],[127.28259,38.11894],[127.28263,38.119],[127.28288,38.11945],[127.28301,38.11969],[127.28331,38.12022],[127.28305,38.12337],[127.28195,38.12474],[127.28192,38.12477],[127.2819,38.12479],[127.28161,38.125],[127.28043,38.12552],[127.27674,38.12545],[127.27707,38.12616],[127.2774,38.12688],[127.27748,38.12764],[127.27739,38.13249],[127.27719,38.13303],[127.27686,38.13332],[127.2768,38.13335],[127.27671,38.13339],[127.2763,38.1336],[127.27577,38.13397],[127.27557,38.13427],[127.27547,38.13456],[127.27545,38.13463],[127.2754,38.13509],[127.27544,38.13608],[127.27548,38.13641],[127.27549,38.13644],[127.2755,38.13652],[127.27555,38.13679],[127.27577,38.13722],[127.27621,38.13757],[127.27841,38.13922],[127.28329,38.14475],[127.28334,38.14481],[127.28382,38.14542],[127.28417,38.14593],[127.28718,38.15135],[127.28723,38.15162],[127.28727,38.15192],[127.28727,38.15195],[127.28727,38.15198],[127.28726,38.15206],[127.28724,38.15233],[127.28521,38.1566],[127.28464,38.15775],[127.28713,38.16034],[127.28715,38.16036],[127.28731,38.16049],[127.28736,38.16054],[127.2874,38.16058],[127.28745,38.16068],[127.28747,38.16073],[127.28752,38.16088],[127.288,38.16354],[127.288,38.16383],[127.28799,38.164],[127.28799,38.16422],[127.28794,38.16452],[127.28756,38.16551],[127.28744,38.16579],[127.28728,38.16614],[127.28717,38.16722],[127.28716,38.16727],[127.28717,38.16785],[127.28717,38.16794],[127.28725,38.16871],[127.28753,38.16937],[127.28787,38.16988],[127.28793,38.16997],[127.28797,38.17003],[127.29119,38.17233],[127.29137,38.1724],[127.29142,38.17242],[127.2915,38.17245],[127.29166,38.1725],[127.29181,38.17256],[127.29222,38.17264],[127.29268,38.17266],[127.29288,38.17266],[127.2932,38.17267],[127.29365,38.17266],[127.29411,38.1726],[127.29448,38.17261],[127.29478,38.17264],[127.29515,38.17273],[127.29519,38.17275],[127.29547,38.17292],[127.29635,38.1736],[127.29707,38.17427],[127.29721,38.17452],[127.29725,38.17466],[127.29728,38.17478],[127.29729,38.17498],[127.29722,38.1754],[127.29701,38.17568],[127.29696,38.17573],[127.29675,38.1759],[127.29663,38.176],[127.29618,38.1763],[127.29586,38.17642],[127.29287,38.17683],[127.29227,38.17684],[127.292,38.17682],[127.29195,38.17681],[127.29128,38.17667],[127.29081,38.17654],[127.29051,38.17652],[127.29014,38.17658],[127.28991,38.17667],[127.2897,38.17674],[127.28933,38.1769],[127.28924,38.17696],[127.28907,38.17707],[127.28901,38.17711],[127.28778,38.17798],[127.28743,38.17831],[127.28714,38.1786],[127.28708,38.17867],[127.28687,38.17893],[127.2867,38.17918],[127.28663,38.17942],[127.28662,38.17958],[127.28661,38.17965],[127.28658,38.18034],[127.28563,38.18068],[127.28378,38.18221],[127.28369,38.18246],[127.28367,38.1825],[127.28362,38.1826],[127.28351,38.1827],[127.28345,38.18275],[127.28338,38.1828],[127.28312,38.18288],[127.28296,38.1829],[127.28283,38.18291],[127.27698,38.18237],[127.27527,38.18145],[127.27193,38.1815],[127.26651,38.18064],[127.26633,38.18057],[127.26612,38.1805],[127.2658,38.18027],[127.26577,38.18023],[127.26559,38.18006],[127.26529,38.17972],[127.26513,38.17952],[127.26503,38.1794],[127.26484,38.17911],[127.26466,38.17882],[127.26452,38.17854],[127.26449,38.17847],[127.26448,38.17843],[127.26445,38.17835],[127.26442,38.17828],[127.26441,38.17802],[127.26444,38.17781],[127.26452,38.17759],[127.26456,38.17754],[127.26463,38.17747],[127.2648,38.1773],[127.26491,38.17721],[127.26505,38.1771],[127.26541,38.17683],[127.2655,38.17675],[127.26556,38.1767],[127.26563,38.17661],[127.26568,38.17654],[127.26583,38.17636],[127.2659,38.17623],[127.26596,38.17605],[127.266,38.17586],[127.26599,38.17582],[127.26599,38.17562],[127.26592,38.17533],[127.2657,38.17481],[127.26518,38.17379],[127.26505,38.17352],[127.26438,38.17248],[127.26411,38.1721],[127.26372,38.17165],[127.26352,38.17146],[127.26335,38.17135],[127.2631,38.17119],[127.26165,38.17047],[127.26038,38.17037],[127.2585,38.16865],[127.25615,38.16493],[127.25584,38.16418],[127.25584,38.16404],[127.25586,38.16396],[127.25434,38.1628],[127.25166,38.16197],[127.24972,38.1609],[127.24705,38.15943],[127.24207,38.15631],[127.23962,38.15454],[127.23922,38.15416],[127.2391,38.15404],[127.23749,38.15202],[127.23766,38.15159],[127.23508,38.14801],[127.23389,38.14733],[127.23262,38.14712],[127.23203,38.14703],[127.22872,38.14761],[127.22597,38.14819],[127.22591,38.14821],[127.22419,38.14755],[127.22374,38.14727],[127.22333,38.14691],[127.22327,38.14686],[127.22364,38.14469],[127.2237,38.14143],[127.22355,38.14061],[127.22252,38.13811],[127.22189,38.13763],[127.21979,38.13869],[127.21916,38.13905],[127.21889,38.13924],[127.21342,38.14338],[127.21263,38.14549],[127.21259,38.14574],[127.21241,38.14606],[127.21223,38.14639],[127.21198,38.14672],[127.21177,38.14688],[127.21161,38.14692],[127.21145,38.14697],[127.21102,38.14696],[127.21084,38.14692],[127.21029,38.14682],[127.20992,38.14679],[127.20961,38.14677],[127.20891,38.14685],[127.20881,38.14687],[127.20859,38.14692],[127.20834,38.14706],[127.2082,38.14714],[127.208,38.14733],[127.20793,38.14739],[127.20763,38.14767],[127.20696,38.1484],[127.20456,38.15105],[127.20404,38.15163],[127.20361,38.15219],[127.2033,38.15278],[127.20328,38.15283],[127.20305,38.15322],[127.20288,38.15341],[127.20276,38.15349],[127.20265,38.15357],[127.19936,38.15551],[127.19913,38.15564],[127.19901,38.15571],[127.19885,38.15579],[127.19866,38.15589],[127.1976,38.15622],[127.19724,38.15631],[127.19674,38.15643],[127.19602,38.15666],[127.19552,38.15688],[127.1949,38.15727],[127.19484,38.15731],[127.19295,38.15854],[127.19025,38.16042],[127.18999,38.16069],[127.18959,38.16138],[127.18935,38.16191],[127.18908,38.16254],[127.1887,38.16362],[127.18772,38.16718],[127.18739,38.16878],[127.1868,38.17013],[127.18641,38.17049],[127.18631,38.17066],[127.18625,38.17079],[127.1862,38.17094],[127.18603,38.17295],[127.18604,38.17339],[127.18704,38.1782],[127.18808,38.18333],[127.18807,38.18366],[127.18807,38.18373],[127.18808,38.18389],[127.18808,38.18395],[127.18808,38.18411],[127.18818,38.18452],[127.18832,38.18494],[127.18885,38.18631],[127.18887,38.18637],[127.18893,38.1865],[127.18896,38.18655],[127.18904,38.18671],[127.18922,38.18696],[127.1894,38.18718],[127.19028,38.18825],[127.1904,38.18886],[127.1879,38.18825],[127.18345,38.18605],[127.18242,38.18544],[127.18206,38.18524],[127.1819,38.18518],[127.1817,38.18509],[127.18166,38.18508],[127.18113,38.18491],[127.18069,38.18482],[127.18032,38.18477],[127.18016,38.18475],[127.17938,38.18465],[127.17905,38.18274],[127.17765,38.17644],[127.17753,38.17602],[127.17682,38.17491],[127.17675,38.1748],[127.17547,38.17362],[127.17523,38.17345],[127.17428,38.17274],[127.17378,38.17113],[127.1736,38.16923],[127.17386,38.16903],[127.17407,38.16887],[127.17412,38.16879],[127.17452,38.16816],[127.17459,38.16789],[127.17448,38.16595],[127.17411,38.16453],[127.17408,38.16411],[127.17393,38.1614],[127.17394,38.16111],[127.17431,38.16054],[127.17519,38.15987],[127.1756,38.15895],[127.17568,38.15854],[127.17578,38.15801],[127.17583,38.15681],[127.17586,38.15597],[127.17611,38.1538],[127.17633,38.15307],[127.17693,38.15213],[127.17718,38.15151],[127.17682,38.14673],[127.17673,38.14652],[127.17522,38.14446],[127.17356,38.1432],[127.17355,38.14317],[127.17346,38.14298],[127.17291,38.14156],[127.17297,38.14119],[127.17326,38.14086],[127.17347,38.14075],[127.1738,38.14056],[127.17401,38.14021],[127.17493,38.13705],[127.17545,38.13502],[127.17574,38.12976],[127.17577,38.12881],[127.17448,38.12449],[127.17422,38.12394],[127.17355,38.12306],[127.17156,38.12156],[127.17283,38.12004],[127.17334,38.1199],[127.17391,38.11984],[127.17502,38.11995],[127.17657,38.11982],[127.17767,38.11926],[127.18266,38.11665],[127.18304,38.11642],[127.1834,38.11609],[127.18374,38.11556],[127.18428,38.11441],[127.18433,38.11402],[127.18402,38.11078],[127.18394,38.11034],[127.18305,38.10937],[127.18221,38.10731],[127.18291,38.10225],[127.18355,38.09905],[127.18419,38.09504],[127.18444,38.09264],[127.1845,38.0923],[127.18451,38.09223],[127.18485,38.09145],[127.18488,38.0914],[127.18525,38.0908],[127.1882,38.08748],[127.18949,38.08638],[127.19068,38.0857],[127.19099,38.08543],[127.19218,38.08308],[127.19225,38.08249],[127.19208,38.0819],[127.19073,38.07784],[127.18985,38.07686],[127.18784,38.07545],[127.18625,38.07431],[127.18574,38.07225],[127.18585,38.07067],[127.18623,38.068],[127.18655,38.06541],[127.18662,38.06444],[127.18578,38.06413],[127.18484,38.06395],[127.18416,38.06384],[127.1836,38.06386],[127.18109,38.06472],[127.18014,38.06504],[127.17867,38.06555],[127.17705,38.06606],[127.17557,38.06636],[127.17528,38.0664],[127.17482,38.06646],[127.17376,38.06642],[127.17252,38.06614],[127.17217,38.06602],[127.17142,38.06577],[127.17092,38.06552],[127.16889,38.06387],[127.16877,38.06359],[127.16869,38.0634],[127.16865,38.06329],[127.16855,38.063],[127.16822,38.06263],[127.16746,38.06181],[127.16635,38.06135],[127.16612,38.06135],[127.16545,38.06136],[127.16492,38.06138],[127.16467,38.06138],[127.16401,38.06165],[127.16343,38.06197],[127.16338,38.062],[127.1628,38.06232],[127.16175,38.06268],[127.16039,38.06312],[127.1595,38.0634],[127.15847,38.06348],[127.15757,38.06351],[127.15738,38.06347],[127.15731,38.06346],[127.15696,38.06339],[127.15598,38.06285],[127.15566,38.06263],[127.15536,38.06229],[127.15446,38.061],[127.15369,38.06007],[127.15317,38.05949],[127.15228,38.05877],[127.15088,38.05808],[127.14935,38.05769],[127.14874,38.0577],[127.14851,38.05784],[127.14803,38.05814],[127.14752,38.05857],[127.14685,38.05914],[127.14664,38.05975],[127.14625,38.06273],[127.1462,38.06345],[127.14683,38.06428],[127.1471,38.06523],[127.14764,38.06794],[127.14768,38.06968],[127.14703,38.07054],[127.14616,38.07131],[127.14469,38.07296],[127.14432,38.07338],[127.14421,38.0735],[127.14402,38.07354],[127.14367,38.07361],[127.14218,38.07323],[127.14115,38.07274],[127.13966,38.07138],[127.13854,38.06966],[127.13834,38.0691],[127.1386,38.06844],[127.13872,38.0675],[127.13838,38.06667],[127.13826,38.06646],[127.1378,38.0662],[127.13746,38.06608],[127.13726,38.06602],[127.13633,38.06579],[127.13491,38.06561],[127.13279,38.06417],[127.13169,38.06328],[127.13115,38.06283],[127.13067,38.06218],[127.13012,38.06141],[127.12949,38.06104],[127.12931,38.06093],[127.12657,38.05979],[127.12627,38.05975],[127.12569,38.05969],[127.12484,38.05996],[127.12428,38.06053],[127.12402,38.06112],[127.12373,38.06143],[127.12309,38.06156],[127.12258,38.06162],[127.12066,38.06156],[127.11914,38.06144],[127.11898,38.06143],[127.11717,38.06065],[127.11563,38.05861],[127.1148,38.05744],[127.11423,38.05609],[127.11319,38.05431],[127.11229,38.05141],[127.11228,38.05096],[127.11364,38.0485],[127.11458,38.04723],[127.11542,38.04631],[127.11622,38.04559],[127.11698,38.04492],[127.11769,38.04429],[127.11796,38.04391],[127.11793,38.04293],[127.11788,38.04266],[127.11701,38.04175],[127.11547,38.04056],[127.1148,38.04008],[127.11436,38.03998],[127.1154,38.03988],[127.11825,38.03864],[127.11963,38.03894],[127.12128,38.03913],[127.12254,38.03907],[127.12273,38.03894],[127.12362,38.03794],[127.12444,38.03707],[127.12502,38.03682],[127.12602,38.03653],[127.12717,38.03651],[127.12815,38.03668],[127.13,38.03736],[127.13184,38.03804],[127.1326,38.03844],[127.1336,38.03897],[127.13481,38.03918],[127.13502,38.03918],[127.13521,38.03912],[127.13742,38.03784],[127.13779,38.03744],[127.13804,38.03652],[127.13815,38.03604],[127.13802,38.03542],[127.13758,38.03431],[127.13715,38.03331],[127.13671,38.03271],[127.13656,38.03253],[127.13616,38.03207],[127.13535,38.03138],[127.13518,38.03084],[127.13549,38.02926],[127.13614,38.02854],[127.1372,38.02768],[127.13819,38.02724],[127.13853,38.02708],[127.13879,38.02691],[127.13916,38.02668],[127.13958,38.02613],[127.13979,38.02545],[127.13952,38.02427],[127.13885,38.0231],[127.13871,38.02285],[127.13871,38.02276],[127.13871,38.02267],[127.13873,38.02245],[127.13882,38.02221],[127.13898,38.02187],[127.1392,38.02143],[127.13967,38.02111],[127.13982,38.02101],[127.14037,38.02064],[127.14288,38.01834],[127.14396,38.01717],[127.14506,38.01595],[127.14532,38.01565],[127.1453,38.0155],[127.1452,38.01496],[127.14458,38.01476],[127.14297,38.01466],[127.14292,38.01463],[127.14261,38.01442],[127.14024,38.01148],[127.14051,38.00661],[127.1408,38.00553],[127.14113,38.00505],[127.14121,38.00492],[127.14136,38.00479],[127.14181,38.00439],[127.14286,38.00375],[127.14336,38.00332],[127.14564,38.00095],[127.14567,38.00087],[127.14684,37.99772],[127.14687,37.99564],[127.1454,37.99282],[127.14482,37.99192],[127.14329,37.99126],[127.14315,37.99126],[127.14085,37.99203],[127.14076,37.99205],[127.14069,37.99204],[127.14063,37.99203],[127.14054,37.99201],[127.1404,37.99196],[127.13695,37.99055],[127.1352,37.98968],[127.13255,37.98829],[127.13203,37.98779],[127.13199,37.98773],[127.132,37.9876],[127.13205,37.98748],[127.13205,37.98738],[127.13135,37.98603],[127.13053,37.98466],[127.13042,37.98452],[127.13025,37.98436],[127.1296,37.98386],[127.1295,37.9838],[127.12432,37.98076],[127.12343,37.98029],[127.12116,37.97952],[127.12078,37.97942],[127.1202,37.9795],[127.11745,37.98539],[127.11733,37.98574],[127.11461,37.9864],[127.11409,37.98647],[127.11294,37.98789],[127.11154,37.98931],[127.11045,37.98912],[127.10943,37.98884],[127.10931,37.98884],[127.1089,37.98884],[127.10837,37.98884],[127.10808,37.98885],[127.10795,37.98885],[127.1048,37.98901],[127.10191,37.98941],[127.10126,37.98949],[127.10057,37.9897],[127.0948,37.98911],[127.09271,37.98861],[127.09143,37.98813],[127.09119,37.98802],[127.09096,37.98779],[127.09081,37.98755],[127.09052,37.98548],[127.09037,37.9844]]]}},{"type":"Feature","properties":{"id":"41-41670","name":"여주시","sido":"경기도","code":"41670","center":[37.30252,127.61569]},"geometry":{"type":"Polygon","coordinates":[[[127.39821,37.41575],[127.39823,37.41569],[127.39831,37.41533],[127.39882,37.41455],[127.40018,37.41311],[127.40343,37.41055],[127.40406,37.41008],[127.4057,37.40926],[127.40636,37.40895],[127.40855,37.40811],[127.40932,37.40787],[127.40942,37.40785],[127.40953,37.40782],[127.40964,37.40776],[127.41074,37.40666],[127.41197,37.40517],[127.41217,37.40471],[127.41283,37.40319],[127.4129,37.40286],[127.4129,37.40274],[127.4126,37.40213],[127.41232,37.40077],[127.41235,37.40042],[127.41244,37.39933],[127.41272,37.3984],[127.41281,37.3982],[127.41479,37.39393],[127.41486,37.39379],[127.41496,37.39361],[127.41742,37.38949],[127.42028,37.38661],[127.42157,37.38592],[127.42244,37.38581],[127.42439,37.38576],[127.42456,37.38575],[127.42516,37.38577],[127.42689,37.38645],[127.42889,37.38752],[127.42939,37.38795],[127.42974,37.38803],[127.43244,37.38728],[127.4351,37.38649],[127.43528,37.38644],[127.43543,37.38642],[127.43682,37.38643],[127.43879,37.38684],[127.44014,37.38708],[127.4425,37.38738],[127.44272,37.38725],[127.44301,37.3871],[127.4436,37.3865],[127.44448,37.38552],[127.44453,37.38541],[127.44528,37.38133],[127.44412,37.37811],[127.44369,37.3763],[127.44367,37.37613],[127.44376,37.36979],[127.44391,37.36908],[127.44439,37.36794],[127.44551,37.36484],[127.44592,37.36342],[127.44596,37.36273],[127.44603,37.36091],[127.44597,37.36082],[127.44588,37.36075],[127.44584,37.36072],[127.44475,37.36035],[127.44336,37.35927],[127.44246,37.35844],[127.44294,37.35823],[127.4436,37.3579],[127.44385,37.35769],[127.44746,37.35383],[127.44866,37.35247],[127.44884,37.35219],[127.44899,37.35217],[127.44913,37.35219],[127.44988,37.35232],[127.45045,37.35243],[127.45081,37.35251],[127.4548,37.35412],[127.45487,37.35416],[127.45517,37.35483],[127.45543,37.35532],[127.4561,37.35595],[127.45628,37.35606],[127.46022,37.3582],[127.46191,37.35867],[127.46223,37.35875],[127.46252,37.35879],[127.46267,37.35876],[127.46276,37.35874],[127.46298,37.35864],[127.46332,37.35842],[127.46377,37.35814],[127.46384,37.35815],[127.46401,37.35816],[127.46405,37.35816],[127.46468,37.35836],[127.46513,37.35854],[127.46558,37.35875],[127.46654,37.35928],[127.46901,37.36102],[127.47049,37.36152],[127.47393,37.35827],[127.47491,37.35737],[127.47517,37.35718],[127.47542,37.35702],[127.47577,37.35684],[127.47604,37.35683],[127.47614,37.35685],[127.47627,37.35688],[127.4764,37.35691],[127.47656,37.35694],[127.47669,37.35693],[127.47691,37.35687],[127.47705,37.35677],[127.47818,37.35592],[127.47827,37.35583],[127.47835,37.35576],[127.48111,37.35292],[127.48387,37.35057],[127.48526,37.35028],[127.48724,37.34905],[127.48731,37.34892],[127.48753,37.34836],[127.48755,37.34825],[127.48754,37.3481],[127.48752,37.34786],[127.48754,37.34776],[127.48756,37.34769],[127.48776,37.34688],[127.48795,37.3462],[127.48851,37.34461],[127.48853,37.34456],[127.48855,37.3445],[127.48951,37.3424],[127.48952,37.34236],[127.48969,37.3423],[127.4939,37.34105],[127.49411,37.341],[127.49438,37.34096],[127.49453,37.34095],[127.49467,37.34094],[127.49482,37.34095],[127.49504,37.34097],[127.49979,37.33973],[127.5002,37.33933],[127.50129,37.33833],[127.50138,37.33826],[127.50156,37.33813],[127.50169,37.33804],[127.50184,37.33799],[127.50197,37.33794],[127.50209,37.33791],[127.50218,37.3379],[127.50225,37.3379],[127.50244,37.33788],[127.50252,37.33788],[127.5026,37.33788],[127.50406,37.33793],[127.50797,37.33819],[127.50811,37.33822],[127.50825,37.33824],[127.50838,37.33828],[127.5085,37.33833],[127.50861,37.33839],[127.50933,37.33892],[127.51003,37.33943],[127.5101,37.33948],[127.51014,37.33951],[127.51024,37.33956],[127.51031,37.33958],[127.51258,37.33969],[127.51271,37.33967],[127.5136,37.33939],[127.51367,37.33935],[127.51376,37.33931],[127.51408,37.33908],[127.5143,37.33889],[127.5147,37.33852],[127.51548,37.33767],[127.51557,37.33756],[127.51563,37.33744],[127.51584,37.3369],[127.51616,37.33608],[127.51662,37.33497],[127.51675,37.33472],[127.5169,37.3345],[127.52009,37.33074],[127.5203,37.33051],[127.52054,37.33026],[127.52071,37.33012],[127.52085,37.33001],[127.52108,37.32986],[127.52133,37.32975],[127.52143,37.32972],[127.52151,37.32969],[127.5218,37.32966],[127.522,37.32966],[127.5221,37.32966],[127.52285,37.32972],[127.5243,37.32979],[127.52563,37.32983],[127.52601,37.32982],[127.52637,37.32976],[127.52668,37.32966],[127.52675,37.32963],[127.52694,37.32953],[127.52716,37.32934],[127.52919,37.32661],[127.5292,37.32659],[127.52927,37.32646],[127.52927,37.32636],[127.52926,37.32627],[127.52915,37.32609],[127.52889,37.32569],[127.5288,37.32559],[127.52878,37.32557],[127.52855,37.32539],[127.52838,37.32525],[127.52818,37.32505],[127.52808,37.32496],[127.5278,37.32455],[127.52719,37.32365],[127.52696,37.32331],[127.52688,37.32317],[127.52663,37.32273],[127.5266,37.32267],[127.52656,37.32256],[127.52655,37.3225],[127.52654,37.32247],[127.5266,37.32236],[127.52676,37.32218],[127.52697,37.32204],[127.52717,37.32192],[127.52762,37.32178],[127.52813,37.32166],[127.52839,37.32156],[127.52856,37.32148],[127.52895,37.32124],[127.52912,37.32106],[127.52938,37.32072],[127.52947,37.32057],[127.52954,37.32047],[127.52965,37.32018],[127.5297,37.31981],[127.5297,37.31955],[127.52905,37.31707],[127.52876,37.31639],[127.52876,37.31626],[127.5288,37.3162],[127.53359,37.31408],[127.53387,37.314],[127.53556,37.31353],[127.53608,37.31345],[127.53629,37.31349],[127.53673,37.31359],[127.5373,37.3136],[127.53835,37.31352],[127.54181,37.31316],[127.54261,37.31306],[127.54472,37.31224],[127.54518,37.31179],[127.54607,37.31092],[127.54634,37.31003],[127.54636,37.30994],[127.54644,37.30181],[127.54639,37.30143],[127.54485,37.2993],[127.54305,37.29644],[127.5428,37.29532],[127.54273,37.29475],[127.5417,37.29395],[127.53854,37.29139],[127.53681,37.2897],[127.53552,37.28936],[127.5353,37.28944],[127.53472,37.2895],[127.53457,37.28952],[127.53438,37.28928],[127.53121,37.28076],[127.53067,37.27924],[127.52919,37.27352],[127.52928,37.27173],[127.52988,37.26795],[127.52996,37.26747],[127.53005,37.2672],[127.53012,37.26699],[127.53027,37.26662],[127.53097,37.2648],[127.53151,37.26338],[127.53236,37.26066],[127.53238,37.25967],[127.53242,37.25905],[127.53246,37.25838],[127.53257,37.25787],[127.53274,37.2573],[127.53293,37.25668],[127.53318,37.2562],[127.53591,37.25356],[127.53602,37.25347],[127.53629,37.25325],[127.53707,37.25161],[127.53728,37.24842],[127.53737,37.24663],[127.53577,37.24521],[127.53484,37.24468],[127.53301,37.24364],[127.53281,37.24354],[127.53163,37.24331],[127.53004,37.24303],[127.52991,37.24299],[127.52969,37.24293],[127.52737,37.24161],[127.52555,37.24049],[127.52521,37.23975],[127.52517,37.23933],[127.52519,37.23927],[127.5252,37.23923],[127.52606,37.23522],[127.52685,37.23138],[127.52696,37.22946],[127.5255,37.22757],[127.52761,37.22739],[127.52777,37.22685],[127.5287,37.22228],[127.53008,37.21779],[127.52973,37.21503],[127.52972,37.21378],[127.52987,37.21177],[127.53069,37.20959],[127.5311,37.20887],[127.53121,37.20869],[127.53147,37.20823],[127.53156,37.20622],[127.53154,37.20564],[127.53152,37.20555],[127.53147,37.20535],[127.53119,37.20512],[127.5308,37.20501],[127.53008,37.20276],[127.53026,37.20216],[127.53089,37.20083],[127.53128,37.19999],[127.53129,37.19979],[127.53109,37.19813],[127.53042,37.19802],[127.52962,37.19784],[127.5291,37.19771],[127.52881,37.1976],[127.52829,37.1973],[127.52793,37.19699],[127.52624,37.19523],[127.52617,37.19509],[127.52611,37.19489],[127.5261,37.19474],[127.5261,37.19465],[127.5261,37.19447],[127.52601,37.19415],[127.52589,37.19394],[127.5257,37.19373],[127.5196,37.18761],[127.51929,37.1873],[127.519,37.18709],[127.51859,37.18689],[127.51796,37.18672],[127.51597,37.18532],[127.51665,37.1851],[127.51683,37.18504],[127.51704,37.18497],[127.51734,37.18485],[127.51741,37.18481],[127.51743,37.18473],[127.51727,37.18328],[127.51755,37.18213],[127.51776,37.18216],[127.51794,37.18217],[127.51805,37.18216],[127.51975,37.18205],[127.52286,37.18124],[127.52383,37.17991],[127.52655,37.17609],[127.52659,37.17602],[127.52676,37.17564],[127.5269,37.17502],[127.5269,37.17498],[127.52691,37.17481],[127.52689,37.17434],[127.52676,37.17373],[127.52675,37.17365],[127.52675,37.17362],[127.52675,37.17357],[127.52676,37.17354],[127.52679,37.17346],[127.52688,37.17339],[127.52699,37.17331],[127.52718,37.17319],[127.52727,37.17316],[127.52782,37.17298],[127.52789,37.17296],[127.52992,37.17292],[127.53005,37.17293],[127.53137,37.1732],[127.5379,37.17366],[127.54339,37.17394],[127.54681,37.17419],[127.54879,37.17471],[127.55179,37.17537],[127.55192,37.17534],[127.55203,37.17533],[127.55271,37.17541],[127.55283,37.17544],[127.55338,37.17559],[127.55538,37.17633],[127.55548,37.17636],[127.55616,37.17666],[127.55669,37.17704],[127.55692,37.17728],[127.55771,37.17813],[127.55777,37.1782],[127.55779,37.17828],[127.55782,37.17837],[127.55764,37.17905],[127.5579,37.17976],[127.55863,37.18083],[127.5587,37.18086],[127.55876,37.18088],[127.5588,37.18087],[127.5589,37.18084],[127.55908,37.18078],[127.55928,37.18072],[127.55964,37.18059],[127.55969,37.18057],[127.56008,37.18041],[127.56031,37.18027],[127.56039,37.18022],[127.56439,37.17761],[127.56618,37.1764],[127.56717,37.17549],[127.56849,37.17411],[127.56872,37.17386],[127.56888,37.17365],[127.56892,37.17358],[127.56902,37.17342],[127.56957,37.17167],[127.57051,37.17023],[127.57083,37.17035],[127.57252,37.1713],[127.57259,37.17139],[127.5727,37.1719],[127.57271,37.17193],[127.57278,37.17202],[127.57448,37.17356],[127.57515,37.17416],[127.57532,37.1743],[127.57559,37.17446],[127.57606,37.17458],[127.57681,37.17492],[127.57696,37.17499],[127.57708,37.17507],[127.57715,37.17516],[127.57718,37.17522],[127.57756,37.17609],[127.57761,37.17623],[127.57762,37.17633],[127.57763,37.17707],[127.5776,37.17718],[127.57754,37.17728],[127.57445,37.18243],[127.57438,37.18251],[127.57431,37.18258],[127.57425,37.18263],[127.57408,37.18278],[127.57377,37.18304],[127.57374,37.18306],[127.57346,37.18328],[127.57329,37.18337],[127.57304,37.18349],[127.57289,37.18356],[127.57282,37.18359],[127.57279,37.1836],[127.57273,37.18367],[127.5724,37.18444],[127.57238,37.18453],[127.57236,37.18458],[127.57235,37.18474],[127.57238,37.18486],[127.57314,37.18592],[127.5732,37.18599],[127.57637,37.18916],[127.57643,37.18918],[127.57647,37.1892],[127.57661,37.18923],[127.57797,37.1895],[127.57809,37.18951],[127.57815,37.1895],[127.57818,37.18949],[127.57822,37.18945],[127.57828,37.18929],[127.5783,37.18921],[127.57836,37.18898],[127.57844,37.18885],[127.57855,37.18873],[127.5786,37.18868],[127.57878,37.18854],[127.57972,37.18789],[127.57986,37.18781],[127.58003,37.18771],[127.58015,37.18764],[127.58048,37.18747],[127.58068,37.1874],[127.58163,37.18712],[127.58354,37.18696],[127.58367,37.18695],[127.58381,37.18696],[127.58473,37.18699],[127.58496,37.18701],[127.587,37.18727],[127.59049,37.1879],[127.59062,37.18794],[127.59071,37.18797],[127.59081,37.18801],[127.59163,37.18847],[127.59175,37.18856],[127.59189,37.18867],[127.59208,37.18889],[127.59221,37.18906],[127.59233,37.18916],[127.59303,37.18963],[127.59526,37.18974],[127.596,37.18963],[127.59769,37.18838],[127.59795,37.18815],[127.5981,37.18793],[127.59818,37.18776],[127.59822,37.1876],[127.59852,37.18613],[127.5986,37.18548],[127.59881,37.1845],[127.59915,37.18335],[127.59918,37.18328],[127.59923,37.1832],[127.5993,37.18311],[127.59941,37.18303],[127.59948,37.18298],[127.59969,37.18291],[127.59976,37.1829],[127.59981,37.18291],[127.60023,37.18309],[127.60053,37.18321],[127.60061,37.18325],[127.6013,37.18344],[127.60138,37.18345],[127.60145,37.18344],[127.60157,37.18342],[127.60167,37.18337],[127.60254,37.18228],[127.60356,37.18037],[127.60484,37.17891],[127.6098,37.17497],[127.61125,37.17446],[127.61139,37.17438],[127.61146,37.17432],[127.61231,37.17347],[127.61239,37.17338],[127.61392,37.17028],[127.61398,37.17015],[127.61398,37.17011],[127.614,37.16999],[127.61408,37.16918],[127.61408,37.16911],[127.61409,37.16897],[127.61409,37.16819],[127.61409,37.16805],[127.61409,37.16785],[127.61408,37.16774],[127.61408,37.16766],[127.61458,37.16597],[127.61516,37.1642],[127.61518,37.16413],[127.61522,37.16403],[127.61533,37.16382],[127.61539,37.16372],[127.61543,37.16366],[127.61547,37.16361],[127.61551,37.16356],[127.61554,37.16353],[127.61564,37.16346],[127.6158,37.16334],[127.61602,37.16326],[127.61823,37.16252],[127.61947,37.16244],[127.624,37.16425],[127.62406,37.16428],[127.62533,37.16488],[127.62548,37.16496],[127.62561,37.16508],[127.62573,37.16522],[127.62577,37.16527],[127.62584,37.16535],[127.62593,37.16546],[127.62612,37.16564],[127.62626,37.16575],[127.62651,37.16591],[127.62659,37.16596],[127.62665,37.16598],[127.62929,37.16641],[127.62951,37.16642],[127.62965,37.16642],[127.62988,37.16637],[127.63009,37.1663],[127.63036,37.16619],[127.6305,37.1661],[127.63059,37.16603],[127.63067,37.16592],[127.63074,37.16578],[127.63077,37.16567],[127.63117,37.16391],[127.63019,37.15932],[127.63008,37.15919],[127.62992,37.15897],[127.6299,37.15893],[127.62975,37.15871],[127.62959,37.15847],[127.62943,37.15819],[127.6293,37.15795],[127.62913,37.15762],[127.62908,37.15748],[127.62898,37.1572],[127.6289,37.15693],[127.62868,37.15618],[127.62861,37.15583],[127.62858,37.15553],[127.62857,37.15535],[127.62857,37.15506],[127.62857,37.15496],[127.62864,37.15445],[127.62872,37.15403],[127.62876,37.1538],[127.63263,37.15251],[127.63356,37.1531],[127.6336,37.15312],[127.63364,37.15314],[127.63368,37.15315],[127.63372,37.15316],[127.63377,37.15317],[127.63381,37.15317],[127.63669,37.15315],[127.63826,37.15311],[127.63833,37.15311],[127.63839,37.15311],[127.63846,37.1531],[127.63853,37.1531],[127.63857,37.15309],[127.63861,37.15309],[127.63866,37.15308],[127.6387,37.15308],[127.63873,37.15307],[127.63876,37.15307],[127.6388,37.15306],[127.63883,37.15305],[127.63898,37.15302],[127.63902,37.15301],[127.63906,37.153],[127.6391,37.15299],[127.63914,37.15298],[127.63918,37.15297],[127.63922,37.15296],[127.63927,37.15294],[127.63931,37.15292],[127.63934,37.15291],[127.63937,37.15289],[127.63939,37.15286],[127.63942,37.15283],[127.64181,37.15138],[127.64419,37.15126],[127.64647,37.15106],[127.64655,37.15105],[127.64662,37.15104],[127.6467,37.15103],[127.64679,37.15101],[127.64689,37.15099],[127.64697,37.15097],[127.64707,37.15094],[127.64713,37.15093],[127.64717,37.15091],[127.64728,37.15088],[127.64739,37.15084],[127.6475,37.1508],[127.64761,37.15075],[127.64772,37.1507],[127.64782,37.15064],[127.64791,37.15058],[127.65365,37.14679],[127.65386,37.14664],[127.65406,37.1465],[127.65425,37.14637],[127.65442,37.14623],[127.65455,37.14613],[127.65458,37.14611],[127.65473,37.14599],[127.65486,37.14588],[127.65496,37.14579],[127.65506,37.1457],[127.65514,37.14562],[127.65553,37.14523],[127.65556,37.14519],[127.6556,37.14515],[127.65563,37.1451],[127.65567,37.14505],[127.65752,37.14201],[127.65989,37.14014],[127.65991,37.14008],[127.65994,37.14002],[127.65997,37.13997],[127.65999,37.13994],[127.66,37.13991],[127.66003,37.13987],[127.66007,37.13983],[127.6601,37.1398],[127.66014,37.13977],[127.66019,37.13974],[127.66024,37.13971],[127.66028,37.13969],[127.66031,37.13968],[127.66039,37.13964],[127.66045,37.13962],[127.66048,37.1396],[127.66059,37.13956],[127.66071,37.13951],[127.66085,37.13945],[127.66092,37.13942],[127.66099,37.1394],[127.66113,37.13934],[127.66127,37.13929],[127.66142,37.13924],[127.66155,37.13919],[127.66168,37.13916],[127.6618,37.13913],[127.66192,37.1391],[127.66204,37.13908],[127.66215,37.13907],[127.66226,37.13906],[127.66232,37.13906],[127.66238,37.13905],[127.6625,37.13906],[127.66255,37.13906],[127.66262,37.13906],[127.66275,37.13907],[127.66288,37.13908],[127.66301,37.13909],[127.66315,37.13911],[127.66329,37.13913],[127.66343,37.13914],[127.66357,37.13916],[127.66371,37.13918],[127.66376,37.13919],[127.66385,37.1392],[127.66399,37.13921],[127.66413,37.13923],[127.66427,37.13924],[127.6644,37.13926],[127.66453,37.13927],[127.66461,37.13928],[127.66465,37.13928],[127.66477,37.13929],[127.66483,37.1393],[127.66488,37.1393],[127.66499,37.13931],[127.66509,37.13932],[127.66519,37.13932],[127.66528,37.13932],[127.66537,37.13932],[127.66544,37.13931],[127.66552,37.1393],[127.66558,37.13929],[127.66561,37.13929],[127.66565,37.13928],[127.66571,37.13926],[127.66576,37.13924],[127.66582,37.13922],[127.66587,37.1392],[127.66592,37.13917],[127.66597,37.13915],[127.66602,37.13912],[127.66607,37.13909],[127.66612,37.13906],[127.66617,37.13902],[127.66622,37.13898],[127.66627,37.13895],[127.66633,37.1389],[127.66639,37.13884],[127.66646,37.13879],[127.66652,37.13873],[127.66659,37.13867],[127.66665,37.13861],[127.66672,37.13854],[127.66676,37.1385],[127.66679,37.13847],[127.66685,37.1384],[127.66691,37.13834],[127.66697,37.13827],[127.66703,37.1382],[127.66708,37.13812],[127.66714,37.13804],[127.6672,37.13795],[127.66727,37.13786],[127.66734,37.13776],[127.66741,37.13764],[127.66749,37.13753],[127.66756,37.1374],[127.66764,37.13728],[127.66772,37.13717],[127.66775,37.13712],[127.6678,37.13706],[127.66784,37.137],[127.66787,37.13696],[127.66793,37.13687],[127.66799,37.1368],[127.66805,37.13675],[127.66807,37.13673],[127.6681,37.1367],[127.66816,37.13667],[127.66822,37.13665],[127.66829,37.13663],[127.66839,37.1366],[127.66849,37.13658],[127.66863,37.13656],[127.66878,37.13653],[127.66893,37.13651],[127.6691,37.13648],[127.66924,37.13646],[127.66927,37.13646],[127.66944,37.13643],[127.66961,37.13641],[127.66968,37.1364],[127.66976,37.13638],[127.6699,37.13637],[127.67004,37.13635],[127.67016,37.13634],[127.67027,37.13632],[127.67036,37.13632],[127.67044,37.13631],[127.67052,37.13631],[127.67057,37.1363],[127.67063,37.1363],[127.67067,37.13631],[127.67508,37.13655],[127.67513,37.13656],[127.67596,37.13669],[127.67599,37.1367],[127.67603,37.13671],[127.67607,37.13672],[127.67612,37.13674],[127.67616,37.13676],[127.67973,37.13654],[127.68226,37.13616],[127.68627,37.13506],[127.68631,37.13505],[127.68637,37.13504],[127.68642,37.13503],[127.68647,37.13502],[127.68654,37.13502],[127.68658,37.13502],[127.68664,37.13503],[127.68669,37.13503],[127.68674,37.13503],[127.68677,37.13503],[127.6868,37.13504],[127.68743,37.1351],[127.68749,37.13511],[127.68755,37.13512],[127.68761,37.13514],[127.68767,37.13516],[127.68771,37.13518],[127.68774,37.1352],[127.68777,37.13522],[127.68781,37.13524],[127.68784,37.13526],[127.68787,37.13528],[127.68791,37.13531],[127.68912,37.13627],[127.69013,37.13707],[127.69014,37.13709],[127.69018,37.13713],[127.69021,37.13716],[127.69024,37.13719],[127.69027,37.1372],[127.6903,37.13722],[127.69034,37.13723],[127.69037,37.13724],[127.69093,37.1374],[127.69097,37.13741],[127.691,37.13742],[127.69116,37.13745],[127.69122,37.13746],[127.69126,37.13746],[127.69131,37.13747],[127.69136,37.13747],[127.6914,37.13747],[127.69147,37.13747],[127.69152,37.13747],[127.69158,37.13747],[127.69164,37.13748],[127.6917,37.13749],[127.69173,37.1375],[127.69177,37.13751],[127.6918,37.13752],[127.69184,37.13753],[127.6919,37.13755],[127.69195,37.13757],[127.69199,37.13759],[127.69202,37.1376],[127.69205,37.13763],[127.6921,37.13766],[127.69259,37.13804],[127.6952,37.14015],[127.69523,37.14018],[127.69526,37.14021],[127.6953,37.14024],[127.69533,37.14027],[127.69536,37.14031],[127.69538,37.14034],[127.6954,37.14037],[127.69542,37.14041],[127.69543,37.14045],[127.69467,37.14219],[127.69431,37.14301],[127.69403,37.14407],[127.69407,37.14509],[127.69414,37.14652],[127.69416,37.14655],[127.69418,37.14657],[127.6942,37.14661],[127.69422,37.14666],[127.69424,37.1467],[127.69426,37.14674],[127.69428,37.14677],[127.69429,37.14681],[127.69431,37.14684],[127.69432,37.14687],[127.69434,37.14691],[127.69435,37.14694],[127.69437,37.14698],[127.69438,37.14702],[127.69439,37.14705],[127.6944,37.14708],[127.69441,37.14712],[127.69442,37.14716],[127.69442,37.14719],[127.69443,37.14723],[127.69443,37.14726],[127.69443,37.1473],[127.69444,37.14734],[127.69444,37.14738],[127.69444,37.14742],[127.69444,37.14746],[127.69444,37.14752],[127.69444,37.14916],[127.69444,37.1492],[127.69444,37.14924],[127.69444,37.14931],[127.69444,37.14935],[127.69443,37.1494],[127.69443,37.14944],[127.69443,37.14949],[127.69442,37.14955],[127.69442,37.1496],[127.69441,37.14964],[127.69486,37.15059],[127.6958,37.15192],[127.69584,37.15198],[127.69589,37.15205],[127.69594,37.1521],[127.69599,37.15216],[127.69603,37.15219],[127.69605,37.15222],[127.69609,37.15225],[127.69612,37.15227],[127.69618,37.15232],[127.69626,37.15236],[127.69633,37.15241],[127.69642,37.15245],[127.69651,37.15249],[127.69657,37.15251],[127.6966,37.15252],[127.6967,37.15256],[127.69677,37.15258],[127.69681,37.15259],[127.69693,37.15263],[127.69697,37.15264],[127.69701,37.15265],[127.69705,37.15266],[127.69717,37.1527],[127.69731,37.15273],[127.69743,37.15277],[127.69748,37.15278],[127.69758,37.15281],[127.69772,37.15284],[127.69787,37.15288],[127.69791,37.15289],[127.698,37.15291],[127.69804,37.15292],[127.69814,37.15294],[127.69827,37.15298],[127.69841,37.15301],[127.69855,37.15304],[127.6987,37.15308],[127.69885,37.15312],[127.69894,37.15314],[127.69901,37.15316],[127.69917,37.15321],[127.69935,37.15326],[127.69945,37.15329],[127.69953,37.15331],[127.6997,37.15337],[127.69989,37.15343],[127.70007,37.15349],[127.70025,37.15355],[127.70042,37.15362],[127.70057,37.15368],[127.70071,37.15375],[127.70084,37.15381],[127.70095,37.15387],[127.70106,37.15394],[127.70116,37.15401],[127.7012,37.15403],[127.70125,37.15407],[127.70135,37.15414],[127.70146,37.15422],[127.70154,37.15428],[127.70164,37.15435],[127.70167,37.15438],[127.70173,37.15443],[127.70183,37.1545],[127.70237,37.15491],[127.70241,37.15494],[127.70244,37.15497],[127.70247,37.15499],[127.70249,37.15501],[127.70252,37.15503],[127.70255,37.15505],[127.70259,37.15509],[127.70263,37.15513],[127.70399,37.15649],[127.70462,37.15926],[127.70496,37.16226],[127.70497,37.16229],[127.70498,37.16233],[127.705,37.16237],[127.705,37.16239],[127.70501,37.16243],[127.70502,37.16245],[127.70503,37.16248],[127.70504,37.16254],[127.70505,37.16257],[127.70506,37.16262],[127.70508,37.16266],[127.70508,37.16269],[127.70509,37.16272],[127.7051,37.16275],[127.7051,37.16278],[127.70511,37.16283],[127.70512,37.16287],[127.70512,37.16291],[127.70512,37.16294],[127.70513,37.16297],[127.70513,37.163],[127.70513,37.16304],[127.70513,37.16307],[127.70514,37.16311],[127.70514,37.16314],[127.70516,37.16374],[127.70516,37.16378],[127.70505,37.16522],[127.70505,37.16526],[127.70504,37.16529],[127.70504,37.16533],[127.70503,37.16538],[127.70502,37.16544],[127.70501,37.16547],[127.705,37.16551],[127.70499,37.16555],[127.70483,37.16615],[127.70481,37.1662],[127.70479,37.16624],[127.70477,37.16627],[127.70475,37.1663],[127.70472,37.16633],[127.7047,37.16635],[127.70467,37.16637],[127.70465,37.1664],[127.70463,37.16642],[127.7046,37.16645],[127.70458,37.1665],[127.70457,37.16654],[127.70458,37.16658],[127.70458,37.16661],[127.70458,37.16664],[127.70482,37.16729],[127.70483,37.16732],[127.70485,37.16736],[127.70487,37.1674],[127.70572,37.16858],[127.70575,37.16862],[127.70577,37.16865],[127.70579,37.16867],[127.70696,37.17044],[127.70699,37.17048],[127.7071,37.17063],[127.70713,37.17066],[127.70716,37.17069],[127.70721,37.17072],[127.70741,37.17081],[127.70745,37.17083],[127.70748,37.17084],[127.70753,37.17085],[127.70757,37.17087],[127.7076,37.17088],[127.70764,37.17089],[127.70767,37.1709],[127.70773,37.17091],[127.70777,37.17092],[127.70782,37.17092],[127.70787,37.1709],[127.70791,37.17088],[127.70795,37.17086],[127.708,37.17085],[127.70804,37.17083],[127.70825,37.17075],[127.70831,37.17073],[127.70836,37.17072],[127.70842,37.17071],[127.70848,37.1707],[127.70853,37.1707],[127.70858,37.17071],[127.70861,37.17072],[127.70865,37.17074],[127.70868,37.17077],[127.70871,37.17079],[127.70875,37.17083],[127.70878,37.17086],[127.70881,37.17089],[127.70884,37.17092],[127.70967,37.17211],[127.70969,37.17215],[127.70971,37.17219],[127.70971,37.17222],[127.70972,37.17225],[127.70972,37.1723],[127.70972,37.17233],[127.70972,37.17238],[127.70972,37.17271],[127.71025,37.17455],[127.71062,37.17589],[127.71097,37.17642],[127.71101,37.17643],[127.71155,37.17659],[127.71181,37.1766],[127.71186,37.1766],[127.71191,37.1766],[127.71196,37.17661],[127.71201,37.17663],[127.71206,37.17665],[127.7121,37.17668],[127.71214,37.1767],[127.71217,37.17672],[127.7122,37.17674],[127.71223,37.17676],[127.71226,37.17678],[127.71228,37.1768],[127.7138,37.17843],[127.71482,37.18023],[127.71484,37.18026],[127.71484,37.18029],[127.71485,37.18033],[127.71484,37.18037],[127.71484,37.18041],[127.71483,37.18045],[127.71482,37.18048],[127.71481,37.18052],[127.71479,37.18055],[127.71478,37.18057],[127.71476,37.18061],[127.71472,37.18065],[127.71469,37.18068],[127.71467,37.18071],[127.71465,37.18073],[127.71464,37.18076],[127.71462,37.18079],[127.71461,37.18083],[127.7146,37.18085],[127.71459,37.18088],[127.71458,37.18092],[127.71458,37.18096],[127.71458,37.18099],[127.71458,37.18104],[127.7146,37.18107],[127.71548,37.18157],[127.71552,37.18158],[127.71556,37.1816],[127.71561,37.18162],[127.71566,37.18164],[127.71678,37.18272],[127.7168,37.18276],[127.71682,37.1828],[127.71684,37.18285],[127.71685,37.18287],[127.71688,37.18291],[127.71692,37.18295],[127.71696,37.183],[127.71699,37.18302],[127.71704,37.18306],[127.71707,37.18308],[127.7171,37.18311],[127.71713,37.18313],[127.71717,37.18316],[127.71721,37.18319],[127.71725,37.18322],[127.7173,37.18326],[127.71797,37.18376],[127.71799,37.18377],[127.71803,37.18379],[127.71807,37.18381],[127.71811,37.18381],[127.71814,37.18382],[127.71818,37.18382],[127.71823,37.18382],[127.71826,37.18382],[127.7183,37.18382],[127.72081,37.18347],[127.72085,37.18347],[127.7209,37.18346],[127.72094,37.18345],[127.72098,37.18344],[127.72102,37.18344],[127.72107,37.18342],[127.72111,37.18341],[127.72114,37.1834],[127.72118,37.18339],[127.72122,37.18337],[127.72126,37.18335],[127.72131,37.18332],[127.72136,37.18328],[127.72142,37.18323],[127.72147,37.18318],[127.7215,37.18316],[127.72154,37.18311],[127.72161,37.18304],[127.72168,37.18297],[127.72175,37.18289],[127.72183,37.1828],[127.72187,37.18276],[127.7219,37.18272],[127.72191,37.1827],[127.72193,37.18268],[127.72196,37.18264],[127.72203,37.18256],[127.72207,37.18251],[127.72209,37.18248],[127.72212,37.18244],[127.72215,37.18241],[127.72217,37.18238],[127.72221,37.18233],[127.72226,37.18227],[127.72231,37.1822],[127.72233,37.18218],[127.72236,37.18214],[127.72238,37.18212],[127.72241,37.18209],[127.72245,37.18204],[127.72249,37.182],[127.72254,37.18196],[127.72257,37.18193],[127.7226,37.18191],[127.72263,37.18188],[127.72268,37.18185],[127.72273,37.18182],[127.72278,37.18179],[127.72283,37.18178],[127.72288,37.18176],[127.72292,37.18176],[127.72296,37.18175],[127.72299,37.18175],[127.72304,37.18175],[127.7231,37.18176],[127.72315,37.18176],[127.72323,37.18177],[127.72331,37.18178],[127.72496,37.18204],[127.72508,37.18206],[127.72522,37.18209],[127.72535,37.18211],[127.72546,37.18214],[127.72556,37.18217],[127.7256,37.18218],[127.72572,37.18222],[127.72584,37.18226],[127.72595,37.18231],[127.72605,37.18236],[127.72615,37.18241],[127.72618,37.18243],[127.72624,37.18246],[127.72631,37.18251],[127.72638,37.18256],[127.72645,37.18261],[127.72647,37.18264],[127.7265,37.18268],[127.72655,37.18274],[127.7266,37.18282],[127.72665,37.18291],[127.72667,37.18296],[127.72669,37.183],[127.72762,37.18531],[127.72767,37.18541],[127.72809,37.18654],[127.72811,37.18658],[127.72812,37.18664],[127.72813,37.1867],[127.72814,37.18677],[127.72815,37.18682],[127.72815,37.18689],[127.72816,37.18694],[127.72817,37.18843],[127.72817,37.18846],[127.72817,37.18849],[127.72816,37.18852],[127.72815,37.18856],[127.72814,37.18858],[127.72812,37.18862],[127.7281,37.18864],[127.72808,37.18867],[127.72806,37.18871],[127.72804,37.18874],[127.72801,37.18877],[127.72799,37.1888],[127.72796,37.18885],[127.72795,37.18888],[127.72794,37.18891],[127.72792,37.18896],[127.72791,37.18901],[127.7279,37.18906],[127.72789,37.18911],[127.72789,37.18916],[127.72789,37.18922],[127.72789,37.18928],[127.7279,37.18935],[127.7279,37.1894],[127.7279,37.18944],[127.72791,37.18947],[127.72792,37.18955],[127.72793,37.18962],[127.72795,37.18971],[127.72796,37.1898],[127.72799,37.18991],[127.72802,37.19003],[127.72805,37.19015],[127.72808,37.19029],[127.72812,37.19044],[127.72815,37.19058],[127.72819,37.19073],[127.72823,37.19087],[127.72827,37.19102],[127.72831,37.19114],[127.72834,37.19125],[127.72837,37.19137],[127.7284,37.19145],[127.72843,37.19154],[127.72846,37.19161],[127.7285,37.19168],[127.72851,37.19171],[127.72854,37.19175],[127.72858,37.19181],[127.72862,37.19187],[127.73062,37.19402],[127.73276,37.19609],[127.7328,37.19613],[127.73281,37.19615],[127.73283,37.19619],[127.73284,37.19622],[127.73286,37.19627],[127.73287,37.19631],[127.73288,37.19635],[127.73288,37.19639],[127.73289,37.19644],[127.73289,37.19649],[127.7329,37.19653],[127.7329,37.1966],[127.7329,37.19666],[127.7329,37.19673],[127.73281,37.19838],[127.73257,37.19964],[127.7331,37.20166],[127.73314,37.20166],[127.73319,37.20167],[127.73322,37.20167],[127.73329,37.20168],[127.73334,37.20169],[127.73338,37.20171],[127.73341,37.20173],[127.73344,37.20175],[127.73347,37.20178],[127.7335,37.20181],[127.73352,37.20183],[127.73355,37.20186],[127.73358,37.20189],[127.7336,37.20191],[127.73362,37.20194],[127.73364,37.20196],[127.73366,37.20199],[127.73369,37.20202],[127.73371,37.20205],[127.73373,37.20208],[127.73376,37.20211],[127.7346,37.20332],[127.73553,37.20544],[127.73555,37.20548],[127.73556,37.20552],[127.73557,37.20555],[127.73557,37.20557],[127.73551,37.20671],[127.7355,37.20676],[127.73547,37.2068],[127.73545,37.20684],[127.73542,37.20686],[127.7354,37.20689],[127.73537,37.20692],[127.73534,37.20695],[127.73532,37.20697],[127.73531,37.207],[127.7353,37.20703],[127.73529,37.20708],[127.73529,37.20712],[127.73529,37.20715],[127.73534,37.2079],[127.73535,37.20794],[127.73536,37.20798],[127.73538,37.20801],[127.73539,37.20803],[127.73541,37.20807],[127.73668,37.2099],[127.7367,37.20992],[127.73673,37.20996],[127.73675,37.20998],[127.73677,37.21],[127.7368,37.21003],[127.73684,37.21005],[127.73687,37.21007],[127.73691,37.2101],[127.73696,37.21013],[127.737,37.21015],[127.73705,37.21018],[127.73711,37.21022],[127.73736,37.21036],[127.73742,37.2104],[127.73748,37.21044],[127.73755,37.21047],[127.73762,37.21051],[127.73767,37.21055],[127.73771,37.21057],[127.73774,37.21059],[127.73779,37.21061],[127.73783,37.21063],[127.73789,37.21067],[127.73793,37.21069],[127.73798,37.21071],[127.73963,37.21147],[127.74077,37.21195],[127.74409,37.21472],[127.74416,37.21474],[127.7442,37.21476],[127.74426,37.21478],[127.74433,37.21482],[127.74437,37.21483],[127.74441,37.21485],[127.74452,37.21491],[127.74461,37.21496],[127.74471,37.21503],[127.74475,37.21506],[127.74481,37.21509],[127.74484,37.21512],[127.74491,37.21517],[127.74501,37.21525],[127.74511,37.21533],[127.74514,37.21536],[127.74521,37.21541],[127.74531,37.2155],[127.74541,37.21558],[127.74548,37.21564],[127.7455,37.21567],[127.7456,37.21575],[127.74564,37.21579],[127.74569,37.21584],[127.74572,37.21586],[127.74578,37.21592],[127.74583,37.21596],[127.74587,37.216],[127.74595,37.21608],[127.74599,37.21612],[127.74603,37.21615],[127.7461,37.21622],[127.74617,37.21629],[127.74623,37.21635],[127.7463,37.21642],[127.74635,37.21647],[127.74641,37.21652],[127.74647,37.21657],[127.74653,37.21662],[127.74658,37.21665],[127.74662,37.21667],[127.74666,37.2167],[127.74672,37.21673],[127.7468,37.21676],[127.74687,37.21678],[127.7469,37.21679],[127.74695,37.2168],[127.74703,37.21681],[127.74774,37.21692],[127.74779,37.21684],[127.74792,37.21668],[127.74825,37.21737],[127.74908,37.21907],[127.74933,37.21945],[127.74936,37.2195],[127.74948,37.21967],[127.74962,37.21987],[127.74977,37.22008],[127.7498,37.22012],[127.74991,37.22026],[127.75003,37.22044],[127.75014,37.2206],[127.75016,37.22062],[127.75026,37.22076],[127.75036,37.2209],[127.75045,37.22104],[127.75053,37.22117],[127.75057,37.22125],[127.7506,37.2213],[127.75065,37.22141],[127.75068,37.22147],[127.7507,37.22153],[127.75075,37.22164],[127.75078,37.22175],[127.75081,37.22186],[127.75083,37.22198],[127.75085,37.22211],[127.75086,37.22224],[127.75088,37.22241],[127.75089,37.22254],[127.7509,37.22272],[127.75092,37.2229],[127.75093,37.22302],[127.75094,37.22309],[127.75095,37.22329],[127.75096,37.22348],[127.75097,37.22367],[127.75098,37.22386],[127.75098,37.22403],[127.75097,37.22418],[127.75097,37.22424],[127.75096,37.22433],[127.75094,37.22446],[127.75092,37.22458],[127.75091,37.22464],[127.7509,37.2247],[127.75087,37.22482],[127.75084,37.22494],[127.7508,37.22506],[127.75076,37.22519],[127.75072,37.22532],[127.75067,37.22546],[127.75065,37.22551],[127.75061,37.22561],[127.7506,37.22564],[127.75055,37.22576],[127.75051,37.22585],[127.75048,37.22591],[127.7504,37.22608],[127.75037,37.22615],[127.75034,37.2262],[127.75032,37.22625],[127.75022,37.22642],[127.75019,37.22647],[127.75012,37.2266],[127.75,37.22678],[127.74987,37.22697],[127.74973,37.22716],[127.74962,37.22731],[127.74958,37.22735],[127.74942,37.22753],[127.74931,37.22765],[127.74925,37.22772],[127.74905,37.2279],[127.74901,37.22793],[127.74884,37.22808],[127.74863,37.22824],[127.74859,37.22827],[127.74853,37.22831],[127.74829,37.22848],[127.74808,37.22862],[127.74793,37.22871],[127.74751,37.22898],[127.747,37.22928],[127.74688,37.22935],[127.74664,37.22949],[127.7464,37.22963],[127.7469,37.23178],[127.74689,37.23197],[127.7468,37.23337],[127.74678,37.23376],[127.74672,37.23477],[127.74675,37.23512],[127.747,37.23847],[127.74705,37.23906],[127.74709,37.23965],[127.74745,37.2421],[127.74765,37.24347],[127.74886,37.24748],[127.75012,37.24862],[127.75138,37.24955],[127.75264,37.25047],[127.75367,37.25124],[127.75422,37.25196],[127.75476,37.25268],[127.7553,37.25342],[127.75549,37.25368],[127.75831,37.25803],[127.75818,37.25926],[127.75816,37.25945],[127.75768,37.26378],[127.75732,37.26482],[127.75677,37.26644],[127.75533,37.27187],[127.75529,37.2721],[127.7547,37.27852],[127.7553,37.28207],[127.7557,37.28271],[127.75574,37.28277],[127.75578,37.28284],[127.75499,37.28525],[127.75385,37.28825],[127.75382,37.28867],[127.7538,37.28901],[127.75556,37.29239],[127.75613,37.29346],[127.75622,37.29355],[127.75633,37.29367],[127.7565,37.29469],[127.75604,37.29612],[127.75598,37.2963],[127.75596,37.29634],[127.75589,37.29645],[127.75521,37.2972],[127.75477,37.29769],[127.755,37.29793],[127.75544,37.29834],[127.75554,37.29842],[127.7575,37.29998],[127.75763,37.30006],[127.75938,37.30112],[127.75965,37.30124],[127.76192,37.30211],[127.76203,37.30213],[127.76218,37.30215],[127.76239,37.30212],[127.76249,37.30207],[127.76255,37.302],[127.7626,37.30195],[127.76267,37.30193],[127.76274,37.30191],[127.76567,37.30141],[127.76654,37.30152],[127.76715,37.3018],[127.76807,37.30248],[127.76768,37.30289],[127.7676,37.30339],[127.76727,37.30538],[127.76724,37.30572],[127.76736,37.30611],[127.76793,37.30696],[127.76848,37.30766],[127.76857,37.30783],[127.76856,37.30812],[127.76856,37.30826],[127.76848,37.3085],[127.7678,37.31036],[127.76772,37.31055],[127.76757,37.31073],[127.76727,37.31094],[127.76723,37.31097],[127.76721,37.31099],[127.76689,37.31126],[127.76658,37.31167],[127.76634,37.31203],[127.76546,37.31335],[127.76219,37.32078],[127.76218,37.32083],[127.76225,37.32129],[127.76228,37.32146],[127.76237,37.3216],[127.76242,37.32169],[127.76267,37.32198],[127.76279,37.32217],[127.76284,37.32224],[127.7629,37.32241],[127.76289,37.32305],[127.76283,37.32324],[127.76037,37.3291],[127.76036,37.32912],[127.76157,37.33369],[127.76136,37.33656],[127.76069,37.34072],[127.76005,37.34137],[127.75996,37.34139],[127.75993,37.34139],[127.75968,37.34142],[127.75962,37.34142],[127.75951,37.34143],[127.75924,37.34145],[127.75912,37.34146],[127.75905,37.34148],[127.75902,37.34149],[127.759,37.34153],[127.75845,37.34288],[127.75782,37.34574],[127.75781,37.3458],[127.75779,37.34599],[127.75779,37.34621],[127.7578,37.34631],[127.75781,37.34636],[127.75833,37.35044],[127.75871,37.3511],[127.75983,37.35448],[127.75963,37.35545],[127.75929,37.35986],[127.76061,37.36281],[127.76072,37.36301],[127.76117,37.36379],[127.75948,37.36704],[127.75447,37.36806],[127.75361,37.36843],[127.75241,37.36923],[127.7492,37.36888],[127.74578,37.3689],[127.73973,37.37095],[127.73867,37.3714],[127.73205,37.37567],[127.72828,37.37479],[127.72828,37.37465],[127.72824,37.37447],[127.72821,37.37434],[127.72762,37.37353],[127.72754,37.37344],[127.72585,37.37208],[127.72568,37.37196],[127.72553,37.37186],[127.72451,37.37136],[127.72446,37.37134],[127.72401,37.37121],[127.72391,37.37119],[127.72377,37.3712],[127.72364,37.37123],[127.72357,37.37127],[127.72352,37.37131],[127.7235,37.37136],[127.72347,37.37138],[127.72344,37.37139],[127.723,37.37156],[127.72293,37.37158],[127.72056,37.37141],[127.71982,37.37108],[127.71954,37.37115],[127.71935,37.37119],[127.71921,37.3712],[127.71828,37.37108],[127.71811,37.37103],[127.71802,37.37099],[127.71778,37.37083],[127.71749,37.37062],[127.71713,37.37038],[127.71647,37.36998],[127.71413,37.37073],[127.71287,37.37113],[127.71102,37.37173],[127.70892,37.37097],[127.70876,37.37072],[127.70807,37.37016],[127.70797,37.37011],[127.7077,37.37008],[127.70753,37.37008],[127.70748,37.37009],[127.70742,37.37009],[127.70729,37.37015],[127.70269,37.37285],[127.70131,37.37388],[127.70146,37.37615],[127.70294,37.38059],[127.70334,37.38104],[127.70439,37.38222],[127.70523,37.38273],[127.706,37.3832],[127.70371,37.38588],[127.70336,37.38788],[127.70336,37.38803],[127.70383,37.39002],[127.70391,37.39037],[127.70401,37.39081],[127.7046,37.39255],[127.70768,37.39426],[127.71436,37.39849],[127.7157,37.40164],[127.71369,37.40527],[127.71366,37.40531],[127.71359,37.4054],[127.71354,37.40544],[127.71248,37.40611],[127.71236,37.40616],[127.71228,37.40618],[127.71161,37.40629],[127.71099,37.40639],[127.71089,37.40642],[127.71075,37.40645],[127.71052,37.40652],[127.7104,37.40658],[127.71037,37.40662],[127.70955,37.40813],[127.70779,37.41067],[127.70731,37.41061],[127.70717,37.41059],[127.70708,37.41057],[127.70548,37.40996],[127.70541,37.40993],[127.70344,37.40872],[127.70338,37.40869],[127.70332,37.40862],[127.70329,37.40857],[127.70228,37.40808],[127.70008,37.40744],[127.69995,37.40746],[127.69977,37.40749],[127.6996,37.4075],[127.69933,37.40751],[127.69901,37.4075],[127.69888,37.40747],[127.69881,37.40745],[127.69874,37.40742],[127.6987,37.40741],[127.69861,37.40734],[127.69857,37.40729],[127.69845,37.40713],[127.69837,37.40697],[127.69829,37.40686],[127.69817,37.40671],[127.69815,37.40669],[127.698,37.40652],[127.69787,37.40637],[127.69783,37.40633],[127.69779,37.4063],[127.69778,37.40627],[127.69775,37.40623],[127.69771,37.40615],[127.69769,37.40606],[127.69766,37.40592],[127.69759,37.40577],[127.69749,37.40562],[127.69663,37.40474],[127.69651,37.40464],[127.6963,37.40446],[127.69627,37.40444],[127.69501,37.40348],[127.69495,37.40343],[127.69491,37.40341],[127.69151,37.40161],[127.687,37.39953],[127.68682,37.39947],[127.68639,37.39944],[127.68625,37.39952],[127.68614,37.40068],[127.68616,37.40166],[127.68666,37.40589],[127.68723,37.41058],[127.68747,37.41123],[127.68742,37.41134],[127.68729,37.41156],[127.68695,37.41183],[127.6869,37.41187],[127.68683,37.41192],[127.68673,37.41199],[127.68659,37.41206],[127.68631,37.41218],[127.68619,37.41223],[127.68609,37.41227],[127.68569,37.4124],[127.68515,37.41256],[127.68477,37.41264],[127.68445,37.41266],[127.67628,37.4128],[127.67122,37.41231],[127.66844,37.41189],[127.66727,37.41245],[127.66664,37.41312],[127.66523,37.41434],[127.66238,37.41543],[127.66216,37.4155],[127.66207,37.41552],[127.66167,37.4156],[127.6614,37.41566],[127.66116,37.41569],[127.66096,37.41571],[127.66065,37.41573],[127.66018,37.41575],[127.65854,37.41747],[127.65847,37.41749],[127.65842,37.41747],[127.65752,37.41651],[127.65413,37.41269],[127.65376,37.41212],[127.6528,37.4104],[127.65276,37.41031],[127.65276,37.41028],[127.65275,37.41023],[127.65275,37.41014],[127.65279,37.41003],[127.65283,37.4099],[127.65289,37.40979],[127.65296,37.40965],[127.65306,37.40935],[127.65308,37.40928],[127.65308,37.4092],[127.65307,37.40911],[127.65303,37.40902],[127.65219,37.40771],[127.65216,37.40768],[127.65213,37.40764],[127.65207,37.40759],[127.64729,37.405],[127.64702,37.40486],[127.64684,37.40478],[127.64655,37.40467],[127.64635,37.40462],[127.64624,37.40461],[127.64602,37.40462],[127.64595,37.40464],[127.64567,37.40471],[127.6455,37.40475],[127.6454,37.40478],[127.6452,37.40487],[127.64513,37.4049],[127.64508,37.40492],[127.6449,37.405],[127.64309,37.40593],[127.64293,37.40602],[127.64272,37.40619],[127.64245,37.40642],[127.64238,37.40649],[127.64226,37.40664],[127.64222,37.40673],[127.64219,37.40685],[127.64218,37.40727],[127.64219,37.40741],[127.6422,37.40752],[127.64224,37.40761],[127.64144,37.40857],[127.63538,37.41347],[127.63527,37.41351],[127.63509,37.41353],[127.63488,37.41355],[127.63405,37.41361],[127.63382,37.41362],[127.63223,37.4136],[127.62705,37.4134],[127.62661,37.41332],[127.62657,37.41331],[127.6265,37.41327],[127.62639,37.41321],[127.62621,37.41309],[127.62435,37.41173],[127.62426,37.41166],[127.62423,37.41164],[127.62407,37.41148],[127.624,37.41137],[127.62392,37.41121],[127.6238,37.41091],[127.62377,37.41085],[127.62375,37.41081],[127.62369,37.41074],[127.62365,37.4107],[127.62356,37.41062],[127.62307,37.41024],[127.6223,37.40968],[127.62199,37.40951],[127.62185,37.40944],[127.62141,37.40925],[127.62129,37.4092],[127.62116,37.40915],[127.62026,37.40901],[127.6202,37.40909],[127.61918,37.41068],[127.61906,37.41103],[127.61906,37.41107],[127.61905,37.41114],[127.61906,37.41128],[127.61907,37.41133],[127.61908,37.4114],[127.61823,37.41316],[127.61694,37.41485],[127.61446,37.41475],[127.61114,37.41552],[127.60915,37.41673],[127.60898,37.41725],[127.60012,37.42063],[127.59622,37.42073],[127.59567,37.42071],[127.59429,37.42067],[127.59413,37.42037],[127.59354,37.4198],[127.59271,37.42058],[127.59123,37.42196],[127.59056,37.42279],[127.59042,37.42225],[127.59035,37.42212],[127.58748,37.41985],[127.58768,37.41959],[127.58829,37.41861],[127.58851,37.41732],[127.5884,37.41701],[127.58811,37.41656],[127.58649,37.41463],[127.58556,37.41412],[127.58544,37.4141],[127.58446,37.41399],[127.58419,37.41424],[127.58396,37.41488],[127.58392,37.41512],[127.58377,37.41609],[127.5832,37.41696],[127.58302,37.41697],[127.58193,37.41688],[127.58186,37.41687],[127.57963,37.41593],[127.57679,37.41434],[127.57175,37.41164],[127.57116,37.41291],[127.56629,37.41382],[127.56362,37.41504],[127.56272,37.41602],[127.5625,37.41625],[127.56004,37.41753],[127.55854,37.41769],[127.55714,37.41777],[127.55656,37.41776],[127.55613,37.41776],[127.55491,37.41747],[127.55416,37.41728],[127.55145,37.41413],[127.55117,37.41367],[127.55107,37.41274],[127.5511,37.41267],[127.55123,37.41239],[127.55122,37.41228],[127.55103,37.41185],[127.55075,37.4114],[127.55022,37.41089],[127.5497,37.41051],[127.54917,37.41025],[127.5481,37.40997],[127.54748,37.40988],[127.54737,37.40987],[127.54662,37.40988],[127.54395,37.41002],[127.54241,37.41103],[127.54067,37.41153],[127.54017,37.41166],[127.5397,37.41174],[127.53955,37.41174],[127.53933,37.41173],[127.53853,37.41159],[127.53696,37.41131],[127.53672,37.41213],[127.53633,37.41344],[127.53577,37.41569],[127.53572,37.4159],[127.5356,37.41636],[127.5354,37.4171],[127.53444,37.41932],[127.53152,37.42427],[127.5305,37.42592],[127.52958,37.42741],[127.52952,37.42751],[127.52882,37.42863],[127.52815,37.42952],[127.52789,37.42987],[127.52773,37.43006],[127.52674,37.43119],[127.52498,37.43293],[127.52438,37.43344],[127.5239,37.43385],[127.52286,37.43474],[127.52102,37.43576],[127.51907,37.43661],[127.51873,37.43674],[127.51643,37.43765],[127.51536,37.43789],[127.51482,37.43801],[127.51207,37.43834],[127.51049,37.43869],[127.51037,37.43871],[127.51019,37.43879],[127.50981,37.43896],[127.50801,37.43981],[127.50555,37.43812],[127.50393,37.43692],[127.49838,37.43326],[127.49821,37.43318],[127.49811,37.43313],[127.4971,37.43289],[127.49628,37.43277],[127.49445,37.43274],[127.49425,37.43276],[127.49374,37.43281],[127.49177,37.43317],[127.49137,37.4333],[127.49104,37.43359],[127.49069,37.43365],[127.48975,37.43377],[127.48919,37.43381],[127.48854,37.43368],[127.48836,37.43365],[127.48645,37.43284],[127.48523,37.43223],[127.48474,37.43183],[127.48243,37.42897],[127.48233,37.42881],[127.48173,37.42781],[127.4816,37.42755],[127.48169,37.4271],[127.48158,37.4267],[127.48144,37.42639],[127.48093,37.42535],[127.48084,37.4252],[127.47991,37.42396],[127.47965,37.42366],[127.47924,37.42351],[127.47431,37.42233],[127.47307,37.42247],[127.4723,37.42261],[127.47287,37.42278],[127.473,37.42282],[127.47304,37.42299],[127.47258,37.42372],[127.47171,37.42497],[127.47093,37.42537],[127.46816,37.4262],[127.4652,37.42685],[127.46447,37.42683],[127.46418,37.42676],[127.46409,37.42673],[127.46371,37.4266],[127.46289,37.42673],[127.46011,37.42726],[127.45548,37.42855],[127.45431,37.42895],[127.45427,37.42898],[127.45416,37.42903],[127.45108,37.43067],[127.4499,37.43132],[127.44562,37.43302],[127.4426,37.43408],[127.44222,37.43419],[127.4417,37.43427],[127.43876,37.43433],[127.43422,37.43527],[127.43311,37.43604],[127.43289,37.43617],[127.43269,37.43625],[127.43264,37.43627],[127.43244,37.43634],[127.43204,37.43647],[127.43162,37.4366],[127.43069,37.43685],[127.43047,37.43689],[127.43007,37.43688],[127.42974,37.43683],[127.42956,37.43676],[127.4292,37.43663],[127.429,37.43661],[127.42889,37.43663],[127.42862,37.43666],[127.42761,37.43698],[127.42748,37.43703],[127.42645,37.43774],[127.42426,37.43887],[127.42324,37.43935],[127.42287,37.43951],[127.42266,37.43941],[127.42024,37.43765],[127.41957,37.43701],[127.41808,37.43538],[127.41462,37.43217],[127.41304,37.43164],[127.41242,37.43166],[127.4117,37.43169],[127.41082,37.43155],[127.40987,37.43133],[127.40977,37.43131],[127.40856,37.43083],[127.40738,37.43009],[127.40557,37.42817],[127.4043,37.42663],[127.40259,37.42453],[127.40219,37.42357],[127.40219,37.42329],[127.40219,37.4232],[127.40219,37.42276],[127.40202,37.4224],[127.40192,37.42218],[127.40158,37.42169],[127.40113,37.42141],[127.4007,37.42137],[127.40063,37.42138],[127.40103,37.41904],[127.40105,37.41892],[127.40105,37.41882],[127.40104,37.41871],[127.40098,37.4185],[127.40084,37.41822],[127.40054,37.4178],[127.39998,37.41713],[127.39821,37.41575]]]}},{"type":"Feature","properties":{"id":"41-41800","name":"연천군","sido":"경기도","code":"41800","center":[38.11174,126.99418]},"geometry":{"type":"Polygon","coordinates":[[[126.74791,38.12065],[126.74952,38.11981],[126.7499,38.11975],[126.75025,38.1198],[126.7531,38.11871],[126.75381,38.11839],[126.7543,38.11814],[126.75498,38.11765],[126.75585,38.11705],[126.75614,38.11697],[126.75765,38.11739],[126.75873,38.11762],[126.75913,38.11766],[126.7596,38.11771],[126.76099,38.11753],[126.7622,38.11719],[126.76236,38.11714],[126.76632,38.11476],[126.77027,38.11194],[126.77074,38.11146],[126.77104,38.11106],[126.77151,38.11032],[126.7716,38.10997],[126.77163,38.10982],[126.77094,38.10936],[126.77006,38.10772],[126.76977,38.10703],[126.77169,38.10499],[126.77193,38.10481],[126.77216,38.10462],[126.77318,38.10456],[126.77394,38.10459],[126.77479,38.10456],[126.77547,38.1043],[126.77686,38.1036],[126.77697,38.103],[126.77701,38.10286],[126.77711,38.10251],[126.7775,38.10215],[126.77763,38.10203],[126.77846,38.10182],[126.78002,38.10142],[126.78136,38.10109],[126.78239,38.10075],[126.78271,38.10064],[126.78454,38.09987],[126.78501,38.099],[126.7832,38.0939],[126.78266,38.09356],[126.78205,38.09318],[126.78062,38.08795],[126.78035,38.08687],[126.78024,38.08632],[126.7802,38.08609],[126.78057,38.08486],[126.78077,38.08461],[126.78112,38.08416],[126.78153,38.08386],[126.78173,38.0837],[126.78187,38.08361],[126.78208,38.08348],[126.78265,38.08323],[126.78517,38.08229],[126.78653,38.08204],[126.78879,38.08164],[126.79138,38.08144],[126.79406,38.08171],[126.79605,38.08211],[126.79614,38.08213],[126.79909,38.08342],[126.80373,38.08574],[126.80651,38.08726],[126.809,38.08761],[126.80905,38.08761],[126.81045,38.08747],[126.81095,38.087],[126.81107,38.08691],[126.81126,38.08677],[126.81205,38.08671],[126.81246,38.08684],[126.81309,38.08703],[126.81431,38.0877],[126.81483,38.088],[126.81552,38.08839],[126.81648,38.08884],[126.81676,38.08897],[126.81767,38.08903],[126.81864,38.089],[126.81912,38.08899],[126.82032,38.08871],[126.82152,38.08819],[126.82223,38.08755],[126.82222,38.08659],[126.82177,38.08525],[126.82126,38.08375],[126.82103,38.08283],[126.82091,38.0817],[126.8209,38.08156],[126.82095,38.08115],[126.82107,38.08033],[126.8214,38.07981],[126.8222,38.07919],[126.8225,38.07896],[126.82267,38.07885],[126.8233,38.07845],[126.82449,38.07789],[126.82453,38.07789],[126.82564,38.07786],[126.82754,38.07857],[126.8313,38.08041],[126.833,38.0814],[126.8343,38.0822],[126.83449,38.08233],[126.83517,38.08254],[126.83587,38.08272],[126.83633,38.08262],[126.83676,38.08252],[126.83749,38.08195],[126.83982,38.0794],[126.84053,38.07841],[126.84063,38.07819],[126.84124,38.07728],[126.84192,38.07666],[126.84613,38.07299],[126.84625,38.07296],[126.8464,38.07292],[126.84704,38.07304],[126.8471,38.07307],[126.84717,38.07309],[126.84613,38.07554],[126.84378,38.07885],[126.8437,38.07894],[126.84049,38.08217],[126.83795,38.08478],[126.83786,38.08491],[126.83775,38.08508],[126.83608,38.08812],[126.83606,38.08823],[126.83603,38.08836],[126.83686,38.08864],[126.83872,38.08909],[126.84242,38.09001],[126.84207,38.09257],[126.84706,38.09476],[126.85025,38.09495],[126.85495,38.09307],[126.85879,38.0894],[126.8597,38.08756],[126.86057,38.08587],[126.86255,38.08446],[126.86399,38.0837],[126.86456,38.08332],[126.86527,38.08207],[126.86558,38.08151],[126.8658,38.08129],[126.86623,38.08086],[126.8666,38.08058],[126.86695,38.08032],[126.86775,38.08029],[126.87356,38.07954],[126.87998,38.07749],[126.88431,38.07636],[126.88466,38.07639],[126.88531,38.07637],[126.88688,38.07613],[126.8907,38.07512],[126.89328,38.07439],[126.89412,38.07349],[126.89414,38.0732],[126.89414,38.07313],[126.89362,38.07187],[126.89309,38.06979],[126.89249,38.07008],[126.89228,38.07019],[126.89051,38.06913],[126.88995,38.06866],[126.88972,38.06847],[126.88967,38.06822],[126.88964,38.06801],[126.88973,38.06559],[126.89027,38.06368],[126.89068,38.06328],[126.89093,38.06304],[126.89174,38.05781],[126.89243,38.05361],[126.89268,38.05315],[126.89291,38.05234],[126.89296,38.05204],[126.89299,38.05186],[126.89282,38.05134],[126.89039,38.04818],[126.88675,38.04611],[126.88602,38.04517],[126.88551,38.04439],[126.8846,38.04314],[126.88361,38.04217],[126.88293,38.0418],[126.88261,38.04167],[126.88222,38.04151],[126.88175,38.04151],[126.88107,38.0405],[126.88097,38.04031],[126.88081,38.04],[126.88065,38.03965],[126.88042,38.03915],[126.88166,38.03737],[126.88227,38.03675],[126.88287,38.03613],[126.88482,38.0354],[126.88472,38.03517],[126.88448,38.03462],[126.88149,38.02818],[126.87588,38.02121],[126.87254,38.01856],[126.87147,38.0197],[126.86826,38.02167],[126.86776,38.02178],[126.86627,38.02213],[126.86534,38.02235],[126.8644,38.0232],[126.86166,38.02498],[126.86024,38.02521],[126.85899,38.02591],[126.85754,38.02696],[126.85587,38.0286],[126.85484,38.02969],[126.85464,38.02992],[126.8542,38.0304],[126.85405,38.0306],[126.85392,38.03078],[126.85375,38.03109],[126.85359,38.03148],[126.85323,38.03166],[126.85108,38.03245],[126.85091,38.03251],[126.85072,38.03257],[126.85015,38.03275],[126.84978,38.03284],[126.84922,38.03297],[126.84877,38.03304],[126.84836,38.03309],[126.84812,38.0331],[126.84798,38.03311],[126.84784,38.0331],[126.84773,38.0331],[126.84759,38.03308],[126.84743,38.03304],[126.84738,38.03302],[126.84728,38.03298],[126.8472,38.03292],[126.84703,38.03276],[126.84685,38.03257],[126.84662,38.03233],[126.84641,38.03216],[126.84621,38.03204],[126.84596,38.03192],[126.84577,38.03183],[126.84562,38.03178],[126.84539,38.03178],[126.84512,38.03182],[126.8449,38.03189],[126.84258,38.03271],[126.8391,38.03383],[126.83876,38.03392],[126.83841,38.03396],[126.8381,38.03397],[126.83758,38.03396],[126.83581,38.03418],[126.83184,38.03375],[126.83175,38.03358],[126.83104,38.03224],[126.83046,38.02542],[126.83103,38.02526],[126.83251,38.02591],[126.83261,38.02593],[126.83276,38.02597],[126.8331,38.02591],[126.83516,38.02479],[126.83534,38.02468],[126.83566,38.0245],[126.83568,38.02404],[126.83554,38.02368],[126.83529,38.02328],[126.83488,38.02312],[126.83379,38.0227],[126.83331,38.02199],[126.83322,38.02186],[126.83327,38.02158],[126.83332,38.02133],[126.83467,38.01888],[126.83508,38.01817],[126.83308,38.01865],[126.83033,38.01992],[126.82947,38.02016],[126.82874,38.02019],[126.82671,38.01808],[126.82572,38.01701],[126.82562,38.0169],[126.82546,38.01672],[126.82529,38.0165],[126.82515,38.01629],[126.82338,38.01248],[126.82327,38.01221],[126.82314,38.01188],[126.82307,38.01133],[126.82307,38.01093],[126.82307,38.01081],[126.82311,38.01048],[126.82322,38.01007],[126.82338,38.00981],[126.82355,38.00952],[126.82359,38.00945],[126.82382,38.00896],[126.82405,38.00838],[126.82407,38.00833],[126.82429,38.00765],[126.82485,38.00489],[126.82487,38.00442],[126.82488,38.00391],[126.82486,38.00369],[126.82482,38.00337],[126.82481,38.00308],[126.82482,38.00299],[126.82483,38.00295],[126.82486,38.00276],[126.82517,38.0007],[126.8253,38.00027],[126.82533,38.00022],[126.82542,38.00007],[126.82558,37.99993],[126.82586,37.99971],[126.82592,37.99967],[126.82616,37.99956],[126.82628,37.99952],[126.82644,37.99947],[126.82681,37.99936],[126.82688,37.99934],[126.82728,37.99924],[126.82757,37.99918],[126.82774,37.99915],[126.82793,37.99912],[126.82807,37.99911],[126.82813,37.9991],[126.82894,37.99907],[126.82951,37.99906],[126.82958,37.99907],[126.82981,37.99908],[126.82988,37.99909],[126.83016,37.99913],[126.83036,37.99884],[126.83046,37.99872],[126.83045,37.99736],[126.83021,37.99366],[126.82955,37.9931],[126.8262,37.9926],[126.82251,37.99242],[126.82011,37.99326],[126.81864,37.99393],[126.81664,37.99327],[126.81423,37.99312],[126.8093,37.99349],[126.80808,37.9937],[126.8074,37.99375],[126.80521,37.99302],[126.80091,37.992],[126.80032,37.99064],[126.7985,37.98771],[126.80036,37.98342],[126.80203,37.97955],[126.80303,37.97601],[126.80414,37.97206],[126.80451,37.97075],[126.81045,37.96767],[126.81078,37.96811],[126.81134,37.96887],[126.81252,37.9693],[126.81388,37.96889],[126.81471,37.96822],[126.8163,37.96684],[126.81729,37.96576],[126.81847,37.96409],[126.81822,37.96317],[126.81757,37.9622],[126.81748,37.96218],[126.81754,37.96129],[126.81886,37.95852],[126.82073,37.95746],[126.82373,37.95823],[126.8283,37.9598],[126.83043,37.96197],[126.83094,37.96289],[126.83114,37.96324],[126.83268,37.96398],[126.83594,37.96403],[126.83663,37.9646],[126.83678,37.96473],[126.83692,37.96678],[126.83701,37.96809],[126.83741,37.9714],[126.83781,37.97331],[126.83811,37.97458],[126.83881,37.97762],[126.84023,37.98095],[126.8403,37.98103],[126.84061,37.98143],[126.84181,37.98293],[126.84262,37.98371],[126.84398,37.98501],[126.84625,37.98625],[126.84704,37.98661],[126.84738,37.98677],[126.84793,37.98698],[126.84809,37.98704],[126.85027,37.98744],[126.85165,37.98751],[126.85277,37.98756],[126.85356,37.98744],[126.85494,37.98724],[126.8565,37.98604],[126.85727,37.98524],[126.85821,37.98428],[126.86256,37.98013],[126.86597,37.97736],[126.8674,37.97585],[126.86819,37.97497],[126.86855,37.97457],[126.86966,37.97336],[126.87109,37.97184],[126.87184,37.97115],[126.8723,37.97088],[126.8729,37.97053],[126.87874,37.96767],[126.88053,37.96709],[126.88137,37.96682],[126.88276,37.96656],[126.88351,37.96642],[126.88548,37.96615],[126.88645,37.96615],[126.88776,37.96614],[126.88994,37.96663],[126.89051,37.96676],[126.89152,37.96707],[126.89346,37.96803],[126.89436,37.96881],[126.89496,37.96985],[126.89546,37.9711],[126.89543,37.9722],[126.89529,37.97265],[126.89514,37.97311],[126.89479,37.97409],[126.89463,37.97438],[126.89402,37.97553],[126.89379,37.97595],[126.89363,37.97623],[126.89324,37.97707],[126.89304,37.97749],[126.89267,37.97828],[126.89198,37.98084],[126.89157,37.98248],[126.89138,37.9841],[126.89134,37.98454],[126.89124,37.98556],[126.89122,37.98617],[126.89118,37.98707],[126.89116,37.98798],[126.89116,37.98805],[126.89116,37.98819],[126.89133,37.99012],[126.89159,37.99154],[126.89174,37.99238],[126.89314,37.99517],[126.89415,37.99715],[126.8943,37.99762],[126.89428,37.99804],[126.89396,37.99897],[126.89469,37.99945],[126.89546,37.99937],[126.8964,37.99832],[126.89688,37.99797],[126.89735,37.99768],[126.89824,37.99714],[126.90034,37.99642],[126.90067,37.99631],[126.90484,37.99442],[126.90706,37.99311],[126.90808,37.99251],[126.91098,37.99106],[126.91275,37.9902],[126.92163,37.98593],[126.92707,37.98376],[126.92783,37.98345],[126.9317,37.98228],[126.93222,37.9822],[126.93413,37.98191],[126.9347,37.98184],[126.93511,37.98179],[126.93568,37.98173],[126.9372,37.98171],[126.93738,37.98174],[126.93921,37.98208],[126.94015,37.98225],[126.94091,37.98239],[126.94233,37.98297],[126.94379,37.98356],[126.94743,37.98538],[126.9502,37.98681],[126.95246,37.988],[126.95341,37.98872],[126.95487,37.99],[126.95659,37.99172],[126.95661,37.99174],[126.95663,37.99177],[126.95694,37.99215],[126.95834,37.99394],[126.96166,37.99765],[126.96844,38.00265],[126.96957,38.00333],[126.97866,38.00366],[126.98208,38.00469],[126.98542,38.00331],[126.98581,38.00314],[126.98758,38.00324],[126.99077,38.0034],[126.99215,38.00337],[126.99609,38.0014],[126.99789,37.99963],[126.99865,37.99865],[126.99876,37.99853],[127.00099,37.99625],[127.00151,37.99603],[127.00552,37.99451],[127.0103,37.99323],[127.0116,37.9933],[127.01255,37.99351],[127.01315,37.99352],[127.01362,37.99334],[127.01487,37.9926],[127.01528,37.99231],[127.01556,37.99175],[127.01692,37.98738],[127.01704,37.98693],[127.01682,37.98647],[127.01673,37.98627],[127.0159,37.98578],[127.01521,37.9855],[127.01491,37.98543],[127.01457,37.98535],[127.01353,37.98496],[127.01343,37.98492],[127.0126,37.98457],[127.01234,37.98372],[127.01224,37.98316],[127.01224,37.98236],[127.01214,37.98072],[127.01213,37.98068],[127.01213,37.98063],[127.01129,37.97612],[127.01052,37.9754],[127.00853,37.97384],[127.00725,37.97344],[127.00644,37.97325],[127.00544,37.97318],[127.00502,37.97321],[127.00466,37.97323],[127.00256,37.97353],[127.00197,37.97363],[127.00148,37.97382],[127.00078,37.97393],[126.99732,37.97365],[126.99635,37.9732],[126.99463,37.97115],[126.99122,37.96694],[126.98952,37.96377],[126.98878,37.96079],[126.98867,37.96048],[126.98852,37.96009],[126.98793,37.95962],[126.98704,37.95911],[126.98661,37.95897],[126.98584,37.95872],[126.98501,37.95831],[126.98279,37.95718],[126.98274,37.95715],[126.98176,37.95659],[126.98113,37.95614],[126.98064,37.95573],[126.98011,37.95519],[126.97912,37.95408],[126.97816,37.95163],[126.97765,37.94956],[126.97742,37.94861],[126.97737,37.94744],[126.97743,37.9471],[126.97748,37.94676],[126.97748,37.94641],[126.97744,37.94614],[126.97721,37.94553],[126.97621,37.94431],[126.9746,37.94279],[126.97336,37.94203],[126.97534,37.94032],[126.97606,37.93993],[126.97757,37.93911],[126.97934,37.93826],[126.9804,37.93775],[126.98101,37.93746],[126.98545,37.93889],[126.9893,37.93635],[126.98936,37.93631],[126.98941,37.93628],[126.99023,37.9367],[126.99197,37.93758],[126.9925,37.93713],[126.99309,37.93664],[126.9932,37.93451],[126.99748,37.93356],[126.99962,37.93309],[126.9997,37.93562],[127.0012,37.93561],[127.00131,37.93303],[127.00259,37.93325],[127.00333,37.93287],[127.00395,37.93256],[127.00971,37.92916],[127.01014,37.92805],[127.01005,37.92757],[127.01129,37.92735],[127.0126,37.9282],[127.01399,37.92996],[127.01416,37.93033],[127.01624,37.93505],[127.01637,37.93595],[127.01676,37.93662],[127.02055,37.94005],[127.02073,37.94015],[127.021,37.94029],[127.0221,37.94063],[127.02251,37.94058],[127.02371,37.94044],[127.02409,37.94044],[127.02422,37.94043],[127.02495,37.94042],[127.02545,37.94074],[127.02631,37.94164],[127.02757,37.94315],[127.02794,37.94475],[127.02852,37.94964],[127.02872,37.95209],[127.02801,37.9529],[127.02794,37.95347],[127.02873,37.95516],[127.029,37.95543],[127.02906,37.95549],[127.0293,37.95573],[127.03254,37.95628],[127.03542,37.95672],[127.03921,37.95783],[127.04062,37.95901],[127.0418,37.96001],[127.04168,37.96085],[127.04493,37.97],[127.04467,37.97092],[127.04456,37.97156],[127.04443,37.97226],[127.04481,37.97294],[127.04579,37.97415],[127.04606,37.97426],[127.0461,37.97427],[127.04628,37.97435],[127.04695,37.97463],[127.04892,37.97576],[127.04909,37.97627],[127.04896,37.97754],[127.04882,37.97885],[127.04972,37.97928],[127.05279,37.98073],[127.05326,37.98134],[127.05705,37.98034],[127.06257,37.97958],[127.06346,37.97959],[127.0641,37.9796],[127.06439,37.9796],[127.06416,37.9771],[127.06386,37.97649],[127.06362,37.97622],[127.06343,37.97602],[127.0661,37.97528],[127.06779,37.97526],[127.06824,37.97537],[127.06861,37.97563],[127.069,37.97591],[127.07378,37.97647],[127.07618,37.97668],[127.08018,37.97668],[127.08457,37.97562],[127.08553,37.97478],[127.08633,37.97399],[127.08954,37.97237],[127.09171,37.97144],[127.09219,37.97355],[127.09267,37.9749],[127.09238,37.9767],[127.09235,37.97676],[127.09212,37.97728],[127.09092,37.97988],[127.09038,37.98207],[127.09037,37.9844],[127.09052,37.98548],[127.09081,37.98755],[127.09096,37.98779],[127.09119,37.98802],[127.09143,37.98813],[127.09271,37.98861],[127.0948,37.98911],[127.10057,37.9897],[127.10126,37.98949],[127.10191,37.98941],[127.1048,37.98901],[127.10795,37.98885],[127.10808,37.98885],[127.10837,37.98884],[127.1089,37.98884],[127.10931,37.98884],[127.10943,37.98884],[127.11045,37.98912],[127.11154,37.98931],[127.11294,37.98789],[127.11409,37.98647],[127.11461,37.9864],[127.11733,37.98574],[127.11745,37.98539],[127.1202,37.9795],[127.12078,37.97942],[127.12116,37.97952],[127.12343,37.98029],[127.12432,37.98076],[127.1295,37.9838],[127.1296,37.98386],[127.13025,37.98436],[127.13042,37.98452],[127.13053,37.98466],[127.13135,37.98603],[127.13205,37.98738],[127.13205,37.98748],[127.132,37.9876],[127.13199,37.98773],[127.13203,37.98779],[127.13255,37.98829],[127.1352,37.98968],[127.13695,37.99055],[127.1404,37.99196],[127.14054,37.99201],[127.14063,37.99203],[127.14069,37.99204],[127.14076,37.99205],[127.14085,37.99203],[127.14315,37.99126],[127.14329,37.99126],[127.14482,37.99192],[127.1454,37.99282],[127.14687,37.99564],[127.14684,37.99772],[127.14567,38.00087],[127.14564,38.00095],[127.14336,38.00332],[127.14286,38.00375],[127.14181,38.00439],[127.14136,38.00479],[127.14121,38.00492],[127.14113,38.00505],[127.1408,38.00553],[127.14051,38.00661],[127.14024,38.01148],[127.14261,38.01442],[127.14292,38.01463],[127.14297,38.01466],[127.14458,38.01476],[127.1452,38.01496],[127.1453,38.0155],[127.14532,38.01565],[127.14506,38.01595],[127.14396,38.01717],[127.14288,38.01834],[127.14037,38.02064],[127.13982,38.02101],[127.13967,38.02111],[127.1392,38.02143],[127.13898,38.02187],[127.13882,38.02221],[127.13873,38.02245],[127.13871,38.02267],[127.13871,38.02276],[127.13871,38.02285],[127.13885,38.0231],[127.13952,38.02427],[127.13979,38.02545],[127.13958,38.02613],[127.13916,38.02668],[127.13879,38.02691],[127.13853,38.02708],[127.13819,38.02724],[127.1372,38.02768],[127.13614,38.02854],[127.13549,38.02926],[127.13518,38.03084],[127.13535,38.03138],[127.13616,38.03207],[127.13656,38.03253],[127.13671,38.03271],[127.13715,38.03331],[127.13758,38.03431],[127.13802,38.03542],[127.13815,38.03604],[127.13804,38.03652],[127.13779,38.03744],[127.13742,38.03784],[127.13521,38.03912],[127.13502,38.03918],[127.13481,38.03918],[127.1336,38.03897],[127.1326,38.03844],[127.13184,38.03804],[127.13,38.03736],[127.12815,38.03668],[127.12717,38.03651],[127.12602,38.03653],[127.12502,38.03682],[127.12444,38.03707],[127.12362,38.03794],[127.12273,38.03894],[127.12254,38.03907],[127.12128,38.03913],[127.11963,38.03894],[127.11825,38.03864],[127.1154,38.03988],[127.11436,38.03998],[127.1148,38.04008],[127.11547,38.04056],[127.11701,38.04175],[127.11788,38.04266],[127.11793,38.04293],[127.11796,38.04391],[127.11769,38.04429],[127.11698,38.04492],[127.11622,38.04559],[127.11542,38.04631],[127.11458,38.04723],[127.11364,38.0485],[127.11228,38.05096],[127.11229,38.05141],[127.11319,38.05431],[127.11423,38.05609],[127.1148,38.05744],[127.11563,38.05861],[127.11717,38.06065],[127.11898,38.06143],[127.11914,38.06144],[127.12066,38.06156],[127.12258,38.06162],[127.12309,38.06156],[127.12373,38.06143],[127.12402,38.06112],[127.12428,38.06053],[127.12484,38.05996],[127.12569,38.05969],[127.12627,38.05975],[127.12657,38.05979],[127.12931,38.06093],[127.12949,38.06104],[127.13012,38.06141],[127.13067,38.06218],[127.13115,38.06283],[127.13169,38.06328],[127.13279,38.06417],[127.13491,38.06561],[127.13633,38.06579],[127.13726,38.06602],[127.13746,38.06608],[127.1378,38.0662],[127.13826,38.06646],[127.13838,38.06667],[127.13872,38.0675],[127.1386,38.06844],[127.13834,38.0691],[127.13854,38.06966],[127.13966,38.07138],[127.14115,38.07274],[127.14218,38.07323],[127.14367,38.07361],[127.14402,38.07354],[127.14421,38.0735],[127.14432,38.07338],[127.14469,38.07296],[127.14616,38.07131],[127.14703,38.07054],[127.14768,38.06968],[127.14764,38.06794],[127.1471,38.06523],[127.14683,38.06428],[127.1462,38.06345],[127.14625,38.06273],[127.14664,38.05975],[127.14685,38.05914],[127.14752,38.05857],[127.14803,38.05814],[127.14851,38.05784],[127.14874,38.0577],[127.14935,38.05769],[127.15088,38.05808],[127.15228,38.05877],[127.15317,38.05949],[127.15369,38.06007],[127.15446,38.061],[127.15536,38.06229],[127.15566,38.06263],[127.15598,38.06285],[127.15696,38.06339],[127.15731,38.06346],[127.15738,38.06347],[127.15757,38.06351],[127.15847,38.06348],[127.1595,38.0634],[127.16039,38.06312],[127.16175,38.06268],[127.1628,38.06232],[127.16338,38.062],[127.16343,38.06197],[127.16401,38.06165],[127.16467,38.06138],[127.16492,38.06138],[127.16545,38.06136],[127.16612,38.06135],[127.16635,38.06135],[127.16746,38.06181],[127.16822,38.06263],[127.16855,38.063],[127.16865,38.06329],[127.16869,38.0634],[127.16877,38.06359],[127.16889,38.06387],[127.17092,38.06552],[127.17142,38.06577],[127.17217,38.06602],[127.17252,38.06614],[127.17376,38.06642],[127.17482,38.06646],[127.17528,38.0664],[127.17557,38.06636],[127.17705,38.06606],[127.17867,38.06555],[127.18014,38.06504],[127.18109,38.06472],[127.1836,38.06386],[127.18416,38.06384],[127.18484,38.06395],[127.18578,38.06413],[127.18662,38.06444],[127.18655,38.06541],[127.18623,38.068],[127.18585,38.07067],[127.18574,38.07225],[127.18625,38.07431],[127.18784,38.07545],[127.18985,38.07686],[127.19073,38.07784],[127.19208,38.0819],[127.19225,38.08249],[127.19218,38.08308],[127.19099,38.08543],[127.19068,38.0857],[127.18949,38.08638],[127.1882,38.08748],[127.18525,38.0908],[127.18488,38.0914],[127.18485,38.09145],[127.18451,38.09223],[127.1845,38.0923],[127.18444,38.09264],[127.18419,38.09504],[127.18355,38.09905],[127.18291,38.10225],[127.18221,38.10731],[127.18305,38.10937],[127.18394,38.11034],[127.18402,38.11078],[127.18433,38.11402],[127.18428,38.11441],[127.18374,38.11556],[127.1834,38.11609],[127.18304,38.11642],[127.18266,38.11665],[127.17767,38.11926],[127.17657,38.11982],[127.17502,38.11995],[127.17391,38.11984],[127.17334,38.1199],[127.17283,38.12004],[127.17156,38.12156],[127.17355,38.12306],[127.17422,38.12394],[127.17448,38.12449],[127.17577,38.12881],[127.17574,38.12976],[127.17545,38.13502],[127.17493,38.13705],[127.17401,38.14021],[127.1738,38.14056],[127.17347,38.14075],[127.17326,38.14086],[127.17297,38.14119],[127.17291,38.14156],[127.17346,38.14298],[127.17355,38.14317],[127.17356,38.1432],[127.17522,38.14446],[127.17673,38.14652],[127.17682,38.14673],[127.17718,38.15151],[127.17693,38.15213],[127.17633,38.15307],[127.17611,38.1538],[127.17586,38.15597],[127.17583,38.15681],[127.17578,38.15801],[127.17568,38.15854],[127.1756,38.15895],[127.17519,38.15987],[127.17431,38.16054],[127.17394,38.16111],[127.17393,38.1614],[127.17408,38.16411],[127.17411,38.16453],[127.17448,38.16595],[127.17459,38.16789],[127.17452,38.16816],[127.17412,38.16879],[127.17407,38.16887],[127.17386,38.16903],[127.1736,38.16923],[127.17378,38.17113],[127.17428,38.17274],[127.17523,38.17345],[127.17547,38.17362],[127.17675,38.1748],[127.17682,38.17491],[127.17753,38.17602],[127.17765,38.17644],[127.17905,38.18274],[127.17938,38.18465],[127.1788,38.18496],[127.17771,38.18554],[127.17742,38.18575],[127.17546,38.18825],[127.17477,38.18932],[127.17451,38.18977],[127.17419,38.19092],[127.17408,38.19132],[127.17396,38.19156],[127.17389,38.1917],[127.17204,38.19347],[127.17015,38.19521],[127.1665,38.19782],[127.16642,38.19791],[127.16625,38.19808],[127.16614,38.19831],[127.16612,38.19836],[127.16605,38.19851],[127.16612,38.19868],[127.16645,38.19954],[127.16939,38.20296],[127.17202,38.20559],[127.17223,38.20596],[127.17228,38.2064],[127.17226,38.20884],[127.17226,38.20888],[127.17219,38.21042],[127.17188,38.21137],[127.17128,38.21242],[127.17126,38.21245],[127.17049,38.21314],[127.16979,38.21368],[127.16956,38.21385],[127.1689,38.21418],[127.16629,38.2153],[127.16455,38.21583],[127.16311,38.21627],[127.16288,38.21639],[127.16242,38.21662],[127.16209,38.21678],[127.16198,38.21686],[127.16164,38.2171],[127.15962,38.21884],[127.15944,38.21907],[127.15946,38.21934],[127.15947,38.21941],[127.15996,38.21997],[127.16016,38.22019],[127.1606,38.22082],[127.16084,38.22114],[127.16105,38.22177],[127.16139,38.22283],[127.16146,38.22304],[127.16139,38.22329],[127.16135,38.22342],[127.16118,38.22368],[127.16106,38.22387],[127.16074,38.22412],[127.16005,38.22467],[127.15982,38.22505],[127.15956,38.22551],[127.15959,38.22605],[127.16013,38.22786],[127.16058,38.22866],[127.16078,38.22901],[127.1615,38.22977],[127.16249,38.23222],[127.16244,38.23246],[127.16244,38.23248],[127.16243,38.23252],[127.1608,38.23582],[127.15964,38.23745],[127.15836,38.2389],[127.15774,38.23923],[127.15266,38.24172],[127.1497,38.24261],[127.14895,38.24268],[127.14851,38.24251],[127.14825,38.24191],[127.14808,38.24152],[127.14784,38.24097],[127.14697,38.23972],[127.14353,38.238],[127.14149,38.23725],[127.14134,38.23732],[127.14096,38.2374],[127.14067,38.23747],[127.14057,38.23746],[127.13983,38.2374],[127.13592,38.23615],[127.13495,38.23426],[127.13493,38.23423],[127.13491,38.2342],[127.13488,38.23414],[127.13466,38.23376],[127.13054,38.23256],[127.13039,38.23258],[127.13033,38.23258],[127.12995,38.23291],[127.12961,38.23321],[127.12933,38.23326],[127.12903,38.23332],[127.12693,38.23373],[127.12654,38.23375],[127.12627,38.23377],[127.12567,38.23359],[127.12425,38.23313],[127.12369,38.23294],[127.12337,38.23277],[127.12288,38.23251],[127.12242,38.23278],[127.12136,38.2334],[127.12027,38.23468],[127.12021,38.23474],[127.11985,38.23504],[127.11774,38.23634],[127.11747,38.23641],[127.11728,38.23647],[127.11633,38.23642],[127.11543,38.23629],[127.11462,38.23629],[127.11383,38.23679],[127.113,38.23759],[127.1127,38.23804],[127.11013,38.24216],[127.10986,38.24365],[127.10986,38.24381],[127.10989,38.24461],[127.11003,38.24495],[127.1102,38.24536],[127.11054,38.2458],[127.1111,38.24832],[127.11068,38.24945],[127.11048,38.25046],[127.11046,38.25056],[127.11046,38.25067],[127.11046,38.25114],[127.11046,38.25141],[127.11046,38.25169],[127.11056,38.25213],[127.11071,38.25272],[127.11399,38.26527],[127.1104,38.28568],[127.10928,38.29204],[127.10468,38.29057],[127.10126,38.28948],[127.09901,38.28801],[127.09399,38.28472],[127.08261,38.27853],[127.07038,38.27073],[127.05735,38.2669],[127.04449,38.26311],[127.0259,38.25727],[126.99737,38.24173],[126.99789,38.23047],[126.9975,38.23058],[126.99668,38.2308],[126.99614,38.2312],[126.99536,38.23267],[126.99529,38.23304],[126.99518,38.23364],[126.99428,38.23562],[126.99237,38.23689],[126.99075,38.23685],[126.99014,38.23668],[126.98747,38.23594],[126.98614,38.23538],[126.98583,38.23527],[126.98396,38.235],[126.98231,38.23483],[126.98137,38.23473],[126.97932,38.23467],[126.97681,38.23476],[126.97664,38.23472],[126.97586,38.23454],[126.9756,38.23434],[126.97529,38.23408],[126.97589,38.23321],[126.97637,38.23273],[126.97698,38.23231],[126.97814,38.23149],[126.97869,38.23065],[126.98068,38.22627],[126.98068,38.22577],[126.97959,38.22412],[126.97856,38.22353],[126.97742,38.22289],[126.97718,38.22271],[126.97674,38.22239],[126.9767,38.22203],[126.97731,38.22073],[126.97824,38.21896],[126.98224,38.21413],[126.98321,38.21346],[126.9838,38.21252],[126.98395,38.21212],[126.98405,38.21125],[126.98395,38.21091],[126.98371,38.21064],[126.98359,38.2105],[126.98282,38.20983],[126.9811,38.20836],[126.97938,38.2073],[126.97793,38.20655],[126.97654,38.20542],[126.97587,38.20488],[126.97568,38.20448],[126.97549,38.20409],[126.97546,38.20217],[126.97546,38.20101],[126.97546,38.19986],[126.97508,38.19933],[126.97392,38.19911],[126.97145,38.19922],[126.96971,38.19951],[126.96883,38.19966],[126.96775,38.19953],[126.96679,38.19911],[126.96501,38.19778],[126.96338,38.19378],[126.96231,38.19115],[126.96141,38.18982],[126.9608,38.18915],[126.95973,38.18849],[126.95862,38.18811],[126.95758,38.188],[126.95699,38.18838],[126.95688,38.1886],[126.95679,38.18879],[126.9564,38.19118],[126.95683,38.19197],[126.95805,38.19261],[126.95905,38.1939],[126.95927,38.19459],[126.95896,38.19516],[126.95769,38.19627],[126.95648,38.1969],[126.95467,38.19735],[126.95424,38.19778],[126.95403,38.19798],[126.95431,38.19908],[126.95521,38.20028],[126.95736,38.20162],[126.96088,38.20318],[126.96185,38.20399],[126.9621,38.20459],[126.96201,38.20484],[126.96142,38.20511],[126.96043,38.20542],[126.95816,38.20611],[126.95608,38.20702],[126.95505,38.20784],[126.95355,38.20944],[126.95249,38.21059],[126.9516,38.21119],[126.95088,38.21126],[126.95036,38.21118],[126.94947,38.21076],[126.94814,38.21016],[126.94691,38.20971],[126.94442,38.20948],[126.94363,38.2094],[126.94303,38.2094],[126.94174,38.20972],[126.94022,38.20997],[126.93961,38.21004],[126.93918,38.20999],[126.93687,38.20917],[126.93615,38.20822],[126.93535,38.20717],[126.93478,38.20697],[126.93392,38.20695],[126.93247,38.20695],[126.93231,38.207],[126.93136,38.20725],[126.93068,38.20742],[126.93019,38.20754],[126.92938,38.20748],[126.92885,38.20745],[126.92825,38.20699],[126.92812,38.20617],[126.92842,38.20506],[126.92869,38.2041],[126.92896,38.20247],[126.92908,38.20129],[126.92908,38.20029],[126.9287,38.20037],[126.92571,38.20358],[126.91543,38.20373],[126.91222,38.20378],[126.90641,38.20489],[126.90036,38.20489],[126.89533,38.20453],[126.89344,38.20495],[126.89027,38.20676],[126.8859,38.2102],[126.87998,38.2154],[126.87864,38.21669],[126.87701,38.21828],[126.87297,38.22308],[126.82579,38.19821],[126.81817,38.193],[126.81266,38.18923],[126.80063,38.181],[126.76979,38.15475],[126.74806,38.1278],[126.74791,38.12065]]]}},{"type":"Feature","properties":{"id":"41-41820","name":"가평군","sido":"경기도","code":"41820","center":[37.81872,127.45027]},"geometry":{"type":"Polygon","coordinates":[[[127.26652,37.78045],[127.26778,37.77961],[127.26803,37.77957],[127.2683,37.77953],[127.26845,37.77949],[127.26862,37.77943],[127.26885,37.77933],[127.26905,37.77925],[127.26926,37.77914],[127.26941,37.77905],[127.26956,37.77896],[127.2696,37.77893],[127.26973,37.77883],[127.27287,37.77611],[127.27292,37.77606],[127.27294,37.77603],[127.27329,37.77527],[127.27357,37.77455],[127.27363,37.77426],[127.27371,37.77416],[127.27391,37.77409],[127.27397,37.77407],[127.27402,37.77406],[127.27406,37.77405],[127.27775,37.77449],[127.28186,37.77492],[127.2828,37.77478],[127.28592,37.77477],[127.28602,37.77477],[127.28608,37.77477],[127.29,37.77501],[127.29009,37.77504],[127.2902,37.77507],[127.29031,37.77512],[127.29043,37.7752],[127.2908,37.77552],[127.29091,37.77562],[127.29104,37.77574],[127.29137,37.77593],[127.29153,37.77602],[127.29156,37.77604],[127.29162,37.77606],[127.29169,37.77608],[127.29181,37.77612],[127.29196,37.77614],[127.29313,37.77624],[127.29343,37.77616],[127.29354,37.77613],[127.29359,37.7761],[127.29363,37.77608],[127.29573,37.77524],[127.2985,37.77429],[127.3021,37.77338],[127.30455,37.77172],[127.30459,37.77162],[127.30469,37.77148],[127.30503,37.77123],[127.30631,37.77035],[127.30978,37.76836],[127.30989,37.7683],[127.31008,37.76824],[127.31074,37.76813],[127.31088,37.76812],[127.31144,37.7682],[127.31178,37.76825],[127.31192,37.76827],[127.31294,37.7685],[127.31369,37.7687],[127.31397,37.76879],[127.31521,37.76903],[127.31531,37.76903],[127.31565,37.76897],[127.31575,37.76893],[127.31857,37.76723],[127.31985,37.76624],[127.31992,37.76619],[127.32015,37.76597],[127.32185,37.76425],[127.32195,37.76415],[127.32202,37.76403],[127.32211,37.76386],[127.32215,37.76376],[127.32223,37.76353],[127.32231,37.76323],[127.32233,37.76315],[127.32237,37.76307],[127.3237,37.76176],[127.32534,37.76082],[127.32645,37.76025],[127.32838,37.75807],[127.32837,37.75802],[127.32837,37.75799],[127.32837,37.75793],[127.32841,37.75785],[127.32844,37.75781],[127.32849,37.75773],[127.33009,37.75585],[127.33192,37.75424],[127.33305,37.75352],[127.33383,37.75298],[127.33388,37.75293],[127.33396,37.75284],[127.33397,37.75281],[127.33399,37.75278],[127.33398,37.75275],[127.33395,37.75268],[127.33386,37.75257],[127.33372,37.75246],[127.33355,37.75232],[127.33346,37.75226],[127.33327,37.75216],[127.33312,37.75206],[127.33249,37.75168],[127.33246,37.75166],[127.33233,37.75157],[127.33224,37.7515],[127.33218,37.75145],[127.33209,37.75137],[127.33198,37.75127],[127.33193,37.75122],[127.33185,37.75114],[127.33181,37.75107],[127.33142,37.75045],[127.33135,37.75031],[127.33116,37.74985],[127.33107,37.74954],[127.33235,37.74732],[127.33245,37.74717],[127.33293,37.74646],[127.33531,37.74383],[127.33744,37.74241],[127.34181,37.7386],[127.34197,37.73845],[127.34207,37.73834],[127.34216,37.73823],[127.34241,37.7378],[127.34246,37.73754],[127.34336,37.73321],[127.34337,37.73313],[127.34338,37.73303],[127.34339,37.73289],[127.34342,37.7321],[127.34342,37.73198],[127.34341,37.73188],[127.34326,37.73162],[127.34315,37.73147],[127.34308,37.73135],[127.34302,37.7312],[127.343,37.73114],[127.34286,37.72955],[127.34288,37.72946],[127.3429,37.72942],[127.34294,37.72937],[127.34329,37.72905],[127.34349,37.72888],[127.34486,37.72778],[127.34492,37.72774],[127.345,37.7277],[127.34786,37.7269],[127.35313,37.72454],[127.35545,37.72369],[127.35454,37.72151],[127.35404,37.71941],[127.354,37.71835],[127.35407,37.71782],[127.35415,37.71727],[127.3545,37.71708],[127.35468,37.71699],[127.35472,37.71663],[127.35441,37.71511],[127.35408,37.71411],[127.35372,37.71316],[127.35339,37.71094],[127.35362,37.71071],[127.35397,37.71036],[127.35436,37.70988],[127.35453,37.70966],[127.35517,37.70858],[127.35514,37.70776],[127.35512,37.70718],[127.35484,37.70632],[127.35425,37.70542],[127.35366,37.70501],[127.35344,37.70382],[127.35446,37.70309],[127.35592,37.70193],[127.35764,37.70019],[127.35849,37.69923],[127.35892,37.6984],[127.35909,37.69751],[127.35946,37.69678],[127.36022,37.69557],[127.36135,37.69381],[127.36236,37.69366],[127.36692,37.69326],[127.36768,37.69323],[127.36931,37.69315],[127.37024,37.69302],[127.37082,37.69292],[127.37121,37.69271],[127.37173,37.6924],[127.37212,37.69203],[127.37219,37.69179],[127.37213,37.69157],[127.37169,37.69114],[127.37153,37.69101],[127.37142,37.69092],[127.37075,37.69047],[127.3705,37.6904],[127.37019,37.69036],[127.36714,37.69011],[127.36705,37.69002],[127.3668,37.68976],[127.36677,37.68965],[127.36676,37.68953],[127.36677,37.68924],[127.36683,37.68857],[127.36686,37.6884],[127.36692,37.68825],[127.36693,37.68822],[127.36724,37.68748],[127.36734,37.68728],[127.36749,37.68705],[127.36769,37.68677],[127.36808,37.6863],[127.36857,37.68579],[127.36866,37.68573],[127.3687,37.68569],[127.36925,37.68528],[127.36962,37.68503],[127.36976,37.68494],[127.36992,37.68483],[127.37151,37.68385],[127.37244,37.68338],[127.37261,37.68329],[127.37381,37.68249],[127.37417,37.68219],[127.3744,37.6819],[127.37457,37.68154],[127.37462,37.68132],[127.37462,37.68098],[127.37461,37.68079],[127.37458,37.68037],[127.37455,37.68001],[127.37459,37.67955],[127.37477,37.67797],[127.37506,37.67733],[127.37513,37.67728],[127.37636,37.67632],[127.37765,37.67554],[127.3792,37.67459],[127.37856,37.67259],[127.37772,37.67036],[127.37755,37.6699],[127.37714,37.66701],[127.37711,37.66644],[127.37703,37.66478],[127.37637,37.66011],[127.37442,37.65433],[127.37336,37.65273],[127.3731,37.65232],[127.37205,37.65066],[127.37113,37.64819],[127.37328,37.64767],[127.37478,37.64902],[127.37835,37.651],[127.38005,37.65142],[127.38612,37.65137],[127.38891,37.65122],[127.39322,37.65107],[127.39943,37.65086],[127.4,37.65216],[127.40036,37.65336],[127.40077,37.65388],[127.40124,37.65449],[127.40406,37.65706],[127.40813,37.65988],[127.41006,37.66018],[127.41053,37.66018],[127.4121,37.66019],[127.41278,37.6606],[127.41342,37.66099],[127.415,37.6624],[127.41521,37.66259],[127.41551,37.66287],[127.41595,37.6631],[127.41644,37.66337],[127.41697,37.66335],[127.41706,37.66335],[127.41887,37.6633],[127.42217,37.66393],[127.42509,37.66563],[127.42587,37.66646],[127.42707,37.66816],[127.42809,37.6703],[127.42812,37.67055],[127.42816,37.67076],[127.42815,37.67154],[127.42983,37.66941],[127.43031,37.6691],[127.43101,37.66863],[127.43365,37.66641],[127.43401,37.66608],[127.43446,37.66567],[127.43506,37.66504],[127.43986,37.66181],[127.44138,37.6598],[127.43982,37.65882],[127.43967,37.65872],[127.43842,37.6578],[127.43825,37.65765],[127.43778,37.65723],[127.43546,37.65459],[127.43477,37.65361],[127.43506,37.65342],[127.43532,37.65324],[127.43723,37.6514],[127.43743,37.65058],[127.43808,37.64789],[127.44059,37.64717],[127.44191,37.64679],[127.44248,37.64736],[127.44255,37.64744],[127.44278,37.64755],[127.44392,37.64814],[127.4446,37.64787],[127.44485,37.64777],[127.44863,37.64447],[127.44952,37.64338],[127.45094,37.6407],[127.45147,37.6397],[127.45227,37.63889],[127.45361,37.63861],[127.4541,37.63851],[127.45558,37.63691],[127.4566,37.63559],[127.45659,37.63549],[127.45642,37.63394],[127.45827,37.62997],[127.46166,37.62664],[127.46216,37.62573],[127.4626,37.62493],[127.46835,37.62467],[127.46988,37.62361],[127.47118,37.62113],[127.47185,37.61828],[127.47192,37.61621],[127.47192,37.61616],[127.47202,37.61293],[127.47217,37.60928],[127.47351,37.60792],[127.47314,37.60022],[127.47288,37.59832],[127.4726,37.59641],[127.47091,37.59495],[127.47104,37.59384],[127.46989,37.59193],[127.46941,37.59106],[127.47077,37.58536],[127.47117,37.5825],[127.47159,37.57989],[127.47473,37.57725],[127.4784,37.57686],[127.48174,37.57571],[127.48414,37.57526],[127.48671,37.57528],[127.49012,37.57498],[127.4911,37.57378],[127.49657,37.572],[127.49735,37.57184],[127.49834,37.57184],[127.49913,37.57237],[127.50436,37.57492],[127.50475,37.57501],[127.50562,37.57522],[127.50636,37.57541],[127.50657,37.57546],[127.50696,37.57556],[127.50824,37.57594],[127.51003,37.57647],[127.51296,37.57812],[127.51463,37.57961],[127.51761,37.58272],[127.52012,37.58566],[127.52178,37.58641],[127.52411,37.58665],[127.53132,37.58624],[127.53606,37.58584],[127.53674,37.58555],[127.53777,37.5847],[127.53788,37.58461],[127.54447,37.58507],[127.5471,37.58542],[127.55095,37.58615],[127.55143,37.58612],[127.55245,37.58608],[127.55469,37.58421],[127.5586,37.58382],[127.56025,37.58308],[127.56123,37.58611],[127.56152,37.58706],[127.56112,37.58897],[127.56062,37.59054],[127.559,37.5923],[127.55908,37.59423],[127.55997,37.59537],[127.56141,37.59767],[127.56244,37.60001],[127.5624,37.60049],[127.56231,37.60136],[127.56231,37.60297],[127.5623,37.60435],[127.56615,37.60796],[127.56712,37.60825],[127.56825,37.60828],[127.56956,37.60831],[127.57032,37.61021],[127.5705,37.61145],[127.57061,37.61223],[127.57067,37.61285],[127.57075,37.61367],[127.57072,37.61369],[127.56984,37.61433],[127.56873,37.61456],[127.56759,37.61566],[127.56709,37.61724],[127.56646,37.61878],[127.56517,37.62008],[127.56288,37.6209],[127.55981,37.62341],[127.55968,37.62535],[127.55976,37.62614],[127.55988,37.62736],[127.55898,37.62845],[127.55534,37.63004],[127.54826,37.6332],[127.54771,37.63486],[127.54682,37.63756],[127.54582,37.63776],[127.54378,37.63818],[127.54003,37.64069],[127.53904,37.64145],[127.53702,37.643],[127.53523,37.64637],[127.53543,37.64968],[127.53568,37.65035],[127.5388,37.65109],[127.53923,37.65119],[127.53935,37.65118],[127.5401,37.65112],[127.54197,37.65097],[127.542,37.65098],[127.54335,37.65141],[127.54391,37.65159],[127.54403,37.65302],[127.54487,37.65535],[127.54649,37.65743],[127.54759,37.65826],[127.54855,37.65899],[127.55038,37.65983],[127.55064,37.65995],[127.55102,37.66023],[127.55281,37.66155],[127.55245,37.66278],[127.55165,37.66502],[127.55096,37.66559],[127.55007,37.66634],[127.54974,37.66676],[127.54937,37.66725],[127.54929,37.66741],[127.54921,37.66757],[127.54915,37.67037],[127.54975,37.67549],[127.55002,37.67568],[127.55034,37.67591],[127.55083,37.67766],[127.55094,37.67809],[127.55096,37.67819],[127.55059,37.67895],[127.55007,37.68003],[127.55004,37.6801],[127.55001,37.68016],[127.54989,37.68056],[127.55015,37.68546],[127.55036,37.68656],[127.55045,37.68699],[127.55062,37.68777],[127.55063,37.6878],[127.5518,37.69081],[127.55358,37.69511],[127.55462,37.69781],[127.55507,37.69902],[127.55566,37.70082],[127.55613,37.70261],[127.55699,37.70486],[127.55715,37.70494],[127.55741,37.70508],[127.55804,37.70551],[127.5583,37.7058],[127.55842,37.70602],[127.55845,37.70636],[127.55855,37.71118],[127.55839,37.71276],[127.5581,37.71414],[127.55806,37.7143],[127.55929,37.71604],[127.55983,37.71659],[127.56103,37.71822],[127.56162,37.71996],[127.5624,37.72104],[127.5622,37.72216],[127.56217,37.72232],[127.56052,37.72265],[127.55968,37.72314],[127.55944,37.72581],[127.55951,37.72789],[127.55986,37.72851],[127.55735,37.72899],[127.55361,37.72873],[127.55209,37.72826],[127.55067,37.72675],[127.54913,37.72466],[127.54819,37.72342],[127.5453,37.72139],[127.54486,37.72109],[127.5443,37.72073],[127.54249,37.71953],[127.5408,37.71909],[127.53749,37.72013],[127.53352,37.72221],[127.53322,37.72253],[127.53257,37.72323],[127.53088,37.72505],[127.52867,37.72633],[127.52691,37.72671],[127.52538,37.7269],[127.52442,37.72635],[127.52409,37.72616],[127.52007,37.72291],[127.51962,37.72253],[127.51405,37.71939],[127.51093,37.71769],[127.50731,37.71967],[127.50698,37.72187],[127.50693,37.72217],[127.50692,37.72227],[127.5069,37.72246],[127.5069,37.72251],[127.50689,37.72265],[127.50687,37.7229],[127.50685,37.72332],[127.50684,37.72381],[127.50684,37.72435],[127.50685,37.72493],[127.50687,37.72542],[127.50687,37.72556],[127.50689,37.72588],[127.50691,37.72621],[127.50696,37.72688],[127.50702,37.72755],[127.50711,37.72822],[127.50721,37.72888],[127.50734,37.72951],[127.50748,37.73012],[127.50765,37.7307],[127.50783,37.73125],[127.50803,37.73178],[127.50819,37.73215],[127.50825,37.73229],[127.50848,37.73277],[127.50857,37.73292],[127.50864,37.73305],[127.50873,37.73323],[127.50881,37.73336],[127.509,37.73366],[127.50928,37.73407],[127.50958,37.73447],[127.5099,37.73486],[127.51026,37.73524],[127.51064,37.73562],[127.51106,37.736],[127.51151,37.73638],[127.51201,37.73677],[127.51209,37.73684],[127.51255,37.73718],[127.51297,37.73748],[127.51312,37.73759],[127.51369,37.73797],[127.51374,37.738],[127.5144,37.73843],[127.51509,37.73885],[127.51583,37.73929],[127.5166,37.73972],[127.51697,37.73992],[127.51742,37.74016],[127.51783,37.74037],[127.51826,37.7406],[127.51911,37.74103],[127.51997,37.74146],[127.52029,37.74162],[127.52082,37.74188],[127.52165,37.74228],[127.52245,37.74267],[127.52253,37.74271],[127.52262,37.74276],[127.5232,37.74305],[127.52391,37.7434],[127.52456,37.74374],[127.52495,37.74394],[127.52508,37.74401],[127.52518,37.74406],[127.52528,37.74411],[127.52576,37.74436],[127.52589,37.74443],[127.52633,37.74467],[127.52658,37.7448],[127.52687,37.74496],[127.5271,37.74509],[127.52741,37.74526],[127.52795,37.74555],[127.5285,37.74585],[127.52905,37.74616],[127.52961,37.74647],[127.53017,37.74678],[127.53073,37.74709],[127.53129,37.74741],[127.53184,37.74772],[127.53217,37.74791],[127.53239,37.74804],[127.53293,37.74835],[127.53347,37.74866],[127.534,37.74898],[127.53452,37.74929],[127.53504,37.74962],[127.53556,37.74994],[127.53576,37.75007],[127.53608,37.75028],[127.53659,37.75062],[127.53711,37.75097],[127.53754,37.75128],[127.53762,37.75133],[127.53773,37.75142],[127.5379,37.75154],[127.53813,37.7517],[127.53864,37.75208],[127.53911,37.75245],[127.53955,37.75281],[127.53958,37.75283],[127.54004,37.75321],[127.54041,37.75354],[127.54047,37.75359],[127.54088,37.75397],[127.54126,37.75434],[127.54136,37.75445],[127.54163,37.75472],[127.54197,37.7551],[127.54229,37.75548],[127.54259,37.75587],[127.54287,37.75626],[127.54313,37.75666],[127.54337,37.75706],[127.5436,37.75748],[127.5438,37.75789],[127.54394,37.7582],[127.54395,37.75822],[127.54398,37.75831],[127.54407,37.75852],[127.54414,37.75872],[127.54428,37.75914],[127.54439,37.75954],[127.54445,37.75983],[127.54447,37.75989],[127.54448,37.75994],[127.54454,37.76033],[127.54457,37.76071],[127.54457,37.76093],[127.54457,37.76109],[127.54456,37.76148],[127.54452,37.76178],[127.54451,37.76188],[127.54444,37.7623],[127.54443,37.76237],[127.54435,37.76274],[127.54423,37.7632],[127.5441,37.7637],[127.54403,37.76392],[127.54394,37.76423],[127.54381,37.7646],[127.54375,37.76478],[127.54354,37.76536],[127.54333,37.76589],[127.54331,37.76594],[127.54326,37.76607],[127.54306,37.76653],[127.54291,37.76684],[127.54278,37.76713],[127.54248,37.76772],[127.54216,37.7683],[127.54181,37.76888],[127.54146,37.76945],[127.54109,37.77001],[127.54083,37.77038],[127.54072,37.77054],[127.54058,37.77073],[127.54033,37.77108],[127.53995,37.77159],[127.53958,37.77209],[127.53942,37.77229],[127.53921,37.77257],[127.53885,37.77304],[127.53867,37.77325],[127.53848,37.77349],[127.53812,37.77394],[127.53774,37.77439],[127.53735,37.77483],[127.53694,37.77528],[127.53651,37.77574],[127.53629,37.77597],[127.53605,37.77621],[127.52958,37.7828],[127.52951,37.78287],[127.52937,37.78301],[127.52934,37.78304],[127.52922,37.78316],[127.52919,37.78319],[127.52904,37.78333],[127.52888,37.78349],[127.52854,37.7838],[127.52821,37.78409],[127.52789,37.78436],[127.52756,37.78463],[127.52747,37.7847],[127.52723,37.7849],[127.52708,37.78501],[127.5269,37.78515],[127.52663,37.78536],[127.52653,37.78544],[127.52616,37.78573],[127.52594,37.78591],[127.52578,37.78604],[127.5254,37.78636],[127.52501,37.78668],[127.5248,37.78686],[127.52462,37.78702],[127.52455,37.78708],[127.52437,37.78724],[127.52425,37.78736],[127.52399,37.78761],[127.52389,37.7877],[127.52374,37.78785],[127.52355,37.78805],[127.52333,37.78829],[127.52324,37.78839],[127.52295,37.78874],[127.52291,37.78879],[127.52269,37.78908],[127.52245,37.78942],[127.52224,37.78975],[127.52206,37.79008],[127.522,37.79021],[127.5219,37.7904],[127.52185,37.79054],[127.52177,37.79072],[127.52172,37.79088],[127.52167,37.79103],[127.52166,37.79109],[127.52164,37.79115],[127.52159,37.79134],[127.52158,37.79139],[127.52157,37.79146],[127.52154,37.79164],[127.52151,37.79193],[127.5215,37.79221],[127.52151,37.79237],[127.52151,37.7925],[127.52154,37.79278],[127.52159,37.79306],[127.52161,37.79313],[127.52166,37.79334],[127.52174,37.79361],[127.52179,37.79377],[127.52181,37.79384],[127.52183,37.79389],[127.52188,37.79401],[127.52194,37.79416],[127.52201,37.79432],[127.52203,37.79436],[127.52206,37.79444],[127.52208,37.79447],[127.5222,37.79471],[127.52227,37.79482],[127.52236,37.79498],[127.52241,37.79507],[127.52252,37.79525],[127.52255,37.79529],[127.5227,37.79551],[127.52289,37.79578],[127.5231,37.79605],[127.52926,37.80407],[127.52947,37.80432],[127.52962,37.80448],[127.52968,37.80454],[127.52988,37.80474],[127.52999,37.80484],[127.53008,37.80493],[127.53029,37.80511],[127.5305,37.80528],[127.53145,37.80605],[127.53171,37.80626],[127.53174,37.80629],[127.53197,37.80647],[127.53225,37.80668],[127.53238,37.80678],[127.53253,37.80689],[127.53282,37.8071],[127.53311,37.80729],[127.53331,37.80741],[127.53341,37.80748],[127.53371,37.80767],[127.53376,37.8077],[127.53381,37.80773],[127.53391,37.80779],[127.534,37.80784],[127.53421,37.80797],[127.53428,37.80801],[127.53431,37.80804],[127.53435,37.80806],[127.53455,37.80818],[127.5348,37.80834],[127.53503,37.80849],[127.53524,37.80863],[127.53543,37.80878],[127.5356,37.80892],[127.53575,37.80907],[127.5359,37.80923],[127.53604,37.80939],[127.53617,37.80958],[127.53629,37.80978],[127.53642,37.81],[127.53655,37.81025],[127.53667,37.81051],[127.53678,37.81079],[127.53684,37.81096],[127.53689,37.81108],[127.53698,37.81139],[127.53702,37.81156],[127.53706,37.81171],[127.53712,37.81203],[127.53714,37.81221],[127.53716,37.81237],[127.53718,37.81272],[127.53718,37.81279],[127.53718,37.81297],[127.53718,37.81307],[127.53716,37.81343],[127.53712,37.81379],[127.53712,37.81383],[127.53706,37.81417],[127.53704,37.81427],[127.53698,37.81454],[127.53696,37.8146],[127.53687,37.81492],[127.53674,37.81531],[127.53659,37.8157],[127.53658,37.81573],[127.53654,37.81582],[127.53643,37.81605],[127.53642,37.81608],[127.53629,37.81632],[127.53622,37.81646],[127.536,37.81682],[127.53575,37.81718],[127.53548,37.81752],[127.53519,37.81783],[127.53494,37.81807],[127.53487,37.81813],[127.53453,37.8184],[127.53416,37.81866],[127.53378,37.8189],[127.53338,37.81913],[127.53296,37.81935],[127.53253,37.81956],[127.53236,37.81964],[127.5321,37.81977],[127.53193,37.81985],[127.53165,37.81997],[127.5312,37.82018],[127.53095,37.8203],[127.53082,37.82036],[127.53075,37.82038],[127.5303,37.82059],[127.52985,37.8208],[127.52941,37.82101],[127.52898,37.82122],[127.52857,37.82143],[127.52817,37.82164],[127.52779,37.82186],[127.52765,37.82195],[127.52743,37.82208],[127.52708,37.8223],[127.52693,37.8224],[127.52676,37.82252],[127.52659,37.82263],[127.52645,37.82273],[127.5263,37.82284],[127.52616,37.82295],[127.52605,37.82303],[127.5259,37.82316],[127.52565,37.82336],[127.52547,37.82354],[127.52543,37.82357],[127.52523,37.82378],[127.52512,37.8239],[127.52505,37.82399],[127.52489,37.82422],[127.52475,37.82445],[127.52464,37.8247],[127.52462,37.82476],[127.5246,37.82484],[127.52456,37.82497],[127.52455,37.82501],[127.52449,37.82526],[127.52447,37.82546],[127.52445,37.82557],[127.52444,37.82573],[127.52443,37.82589],[127.52443,37.82623],[127.52444,37.82659],[127.52445,37.82669],[127.52446,37.82691],[127.52446,37.82696],[127.5245,37.82733],[127.52453,37.82766],[127.52454,37.82772],[127.52459,37.82811],[127.52464,37.82851],[127.52471,37.82891],[127.52478,37.82932],[127.52479,37.82937],[127.52486,37.82972],[127.52495,37.83013],[127.52506,37.83054],[127.52518,37.83095],[127.52531,37.83136],[127.52545,37.83177],[127.52548,37.83182],[127.52561,37.83218],[127.52578,37.83259],[127.52586,37.83277],[127.52588,37.83283],[127.52596,37.833],[127.52608,37.83327],[127.52615,37.83342],[127.52622,37.83358],[127.52634,37.83384],[127.52651,37.8342],[127.52655,37.83429],[127.52674,37.8347],[127.52695,37.83514],[127.52717,37.83558],[127.5272,37.83565],[127.52739,37.83602],[127.52757,37.83635],[127.52763,37.83646],[127.52787,37.83689],[127.52799,37.8371],[127.52812,37.83732],[127.52815,37.83736],[127.52839,37.83773],[127.52867,37.83813],[127.52896,37.83852],[127.52927,37.83891],[127.5296,37.83928],[127.52995,37.83965],[127.52999,37.83969],[127.53001,37.83971],[127.53032,37.84002],[127.53047,37.84017],[127.53064,37.84033],[127.53071,37.84039],[127.53113,37.84076],[127.53157,37.84113],[127.53205,37.84152],[127.53216,37.8416],[127.53253,37.84188],[127.53303,37.84225],[127.53356,37.84262],[127.5341,37.84298],[127.53465,37.84332],[127.53522,37.84366],[127.53527,37.84369],[127.53533,37.84373],[127.53579,37.84398],[127.53637,37.84429],[127.53684,37.84452],[127.53694,37.84458],[127.53725,37.84472],[127.53731,37.84475],[127.53751,37.84485],[127.53806,37.8451],[127.53819,37.84516],[127.53837,37.84523],[127.53846,37.84527],[127.53859,37.84533],[127.5391,37.84554],[127.53958,37.84573],[127.53988,37.84584],[127.54003,37.8459],[127.54044,37.84604],[127.54065,37.84611],[127.54083,37.84617],[127.54099,37.84621],[127.54121,37.84627],[127.54136,37.84631],[127.54157,37.84636],[127.54164,37.84638],[127.54193,37.84644],[127.54229,37.8465],[127.54267,37.84655],[127.54305,37.84659],[127.54313,37.84659],[127.54318,37.8466],[127.54345,37.84662],[127.54386,37.84664],[127.54932,37.84685],[127.54943,37.84691],[127.54955,37.84699],[127.54959,37.84702],[127.54972,37.84714],[127.54983,37.84727],[127.54987,37.84733],[127.54991,37.84739],[127.54998,37.84752],[127.55003,37.84763],[127.55007,37.84773],[127.55011,37.84782],[127.55013,37.84789],[127.55015,37.84796],[127.55017,37.84803],[127.55018,37.84809],[127.55036,37.84911],[127.55037,37.84915],[127.55037,37.8492],[127.55038,37.84925],[127.55039,37.84932],[127.5504,37.84938],[127.55041,37.84946],[127.55041,37.84951],[127.55042,37.84954],[127.55042,37.84957],[127.55042,37.84963],[127.55043,37.84972],[127.55044,37.84981],[127.55045,37.84988],[127.55046,37.84998],[127.55046,37.85001],[127.55046,37.85006],[127.55047,37.85013],[127.55047,37.8502],[127.55047,37.85026],[127.55047,37.85032],[127.55047,37.85039],[127.55047,37.85046],[127.55047,37.85049],[127.55046,37.85054],[127.55046,37.85061],[127.55045,37.85066],[127.55045,37.85071],[127.55044,37.8508],[127.55043,37.85083],[127.55043,37.8509],[127.55041,37.851],[127.55088,37.85205],[127.55229,37.85309],[127.55232,37.85311],[127.55235,37.85314],[127.5524,37.85316],[127.55329,37.85365],[127.55334,37.85368],[127.55338,37.8537],[127.55344,37.85373],[127.55349,37.85376],[127.55355,37.85379],[127.55362,37.85382],[127.55369,37.85385],[127.55375,37.85387],[127.55384,37.85391],[127.55509,37.85441],[127.55513,37.85443],[127.55519,37.85444],[127.55525,37.85445],[127.55529,37.85445],[127.55532,37.85445],[127.55542,37.85443],[127.55554,37.85441],[127.5578,37.85472],[127.56092,37.85517],[127.56242,37.85548],[127.5657,37.85845],[127.56581,37.85856],[127.5659,37.85868],[127.56595,37.85876],[127.56598,37.85881],[127.566,37.85885],[127.56603,37.85894],[127.56607,37.85907],[127.56611,37.85921],[127.56631,37.86015],[127.56634,37.86068],[127.56633,37.86078],[127.56633,37.86081],[127.56632,37.86089],[127.56632,37.86097],[127.56632,37.86101],[127.56632,37.86112],[127.56634,37.86124],[127.56636,37.86136],[127.56639,37.86144],[127.5664,37.86148],[127.56641,37.86152],[127.56644,37.8616],[127.56649,37.86172],[127.56655,37.86184],[127.56661,37.86195],[127.56769,37.86393],[127.56814,37.8647],[127.56914,37.86632],[127.57097,37.86811],[127.57471,37.87159],[127.57485,37.87171],[127.575,37.87185],[127.57518,37.87199],[127.57536,37.87213],[127.57552,37.87224],[127.57557,37.87228],[127.57577,37.87243],[127.57583,37.87247],[127.57594,37.87254],[127.57599,37.87257],[127.57603,37.8726],[127.57613,37.87266],[127.5762,37.8727],[127.57641,37.87283],[127.57661,37.87294],[127.57667,37.87297],[127.57681,37.87304],[127.57809,37.8737],[127.57813,37.87372],[127.57817,37.87373],[127.57824,37.87377],[127.57834,37.8738],[127.58436,37.87573],[127.58455,37.87579],[127.5846,37.8758],[127.58483,37.87586],[127.58496,37.87588],[127.58506,37.8759],[127.58518,37.87591],[127.58528,37.87592],[127.58549,37.87593],[127.58765,37.87598],[127.58788,37.87598],[127.59455,37.87589],[127.59475,37.87588],[127.59496,37.87587],[127.59509,37.87585],[127.59515,37.87585],[127.59534,37.87582],[127.59542,37.87581],[127.59554,37.87579],[127.59574,37.87575],[127.59595,37.87571],[127.59605,37.87569],[127.59619,37.87567],[127.5964,37.87563],[127.59643,37.87562],[127.5967,37.87557],[127.59674,37.87556],[127.59697,37.87552],[127.59706,37.8755],[127.59724,37.87547],[127.59731,37.87545],[127.59752,37.87541],[127.5978,37.87535],[127.59784,37.87534],[127.59808,37.87529],[127.59825,37.87525],[127.59837,37.87522],[127.59863,37.87516],[127.59874,37.87514],[127.59889,37.8751],[127.59916,37.87503],[127.59943,37.87497],[127.5997,37.87491],[127.59997,37.87484],[127.60025,37.87478],[127.60052,37.87473],[127.60082,37.87467],[127.6011,37.87462],[127.60138,37.87458],[127.60166,37.87455],[127.60175,37.87455],[127.60193,37.87454],[127.60208,37.87454],[127.60219,37.87454],[127.60244,37.87455],[127.60267,37.87458],[127.60289,37.87463],[127.60299,37.87466],[127.6031,37.8747],[127.60329,37.87477],[127.60332,37.87479],[127.60346,37.87485],[127.60359,37.87493],[127.60363,37.87494],[127.60378,37.87504],[127.60392,37.87514],[127.60404,37.87523],[127.60549,37.87634],[127.60562,37.87645],[127.60574,37.87656],[127.60586,37.87669],[127.6059,37.87674],[127.60598,37.87683],[127.60603,37.87692],[127.60608,37.87699],[127.60617,37.87714],[127.60619,37.87718],[127.60625,37.87731],[127.60857,37.88245],[127.60864,37.88264],[127.60869,37.88276],[127.60871,37.88284],[127.60877,37.88305],[127.60881,37.88326],[127.60884,37.88349],[127.60885,37.88361],[127.60886,37.88371],[127.60885,37.88394],[127.60882,37.88417],[127.60799,37.88882],[127.60796,37.88895],[127.60795,37.88903],[127.60794,37.88908],[127.60791,37.88919],[127.60788,37.8893],[127.60785,37.88939],[127.60784,37.88942],[127.60782,37.88946],[127.6076,37.88986],[127.60822,37.89017],[127.61041,37.89407],[127.61137,37.89622],[127.6153,37.90225],[127.61754,37.90611],[127.61772,37.90653],[127.61773,37.90661],[127.61764,37.90909],[127.61755,37.91033],[127.61751,37.9106],[127.61721,37.9124],[127.61719,37.91248],[127.61666,37.91389],[127.61624,37.91498],[127.6162,37.91506],[127.61349,37.9197],[127.6134,37.91975],[127.61229,37.92055],[127.61213,37.92068],[127.61209,37.92074],[127.61207,37.92081],[127.61221,37.9239],[127.61222,37.92401],[127.61249,37.92506],[127.61251,37.92513],[127.61252,37.92516],[127.61259,37.92527],[127.61277,37.92547],[127.61325,37.926],[127.61355,37.92628],[127.6137,37.92639],[127.61383,37.92648],[127.61399,37.92656],[127.6141,37.9266],[127.61422,37.92665],[127.61444,37.92673],[127.61458,37.92679],[127.61492,37.92695],[127.61506,37.92705],[127.61523,37.92717],[127.61534,37.92727],[127.61542,37.92734],[127.61554,37.92746],[127.61559,37.92753],[127.61565,37.92763],[127.61572,37.92776],[127.6166,37.92945],[127.6166,37.9295],[127.6166,37.92954],[127.61658,37.93011],[127.61658,37.9302],[127.61643,37.93141],[127.61515,37.93429],[127.61376,37.93939],[127.61238,37.9407],[127.60946,37.94334],[127.60932,37.94345],[127.60908,37.94362],[127.60904,37.94365],[127.60833,37.94382],[127.60823,37.94384],[127.60801,37.94383],[127.60786,37.94379],[127.60779,37.94378],[127.60705,37.94379],[127.60536,37.94399],[127.60508,37.94404],[127.6049,37.9441],[127.60487,37.94412],[127.60482,37.94416],[127.60474,37.94427],[127.60472,37.9443],[127.60267,37.94771],[127.60273,37.94864],[127.60284,37.94905],[127.60319,37.95044],[127.6033,37.95091],[127.6034,37.95135],[127.60354,37.95281],[127.60354,37.95292],[127.60342,37.95381],[127.60331,37.95423],[127.60299,37.9551],[127.60161,37.95594],[127.6015,37.956],[127.60139,37.95605],[127.60016,37.95649],[127.60009,37.95651],[127.59927,37.95649],[127.59846,37.95645],[127.5984,37.95643],[127.59832,37.95642],[127.59823,37.9564],[127.59817,37.95637],[127.59812,37.95635],[127.59802,37.95634],[127.59784,37.95633],[127.59694,37.95635],[127.59652,37.95637],[127.59631,37.95639],[127.5952,37.95658],[127.59494,37.95662],[127.59484,37.95664],[127.59468,37.95668],[127.59412,37.95688],[127.59397,37.95696],[127.59361,37.95715],[127.58785,37.96126],[127.58522,37.96178],[127.58493,37.96184],[127.57634,37.96348],[127.57322,37.96405],[127.57155,37.96392],[127.56912,37.96372],[127.56468,37.96328],[127.56229,37.96266],[127.56125,37.96278],[127.55974,37.96321],[127.55848,37.96359],[127.55763,37.96385],[127.55651,37.96435],[127.55606,37.96454],[127.55525,37.96501],[127.55482,37.96525],[127.5516,37.9662],[127.55079,37.96621],[127.55068,37.96621],[127.54946,37.96607],[127.5483,37.96613],[127.54519,37.96762],[127.54433,37.96812],[127.54421,37.96909],[127.54461,37.97423],[127.54466,37.97444],[127.54473,37.97479],[127.54497,37.97566],[127.54501,37.97578],[127.54521,37.97607],[127.54546,37.97643],[127.5471,37.97976],[127.54662,37.98065],[127.54609,37.98206],[127.54588,37.98329],[127.54598,37.98416],[127.54607,37.98489],[127.54608,37.98496],[127.5461,37.98517],[127.54566,37.98581],[127.54518,37.98629],[127.54495,37.98652],[127.54416,37.98761],[127.54345,37.98881],[127.54334,37.9898],[127.54335,37.98995],[127.54344,37.99106],[127.54345,37.9919],[127.54267,37.9956],[127.54238,37.99645],[127.54173,37.99772],[127.53974,38.00118],[127.53807,38.00071],[127.53277,38.00097],[127.52752,38.00071],[127.52646,38.00129],[127.52568,38.00171],[127.52351,38.00187],[127.52202,38.00168],[127.52167,38.00163],[127.51897,38.00124],[127.51635,38.00102],[127.51065,38.00072],[127.51003,38.00069],[127.50763,38.00059],[127.50583,38.00052],[127.50141,37.99956],[127.4984,38.0011],[127.4979,38.00222],[127.49727,38.00361],[127.49721,38.00363],[127.49021,38.00517],[127.48612,38.00446],[127.48554,38.00436],[127.47897,38.00615],[127.47635,38.00612],[127.47216,38.00606],[127.47018,38.00789],[127.46925,38.00859],[127.46611,38.01031],[127.46139,38.0129],[127.45799,38.01623],[127.45698,38.01848],[127.45682,38.01886],[127.45547,38.02503],[127.45561,38.02551],[127.45609,38.0266],[127.45614,38.02681],[127.45627,38.02726],[127.45524,38.02946],[127.45431,38.03009],[127.45417,38.03018],[127.45403,38.03027],[127.45361,38.03073],[127.45346,38.03089],[127.45228,38.03366],[127.4519,38.03468],[127.45129,38.03637],[127.45126,38.03647],[127.45095,38.03761],[127.45067,38.03898],[127.45091,38.03974],[127.45146,38.04024],[127.45237,38.04336],[127.45243,38.04446],[127.45244,38.0446],[127.45245,38.0468],[127.45227,38.0473],[127.45222,38.04744],[127.44912,38.04983],[127.44785,38.05034],[127.44566,38.05098],[127.44514,38.05058],[127.44439,38.05],[127.4422,38.04615],[127.44168,38.04509],[127.44171,38.04505],[127.44181,38.04493],[127.44177,38.04478],[127.43749,38.0403],[127.43504,38.03799],[127.43355,38.03673],[127.43121,38.03517],[127.43044,38.03478],[127.43019,38.03465],[127.42776,38.03401],[127.42491,38.0334],[127.42473,38.03303],[127.42429,38.03094],[127.42623,38.02958],[127.42719,38.02749],[127.42655,38.02566],[127.42466,38.02223],[127.42349,38.02015],[127.4225,38.01957],[127.42154,38.01902],[127.42001,38.01742],[127.41913,38.01606],[127.41828,38.01475],[127.41827,38.01468],[127.4168,38.01062],[127.41481,38.00692],[127.41452,38.00525],[127.41454,38.005],[127.41463,38.00469],[127.41469,38.00447],[127.4148,38.00408],[127.41479,38.00327],[127.41479,38.00175],[127.41302,37.9978],[127.41274,37.99759],[127.41139,37.99687],[127.41086,37.99673],[127.41063,37.99669],[127.41017,37.9966],[127.40956,37.99644],[127.40907,37.9963],[127.40748,37.99357],[127.4065,37.99163],[127.40529,37.99054],[127.40525,37.99054],[127.40513,37.99054],[127.40386,37.99061],[127.39945,37.98941],[127.39942,37.9894],[127.39431,37.98592],[127.3898,37.98268],[127.38666,37.98323],[127.38504,37.98241],[127.38395,37.98111],[127.38394,37.98006],[127.38395,37.97995],[127.38412,37.97793],[127.38539,37.97615],[127.38489,37.97587],[127.38245,37.97422],[127.38184,37.97227],[127.38263,37.96973],[127.38264,37.9697],[127.38177,37.96862],[127.38009,37.96663],[127.37968,37.96634],[127.3779,37.96534],[127.37697,37.96342],[127.37614,37.96153],[127.37626,37.96119],[127.3763,37.96108],[127.37744,37.9594],[127.37871,37.95892],[127.37917,37.95892],[127.3795,37.95825],[127.37973,37.95778],[127.37951,37.95647],[127.37771,37.95426],[127.37697,37.95359],[127.37683,37.95293],[127.37875,37.95112],[127.38029,37.95073],[127.38135,37.95077],[127.38169,37.95066],[127.38235,37.95045],[127.38313,37.94958],[127.38491,37.94709],[127.38471,37.94667],[127.38444,37.94571],[127.384,37.94413],[127.38416,37.94381],[127.3842,37.94372],[127.38428,37.94354],[127.38353,37.94319],[127.38282,37.94276],[127.38219,37.94191],[127.38192,37.94131],[127.38169,37.94081],[127.38119,37.94026],[127.38043,37.93959],[127.37981,37.93913],[127.37954,37.93911],[127.37928,37.93908],[127.37754,37.93877],[127.37615,37.93775],[127.37455,37.93653],[127.37195,37.93386],[127.37053,37.93159],[127.36989,37.93062],[127.36909,37.93009],[127.3681,37.92967],[127.36717,37.92936],[127.3661,37.92883],[127.3643,37.92595],[127.3581,37.92269],[127.35721,37.92222],[127.3569,37.92206],[127.35663,37.92196],[127.35583,37.92165],[127.35463,37.92165],[127.35134,37.92197],[127.35061,37.92222],[127.35031,37.92233],[127.34918,37.92376],[127.34859,37.92482],[127.3485,37.92505],[127.34793,37.9256],[127.34744,37.92607],[127.34575,37.92703],[127.34518,37.92721],[127.34393,37.92679],[127.34361,37.92654],[127.34313,37.92615],[127.33996,37.92426],[127.3384,37.92384],[127.33729,37.92377],[127.33644,37.92416],[127.3361,37.92447],[127.33462,37.92547],[127.33303,37.9265],[127.33147,37.92619],[127.33127,37.92607],[127.33098,37.92591],[127.33066,37.9245],[127.33056,37.92411],[127.33043,37.92362],[127.32923,37.92228],[127.32899,37.92203],[127.32947,37.92025],[127.32979,37.91948],[127.3304,37.91837],[127.33088,37.91757],[127.33089,37.91718],[127.33077,37.91675],[127.33062,37.91652],[127.33047,37.91627],[127.3303,37.91606],[127.32974,37.91538],[127.32968,37.91531],[127.32964,37.91525],[127.32886,37.91404],[127.32786,37.91241],[127.32786,37.91224],[127.3279,37.91215],[127.32937,37.9106],[127.32977,37.9104],[127.32996,37.91034],[127.3301,37.91029],[127.33039,37.91004],[127.33048,37.90974],[127.33056,37.90905],[127.33052,37.90808],[127.33046,37.90782],[127.33032,37.90763],[127.33026,37.9076],[127.33005,37.90748],[127.32967,37.90736],[127.32934,37.90725],[127.32922,37.9072],[127.3291,37.90715],[127.32789,37.90446],[127.32747,37.90335],[127.32745,37.90321],[127.32739,37.90284],[127.32737,37.9025],[127.32819,37.89689],[127.3289,37.89504],[127.32913,37.89431],[127.32899,37.89408],[127.32861,37.89348],[127.3284,37.89321],[127.32732,37.89192],[127.32686,37.89152],[127.32669,37.89138],[127.32626,37.8911],[127.3258,37.89079],[127.32475,37.88945],[127.3237,37.88785],[127.32364,37.88746],[127.32308,37.88075],[127.32391,37.87616],[127.32375,37.87374],[127.32372,37.87363],[127.3236,37.87339],[127.32356,37.87333],[127.32346,37.87317],[127.32316,37.8727],[127.32236,37.87148],[127.32229,37.87143],[127.32221,37.87142],[127.32124,37.8714],[127.3206,37.87139],[127.31755,37.86929],[127.31429,37.86782],[127.31395,37.86788],[127.31372,37.8679],[127.31359,37.86788],[127.31353,37.86788],[127.31349,37.86786],[127.31341,37.86782],[127.31329,37.8677],[127.31259,37.86698],[127.31253,37.86691],[127.3121,37.86612],[127.31204,37.86612],[127.312,37.86612],[127.31188,37.86612],[127.31178,37.86613],[127.3117,37.86614],[127.31032,37.8664],[127.31025,37.86642],[127.3102,37.86644],[127.31011,37.86648],[127.31007,37.86651],[127.31,37.86657],[127.30981,37.86672],[127.30973,37.86679],[127.30969,37.86682],[127.3096,37.8669],[127.30943,37.86707],[127.30932,37.8672],[127.30927,37.86738],[127.30916,37.86767],[127.30912,37.86774],[127.30902,37.86785],[127.30884,37.86794],[127.30867,37.86802],[127.30857,37.86806],[127.3057,37.86879],[127.30547,37.86884],[127.30533,37.86885],[127.30517,37.86885],[127.30495,37.86884],[127.30476,37.8688],[127.30467,37.86877],[127.30457,37.86874],[127.30432,37.86865],[127.30394,37.86852],[127.30331,37.86841],[127.30295,37.86835],[127.30227,37.86825],[127.30193,37.86821],[127.30085,37.86811],[127.30064,37.8681],[127.30038,37.86811],[127.2998,37.86814],[127.29875,37.86824],[127.29829,37.8683],[127.29617,37.86887],[127.29574,37.86962],[127.29317,37.87342],[127.29154,37.87414],[127.28861,37.87022],[127.28728,37.86833],[127.28595,37.86572],[127.28588,37.86558],[127.28584,37.86543],[127.28576,37.86501],[127.28576,37.86496],[127.2858,37.86468],[127.28584,37.8639],[127.28521,37.86101],[127.28515,37.86085],[127.28491,37.86031],[127.28478,37.86014],[127.28466,37.85998],[127.28168,37.85655],[127.28036,37.85543],[127.28033,37.85528],[127.28028,37.85464],[127.28026,37.85405],[127.28029,37.85396],[127.28034,37.85389],[127.28075,37.85349],[127.28354,37.85074],[127.2855,37.84916],[127.28562,37.84912],[127.28579,37.84899],[127.28586,37.84892],[127.2863,37.84831],[127.28632,37.84828],[127.28628,37.84822],[127.28572,37.84755],[127.28493,37.84683],[127.28402,37.84603],[127.28397,37.84599],[127.28393,37.84596],[127.28389,37.84594],[127.28367,37.84584],[127.28347,37.84576],[127.28238,37.84532],[127.28147,37.84457],[127.28135,37.84447],[127.28122,37.84436],[127.28103,37.84419],[127.27903,37.84234],[127.27893,37.84201],[127.27889,37.84185],[127.27888,37.84182],[127.27886,37.8417],[127.27886,37.84134],[127.27857,37.83941],[127.27747,37.83786],[127.2763,37.83591],[127.27415,37.83062],[127.27413,37.83052],[127.27409,37.82669],[127.2741,37.82659],[127.27413,37.82647],[127.27418,37.82636],[127.27506,37.82504],[127.27513,37.82497],[127.27524,37.82489],[127.27539,37.8248],[127.27552,37.82476],[127.27559,37.82475],[127.27564,37.82474],[127.27583,37.8247],[127.27702,37.82192],[127.279,37.81727],[127.27923,37.81661],[127.27926,37.81645],[127.27926,37.81639],[127.27855,37.81319],[127.27778,37.80995],[127.2774,37.80882],[127.27785,37.80637],[127.27808,37.80629],[127.2783,37.8062],[127.2784,37.80611],[127.27845,37.80606],[127.27875,37.80546],[127.27852,37.80506],[127.27808,37.80448],[127.27774,37.80403],[127.27753,37.80379],[127.27727,37.80358],[127.27553,37.80117],[127.27187,37.79613],[127.2718,37.79603],[127.27083,37.79459],[127.27051,37.79386],[127.27052,37.79378],[127.27096,37.79234],[127.27121,37.79155],[127.27126,37.79144],[127.27132,37.79135],[127.27216,37.79039],[127.2719,37.78865],[127.271,37.78636],[127.27097,37.78629],[127.27093,37.78622],[127.2704,37.78591],[127.27034,37.78588],[127.27018,37.78581],[127.26998,37.78572],[127.26966,37.7856],[127.26954,37.78555],[127.26934,37.7855],[127.26891,37.7854],[127.2687,37.78535],[127.2686,37.78532],[127.26853,37.78528],[127.26848,37.78523],[127.26841,37.78516],[127.26813,37.78468],[127.26807,37.78456],[127.26735,37.78296],[127.26708,37.78217],[127.26698,37.78186],[127.26652,37.78045]]]}},{"type":"Feature","properties":{"id":"41-41830","name":"양평군","sido":"경기도","code":"41830","center":[37.5182,127.57867]},"geometry":{"type":"Polygon","coordinates":[[[127.30477,37.52499],[127.30562,37.52077],[127.30578,37.52018],[127.30599,37.51947],[127.30674,37.51738],[127.3071,37.51638],[127.31116,37.52131],[127.31205,37.52249],[127.31263,37.52327],[127.3151,37.5266],[127.31606,37.5278],[127.31618,37.52794],[127.31633,37.52813],[127.31728,37.52913],[127.31736,37.52921],[127.31745,37.52929],[127.3185,37.53015],[127.31947,37.53091],[127.31978,37.53114],[127.32103,37.53198],[127.32287,37.53309],[127.32328,37.53331],[127.32375,37.53351],[127.32426,37.53371],[127.32482,37.53385],[127.32596,37.53414],[127.32654,37.53423],[127.32716,37.53432],[127.32763,37.53439],[127.32933,37.53458],[127.33133,37.53468],[127.34455,37.53551],[127.34773,37.53574],[127.34787,37.53575],[127.34813,37.53572],[127.34906,37.53561],[127.35065,37.5354],[127.35233,37.53506],[127.35381,37.53465],[127.35555,37.53415],[127.35706,37.53361],[127.35757,37.53339],[127.35865,37.53294],[127.35996,37.53232],[127.36141,37.5316],[127.36146,37.53158],[127.36278,37.53083],[127.36393,37.53013],[127.36419,37.52997],[127.36549,37.52888],[127.36592,37.52838],[127.36636,37.5278],[127.36764,37.52593],[127.3683,37.52496],[127.36835,37.52488],[127.37014,37.52223],[127.37109,37.52081],[127.37156,37.52012],[127.37257,37.51841],[127.37414,37.51557],[127.37419,37.51548],[127.37524,37.51357],[127.37568,37.51277],[127.37625,37.51179],[127.3771,37.51036],[127.37896,37.50722],[127.37962,37.5061],[127.38013,37.50524],[127.38066,37.50438],[127.38073,37.50428],[127.38336,37.50281],[127.38346,37.50272],[127.38356,37.50262],[127.3836,37.50253],[127.38359,37.50242],[127.38336,37.50179],[127.38328,37.50155],[127.3825,37.49894],[127.38088,37.49208],[127.38046,37.4902],[127.38046,37.49016],[127.38046,37.49001],[127.38048,37.48994],[127.38054,37.48964],[127.38059,37.48941],[127.38069,37.48918],[127.38084,37.48885],[127.38344,37.48476],[127.38536,37.48195],[127.38557,37.48178],[127.38833,37.47694],[127.3885,37.47664],[127.38863,37.47633],[127.38871,37.47605],[127.38881,37.47563],[127.38881,37.47553],[127.38881,37.47546],[127.38872,37.47451],[127.38869,37.47432],[127.38836,37.47357],[127.38815,37.47315],[127.38803,37.47298],[127.38755,37.47238],[127.38666,37.4704],[127.38653,37.46992],[127.38653,37.4696],[127.38672,37.46865],[127.38698,37.46736],[127.38617,37.46373],[127.38533,37.46007],[127.38531,37.46],[127.38521,37.4599],[127.38509,37.45981],[127.38326,37.45882],[127.38239,37.45852],[127.3821,37.45843],[127.38184,37.45838],[127.38172,37.45837],[127.38151,37.45836],[127.38128,37.45836],[127.38109,37.45837],[127.37974,37.45848],[127.379,37.45861],[127.37877,37.4587],[127.37857,37.45873],[127.37799,37.45878],[127.37467,37.4584],[127.37459,37.4584],[127.37449,37.45838],[127.36799,37.45695],[127.36774,37.45648],[127.36772,37.45644],[127.36771,37.45641],[127.3677,37.45638],[127.3677,37.45634],[127.36771,37.45629],[127.36773,37.45624],[127.3707,37.45349],[127.37214,37.45199],[127.37228,37.45155],[127.37264,37.4491],[127.37264,37.44731],[127.37246,37.44639],[127.37244,37.44634],[127.3724,37.44624],[127.37228,37.44595],[127.37226,37.44584],[127.3723,37.44549],[127.37234,37.44522],[127.37235,37.44516],[127.37238,37.44501],[127.37241,37.4449],[127.37245,37.44484],[127.37247,37.44481],[127.3725,37.44478],[127.37255,37.44476],[127.37259,37.44475],[127.37885,37.44362],[127.37929,37.44369],[127.37942,37.44369],[127.37974,37.4437],[127.38116,37.4436],[127.3813,37.44359],[127.38145,37.44354],[127.38188,37.44338],[127.38216,37.44324],[127.38227,37.44316],[127.38231,37.44313],[127.38245,37.443],[127.38257,37.44286],[127.38261,37.44277],[127.38387,37.43902],[127.38437,37.43746],[127.38439,37.43736],[127.38435,37.43719],[127.38403,37.43641],[127.38399,37.4356],[127.38399,37.43554],[127.384,37.43531],[127.38401,37.4352],[127.38402,37.43515],[127.38408,37.43501],[127.38448,37.43446],[127.38618,37.43287],[127.38929,37.42882],[127.39488,37.42611],[127.39885,37.42237],[127.40063,37.42138],[127.4007,37.42137],[127.40113,37.42141],[127.40158,37.42169],[127.40192,37.42218],[127.40202,37.4224],[127.40219,37.42276],[127.40219,37.4232],[127.40219,37.42329],[127.40219,37.42357],[127.40259,37.42453],[127.4043,37.42663],[127.40557,37.42817],[127.40738,37.43009],[127.40856,37.43083],[127.40977,37.43131],[127.40987,37.43133],[127.41082,37.43155],[127.4117,37.43169],[127.41242,37.43166],[127.41304,37.43164],[127.41462,37.43217],[127.41808,37.43538],[127.41957,37.43701],[127.42024,37.43765],[127.42266,37.43941],[127.42287,37.43951],[127.42324,37.43935],[127.42426,37.43887],[127.42645,37.43774],[127.42748,37.43703],[127.42761,37.43698],[127.42862,37.43666],[127.42889,37.43663],[127.429,37.43661],[127.4292,37.43663],[127.42956,37.43676],[127.42974,37.43683],[127.43007,37.43688],[127.43047,37.43689],[127.43069,37.43685],[127.43162,37.4366],[127.43204,37.43647],[127.43244,37.43634],[127.43264,37.43627],[127.43269,37.43625],[127.43289,37.43617],[127.43311,37.43604],[127.43422,37.43527],[127.43876,37.43433],[127.4417,37.43427],[127.44222,37.43419],[127.4426,37.43408],[127.44562,37.43302],[127.4499,37.43132],[127.45108,37.43067],[127.45416,37.42903],[127.45427,37.42898],[127.45431,37.42895],[127.45548,37.42855],[127.46011,37.42726],[127.46289,37.42673],[127.46371,37.4266],[127.46409,37.42673],[127.46418,37.42676],[127.46447,37.42683],[127.4652,37.42685],[127.46816,37.4262],[127.47093,37.42537],[127.47171,37.42497],[127.47258,37.42372],[127.47304,37.42299],[127.473,37.42282],[127.47287,37.42278],[127.4723,37.42261],[127.47307,37.42247],[127.47431,37.42233],[127.47924,37.42351],[127.47965,37.42366],[127.47991,37.42396],[127.48084,37.4252],[127.48093,37.42535],[127.48144,37.42639],[127.48158,37.4267],[127.48169,37.4271],[127.4816,37.42755],[127.48173,37.42781],[127.48233,37.42881],[127.48243,37.42897],[127.48474,37.43183],[127.48523,37.43223],[127.48645,37.43284],[127.48836,37.43365],[127.48854,37.43368],[127.48919,37.43381],[127.48975,37.43377],[127.49069,37.43365],[127.49104,37.43359],[127.49137,37.4333],[127.49177,37.43317],[127.49374,37.43281],[127.49425,37.43276],[127.49445,37.43274],[127.49628,37.43277],[127.4971,37.43289],[127.49811,37.43313],[127.49821,37.43318],[127.49838,37.43326],[127.50393,37.43692],[127.50555,37.43812],[127.50801,37.43981],[127.50981,37.43896],[127.51019,37.43879],[127.51037,37.43871],[127.51049,37.43869],[127.51207,37.43834],[127.51482,37.43801],[127.51536,37.43789],[127.51643,37.43765],[127.51873,37.43674],[127.51907,37.43661],[127.52102,37.43576],[127.52286,37.43474],[127.5239,37.43385],[127.52438,37.43344],[127.52498,37.43293],[127.52674,37.43119],[127.52773,37.43006],[127.52789,37.42987],[127.52815,37.42952],[127.52882,37.42863],[127.52952,37.42751],[127.52958,37.42741],[127.5305,37.42592],[127.53152,37.42427],[127.53444,37.41932],[127.5354,37.4171],[127.5356,37.41636],[127.53572,37.4159],[127.53577,37.41569],[127.53633,37.41344],[127.53672,37.41213],[127.53696,37.41131],[127.53853,37.41159],[127.53933,37.41173],[127.53955,37.41174],[127.5397,37.41174],[127.54017,37.41166],[127.54067,37.41153],[127.54241,37.41103],[127.54395,37.41002],[127.54662,37.40988],[127.54737,37.40987],[127.54748,37.40988],[127.5481,37.40997],[127.54917,37.41025],[127.5497,37.41051],[127.55022,37.41089],[127.55075,37.4114],[127.55103,37.41185],[127.55122,37.41228],[127.55123,37.41239],[127.5511,37.41267],[127.55107,37.41274],[127.55117,37.41367],[127.55145,37.41413],[127.55416,37.41728],[127.55491,37.41747],[127.55613,37.41776],[127.55656,37.41776],[127.55714,37.41777],[127.55854,37.41769],[127.56004,37.41753],[127.5625,37.41625],[127.56272,37.41602],[127.56362,37.41504],[127.56629,37.41382],[127.57116,37.41291],[127.57175,37.41164],[127.57679,37.41434],[127.57963,37.41593],[127.58186,37.41687],[127.58193,37.41688],[127.58302,37.41697],[127.5832,37.41696],[127.58377,37.41609],[127.58392,37.41512],[127.58396,37.41488],[127.58419,37.41424],[127.58446,37.41399],[127.58544,37.4141],[127.58556,37.41412],[127.58649,37.41463],[127.58811,37.41656],[127.5884,37.41701],[127.58851,37.41732],[127.58829,37.41861],[127.58768,37.41959],[127.58748,37.41985],[127.59035,37.42212],[127.59042,37.42225],[127.59056,37.42279],[127.59123,37.42196],[127.59271,37.42058],[127.59354,37.4198],[127.59413,37.42037],[127.59429,37.42067],[127.59567,37.42071],[127.59622,37.42073],[127.60012,37.42063],[127.60898,37.41725],[127.60915,37.41673],[127.61114,37.41552],[127.61446,37.41475],[127.61694,37.41485],[127.61823,37.41316],[127.61908,37.4114],[127.61907,37.41133],[127.61906,37.41128],[127.61905,37.41114],[127.61906,37.41107],[127.61906,37.41103],[127.61918,37.41068],[127.6202,37.40909],[127.62026,37.40901],[127.62116,37.40915],[127.62129,37.4092],[127.62141,37.40925],[127.62185,37.40944],[127.62199,37.40951],[127.6223,37.40968],[127.62307,37.41024],[127.62356,37.41062],[127.62365,37.4107],[127.62369,37.41074],[127.62375,37.41081],[127.62377,37.41085],[127.6238,37.41091],[127.62392,37.41121],[127.624,37.41137],[127.62407,37.41148],[127.62423,37.41164],[127.62426,37.41166],[127.62435,37.41173],[127.62621,37.41309],[127.62639,37.41321],[127.6265,37.41327],[127.62657,37.41331],[127.62661,37.41332],[127.62705,37.4134],[127.63223,37.4136],[127.63382,37.41362],[127.63405,37.41361],[127.63488,37.41355],[127.63509,37.41353],[127.63527,37.41351],[127.63538,37.41347],[127.64144,37.40857],[127.64224,37.40761],[127.6422,37.40752],[127.64219,37.40741],[127.64218,37.40727],[127.64219,37.40685],[127.64222,37.40673],[127.64226,37.40664],[127.64238,37.40649],[127.64245,37.40642],[127.64272,37.40619],[127.64293,37.40602],[127.64309,37.40593],[127.6449,37.405],[127.64508,37.40492],[127.64513,37.4049],[127.6452,37.40487],[127.6454,37.40478],[127.6455,37.40475],[127.64567,37.40471],[127.64595,37.40464],[127.64602,37.40462],[127.64624,37.40461],[127.64635,37.40462],[127.64655,37.40467],[127.64684,37.40478],[127.64702,37.40486],[127.64729,37.405],[127.65207,37.40759],[127.65213,37.40764],[127.65216,37.40768],[127.65219,37.40771],[127.65303,37.40902],[127.65307,37.40911],[127.65308,37.4092],[127.65308,37.40928],[127.65306,37.40935],[127.65296,37.40965],[127.65289,37.40979],[127.65283,37.4099],[127.65279,37.41003],[127.65275,37.41014],[127.65275,37.41023],[127.65276,37.41028],[127.65276,37.41031],[127.6528,37.4104],[127.65376,37.41212],[127.65413,37.41269],[127.65752,37.41651],[127.65842,37.41747],[127.65847,37.41749],[127.65854,37.41747],[127.66018,37.41575],[127.66065,37.41573],[127.66096,37.41571],[127.66116,37.41569],[127.6614,37.41566],[127.66167,37.4156],[127.66207,37.41552],[127.66216,37.4155],[127.66238,37.41543],[127.66523,37.41434],[127.66664,37.41312],[127.66727,37.41245],[127.66844,37.41189],[127.67122,37.41231],[127.67628,37.4128],[127.68445,37.41266],[127.68477,37.41264],[127.68515,37.41256],[127.68569,37.4124],[127.68609,37.41227],[127.68619,37.41223],[127.68631,37.41218],[127.68659,37.41206],[127.68673,37.41199],[127.68683,37.41192],[127.6869,37.41187],[127.68695,37.41183],[127.68729,37.41156],[127.68742,37.41134],[127.68747,37.41123],[127.68723,37.41058],[127.68666,37.40589],[127.68616,37.40166],[127.68614,37.40068],[127.68625,37.39952],[127.68639,37.39944],[127.68682,37.39947],[127.687,37.39953],[127.69151,37.40161],[127.69491,37.40341],[127.69495,37.40343],[127.69501,37.40348],[127.69627,37.40444],[127.6963,37.40446],[127.69651,37.40464],[127.69663,37.40474],[127.69749,37.40562],[127.69759,37.40577],[127.69766,37.40592],[127.69769,37.40606],[127.69771,37.40615],[127.69775,37.40623],[127.69778,37.40627],[127.69779,37.4063],[127.69783,37.40633],[127.69787,37.40637],[127.698,37.40652],[127.69815,37.40669],[127.69817,37.40671],[127.69829,37.40686],[127.69837,37.40697],[127.69845,37.40713],[127.69857,37.40729],[127.69861,37.40734],[127.6987,37.40741],[127.69874,37.40742],[127.69881,37.40745],[127.69888,37.40747],[127.69901,37.4075],[127.69933,37.40751],[127.6996,37.4075],[127.69977,37.40749],[127.69995,37.40746],[127.70008,37.40744],[127.70228,37.40808],[127.70329,37.40857],[127.70332,37.40862],[127.70338,37.40869],[127.70344,37.40872],[127.70541,37.40993],[127.70548,37.40996],[127.70708,37.41057],[127.70717,37.41059],[127.70731,37.41061],[127.70779,37.41067],[127.70955,37.40813],[127.71037,37.40662],[127.7104,37.40658],[127.71052,37.40652],[127.71075,37.40645],[127.71089,37.40642],[127.71099,37.40639],[127.71161,37.40629],[127.71228,37.40618],[127.71236,37.40616],[127.71248,37.40611],[127.71354,37.40544],[127.71359,37.4054],[127.71366,37.40531],[127.71369,37.40527],[127.7157,37.40164],[127.71436,37.39849],[127.70768,37.39426],[127.7046,37.39255],[127.70401,37.39081],[127.70391,37.39037],[127.70383,37.39002],[127.70336,37.38803],[127.70336,37.38788],[127.70371,37.38588],[127.706,37.3832],[127.70523,37.38273],[127.70439,37.38222],[127.70334,37.38104],[127.70294,37.38059],[127.70146,37.37615],[127.70131,37.37388],[127.70269,37.37285],[127.70729,37.37015],[127.70742,37.37009],[127.70748,37.37009],[127.70753,37.37008],[127.7077,37.37008],[127.70797,37.37011],[127.70807,37.37016],[127.70876,37.37072],[127.70892,37.37097],[127.71102,37.37173],[127.71287,37.37113],[127.71413,37.37073],[127.71647,37.36998],[127.71713,37.37038],[127.71749,37.37062],[127.71778,37.37083],[127.71802,37.37099],[127.71811,37.37103],[127.71828,37.37108],[127.71921,37.3712],[127.71935,37.37119],[127.71954,37.37115],[127.71982,37.37108],[127.72056,37.37141],[127.72293,37.37158],[127.723,37.37156],[127.72344,37.37139],[127.72347,37.37138],[127.7235,37.37136],[127.72352,37.37131],[127.72357,37.37127],[127.72364,37.37123],[127.72377,37.3712],[127.72391,37.37119],[127.72401,37.37121],[127.72446,37.37134],[127.72451,37.37136],[127.72553,37.37186],[127.72568,37.37196],[127.72585,37.37208],[127.72754,37.37344],[127.72762,37.37353],[127.72821,37.37434],[127.72824,37.37447],[127.72828,37.37465],[127.72828,37.37479],[127.73205,37.37567],[127.73867,37.3714],[127.73973,37.37095],[127.74578,37.3689],[127.7492,37.36888],[127.75241,37.36923],[127.75361,37.36843],[127.75447,37.36806],[127.75948,37.36704],[127.76031,37.36803],[127.7617,37.36916],[127.76188,37.36926],[127.76231,37.36952],[127.76294,37.3698],[127.76316,37.3699],[127.76411,37.36994],[127.76684,37.36979],[127.76857,37.36941],[127.76865,37.36939],[127.76989,37.36948],[127.77335,37.37015],[127.7778,37.3712],[127.77782,37.37309],[127.77738,37.37566],[127.77717,37.37672],[127.77632,37.37768],[127.77585,37.37842],[127.77583,37.37981],[127.77659,37.38324],[127.77691,37.38365],[127.77749,37.38438],[127.77851,37.38529],[127.77877,37.38551],[127.78037,37.38683],[127.78095,37.38679],[127.78314,37.39027],[127.78262,37.39156],[127.78238,37.39208],[127.7832,37.39371],[127.78421,37.3949],[127.78423,37.39498],[127.78442,37.39577],[127.78434,37.3961],[127.78405,37.39721],[127.78369,37.39861],[127.78379,37.39864],[127.7855,37.39934],[127.78744,37.4006],[127.78787,37.40133],[127.78782,37.40167],[127.78766,37.40279],[127.7879,37.40541],[127.78847,37.40615],[127.78858,37.40629],[127.78942,37.40691],[127.79011,37.41],[127.79098,37.41249],[127.7918,37.41385],[127.79221,37.4161],[127.79248,37.41824],[127.79374,37.42213],[127.79375,37.42216],[127.79404,37.42288],[127.79461,37.42425],[127.79462,37.42428],[127.79465,37.42431],[127.79471,37.42437],[127.79474,37.4244],[127.79477,37.42443],[127.79745,37.42662],[127.79749,37.42664],[127.79753,37.42666],[127.79771,37.42674],[127.79784,37.42679],[127.79874,37.42712],[127.79881,37.42714],[127.79889,37.42715],[127.79893,37.42715],[127.79996,37.42717],[127.8004,37.42714],[127.80049,37.4271],[127.80132,37.42707],[127.80138,37.42707],[127.80146,37.42708],[127.80176,37.42713],[127.80184,37.42715],[127.80196,37.42718],[127.802,37.4272],[127.80203,37.42722],[127.80212,37.42729],[127.80386,37.42888],[127.80391,37.42893],[127.80394,37.42897],[127.80395,37.42901],[127.80396,37.42904],[127.80396,37.42908],[127.80396,37.42912],[127.80314,37.43407],[127.80313,37.43411],[127.8031,37.43418],[127.80309,37.43423],[127.80305,37.43432],[127.80302,37.43437],[127.80299,37.43439],[127.8018,37.43533],[127.8014,37.43627],[127.79862,37.44238],[127.79891,37.44474],[127.79893,37.44484],[127.79895,37.44489],[127.79905,37.44503],[127.79918,37.44518],[127.79921,37.44521],[127.79932,37.44534],[127.79935,37.44539],[127.79945,37.44556],[127.7995,37.44567],[127.79952,37.44572],[127.79953,37.44575],[127.79954,37.44579],[127.79958,37.44613],[127.79959,37.4462],[127.79971,37.44928],[127.79971,37.44935],[127.79955,37.45168],[127.79906,37.4529],[127.79828,37.4547],[127.7975,37.45635],[127.79656,37.45979],[127.7963,37.46282],[127.79635,37.46361],[127.79767,37.46504],[127.79771,37.46507],[127.79777,37.46509],[127.79783,37.46511],[127.79789,37.46511],[127.79797,37.46512],[127.79815,37.46517],[127.79832,37.46521],[127.7985,37.46527],[127.79891,37.46545],[127.79894,37.46547],[127.799,37.4655],[127.79906,37.46554],[127.79909,37.46558],[127.79914,37.46564],[127.79931,37.46594],[127.80049,37.46801],[127.80052,37.46805],[127.80055,37.46811],[127.80056,37.46816],[127.80058,37.46822],[127.80058,37.46828],[127.80059,37.46833],[127.80069,37.46978],[127.8007,37.46981],[127.80069,37.46998],[127.80068,37.47002],[127.80066,37.47007],[127.80063,37.47014],[127.79968,37.47219],[127.79966,37.47222],[127.7996,37.47227],[127.79955,37.47231],[127.79948,37.47234],[127.79942,37.47236],[127.79936,37.47238],[127.7993,37.47239],[127.79912,37.4724],[127.79862,37.47241],[127.79655,37.47251],[127.79645,37.47252],[127.79499,37.47271],[127.79491,37.47272],[127.78984,37.475],[127.78796,37.47596],[127.78793,37.47598],[127.78784,37.47605],[127.78205,37.48165],[127.78139,37.48413],[127.78125,37.48644],[127.78097,37.4872],[127.7806,37.48818],[127.77886,37.48801],[127.77801,37.48793],[127.77627,37.48843],[127.77505,37.48984],[127.77484,37.49051],[127.77465,37.49111],[127.77456,37.49138],[127.77448,37.49165],[127.76588,37.49305],[127.76575,37.49306],[127.76541,37.49309],[127.76533,37.49309],[127.76523,37.49308],[127.76434,37.49251],[127.76033,37.49234],[127.75974,37.49295],[127.75931,37.49587],[127.75925,37.49629],[127.75923,37.49656],[127.75923,37.49661],[127.75923,37.49664],[127.75923,37.49675],[127.75925,37.49683],[127.75958,37.49832],[127.75959,37.49836],[127.75961,37.49838],[127.75963,37.49841],[127.75966,37.49845],[127.75971,37.49849],[127.75991,37.49865],[127.76007,37.49973],[127.76004,37.50251],[127.76004,37.50262],[127.76003,37.50271],[127.75989,37.50323],[127.75936,37.50366],[127.76486,37.50272],[127.77394,37.50609],[127.77858,37.50959],[127.77888,37.51011],[127.77947,37.51117],[127.77969,37.51156],[127.78114,37.513],[127.78155,37.51306],[127.78184,37.5131],[127.7822,37.51294],[127.78375,37.51229],[127.78386,37.51224],[127.78399,37.51219],[127.78608,37.51387],[127.78685,37.51465],[127.78771,37.51579],[127.78785,37.51606],[127.78825,37.51685],[127.78849,37.51733],[127.78885,37.51771],[127.78993,37.51883],[127.79014,37.51906],[127.79337,37.52115],[127.79657,37.52344],[127.79662,37.52348],[127.79675,37.52357],[127.79686,37.52382],[127.79688,37.52398],[127.79674,37.52422],[127.79658,37.52447],[127.7965,37.52457],[127.79648,37.5246],[127.79629,37.5249],[127.79626,37.52506],[127.79624,37.52535],[127.79621,37.52664],[127.79653,37.52851],[127.79782,37.52876],[127.79854,37.5289],[127.80067,37.52931],[127.80201,37.5296],[127.80269,37.52974],[127.80507,37.53024],[127.80652,37.53134],[127.80642,37.53411],[127.80639,37.53486],[127.80639,37.53489],[127.80639,37.53493],[127.80639,37.53496],[127.80638,37.53501],[127.8095,37.53674],[127.81123,37.5371],[127.81278,37.53723],[127.81326,37.53714],[127.81399,37.53701],[127.81478,37.53667],[127.8151,37.53653],[127.81961,37.53729],[127.82045,37.53746],[127.82193,37.53802],[127.82493,37.53776],[127.82594,37.53735],[127.82686,37.53697],[127.82816,37.53643],[127.82862,37.53639],[127.82878,37.53647],[127.83043,37.53739],[127.83068,37.53752],[127.83108,37.53775],[127.83238,37.53827],[127.83321,37.5384],[127.83375,37.53849],[127.8346,37.53852],[127.83805,37.53866],[127.8424,37.53902],[127.84273,37.53933],[127.84293,37.53951],[127.84644,37.5436],[127.84663,37.54394],[127.84668,37.54402],[127.84671,37.5441],[127.84684,37.54441],[127.84684,37.54469],[127.84678,37.54489],[127.84665,37.54503],[127.84656,37.54514],[127.84613,37.54569],[127.84612,37.54591],[127.84612,37.54601],[127.84612,37.54604],[127.84629,37.54755],[127.84635,37.54779],[127.84646,37.54796],[127.84683,37.54825],[127.84695,37.54833],[127.84724,37.54851],[127.84742,37.5486],[127.8475,37.54865],[127.84787,37.54878],[127.84844,37.54907],[127.84849,37.54911],[127.84877,37.54931],[127.8491,37.54959],[127.84914,37.54966],[127.8492,37.54979],[127.84939,37.5503],[127.8494,37.55034],[127.84947,37.55071],[127.84944,37.55318],[127.84945,37.55321],[127.84906,37.55353],[127.84822,37.55372],[127.8464,37.55413],[127.84614,37.55419],[127.84354,37.55595],[127.84348,37.55602],[127.84342,37.55608],[127.84273,37.55678],[127.84176,37.55776],[127.84161,37.55792],[127.84118,37.55835],[127.84037,37.55911],[127.83995,37.5595],[127.83711,37.56046],[127.83131,37.56108],[127.83079,37.56112],[127.82874,37.56124],[127.8286,37.56121],[127.82686,37.56075],[127.82348,37.56197],[127.81827,37.56299],[127.81451,37.56408],[127.81415,37.5642],[127.8129,37.56464],[127.81045,37.56867],[127.81029,37.56923],[127.81023,37.56958],[127.81007,37.57066],[127.81019,37.57122],[127.81039,37.57154],[127.81053,37.57175],[127.81063,37.57206],[127.81067,37.57224],[127.81033,37.57285],[127.80973,37.57337],[127.80765,37.57384],[127.80648,37.57411],[127.80504,37.57508],[127.80487,37.5752],[127.80449,37.57751],[127.80426,37.57886],[127.80316,37.57979],[127.80224,37.58056],[127.80037,37.58213],[127.8002,37.58225],[127.80003,37.58236],[127.79821,37.58353],[127.79641,37.58441],[127.79335,37.58541],[127.79298,37.58536],[127.79289,37.58535],[127.79283,37.58534],[127.79275,37.58533],[127.79119,37.58265],[127.7884,37.57949],[127.78596,37.57855],[127.78564,37.57857],[127.78545,37.57858],[127.78473,37.57861],[127.78291,37.57869],[127.77561,37.58005],[127.77386,37.5808],[127.76843,37.58233],[127.76703,37.5826],[127.76622,37.58298],[127.76608,37.58322],[127.76571,37.58386],[127.76458,37.58581],[127.75349,37.59188],[127.75334,37.59186],[127.75319,37.59184],[127.7488,37.59068],[127.74783,37.59036],[127.74765,37.59021],[127.74669,37.58944],[127.74611,37.58898],[127.74565,37.58855],[127.73947,37.58716],[127.73357,37.58829],[127.73089,37.58914],[127.72311,37.59063],[127.72104,37.59068],[127.72096,37.59067],[127.72078,37.59066],[127.72058,37.59062],[127.72049,37.5906],[127.72043,37.59057],[127.72028,37.59049],[127.72013,37.59041],[127.7185,37.5895],[127.71738,37.58883],[127.71701,37.58864],[127.71598,37.58814],[127.7156,37.58826],[127.71482,37.5885],[127.71397,37.58875],[127.71369,37.58884],[127.7121,37.58829],[127.70983,37.58719],[127.70886,37.5865],[127.70866,37.58647],[127.70817,37.58641],[127.70812,37.5864],[127.70793,37.58661],[127.70625,37.58857],[127.70268,37.58904],[127.7008,37.58968],[127.69794,37.59158],[127.6979,37.59171],[127.69778,37.59223],[127.6982,37.59334],[127.69843,37.59395],[127.70036,37.59573],[127.70025,37.59667],[127.69653,37.60037],[127.69616,37.60049],[127.69373,37.60108],[127.69306,37.60131],[127.69192,37.60171],[127.6872,37.60433],[127.68594,37.60673],[127.68522,37.60714],[127.68331,37.60825],[127.68082,37.60903],[127.67648,37.61188],[127.67257,37.61442],[127.66772,37.61722],[127.66756,37.61733],[127.66726,37.61769],[127.66589,37.61943],[127.66479,37.62136],[127.66463,37.62167],[127.66452,37.62198],[127.6645,37.62223],[127.66449,37.62251],[127.66439,37.62332],[127.66399,37.62377],[127.66368,37.62402],[127.66325,37.62424],[127.6629,37.62435],[127.66233,37.62443],[127.66218,37.62442],[127.66197,37.62441],[127.65908,37.62331],[127.6583,37.62297],[127.65818,37.62291],[127.65762,37.62271],[127.65725,37.62261],[127.65601,37.62242],[127.65492,37.62229],[127.65392,37.62229],[127.65337,37.62234],[127.65308,37.62244],[127.65241,37.62267],[127.65163,37.62304],[127.65049,37.62374],[127.64962,37.62443],[127.6495,37.62462],[127.64944,37.62473],[127.64762,37.62879],[127.6475,37.62912],[127.6471,37.63025],[127.64705,37.63116],[127.64702,37.63188],[127.64693,37.63253],[127.6469,37.63272],[127.64688,37.63292],[127.64638,37.63305],[127.64604,37.63307],[127.646,37.63307],[127.64536,37.63304],[127.64498,37.63302],[127.64478,37.63301],[127.64433,37.63299],[127.6433,37.63284],[127.64297,37.63278],[127.64237,37.63268],[127.64174,37.63265],[127.64106,37.63262],[127.64083,37.63264],[127.64053,37.63266],[127.64015,37.63273],[127.6397,37.63282],[127.63937,37.63288],[127.63879,37.63315],[127.63859,37.6333],[127.63847,37.63355],[127.6385,37.63381],[127.63855,37.63393],[127.63643,37.6358],[127.63379,37.63799],[127.62799,37.64232],[127.62756,37.64262],[127.62716,37.64277],[127.62696,37.64284],[127.62625,37.6429],[127.62601,37.64286],[127.62567,37.64281],[127.62547,37.64277],[127.62522,37.64273],[127.6248,37.64252],[127.62458,37.6424],[127.62438,37.64227],[127.62418,37.64214],[127.62409,37.64208],[127.6234,37.64138],[127.62015,37.64306],[127.61853,37.64505],[127.61831,37.64545],[127.61812,37.6457],[127.61721,37.64644],[127.61613,37.64717],[127.61591,37.64721],[127.61583,37.64722],[127.61566,37.64725],[127.61541,37.6473],[127.61432,37.64659],[127.61362,37.64612],[127.61294,37.64599],[127.61263,37.64626],[127.61085,37.64694],[127.6108,37.64698],[127.60935,37.64813],[127.60919,37.64863],[127.60906,37.64901],[127.60865,37.65011],[127.60864,37.65015],[127.60774,37.65071],[127.60722,37.65103],[127.60339,37.65127],[127.60235,37.65134],[127.60233,37.65124],[127.60228,37.65095],[127.60196,37.65011],[127.60104,37.64877],[127.60055,37.64818],[127.60051,37.64815],[127.60028,37.64792],[127.5986,37.64674],[127.59821,37.64656],[127.59514,37.64512],[127.59068,37.64317],[127.58819,37.64257],[127.58568,37.64211],[127.5852,37.64165],[127.58402,37.64054],[127.58361,37.63979],[127.58338,37.63935],[127.58322,37.63903],[127.58323,37.63897],[127.58331,37.63857],[127.58348,37.63769],[127.58352,37.6375],[127.58367,37.63596],[127.58347,37.63536],[127.58202,37.63413],[127.58092,37.63369],[127.57951,37.63313],[127.57727,37.63303],[127.57712,37.63306],[127.57507,37.6335],[127.57442,37.63323],[127.57393,37.63303],[127.57192,37.6322],[127.5697,37.63231],[127.56827,37.63239],[127.56746,37.63263],[127.56681,37.63282],[127.56626,37.63298],[127.56457,37.63307],[127.56236,37.63099],[127.56197,37.63063],[127.56009,37.62926],[127.55898,37.62845],[127.55988,37.62736],[127.55976,37.62614],[127.55968,37.62535],[127.55981,37.62341],[127.56288,37.6209],[127.56517,37.62008],[127.56646,37.61878],[127.56709,37.61724],[127.56759,37.61566],[127.56873,37.61456],[127.56984,37.61433],[127.57072,37.61369],[127.57075,37.61367],[127.57067,37.61285],[127.57061,37.61223],[127.5705,37.61145],[127.57032,37.61021],[127.56956,37.60831],[127.56825,37.60828],[127.56712,37.60825],[127.56615,37.60796],[127.5623,37.60435],[127.56231,37.60297],[127.56231,37.60136],[127.5624,37.60049],[127.56244,37.60001],[127.56141,37.59767],[127.55997,37.59537],[127.55908,37.59423],[127.559,37.5923],[127.56062,37.59054],[127.56112,37.58897],[127.56152,37.58706],[127.56123,37.58611],[127.56025,37.58308],[127.5586,37.58382],[127.55469,37.58421],[127.55245,37.58608],[127.55143,37.58612],[127.55095,37.58615],[127.5471,37.58542],[127.54447,37.58507],[127.53788,37.58461],[127.53777,37.5847],[127.53674,37.58555],[127.53606,37.58584],[127.53132,37.58624],[127.52411,37.58665],[127.52178,37.58641],[127.52012,37.58566],[127.51761,37.58272],[127.51463,37.57961],[127.51296,37.57812],[127.51003,37.57647],[127.50824,37.57594],[127.50696,37.57556],[127.50657,37.57546],[127.50636,37.57541],[127.50562,37.57522],[127.50475,37.57501],[127.50436,37.57492],[127.49913,37.57237],[127.49834,37.57184],[127.49735,37.57184],[127.49657,37.572],[127.4911,37.57378],[127.49012,37.57498],[127.48671,37.57528],[127.48414,37.57526],[127.48174,37.57571],[127.4784,37.57686],[127.47473,37.57725],[127.47159,37.57989],[127.47117,37.5825],[127.47077,37.58536],[127.46941,37.59106],[127.46989,37.59193],[127.47104,37.59384],[127.47091,37.59495],[127.4726,37.59641],[127.47288,37.59832],[127.47314,37.60022],[127.47351,37.60792],[127.47217,37.60928],[127.47202,37.61293],[127.47192,37.61616],[127.47192,37.61621],[127.47185,37.61828],[127.47118,37.62113],[127.46988,37.62361],[127.46835,37.62467],[127.4626,37.62493],[127.46216,37.62573],[127.46166,37.62664],[127.45827,37.62997],[127.45642,37.63394],[127.45659,37.63549],[127.4566,37.63559],[127.45558,37.63691],[127.4541,37.63851],[127.45361,37.63861],[127.45227,37.63889],[127.45147,37.6397],[127.45094,37.6407],[127.44952,37.64338],[127.44863,37.64447],[127.44485,37.64777],[127.4446,37.64787],[127.44392,37.64814],[127.44278,37.64755],[127.44255,37.64744],[127.44248,37.64736],[127.44191,37.64679],[127.44059,37.64717],[127.43808,37.64789],[127.43743,37.65058],[127.43723,37.6514],[127.43532,37.65324],[127.43506,37.65342],[127.43477,37.65361],[127.43546,37.65459],[127.43778,37.65723],[127.43825,37.65765],[127.43842,37.6578],[127.43967,37.65872],[127.43982,37.65882],[127.44138,37.6598],[127.43986,37.66181],[127.43506,37.66504],[127.43446,37.66567],[127.43401,37.66608],[127.43365,37.66641],[127.43101,37.66863],[127.43031,37.6691],[127.42983,37.66941],[127.42815,37.67154],[127.42816,37.67076],[127.42812,37.67055],[127.42809,37.6703],[127.42707,37.66816],[127.42587,37.66646],[127.42509,37.66563],[127.42217,37.66393],[127.41887,37.6633],[127.41706,37.66335],[127.41697,37.66335],[127.41644,37.66337],[127.41595,37.6631],[127.41551,37.66287],[127.41521,37.66259],[127.415,37.6624],[127.41342,37.66099],[127.41278,37.6606],[127.4121,37.66019],[127.41053,37.66018],[127.41006,37.66018],[127.40813,37.65988],[127.40406,37.65706],[127.40124,37.65449],[127.40077,37.65388],[127.40036,37.65336],[127.4,37.65216],[127.39943,37.65086],[127.39322,37.65107],[127.38891,37.65122],[127.38612,37.65137],[127.38005,37.65142],[127.37835,37.651],[127.37478,37.64902],[127.37328,37.64767],[127.37113,37.64819],[127.37029,37.6469],[127.37001,37.64648],[127.36871,37.64447],[127.36801,37.64328],[127.36668,37.64101],[127.36598,37.64005],[127.36408,37.63809],[127.36331,37.63746],[127.36192,37.63631],[127.36113,37.63566],[127.35934,37.63429],[127.35874,37.63382],[127.35809,37.63333],[127.35545,37.631],[127.35512,37.63071],[127.35453,37.63019],[127.35325,37.6289],[127.35216,37.62779],[127.34847,37.62072],[127.34837,37.62051],[127.34799,37.6197],[127.3471,37.61778],[127.34657,37.6161],[127.34636,37.6154],[127.3462,37.61489],[127.34617,37.61479],[127.34532,37.61094],[127.34525,37.61065],[127.34518,37.61039],[127.34483,37.60907],[127.34471,37.60862],[127.34459,37.60813],[127.34391,37.60515],[127.34343,37.60279],[127.34324,37.60152],[127.34301,37.60006],[127.34258,37.59731],[127.34208,37.59454],[127.3419,37.59373],[127.34181,37.5933],[127.34169,37.5928],[127.34158,37.59231],[127.34147,37.59179],[127.34108,37.59052],[127.34049,37.58912],[127.34012,37.58836],[127.33993,37.58797],[127.33991,37.58792],[127.33919,37.58654],[127.33739,37.58342],[127.33632,37.58156],[127.33583,37.58074],[127.33559,37.58036],[127.33457,37.57872],[127.33395,37.57774],[127.33021,37.57227],[127.32726,37.56759],[127.32413,37.56266],[127.32133,37.55835],[127.31935,37.55545],[127.3171,37.55219],[127.31624,37.55104],[127.31528,37.54999],[127.31511,37.54979],[127.31426,37.54884],[127.31379,37.54825],[127.3134,37.54776],[127.31301,37.54727],[127.31286,37.54707],[127.31249,37.5466],[127.31169,37.54547],[127.31024,37.54302],[127.30955,37.54179],[127.30946,37.54163],[127.30889,37.5406],[127.30834,37.5393],[127.3079,37.53804],[127.30728,37.5354],[127.30703,37.534],[127.30541,37.5278],[127.30497,37.52637],[127.30493,37.52619],[127.30485,37.52588],[127.30477,37.5254],[127.30477,37.52517],[127.30477,37.52499]]]}},{"type":"Feature","properties":{"id":"41-41190","name":"부천시","sido":"경기도","code":"41190","center":[37.50423,126.78868]},"geometry":{"type":"Polygon","coordinates":[[[126.74163,37.4951],[126.74166,37.49449],[126.74166,37.49432],[126.74167,37.49412],[126.74168,37.49405],[126.74172,37.4937],[126.74187,37.49254],[126.74241,37.48881],[126.74242,37.48849],[126.74242,37.48843],[126.7426,37.48665],[126.74585,37.48596],[126.74966,37.48536],[126.75073,37.48511],[126.75245,37.48457],[126.75317,37.48428],[126.75431,37.48379],[126.75452,37.4837],[126.75549,37.4828],[126.75549,37.48267],[126.75541,37.48232],[126.75536,37.48217],[126.75515,37.48177],[126.75508,37.48156],[126.75505,37.48148],[126.75499,37.48103],[126.75501,37.481],[126.75621,37.47976],[126.75952,37.47656],[126.75971,37.47646],[126.75997,37.47632],[126.76064,37.47608],[126.76259,37.4757],[126.76484,37.47489],[126.76537,37.4745],[126.7669,37.47319],[126.76752,37.47248],[126.76774,37.47176],[126.7722,37.47255],[126.77406,37.4718],[126.77817,37.47181],[126.77826,37.47181],[126.77898,37.47152],[126.77968,37.47132],[126.78003,37.47124],[126.78014,37.47126],[126.78033,37.4713],[126.78315,37.47207],[126.7835,37.47223],[126.78391,37.4724],[126.78402,37.47247],[126.78419,37.47257],[126.78451,37.47148],[126.78492,37.47007],[126.78818,37.46673],[126.78941,37.46586],[126.78947,37.46581],[126.79182,37.46547],[126.79462,37.46521],[126.79851,37.4643],[126.8001,37.46388],[126.80048,37.46324],[126.80073,37.46281],[126.80318,37.46177],[126.80327,37.46174],[126.80405,37.46156],[126.80411,37.46157],[126.8053,37.46172],[126.80543,37.46175],[126.80548,37.46178],[126.80552,37.4618],[126.80561,37.46189],[126.80567,37.46197],[126.80569,37.462],[126.80574,37.46205],[126.80581,37.46209],[126.80651,37.46219],[126.80822,37.46238],[126.80889,37.46209],[126.81118,37.46024],[126.81151,37.45988],[126.8174,37.4601],[126.81762,37.45979],[126.8179,37.4594],[126.81817,37.45922],[126.81857,37.45914],[126.82299,37.45833],[126.82597,37.4594],[126.82676,37.46167],[126.82753,37.46298],[126.82768,37.46322],[126.82872,37.46398],[126.83008,37.46473],[126.83051,37.46483],[126.83103,37.46542],[126.8322,37.46612],[126.83299,37.46603],[126.83342,37.46715],[126.83349,37.46748],[126.83351,37.46794],[126.83351,37.4687],[126.83285,37.4705],[126.83243,37.47193],[126.83203,37.47342],[126.83225,37.47617],[126.83227,37.47624],[126.8323,37.4763],[126.83232,37.47632],[126.83235,37.47634],[126.83341,37.4769],[126.83179,37.47757],[126.82965,37.47669],[126.82928,37.47625],[126.82876,37.4761],[126.82597,37.47685],[126.82513,37.47676],[126.82419,37.47618],[126.82265,37.47586],[126.82168,37.47531],[126.82122,37.47625],[126.81922,37.47616],[126.81915,37.4755],[126.8195,37.47511],[126.81846,37.47518],[126.81867,37.47413],[126.81793,37.47347],[126.81784,37.47315],[126.81731,37.47318],[126.81709,37.47359],[126.81656,37.47406],[126.81551,37.47411],[126.81475,37.47467],[126.81487,37.47578],[126.81529,37.47645],[126.81609,37.47672],[126.81607,37.47712],[126.81644,37.47757],[126.81705,37.47812],[126.8182,37.47814],[126.81957,37.48028],[126.81993,37.48176],[126.81945,37.48271],[126.81942,37.48396],[126.81939,37.48537],[126.81943,37.48547],[126.81951,37.48556],[126.82037,37.48588],[126.82119,37.48615],[126.82126,37.48618],[126.8213,37.48619],[126.82233,37.48674],[126.82319,37.4875],[126.82333,37.48822],[126.82317,37.48855],[126.8206,37.49063],[126.82056,37.49065],[126.82026,37.49084],[126.82021,37.49087],[126.81941,37.49124],[126.81854,37.49165],[126.81786,37.49158],[126.81439,37.4932],[126.81272,37.49617],[126.81267,37.49663],[126.81309,37.49802],[126.81348,37.49806],[126.81423,37.49781],[126.81563,37.49755],[126.81593,37.49764],[126.81651,37.49781],[126.81874,37.49875],[126.81932,37.49928],[126.81935,37.4993],[126.82159,37.50206],[126.82189,37.50264],[126.82254,37.50401],[126.82296,37.50583],[126.82479,37.50829],[126.82433,37.5089],[126.82401,37.51062],[126.82314,37.51605],[126.82315,37.51607],[126.82317,37.51611],[126.82321,37.51619],[126.82411,37.5171],[126.82542,37.51909],[126.82558,37.52011],[126.82558,37.52049],[126.82559,37.52197],[126.82522,37.52298],[126.82521,37.52303],[126.82523,37.5231],[126.82525,37.52315],[126.82592,37.52408],[126.82815,37.5258],[126.82846,37.5267],[126.82821,37.52879],[126.82817,37.52896],[126.82809,37.52905],[126.82796,37.52915],[126.82791,37.52919],[126.82742,37.52953],[126.8273,37.52961],[126.82723,37.52963],[126.82718,37.52966],[126.82702,37.52972],[126.82681,37.52978],[126.82674,37.5298],[126.82659,37.52983],[126.82643,37.52983],[126.82617,37.52976],[126.82608,37.52976],[126.82578,37.52982],[126.82571,37.52984],[126.82561,37.52986],[126.82557,37.52988],[126.8255,37.52992],[126.82544,37.52995],[126.82529,37.53003],[126.82511,37.53018],[126.82474,37.53063],[126.82398,37.53179],[126.82258,37.53394],[126.82181,37.53479],[126.8218,37.53482],[126.82177,37.53493],[126.82177,37.53507],[126.82194,37.53562],[126.8222,37.53603],[126.82226,37.53618],[126.82226,37.53629],[126.82219,37.53807],[126.82212,37.53832],[126.82196,37.53887],[126.82193,37.53898],[126.82186,37.53918],[126.82185,37.53921],[126.82215,37.54068],[126.82086,37.54077],[126.82015,37.54076],[126.81993,37.54076],[126.81859,37.5407],[126.81769,37.54064],[126.8174,37.54061],[126.81698,37.54056],[126.81687,37.54054],[126.81682,37.54054],[126.81666,37.54051],[126.81622,37.54052],[126.81466,37.54064],[126.81359,37.54285],[126.8132,37.5421],[126.81291,37.54157],[126.81252,37.54093],[126.81225,37.54098],[126.81201,37.54102],[126.81038,37.54161],[126.80944,37.54235],[126.8093,37.54316],[126.80916,37.54323],[126.80897,37.54323],[126.80598,37.54321],[126.80285,37.54308],[126.80161,37.54246],[126.79977,37.54044],[126.79924,37.53929],[126.79872,37.53768],[126.7944,37.53583],[126.794,37.53686],[126.79384,37.53733],[126.79374,37.53944],[126.79387,37.53963],[126.79402,37.53986],[126.79334,37.54156],[126.79018,37.54384],[126.78508,37.54616],[126.785,37.54616],[126.78312,37.54615],[126.78306,37.54615],[126.78186,37.54614],[126.7812,37.54614],[126.78033,37.54616],[126.7799,37.54625],[126.77665,37.54825],[126.77633,37.54845],[126.77576,37.54876],[126.77548,37.54891],[126.77517,37.54898],[126.77475,37.54898],[126.77361,37.54888],[126.77341,37.54887],[126.77116,37.54871],[126.77058,37.54956],[126.77026,37.55002],[126.76856,37.55222],[126.76796,37.55269],[126.76777,37.55325],[126.76771,37.55419],[126.76477,37.5512],[126.76475,37.55118],[126.76456,37.55055],[126.76456,37.55043],[126.76456,37.54968],[126.76351,37.54675],[126.76337,37.54552],[126.76319,37.54441],[126.76285,37.54322],[126.7616,37.54023],[126.76095,37.53786],[126.76068,37.53556],[126.76055,37.53476],[126.76054,37.53472],[126.76052,37.53457],[126.7605,37.53413],[126.76039,37.5321],[126.76039,37.53196],[126.76033,37.52955],[126.76032,37.52877],[126.76032,37.52832],[126.76032,37.5275],[126.76034,37.5241],[126.76029,37.51796],[126.76019,37.51587],[126.75497,37.51659],[126.752,37.51641],[126.75195,37.51539],[126.75189,37.51534],[126.75059,37.51498],[126.74967,37.51478],[126.74936,37.51472],[126.74879,37.51461],[126.74867,37.51459],[126.74781,37.51453],[126.74758,37.51456],[126.74732,37.5146],[126.74704,37.51466],[126.74661,37.51474],[126.74631,37.5148],[126.7458,37.51476],[126.74551,37.51465],[126.7451,37.51408],[126.74257,37.50942],[126.74218,37.5084],[126.74216,37.50645],[126.74215,37.50567],[126.74266,37.50512],[126.74307,37.50435],[126.74413,37.50179],[126.744,37.50131],[126.74392,37.50106],[126.74256,37.49722],[126.74173,37.49543],[126.74163,37.4951]]]}},{"type":"Feature","properties":{"id":"28-28110","name":"중구","sido":"인천광역시","code":"28110","center":[37.44995,126.50339]},"geometry":{"type":"MultiPolygon","coordinates":[[[[126.35566,37.46735],[126.35626,37.46319],[126.35628,37.46305],[126.35658,37.4626],[126.35715,37.46182],[126.36106,37.45726],[126.3613,37.45716],[126.3648,37.45596],[126.36527,37.45604],[126.36552,37.45611],[126.36575,37.45624],[126.36582,37.45649],[126.36552,37.45672],[126.36539,37.45682],[126.3653,37.45698],[126.36529,37.45712],[126.36529,37.45747],[126.36635,37.45739],[126.36656,37.45736],[126.36669,37.45733],[126.36759,37.45701],[126.36772,37.45694],[126.36849,37.45628],[126.36885,37.45581],[126.36914,37.45525],[126.3696,37.45428],[126.36975,37.45396],[126.36988,37.45339],[126.3705,37.44856],[126.37072,37.44847],[126.37129,37.44812],[126.37174,37.44775],[126.37198,37.44753],[126.37202,37.44742],[126.37221,37.44688],[126.3723,37.44621],[126.37231,37.44555],[126.37228,37.44515],[126.37215,37.44476],[126.37186,37.44436],[126.37083,37.44377],[126.3707,37.44373],[126.37058,37.44371],[126.37043,37.44372],[126.36975,37.44405],[126.36827,37.44436],[126.368,37.44439],[126.36777,37.44434],[126.36525,37.44315],[126.36397,37.44221],[126.36391,37.44201],[126.36397,37.4418],[126.36409,37.44165],[126.36434,37.44149],[126.36698,37.44084],[126.36753,37.44075],[126.3723,37.4404],[126.37295,37.44036],[126.373,37.44036],[126.37429,37.44083],[126.37588,37.44131],[126.376,37.44133],[126.37613,37.44133],[126.37646,37.4412],[126.37676,37.44097],[126.37783,37.44015],[126.37833,37.43973],[126.37859,37.43912],[126.37874,37.43861],[126.37941,37.43688],[126.38002,37.43531],[126.38014,37.43505],[126.38026,37.43486],[126.38052,37.43472],[126.38096,37.43462],[126.38132,37.43471],[126.38155,37.43481],[126.38187,37.43502],[126.38206,37.43526],[126.38217,37.43552],[126.38216,37.43578],[126.38211,37.43608],[126.38195,37.43645],[126.38162,37.43684],[126.38049,37.43902],[126.38055,37.43907],[126.38087,37.43925],[126.38142,37.43946],[126.38193,37.43966],[126.38324,37.44006],[126.38392,37.44021],[126.38472,37.44029],[126.38514,37.44031],[126.38599,37.4403],[126.38651,37.44025],[126.38714,37.44013],[126.38969,37.44076],[126.38974,37.44163],[126.39015,37.44286],[126.3906,37.44353],[126.39403,37.44553],[126.39518,37.44606],[126.39529,37.44609],[126.39757,37.44521],[126.39793,37.44501],[126.39835,37.44476],[126.4,37.44371],[126.40033,37.44345],[126.40214,37.44194],[126.4025,37.44157],[126.40313,37.44089],[126.40374,37.44018],[126.404,37.43974],[126.40408,37.4395],[126.40415,37.43927],[126.40417,37.43905],[126.40414,37.43897],[126.40396,37.4388],[126.40273,37.43794],[126.40253,37.43801],[126.40238,37.43797],[126.4021,37.43776],[126.40138,37.43703],[126.39982,37.43531],[126.39969,37.43509],[126.39959,37.4348],[126.39959,37.43424],[126.39968,37.43408],[126.40097,37.43319],[126.40137,37.43309],[126.40161,37.4331],[126.40193,37.43323],[126.40223,37.43344],[126.4048,37.43531],[126.4049,37.43546],[126.40524,37.43598],[126.40526,37.43627],[126.40543,37.43698],[126.40559,37.43741],[126.40581,37.43769],[126.40621,37.43802],[126.40661,37.43821],[126.4071,37.43832],[126.40791,37.43832],[126.40846,37.43827],[126.40894,37.43813],[126.40931,37.43796],[126.40988,37.43761],[126.41062,37.43712],[126.41164,37.4364],[126.41236,37.43586],[126.41314,37.43523],[126.41343,37.43495],[126.4139,37.43448],[126.41441,37.43393],[126.41452,37.4338],[126.41511,37.43308],[126.41558,37.43247],[126.41737,37.42959],[126.41761,37.42913],[126.41797,37.42842],[126.41847,37.4273],[126.41863,37.42694],[126.41867,37.42684],[126.41888,37.42622],[126.41909,37.42551],[126.41934,37.42466],[126.41957,37.42354],[126.41957,37.42308],[126.4195,37.42271],[126.41945,37.42212],[126.41944,37.42197],[126.41946,37.4218],[126.41961,37.4215],[126.41981,37.42137],[126.42068,37.42113],[126.42092,37.42108],[126.42124,37.42106],[126.42175,37.42109],[126.42252,37.42117],[126.42305,37.4213],[126.42735,37.42276],[126.4277,37.42295],[126.4321,37.4223],[126.43915,37.42112],[126.44092,37.42086],[126.44181,37.42089],[126.44262,37.42114],[126.44374,37.42164],[126.4744,37.43887],[126.47791,37.44084],[126.4868,37.44424],[126.49616,37.44821],[126.49638,37.44855],[126.50616,37.46394],[126.50735,37.46581],[126.52115,37.46914],[126.53298,37.47404],[126.53714,37.47576],[126.53731,37.47583],[126.53747,37.47584],[126.53861,37.47594],[126.53901,37.47597],[126.5395,37.47599],[126.53954,37.47599],[126.54001,37.47601],[126.54055,37.47601],[126.54124,37.47601],[126.5432,37.47599],[126.54435,37.47599],[126.54493,37.47599],[126.54549,37.476],[126.54605,37.47602],[126.54662,37.47605],[126.54718,37.47608],[126.54775,37.47613],[126.55037,37.47639],[126.55301,37.47696],[126.55895,37.4783],[126.56484,37.47962],[126.5661,37.48013],[126.5673,37.48115],[126.56838,37.48294],[126.56937,37.48402],[126.57102,37.48524],[126.57648,37.48835],[126.57743,37.48817],[126.5778,37.48845],[126.57784,37.48861],[126.57802,37.48881],[126.57851,37.48897],[126.57914,37.48905],[126.5795,37.48918],[126.58005,37.48926],[126.58132,37.48971],[126.58138,37.49003],[126.58234,37.48975],[126.58254,37.49066],[126.58213,37.49076],[126.58226,37.49128],[126.58281,37.49127],[126.58285,37.49158],[126.58202,37.49214],[126.58079,37.49259],[126.58043,37.49209],[126.57949,37.49224],[126.58042,37.49344],[126.57884,37.49794],[126.57641,37.50273],[126.57678,37.5035],[126.57668,37.50373],[126.57627,37.50411],[126.57545,37.50471],[126.57492,37.5049],[126.57443,37.50526],[126.57435,37.50576],[126.57344,37.50603],[126.5729,37.50615],[126.57253,37.50607],[126.57177,37.50624],[126.5712,37.50697],[126.56965,37.50834],[126.5655,37.51465],[126.55528,37.51798],[126.54389,37.52361],[126.53769,37.52493],[126.52634,37.52737],[126.52521,37.52874],[126.52091,37.53393],[126.51378,37.53498],[126.49839,37.53185],[126.49641,37.52835],[126.49535,37.52647],[126.49507,37.52425],[126.49407,37.5162],[126.49061,37.51017],[126.49046,37.5099],[126.48299,37.5042],[126.47485,37.50336],[126.4701,37.50287],[126.46613,37.50044],[126.46454,37.49947],[126.45761,37.49975],[126.43217,37.50392],[126.42886,37.50246],[126.42747,37.50185],[126.37342,37.47213],[126.3693,37.47364],[126.36914,37.47378],[126.3689,37.47387],[126.3664,37.47447],[126.36603,37.47449],[126.3656,37.47441],[126.36536,37.47465],[126.36509,37.4747],[126.36472,37.47469],[126.36197,37.47416],[126.3609,37.47386],[126.3604,37.4737],[126.35974,37.47343],[126.35929,37.47321],[126.35917,37.47309],[126.35913,37.47293],[126.35923,37.47259],[126.35931,37.47208],[126.35932,37.47139],[126.3593,37.47127],[126.35914,37.47094],[126.35896,37.47065],[126.35873,37.4705],[126.35857,37.47042],[126.35758,37.47011],[126.35694,37.47],[126.35681,37.46995],[126.3564,37.46973],[126.35625,37.46957],[126.35566,37.46759],[126.35566,37.46735]]],[[[126.38877,37.39859],[126.38879,37.3975],[126.38883,37.39715],[126.38896,37.39679],[126.38908,37.39653],[126.38922,37.39633],[126.38948,37.39605],[126.39,37.39587],[126.39025,37.39581],[126.3905,37.3958],[126.39066,37.39581],[126.39075,37.39586],[126.39091,37.396],[126.39114,37.39621],[126.39165,37.39678],[126.39189,37.39742],[126.39196,37.39763],[126.39456,37.40075],[126.3969,37.40196],[126.39725,37.40241],[126.39694,37.40417],[126.39676,37.40495],[126.39662,37.40508],[126.39633,37.40524],[126.39602,37.40531],[126.39584,37.40534],[126.39356,37.40506],[126.39329,37.40499],[126.38982,37.40294],[126.38949,37.40267],[126.38926,37.40238],[126.38918,37.40216],[126.38877,37.39859]]],[[[126.39591,37.39259],[126.39592,37.39234],[126.39644,37.39122],[126.39656,37.39109],[126.39673,37.39097],[126.39697,37.3909],[126.39739,37.39086],[126.39781,37.39085],[126.39813,37.39091],[126.3987,37.39126],[126.39994,37.39144],[126.40296,37.39176],[126.40304,37.39176],[126.40312,37.39175],[126.40427,37.39146],[126.4043,37.39145],[126.40443,37.3914],[126.40452,37.39136],[126.40475,37.39125],[126.40487,37.39116],[126.40735,37.38812],[126.40755,37.38777],[126.40777,37.3872],[126.40803,37.38624],[126.40818,37.38542],[126.40823,37.38501],[126.40802,37.38306],[126.40808,37.37994],[126.40821,37.37935],[126.40912,37.37651],[126.40851,37.37432],[126.40833,37.37425],[126.4076,37.37368],[126.40753,37.37356],[126.40709,37.37281],[126.40706,37.37272],[126.40714,37.3726],[126.40849,37.37088],[126.41322,37.36625],[126.41352,37.36608],[126.41536,37.36536],[126.41563,37.36532],[126.41772,37.36527],[126.41794,37.36531],[126.42387,37.36703],[126.42588,37.36796],[126.42799,37.3683],[126.43174,37.3683],[126.43203,37.36826],[126.4323,37.36829],[126.43352,37.3685],[126.43368,37.36859],[126.43382,37.36876],[126.43488,37.3701],[126.43495,37.37022],[126.43497,37.37033],[126.43497,37.37045],[126.43486,37.37067],[126.43475,37.37088],[126.43463,37.37098],[126.43444,37.37111],[126.43425,37.37118],[126.43407,37.3712],[126.43382,37.37132],[126.43353,37.37149],[126.4335,37.37151],[126.43345,37.37159],[126.4334,37.37174],[126.43339,37.37212],[126.43352,37.37419],[126.43373,37.37439],[126.43404,37.37461],[126.4344,37.37483],[126.43458,37.3749],[126.43478,37.37492],[126.43506,37.37489],[126.43541,37.3748],[126.43567,37.37468],[126.43578,37.37465],[126.43593,37.37464],[126.439,37.37554],[126.43925,37.37562],[126.43947,37.37574],[126.4397,37.37596],[126.44009,37.37638],[126.44021,37.3766],[126.44026,37.37672],[126.44029,37.37684],[126.44049,37.37823],[126.44043,37.37849],[126.44034,37.37864],[126.4402,37.37873],[126.4399,37.37886],[126.43773,37.3793],[126.43629,37.37955],[126.43515,37.3808],[126.43515,37.38162],[126.43519,37.38171],[126.43598,37.38163],[126.43719,37.38147],[126.43739,37.38139],[126.43754,37.3813],[126.43767,37.38112],[126.4378,37.381],[126.43889,37.38102],[126.43909,37.38103],[126.44123,37.38127],[126.44138,37.38136],[126.44148,37.3815],[126.44158,37.38165],[126.44169,37.38214],[126.44175,37.38437],[126.44104,37.38564],[126.43527,37.38942],[126.435,37.38956],[126.43466,37.38971],[126.43214,37.38996],[126.43188,37.38993],[126.43173,37.38989],[126.43166,37.3899],[126.42988,37.39124],[126.42771,37.39429],[126.42314,37.39808],[126.42308,37.39818],[126.42252,37.39992],[126.42252,37.39999],[126.42254,37.40016],[126.42257,37.40027],[126.42263,37.40036],[126.42269,37.40047],[126.42275,37.40058],[126.4228,37.40073],[126.42279,37.40109],[126.42272,37.4013],[126.42262,37.40143],[126.42248,37.40154],[126.42237,37.4016],[126.42217,37.40165],[126.41922,37.4023],[126.41617,37.40296],[126.41592,37.40298],[126.41538,37.40317],[126.41493,37.40334],[126.41461,37.40349],[126.41434,37.40372],[126.41412,37.40397],[126.41386,37.40443],[126.4137,37.40485],[126.41362,37.40513],[126.41362,37.40555],[126.41373,37.40593],[126.41392,37.40623],[126.41433,37.40685],[126.41446,37.40718],[126.41449,37.40753],[126.41438,37.40819],[126.41412,37.40909],[126.41408,37.40916],[126.414,37.40927],[126.41168,37.41138],[126.41146,37.41167],[126.41124,37.4119],[126.41097,37.41211],[126.41068,37.41229],[126.41043,37.41242],[126.40961,37.41278],[126.408,37.41334],[126.40782,37.41335],[126.40755,37.41331],[126.40725,37.41321],[126.4048,37.41149],[126.4025,37.40978],[126.40238,37.40969],[126.40233,37.40949],[126.40235,37.40925],[126.40244,37.40907],[126.40262,37.40886],[126.4029,37.4086],[126.40301,37.40851],[126.40317,37.40839],[126.40333,37.40836],[126.40346,37.40836],[126.40359,37.40841],[126.40364,37.40843],[126.40369,37.40844],[126.40394,37.40835],[126.40432,37.40816],[126.40451,37.40802],[126.40457,37.40786],[126.40462,37.40758],[126.4046,37.40708],[126.40446,37.40672],[126.4033,37.40479],[126.4031,37.40446],[126.40253,37.40377],[126.40175,37.40309],[126.40111,37.4026],[126.40046,37.40046],[126.40103,37.39996],[126.40133,37.39959],[126.40145,37.39932],[126.40159,37.39892],[126.40163,37.39862],[126.40059,37.39657],[126.39898,37.39558],[126.3988,37.39553],[126.3967,37.39405],[126.39658,37.39387],[126.39591,37.39259]]],[[[126.4119,37.41809],[126.4119,37.41794],[126.41202,37.41701],[126.41212,37.41682],[126.41245,37.41644],[126.41263,37.41621],[126.41286,37.41604],[126.41303,37.41596],[126.41326,37.4159],[126.41363,37.4159],[126.41423,37.41594],[126.41626,37.41654],[126.4164,37.41659],[126.41654,37.41666],[126.41678,37.41686],[126.4169,37.4171],[126.41689,37.41736],[126.41643,37.41959],[126.41633,37.41971],[126.41619,37.41978],[126.41604,37.41979],[126.4145,37.41958],[126.41324,37.42024],[126.41306,37.42032],[126.41284,37.42037],[126.41257,37.42036],[126.4124,37.4203],[126.41223,37.42022],[126.4121,37.42004],[126.41206,37.41984],[126.4119,37.41809]]],[[[126.43248,37.40452],[126.43251,37.40437],[126.43261,37.40427],[126.43272,37.40426],[126.43284,37.40427],[126.433,37.40441],[126.43316,37.40454],[126.43336,37.40465],[126.43373,37.40478],[126.43424,37.40489],[126.43461,37.40495],[126.43512,37.40495],[126.43537,37.40493],[126.43556,37.40489],[126.43704,37.40424],[126.43726,37.40412],[126.4375,37.40394],[126.43769,37.40382],[126.4379,37.40377],[126.44016,37.40346],[126.4406,37.40347],[126.44083,37.40356],[126.44099,37.40367],[126.44182,37.40466],[126.44194,37.40482],[126.44196,37.405],[126.44184,37.40516],[126.44168,37.4053],[126.44136,37.40546],[126.44084,37.40559],[126.44014,37.40571],[126.4398,37.40571],[126.43821,37.40547],[126.43747,37.40584],[126.43682,37.40613],[126.43632,37.4062],[126.4361,37.40616],[126.43588,37.40611],[126.4357,37.40604],[126.43293,37.40487],[126.43263,37.40467],[126.43248,37.40452]]],[[[126.43912,37.36153],[126.43916,37.36143],[126.43965,37.3605],[126.43971,37.36044],[126.44005,37.36026],[126.44017,37.36021],[126.44083,37.36013],[126.44104,37.36011],[126.44123,37.36015],[126.44138,37.36023],[126.44158,37.36045],[126.44172,37.36061],[126.44217,37.36118],[126.44224,37.3613],[126.44225,37.36141],[126.44222,37.36154],[126.44211,37.36167],[126.44191,37.36185],[126.44174,37.36196],[126.44161,37.36201],[126.44146,37.36202],[126.44121,37.36203],[126.43961,37.36191],[126.43933,37.36177],[126.43915,37.36163],[126.43912,37.36153]]],[[[126.4398,37.37167],[126.43988,37.37136],[126.43998,37.37119],[126.44013,37.37103],[126.4404,37.37088],[126.44058,37.37078],[126.44296,37.37009],[126.44311,37.37008],[126.44397,37.37009],[126.44414,37.37012],[126.44554,37.3706],[126.44565,37.37064],[126.44583,37.37073],[126.44598,37.37086],[126.44612,37.371],[126.44647,37.37135],[126.44659,37.37154],[126.44662,37.37184],[126.44634,37.37502],[126.44618,37.3751],[126.44604,37.37512],[126.44577,37.37512],[126.44352,37.3749],[126.44128,37.37419],[126.44109,37.37404],[126.43989,37.37197],[126.43981,37.37178],[126.4398,37.37167]]],[[[126.48625,37.51668],[126.48632,37.51644],[126.48683,37.51567],[126.48708,37.51551],[126.48741,37.51547],[126.48778,37.51547],[126.48825,37.51558],[126.48855,37.5157],[126.48874,37.51583],[126.48947,37.51644],[126.48964,37.51664],[126.48975,37.51685],[126.48972,37.51716],[126.48955,37.51736],[126.48931,37.51747],[126.48877,37.51747],[126.48652,37.51715],[126.48634,37.51689],[126.48625,37.51668]]],[[[126.50956,37.3584],[126.50959,37.3582],[126.50983,37.35734],[126.51009,37.35706],[126.51197,37.35691],[126.51267,37.35716],[126.51303,37.3575],[126.51323,37.35923],[126.51322,37.35939],[126.5131,37.35946],[126.51305,37.35948],[126.51259,37.35956],[126.51046,37.35946],[126.51038,37.35956],[126.51013,37.35959],[126.50993,37.35951],[126.5097,37.35884],[126.50956,37.3584]]],[[[126.57169,37.54021],[126.57182,37.53992],[126.57385,37.53812],[126.57419,37.53787],[126.57528,37.53718],[126.57571,37.53719],[126.57702,37.53748],[126.57736,37.53766],[126.57761,37.53795],[126.57769,37.5384],[126.57807,37.54087],[126.57788,37.54138],[126.57744,37.54196],[126.57704,37.54218],[126.5757,37.54271],[126.57535,37.54277],[126.57497,37.54269],[126.57453,37.54248],[126.57444,37.54244],[126.57349,37.54188],[126.57187,37.54055],[126.57169,37.54021]]],[[[126.57184,37.5293],[126.57185,37.5289],[126.57208,37.52864],[126.5723,37.52852],[126.57282,37.52831],[126.57371,37.5281],[126.57403,37.52803],[126.57512,37.52774],[126.5755,37.52759],[126.57594,37.52738],[126.5764,37.52701],[126.57681,37.52666],[126.5772,37.52628],[126.57758,37.52592],[126.57832,37.52536],[126.57867,37.52515],[126.57937,37.52492],[126.57975,37.52491],[126.58004,37.52509],[126.58042,37.52563],[126.57998,37.52643],[126.57932,37.52703],[126.57524,37.52998],[126.57483,37.53024],[126.57437,37.53032],[126.57349,37.53025],[126.57241,37.52967],[126.57184,37.5293]]],[[[126.57351,37.53472],[126.57367,37.53456],[126.5739,37.5344],[126.57491,37.53434],[126.57529,37.53442],[126.57554,37.53477],[126.57576,37.53513],[126.57586,37.53558],[126.57585,37.53609],[126.57563,37.53628],[126.57511,37.53643],[126.57473,37.53651],[126.57437,37.53648],[126.57402,37.53625],[126.57375,37.53605],[126.57357,37.53577],[126.57353,37.53536],[126.57351,37.53472]]],[[[126.57711,37.54684],[126.57723,37.5465],[126.57902,37.54471],[126.5794,37.54452],[126.5799,37.54455],[126.58014,37.54485],[126.58027,37.54526],[126.58016,37.54556],[126.57883,37.54737],[126.57802,37.54762],[126.57755,37.54749],[126.57736,37.54733],[126.57719,37.54709],[126.57711,37.54684]]],[[[126.58403,37.54856],[126.58747,37.54457],[126.58843,37.5454],[126.59035,37.54773],[126.59022,37.54806],[126.58937,37.54877],[126.58811,37.54957],[126.58725,37.54986],[126.58659,37.5498],[126.58601,37.54958],[126.58462,37.54907],[126.58403,37.54856]]],[[[126.58531,37.49809],[126.5854,37.49774],[126.58575,37.49683],[126.58586,37.49664],[126.58606,37.49642],[126.58645,37.49622],[126.5908,37.49586],[126.59131,37.49588],[126.59177,37.49618],[126.59201,37.49679],[126.59157,37.49708],[126.59141,37.49717],[126.59063,37.49798],[126.59025,37.49828],[126.58986,37.49854],[126.58955,37.49873],[126.58927,37.49888],[126.58891,37.49894],[126.58864,37.49894],[126.58752,37.49872],[126.58557,37.49823],[126.58531,37.49809]]],[[[126.59258,37.45772],[126.59471,37.45649],[126.59702,37.45707],[126.59949,37.45882],[126.59997,37.45916],[126.6018,37.45726],[126.59685,37.45491],[126.59432,37.45561],[126.5933,37.45493],[126.59509,37.45286],[126.59634,37.45118],[126.59626,37.45076],[126.59288,37.4506],[126.59291,37.44518],[126.59294,37.44132],[126.59402,37.44133],[126.59642,37.44134],[126.59712,37.43839],[126.60099,37.43837],[126.60438,37.44352],[126.61064,37.45349],[126.61291,37.45268],[126.60983,37.44766],[126.6112,37.44712],[126.61581,37.4453],[126.61818,37.44437],[126.6166,37.44179],[126.6106,37.44431],[126.60814,37.44063],[126.61419,37.43773],[126.61407,37.43748],[126.61271,37.43504],[126.61321,37.43458],[126.61278,37.4343],[126.61176,37.43328],[126.6102,37.43014],[126.61087,37.42992],[126.61198,37.42997],[126.63497,37.43003],[126.63468,37.431],[126.63262,37.44153],[126.63152,37.44227],[126.62918,37.45203],[126.62917,37.45226],[126.62924,37.45244],[126.62925,37.45247],[126.62945,37.45273],[126.62958,37.45285],[126.63002,37.45301],[126.63401,37.45557],[126.63552,37.45727],[126.63758,37.45993],[126.63773,37.46061],[126.63782,37.46101],[126.63913,37.46346],[126.63916,37.46351],[126.63926,37.46357],[126.63944,37.4637],[126.64027,37.4641],[126.64077,37.46434],[126.6412,37.46456],[126.64131,37.46461],[126.64215,37.46504],[126.64215,37.46507],[126.64209,37.46758],[126.64279,37.46849],[126.6407,37.46953],[126.63919,37.47029],[126.63667,37.47178],[126.63618,37.47222],[126.63463,37.47367],[126.63142,37.4768],[126.62802,37.47943],[126.62797,37.47923],[126.62733,37.47962],[126.62665,37.48006],[126.62623,37.48033],[126.62617,37.48037],[126.62603,37.48045],[126.62597,37.48049],[126.6259,37.48052],[126.62584,37.48056],[126.62572,37.48063],[126.6256,37.48069],[126.62556,37.48071],[126.62548,37.48075],[126.62542,37.48077],[126.62535,37.4808],[126.62529,37.48083],[126.6252,37.48087],[126.62516,37.48088],[126.62504,37.48093],[126.62499,37.48095],[126.62494,37.48096],[126.62487,37.48099],[126.62478,37.48101],[126.62471,37.48103],[126.62464,37.48106],[126.62455,37.48108],[126.62447,37.4811],[126.6244,37.48112],[126.62434,37.48113],[126.62423,37.48115],[126.62417,37.48116],[126.62407,37.48118],[126.624,37.48119],[126.62397,37.48119],[126.62392,37.4812],[126.62387,37.48121],[126.62377,37.48122],[126.6237,37.48122],[126.62361,37.48123],[126.62356,37.48123],[126.62352,37.48124],[126.62345,37.48124],[126.62337,37.48124],[126.62329,37.48125],[126.62323,37.48125],[126.62319,37.48125],[126.62313,37.48125],[126.62303,37.48124],[126.62295,37.48124],[126.6228,37.48123],[126.62272,37.48123],[126.62266,37.48122],[126.62256,37.48121],[126.6225,37.4812],[126.62246,37.4812],[126.62242,37.48119],[126.62235,37.48118],[126.6222,37.48116],[126.62214,37.48115],[126.62205,37.48113],[126.62196,37.48111],[126.62185,37.48109],[126.62181,37.48108],[126.62177,37.48107],[126.62163,37.48103],[126.62153,37.481],[126.62144,37.48098],[126.62132,37.48095],[126.62125,37.48093],[126.62107,37.48087],[126.62053,37.48071],[126.62035,37.48066],[126.61677,37.48359],[126.6133,37.48254],[126.61274,37.48237],[126.61416,37.47907],[126.61396,37.479],[126.61365,37.47889],[126.61341,37.479],[126.612,37.48214],[126.60625,37.48049],[126.60569,37.48031],[126.6051,37.48017],[126.60457,37.4813],[126.60985,37.48294],[126.60808,37.48682],[126.60624,37.4863],[126.60344,37.48408],[126.60054,37.48153],[126.59767,37.47734],[126.59558,37.47185],[126.59582,37.4706],[126.59602,37.47044],[126.59747,37.46988],[126.59903,37.46761],[126.6,37.4661],[126.60161,37.4658],[126.60327,37.46552],[126.60557,37.46624],[126.608,37.46719],[126.60993,37.46916],[126.60705,37.47561],[126.60837,37.47599],[126.60951,37.4735],[126.61112,37.47392],[126.60998,37.47636],[126.61234,37.47701],[126.6155,37.47024],[126.61625,37.46992],[126.6146,37.46811],[126.61419,37.46778],[126.61414,37.46733],[126.6141,37.46685],[126.61413,37.46446],[126.6142,37.46409],[126.61441,37.46399],[126.617,37.46302],[126.61984,37.46191],[126.61946,37.4613],[126.61947,37.46126],[126.61948,37.46124],[126.6195,37.46121],[126.62289,37.4599],[126.625,37.45907],[126.62432,37.45796],[126.62394,37.45786],[126.62047,37.45921],[126.61298,37.46212],[126.61258,37.46227],[126.61254,37.46229],[126.6124,37.46234],[126.61219,37.46243],[126.61213,37.46243],[126.61209,37.46242],[126.60568,37.46076],[126.60336,37.46016],[126.60271,37.4609],[126.60302,37.46136],[126.60308,37.46144],[126.60397,37.46275],[126.60439,37.46336],[126.60459,37.46376],[126.60483,37.46455],[126.59967,37.4655],[126.59317,37.46372],[126.59359,37.45875],[126.59258,37.45772]]]]}},{"type":"Feature","properties":{"id":"28-28140","name":"동구","sido":"인천광역시","code":"28140","center":[37.48333,126.63871]},"geometry":{"type":"Polygon","coordinates":[[[126.60981,37.48736],[126.61162,37.48349],[126.61165,37.48348],[126.61169,37.48347],[126.61706,37.48502],[126.61885,37.48547],[126.61677,37.48359],[126.62035,37.48066],[126.62053,37.48071],[126.62107,37.48087],[126.62125,37.48093],[126.62132,37.48095],[126.62144,37.48098],[126.62153,37.481],[126.62163,37.48103],[126.62177,37.48107],[126.62181,37.48108],[126.62185,37.48109],[126.62196,37.48111],[126.62205,37.48113],[126.62214,37.48115],[126.6222,37.48116],[126.62235,37.48118],[126.62242,37.48119],[126.62246,37.4812],[126.6225,37.4812],[126.62256,37.48121],[126.62266,37.48122],[126.62272,37.48123],[126.6228,37.48123],[126.62295,37.48124],[126.62303,37.48124],[126.62313,37.48125],[126.62319,37.48125],[126.62323,37.48125],[126.62329,37.48125],[126.62337,37.48124],[126.62345,37.48124],[126.62352,37.48124],[126.62356,37.48123],[126.62361,37.48123],[126.6237,37.48122],[126.62377,37.48122],[126.62387,37.48121],[126.62392,37.4812],[126.62397,37.48119],[126.624,37.48119],[126.62407,37.48118],[126.62417,37.48116],[126.62423,37.48115],[126.62434,37.48113],[126.6244,37.48112],[126.62447,37.4811],[126.62455,37.48108],[126.62464,37.48106],[126.62471,37.48103],[126.62478,37.48101],[126.62487,37.48099],[126.62494,37.48096],[126.62499,37.48095],[126.62504,37.48093],[126.62516,37.48088],[126.6252,37.48087],[126.62529,37.48083],[126.62535,37.4808],[126.62542,37.48077],[126.62548,37.48075],[126.62556,37.48071],[126.6256,37.48069],[126.62572,37.48063],[126.62584,37.48056],[126.6259,37.48052],[126.62597,37.48049],[126.62603,37.48045],[126.62617,37.48037],[126.62623,37.48033],[126.62665,37.48006],[126.62733,37.47962],[126.62797,37.47923],[126.62802,37.47943],[126.63142,37.4768],[126.63463,37.47367],[126.63618,37.47222],[126.63667,37.47178],[126.63919,37.47029],[126.6407,37.46953],[126.64279,37.46849],[126.6445,37.4696],[126.64555,37.46995],[126.65029,37.46951],[126.6512,37.4698],[126.65242,37.47051],[126.65264,37.47247],[126.65264,37.47271],[126.65263,37.47307],[126.65262,37.47323],[126.65239,37.47368],[126.65238,37.47371],[126.65235,37.47374],[126.65231,37.47377],[126.65227,37.4738],[126.65224,37.47383],[126.65219,37.47385],[126.65215,37.47386],[126.6521,37.47388],[126.65202,37.47389],[126.65198,37.4739],[126.65192,37.47391],[126.65185,37.47392],[126.6518,37.47393],[126.65173,37.47394],[126.6516,37.47397],[126.65156,37.47397],[126.65152,37.47399],[126.65147,37.47402],[126.65141,37.47407],[126.65135,37.47415],[126.65134,37.47419],[126.65131,37.47433],[126.6513,37.47443],[126.6513,37.47449],[126.65189,37.47555],[126.65201,37.47575],[126.65206,37.4758],[126.6521,37.47582],[126.65223,37.47582],[126.65232,37.4758],[126.65263,37.47575],[126.65272,37.47588],[126.65434,37.47847],[126.65356,37.4792],[126.65304,37.47953],[126.65283,37.47987],[126.65295,37.48169],[126.65349,37.48239],[126.65462,37.4837],[126.65496,37.48406],[126.655,37.48408],[126.65509,37.48405],[126.65518,37.48402],[126.65891,37.48268],[126.66085,37.48171],[126.66464,37.47978],[126.67048,37.47685],[126.671,37.47778],[126.66992,37.47863],[126.66476,37.48246],[126.66359,37.48327],[126.6618,37.48429],[126.65536,37.48816],[126.65337,37.48929],[126.65318,37.48939],[126.65189,37.49009],[126.65062,37.49077],[126.65032,37.49093],[126.64593,37.49323],[126.64144,37.49555],[126.64076,37.49587],[126.63586,37.49456],[126.63493,37.49431],[126.63331,37.49388],[126.63207,37.49355],[126.63168,37.49376],[126.62745,37.49325],[126.63155,37.48869],[126.63205,37.4877],[126.62925,37.48947],[126.62689,37.49061],[126.62737,37.49146],[126.62628,37.49254],[126.62416,37.49218],[126.62102,37.49125],[126.61617,37.48979],[126.60982,37.4874],[126.60981,37.48736]]]}},{"type":"Feature","properties":{"id":"28-28177","name":"미추홀구","sido":"인천광역시","code":"28177","center":[37.45285,126.66491]},"geometry":{"type":"Polygon","coordinates":[[[126.62917,37.45226],[126.62918,37.45203],[126.63152,37.44227],[126.63262,37.44153],[126.63468,37.431],[126.6349,37.43113],[126.63589,37.43139],[126.63724,37.43056],[126.63732,37.43055],[126.64059,37.43046],[126.64441,37.43168],[126.64445,37.43169],[126.64448,37.43171],[126.64466,37.43181],[126.64499,37.43203],[126.64519,37.43215],[126.64522,37.43218],[126.64532,37.43225],[126.6455,37.43239],[126.64577,37.43264],[126.64585,37.43274],[126.64646,37.43366],[126.64684,37.43428],[126.64692,37.43448],[126.64696,37.43457],[126.64699,37.43459],[126.64813,37.43512],[126.6542,37.43543],[126.65637,37.43528],[126.66054,37.43549],[126.66173,37.43506],[126.66445,37.4336],[126.66487,37.43339],[126.66497,37.43335],[126.66512,37.43332],[126.66605,37.43311],[126.66627,37.43306],[126.66666,37.43304],[126.66699,37.43305],[126.66929,37.43241],[126.67361,37.4309],[126.67402,37.43073],[126.67512,37.43028],[126.67707,37.4315],[126.68012,37.43092],[126.68559,37.43019],[126.68717,37.43318],[126.688,37.4332],[126.69506,37.43336],[126.69585,37.43338],[126.69669,37.4334],[126.69677,37.43432],[126.69666,37.43507],[126.69613,37.43703],[126.69493,37.43877],[126.69957,37.4389],[126.70236,37.43887],[126.70288,37.44277],[126.70102,37.44336],[126.70018,37.44362],[126.69641,37.44462],[126.69587,37.44485],[126.69581,37.44487],[126.69562,37.445],[126.69533,37.4452],[126.69342,37.44664],[126.69409,37.44716],[126.69288,37.44823],[126.69293,37.44833],[126.69261,37.45054],[126.69429,37.4515],[126.69504,37.45566],[126.69453,37.45598],[126.69451,37.45607],[126.6945,37.45753],[126.69454,37.45787],[126.69466,37.45874],[126.69467,37.45881],[126.69524,37.46033],[126.69724,37.46129],[126.69294,37.46472],[126.69279,37.46551],[126.68704,37.46617],[126.6868,37.46621],[126.68703,37.4677],[126.68724,37.46897],[126.68722,37.46899],[126.68643,37.46914],[126.68581,37.46925],[126.68576,37.46926],[126.68512,37.46938],[126.68508,37.46938],[126.68436,37.46953],[126.68436,37.46956],[126.68496,37.47045],[126.68504,37.47056],[126.68573,37.47156],[126.68575,37.4716],[126.68588,37.47178],[126.68598,37.47192],[126.68605,37.47202],[126.68404,37.47335],[126.68316,37.47344],[126.68306,37.47345],[126.68115,37.47375],[126.68111,37.47376],[126.68105,37.47378],[126.67993,37.47412],[126.67932,37.47431],[126.67904,37.47441],[126.67881,37.47449],[126.67859,37.47455],[126.67841,37.4746],[126.67669,37.47506],[126.67504,37.47549],[126.67485,37.47554],[126.67463,37.47559],[126.67454,37.4756],[126.67448,37.4756],[126.67444,37.47558],[126.67438,37.47551],[126.67048,37.47685],[126.66464,37.47978],[126.66085,37.48171],[126.65891,37.48268],[126.65518,37.48402],[126.65509,37.48405],[126.655,37.48408],[126.65496,37.48406],[126.65462,37.4837],[126.65349,37.48239],[126.65295,37.48169],[126.65283,37.47987],[126.65304,37.47953],[126.65356,37.4792],[126.65434,37.47847],[126.65272,37.47588],[126.65263,37.47575],[126.65232,37.4758],[126.65223,37.47582],[126.6521,37.47582],[126.65206,37.4758],[126.65201,37.47575],[126.65189,37.47555],[126.6513,37.47449],[126.6513,37.47443],[126.65131,37.47433],[126.65134,37.47419],[126.65135,37.47415],[126.65141,37.47407],[126.65147,37.47402],[126.65152,37.47399],[126.65156,37.47397],[126.6516,37.47397],[126.65173,37.47394],[126.6518,37.47393],[126.65185,37.47392],[126.65192,37.47391],[126.65198,37.4739],[126.65202,37.47389],[126.6521,37.47388],[126.65215,37.47386],[126.65219,37.47385],[126.65224,37.47383],[126.65227,37.4738],[126.65231,37.47377],[126.65235,37.47374],[126.65238,37.47371],[126.65239,37.47368],[126.65262,37.47323],[126.65263,37.47307],[126.65264,37.47271],[126.65264,37.47247],[126.65242,37.47051],[126.6512,37.4698],[126.65029,37.46951],[126.64555,37.46995],[126.6445,37.4696],[126.64279,37.46849],[126.64209,37.46758],[126.64215,37.46507],[126.64215,37.46504],[126.64131,37.46461],[126.6412,37.46456],[126.64077,37.46434],[126.64027,37.4641],[126.63944,37.4637],[126.63926,37.46357],[126.63916,37.46351],[126.63913,37.46346],[126.63782,37.46101],[126.63773,37.46061],[126.63758,37.45993],[126.63552,37.45727],[126.63401,37.45557],[126.63002,37.45301],[126.62958,37.45285],[126.62945,37.45273],[126.62925,37.45247],[126.62924,37.45244],[126.62917,37.45226]]]}},{"type":"Feature","properties":{"id":"28-28185","name":"연수구","sido":"인천광역시","code":"28185","center":[37.39057,126.64992]},"geometry":{"type":"Polygon","coordinates":[[[126.58453,37.35466],[126.58461,37.34738],[126.60739,37.34729],[126.61727,37.34732],[126.61731,37.34285],[126.63192,37.34296],[126.63782,37.343],[126.66107,37.34325],[126.71593,37.37907],[126.71608,37.38041],[126.71771,37.38111],[126.7114,37.38105],[126.70989,37.38157],[126.71026,37.38316],[126.6973,37.38534],[126.68485,37.38737],[126.6745,37.38911],[126.67298,37.38942],[126.67183,37.38989],[126.66778,37.3923],[126.66798,37.39255],[126.66837,37.39291],[126.66984,37.39423],[126.67013,37.39449],[126.67135,37.39557],[126.67336,37.39734],[126.67693,37.40048],[126.67783,37.40127],[126.67802,37.40142],[126.6781,37.40148],[126.67822,37.40157],[126.67849,37.40176],[126.6787,37.40191],[126.67902,37.4021],[126.67931,37.40227],[126.68005,37.40269],[126.68027,37.40278],[126.68085,37.40295],[126.68129,37.4031],[126.68161,37.40321],[126.6823,37.40344],[126.68277,37.40361],[126.68331,37.40385],[126.68357,37.40399],[126.68383,37.40416],[126.68402,37.40429],[126.68434,37.40453],[126.68441,37.4046],[126.68464,37.40482],[126.68478,37.40498],[126.68489,37.40513],[126.68503,37.40533],[126.68517,37.40554],[126.68528,37.40575],[126.68534,37.40587],[126.6854,37.40601],[126.68548,37.40625],[126.68552,37.40657],[126.6871,37.41063],[126.68727,37.41084],[126.68765,37.41123],[126.6925,37.41508],[126.69333,37.41571],[126.69453,37.41656],[126.69534,37.4171],[126.69561,37.41729],[126.69791,37.41894],[126.69866,37.41949],[126.69886,37.41966],[126.70281,37.42359],[126.70383,37.42461],[126.70393,37.42471],[126.70412,37.42492],[126.70429,37.42512],[126.70449,37.42539],[126.70462,37.42556],[126.70493,37.426],[126.70501,37.42615],[126.70508,37.42632],[126.70512,37.42642],[126.70518,37.42663],[126.70528,37.42698],[126.70533,37.42723],[126.70535,37.42733],[126.70604,37.43279],[126.7062,37.43415],[126.7049,37.4366],[126.70472,37.43817],[126.70474,37.4385],[126.70474,37.43862],[126.7047,37.43871],[126.70463,37.43884],[126.70293,37.43887],[126.70236,37.43887],[126.69957,37.4389],[126.69493,37.43877],[126.69613,37.43703],[126.69666,37.43507],[126.69677,37.43432],[126.69669,37.4334],[126.69585,37.43338],[126.69506,37.43336],[126.688,37.4332],[126.68717,37.43318],[126.68559,37.43019],[126.68012,37.43092],[126.67707,37.4315],[126.67512,37.43028],[126.67402,37.43073],[126.67361,37.4309],[126.66929,37.43241],[126.66699,37.43305],[126.66666,37.43304],[126.66627,37.43306],[126.66605,37.43311],[126.66512,37.43332],[126.66497,37.43335],[126.66487,37.43339],[126.66445,37.4336],[126.66173,37.43506],[126.66054,37.43549],[126.65637,37.43528],[126.6542,37.43543],[126.64813,37.43512],[126.64699,37.43459],[126.64696,37.43457],[126.64692,37.43448],[126.64684,37.43428],[126.64646,37.43366],[126.64585,37.43274],[126.64577,37.43264],[126.6455,37.43239],[126.64532,37.43225],[126.64522,37.43218],[126.64519,37.43215],[126.64499,37.43203],[126.64466,37.43181],[126.64448,37.43171],[126.64445,37.43169],[126.64441,37.43168],[126.64059,37.43046],[126.63732,37.43055],[126.63724,37.43056],[126.63589,37.43139],[126.6349,37.43113],[126.63468,37.431],[126.63497,37.43003],[126.61198,37.42997],[126.61087,37.42992],[126.6109,37.42705],[126.60791,37.42708],[126.58981,37.43305],[126.59029,37.41914],[126.59682,37.41595],[126.60972,37.41605],[126.60977,37.40657],[126.60987,37.38716],[126.61607,37.37925],[126.62473,37.37415],[126.61191,37.35531],[126.60735,37.35482],[126.5966,37.3548],[126.58453,37.35466]]]}},{"type":"Feature","properties":{"id":"28-28200","name":"남동구","sido":"인천광역시","code":"28200","center":[37.43086,126.72676]},"geometry":{"type":"Polygon","coordinates":[[[126.66778,37.3923],[126.67183,37.38989],[126.67298,37.38942],[126.6745,37.38911],[126.68485,37.38737],[126.6973,37.38534],[126.71026,37.38316],[126.70989,37.38157],[126.7114,37.38105],[126.71771,37.38111],[126.72091,37.38114],[126.72686,37.3859],[126.72998,37.38879],[126.73344,37.39217],[126.73604,37.3952],[126.73624,37.39528],[126.73654,37.39543],[126.73836,37.39652],[126.73884,37.39681],[126.73902,37.39692],[126.74066,37.39843],[126.74106,37.39881],[126.74112,37.39887],[126.74118,37.39892],[126.74162,37.39929],[126.74179,37.39943],[126.74204,37.39958],[126.74225,37.39972],[126.74242,37.39982],[126.74294,37.40004],[126.74308,37.4001],[126.74384,37.40037],[126.74417,37.4005],[126.74529,37.40095],[126.74582,37.40117],[126.74585,37.40122],[126.74589,37.40138],[126.74585,37.40159],[126.74704,37.40338],[126.74884,37.40575],[126.75058,37.40761],[126.75059,37.40981],[126.75224,37.41448],[126.75329,37.41692],[126.75498,37.41793],[126.75504,37.41799],[126.75505,37.41805],[126.75504,37.41816],[126.75493,37.41846],[126.75477,37.41888],[126.75408,37.42061],[126.75379,37.42133],[126.75369,37.42254],[126.75868,37.42596],[126.75968,37.42653],[126.76098,37.42629],[126.76381,37.42576],[126.76737,37.42659],[126.76867,37.42714],[126.76874,37.42718],[126.76903,37.42734],[126.76931,37.42766],[126.76978,37.42828],[126.77005,37.42863],[126.77035,37.42905],[126.77061,37.42955],[126.77127,37.43138],[126.77131,37.43514],[126.77131,37.43523],[126.77115,37.43636],[126.77112,37.43652],[126.77105,37.43682],[126.76933,37.44211],[126.76923,37.44235],[126.76884,37.44293],[126.76958,37.44518],[126.77071,37.44851],[126.77162,37.45015],[126.77174,37.45027],[126.77476,37.45056],[126.77755,37.45082],[126.77832,37.45079],[126.77921,37.4527],[126.77977,37.45433],[126.77976,37.4544],[126.77972,37.45445],[126.77937,37.45458],[126.77897,37.45473],[126.77829,37.45508],[126.77748,37.4574],[126.77745,37.45752],[126.7777,37.45906],[126.77851,37.46197],[126.77946,37.46505],[126.77959,37.46516],[126.77965,37.46522],[126.77968,37.46526],[126.77969,37.46529],[126.77971,37.46533],[126.77984,37.46579],[126.77966,37.46712],[126.77946,37.46829],[126.77942,37.46838],[126.77919,37.46869],[126.77846,37.46948],[126.77799,37.46991],[126.77797,37.46996],[126.77796,37.47],[126.77797,37.47017],[126.77805,37.4709],[126.77817,37.47181],[126.77406,37.4718],[126.7722,37.47255],[126.76774,37.47176],[126.76676,37.47032],[126.76644,37.4699],[126.76637,37.4699],[126.76613,37.46997],[126.76483,37.47012],[126.76263,37.47024],[126.76253,37.47022],[126.7584,37.46956],[126.75694,37.46917],[126.75691,37.46912],[126.75678,37.46871],[126.75627,37.4679],[126.75452,37.46573],[126.75273,37.46519],[126.75172,37.4652],[126.75138,37.46523],[126.7513,37.46526],[126.75107,37.46533],[126.74971,37.46579],[126.74871,37.46585],[126.74766,37.46574],[126.74757,37.46571],[126.7472,37.46556],[126.74605,37.46482],[126.74514,37.46537],[126.74511,37.46596],[126.74488,37.46629],[126.74195,37.46915],[126.74172,37.46929],[126.73847,37.4709],[126.73662,37.47102],[126.73618,37.47098],[126.73568,37.47083],[126.73229,37.47159],[126.73118,37.47244],[126.73054,37.47253],[126.72974,37.4724],[126.72828,37.47185],[126.72816,37.47177],[126.72809,37.47164],[126.72789,37.47128],[126.72778,37.4711],[126.72756,37.47075],[126.72745,37.47062],[126.72714,37.47039],[126.727,37.47031],[126.72685,37.47029],[126.72512,37.47014],[126.72475,37.47011],[126.72349,37.47005],[126.72285,37.47027],[126.7227,37.47061],[126.71968,37.47362],[126.71753,37.47543],[126.71702,37.47577],[126.71631,37.47622],[126.71604,37.47637],[126.71587,37.47641],[126.71435,37.47654],[126.71286,37.47638],[126.71274,37.47638],[126.71265,37.4764],[126.71253,37.47653],[126.71213,37.47697],[126.71191,37.47735],[126.71094,37.47962],[126.70961,37.47589],[126.70928,37.4746],[126.70806,37.47101],[126.70798,37.46933],[126.70663,37.46936],[126.7046,37.46854],[126.70455,37.46837],[126.70329,37.46792],[126.70325,37.46792],[126.70322,37.46792],[126.70266,37.46791],[126.69761,37.46809],[126.69706,37.46827],[126.69631,37.46858],[126.69503,37.46915],[126.69499,37.46917],[126.69387,37.46968],[126.69344,37.46987],[126.6934,37.46991],[126.69339,37.46994],[126.69267,37.46968],[126.69247,37.46981],[126.69193,37.47017],[126.69172,37.47028],[126.69132,37.47048],[126.6907,37.47063],[126.69045,37.47064],[126.68995,37.47067],[126.68866,37.47068],[126.68861,37.4707],[126.6883,37.47077],[126.68641,37.47181],[126.68605,37.47202],[126.68598,37.47192],[126.68588,37.47178],[126.68575,37.4716],[126.68573,37.47156],[126.68504,37.47056],[126.68496,37.47045],[126.68436,37.46956],[126.68436,37.46953],[126.68508,37.46938],[126.68512,37.46938],[126.68576,37.46926],[126.68581,37.46925],[126.68643,37.46914],[126.68722,37.46899],[126.68724,37.46897],[126.68703,37.4677],[126.6868,37.46621],[126.68704,37.46617],[126.69279,37.46551],[126.69294,37.46472],[126.69724,37.46129],[126.69524,37.46033],[126.69467,37.45881],[126.69466,37.45874],[126.69454,37.45787],[126.6945,37.45753],[126.69451,37.45607],[126.69453,37.45598],[126.69504,37.45566],[126.69429,37.4515],[126.69261,37.45054],[126.69293,37.44833],[126.69288,37.44823],[126.69409,37.44716],[126.69342,37.44664],[126.69533,37.4452],[126.69562,37.445],[126.69581,37.44487],[126.69587,37.44485],[126.69641,37.44462],[126.70018,37.44362],[126.70102,37.44336],[126.70288,37.44277],[126.70236,37.43887],[126.70293,37.43887],[126.70463,37.43884],[126.7047,37.43871],[126.70474,37.43862],[126.70474,37.4385],[126.70472,37.43817],[126.7049,37.4366],[126.7062,37.43415],[126.70604,37.43279],[126.70535,37.42733],[126.70533,37.42723],[126.70528,37.42698],[126.70518,37.42663],[126.70512,37.42642],[126.70508,37.42632],[126.70501,37.42615],[126.70493,37.426],[126.70462,37.42556],[126.70449,37.42539],[126.70429,37.42512],[126.70412,37.42492],[126.70393,37.42471],[126.70383,37.42461],[126.70281,37.42359],[126.69886,37.41966],[126.69866,37.41949],[126.69791,37.41894],[126.69561,37.41729],[126.69534,37.4171],[126.69453,37.41656],[126.69333,37.41571],[126.6925,37.41508],[126.68765,37.41123],[126.68727,37.41084],[126.6871,37.41063],[126.68552,37.40657],[126.68548,37.40625],[126.6854,37.40601],[126.68534,37.40587],[126.68528,37.40575],[126.68517,37.40554],[126.68503,37.40533],[126.68489,37.40513],[126.68478,37.40498],[126.68464,37.40482],[126.68441,37.4046],[126.68434,37.40453],[126.68402,37.40429],[126.68383,37.40416],[126.68357,37.40399],[126.68331,37.40385],[126.68277,37.40361],[126.6823,37.40344],[126.68161,37.40321],[126.68129,37.4031],[126.68085,37.40295],[126.68027,37.40278],[126.68005,37.40269],[126.67931,37.40227],[126.67902,37.4021],[126.6787,37.40191],[126.67849,37.40176],[126.67822,37.40157],[126.6781,37.40148],[126.67802,37.40142],[126.67783,37.40127],[126.67693,37.40048],[126.67336,37.39734],[126.67135,37.39557],[126.67013,37.39449],[126.66984,37.39423],[126.66837,37.39291],[126.66798,37.39255],[126.66778,37.3923]]]}},{"type":"Feature","properties":{"id":"28-28237","name":"부평구","sido":"인천광역시","code":"28237","center":[37.4967,126.72114]},"geometry":{"type":"Polygon","coordinates":[[[126.68322,37.517],[126.68327,37.51491],[126.68328,37.51466],[126.68594,37.51311],[126.6866,37.51179],[126.68671,37.51051],[126.68848,37.50877],[126.6886,37.50824],[126.68861,37.5081],[126.68876,37.50595],[126.68845,37.50521],[126.691,37.50379],[126.69122,37.5036],[126.69203,37.50221],[126.69208,37.50211],[126.69217,37.50187],[126.69223,37.5016],[126.69112,37.50005],[126.69109,37.50003],[126.691,37.5],[126.6908,37.49992],[126.69074,37.49989],[126.69071,37.49987],[126.69002,37.49947],[126.68997,37.49944],[126.68983,37.49928],[126.68973,37.49914],[126.68954,37.49857],[126.68953,37.49854],[126.68953,37.4985],[126.68952,37.49841],[126.68951,37.49827],[126.68951,37.49822],[126.69005,37.49792],[126.69048,37.49774],[126.69284,37.49536],[126.69223,37.4924],[126.69483,37.4917],[126.69509,37.49146],[126.69528,37.49129],[126.69793,37.48985],[126.69941,37.48839],[126.69963,37.48697],[126.69991,37.48664],[126.70047,37.48652],[126.70154,37.48661],[126.70135,37.4851],[126.69607,37.48515],[126.69585,37.48523],[126.69449,37.48568],[126.69438,37.48569],[126.69408,37.48568],[126.6939,37.48565],[126.69263,37.48535],[126.68982,37.48298],[126.68998,37.48256],[126.69011,37.48226],[126.6902,37.48205],[126.69032,37.48179],[126.69038,37.48168],[126.69078,37.48085],[126.69084,37.4807],[126.69068,37.47931],[126.69065,37.47908],[126.68742,37.47631],[126.68404,37.47335],[126.68605,37.47202],[126.68641,37.47181],[126.6883,37.47077],[126.68861,37.4707],[126.68866,37.47068],[126.68995,37.47067],[126.69045,37.47064],[126.6907,37.47063],[126.69132,37.47048],[126.69172,37.47028],[126.69193,37.47017],[126.69247,37.46981],[126.69267,37.46968],[126.69339,37.46994],[126.6934,37.46991],[126.69344,37.46987],[126.69387,37.46968],[126.69499,37.46917],[126.69503,37.46915],[126.69631,37.46858],[126.69706,37.46827],[126.69761,37.46809],[126.70266,37.46791],[126.70322,37.46792],[126.70325,37.46792],[126.70329,37.46792],[126.70455,37.46837],[126.7046,37.46854],[126.70663,37.46936],[126.70798,37.46933],[126.70806,37.47101],[126.70928,37.4746],[126.70961,37.47589],[126.71094,37.47962],[126.71191,37.47735],[126.71213,37.47697],[126.71253,37.47653],[126.71265,37.4764],[126.71274,37.47638],[126.71286,37.47638],[126.71435,37.47654],[126.71587,37.47641],[126.71604,37.47637],[126.71631,37.47622],[126.71702,37.47577],[126.71753,37.47543],[126.71968,37.47362],[126.7227,37.47061],[126.72285,37.47027],[126.72349,37.47005],[126.72475,37.47011],[126.72512,37.47014],[126.72685,37.47029],[126.727,37.47031],[126.72714,37.47039],[126.72745,37.47062],[126.72756,37.47075],[126.72778,37.4711],[126.72789,37.47128],[126.72809,37.47164],[126.72816,37.47177],[126.72828,37.47185],[126.72974,37.4724],[126.73054,37.47253],[126.73118,37.47244],[126.73229,37.47159],[126.73568,37.47083],[126.73618,37.47098],[126.73662,37.47102],[126.73847,37.4709],[126.74172,37.46929],[126.74195,37.46915],[126.74488,37.46629],[126.74511,37.46596],[126.74514,37.46537],[126.74605,37.46482],[126.7472,37.46556],[126.74757,37.46571],[126.74766,37.46574],[126.74871,37.46585],[126.74971,37.46579],[126.75107,37.46533],[126.7513,37.46526],[126.75138,37.46523],[126.75172,37.4652],[126.75273,37.46519],[126.75452,37.46573],[126.75627,37.4679],[126.75678,37.46871],[126.75691,37.46912],[126.75694,37.46917],[126.7584,37.46956],[126.76253,37.47022],[126.76263,37.47024],[126.76483,37.47012],[126.76613,37.46997],[126.76637,37.4699],[126.76644,37.4699],[126.76676,37.47032],[126.76774,37.47176],[126.76752,37.47248],[126.7669,37.47319],[126.76537,37.4745],[126.76484,37.47489],[126.76259,37.4757],[126.76064,37.47608],[126.75997,37.47632],[126.75971,37.47646],[126.75952,37.47656],[126.75621,37.47976],[126.75501,37.481],[126.75499,37.48103],[126.75505,37.48148],[126.75508,37.48156],[126.75515,37.48177],[126.75536,37.48217],[126.75541,37.48232],[126.75549,37.48267],[126.75549,37.4828],[126.75452,37.4837],[126.75431,37.48379],[126.75317,37.48428],[126.75245,37.48457],[126.75073,37.48511],[126.74966,37.48536],[126.74585,37.48596],[126.7426,37.48665],[126.74242,37.48843],[126.74242,37.48849],[126.74241,37.48881],[126.74187,37.49254],[126.74172,37.4937],[126.74168,37.49405],[126.74167,37.49412],[126.74166,37.49432],[126.74166,37.49449],[126.74163,37.4951],[126.74173,37.49543],[126.74256,37.49722],[126.74392,37.50106],[126.744,37.50131],[126.74413,37.50179],[126.74307,37.50435],[126.74266,37.50512],[126.74215,37.50567],[126.74216,37.50645],[126.74218,37.5084],[126.74257,37.50942],[126.7451,37.51408],[126.74551,37.51465],[126.7458,37.51476],[126.74631,37.5148],[126.74661,37.51474],[126.74704,37.51466],[126.74732,37.5146],[126.74758,37.51456],[126.74781,37.51453],[126.74867,37.51459],[126.74879,37.51461],[126.74936,37.51472],[126.74967,37.51478],[126.75059,37.51498],[126.75189,37.51534],[126.75195,37.51539],[126.752,37.51641],[126.75497,37.51659],[126.76019,37.51587],[126.76029,37.51796],[126.76034,37.5241],[126.75574,37.52407],[126.75136,37.52405],[126.74511,37.524],[126.73619,37.52391],[126.73586,37.52391],[126.73349,37.52387],[126.73299,37.52386],[126.72772,37.52381],[126.72589,37.5238],[126.72213,37.52381],[126.71916,37.52377],[126.70497,37.52363],[126.69789,37.52361],[126.69057,37.52357],[126.68638,37.52332],[126.6867,37.52329],[126.68705,37.52319],[126.68726,37.52299],[126.68727,37.52284],[126.68726,37.52273],[126.68724,37.52264],[126.68614,37.52051],[126.68563,37.52007],[126.68445,37.51891],[126.68341,37.51753],[126.68337,37.51744],[126.68325,37.51715],[126.68322,37.517]]]}},{"type":"Feature","properties":{"id":"28-28245","name":"계양구","sido":"인천광역시","code":"28245","center":[37.55725,126.73465]},"geometry":{"type":"Polygon","coordinates":[[[126.68179,37.58338],[126.68309,37.58146],[126.68262,37.57953],[126.68218,37.57849],[126.68214,37.57751],[126.68215,37.57748],[126.68217,37.57741],[126.68232,37.57728],[126.68245,37.57722],[126.68606,37.57611],[126.68632,37.57608],[126.68653,37.57614],[126.68792,37.57658],[126.69242,37.57509],[126.6946,37.5745],[126.69778,37.57382],[126.69793,37.57381],[126.69896,37.57342],[126.69899,37.57341],[126.69906,37.57338],[126.70024,37.57209],[126.70029,37.57204],[126.70036,37.57196],[126.70041,37.57169],[126.70037,37.57116],[126.70032,37.57103],[126.69919,37.56933],[126.69913,37.56927],[126.69948,37.56774],[126.70014,37.56559],[126.70019,37.56547],[126.70024,37.56545],[126.70029,37.56541],[126.70172,37.56491],[126.70195,37.56489],[126.70288,37.56497],[126.70307,37.56495],[126.70316,37.56491],[126.70335,37.5647],[126.70343,37.56447],[126.70344,37.56426],[126.70338,37.56387],[126.70264,37.56125],[126.70235,37.56075],[126.70212,37.5605],[126.70157,37.56015],[126.69951,37.55889],[126.69968,37.55863],[126.70037,37.55779],[126.70193,37.55614],[126.7021,37.55603],[126.70515,37.55508],[126.70522,37.5551],[126.70651,37.55573],[126.70722,37.55611],[126.70747,37.55626],[126.70767,37.55628],[126.70785,37.55618],[126.71105,37.55413],[126.71103,37.55376],[126.711,37.55335],[126.70954,37.55106],[126.7093,37.55068],[126.7084,37.54764],[126.7081,37.54667],[126.70561,37.54474],[126.70571,37.54463],[126.70709,37.54315],[126.70692,37.54289],[126.70616,37.54259],[126.70488,37.54207],[126.69928,37.54043],[126.69757,37.54188],[126.6972,37.54191],[126.69208,37.54109],[126.69193,37.54101],[126.6919,37.54099],[126.692,37.54065],[126.69221,37.53989],[126.69291,37.53748],[126.6917,37.53569],[126.69151,37.53559],[126.69062,37.53568],[126.68942,37.5358],[126.68801,37.53594],[126.68462,37.53562],[126.68416,37.53545],[126.68361,37.5352],[126.6837,37.53443],[126.68329,37.53385],[126.68278,37.53328],[126.68272,37.53318],[126.68259,37.53298],[126.68246,37.532],[126.6829,37.53112],[126.68345,37.53112],[126.68399,37.53111],[126.68692,37.53074],[126.68748,37.52831],[126.68772,37.52671],[126.68778,37.52625],[126.68783,37.52593],[126.68894,37.52474],[126.69031,37.52375],[126.69057,37.52357],[126.69789,37.52361],[126.70497,37.52363],[126.71916,37.52377],[126.72213,37.52381],[126.72589,37.5238],[126.72772,37.52381],[126.73299,37.52386],[126.73349,37.52387],[126.73586,37.52391],[126.73619,37.52391],[126.74511,37.524],[126.75136,37.52405],[126.75574,37.52407],[126.76034,37.5241],[126.76032,37.5275],[126.76032,37.52832],[126.76032,37.52877],[126.76033,37.52955],[126.76039,37.53196],[126.76039,37.5321],[126.7605,37.53413],[126.76052,37.53457],[126.76054,37.53472],[126.76055,37.53476],[126.76068,37.53556],[126.76095,37.53786],[126.7616,37.54023],[126.76285,37.54322],[126.76319,37.54441],[126.76337,37.54552],[126.76351,37.54675],[126.76456,37.54968],[126.76456,37.55043],[126.76456,37.55055],[126.76475,37.55118],[126.76477,37.5512],[126.76771,37.55419],[126.7672,37.55415],[126.76458,37.5551],[126.76444,37.55517],[126.76434,37.55522],[126.7643,37.55529],[126.76428,37.55534],[126.76431,37.55538],[126.76433,37.5554],[126.76439,37.55543],[126.76447,37.55546],[126.76457,37.55551],[126.76937,37.55714],[126.76946,37.55715],[126.76973,37.5572],[126.77031,37.55719],[126.77073,37.55716],[126.77563,37.5618],[126.77546,37.56538],[126.77696,37.56634],[126.78053,37.56833],[126.7825,37.57023],[126.78197,37.57169],[126.7819,37.57185],[126.78257,37.57335],[126.78262,37.57342],[126.7827,37.57356],[126.78289,37.5737],[126.78458,37.57467],[126.78807,37.57674],[126.78877,37.5773],[126.79125,37.58084],[126.79274,37.58017],[126.7934,37.58052],[126.7937,37.58154],[126.79367,37.5816],[126.79286,37.58205],[126.79213,37.58248],[126.78705,37.58555],[126.78663,37.58512],[126.78604,37.58452],[126.78585,37.58433],[126.7856,37.58407],[126.78411,37.58259],[126.78193,37.58391],[126.7801,37.58436],[126.7788,37.58453],[126.77768,37.58464],[126.77678,37.58466],[126.77486,37.58487],[126.77336,37.58512],[126.7733,37.58514],[126.77327,37.58515],[126.77159,37.5857],[126.7715,37.58574],[126.77117,37.58591],[126.77101,37.58598],[126.77089,37.58604],[126.77032,37.58652],[126.77012,37.58668],[126.76945,37.58724],[126.76807,37.58806],[126.76731,37.58803],[126.76404,37.5859],[126.76308,37.58489],[126.76155,37.58531],[126.75916,37.58509],[126.75809,37.58487],[126.7577,37.58479],[126.75556,37.58274],[126.75556,37.58271],[126.75557,37.58257],[126.75558,37.5823],[126.75564,37.58124],[126.75474,37.58043],[126.75182,37.57957],[126.74993,37.58095],[126.75,37.58197],[126.75002,37.58242],[126.75003,37.58368],[126.7496,37.58438],[126.74916,37.5848],[126.74891,37.58491],[126.74847,37.58522],[126.74661,37.58672],[126.74655,37.58678],[126.74646,37.58686],[126.74635,37.58703],[126.74628,37.58712],[126.74615,37.58733],[126.74533,37.58879],[126.74523,37.5891],[126.74493,37.58999],[126.74481,37.59046],[126.74454,37.59154],[126.74362,37.59335],[126.73903,37.59369],[126.73827,37.59356],[126.73798,37.5935],[126.73705,37.59318],[126.73698,37.59307],[126.73664,37.59247],[126.73668,37.59219],[126.73502,37.59047],[126.73222,37.59167],[126.72918,37.59289],[126.72901,37.59294],[126.7286,37.59284],[126.72732,37.59254],[126.72513,37.592],[126.72481,37.59159],[126.72454,37.59143],[126.72363,37.59088],[126.72289,37.59043],[126.72226,37.59006],[126.72092,37.58887],[126.71777,37.58533],[126.71771,37.58523],[126.71761,37.58488],[126.71766,37.58358],[126.71823,37.58287],[126.71774,37.5815],[126.71764,37.58133],[126.71706,37.5804],[126.71626,37.5794],[126.7146,37.57835],[126.7133,37.57769],[126.71041,37.57868],[126.70921,37.57916],[126.70617,37.57988],[126.70044,37.5809],[126.69733,37.58135],[126.69505,37.58154],[126.6933,37.58225],[126.69295,37.58233],[126.69286,37.58234],[126.69238,37.58239],[126.69206,37.58243],[126.69145,37.58246],[126.69079,37.58269],[126.68982,37.58269],[126.68711,37.58371],[126.68699,37.58375],[126.68681,37.58382],[126.68615,37.584],[126.68602,37.58396],[126.68492,37.58414],[126.68425,37.58399],[126.68361,37.58356],[126.68199,37.58374],[126.68191,37.58336],[126.68179,37.58338]]]}},{"type":"Feature","properties":{"id":"28-28260","name":"서구","sido":"인천광역시","code":"28260","center":[37.55721,126.64898]},"geometry":{"type":"MultiPolygon","coordinates":[[[[126.55571,37.57614],[126.55866,37.57315],[126.56121,37.57185],[126.56145,37.57173],[126.56158,37.57168],[126.56415,37.57102],[126.56923,37.57025],[126.57001,37.57047],[126.57106,37.57203],[126.57116,37.57227],[126.5711,37.57255],[126.56975,37.57323],[126.56935,37.57334],[126.5693,37.57334],[126.56881,37.57291],[126.56866,37.57284],[126.56843,37.57281],[126.56832,37.57282],[126.56717,37.57296],[126.5666,37.57313],[126.56313,37.57451],[126.56128,37.57534],[126.56024,37.57612],[126.55932,37.57619],[126.559,37.57637],[126.55843,37.57714],[126.55802,37.57786],[126.55679,37.57876],[126.5564,37.57886],[126.5558,37.57886],[126.55571,37.57614]]],[[[126.57258,37.58778],[126.57553,37.58341],[126.58149,37.57144],[126.58569,37.56716],[126.5906,37.56215],[126.59334,37.55935],[126.59372,37.55426],[126.59883,37.5547],[126.60451,37.5556],[126.60608,37.55409],[126.60658,37.55369],[126.60481,37.55277],[126.60594,37.55041],[126.60541,37.54935],[126.60509,37.53932],[126.59915,37.53917],[126.59939,37.53342],[126.60247,37.53326],[126.60266,37.52785],[126.611,37.52779],[126.61089,37.52728],[126.60266,37.52705],[126.60261,37.51706],[126.60187,37.51689],[126.60198,37.51613],[126.60277,37.51613],[126.60327,37.51321],[126.6045,37.51199],[126.60413,37.51006],[126.60418,37.50657],[126.60439,37.49681],[126.60868,37.49689],[126.62679,37.49722],[126.62969,37.49957],[126.62971,37.50238],[126.63211,37.50277],[126.63228,37.50281],[126.63407,37.50332],[126.63483,37.50439],[126.63801,37.50467],[126.63977,37.50465],[126.64111,37.50498],[126.63993,37.50385],[126.63991,37.50256],[126.64076,37.49916],[126.64101,37.49916],[126.64076,37.49587],[126.64144,37.49555],[126.64593,37.49323],[126.65032,37.49093],[126.65062,37.49077],[126.65189,37.49009],[126.65318,37.48939],[126.65337,37.48929],[126.65536,37.48816],[126.6618,37.48429],[126.66359,37.48327],[126.66476,37.48246],[126.66992,37.47863],[126.671,37.47778],[126.67048,37.47685],[126.67438,37.47551],[126.67444,37.47558],[126.67448,37.4756],[126.67454,37.4756],[126.67463,37.47559],[126.67485,37.47554],[126.67504,37.47549],[126.67669,37.47506],[126.67841,37.4746],[126.67859,37.47455],[126.67881,37.47449],[126.67904,37.47441],[126.67932,37.47431],[126.67993,37.47412],[126.68105,37.47378],[126.68111,37.47376],[126.68115,37.47375],[126.68306,37.47345],[126.68316,37.47344],[126.68404,37.47335],[126.68742,37.47631],[126.69065,37.47908],[126.69068,37.47931],[126.69084,37.4807],[126.69078,37.48085],[126.69038,37.48168],[126.69032,37.48179],[126.6902,37.48205],[126.69011,37.48226],[126.68998,37.48256],[126.68982,37.48298],[126.69263,37.48535],[126.6939,37.48565],[126.69408,37.48568],[126.69438,37.48569],[126.69449,37.48568],[126.69585,37.48523],[126.69607,37.48515],[126.70135,37.4851],[126.70154,37.48661],[126.70047,37.48652],[126.69991,37.48664],[126.69963,37.48697],[126.69941,37.48839],[126.69793,37.48985],[126.69528,37.49129],[126.69509,37.49146],[126.69483,37.4917],[126.69223,37.4924],[126.69284,37.49536],[126.69048,37.49774],[126.69005,37.49792],[126.68951,37.49822],[126.68951,37.49827],[126.68952,37.49841],[126.68953,37.4985],[126.68953,37.49854],[126.68954,37.49857],[126.68973,37.49914],[126.68983,37.49928],[126.68997,37.49944],[126.69002,37.49947],[126.69071,37.49987],[126.69074,37.49989],[126.6908,37.49992],[126.691,37.5],[126.69109,37.50003],[126.69112,37.50005],[126.69223,37.5016],[126.69217,37.50187],[126.69208,37.50211],[126.69203,37.50221],[126.69122,37.5036],[126.691,37.50379],[126.68845,37.50521],[126.68876,37.50595],[126.68861,37.5081],[126.6886,37.50824],[126.68848,37.50877],[126.68671,37.51051],[126.6866,37.51179],[126.68594,37.51311],[126.68328,37.51466],[126.68327,37.51491],[126.68322,37.517],[126.68325,37.51715],[126.68337,37.51744],[126.68341,37.51753],[126.68445,37.51891],[126.68563,37.52007],[126.68614,37.52051],[126.68724,37.52264],[126.68726,37.52273],[126.68727,37.52284],[126.68726,37.52299],[126.68705,37.52319],[126.6867,37.52329],[126.68638,37.52332],[126.69057,37.52357],[126.69031,37.52375],[126.68894,37.52474],[126.68783,37.52593],[126.68778,37.52625],[126.68772,37.52671],[126.68748,37.52831],[126.68692,37.53074],[126.68399,37.53111],[126.68345,37.53112],[126.6829,37.53112],[126.68246,37.532],[126.68259,37.53298],[126.68272,37.53318],[126.68278,37.53328],[126.68329,37.53385],[126.6837,37.53443],[126.68361,37.5352],[126.68416,37.53545],[126.68462,37.53562],[126.68801,37.53594],[126.68942,37.5358],[126.69062,37.53568],[126.69151,37.53559],[126.6917,37.53569],[126.69291,37.53748],[126.69221,37.53989],[126.692,37.54065],[126.6919,37.54099],[126.69193,37.54101],[126.69208,37.54109],[126.6972,37.54191],[126.69757,37.54188],[126.69928,37.54043],[126.70488,37.54207],[126.70616,37.54259],[126.70692,37.54289],[126.70709,37.54315],[126.70571,37.54463],[126.70561,37.54474],[126.7081,37.54667],[126.7084,37.54764],[126.7093,37.55068],[126.70954,37.55106],[126.711,37.55335],[126.71103,37.55376],[126.71105,37.55413],[126.70785,37.55618],[126.70767,37.55628],[126.70747,37.55626],[126.70722,37.55611],[126.70651,37.55573],[126.70522,37.5551],[126.70515,37.55508],[126.7021,37.55603],[126.70193,37.55614],[126.70037,37.55779],[126.69968,37.55863],[126.69951,37.55889],[126.70157,37.56015],[126.70212,37.5605],[126.70235,37.56075],[126.70264,37.56125],[126.70338,37.56387],[126.70344,37.56426],[126.70343,37.56447],[126.70335,37.5647],[126.70316,37.56491],[126.70307,37.56495],[126.70288,37.56497],[126.70195,37.56489],[126.70172,37.56491],[126.70029,37.56541],[126.70024,37.56545],[126.70019,37.56547],[126.70014,37.56559],[126.69948,37.56774],[126.69913,37.56927],[126.69919,37.56933],[126.70032,37.57103],[126.70037,37.57116],[126.70041,37.57169],[126.70036,37.57196],[126.70029,37.57204],[126.70024,37.57209],[126.69906,37.57338],[126.69899,37.57341],[126.69896,37.57342],[126.69793,37.57381],[126.69778,37.57382],[126.6946,37.5745],[126.69242,37.57509],[126.68792,37.57658],[126.68653,37.57614],[126.68632,37.57608],[126.68606,37.57611],[126.68245,37.57722],[126.68232,37.57728],[126.68217,37.57741],[126.68215,37.57748],[126.68214,37.57751],[126.68218,37.57849],[126.68262,37.57953],[126.68309,37.58146],[126.68179,37.58338],[126.68191,37.58336],[126.68199,37.58374],[126.68361,37.58356],[126.68425,37.58399],[126.68492,37.58414],[126.68602,37.58396],[126.68615,37.584],[126.68681,37.58382],[126.68699,37.58375],[126.68711,37.58371],[126.68982,37.58269],[126.69079,37.58269],[126.69145,37.58246],[126.69206,37.58243],[126.69238,37.58239],[126.69286,37.58234],[126.69295,37.58233],[126.6933,37.58225],[126.69505,37.58154],[126.69733,37.58135],[126.70044,37.5809],[126.70617,37.57988],[126.70921,37.57916],[126.71041,37.57868],[126.7133,37.57769],[126.7146,37.57835],[126.71626,37.5794],[126.71706,37.5804],[126.71764,37.58133],[126.71774,37.5815],[126.71823,37.58287],[126.71766,37.58358],[126.71761,37.58488],[126.71771,37.58523],[126.71777,37.58533],[126.72092,37.58887],[126.72226,37.59006],[126.72289,37.59043],[126.72363,37.59088],[126.72454,37.59143],[126.72481,37.59159],[126.72513,37.592],[126.72451,37.59294],[126.72196,37.59583],[126.72186,37.59593],[126.7216,37.59622],[126.72148,37.5963],[126.71932,37.5978],[126.71926,37.59784],[126.7191,37.59793],[126.71902,37.59788],[126.71897,37.59785],[126.71883,37.59784],[126.71861,37.59783],[126.71812,37.5978],[126.71799,37.5979],[126.71773,37.59811],[126.71757,37.59823],[126.71714,37.59858],[126.71639,37.59932],[126.71318,37.60282],[126.71247,37.60396],[126.71199,37.60479],[126.71057,37.605],[126.70993,37.60509],[126.70837,37.60493],[126.70816,37.60476],[126.70689,37.60366],[126.70663,37.60343],[126.70465,37.60262],[126.70451,37.60265],[126.70425,37.60555],[126.70534,37.60678],[126.70598,37.60763],[126.70608,37.60777],[126.70628,37.61015],[126.7058,37.61082],[126.70528,37.61154],[126.70497,37.61183],[126.70416,37.61255],[126.70214,37.61396],[126.69982,37.61583],[126.6995,37.61635],[126.69863,37.61746],[126.69806,37.61782],[126.69627,37.61894],[126.6955,37.61938],[126.69152,37.62133],[126.68745,37.62283],[126.68519,37.6242],[126.68516,37.62423],[126.68502,37.62431],[126.68168,37.62653],[126.68085,37.6274],[126.68077,37.62756],[126.68081,37.62782],[126.68074,37.62864],[126.68025,37.62938],[126.68007,37.62964],[126.67931,37.62989],[126.67771,37.62987],[126.67737,37.62987],[126.67703,37.62987],[126.67517,37.62995],[126.67507,37.63001],[126.67442,37.63036],[126.6742,37.63121],[126.67409,37.63214],[126.67408,37.63223],[126.67394,37.63232],[126.67094,37.63436],[126.6685,37.63522],[126.66563,37.63624],[126.66281,37.63685],[126.66245,37.63693],[126.66203,37.63687],[126.66192,37.63685],[126.66169,37.63681],[126.66108,37.63672],[126.661,37.6368],[126.66041,37.63733],[126.66031,37.63742],[126.65944,37.63823],[126.65794,37.63855],[126.65717,37.63804],[126.65709,37.638],[126.65693,37.63796],[126.65601,37.63801],[126.65532,37.63778],[126.65428,37.63807],[126.65388,37.63823],[126.65341,37.63833],[126.6531,37.63923],[126.65246,37.63958],[126.65158,37.63877],[126.65131,37.6377],[126.65145,37.63726],[126.65153,37.63701],[126.65167,37.63658],[126.65175,37.63573],[126.65169,37.63517],[126.65061,37.63339],[126.64997,37.63236],[126.64956,37.63172],[126.64896,37.63079],[126.64843,37.62997],[126.6483,37.62978],[126.64806,37.6294],[126.64787,37.62915],[126.64776,37.62899],[126.64758,37.62874],[126.64492,37.6286],[126.64358,37.628],[126.64227,37.62773],[126.63966,37.62772],[126.63948,37.62776],[126.63695,37.62603],[126.63698,37.62343],[126.63657,37.62049],[126.6365,37.62037],[126.63646,37.62035],[126.63434,37.61941],[126.63281,37.61692],[126.63264,37.61639],[126.63262,37.61634],[126.63142,37.61346],[126.62929,37.61096],[126.62775,37.6069],[126.62769,37.60597],[126.62552,37.60433],[126.6234,37.6028],[126.61958,37.60389],[126.61575,37.60549],[126.61541,37.60565],[126.61475,37.60587],[126.61391,37.60579],[126.61386,37.60578],[126.61314,37.60561],[126.61276,37.60551],[126.61262,37.60547],[126.61246,37.60543],[126.61163,37.60512],[126.60906,37.60415],[126.60861,37.60379],[126.60846,37.60352],[126.60834,37.6033],[126.60819,37.60302],[126.60767,37.60207],[126.6074,37.60168],[126.60711,37.60127],[126.60617,37.6004],[126.60552,37.59988],[126.60531,37.59973],[126.60495,37.59944],[126.60412,37.59883],[126.6037,37.59858],[126.60298,37.59816],[126.59272,37.59298],[126.59257,37.59293],[126.59206,37.59277],[126.59186,37.59271],[126.59021,37.59219],[126.5796,37.58954],[126.57258,37.58778]]]]}},{"type":"Feature","properties":{"id":"28-28710","name":"강화군","sido":"인천광역시","code":"28710","center":[37.70715,126.35736]},"geometry":{"type":"MultiPolygon","coordinates":[[[[126.1214,37.68718],[126.12168,37.68668],[126.12218,37.68633],[126.1226,37.68628],[126.12293,37.68625],[126.12344,37.68633],[126.12384,37.68633],[126.12411,37.68623],[126.12436,37.68605],[126.12448,37.68582],[126.12533,37.68376],[126.12581,37.6823],[126.12597,37.68202],[126.12607,37.68185],[126.12657,37.68156],[126.12718,37.68156],[126.12789,37.68172],[126.12864,37.68228],[126.13171,37.68264],[126.133,37.68233],[126.13718,37.68115],[126.13802,37.68091],[126.13892,37.68083],[126.14335,37.68119],[126.14424,37.68138],[126.14479,37.68178],[126.14502,37.68208],[126.14502,37.68267],[126.14388,37.68587],[126.14373,37.68617],[126.14303,37.68674],[126.14231,37.68696],[126.14116,37.68715],[126.13972,37.68709],[126.13918,37.68695],[126.139,37.68688],[126.13889,37.68683],[126.1388,37.68681],[126.13873,37.68681],[126.13855,37.68684],[126.1358,37.68763],[126.13366,37.68891],[126.1336,37.68952],[126.13399,37.69007],[126.13416,37.69023],[126.13421,37.69027],[126.13431,37.69035],[126.13477,37.69057],[126.13497,37.69097],[126.13484,37.69148],[126.13415,37.69218],[126.13388,37.69235],[126.1335,37.69251],[126.1328,37.69267],[126.13227,37.69256],[126.12974,37.6916],[126.1286,37.69173],[126.12823,37.69187],[126.12794,37.69202],[126.12778,37.69216],[126.12756,37.69251],[126.12741,37.69321],[126.12708,37.69348],[126.1265,37.69353],[126.12596,37.69339],[126.12499,37.69266],[126.12235,37.6906],[126.12201,37.69028],[126.1219,37.69011],[126.12145,37.68779],[126.1214,37.68718]]],[[[126.15348,37.6774],[126.15359,37.67668],[126.15473,37.67267],[126.1549,37.67246],[126.15512,37.67229],[126.1558,37.67216],[126.15615,37.67216],[126.15679,37.67229],[126.1569,37.67233],[126.15707,37.67233],[126.159,37.67186],[126.16298,37.66933],[126.16517,37.66764],[126.16731,37.66618],[126.16816,37.66624],[126.1688,37.66675],[126.16874,37.66744],[126.16852,37.66776],[126.16851,37.66779],[126.16854,37.6682],[126.16856,37.66837],[126.16863,37.66842],[126.16921,37.66857],[126.1714,37.66892],[126.17175,37.66896],[126.17769,37.66955],[126.17814,37.6695],[126.17838,37.66945],[126.18134,37.66873],[126.18154,37.66865],[126.18219,37.66835],[126.18381,37.66755],[126.18804,37.66482],[126.1887,37.66437],[126.18911,37.66404],[126.1905,37.66279],[126.19091,37.66226],[126.1912,37.66155],[126.19133,37.66105],[126.19141,37.66062],[126.19139,37.66051],[126.19109,37.66021],[126.19036,37.65961],[126.1902,37.65953],[126.18933,37.65937],[126.18839,37.65901],[126.188,37.65855],[126.188,37.65836],[126.188,37.65811],[126.18818,37.65781],[126.18849,37.65748],[126.18913,37.65715],[126.18941,37.65707],[126.19028,37.65691],[126.19096,37.65695],[126.19218,37.65741],[126.19296,37.65774],[126.19296,37.65784],[126.1937,37.65836],[126.1941,37.65839],[126.19955,37.65736],[126.20046,37.65718],[126.20477,37.65625],[126.205,37.65612],[126.20539,37.65545],[126.20599,37.65507],[126.20639,37.65491],[126.20729,37.65467],[126.20808,37.65465],[126.20847,37.65517],[126.20848,37.65547],[126.20843,37.65583],[126.20829,37.65613],[126.20791,37.65678],[126.20728,37.65775],[126.207,37.65803],[126.20608,37.65857],[126.20522,37.65886],[126.20512,37.65906],[126.20515,37.65924],[126.20524,37.6595],[126.20536,37.65975],[126.20553,37.66003],[126.20586,37.66046],[126.2061,37.66075],[126.20625,37.66089],[126.20723,37.66181],[126.20743,37.662],[126.20803,37.66247],[126.20815,37.66257],[126.20873,37.66296],[126.20994,37.66401],[126.2109,37.66523],[126.21127,37.66574],[126.21141,37.66634],[126.21141,37.66659],[126.21124,37.66701],[126.21021,37.66742],[126.20908,37.66742],[126.20874,37.6675],[126.20849,37.66764],[126.20531,37.66979],[126.20053,37.6761],[126.19924,37.67763],[126.19847,37.67827],[126.1979,37.67884],[126.19735,37.67955],[126.1968,37.68041],[126.19615,37.68168],[126.19606,37.68201],[126.1959,37.68273],[126.19593,37.68356],[126.19631,37.68493],[126.19599,37.68813],[126.1956,37.68886],[126.19527,37.68904],[126.19484,37.68911],[126.19315,37.68899],[126.19279,37.68895],[126.192,37.68881],[126.19178,37.68853],[126.19154,37.6881],[126.19148,37.68781],[126.19135,37.68702],[126.19115,37.68669],[126.19082,37.68641],[126.19031,37.68606],[126.18948,37.68556],[126.1891,37.68534],[126.18897,37.68526],[126.18822,37.68488],[126.18748,37.68462],[126.18693,37.6845],[126.18663,37.68452],[126.18606,37.68481],[126.18555,37.68493],[126.18495,37.68474],[126.18397,37.68427],[126.18324,37.68366],[126.18275,37.68309],[126.18264,37.68282],[126.18247,37.68188],[126.17727,37.67903],[126.17412,37.67736],[126.17233,37.67673],[126.1722,37.67668],[126.17172,37.67668],[126.17111,37.67678],[126.17056,37.67698],[126.16834,37.67821],[126.16795,37.67875],[126.16711,37.67963],[126.16676,37.67991],[126.16613,37.67991],[126.16113,37.67889],[126.16076,37.67875],[126.16049,37.67861],[126.1598,37.6774],[126.15962,37.67718],[126.15918,37.67681],[126.15896,37.67665],[126.1584,37.67644],[126.15767,37.67632],[126.15715,37.67639],[126.1565,37.6767],[126.15615,37.67696],[126.15593,37.67757],[126.15557,37.6778],[126.15533,37.6779],[126.1543,37.6779],[126.15394,37.67776],[126.15348,37.6774]]],[[[126.20005,37.68999],[126.20013,37.68796],[126.20077,37.68779],[126.20133,37.68794],[126.20203,37.68953],[126.20211,37.69004],[126.20165,37.69041],[126.20111,37.69047],[126.2006,37.69037],[126.20005,37.68999]]],[[[126.20277,37.76927],[126.20302,37.76904],[126.20429,37.76802],[126.20454,37.76794],[126.20543,37.76796],[126.20561,37.76799],[126.20608,37.76825],[126.20619,37.76828],[126.20638,37.76834],[126.20728,37.76833],[126.21233,37.76481],[126.21243,37.76474],[126.22025,37.75851],[126.22101,37.75789],[126.22103,37.75736],[126.22171,37.75627],[126.22321,37.7552],[126.2268,37.75298],[126.23206,37.75114],[126.23266,37.75111],[126.23327,37.75143],[126.2338,37.75198],[126.23463,37.75298],[126.23665,37.75491],[126.23698,37.75517],[126.23855,37.75635],[126.23916,37.7567],[126.23964,37.75708],[126.2402,37.75766],[126.24046,37.75804],[126.24181,37.76043],[126.24181,37.76088],[126.24142,37.76137],[126.24138,37.76155],[126.24135,37.76198],[126.24148,37.76226],[126.24237,37.76309],[126.24275,37.76342],[126.24444,37.76458],[126.2454,37.76493],[126.24767,37.76545],[126.24785,37.76545],[126.25501,37.765],[126.25681,37.76488],[126.25899,37.76456],[126.25942,37.76462],[126.26032,37.76497],[126.26555,37.76646],[126.26859,37.76707],[126.2705,37.76748],[126.27068,37.76763],[126.2708,37.76792],[126.27095,37.76835],[126.271,37.76859],[126.2728,37.76975],[126.27984,37.76879],[126.28063,37.76861],[126.28132,37.76837],[126.28687,37.76603],[126.28793,37.76521],[126.28813,37.76505],[126.28862,37.76438],[126.28971,37.76322],[126.29014,37.76276],[126.29055,37.76264],[126.29103,37.76264],[126.29134,37.7628],[126.29175,37.76305],[126.29195,37.7634],[126.29241,37.76439],[126.29498,37.76573],[126.29788,37.76692],[126.30521,37.77059],[126.31068,37.77232],[126.31496,37.77369],[126.31795,37.7759],[126.3224,37.78112],[126.32241,37.7813],[126.32135,37.78194],[126.3256,37.78642],[126.32731,37.78767],[126.32927,37.78861],[126.33032,37.7892],[126.33072,37.7896],[126.33072,37.78972],[126.33069,37.79086],[126.33029,37.79172],[126.33009,37.79256],[126.33023,37.79354],[126.33392,37.79729],[126.33461,37.79918],[126.33246,37.80039],[126.33033,37.80211],[126.32846,37.80393],[126.3282,37.80497],[126.3284,37.80533],[126.32704,37.80687],[126.32475,37.80911],[126.32389,37.8093],[126.3232,37.80897],[126.32288,37.80836],[126.32301,37.808],[126.32334,37.80717],[126.32336,37.80712],[126.32334,37.8071],[126.32151,37.805],[126.31931,37.80409],[126.31677,37.80332],[126.31433,37.80279],[126.31219,37.80259],[126.31033,37.80252],[126.30567,37.80262],[126.30356,37.80297],[126.30347,37.80299],[126.30237,37.80343],[126.30208,37.80396],[126.30185,37.80426],[126.30137,37.80447],[126.29997,37.80401],[126.29777,37.80283],[126.29727,37.80262],[126.29702,37.80253],[126.2944,37.80212],[126.29422,37.80211],[126.29415,37.80253],[126.29393,37.80385],[126.29387,37.80392],[126.29291,37.80437],[126.28883,37.80587],[126.28855,37.80581],[126.28838,37.80586],[126.28275,37.80821],[126.28244,37.80837],[126.28173,37.80873],[126.2787,37.81034],[126.27597,37.81213],[126.2752,37.81263],[126.27472,37.81308],[126.27424,37.81358],[126.27404,37.81371],[126.27341,37.81404],[126.26807,37.81569],[126.26592,37.81574],[126.26588,37.81615],[126.26502,37.81811],[126.26483,37.81822],[126.2644,37.81838],[126.26378,37.81841],[126.26326,37.81829],[126.26261,37.81783],[126.26214,37.81717],[126.26097,37.8162],[126.26074,37.81609],[126.25831,37.81504],[126.25681,37.81465],[126.25192,37.81481],[126.24768,37.81502],[126.24604,37.81517],[126.24545,37.81534],[126.24372,37.81594],[126.24283,37.81625],[126.24155,37.81691],[126.24061,37.81751],[126.24002,37.8177],[126.2394,37.81764],[126.23905,37.81755],[126.23777,37.81707],[126.23698,37.81641],[126.23521,37.81416],[126.23373,37.81219],[126.23292,37.81104],[126.2323,37.81068],[126.22318,37.80541],[126.22335,37.80303],[126.22347,37.80149],[126.22352,37.80041],[126.22352,37.80012],[126.22349,37.8],[126.22176,37.79821],[126.22143,37.79821],[126.22093,37.79838],[126.22049,37.79838],[126.22026,37.7982],[126.21852,37.79608],[126.21839,37.7957],[126.21835,37.79362],[126.21854,37.7931],[126.21917,37.79248],[126.21957,37.79217],[126.21975,37.79206],[126.22012,37.79191],[126.22041,37.79191],[126.22077,37.7919],[126.22108,37.79197],[126.22163,37.79172],[126.22209,37.79146],[126.22217,37.79122],[126.22216,37.79092],[126.22159,37.78802],[126.22097,37.78622],[126.22049,37.78562],[126.21916,37.78451],[126.21859,37.7841],[126.21845,37.78407],[126.21796,37.78374],[126.21768,37.78349],[126.21752,37.78315],[126.21655,37.78041],[126.21605,37.77881],[126.21599,37.77838],[126.21568,37.77817],[126.21231,37.77591],[126.20919,37.77411],[126.20869,37.77416],[126.20767,37.77425],[126.20699,37.77416],[126.20632,37.77399],[126.20389,37.77322],[126.20355,37.77295],[126.20282,37.76955],[126.20277,37.76927]]],[[[126.20837,37.7183],[126.20879,37.71801],[126.20905,37.71795],[126.2098,37.71798],[126.21033,37.71804],[126.21117,37.71826],[126.21157,37.71849],[126.21179,37.71893],[126.21179,37.71921],[126.21154,37.72198],[126.2114,37.72237],[126.21019,37.72325],[126.20997,37.72339],[126.20961,37.72353],[126.20898,37.72348],[126.20866,37.72323],[126.20837,37.71879],[126.20837,37.7183]]],[[[126.2131,37.62892],[126.21361,37.62858],[126.21394,37.62851],[126.21563,37.62845],[126.21617,37.62845],[126.21675,37.62854],[126.21712,37.62883],[126.21819,37.63095],[126.21815,37.63189],[126.21743,37.63247],[126.2169,37.63258],[126.21635,37.63229],[126.21422,37.63061],[126.21395,37.63039],[126.21323,37.62973],[126.2131,37.62938],[126.2131,37.62892]]],[[[126.21697,37.72064],[126.21708,37.72041],[126.21811,37.71908],[126.22114,37.71832],[126.22446,37.71792],[126.22713,37.71775],[126.22723,37.71774],[126.22748,37.71765],[126.22813,37.71739],[126.2289,37.71697],[126.22917,37.71681],[126.22942,37.71666],[126.23087,37.71616],[126.23188,37.71593],[126.23733,37.7163],[126.24591,37.71711],[126.24723,37.71726],[126.2474,37.7173],[126.24775,37.71744],[126.24829,37.71772],[126.24881,37.71813],[126.24893,37.71861],[126.24893,37.71902],[126.2485,37.71919],[126.24585,37.72013],[126.24543,37.72026],[126.24441,37.72038],[126.24404,37.72048],[126.24365,37.7206],[126.2418,37.72141],[126.2405,37.72214],[126.24063,37.72254],[126.24066,37.7228],[126.24055,37.72315],[126.24019,37.72426],[126.23928,37.72587],[126.23895,37.7262],[126.23872,37.72627],[126.23777,37.72616],[126.23621,37.72903],[126.23642,37.7294],[126.23682,37.73109],[126.23585,37.73229],[126.23475,37.73321],[126.2342,37.73351],[126.23364,37.73375],[126.23264,37.7339],[126.23219,37.73387],[126.23087,37.73361],[126.23054,37.73341],[126.23049,37.73333],[126.23045,37.73311],[126.23044,37.73275],[126.22107,37.7228],[126.22033,37.72255],[126.2193,37.72224],[126.21889,37.72217],[126.21743,37.72149],[126.21697,37.72117],[126.21697,37.72064]]],[[[126.2213,37.665],[126.22139,37.66292],[126.22237,37.65826],[126.2225,37.65806],[126.22285,37.65783],[126.22372,37.65778],[126.22438,37.65789],[126.23138,37.65937],[126.23698,37.66066],[126.23969,37.6611],[126.24061,37.66107],[126.24101,37.66119],[126.24138,37.66149],[126.24148,37.66159],[126.2423,37.66292],[126.2423,37.66335],[126.24186,37.66376],[126.24133,37.66392],[126.24064,37.66388],[126.2402,37.66376],[126.23992,37.66353],[126.23966,37.66331],[126.23924,37.663],[126.23877,37.66281],[126.23835,37.66266],[126.23818,37.66261],[126.2373,37.66242],[126.23683,37.66234],[126.23559,37.66218],[126.23504,37.66218],[126.23423,37.66221],[126.23394,37.66225],[126.23304,37.66247],[126.22946,37.66379],[126.22835,37.66435],[126.22683,37.66524],[126.22636,37.66551],[126.22526,37.66598],[126.22384,37.6663],[126.22303,37.6663],[126.22196,37.66606],[126.22146,37.66572],[126.2213,37.665]]],[[[126.22173,37.65179],[126.2221,37.65139],[126.22307,37.65133],[126.22322,37.65125],[126.22361,37.6509],[126.22506,37.64932],[126.22541,37.64888],[126.22591,37.64805],[126.22667,37.64677],[126.22696,37.64618],[126.22896,37.64352],[126.22955,37.64283],[126.23006,37.64223],[126.23381,37.63793],[126.24007,37.63403],[126.24241,37.63271],[126.24312,37.63231],[126.24438,37.6317],[126.24588,37.63099],[126.24753,37.63045],[126.24871,37.63009],[126.24999,37.62983],[126.25213,37.62936],[126.25378,37.629],[126.25903,37.62764],[126.25937,37.62755],[126.25978,37.62735],[126.25983,37.62732],[126.26003,37.62716],[126.26024,37.62669],[126.26033,37.6254],[126.25974,37.62439],[126.25951,37.62399],[126.25946,37.62324],[126.25978,37.62276],[126.26017,37.62245],[126.26103,37.62264],[126.26146,37.62304],[126.26391,37.62575],[126.26391,37.62615],[126.26336,37.62707],[126.26137,37.62937],[126.26087,37.62991],[126.2598,37.63067],[126.25954,37.63082],[126.25625,37.63165],[126.25585,37.63172],[126.25562,37.63179],[126.25477,37.6321],[126.25427,37.63238],[126.25387,37.63282],[126.25362,37.63312],[126.25252,37.63455],[126.2521,37.63522],[126.25172,37.636],[126.25164,37.63619],[126.25151,37.6369],[126.25141,37.63758],[126.25142,37.63829],[126.25145,37.6431],[126.25431,37.64847],[126.25491,37.64897],[126.25513,37.64912],[126.256,37.64954],[126.25604,37.64955],[126.25648,37.64961],[126.25685,37.64982],[126.25724,37.65009],[126.25746,37.65044],[126.25743,37.65165],[126.25719,37.65268],[126.25654,37.65309],[126.25377,37.65424],[126.25314,37.65441],[126.25227,37.65447],[126.25091,37.65447],[126.24933,37.65436],[126.24853,37.6542],[126.24803,37.65403],[126.24712,37.65367],[126.24574,37.65311],[126.24535,37.65293],[126.24511,37.65284],[126.24476,37.65277],[126.24399,37.65277],[126.24395,37.65277],[126.23945,37.65308],[126.23723,37.65375],[126.23668,37.65393],[126.23576,37.65456],[126.23294,37.65648],[126.23261,37.65648],[126.23186,37.65643],[126.23149,37.65634],[126.23045,37.65597],[126.22981,37.65563],[126.22981,37.65531],[126.22988,37.6549],[126.23009,37.65478],[126.23015,37.65467],[126.23007,37.65417],[126.22765,37.6524],[126.22623,37.65282],[126.22558,37.65329],[126.22538,37.6535],[126.22512,37.65385],[126.22415,37.65458],[126.22387,37.65473],[126.22322,37.65473],[126.22235,37.65451],[126.222,37.65399],[126.22183,37.6534],[126.22178,37.65309],[126.22173,37.65179]]],[[[126.25609,37.71359],[126.25659,37.71245],[126.25685,37.71218],[126.25721,37.71202],[126.25787,37.71192],[126.25847,37.71195],[126.25859,37.71204],[126.25888,37.71231],[126.25888,37.71254],[126.25835,37.71392],[126.25819,37.71431],[126.2575,37.71527],[126.25715,37.71548],[126.25687,37.71548],[126.25669,37.71544],[126.25651,37.71535],[126.25609,37.71413],[126.25609,37.71359]]],[[[126.25677,37.72563],[126.25679,37.7255],[126.25708,37.72525],[126.2576,37.72483],[126.25775,37.72474],[126.25801,37.72473],[126.25901,37.72476],[126.2628,37.72488],[126.26446,37.72385],[126.265,37.72383],[126.26553,37.72386],[126.26593,37.72394],[126.26843,37.7249],[126.2695,37.72536],[126.26961,37.72544],[126.26979,37.72569],[126.2698,37.72583],[126.26979,37.72593],[126.26965,37.7262],[126.2695,37.72644],[126.26927,37.72675],[126.26904,37.72694],[126.26835,37.72756],[126.26664,37.73352],[126.26673,37.73385],[126.26688,37.73401],[126.26693,37.7348],[126.26671,37.73599],[126.26667,37.73617],[126.26549,37.73827],[126.26493,37.73828],[126.2627,37.73624],[126.25847,37.73391],[126.25786,37.73372],[126.25756,37.73357],[126.25738,37.73344],[126.25726,37.73321],[126.257,37.73217],[126.25678,37.72807],[126.25677,37.72563]]],[[[126.26586,37.64834],[126.26601,37.64527],[126.26651,37.64288],[126.26744,37.64004],[126.26797,37.63889],[126.26879,37.63739],[126.27186,37.63328],[126.27327,37.63177],[126.27431,37.63199],[126.27509,37.63265],[126.27556,37.63355],[126.27583,37.63456],[126.27598,37.63667],[126.27598,37.63822],[126.27568,37.63999],[126.27525,37.64104],[126.27489,37.64229],[126.27445,37.64417],[126.27452,37.64512],[126.27481,37.64554],[126.27652,37.64795],[126.27676,37.64887],[126.27625,37.65072],[126.27519,37.6521],[126.27394,37.65337],[126.27254,37.65462],[126.27149,37.65551],[126.26985,37.65648],[126.268,37.65511],[126.26748,37.65403],[126.26675,37.65237],[126.26639,37.65107],[126.26586,37.64834]]],[[[126.26779,37.7104],[126.26994,37.70829],[126.27466,37.70573],[126.27725,37.70304],[126.27982,37.70198],[126.28335,37.70008],[126.28458,37.69805],[126.28514,37.69623],[126.28921,37.6939],[126.29626,37.69041],[126.29721,37.69006],[126.30774,37.68629],[126.30784,37.68625],[126.31332,37.68461],[126.3173,37.68174],[126.32374,37.669],[126.32507,37.66838],[126.32695,37.66659],[126.32737,37.66438],[126.32682,37.66203],[126.32579,37.66207],[126.32444,37.66212],[126.32339,37.65911],[126.32371,37.65301],[126.32258,37.64454],[126.32503,37.64144],[126.33069,37.64148],[126.33756,37.64302],[126.34281,37.64358],[126.34711,37.64564],[126.34895,37.64679],[126.35193,37.64867],[126.37661,37.66793],[126.37685,37.67147],[126.37696,37.67532],[126.37729,37.67671],[126.37841,37.67898],[126.37959,37.6822],[126.37877,37.68402],[126.37733,37.68476],[126.37687,37.68542],[126.37577,37.68764],[126.37555,37.68884],[126.37535,37.69],[126.37533,37.69225],[126.37356,37.69417],[126.37193,37.69523],[126.36409,37.69647],[126.35747,37.6974],[126.35223,37.69839],[126.35091,37.69864],[126.34977,37.69886],[126.34639,37.69916],[126.33948,37.70266],[126.33959,37.70544],[126.33822,37.70736],[126.3366,37.70774],[126.33404,37.7073],[126.33173,37.709],[126.33234,37.71142],[126.33264,37.71265],[126.33195,37.71436],[126.32965,37.71541],[126.32561,37.71485],[126.32196,37.71505],[126.3206,37.71611],[126.32067,37.71826],[126.32071,37.71943],[126.32146,37.72522],[126.32302,37.73187],[126.32793,37.74112],[126.33045,37.74681],[126.3306,37.74781],[126.33068,37.74843],[126.33056,37.74901],[126.32869,37.74998],[126.32579,37.75153],[126.32395,37.75428],[126.31767,37.75292],[126.31208,37.75018],[126.30891,37.74854],[126.30506,37.74703],[126.30377,37.74652],[126.29816,37.74625],[126.29399,37.74622],[126.28892,37.74403],[126.28742,37.74299],[126.28713,37.74183],[126.28805,37.74045],[126.28802,37.73588],[126.28731,37.73094],[126.28688,37.72781],[126.28789,37.72552],[126.28563,37.72405],[126.28489,37.722],[126.28478,37.71766],[126.28456,37.717],[126.28382,37.71483],[126.28217,37.71319],[126.27998,37.7127],[126.27657,37.71226],[126.27406,37.7126],[126.27156,37.71271],[126.26944,37.71203],[126.26786,37.71118],[126.26779,37.7104]]],[[[126.26915,37.62074],[126.26923,37.62031],[126.26932,37.62007],[126.2699,37.61914],[126.27033,37.61903],[126.27125,37.61907],[126.27159,37.61934],[126.27174,37.62016],[126.27174,37.6209],[126.27127,37.62128],[126.27093,37.62148],[126.27007,37.62143],[126.26949,37.62101],[126.26915,37.62074]]],[[[126.27868,37.74577],[126.27882,37.74557],[126.27974,37.74507],[126.28072,37.74469],[126.28129,37.7445],[126.28167,37.74441],[126.28215,37.74442],[126.28319,37.74508],[126.28352,37.74531],[126.28502,37.74645],[126.28607,37.74801],[126.28625,37.74843],[126.28625,37.74871],[126.286,37.74902],[126.28572,37.74923],[126.28545,37.74932],[126.28518,37.74933],[126.28448,37.74918],[126.28407,37.74936],[126.28373,37.74943],[126.28267,37.74962],[126.28234,37.74966],[126.28207,37.74964],[126.27908,37.74708],[126.27891,37.7468],[126.27872,37.74604],[126.27868,37.74577]]],[[[126.29879,37.67498],[126.2995,37.67384],[126.29982,37.67381],[126.30036,37.67378],[126.30069,37.67381],[126.30097,37.67395],[126.30105,37.67411],[126.30097,37.67494],[126.3011,37.67503],[126.30145,37.67545],[126.30151,37.6757],[126.3015,37.67596],[126.30128,37.67623],[126.3009,37.67643],[126.30058,37.67643],[126.30025,37.67638],[126.29991,37.67619],[126.29879,37.67498]]],[[[126.3414,37.73854],[126.34318,37.7206],[126.34354,37.72],[126.34665,37.71472],[126.35237,37.70581],[126.35954,37.70318],[126.37072,37.69907],[126.37749,37.69639],[126.37771,37.69625],[126.38352,37.69242],[126.38587,37.69087],[126.38677,37.69027],[126.38863,37.68672],[126.39328,37.67784],[126.39352,37.67652],[126.39504,37.66818],[126.3957,37.66457],[126.39334,37.66148],[126.39008,37.65855],[126.38695,37.65572],[126.38851,37.65639],[126.39754,37.65329],[126.40184,37.65169],[126.405,37.65078],[126.40283,37.64728],[126.40113,37.64576],[126.40037,37.64507],[126.39804,37.64331],[126.39529,37.64187],[126.3902,37.64152],[126.38802,37.64069],[126.38112,37.63906],[126.37907,37.63774],[126.37411,37.63727],[126.36969,37.63813],[126.36598,37.63745],[126.36416,37.63591],[126.36415,37.63587],[126.36389,37.63488],[126.36441,37.63411],[126.36655,37.63397],[126.36688,37.63398],[126.36897,37.63406],[126.372,37.63304],[126.3735,37.63113],[126.37432,37.6278],[126.37265,37.62702],[126.37247,37.6261],[126.37513,37.62489],[126.37534,37.62171],[126.37718,37.61926],[126.37737,37.61842],[126.37748,37.61653],[126.37721,37.61568],[126.37369,37.61437],[126.37243,37.61429],[126.36908,37.61527],[126.36843,37.61486],[126.36942,37.61276],[126.36999,37.6118],[126.37143,37.61144],[126.37492,37.61183],[126.37734,37.61058],[126.37772,37.60951],[126.37833,37.6093],[126.37983,37.60905],[126.38552,37.60765],[126.38511,37.60598],[126.38535,37.60502],[126.38611,37.60396],[126.38882,37.60231],[126.39385,37.60071],[126.39406,37.60045],[126.39549,37.59869],[126.40372,37.5941],[126.41079,37.59343],[126.41367,37.59348],[126.41433,37.59346],[126.41438,37.59346],[126.43571,37.59263],[126.4379,37.59212],[126.44031,37.59313],[126.44095,37.59336],[126.44346,37.59407],[126.44664,37.59449],[126.45042,37.59292],[126.45163,37.59274],[126.45376,37.5932],[126.45529,37.59335],[126.46042,37.59101],[126.46122,37.58917],[126.46166,37.58877],[126.46266,37.5894],[126.46398,37.59335],[126.46592,37.59551],[126.47334,37.59749],[126.4763,37.5918],[126.47767,37.58888],[126.4803,37.58358],[126.48399,37.58552],[126.48979,37.58731],[126.49264,37.58864],[126.49521,37.58931],[126.50047,37.59021],[126.50324,37.58964],[126.50528,37.58774],[126.50658,37.58569],[126.51196,37.58124],[126.51418,37.58029],[126.51631,37.5795],[126.51861,37.57995],[126.52155,37.58194],[126.52651,37.58474],[126.5277,37.58658],[126.52658,37.589],[126.525,37.58987],[126.52159,37.58993],[126.51908,37.59256],[126.51884,37.59282],[126.51852,37.59344],[126.52395,37.59647],[126.52447,37.59663],[126.53608,37.60016],[126.54029,37.60144],[126.54112,37.60168],[126.54283,37.60169],[126.54393,37.60193],[126.54533,37.60277],[126.54598,37.60316],[126.54728,37.60418],[126.54743,37.60482],[126.54559,37.60964],[126.54533,37.61523],[126.54425,37.61932],[126.54282,37.62258],[126.54042,37.625],[126.53547,37.63024],[126.53526,37.63112],[126.53455,37.63307],[126.53171,37.63694],[126.53159,37.63711],[126.53053,37.63855],[126.53063,37.64135],[126.52944,37.64442],[126.52935,37.646],[126.52896,37.65297],[126.52889,37.65391],[126.5297,37.65589],[126.53141,37.65771],[126.53446,37.65914],[126.53552,37.66171],[126.53575,37.66499],[126.53576,37.66502],[126.5353,37.66633],[126.53457,37.6668],[126.52978,37.66988],[126.52744,37.67107],[126.52524,37.67218],[126.52519,37.67223],[126.52411,37.67318],[126.52347,37.67443],[126.52298,37.67652],[126.52325,37.67876],[126.52328,37.67883],[126.52415,37.68174],[126.52424,37.68204],[126.52433,37.68232],[126.52545,37.68741],[126.5255,37.69012],[126.52555,37.69269],[126.52556,37.69277],[126.5262,37.69659],[126.52666,37.69936],[126.52679,37.7002],[126.52727,37.70307],[126.52728,37.7031],[126.52728,37.70314],[126.52542,37.70488],[126.52214,37.70793],[126.51928,37.71172],[126.51851,37.71273],[126.51846,37.7216],[126.51918,37.72436],[126.51966,37.72619],[126.52055,37.72786],[126.52197,37.73051],[126.52229,37.73112],[126.52237,37.73127],[126.52602,37.73809],[126.52583,37.73886],[126.52555,37.74007],[126.52525,37.74197],[126.52545,37.74459],[126.52642,37.74605],[126.5269,37.74783],[126.52245,37.75178],[126.5184,37.75628],[126.51792,37.75681],[126.51409,37.76109],[126.51239,37.76354],[126.51224,37.76456],[126.51202,37.76605],[126.5125,37.76767],[126.5132,37.76823],[126.5146,37.76996],[126.51424,37.7713],[126.51076,37.77513],[126.51012,37.77734],[126.50982,37.78029],[126.50804,37.7833],[126.50592,37.78468],[126.50176,37.78649],[126.4983,37.788],[126.49083,37.78953],[126.48751,37.79151],[126.48709,37.79182],[126.48468,37.79351],[126.48282,37.79436],[126.4801,37.7954],[126.47785,37.79657],[126.47394,37.79888],[126.47086,37.80098],[126.47035,37.80152],[126.46957,37.80243],[126.4688,37.8031],[126.46733,37.80384],[126.46473,37.80496],[126.46302,37.80601],[126.46017,37.80823],[126.45426,37.81317],[126.45356,37.81382],[126.44775,37.81933],[126.44709,37.82049],[126.44691,37.82254],[126.44642,37.82344],[126.4435,37.82355],[126.44284,37.82496],[126.44283,37.82625],[126.4404,37.82637],[126.43926,37.82713],[126.43721,37.83034],[126.43663,37.83123],[126.42689,37.83337],[126.42222,37.82885],[126.419,37.82652],[126.41366,37.82469],[126.40928,37.82454],[126.40851,37.82466],[126.40084,37.82579],[126.39387,37.82549],[126.39016,37.82316],[126.38536,37.81834],[126.38438,37.81735],[126.37196,37.80547],[126.35749,37.79574],[126.35168,37.79314],[126.35141,37.79302],[126.34893,37.79197],[126.34702,37.7881],[126.348,37.78747],[126.34946,37.7876],[126.3506,37.77869],[126.35153,37.77872],[126.35396,37.77879],[126.35337,37.7768],[126.35333,37.77653],[126.35337,37.77592],[126.35347,37.77516],[126.35392,37.77124],[126.35417,37.76658],[126.35476,37.75853],[126.35481,37.75655],[126.35481,37.7564],[126.35475,37.75606],[126.35419,37.75241],[126.35313,37.7448],[126.35316,37.74468],[126.35339,37.74393],[126.3535,37.74359],[126.35205,37.74533],[126.35182,37.74542],[126.34801,37.74686],[126.34148,37.74837],[126.3414,37.73854]]]]}},{"type":"Feature","properties":{"id":"28-28720","name":"옹진군","sido":"인천광역시","code":"28720","center":[37.5049,125.67632]},"geometry":{"type":"MultiPolygon","coordinates":[[[[124.60968,37.96951],[124.60969,37.96823],[124.61036,37.96333],[124.61123,37.96094],[124.61142,37.96058],[124.61205,37.95997],[124.61234,37.95977],[124.61312,37.95928],[124.61437,37.95853],[124.61455,37.95853],[124.61468,37.95867],[124.61489,37.95889],[124.615,37.95894],[124.61544,37.959],[124.61794,37.95853],[124.61821,37.95848],[124.61852,37.95834],[124.61889,37.95817],[124.61907,37.95805],[124.62065,37.95696],[124.62419,37.95428],[124.62432,37.95418],[124.62458,37.95387],[124.62498,37.95328],[124.6251,37.95299],[124.62233,37.9517],[124.62231,37.94709],[124.62475,37.94396],[124.6278,37.94063],[124.62858,37.93986],[124.6287,37.93979],[124.62893,37.93956],[124.63034,37.93741],[124.63128,37.9354],[124.63133,37.93527],[124.63185,37.93399],[124.63219,37.93313],[124.63237,37.93245],[124.63342,37.92954],[124.63692,37.9235],[124.63719,37.92317],[124.63758,37.9229],[124.63838,37.92259],[124.63863,37.92252],[124.63903,37.92256],[124.63938,37.92276],[124.64048,37.92285],[124.64442,37.92294],[124.64483,37.92291],[124.6452,37.92278],[124.64568,37.92247],[124.64648,37.92218],[124.64726,37.92218],[124.6495,37.92234],[124.64996,37.92253],[124.65012,37.92266],[124.65051,37.9232],[124.65079,37.92338],[124.65163,37.92336],[124.6549,37.92319],[124.65555,37.92301],[124.65601,37.9228],[124.65619,37.92239],[124.65619,37.92233],[124.65605,37.9222],[124.65583,37.92198],[124.6555,37.92184],[124.65526,37.92155],[124.65519,37.92104],[124.65528,37.92083],[124.65558,37.92067],[124.65575,37.92067],[124.65621,37.9207],[124.65862,37.92089],[124.659,37.92105],[124.65961,37.92147],[124.66019,37.92175],[124.66043,37.92185],[124.66058,37.92191],[124.66091,37.92196],[124.66485,37.92245],[124.66511,37.92248],[124.66618,37.92224],[124.66897,37.92122],[124.66998,37.92054],[124.67002,37.9201],[124.67011,37.91995],[124.67055,37.91967],[124.67147,37.91927],[124.67285,37.91962],[124.67318,37.91985],[124.67339,37.92018],[124.67339,37.92077],[124.67369,37.9211],[124.67618,37.92166],[124.6769,37.9218],[124.67882,37.92201],[124.67985,37.92196],[124.68051,37.92177],[124.68117,37.92149],[124.68243,37.92081],[124.68733,37.91736],[124.6875,37.91708],[124.68749,37.91618],[124.68763,37.91532],[124.68787,37.91507],[124.68809,37.9149],[124.68845,37.91471],[124.68942,37.91449],[124.68969,37.91449],[124.69086,37.91493],[124.69633,37.91702],[124.69893,37.91883],[124.69963,37.92099],[124.6994,37.92107],[124.69921,37.92125],[124.69892,37.922],[124.69851,37.92468],[124.69851,37.92496],[124.69856,37.92515],[124.69884,37.92569],[124.69933,37.92651],[124.69972,37.92706],[124.70029,37.92769],[124.70072,37.92812],[124.70204,37.92939],[124.70285,37.92988],[124.70311,37.93001],[124.70333,37.93001],[124.70356,37.92996],[124.70364,37.9299],[124.70387,37.9299],[124.70406,37.92998],[124.70443,37.9307],[124.7047,37.93194],[124.70477,37.93269],[124.7048,37.93322],[124.70471,37.93336],[124.70434,37.93378],[124.70375,37.93389],[124.70324,37.93438],[124.70319,37.93458],[124.70316,37.93503],[124.70329,37.93584],[124.70387,37.93817],[124.708,37.9441],[124.70917,37.94444],[124.71209,37.94546],[124.71282,37.94575],[124.71495,37.94691],[124.71532,37.94713],[124.71708,37.94822],[124.7172,37.94832],[124.72007,37.95075],[124.72225,37.95261],[124.72293,37.95309],[124.7232,37.9532],[124.72364,37.95338],[124.72542,37.95388],[124.72618,37.954],[124.72764,37.95414],[124.72779,37.95415],[124.72941,37.95411],[124.72994,37.95406],[124.73036,37.95397],[124.73092,37.95373],[124.73112,37.95351],[124.73135,37.95315],[124.73015,37.95158],[124.72903,37.95096],[124.72905,37.95066],[124.7292,37.95034],[124.72967,37.95011],[124.73491,37.95137],[124.73752,37.95396],[124.73774,37.95448],[124.73775,37.95505],[124.73748,37.95589],[124.73553,37.95688],[124.73039,37.95726],[124.73001,37.95845],[124.7301,37.96025],[124.73081,37.9608],[124.73118,37.96107],[124.7327,37.96204],[124.73304,37.96219],[124.73328,37.96227],[124.73372,37.96235],[124.73463,37.96236],[124.73497,37.96225],[124.73557,37.96198],[124.73654,37.961],[124.73661,37.96087],[124.73676,37.96039],[124.73684,37.95947],[124.737,37.95913],[124.73729,37.95879],[124.73749,37.9586],[124.74106,37.95685],[124.74134,37.95678],[124.74195,37.95679],[124.74424,37.95709],[124.74533,37.95745],[124.74591,37.95771],[124.74626,37.95873],[124.74625,37.9593],[124.74625,37.9594],[124.74598,37.9609],[124.74554,37.96164],[124.74376,37.96244],[124.74328,37.9625],[124.74263,37.96255],[124.74248,37.96255],[124.74227,37.96251],[124.74214,37.96241],[124.74186,37.96211],[124.74171,37.96191],[124.74134,37.96165],[124.74024,37.9615],[124.73738,37.96232],[124.73729,37.96236],[124.7354,37.96345],[124.73291,37.96569],[124.73227,37.96656],[124.73178,37.96782],[124.73159,37.96844],[124.73052,37.97283],[124.73051,37.97387],[124.73059,37.97433],[124.73086,37.97503],[124.73076,37.9757],[124.72983,37.978],[124.72952,37.97826],[124.72747,37.979],[124.72645,37.97932],[124.72607,37.97932],[124.72577,37.97919],[124.7256,37.97912],[124.7252,37.97914],[124.72449,37.97927],[124.72421,37.97941],[124.7225,37.98047],[124.72183,37.98144],[124.72174,37.98159],[124.72172,37.98184],[124.72158,37.98199],[124.72043,37.98227],[124.71649,37.98256],[124.71198,37.98265],[124.71183,37.9826],[124.71034,37.98239],[124.70992,37.98233],[124.70955,37.98235],[124.70666,37.9834],[124.70564,37.98422],[124.70553,37.98431],[124.7053,37.98431],[124.70212,37.98348],[124.70047,37.98304],[124.69992,37.9831],[124.69951,37.98325],[124.69872,37.98346],[124.69751,37.98343],[124.69651,37.98323],[124.69582,37.98276],[124.69549,37.98186],[124.69463,37.98032],[124.69457,37.98025],[124.69422,37.97994],[124.694,37.97976],[124.69329,37.97971],[124.69107,37.97964],[124.68956,37.98005],[124.68825,37.98041],[124.68676,37.98097],[124.68558,37.98156],[124.68512,37.98245],[124.68307,37.98205],[124.68298,37.98195],[124.68197,37.98107],[124.68155,37.98073],[124.68115,37.98043],[124.68013,37.97994],[124.67953,37.97976],[124.67858,37.97948],[124.67802,37.97939],[124.67706,37.97941],[124.67563,37.97979],[124.67527,37.98017],[124.67516,37.98055],[124.67516,37.98062],[124.67525,37.98079],[124.67418,37.9819],[124.67093,37.98124],[124.67012,37.98105],[124.67027,37.98075],[124.67041,37.98039],[124.67041,37.98017],[124.67024,37.9797],[124.66997,37.9793],[124.66962,37.97894],[124.66923,37.97857],[124.66801,37.97755],[124.66778,37.97741],[124.65866,37.97389],[124.65507,37.97304],[124.6548,37.97301],[124.65444,37.97301],[124.65065,37.97331],[124.64743,37.97341],[124.64701,37.97328],[124.6463,37.97188],[124.64625,37.97153],[124.64608,37.97081],[124.64606,37.97078],[124.64535,37.97023],[124.6449,37.97001],[124.64255,37.96909],[124.64239,37.96906],[124.64139,37.96888],[124.64047,37.96875],[124.64027,37.96876],[124.63949,37.96883],[124.63822,37.96913],[124.63274,37.97165],[124.63061,37.97368],[124.63043,37.97379],[124.62341,37.97672],[124.6156,37.97809],[124.61551,37.97768],[124.61425,37.97432],[124.61415,37.97417],[124.61181,37.97112],[124.61153,37.97089],[124.61148,37.97087],[124.61118,37.97082],[124.61043,37.97081],[124.61035,37.97075],[124.60979,37.97006],[124.60968,37.96951]]],[[[124.65686,37.79858],[124.65725,37.7981],[124.65784,37.79776],[124.65824,37.79765],[124.65892,37.79762],[124.66051,37.79775],[124.66097,37.79797],[124.66087,37.79828],[124.66066,37.79844],[124.65861,37.79893],[124.65724,37.79892],[124.65697,37.79885],[124.65686,37.79858]]],[[[124.66218,37.82239],[124.66218,37.82207],[124.66219,37.82167],[124.66283,37.82071],[124.66781,37.81832],[124.6718,37.81729],[124.67399,37.81472],[124.67399,37.81446],[124.67431,37.81428],[124.67537,37.81371],[124.6765,37.81332],[124.67677,37.81325],[124.6773,37.81329],[124.6784,37.81338],[124.67869,37.81341],[124.67906,37.81371],[124.67924,37.81392],[124.67941,37.81419],[124.67944,37.81424],[124.67939,37.81426],[124.67928,37.81441],[124.67938,37.81456],[124.6796,37.81468],[124.67992,37.81473],[124.68086,37.81468],[124.68113,37.81465],[124.68135,37.81458],[124.68188,37.81434],[124.6832,37.81331],[124.6835,37.81304],[124.68375,37.81279],[124.68411,37.81226],[124.68449,37.81169],[124.68457,37.81152],[124.68485,37.81052],[124.68485,37.81023],[124.68428,37.80637],[124.68411,37.80591],[124.68363,37.80534],[124.68255,37.80496],[124.68147,37.80458],[124.67928,37.8022],[124.67914,37.80191],[124.68094,37.79876],[124.68201,37.79823],[124.68262,37.79828],[124.68557,37.79914],[124.68657,37.79944],[124.68767,37.79996],[124.6876,37.80038],[124.68734,37.80061],[124.68597,37.80118],[124.68464,37.80205],[124.68436,37.80227],[124.68458,37.8028],[124.68505,37.8032],[124.68883,37.80595],[124.68933,37.80613],[124.69246,37.80679],[124.69707,37.80854],[124.69741,37.80861],[124.69791,37.80864],[124.69836,37.80835],[124.70039,37.80598],[124.70079,37.80539],[124.70101,37.80486],[124.7013,37.8045],[124.70189,37.80436],[124.70298,37.80437],[124.70357,37.8045],[124.71166,37.80699],[124.71292,37.80782],[124.71682,37.81096],[124.71718,37.81132],[124.72055,37.81644],[124.72063,37.81705],[124.72054,37.82014],[124.71939,37.82333],[124.71819,37.8265],[124.71751,37.82705],[124.71684,37.82761],[124.71567,37.8279],[124.71451,37.82819],[124.71393,37.8295],[124.7141,37.83014],[124.7142,37.83036],[124.71502,37.83184],[124.71547,37.83258],[124.71611,37.8336],[124.71636,37.83389],[124.71654,37.83407],[124.71844,37.83579],[124.71873,37.83597],[124.72138,37.8369],[124.72467,37.83787],[124.72769,37.8386],[124.72824,37.83884],[124.72863,37.83916],[124.72869,37.84031],[124.72869,37.84068],[124.7285,37.84145],[124.72844,37.84158],[124.72784,37.8423],[124.72749,37.84255],[124.72712,37.8427],[124.7265,37.84273],[124.72529,37.84278],[124.72407,37.84282],[124.72364,37.84297],[124.72352,37.84305],[124.72247,37.84387],[124.72208,37.84417],[124.72172,37.84448],[124.72155,37.84466],[124.72124,37.84514],[124.7211,37.8455],[124.72109,37.84583],[124.72115,37.84602],[124.71796,37.84674],[124.71751,37.84663],[124.70885,37.84518],[124.70687,37.84678],[124.7063,37.84795],[124.70588,37.84873],[124.70548,37.84937],[124.70504,37.84968],[124.70466,37.84984],[124.70429,37.84984],[124.70396,37.84981],[124.70271,37.84937],[124.70131,37.84868],[124.70131,37.84843],[124.70199,37.84769],[124.70297,37.84601],[124.70311,37.84562],[124.70312,37.84493],[124.70305,37.84463],[124.7026,37.84289],[124.70236,37.84246],[124.702,37.84201],[124.70178,37.84175],[124.70145,37.84145],[124.69998,37.84032],[124.6994,37.84013],[124.69671,37.83931],[124.69449,37.83897],[124.69427,37.83922],[124.69376,37.83918],[124.69167,37.83864],[124.68869,37.83702],[124.68833,37.8368],[124.68729,37.83601],[124.68716,37.8358],[124.68708,37.8355],[124.68722,37.8355],[124.68763,37.83514],[124.68763,37.83505],[124.68632,37.83232],[124.68485,37.83164],[124.68348,37.83028],[124.68071,37.82744],[124.68035,37.82676],[124.68036,37.82651],[124.68043,37.8264],[124.68136,37.82588],[124.68161,37.8257],[124.6818,37.82551],[124.68184,37.82542],[124.6818,37.82527],[124.68055,37.82358],[124.67932,37.82216],[124.67809,37.82117],[124.67708,37.82048],[124.67663,37.82029],[124.67624,37.82013],[124.67463,37.81975],[124.67219,37.82001],[124.67147,37.82017],[124.67112,37.82032],[124.66916,37.82189],[124.66916,37.82211],[124.66887,37.82232],[124.66703,37.8226],[124.66518,37.82279],[124.66379,37.82275],[124.66263,37.82253],[124.66218,37.82239]]],[[[124.727,37.76167],[124.727,37.76135],[124.72771,37.75991],[124.7295,37.75862],[124.72992,37.75844],[124.73019,37.75844],[124.73045,37.75885],[124.73067,37.75928],[124.7307,37.75979],[124.73073,37.75986],[124.73079,37.75998],[124.73112,37.7603],[124.73168,37.76063],[124.73187,37.76074],[124.7321,37.76083],[124.73282,37.76109],[124.73356,37.76125],[124.73481,37.76146],[124.73579,37.7615],[124.73674,37.76111],[124.73768,37.76127],[124.7383,37.76156],[124.7399,37.76371],[124.74006,37.76397],[124.74018,37.76422],[124.74037,37.7652],[124.74038,37.76523],[124.74052,37.7655],[124.74069,37.76573],[124.74072,37.76575],[124.74102,37.76584],[124.74472,37.767],[124.74912,37.76792],[124.74955,37.76796],[124.75006,37.76813],[124.75071,37.76844],[124.75273,37.76976],[124.75801,37.76791],[124.76447,37.76557],[124.76555,37.76558],[124.76679,37.76603],[124.76914,37.7672],[124.76947,37.7678],[124.76936,37.76845],[124.76908,37.76859],[124.76862,37.76874],[124.76833,37.76879],[124.76785,37.76892],[124.7675,37.76928],[124.76872,37.77349],[124.76884,37.77377],[124.76943,37.7746],[124.77114,37.77621],[124.77136,37.77641],[124.77206,37.77738],[124.77226,37.77921],[124.77206,37.77941],[124.77122,37.77956],[124.77029,37.77953],[124.76943,37.77966],[124.76873,37.77971],[124.76848,37.77971],[124.76755,37.77959],[124.76692,37.77949],[124.76558,37.77914],[124.76454,37.77877],[124.76154,37.77798],[124.75745,37.77759],[124.75441,37.77761],[124.75276,37.77774],[124.7511,37.7777],[124.7507,37.77761],[124.74929,37.77702],[124.74909,37.77692],[124.74883,37.77666],[124.74869,37.77636],[124.7486,37.7763],[124.74787,37.776],[124.74757,37.77588],[124.74657,37.77571],[124.74577,37.7757],[124.74533,37.77575],[124.74411,37.77623],[124.74398,37.77631],[124.74371,37.7765],[124.74334,37.77712],[124.74299,37.77778],[124.74249,37.77823],[124.74199,37.77865],[124.74174,37.77879],[124.74142,37.77879],[124.74061,37.77863],[124.74054,37.77858],[124.74037,37.77845],[124.74008,37.77783],[124.73973,37.7771],[124.73968,37.77688],[124.73985,37.77661],[124.74064,37.77659],[124.74117,37.77648],[124.742,37.77572],[124.74219,37.77454],[124.7422,37.77423],[124.74199,37.77363],[124.74192,37.77342],[124.74166,37.77305],[124.74146,37.77281],[124.74101,37.77251],[124.73735,37.77197],[124.73431,37.77089],[124.73434,37.77073],[124.73441,37.77023],[124.73437,37.76892],[124.73419,37.76725],[124.73402,37.76673],[124.73398,37.76666],[124.7334,37.7659],[124.732,37.76449],[124.73175,37.76429],[124.73102,37.7639],[124.73037,37.76371],[124.72887,37.76296],[124.72792,37.76239],[124.72721,37.76194],[124.727,37.76167]]],[[[125.64304,37.74939],[125.64304,37.74893],[125.64359,37.74893],[125.64468,37.7496],[125.64496,37.75014],[125.64491,37.75049],[125.6445,37.75062],[125.64406,37.75049],[125.64341,37.75016],[125.64304,37.74939]]],[[[125.64419,37.74743],[125.64473,37.747],[125.64549,37.7464],[125.64626,37.74605],[125.64701,37.74602],[125.6478,37.7462],[125.6481,37.74662],[125.64792,37.7471],[125.64669,37.74745],[125.64477,37.7477],[125.64419,37.74743]]],[[[125.64665,37.73837],[125.64667,37.73767],[125.64689,37.73726],[125.6481,37.7359],[125.6485,37.7356],[125.64951,37.73508],[125.64993,37.73498],[125.65121,37.73558],[125.65252,37.73736],[125.65277,37.73821],[125.65264,37.73874],[125.65213,37.73907],[125.64739,37.73858],[125.64665,37.73837]]],[[[125.65042,37.7166],[125.65043,37.71612],[125.65088,37.71569],[125.65241,37.71502],[125.65311,37.71475],[125.65576,37.71526],[125.6563,37.71545],[125.65725,37.71665],[125.65623,37.71719],[125.65337,37.7169],[125.65242,37.71729],[125.65147,37.71699],[125.65042,37.7166]]],[[[125.67611,37.67601],[125.67619,37.6754],[125.67688,37.67398],[125.67764,37.67401],[125.68307,37.67146],[125.68382,37.67093],[125.68446,37.6694],[125.68497,37.66778],[125.68501,37.66613],[125.68493,37.66473],[125.68471,37.66436],[125.68419,37.66413],[125.68351,37.66398],[125.68254,37.66383],[125.68151,37.66336],[125.68122,37.66278],[125.68118,37.66269],[125.68172,37.66133],[125.68228,37.66091],[125.68261,37.66054],[125.68321,37.65927],[125.68343,37.65848],[125.68375,37.65591],[125.68378,37.65506],[125.68308,37.65429],[125.68292,37.65368],[125.68375,37.65285],[125.6846,37.65238],[125.68624,37.65191],[125.69184,37.65169],[125.69267,37.6518],[125.69685,37.65539],[125.69715,37.65596],[125.69725,37.65678],[125.69832,37.65761],[125.69958,37.65825],[125.70038,37.65858],[125.70129,37.65792],[125.70545,37.65579],[125.70712,37.65525],[125.70797,37.65495],[125.71015,37.65392],[125.71047,37.65367],[125.71053,37.65316],[125.71018,37.65249],[125.70948,37.65179],[125.7095,37.65127],[125.70989,37.65101],[125.71341,37.64956],[125.71382,37.64949],[125.71418,37.6497],[125.71414,37.6501],[125.71282,37.65449],[125.71099,37.65574],[125.70832,37.65558],[125.70635,37.65623],[125.70377,37.6574],[125.70265,37.65809],[125.70186,37.65877],[125.70194,37.65898],[125.70267,37.65973],[125.70389,37.66064],[125.70416,37.66087],[125.7062,37.66262],[125.70585,37.66291],[125.70557,37.66315],[125.70814,37.66504],[125.70853,37.66521],[125.71042,37.66625],[125.71064,37.66804],[125.71117,37.66919],[125.71196,37.67086],[125.71273,37.67172],[125.7135,37.67224],[125.71441,37.67252],[125.71562,37.67276],[125.71635,37.67327],[125.71691,37.67391],[125.71723,37.67531],[125.71637,37.67681],[125.7158,37.6776],[125.71536,37.67891],[125.7153,37.67944],[125.7158,37.68011],[125.71575,37.68077],[125.71521,37.68205],[125.71464,37.68236],[125.71286,37.68141],[125.71236,37.68079],[125.71068,37.68013],[125.70932,37.68],[125.70863,37.68029],[125.70798,37.68114],[125.7074,37.68151],[125.70626,37.6815],[125.70516,37.68147],[125.70412,37.68123],[125.70306,37.68033],[125.69927,37.67891],[125.69861,37.67867],[125.69207,37.67738],[125.69053,37.67743],[125.68704,37.67792],[125.68632,37.67817],[125.68386,37.67954],[125.68362,37.68006],[125.68349,37.68123],[125.68299,37.68131],[125.67917,37.68082],[125.67726,37.68011],[125.6768,37.67962],[125.67611,37.67601]]],[[[125.67865,37.63304],[125.67872,37.6325],[125.67901,37.63207],[125.67944,37.6319],[125.67982,37.63217],[125.68012,37.63266],[125.68017,37.63344],[125.68005,37.63374],[125.68014,37.63478],[125.68071,37.63569],[125.68128,37.63659],[125.68194,37.63714],[125.68316,37.63778],[125.68353,37.63823],[125.68376,37.63888],[125.68339,37.63934],[125.68183,37.63945],[125.68114,37.63979],[125.68035,37.63961],[125.68011,37.63901],[125.67884,37.63524],[125.67878,37.63478],[125.67865,37.63304]]],[[[125.69144,37.70914],[125.69226,37.70686],[125.6924,37.70661],[125.69273,37.70619],[125.69336,37.70596],[125.69408,37.70573],[125.69483,37.70552],[125.6953,37.70552],[125.69571,37.70601],[125.69476,37.70709],[125.69265,37.70939],[125.69231,37.70957],[125.69189,37.70964],[125.69151,37.70953],[125.69144,37.70914]]],[[[125.70578,37.61187],[125.70882,37.60852],[125.71117,37.60685],[125.71732,37.60401],[125.71804,37.60389],[125.71881,37.60376],[125.72004,37.60474],[125.72025,37.60514],[125.72029,37.60529],[125.72035,37.60546],[125.71994,37.60795],[125.71957,37.60904],[125.7198,37.60961],[125.72042,37.61082],[125.72099,37.61398],[125.72087,37.61439],[125.72028,37.61457],[125.71986,37.6146],[125.71847,37.61463],[125.7172,37.615],[125.71506,37.61556],[125.71338,37.61557],[125.70578,37.61187]]],[[[125.71527,37.64576],[125.71544,37.64539],[125.71609,37.64499],[125.71827,37.64453],[125.71921,37.64435],[125.71959,37.64464],[125.71884,37.64576],[125.71843,37.64604],[125.71597,37.64647],[125.71567,37.64655],[125.71542,37.6464],[125.71527,37.64576]]],[[[125.86801,37.17474],[125.86926,37.16895],[125.8695,37.16869],[125.87012,37.16849],[125.87107,37.1685],[125.87152,37.16859],[125.87454,37.16961],[125.87502,37.16978],[125.87572,37.17049],[125.87837,37.17112],[125.87925,37.17092],[125.88256,37.17055],[125.88325,37.1709],[125.88305,37.17255],[125.88297,37.17304],[125.88249,37.17341],[125.8808,37.1741],[125.88073,37.17422],[125.88068,37.17442],[125.88078,37.17506],[125.88118,37.17654],[125.88124,37.17704],[125.88113,37.17743],[125.88094,37.17773],[125.88035,37.17807],[125.87841,37.17825],[125.87787,37.17821],[125.87755,37.17784],[125.8776,37.17754],[125.87772,37.17707],[125.87776,37.17657],[125.87765,37.17576],[125.87615,37.17476],[125.87549,37.17458],[125.87445,37.17438],[125.87281,37.17441],[125.87087,37.17496],[125.86959,37.17528],[125.86908,37.17527],[125.8685,37.17518],[125.86801,37.17474]]],[[[125.89153,37.13632],[125.89173,37.13611],[125.89336,37.13562],[125.89364,37.13572],[125.89393,37.13598],[125.8953,37.13733],[125.89562,37.13779],[125.8956,37.13812],[125.89535,37.13835],[125.89506,37.13851],[125.89472,37.13852],[125.89242,37.13781],[125.89213,37.13761],[125.89198,37.13735],[125.89153,37.13632]]],[[[125.89847,37.13853],[125.89847,37.13832],[125.89865,37.13806],[125.89903,37.13783],[125.89964,37.13775],[125.9001,37.13763],[125.90018,37.13758],[125.90164,37.13442],[125.90166,37.13294],[125.90157,37.13277],[125.9016,37.13259],[125.90175,37.13235],[125.90355,37.13135],[125.90384,37.13151],[125.90444,37.13478],[125.90442,37.13513],[125.90324,37.13983],[125.90315,37.14001],[125.90293,37.14026],[125.90267,37.14039],[125.90243,37.14042],[125.90222,37.14041],[125.90174,37.14029],[125.90148,37.14037],[125.90125,37.14042],[125.90027,37.14025],[125.90004,37.1402],[125.89984,37.14008],[125.89876,37.13898],[125.89857,37.13878],[125.89847,37.13853]]],[[[125.90697,37.12041],[125.90719,37.11679],[125.90746,37.11652],[125.90808,37.11673],[125.90832,37.1177],[125.90862,37.11898],[125.90861,37.11941],[125.90826,37.12128],[125.90768,37.12139],[125.90697,37.12041]]],[[[125.91064,37.11208],[125.91078,37.11046],[125.91107,37.11006],[125.9129,37.10862],[125.91337,37.10828],[125.91376,37.10818],[125.91411,37.10816],[125.91463,37.10823],[125.91583,37.10997],[125.91739,37.11399],[125.91739,37.11431],[125.91684,37.11532],[125.91581,37.11672],[125.91568,37.11704],[125.91485,37.11813],[125.91429,37.11852],[125.9136,37.11847],[125.91104,37.11557],[125.91076,37.11461],[125.91064,37.11208]]],[[[125.91282,37.10252],[125.91282,37.1023],[125.91313,37.1014],[125.91378,37.10024],[125.91412,37.10025],[125.91427,37.10035],[125.91455,37.10105],[125.91458,37.10151],[125.9146,37.10209],[125.91451,37.10247],[125.91439,37.10267],[125.91397,37.10326],[125.91379,37.10346],[125.91346,37.10342],[125.91298,37.10292],[125.91292,37.10279],[125.91282,37.10252]]],[[[125.91436,37.12429],[125.9145,37.1212],[125.91452,37.12083],[125.91475,37.12009],[125.91583,37.11714],[125.91613,37.11704],[125.91638,37.11707],[125.91659,37.11717],[125.91679,37.11744],[125.91713,37.11836],[125.91719,37.11861],[125.91709,37.11901],[125.91693,37.11943],[125.91663,37.11985],[125.91665,37.12017],[125.91624,37.12148],[125.91591,37.12239],[125.91577,37.12268],[125.91496,37.12433],[125.91462,37.12448],[125.91436,37.12429]]],[[[125.94234,37.07746],[125.94298,37.07688],[125.94467,37.07597],[125.94568,37.07572],[125.94654,37.07585],[125.94734,37.07586],[125.94809,37.07544],[125.94848,37.07502],[125.94856,37.07419],[125.9485,37.07304],[125.94877,37.0719],[125.95009,37.07139],[125.95133,37.07096],[125.95288,37.07085],[125.95438,37.07156],[125.95549,37.07234],[125.95595,37.07381],[125.95593,37.07556],[125.95527,37.07689],[125.95441,37.0775],[125.95298,37.07858],[125.95181,37.08163],[125.9518,37.08167],[125.95259,37.08391],[125.95313,37.0853],[125.95329,37.0853],[125.95597,37.08514],[125.95872,37.08428],[125.96006,37.08304],[125.96065,37.08222],[125.96465,37.08089],[125.9661,37.08406],[125.96682,37.08569],[125.96708,37.08659],[125.9672,37.08742],[125.96198,37.08986],[125.96068,37.0896],[125.95848,37.08919],[125.95669,37.08911],[125.95468,37.08929],[125.95384,37.08971],[125.95235,37.08976],[125.94995,37.08895],[125.94881,37.08842],[125.94794,37.08738],[125.94776,37.08642],[125.94758,37.08547],[125.94734,37.08455],[125.94709,37.08363],[125.94615,37.08143],[125.94518,37.07938],[125.9448,37.07881],[125.94404,37.07847],[125.94304,37.07803],[125.94234,37.07746]]],[[[125.96027,37.18415],[125.96036,37.18302],[125.96039,37.18281],[125.96109,37.18241],[125.96137,37.18236],[125.96393,37.18289],[125.96693,37.18359],[125.96919,37.18419],[125.97289,37.1854],[125.97532,37.18624],[125.97518,37.18794],[125.97577,37.18838],[125.97632,37.18866],[125.97854,37.18868],[125.97988,37.18854],[125.98143,37.18798],[125.98115,37.18672],[125.98259,37.1857],[125.98334,37.18532],[125.98612,37.18763],[125.98621,37.18799],[125.98599,37.18856],[125.98532,37.18953],[125.98222,37.19319],[125.97984,37.1933],[125.97865,37.19309],[125.9764,37.19359],[125.97474,37.194],[125.97357,37.19488],[125.97322,37.19506],[125.97273,37.19508],[125.97176,37.19486],[125.97166,37.19462],[125.97193,37.19253],[125.97198,37.19212],[125.97207,37.19176],[125.97271,37.18969],[125.96845,37.18691],[125.96822,37.1868],[125.96805,37.18676],[125.96773,37.18695],[125.96637,37.18777],[125.96547,37.18745],[125.9604,37.18465],[125.96037,37.18456],[125.96027,37.18415]]],[[[125.97886,37.03557],[125.97898,37.03374],[125.97914,37.03344],[125.97974,37.03343],[125.9831,37.03139],[125.98236,37.03063],[125.98176,37.02935],[125.98178,37.02822],[125.98273,37.02535],[125.98314,37.02421],[125.98415,37.02326],[125.98552,37.02289],[125.98674,37.02293],[125.98833,37.02348],[125.98929,37.02361],[125.99041,37.02345],[125.99128,37.02285],[125.99334,37.02138],[125.99379,37.0207],[125.99403,37.01986],[125.99467,37.01906],[125.99578,37.01843],[125.99668,37.01811],[125.99887,37.01818],[126.00177,37.01876],[126.00405,37.0197],[126.00519,37.02018],[126.01085,37.02265],[126.01399,37.02417],[126.01471,37.02472],[126.01495,37.02552],[126.01444,37.02616],[126.01306,37.02623],[126.0121,37.02602],[126.01095,37.02591],[126.00917,37.02577],[126.00882,37.02577],[126.00801,37.02599],[126.00655,37.02618],[126.00518,37.02598],[126.00428,37.02542],[126.00364,37.02495],[126.0032,37.0247],[126.00271,37.02463],[126.00211,37.02476],[126.0016,37.02505],[125.99913,37.02674],[125.99836,37.02757],[125.99501,37.02704],[125.99467,37.02756],[125.99421,37.0284],[125.99362,37.02948],[125.99257,37.0318],[125.99235,37.0326],[125.99243,37.03293],[125.99259,37.03322],[125.99319,37.03401],[125.99373,37.03433],[125.99436,37.03454],[125.99447,37.0346],[125.99455,37.03476],[125.99454,37.03567],[125.99432,37.03672],[125.99417,37.03714],[125.99361,37.03717],[125.99265,37.0367],[125.99217,37.03683],[125.98985,37.03828],[125.98902,37.03934],[125.98868,37.03986],[125.98684,37.04061],[125.98541,37.04003],[125.98408,37.03981],[125.98258,37.03986],[125.98162,37.04054],[125.98114,37.0403],[125.9802,37.03954],[125.97904,37.03632],[125.97886,37.03557]]],[[[126.00627,37.08069],[126.0064,37.08031],[126.00659,37.08004],[126.00818,37.07926],[126.00864,37.0793],[126.00911,37.07961],[126.00927,37.08004],[126.00922,37.08028],[126.00864,37.08116],[126.00783,37.08163],[126.0073,37.08182],[126.00677,37.08164],[126.00647,37.08134],[126.00627,37.08069]]],[[[126.00793,37.06834],[126.00793,37.06805],[126.00852,37.06746],[126.00913,37.06737],[126.00995,37.06753],[126.01121,37.06786],[126.01115,37.06809],[126.01034,37.06905],[126.01015,37.06926],[126.00968,37.06926],[126.00862,37.06916],[126.00793,37.06834]]],[[[126.01111,37.05981],[126.01113,37.0595],[126.01133,37.0594],[126.01178,37.05922],[126.01293,37.05917],[126.01386,37.05913],[126.01447,37.05918],[126.01468,37.05938],[126.01479,37.0598],[126.01427,37.06001],[126.0128,37.06037],[126.01258,37.06037],[126.01146,37.06018],[126.01122,37.06002],[126.01111,37.05981]]],[[[126.01198,37.0645],[126.01209,37.06405],[126.01231,37.06362],[126.01263,37.06352],[126.014,37.06385],[126.02066,37.06809],[126.02139,37.06922],[126.02115,37.0695],[126.01965,37.07119],[126.01959,37.07138],[126.01956,37.07168],[126.01959,37.07197],[126.02025,37.07363],[126.02112,37.07547],[126.02134,37.07637],[126.02134,37.07683],[126.02062,37.07738],[126.0202,37.07758],[126.01833,37.07779],[126.0174,37.07736],[126.01567,37.07705],[126.0153,37.07738],[126.01381,37.07848],[126.01343,37.07857],[126.01329,37.07858],[126.01306,37.07853],[126.01277,37.0783],[126.01267,37.07749],[126.01267,37.07722],[126.01279,37.07645],[126.01293,37.07628],[126.01328,37.07617],[126.01385,37.07619],[126.01533,37.07564],[126.01661,37.07441],[126.01692,37.07405],[126.01715,37.07366],[126.01717,37.0735],[126.01715,37.07319],[126.01698,37.07292],[126.01691,37.07283],[126.0159,37.07178],[126.01572,37.07162],[126.01526,37.07139],[126.01487,37.07121],[126.01452,37.07089],[126.0143,37.07064],[126.01209,37.0652],[126.01201,37.06487],[126.01198,37.0645]]],[[[126.06011,37.09574],[126.06022,37.09531],[126.06066,37.09492],[126.06112,37.09482],[126.06173,37.09492],[126.06216,37.0953],[126.06294,37.09617],[126.06365,37.09676],[126.06446,37.09725],[126.06506,37.09758],[126.06531,37.09765],[126.06552,37.09765],[126.06569,37.09757],[126.0661,37.09712],[126.06649,37.09681],[126.06712,37.0968],[126.06853,37.09693],[126.07059,37.09713],[126.07143,37.09734],[126.07181,37.09738],[126.07197,37.09729],[126.07383,37.09574],[126.07398,37.09557],[126.07402,37.09479],[126.07395,37.09378],[126.07378,37.09318],[126.07353,37.09262],[126.07326,37.09236],[126.07293,37.09221],[126.07166,37.09203],[126.07019,37.09182],[126.06997,37.09181],[126.06981,37.09183],[126.06855,37.09227],[126.06836,37.09242],[126.06784,37.09302],[126.06748,37.09321],[126.06716,37.09327],[126.06658,37.09321],[126.06596,37.09304],[126.06569,37.09288],[126.06266,37.08969],[126.06229,37.08917],[126.06222,37.08903],[126.06224,37.08849],[126.0638,37.08532],[126.06753,37.08337],[126.06817,37.08319],[126.06884,37.08317],[126.06919,37.08319],[126.07462,37.08344],[126.07494,37.08349],[126.07535,37.08375],[126.07977,37.08825],[126.08165,37.09018],[126.08568,37.09348],[126.08714,37.09434],[126.08862,37.09486],[126.08888,37.09493],[126.08966,37.09891],[126.08873,37.10084],[126.08598,37.10321],[126.08563,37.10362],[126.08559,37.10389],[126.08564,37.10413],[126.08582,37.10449],[126.08624,37.10494],[126.08665,37.10536],[126.08675,37.10551],[126.08676,37.10561],[126.08677,37.10575],[126.08576,37.10752],[126.08549,37.10768],[126.08182,37.10846],[126.08092,37.10827],[126.0797,37.1085],[126.07941,37.1085],[126.0785,37.1083],[126.07816,37.10812],[126.07808,37.10779],[126.07774,37.10708],[126.07686,37.10628],[126.07671,37.10618],[126.07667,37.10616],[126.0729,37.10535],[126.07161,37.10518],[126.07019,37.10522],[126.06998,37.10524],[126.06969,37.10528],[126.06947,37.1054],[126.06912,37.10566],[126.06634,37.10558],[126.0663,37.10436],[126.06627,37.10376],[126.0661,37.10309],[126.06282,37.09876],[126.0626,37.09854],[126.06234,37.09837],[126.06137,37.09864],[126.06093,37.09831],[126.06017,37.09607],[126.06011,37.09574]]],[[[126.07498,37.28939],[126.07521,37.28524],[126.07523,37.28495],[126.07547,37.28456],[126.0762,37.28407],[126.07846,37.28268],[126.07945,37.28231],[126.08086,37.2821],[126.08206,37.28177],[126.08519,37.2809],[126.08569,37.2807],[126.08589,37.28052],[126.0862,37.28],[126.0873,37.27784],[126.08725,37.27713],[126.08722,37.27678],[126.08684,37.27631],[126.08666,37.27604],[126.0868,37.27568],[126.08717,37.27554],[126.08825,37.27534],[126.09244,37.2754],[126.09728,37.27681],[126.09761,37.27702],[126.09775,37.2772],[126.09846,37.27893],[126.09846,37.2791],[126.09829,37.27939],[126.09785,37.27972],[126.09249,37.28317],[126.09031,37.28434],[126.08739,37.2859],[126.08671,37.28649],[126.08628,37.28698],[126.08575,37.28781],[126.08534,37.2885],[126.08493,37.28895],[126.08433,37.28934],[126.08208,37.29007],[126.08159,37.29013],[126.08021,37.29007],[126.07809,37.28996],[126.07562,37.28981],[126.07522,37.28966],[126.07498,37.28939]]],[[[126.08376,37.22164],[126.08432,37.22113],[126.0891,37.22029],[126.0912,37.22148],[126.09502,37.22526],[126.09492,37.22577],[126.09439,37.22667],[126.09695,37.22994],[126.09938,37.22986],[126.10302,37.22975],[126.10414,37.22809],[126.10451,37.22753],[126.10465,37.22685],[126.10438,37.22628],[126.10364,37.22603],[126.10261,37.22558],[126.102,37.22511],[126.10041,37.22256],[126.10017,37.22204],[126.10051,37.22172],[126.10403,37.2196],[126.10455,37.21945],[126.10504,37.21953],[126.10913,37.22074],[126.11025,37.22168],[126.11055,37.22217],[126.11172,37.22275],[126.11262,37.22233],[126.11353,37.22139],[126.11436,37.22022],[126.11565,37.21722],[126.11588,37.21622],[126.11511,37.21499],[126.11329,37.21428],[126.11217,37.21436],[126.11137,37.21436],[126.11084,37.21413],[126.11068,37.21369],[126.11061,37.21332],[126.11206,37.21201],[126.11736,37.20929],[126.11965,37.20965],[126.126,37.21219],[126.12678,37.21259],[126.13248,37.21292],[126.13527,37.21306],[126.13887,37.21302],[126.13936,37.21366],[126.1405,37.2141],[126.1415,37.2143],[126.14211,37.21428],[126.14273,37.214],[126.14305,37.21346],[126.14334,37.21034],[126.14335,37.20965],[126.14317,37.20933],[126.14271,37.20907],[126.14203,37.20881],[126.14078,37.20834],[126.13954,37.20788],[126.13861,37.2073],[126.13769,37.20672],[126.13304,37.20265],[126.13265,37.20208],[126.13255,37.20114],[126.1327,37.20056],[126.13346,37.20017],[126.13479,37.20018],[126.1355,37.20056],[126.13646,37.20082],[126.13694,37.20008],[126.1372,37.19931],[126.13732,37.19822],[126.13721,37.19799],[126.13664,37.19753],[126.13673,37.19624],[126.13692,37.19558],[126.13735,37.19544],[126.14078,37.1963],[126.14223,37.19763],[126.14326,37.19889],[126.143,37.19958],[126.14245,37.20046],[126.14166,37.201],[126.14057,37.20159],[126.13985,37.20208],[126.13967,37.20265],[126.14002,37.20322],[126.1413,37.20376],[126.14259,37.20429],[126.14387,37.20483],[126.14459,37.20449],[126.14925,37.20421],[126.15063,37.20458],[126.15201,37.20495],[126.15251,37.20564],[126.15254,37.20619],[126.15228,37.20662],[126.1521,37.20699],[126.15249,37.20739],[126.15474,37.20801],[126.15688,37.20877],[126.15741,37.20909],[126.15762,37.20957],[126.15758,37.20983],[126.15744,37.21003],[126.15546,37.2103],[126.15453,37.21058],[126.15446,37.21081],[126.15486,37.21282],[126.15651,37.21378],[126.15768,37.2142],[126.158,37.21458],[126.15728,37.21604],[126.15704,37.21615],[126.1536,37.21744],[126.1529,37.21766],[126.15248,37.21739],[126.15206,37.21697],[126.15183,37.21679],[126.15084,37.21663],[126.14934,37.21643],[126.14812,37.2168],[126.14746,37.21702],[126.1468,37.21769],[126.14632,37.21862],[126.14659,37.21952],[126.14913,37.22303],[126.15068,37.22319],[126.15124,37.22286],[126.15158,37.22222],[126.1521,37.22163],[126.15257,37.22159],[126.15341,37.22182],[126.15407,37.22213],[126.15476,37.22341],[126.1547,37.22393],[126.15478,37.22536],[126.15556,37.22694],[126.15687,37.22766],[126.15793,37.22786],[126.15916,37.22809],[126.16036,37.2283],[126.16155,37.22852],[126.16274,37.22873],[126.16624,37.23097],[126.16633,37.2318],[126.16618,37.23258],[126.16184,37.23431],[126.15807,37.2355],[126.15477,37.23717],[126.15367,37.23824],[126.15186,37.23921],[126.14994,37.23958],[126.14854,37.23967],[126.14823,37.23961],[126.14697,37.23935],[126.14579,37.23895],[126.14479,37.23874],[126.14339,37.23883],[126.14282,37.23921],[126.14282,37.23974],[126.1429,37.24002],[126.14355,37.2403],[126.14434,37.24017],[126.14504,37.24014],[126.14569,37.24056],[126.14581,37.24136],[126.14593,37.24234],[126.14531,37.24293],[126.14453,37.24285],[126.1437,37.24232],[126.14327,37.24187],[126.14271,37.24158],[126.14227,37.24176],[126.13955,37.24299],[126.13826,37.24424],[126.13794,37.2457],[126.13727,37.24689],[126.13622,37.24726],[126.13526,37.2476],[126.13403,37.24756],[126.13294,37.24752],[126.13185,37.24775],[126.1311,37.2481],[126.13092,37.24869],[126.13056,37.24966],[126.12918,37.25126],[126.12865,37.25181],[126.12795,37.25202],[126.12629,37.25211],[126.12511,37.25196],[126.12472,37.25182],[126.1246,37.25119],[126.12439,37.25039],[126.12339,37.24951],[126.12283,37.24901],[126.12067,37.24736],[126.12013,37.24738],[126.11934,37.24775],[126.1185,37.24828],[126.11821,37.24852],[126.11755,37.24974],[126.11709,37.25099],[126.11718,37.25114],[126.11758,37.2518],[126.11771,37.25186],[126.11885,37.25401],[126.11895,37.25636],[126.11895,37.25709],[126.11892,37.25801],[126.11875,37.25817],[126.11849,37.25832],[126.11794,37.2584],[126.11495,37.25849],[126.11449,37.25838],[126.11415,37.25813],[126.11379,37.25763],[126.11357,37.25738],[126.11348,37.25736],[126.11332,37.25736],[126.11303,37.25746],[126.11221,37.25794],[126.11178,37.25832],[126.1117,37.25844],[126.10979,37.26598],[126.10984,37.2663],[126.11007,37.26665],[126.11093,37.26727],[126.11117,37.26756],[126.11085,37.27131],[126.11078,37.27165],[126.11069,37.27199],[126.11016,37.27308],[126.10987,37.27363],[126.10942,37.27376],[126.10752,37.27308],[126.10583,37.27412],[126.10468,37.27452],[126.10391,37.2744],[126.10328,37.27427],[126.10246,37.274],[126.10193,37.27373],[126.10076,37.27302],[126.10041,37.27277],[126.10006,37.27216],[126.1001,37.27154],[126.10046,37.27105],[126.10138,37.27017],[126.10202,37.26942],[126.10238,37.26868],[126.10237,37.26817],[126.10229,37.26719],[126.10202,37.26586],[126.10167,37.26505],[126.10129,37.26464],[126.10094,37.2644],[126.10046,37.26422],[126.10005,37.26409],[126.09957,37.26366],[126.09861,37.26274],[126.098,37.26215],[126.09667,37.25963],[126.09656,37.25915],[126.09598,37.25633],[126.09547,37.25378],[126.09536,37.25355],[126.09454,37.25234],[126.09433,37.25209],[126.09297,37.2507],[126.09187,37.24988],[126.09026,37.24897],[126.08948,37.2473],[126.08931,37.24375],[126.08942,37.23953],[126.09008,37.23824],[126.09107,37.23802],[126.09179,37.23656],[126.09126,37.2299],[126.08967,37.22636],[126.08897,37.22665],[126.08832,37.22677],[126.08642,37.22499],[126.08548,37.22411],[126.08376,37.22164]]],[[[126.08439,37.17758],[126.08441,37.17724],[126.08463,37.17638],[126.08628,37.17379],[126.08669,37.17317],[126.08695,37.17283],[126.08755,37.17269],[126.0882,37.17248],[126.08909,37.17196],[126.09183,37.17011],[126.09207,37.16995],[126.09284,37.16898],[126.09294,37.1688],[126.09295,37.16863],[126.09301,37.16825],[126.09324,37.16789],[126.0937,37.16723],[126.09401,37.16696],[126.09724,37.16623],[126.09765,37.16623],[126.1004,37.16652],[126.10442,37.16661],[126.10488,37.16661],[126.10515,37.16653],[126.10569,37.16615],[126.10637,37.16577],[126.10672,37.16564],[126.10957,37.1652],[126.10993,37.16515],[126.11021,37.16529],[126.11036,37.16552],[126.11223,37.16951],[126.11261,37.17052],[126.11149,37.17095],[126.11114,37.17104],[126.1102,37.17062],[126.11005,37.17067],[126.10939,37.17107],[126.10823,37.17209],[126.10767,37.17263],[126.10769,37.17299],[126.10796,37.17475],[126.1082,37.17558],[126.1087,37.17615],[126.10904,37.17634],[126.10942,37.17646],[126.11028,37.17665],[126.11137,37.17677],[126.11211,37.17702],[126.11258,37.1773],[126.11457,37.17942],[126.11496,37.17997],[126.1151,37.18055],[126.11462,37.18223],[126.11436,37.18267],[126.11387,37.18314],[126.11351,37.18336],[126.11299,37.18339],[126.11259,37.18328],[126.11199,37.18301],[126.11149,37.18256],[126.11123,37.18219],[126.11124,37.18133],[126.11114,37.18076],[126.11087,37.1802],[126.11057,37.17985],[126.11016,37.17955],[126.1097,37.17938],[126.10833,37.17921],[126.10713,37.17917],[126.10615,37.17924],[126.10575,37.17934],[126.1052,37.17955],[126.10473,37.17983],[126.10462,37.1799],[126.1046,37.18008],[126.1046,37.1803],[126.10495,37.18079],[126.10522,37.18123],[126.10524,37.18163],[126.10515,37.18197],[126.10356,37.18388],[126.10282,37.18457],[126.10063,37.18633],[126.10009,37.18667],[126.09956,37.18683],[126.09806,37.18711],[126.09762,37.18711],[126.09717,37.18702],[126.09702,37.18733],[126.09596,37.18824],[126.09556,37.18841],[126.09506,37.18851],[126.09435,37.18846],[126.09344,37.18828],[126.093,37.18809],[126.09249,37.18766],[126.09018,37.18494],[126.08925,37.18161],[126.08639,37.18077],[126.08613,37.18059],[126.08493,37.17911],[126.08478,37.17878],[126.08439,37.17758]]],[[[126.087,37.2629],[126.08715,37.26225],[126.0876,37.26184],[126.08859,37.26164],[126.09018,37.26233],[126.09132,37.2632],[126.09132,37.26397],[126.09118,37.26454],[126.09054,37.26508],[126.0894,37.26518],[126.08862,37.26456],[126.08773,37.26383],[126.08733,37.26334],[126.087,37.2629]]],[[[126.1031,37.2068],[126.10324,37.20632],[126.10364,37.20597],[126.10448,37.20557],[126.10543,37.20597],[126.10582,37.20652],[126.10582,37.2077],[126.10523,37.2081],[126.10458,37.2084],[126.10376,37.20815],[126.1031,37.20738],[126.1031,37.2068]]],[[[126.10988,37.19773],[126.10993,37.1969],[126.11042,37.19646],[126.11096,37.19617],[126.11179,37.19617],[126.11235,37.19677],[126.11248,37.19747],[126.11248,37.1981],[126.11191,37.19856],[126.11087,37.19866],[126.11022,37.19822],[126.10988,37.19773]]],[[[126.11449,37.18555],[126.11476,37.18532],[126.11508,37.18515],[126.11551,37.18495],[126.11646,37.18467],[126.11693,37.1848],[126.11638,37.18556],[126.11572,37.18609],[126.11507,37.18628],[126.11463,37.18605],[126.11449,37.1859],[126.11449,37.18555]]],[[[126.15846,37.22421],[126.15893,37.22375],[126.16057,37.22271],[126.16111,37.22229],[126.16138,37.22195],[126.16146,37.22176],[126.16147,37.22149],[126.16144,37.22131],[126.16123,37.22104],[126.16083,37.22051],[126.15983,37.2191],[126.15965,37.21863],[126.15964,37.21823],[126.16021,37.21547],[126.16049,37.21508],[126.16074,37.21494],[126.16156,37.21463],[126.16206,37.21426],[126.16221,37.21406],[126.16243,37.21352],[126.16255,37.21307],[126.16254,37.21293],[126.16245,37.21269],[126.16217,37.21246],[126.16129,37.21212],[126.16101,37.21197],[126.16083,37.21158],[126.1609,37.21105],[126.16112,37.21073],[126.1614,37.21059],[126.16285,37.21069],[126.16331,37.21088],[126.16416,37.21172],[126.16448,37.21206],[126.16465,37.21209],[126.16801,37.21143],[126.16847,37.21133],[126.16863,37.21124],[126.16883,37.21091],[126.16884,37.21058],[126.16882,37.20983],[126.16893,37.20935],[126.1691,37.20896],[126.16955,37.20879],[126.17002,37.20887],[126.1721,37.2102],[126.17442,37.21213],[126.17461,37.21221],[126.17527,37.21219],[126.17606,37.212],[126.177,37.21156],[126.17748,37.21116],[126.17778,37.21076],[126.17784,37.21057],[126.17785,37.21036],[126.17757,37.20848],[126.17927,37.20477],[126.17924,37.20169],[126.17921,37.20093],[126.17937,37.20039],[126.18027,37.19811],[126.18152,37.19537],[126.18225,37.19412],[126.18274,37.19359],[126.18306,37.19329],[126.18345,37.19317],[126.18393,37.19349],[126.18442,37.19572],[126.18446,37.19731],[126.18437,37.19891],[126.18438,37.19932],[126.18458,37.19993],[126.18574,37.20173],[126.18597,37.20187],[126.18608,37.20187],[126.18804,37.2029],[126.18928,37.20474],[126.19128,37.2078],[126.19192,37.20935],[126.18948,37.21008],[126.18858,37.2103],[126.1876,37.21042],[126.18438,37.21035],[126.1826,37.2094],[126.18168,37.2115],[126.18066,37.21509],[126.18046,37.21708],[126.17986,37.218],[126.17807,37.21836],[126.17762,37.21856],[126.17377,37.22155],[126.17314,37.2221],[126.17291,37.22256],[126.1708,37.22689],[126.17067,37.22747],[126.17014,37.22906],[126.16992,37.22923],[126.1696,37.22914],[126.16653,37.22671],[126.16577,37.22543],[126.16562,37.2252],[126.16429,37.22407],[126.16419,37.22403],[126.16397,37.22397],[126.16315,37.224],[126.16199,37.22424],[126.16096,37.22454],[126.16056,37.22466],[126.15961,37.22485],[126.15892,37.22484],[126.15864,37.22474],[126.15846,37.22442],[126.15846,37.22421]]],[[[126.18589,37.21938],[126.18607,37.21907],[126.18663,37.21884],[126.18718,37.21891],[126.18686,37.21935],[126.18671,37.2197],[126.18668,37.21984],[126.1868,37.22059],[126.18688,37.2211],[126.18634,37.22096],[126.18609,37.2206],[126.18589,37.21938]]],[[[126.18931,37.21831],[126.18945,37.21802],[126.19116,37.21683],[126.19218,37.21632],[126.1925,37.21619],[126.19291,37.2161],[126.19342,37.21622],[126.19353,37.21645],[126.19344,37.21671],[126.19234,37.21827],[126.19172,37.21862],[126.1902,37.21882],[126.18982,37.21885],[126.18949,37.21884],[126.18931,37.21865],[126.18931,37.21831]]],[[[126.21111,37.19148],[126.2112,37.19123],[126.21156,37.19074],[126.21216,37.19044],[126.21307,37.19029],[126.21413,37.19029],[126.21457,37.19031],[126.21508,37.19049],[126.21536,37.19072],[126.21537,37.19095],[126.21511,37.19131],[126.21276,37.19288],[126.21242,37.19304],[126.21216,37.19289],[126.21162,37.19234],[126.21116,37.19176],[126.21111,37.19148]]],[[[126.21386,37.18425],[126.21392,37.184],[126.21484,37.18223],[126.21536,37.18175],[126.21926,37.17844],[126.21992,37.17818],[126.22046,37.17809],[126.22094,37.17811],[126.22181,37.1786],[126.22268,37.1793],[126.22312,37.17955],[126.22335,37.1796],[126.22351,37.1796],[126.22561,37.17887],[126.22611,37.17847],[126.22667,37.17798],[126.22706,37.17769],[126.22743,37.1775],[126.22788,37.17746],[126.22835,37.17747],[126.23077,37.1784],[126.23272,37.17913],[126.23289,37.17916],[126.233,37.17914],[126.23576,37.17835],[126.23782,37.17767],[126.23816,37.17746],[126.23858,37.17719],[126.23869,37.17699],[126.23891,37.17649],[126.2392,37.17622],[126.23976,37.17613],[126.24005,37.17614],[126.2414,37.17628],[126.24178,37.17662],[126.2418,37.17711],[126.24153,37.17739],[126.24096,37.17773],[126.24042,37.1781],[126.23983,37.1787],[126.2396,37.17902],[126.23956,37.17926],[126.23965,37.17958],[126.23992,37.18002],[126.24034,37.18046],[126.24126,37.18106],[126.24415,37.18203],[126.24472,37.18218],[126.24588,37.18228],[126.24714,37.18223],[126.24851,37.18234],[126.24907,37.1826],[126.2493,37.183],[126.24928,37.18344],[126.24899,37.18381],[126.24806,37.18428],[126.24671,37.18488],[126.2463,37.18489],[126.24583,37.18472],[126.24529,37.18457],[126.24507,37.18452],[126.24495,37.18454],[126.24336,37.18503],[126.24292,37.1852],[126.24181,37.18578],[126.24026,37.18663],[126.23965,37.18673],[126.23791,37.18682],[126.2374,37.18675],[126.23652,37.18642],[126.23596,37.18639],[126.23335,37.18664],[126.23211,37.18689],[126.23009,37.18732],[126.22751,37.18802],[126.22697,37.18802],[126.22647,37.18782],[126.22622,37.1873],[126.22643,37.18617],[126.22653,37.18532],[126.22637,37.18482],[126.22602,37.18401],[126.22555,37.18344],[126.2248,37.18277],[126.22434,37.18239],[126.22404,37.18225],[126.22324,37.18214],[126.22266,37.18211],[126.2223,37.18215],[126.22193,37.18223],[126.22125,37.18251],[126.21897,37.18378],[126.21856,37.18405],[126.21831,37.18424],[126.21827,37.18432],[126.21839,37.1855],[126.21902,37.18669],[126.21927,37.18707],[126.21944,37.18723],[126.22017,37.18799],[126.22017,37.18861],[126.21989,37.18895],[126.21927,37.18892],[126.21801,37.1886],[126.21658,37.1891],[126.21601,37.18918],[126.21556,37.18896],[126.21513,37.18862],[126.21401,37.1868],[126.21397,37.18635],[126.21386,37.18425]]],[[[126.24332,37.17455],[126.24338,37.17413],[126.24356,37.17382],[126.24796,37.17035],[126.24838,37.1701],[126.24904,37.16984],[126.24934,37.16976],[126.25191,37.16999],[126.25222,37.1701],[126.25284,37.1707],[126.25298,37.17078],[126.25322,37.17082],[126.25398,37.17086],[126.25444,37.17081],[126.2561,37.17026],[126.25832,37.16919],[126.25892,37.16888],[126.2624,37.16829],[126.26299,37.16845],[126.26574,37.16763],[126.26757,37.16676],[126.26852,37.16627],[126.26914,37.16582],[126.2721,37.16355],[126.27256,37.16309],[126.27291,37.16259],[126.27294,37.16236],[126.27276,37.16203],[126.27227,37.16152],[126.27208,37.16115],[126.27198,37.16065],[126.27213,37.16004],[126.27249,37.15957],[126.27315,37.15919],[126.27984,37.15704],[126.28037,37.15699],[126.28143,37.15714],[126.28206,37.15738],[126.28248,37.15772],[126.28475,37.1621],[126.28483,37.16247],[126.28461,37.16283],[126.28417,37.16317],[126.28359,37.16343],[126.28296,37.16363],[126.28182,37.16371],[126.28048,37.16362],[126.27957,37.16366],[126.27686,37.16407],[126.27555,37.16437],[126.27465,37.16474],[126.2743,37.16508],[126.27401,37.16549],[126.27199,37.16966],[126.27183,37.17009],[126.27133,37.17357],[126.27132,37.1753],[126.2715,37.17616],[126.27117,37.17647],[126.27076,37.1765],[126.27034,37.17632],[126.27005,37.17615],[126.26893,37.1755],[126.26845,37.17537],[126.26806,37.17534],[126.26742,37.17542],[126.26698,37.17553],[126.26644,37.17587],[126.26593,37.17646],[126.26573,37.17682],[126.26558,37.17753],[126.26534,37.17825],[126.26452,37.17922],[126.26397,37.17961],[126.26168,37.18115],[126.26117,37.18125],[126.25983,37.1813],[126.25929,37.18131],[126.25859,37.18123],[126.25712,37.18091],[126.25605,37.1818],[126.25564,37.18208],[126.25531,37.18218],[126.25479,37.18216],[126.25436,37.18201],[126.25312,37.18126],[126.25285,37.18097],[126.25285,37.18064],[126.25303,37.1796],[126.25351,37.179],[126.25363,37.17857],[126.25368,37.1784],[126.25364,37.17816],[126.25351,37.17801],[126.25292,37.17767],[126.2526,37.17751],[126.25198,37.17737],[126.25107,37.17728],[126.25055,37.17729],[126.25008,37.17741],[126.24962,37.17765],[126.2495,37.17782],[126.24929,37.17828],[126.24884,37.17886],[126.2485,37.17901],[126.24642,37.17863],[126.24602,37.17838],[126.24397,37.17636],[126.24373,37.17608],[126.24346,37.17543],[126.24332,37.17455]]],[[[126.25806,37.55644],[126.25819,37.55593],[126.26061,37.55094],[126.26072,37.55079],[126.2609,37.55073],[126.26126,37.55068],[126.2616,37.55069],[126.26383,37.5509],[126.2642,37.55095],[126.26448,37.55102],[126.26477,37.55119],[126.26608,37.55199],[126.26617,37.55217],[126.26607,37.55246],[126.26592,37.55266],[126.26523,37.55302],[126.26352,37.55353],[126.26339,37.55355],[126.26333,37.55357],[126.25942,37.55729],[126.25925,37.55747],[126.25909,37.55753],[126.25842,37.55723],[126.25809,37.55694],[126.25806,37.5568],[126.25806,37.55644]]],[[[126.26402,37.32704],[126.26404,37.32656],[126.2641,37.32617],[126.26429,37.32587],[126.26469,37.32576],[126.26492,37.32576],[126.26531,37.32584],[126.26546,37.32593],[126.26564,37.32606],[126.26585,37.32634],[126.2659,37.32641],[126.26598,37.32654],[126.26627,37.32685],[126.26751,37.32787],[126.26761,37.32795],[126.26928,37.32893],[126.26947,37.32908],[126.2701,37.33011],[126.27026,37.33071],[126.27026,37.33109],[126.2701,37.33152],[126.26982,37.33173],[126.26932,37.33182],[126.2692,37.33181],[126.26749,37.33142],[126.26725,37.33123],[126.26673,37.33066],[126.26407,37.32713],[126.26402,37.32704]]],[[[126.26463,37.54569],[126.2653,37.54577],[126.269,37.54542],[126.2694,37.5453],[126.27032,37.54497],[126.27528,37.54406],[126.27571,37.544],[126.27634,37.54401],[126.27656,37.54403],[126.27671,37.5441],[126.27676,37.54419],[126.27675,37.54452],[126.27675,37.54468],[126.27648,37.54573],[126.2764,37.54588],[126.27625,37.546],[126.27599,37.54613],[126.27384,37.54757],[126.27342,37.54777],[126.27302,37.54791],[126.27028,37.54874],[126.26774,37.54884],[126.26476,37.54665],[126.26463,37.54569]]],[[[126.26642,37.13388],[126.26646,37.1336],[126.26678,37.13324],[126.26726,37.13305],[126.26799,37.13305],[126.26877,37.13325],[126.26913,37.1338],[126.26908,37.13423],[126.26875,37.13471],[126.26813,37.13494],[126.26741,37.13494],[126.26658,37.13456],[126.26642,37.13388]]],[[[126.27109,37.31659],[126.27111,37.31627],[126.27559,37.31384],[126.27604,37.31369],[126.27616,37.31369],[126.27636,37.31373],[126.27661,37.31384],[126.27679,37.31405],[126.27682,37.31409],[126.27683,37.31422],[126.27675,37.31506],[126.27656,37.31522],[126.27457,37.31626],[126.27436,37.31695],[126.2736,37.31918],[126.27337,37.31942],[126.27242,37.31953],[126.27184,37.31943],[126.27179,37.31938],[126.27165,37.31918],[126.27109,37.31659]]],[[[126.27115,37.14886],[126.27144,37.14579],[126.27148,37.14552],[126.2715,37.14532],[126.272,37.14428],[126.27291,37.14323],[126.27594,37.14042],[126.27652,37.14054],[126.27813,37.14224],[126.27801,37.14289],[126.27752,37.14345],[126.27696,37.14369],[126.27665,37.14393],[126.27629,37.1444],[126.27623,37.14475],[126.27605,37.14587],[126.2761,37.14628],[126.27667,37.14743],[126.27706,37.14793],[126.27761,37.14833],[126.27808,37.14895],[126.27829,37.14929],[126.27818,37.14984],[126.27789,37.15051],[126.27755,37.15074],[126.27682,37.15085],[126.27543,37.15084],[126.27497,37.15088],[126.27455,37.15086],[126.27402,37.15073],[126.2717,37.15],[126.27115,37.14886]]],[[[126.27187,37.12638],[126.27217,37.12582],[126.27302,37.12542],[126.27369,37.12542],[126.27436,37.12588],[126.27441,37.12676],[126.27364,37.12722],[126.27274,37.12732],[126.27202,37.12691],[126.27187,37.12638]]],[[[126.27793,37.26306],[126.27823,37.26229],[126.28034,37.259],[126.28085,37.25861],[126.28174,37.25847],[126.28245,37.25859],[126.28407,37.25895],[126.28493,37.25959],[126.28533,37.25978],[126.28576,37.25996],[126.28665,37.25999],[126.28778,37.25938],[126.2883,37.2589],[126.28898,37.25785],[126.29145,37.25603],[126.29219,37.25629],[126.29426,37.25615],[126.29437,37.25606],[126.29533,37.25519],[126.29549,37.25494],[126.29559,37.25413],[126.29588,37.2533],[126.29658,37.2522],[126.29694,37.25191],[126.2983,37.25144],[126.29904,37.25141],[126.29959,37.25141],[126.30013,37.25156],[126.30055,37.25194],[126.30088,37.25238],[126.30091,37.25274],[126.30106,37.25284],[126.30128,37.25298],[126.30195,37.25323],[126.30317,37.2534],[126.304,37.25334],[126.30547,37.25265],[126.30681,37.25174],[126.30771,37.25112],[126.30842,37.24952],[126.30869,37.24818],[126.30848,37.24778],[126.30848,37.24726],[126.30879,37.24678],[126.30919,37.24647],[126.30978,37.24613],[126.31074,37.24577],[126.31156,37.24617],[126.31129,37.2469],[126.31085,37.24732],[126.31053,37.24762],[126.31048,37.24783],[126.31066,37.24885],[126.31309,37.24931],[126.31426,37.2491],[126.31566,37.24854],[126.31656,37.24793],[126.31661,37.24779],[126.31695,37.24632],[126.31688,37.24543],[126.31676,37.24489],[126.31692,37.2443],[126.3184,37.24403],[126.31956,37.24419],[126.3201,37.24478],[126.32055,37.24532],[126.32081,37.2458],[126.32317,37.24709],[126.32533,37.24747],[126.32588,37.24731],[126.32624,37.24707],[126.32625,37.24696],[126.32602,37.24661],[126.32592,37.24614],[126.32613,37.24555],[126.32684,37.24534],[126.33134,37.24538],[126.33353,37.24632],[126.33446,37.24724],[126.33573,37.24816],[126.33677,37.24849],[126.33802,37.24869],[126.33945,37.24876],[126.34037,37.2488],[126.3429,37.25],[126.34303,37.25029],[126.34614,37.25506],[126.34885,37.259],[126.34895,37.25918],[126.34899,37.2593],[126.34899,37.25984],[126.34869,37.26038],[126.3486,37.2605],[126.34813,37.26083],[126.34781,37.26101],[126.34714,37.2612],[126.34613,37.2612],[126.34303,37.2621],[126.34099,37.26312],[126.34048,37.26334],[126.33864,37.26363],[126.33834,37.26362],[126.33545,37.26315],[126.33516,37.26311],[126.33506,37.26309],[126.33479,37.26299],[126.33469,37.26291],[126.33461,37.26284],[126.33444,37.26268],[126.33436,37.26257],[126.33395,37.26201],[126.33374,37.26151],[126.33372,37.26143],[126.33377,37.25996],[126.33397,37.25782],[126.33447,37.25732],[126.33484,37.25692],[126.33485,37.25672],[126.33472,37.25654],[126.33459,37.25638],[126.33423,37.25601],[126.3338,37.2557],[126.33365,37.25564],[126.33225,37.25545],[126.33143,37.25544],[126.33109,37.25561],[126.33099,37.25569],[126.33016,37.25712],[126.33015,37.25749],[126.33015,37.25753],[126.33031,37.25776],[126.33042,37.25789],[126.33057,37.25789],[126.33069,37.25858],[126.33058,37.25879],[126.32967,37.26002],[126.32852,37.26069],[126.32826,37.26056],[126.32824,37.26023],[126.32834,37.2592],[126.32834,37.2591],[126.3281,37.2576],[126.32806,37.25749],[126.32787,37.25739],[126.32773,37.25735],[126.32667,37.25716],[126.32612,37.25715],[126.32549,37.25724],[126.3251,37.25734],[126.32269,37.25826],[126.32072,37.25923],[126.31955,37.25995],[126.31796,37.26104],[126.31786,37.26112],[126.31765,37.26148],[126.31536,37.26254],[126.30745,37.26298],[126.30718,37.26297],[126.30689,37.26306],[126.30518,37.26395],[126.3049,37.26417],[126.30477,37.26428],[126.30452,37.26452],[126.30447,37.2646],[126.30406,37.26529],[126.30376,37.26552],[126.30342,37.26575],[126.30202,37.26619],[126.30152,37.26632],[126.30109,37.2663],[126.3007,37.26617],[126.3002,37.266],[126.29998,37.26598],[126.29785,37.26614],[126.29506,37.26695],[126.28997,37.26741],[126.28922,37.26758],[126.28894,37.2678],[126.28835,37.26913],[126.28798,37.27001],[126.28804,37.27007],[126.28847,37.27052],[126.28872,37.27079],[126.28882,37.27131],[126.28843,37.27201],[126.28739,37.27236],[126.28666,37.27231],[126.2857,37.27221],[126.28498,37.27202],[126.28417,37.27172],[126.2836,37.27127],[126.2834,37.27094],[126.28332,37.2706],[126.28343,37.27007],[126.28417,37.26888],[126.28417,37.26883],[126.28387,37.26721],[126.28364,37.26635],[126.28331,37.26543],[126.28218,37.26396],[126.28203,37.26393],[126.28169,37.26391],[126.28099,37.26409],[126.27988,37.26447],[126.279,37.26438],[126.27847,37.26416],[126.27801,37.26349],[126.27793,37.26306]]],[[[126.28582,37.17255],[126.28675,37.17196],[126.28819,37.17208],[126.28873,37.173],[126.28873,37.17358],[126.28854,37.17409],[126.28783,37.17452],[126.28739,37.17443],[126.28648,37.17411],[126.28588,37.17351],[126.28582,37.17255]]],[[[126.28954,37.17211],[126.29021,37.17061],[126.29081,37.16997],[126.29167,37.16946],[126.29331,37.16899],[126.29422,37.1686],[126.29497,37.1681],[126.29518,37.16767],[126.29522,37.1672],[126.29514,37.16689],[126.29488,37.16639],[126.29449,37.16591],[126.29426,37.16548],[126.29422,37.165],[126.29463,37.16459],[126.29856,37.16414],[126.29947,37.16437],[126.30023,37.16485],[126.30057,37.16484],[126.30441,37.16327],[126.30606,37.16207],[126.30651,37.16142],[126.30658,37.16103],[126.30609,37.16039],[126.30592,37.16028],[126.30539,37.15946],[126.30557,37.15875],[126.30611,37.15817],[126.30685,37.15789],[126.31169,37.15808],[126.31276,37.15832],[126.31456,37.15945],[126.31506,37.16006],[126.31558,37.16046],[126.31592,37.16052],[126.31648,37.1604],[126.31801,37.15964],[126.31838,37.15946],[126.31955,37.15878],[126.31989,37.15857],[126.32045,37.15814],[126.32223,37.15868],[126.3259,37.16127],[126.32504,37.16223],[126.31913,37.16587],[126.31735,37.16693],[126.31481,37.16905],[126.31515,37.16992],[126.31215,37.17227],[126.31084,37.17221],[126.30952,37.17215],[126.30795,37.17137],[126.30729,37.1711],[126.30631,37.1712],[126.30547,37.1716],[126.30477,37.17232],[126.30408,37.17304],[126.30277,37.17378],[126.30075,37.17372],[126.29981,37.17349],[126.29851,37.17285],[126.29645,37.17362],[126.29568,37.17402],[126.2954,37.17433],[126.29535,37.17539],[126.2952,37.17575],[126.29474,37.17607],[126.29054,37.17569],[126.28993,37.17545],[126.28955,37.17468],[126.28954,37.17211]]],[[[126.295,37.18409],[126.29628,37.18356],[126.29697,37.18345],[126.29742,37.18381],[126.29784,37.18415],[126.29818,37.18479],[126.29821,37.1852],[126.29778,37.18593],[126.29708,37.18618],[126.2962,37.18606],[126.29562,37.18577],[126.295,37.18521],[126.295,37.18427],[126.295,37.18409]]],[[[126.29767,37.12787],[126.29815,37.12713],[126.29901,37.12651],[126.29989,37.12605],[126.30069,37.12593],[126.30133,37.12615],[126.30332,37.12836],[126.30402,37.12935],[126.30392,37.12973],[126.30166,37.13006],[126.30106,37.13006],[126.29883,37.12896],[126.29807,37.12848],[126.29767,37.12787]]],[[[126.29951,37.13964],[126.30015,37.13833],[126.30095,37.13747],[126.3019,37.13707],[126.30329,37.13683],[126.30358,37.13685],[126.3038,37.1366],[126.30426,37.13586],[126.30528,37.13328],[126.30528,37.13284],[126.30492,37.13238],[126.30457,37.13157],[126.3075,37.13116],[126.30826,37.13136],[126.30962,37.13311],[126.30831,37.13659],[126.30759,37.13757],[126.30688,37.13855],[126.30603,37.13912],[126.3043,37.13972],[126.30336,37.13961],[126.30252,37.13947],[126.30163,37.1399],[126.3,37.14058],[126.29951,37.14018],[126.29951,37.13964]]],[[[126.30263,37.50094],[126.30266,37.5008],[126.30297,37.50002],[126.30306,37.49995],[126.30326,37.49997],[126.30385,37.50017],[126.30781,37.50179],[126.30796,37.50194],[126.30823,37.50283],[126.30809,37.503],[126.30783,37.50321],[126.30756,37.50327],[126.30647,37.50307],[126.30572,37.50352],[126.30537,37.5036],[126.30508,37.5036],[126.30479,37.5035],[126.30461,37.50337],[126.30366,37.50253],[126.30323,37.50205],[126.30283,37.50154],[126.30271,37.50127],[126.30263,37.50094]]],[[[126.30736,37.56025],[126.30737,37.55956],[126.30798,37.55777],[126.30808,37.55757],[126.30889,37.5562],[126.30898,37.55609],[126.31487,37.5509],[126.31536,37.55052],[126.31551,37.55043],[126.31643,37.55027],[126.31669,37.55027],[126.31973,37.54753],[126.32355,37.54493],[126.32739,37.54262],[126.32748,37.54256],[126.32817,37.54201],[126.32826,37.54192],[126.32881,37.54107],[126.32886,37.5409],[126.32935,37.53898],[126.32966,37.53763],[126.32979,37.53696],[126.32982,37.53671],[126.32982,37.53667],[126.32984,37.53614],[126.32975,37.53575],[126.32968,37.53555],[126.3291,37.53432],[126.32846,37.53312],[126.32783,37.53096],[126.32791,37.53071],[126.32808,37.53007],[126.32815,37.52968],[126.32819,37.52941],[126.32822,37.52857],[126.32824,37.5279],[126.32823,37.52778],[126.32812,37.52751],[126.32798,37.52729],[126.32692,37.52653],[126.32661,37.52636],[126.32625,37.52624],[126.32606,37.52612],[126.32542,37.52572],[126.32525,37.52558],[126.32516,37.52545],[126.32508,37.52506],[126.32512,37.52487],[126.32663,37.52169],[126.32672,37.52166],[126.32726,37.52296],[126.32753,37.52352],[126.32767,37.52369],[126.32972,37.52544],[126.3298,37.52551],[126.33011,37.52564],[126.33252,37.52637],[126.33437,37.52657],[126.33531,37.52675],[126.33551,37.527],[126.33553,37.52724],[126.3352,37.52773],[126.33482,37.5281],[126.3345,37.52851],[126.33441,37.52872],[126.33434,37.52903],[126.33438,37.52919],[126.33454,37.52943],[126.33499,37.52984],[126.33563,37.53026],[126.33584,37.53034],[126.3362,37.53034],[126.33706,37.53025],[126.33812,37.53007],[126.33878,37.5299],[126.33944,37.52968],[126.33996,37.52946],[126.34002,37.52835],[126.33987,37.52693],[126.33985,37.52677],[126.33991,37.52621],[126.34,37.52602],[126.34022,37.5259],[126.34117,37.52564],[126.34167,37.52558],[126.34186,37.52561],[126.34239,37.52577],[126.3429,37.52602],[126.34329,37.52631],[126.34347,37.52652],[126.3435,37.52667],[126.34348,37.527],[126.34335,37.52725],[126.34307,37.52759],[126.34306,37.52764],[126.3431,37.52768],[126.34365,37.52793],[126.34405,37.52803],[126.35279,37.52972],[126.36067,37.53067],[126.36074,37.53066],[126.36389,37.5298],[126.36533,37.52942],[126.36662,37.52952],[126.36787,37.52969],[126.37181,37.52937],[126.37871,37.52868],[126.37894,37.52865],[126.37915,37.5286],[126.37927,37.5285],[126.3797,37.52797],[126.37973,37.52792],[126.37967,37.52766],[126.37987,37.52746],[126.38181,37.52736],[126.38205,37.52736],[126.38219,37.52755],[126.384,37.53076],[126.38469,37.53546],[126.38466,37.53585],[126.38446,37.53858],[126.38436,37.539],[126.38404,37.53926],[126.38378,37.53915],[126.3836,37.53901],[126.38341,37.53872],[126.38333,37.5383],[126.38328,37.53808],[126.38323,37.53804],[126.38152,37.53763],[126.38119,37.53756],[126.3784,37.53709],[126.37799,37.53704],[126.37772,37.53709],[126.37348,37.53677],[126.3692,37.5356],[126.36872,37.53549],[126.36646,37.53504],[126.36614,37.535],[126.36605,37.53499],[126.36485,37.53489],[126.35799,37.53493],[126.35478,37.53524],[126.35442,37.53528],[126.35382,37.53538],[126.35365,37.53542],[126.35303,37.53557],[126.35288,37.53566],[126.35276,37.53577],[126.35269,37.5359],[126.35263,37.53614],[126.35262,37.5363],[126.35245,37.53643],[126.3502,37.53741],[126.3499,37.53754],[126.34936,37.53766],[126.34805,37.53787],[126.34696,37.53809],[126.34606,37.53836],[126.34514,37.53869],[126.34444,37.53901],[126.34388,37.53927],[126.34353,37.53955],[126.34037,37.54516],[126.34051,37.54537],[126.3406,37.54559],[126.34066,37.5473],[126.34054,37.54755],[126.33746,37.55177],[126.33736,37.55191],[126.33716,37.55205],[126.33689,37.55218],[126.33653,37.55214],[126.33607,37.55194],[126.33479,37.55133],[126.33417,37.55105],[126.33326,37.55076],[126.33277,37.55065],[126.33249,37.55063],[126.32976,37.55067],[126.32872,37.55083],[126.32855,37.55087],[126.32812,37.55104],[126.3279,37.55122],[126.32778,37.55141],[126.3277,37.55176],[126.32322,37.55375],[126.31972,37.55615],[126.30989,37.56022],[126.30966,37.56028],[126.30838,37.56053],[126.30819,37.56054],[126.3078,37.56048],[126.3076,37.56042],[126.30736,37.56025]]],[[[126.30921,37.21211],[126.31022,37.21167],[126.31173,37.21142],[126.31431,37.21168],[126.31971,37.21234],[126.32064,37.21256],[126.32106,37.21311],[126.32113,37.21368],[126.32106,37.21455],[126.31966,37.21869],[126.31878,37.22],[126.31682,37.22223],[126.31616,37.22298],[126.3154,37.223],[126.31434,37.22232],[126.3137,37.22148],[126.31315,37.22004],[126.31295,37.21834],[126.3127,37.21662],[126.31237,37.21608],[126.31195,37.2157],[126.31063,37.21507],[126.30977,37.21433],[126.30945,37.2138],[126.30925,37.21309],[126.30921,37.21211]]],[[[126.31787,37.15264],[126.31794,37.15208],[126.32162,37.15072],[126.32241,37.15065],[126.32319,37.15094],[126.32366,37.15123],[126.3248,37.15308],[126.32478,37.15353],[126.32435,37.15431],[126.32392,37.15459],[126.32334,37.15482],[126.32283,37.15473],[126.32182,37.15455],[126.32104,37.15433],[126.31851,37.15347],[126.31793,37.15306],[126.31787,37.15264]]],[[[126.32077,37.51283],[126.32191,37.50965],[126.32201,37.50943],[126.32231,37.50928],[126.32257,37.50931],[126.32275,37.50937],[126.32312,37.50959],[126.32384,37.51007],[126.3244,37.51067],[126.32455,37.51091],[126.32463,37.5112],[126.32469,37.51158],[126.32459,37.51193],[126.3244,37.51215],[126.32411,37.51334],[126.32401,37.51361],[126.32342,37.51385],[126.3231,37.51391],[126.32162,37.51357],[126.32123,37.51331],[126.32093,37.51303],[126.32077,37.51283]]],[[[126.32605,37.50128],[126.32606,37.50111],[126.32646,37.50079],[126.32801,37.49966],[126.32825,37.49961],[126.32849,37.49962],[126.32872,37.49971],[126.33267,37.50188],[126.3328,37.50207],[126.33323,37.50281],[126.33328,37.50298],[126.33322,37.50308],[126.33306,37.50318],[126.33278,37.5033],[126.33266,37.50332],[126.33234,37.5033],[126.33153,37.5032],[126.33071,37.50321],[126.32755,37.50266],[126.32743,37.50262],[126.32652,37.50184],[126.32611,37.50136],[126.32605,37.50128]]],[[[126.35992,37.20364],[126.36,37.20323],[126.36062,37.20271],[126.36178,37.20271],[126.36225,37.20305],[126.3624,37.20372],[126.362,37.20438],[126.36131,37.2047],[126.36037,37.20439],[126.35992,37.20364]]],[[[126.36239,37.21288],[126.36264,37.21023],[126.36285,37.20977],[126.3633,37.2095],[126.36672,37.21022],[126.36718,37.21039],[126.36718,37.21081],[126.36692,37.21139],[126.36582,37.21216],[126.36335,37.21368],[126.36286,37.21368],[126.36245,37.21341],[126.36239,37.21288]]],[[[126.36658,37.18795],[126.36674,37.18732],[126.36745,37.18698],[126.36827,37.18704],[126.36904,37.18743],[126.36909,37.18814],[126.36865,37.18869],[126.36755,37.18882],[126.36672,37.18859],[126.36658,37.18795]]],[[[126.36829,37.1928],[126.3686,37.19226],[126.36905,37.19203],[126.36961,37.19196],[126.37005,37.19203],[126.37032,37.19236],[126.37026,37.1928],[126.37002,37.19319],[126.36954,37.1936],[126.36903,37.19371],[126.36867,37.1936],[126.36829,37.1933],[126.36829,37.1928]]],[[[126.38434,37.22069],[126.38437,37.22025],[126.38459,37.21977],[126.38537,37.21942],[126.38607,37.21938],[126.38714,37.21941],[126.38747,37.21943],[126.38781,37.2198],[126.38765,37.22024],[126.3864,37.22278],[126.38595,37.22309],[126.38549,37.22309],[126.38521,37.22283],[126.38434,37.22069]]],[[[126.38515,37.24104],[126.38569,37.24068],[126.38655,37.24046],[126.38777,37.24052],[126.389,37.24075],[126.3897,37.24107],[126.39113,37.24148],[126.39226,37.24175],[126.39388,37.24146],[126.39478,37.24128],[126.39556,37.24128],[126.39909,37.24146],[126.39969,37.2417],[126.40003,37.24223],[126.39974,37.24282],[126.39891,37.2435],[126.39774,37.24415],[126.39492,37.24489],[126.39347,37.24508],[126.39336,37.24478],[126.39309,37.24424],[126.39227,37.2432],[126.39062,37.24225],[126.38967,37.24198],[126.38715,37.24204],[126.38612,37.24215],[126.38555,37.24193],[126.38515,37.24153],[126.38515,37.24104]]],[[[126.39057,37.21959],[126.3906,37.21927],[126.391,37.21892],[126.39177,37.21854],[126.39226,37.21844],[126.39423,37.21836],[126.39456,37.21836],[126.39489,37.21864],[126.39503,37.21901],[126.39493,37.21964],[126.39442,37.21979],[126.39119,37.22019],[126.39085,37.22016],[126.39066,37.21993],[126.39057,37.21959]]],[[[126.39441,37.53442],[126.39453,37.53401],[126.39577,37.53245],[126.39618,37.53238],[126.39664,37.53252],[126.39759,37.53282],[126.3977,37.53291],[126.39786,37.53309],[126.39782,37.53336],[126.39769,37.53355],[126.3966,37.53482],[126.39625,37.5349],[126.39556,37.53484],[126.39515,37.53494],[126.39485,37.5349],[126.39456,37.53471],[126.39441,37.53442]]],[[[126.40113,37.53137],[126.40114,37.53092],[126.40143,37.53055],[126.40349,37.52839],[126.40471,37.52743],[126.40807,37.52594],[126.40885,37.52581],[126.41111,37.52609],[126.41242,37.52696],[126.41274,37.52757],[126.41234,37.52819],[126.41144,37.52842],[126.41217,37.53019],[126.41277,37.53365],[126.41224,37.53447],[126.41294,37.53492],[126.41328,37.53514],[126.41438,37.53551],[126.4146,37.53559],[126.41509,37.53592],[126.41511,37.53647],[126.41499,37.53797],[126.414,37.54022],[126.41357,37.5407],[126.41291,37.54072],[126.41249,37.54058],[126.41205,37.54036],[126.41146,37.54003],[126.41068,37.53955],[126.41034,37.53933],[126.40864,37.53795],[126.40435,37.53604],[126.40372,37.53579],[126.40347,37.53538],[126.40113,37.53137]]],[[[126.41508,37.52269],[126.41518,37.52221],[126.41551,37.52208],[126.41616,37.522],[126.41983,37.52245],[126.42221,37.52276],[126.42505,37.52174],[126.42539,37.52144],[126.4258,37.52145],[126.42614,37.52153],[126.42639,37.52163],[126.42704,37.52194],[126.42737,37.52215],[126.42888,37.52349],[126.42893,37.52375],[126.42871,37.52391],[126.42814,37.52418],[126.42788,37.52436],[126.42695,37.52503],[126.42671,37.52552],[126.42669,37.52575],[126.42678,37.52596],[126.42693,37.52623],[126.42905,37.52845],[126.42915,37.52848],[126.43003,37.5291],[126.43089,37.53006],[126.43163,37.53101],[126.4323,37.53248],[126.43244,37.53359],[126.43366,37.53741],[126.4351,37.53983],[126.435,37.54059],[126.43478,37.54254],[126.435,37.54267],[126.4392,37.54414],[126.43978,37.5442],[126.43999,37.54418],[126.44041,37.54398],[126.44095,37.54388],[126.44121,37.54396],[126.44163,37.54432],[126.44189,37.54458],[126.44193,37.54493],[126.44166,37.54524],[126.44062,37.54567],[126.43989,37.54592],[126.43782,37.54607],[126.4374,37.54605],[126.43693,37.54593],[126.436,37.5455],[126.43517,37.54502],[126.43288,37.54447],[126.43202,37.54539],[126.42792,37.54839],[126.42759,37.54855],[126.42715,37.5486],[126.42652,37.54856],[126.4261,37.54833],[126.42507,37.5476],[126.42398,37.54666],[126.42365,37.54604],[126.42352,37.54569],[126.42223,37.54216],[126.42018,37.5378],[126.42031,37.5362],[126.42043,37.53615],[126.42068,37.53596],[126.4208,37.53586],[126.42115,37.53555],[126.4215,37.53518],[126.42173,37.53484],[126.42195,37.5344],[126.42209,37.53398],[126.42208,37.53355],[126.42203,37.53317],[126.42194,37.53299],[126.42042,37.53114],[126.41888,37.52724],[126.41745,37.52463],[126.4168,37.52421],[126.41613,37.52366],[126.41534,37.52296],[126.41508,37.52269]]],[[[126.41771,37.51859],[126.41774,37.51848],[126.41793,37.51826],[126.41836,37.5182],[126.41911,37.51814],[126.41989,37.51819],[126.42023,37.51835],[126.42072,37.5187],[126.42145,37.51984],[126.42121,37.52003],[126.42097,37.51998],[126.42072,37.51988],[126.4206,37.52006],[126.42024,37.52013],[126.41871,37.51941],[126.41835,37.51918],[126.41786,37.51883],[126.41771,37.51859]]],[[[126.42438,37.51662],[126.4244,37.51647],[126.42466,37.51623],[126.42563,37.5161],[126.42639,37.5162],[126.42652,37.51624],[126.42675,37.51634],[126.42692,37.5165],[126.42696,37.51666],[126.42697,37.51686],[126.42692,37.51753],[126.42631,37.51857],[126.42614,37.51867],[126.42594,37.51877],[126.42565,37.51887],[126.42536,37.51892],[126.42514,37.51891],[126.42499,37.51881],[126.42487,37.51868],[126.42477,37.51842],[126.42438,37.51662]]],[[[126.4278,37.26225],[126.42783,37.26194],[126.428,37.26177],[126.42825,37.26152],[126.4286,37.26131],[126.4288,37.26122],[126.43046,37.26081],[126.432,37.26045],[126.43216,37.26037],[126.43226,37.26031],[126.43251,37.26013],[126.43277,37.25986],[126.43291,37.25959],[126.43496,37.25465],[126.435,37.25445],[126.43502,37.25421],[126.43469,37.25111],[126.4356,37.2474],[126.43559,37.24725],[126.43283,37.24723],[126.43146,37.24723],[126.43107,37.24432],[126.43123,37.24094],[126.43145,37.23609],[126.43125,37.23581],[126.43111,37.23528],[126.43125,37.23451],[126.43156,37.23303],[126.43172,37.2329],[126.43258,37.23246],[126.4354,37.23112],[126.43922,37.23113],[126.44255,37.23116],[126.44581,37.23046],[126.4515,37.22925],[126.45263,37.22901],[126.45563,37.22617],[126.45632,37.22518],[126.45702,37.22418],[126.45812,37.22377],[126.4586,37.22369],[126.45954,37.22386],[126.45987,37.22424],[126.45996,37.22503],[126.45898,37.22607],[126.45919,37.22621],[126.46676,37.23104],[126.46865,37.23225],[126.4691,37.23402],[126.46875,37.23511],[126.4697,37.2376],[126.4704,37.23827],[126.47203,37.23914],[126.47235,37.23931],[126.47332,37.23983],[126.47462,37.24032],[126.48036,37.24107],[126.48148,37.24107],[126.48251,37.24143],[126.48304,37.24195],[126.48304,37.24257],[126.48254,37.24321],[126.48191,37.24344],[126.48109,37.24372],[126.48073,37.2443],[126.48073,37.24498],[126.48101,37.24543],[126.48212,37.2464],[126.48284,37.24756],[126.48304,37.24859],[126.48286,37.2492],[126.48231,37.24967],[126.4817,37.25011],[126.47972,37.25105],[126.47873,37.25152],[126.47766,37.25189],[126.47682,37.25234],[126.4763,37.25261],[126.47618,37.25306],[126.47678,37.25364],[126.47907,37.25459],[126.47977,37.25481],[126.48048,37.25491],[126.48102,37.25497],[126.48238,37.25487],[126.48341,37.25394],[126.48372,37.25361],[126.48564,37.25114],[126.48582,37.2508],[126.48582,37.25008],[126.48657,37.24995],[126.48749,37.24994],[126.48852,37.25011],[126.48916,37.2503],[126.48928,37.25088],[126.48892,37.2542],[126.48777,37.25589],[126.48692,37.25687],[126.48663,37.25755],[126.48662,37.2582],[126.48713,37.25892],[126.48715,37.25894],[126.48802,37.25946],[126.48891,37.25965],[126.49058,37.2596],[126.49171,37.25943],[126.49257,37.25898],[126.49354,37.25815],[126.49541,37.25641],[126.49551,37.25592],[126.49552,37.25559],[126.49551,37.25453],[126.49551,37.25347],[126.49564,37.25317],[126.49595,37.25306],[126.49786,37.25307],[126.49843,37.25314],[126.50048,37.25464],[126.50117,37.2557],[126.5016,37.25756],[126.50163,37.25826],[126.5012,37.25899],[126.50106,37.2592],[126.50041,37.25984],[126.49957,37.26064],[126.49922,37.26096],[126.49888,37.26127],[126.4987,37.26142],[126.49847,37.26161],[126.49785,37.26234],[126.49682,37.26381],[126.49651,37.26447],[126.4965,37.2645],[126.49648,37.26455],[126.4943,37.27143],[126.49429,37.27195],[126.49432,37.27226],[126.49445,37.27262],[126.4946,37.27294],[126.49474,37.27321],[126.49497,37.27351],[126.49506,37.27362],[126.49525,37.27381],[126.49577,37.27415],[126.49598,37.27429],[126.49608,37.27435],[126.49629,37.27452],[126.49637,37.2746],[126.49741,37.27658],[126.49743,37.27687],[126.4974,37.27709],[126.49686,37.27741],[126.487,37.2826],[126.48681,37.28251],[126.48461,37.28177],[126.48414,37.28165],[126.48268,37.28126],[126.48159,37.28126],[126.48096,37.28135],[126.47624,37.28223],[126.47581,37.28231],[126.47532,37.28244],[126.47506,37.28257],[126.47483,37.2827],[126.4721,37.2845],[126.47173,37.28477],[126.47119,37.28518],[126.47079,37.28552],[126.47066,37.28568],[126.47056,37.2859],[126.47056,37.28615],[126.47092,37.28766],[126.47063,37.28776],[126.47027,37.28766],[126.46996,37.28745],[126.46985,37.28729],[126.46983,37.28725],[126.46965,37.28691],[126.46958,37.2865],[126.46952,37.28633],[126.46948,37.28627],[126.46934,37.28609],[126.46724,37.28456],[126.46692,37.28433],[126.46673,37.2842],[126.46648,37.28407],[126.46168,37.28333],[126.45785,37.28291],[126.45729,37.283],[126.45644,37.28329],[126.45425,37.28305],[126.45156,37.28228],[126.45138,37.28207],[126.45033,37.28003],[126.45033,37.27988],[126.45038,37.27963],[126.45073,37.27957],[126.45167,37.27949],[126.45215,37.2793],[126.45342,37.27871],[126.45383,37.27846],[126.45385,37.27834],[126.4538,37.27804],[126.4537,37.27768],[126.45328,37.27697],[126.45197,37.27514],[126.45128,37.27434],[126.45113,37.2742],[126.45093,37.27403],[126.45035,37.27354],[126.44977,37.27307],[126.44927,37.27276],[126.44881,37.27253],[126.44745,37.27193],[126.44736,37.2719],[126.44712,37.27189],[126.44653,37.27229],[126.44563,37.27275],[126.44397,37.27348],[126.44364,37.27358],[126.44328,37.27365],[126.44264,37.27367],[126.44219,37.27358],[126.44203,37.27352],[126.44197,37.27348],[126.4416,37.27326],[126.44143,37.27316],[126.44119,37.27306],[126.44062,37.27291],[126.43966,37.27281],[126.43933,37.27281],[126.43779,37.2729],[126.43751,37.27299],[126.43744,37.27305],[126.43661,37.2739],[126.43652,37.2741],[126.43638,37.27444],[126.43638,37.27454],[126.43629,37.2747],[126.43614,37.27491],[126.43604,37.27498],[126.436,37.275],[126.43565,37.27519],[126.43548,37.27518],[126.43521,37.27513],[126.43506,37.27506],[126.43451,37.2748],[126.434,37.2745],[126.43377,37.27432],[126.43363,37.27407],[126.43363,37.27365],[126.43366,37.27004],[126.43386,37.26883],[126.43409,37.26846],[126.43434,37.26823],[126.43439,37.26819],[126.43454,37.26806],[126.43474,37.26793],[126.43561,37.26765],[126.43583,37.26756],[126.43593,37.2675],[126.43621,37.2673],[126.43629,37.26723],[126.43639,37.26703],[126.43641,37.2666],[126.43637,37.2664],[126.43622,37.26598],[126.43598,37.26562],[126.43577,37.26537],[126.4353,37.26516],[126.43481,37.26507],[126.43442,37.26506],[126.43374,37.26504],[126.42959,37.26392],[126.42925,37.26381],[126.42906,37.2637],[126.42896,37.2636],[126.42821,37.26288],[126.42794,37.26257],[126.4278,37.26225]]],[[[126.42917,37.51809],[126.4292,37.51789],[126.42927,37.51767],[126.42984,37.51674],[126.43005,37.51645],[126.43038,37.51643],[126.43077,37.51644],[126.43094,37.51665],[126.43131,37.51687],[126.43217,37.51734],[126.4323,37.51741],[126.43334,37.51779],[126.43444,37.51755],[126.43598,37.51657],[126.43636,37.51632],[126.43651,37.51613],[126.43658,37.51581],[126.43656,37.51556],[126.43657,37.51536],[126.43659,37.51516],[126.43662,37.515],[126.43669,37.51484],[126.43678,37.5147],[126.43748,37.51422],[126.43796,37.51412],[126.43943,37.51394],[126.43972,37.51402],[126.43987,37.51414],[126.43996,37.51432],[126.43995,37.5146],[126.43977,37.51465],[126.43957,37.51468],[126.43938,37.51471],[126.43937,37.51474],[126.43935,37.51559],[126.43982,37.51606],[126.44401,37.51724],[126.44431,37.51731],[126.44602,37.51659],[126.44993,37.51648],[126.45086,37.51792],[126.45091,37.51891],[126.45214,37.51894],[126.45307,37.51894],[126.45419,37.51874],[126.45838,37.51725],[126.45859,37.51714],[126.45983,37.51635],[126.46202,37.51462],[126.46241,37.51426],[126.46267,37.514],[126.46307,37.51355],[126.46308,37.51336],[126.46308,37.51327],[126.463,37.51318],[126.46292,37.51308],[126.46277,37.51297],[126.46274,37.51285],[126.46262,37.51228],[126.46261,37.51214],[126.46264,37.51195],[126.46273,37.51179],[126.46314,37.51136],[126.46332,37.51121],[126.46347,37.5111],[126.46383,37.51101],[126.46644,37.51099],[126.46661,37.51099],[126.46679,37.51099],[126.47064,37.51178],[126.47078,37.51193],[126.4708,37.51211],[126.47082,37.51311],[126.47063,37.51327],[126.46976,37.51358],[126.46949,37.51367],[126.46923,37.51372],[126.46887,37.51374],[126.4686,37.51373],[126.46801,37.51474],[126.46776,37.51523],[126.46829,37.51597],[126.46855,37.51633],[126.46964,37.51883],[126.46993,37.5196],[126.47001,37.51983],[126.47031,37.52075],[126.47044,37.52117],[126.47058,37.52165],[126.47077,37.52229],[126.46956,37.52236],[126.46855,37.52241],[126.46689,37.52475],[126.46709,37.52782],[126.46721,37.52839],[126.4681,37.5285],[126.46874,37.52796],[126.46959,37.52772],[126.46991,37.52774],[126.47093,37.52785],[126.47334,37.52831],[126.47357,37.52842],[126.47368,37.52846],[126.47389,37.5287],[126.47383,37.53205],[126.47378,37.53238],[126.47251,37.53755],[126.46623,37.53907],[126.46552,37.54149],[126.46277,37.54338],[126.4614,37.54446],[126.46102,37.54461],[126.46077,37.54465],[126.45726,37.5446],[126.45698,37.54453],[126.45652,37.54355],[126.4565,37.54332],[126.45671,37.54294],[126.45687,37.54261],[126.45689,37.54254],[126.45646,37.54156],[126.45487,37.5381],[126.45469,37.53789],[126.45371,37.5372],[126.45287,37.53707],[126.45228,37.53682],[126.45143,37.53627],[126.45107,37.5359],[126.45039,37.53511],[126.44904,37.53352],[126.44672,37.53293],[126.4448,37.53338],[126.44364,37.53406],[126.44222,37.53354],[126.43845,37.53071],[126.43637,37.5289],[126.434,37.52651],[126.43246,37.52451],[126.42927,37.51837],[126.42917,37.51809]]],[[[126.43568,37.20822],[126.43586,37.20773],[126.4365,37.20699],[126.43697,37.20662],[126.43757,37.20648],[126.43803,37.20646],[126.43852,37.20673],[126.43864,37.20715],[126.43864,37.20763],[126.43851,37.20812],[126.43806,37.20851],[126.43673,37.20899],[126.43646,37.20909],[126.43609,37.20906],[126.43585,37.20886],[126.43568,37.20861],[126.43568,37.20822]]],[[[126.51118,37.23194],[126.51137,37.23127],[126.51216,37.22869],[126.51236,37.22819],[126.51283,37.22773],[126.5138,37.22767],[126.51514,37.22816],[126.51743,37.22944],[126.51798,37.22985],[126.51883,37.23113],[126.51907,37.23153],[126.51919,37.2322],[126.51901,37.23306],[126.51827,37.23399],[126.51657,37.23444],[126.51516,37.23478],[126.51434,37.23459],[126.51206,37.23361],[126.51167,37.23327],[126.51147,37.23305],[126.51128,37.23261],[126.51118,37.23194]]],[[[126.51234,37.25467],[126.51296,37.25286],[126.51464,37.25093],[126.51514,37.2505],[126.51564,37.25043],[126.51596,37.25042],[126.51741,37.2503],[126.52056,37.24991],[126.52136,37.24966],[126.52261,37.24862],[126.52548,37.24548],[126.52565,37.24513],[126.52577,37.24172],[126.52567,37.23888],[126.52512,37.23761],[126.52393,37.23681],[126.52366,37.23584],[126.52385,37.23546],[126.52451,37.23517],[126.53224,37.23194],[126.5345,37.23163],[126.53573,37.2317],[126.53688,37.23177],[126.53814,37.2319],[126.53941,37.23203],[126.54013,37.23261],[126.54061,37.23379],[126.5399,37.23468],[126.53918,37.23557],[126.53813,37.23623],[126.53707,37.23689],[126.53502,37.23833],[126.53464,37.23868],[126.53441,37.23893],[126.53259,37.24299],[126.53127,37.24565],[126.53041,37.2459],[126.52948,37.24634],[126.52867,37.24688],[126.52724,37.24801],[126.5266,37.2491],[126.52736,37.24929],[126.52822,37.24954],[126.52884,37.24979],[126.52939,37.25029],[126.52956,37.25149],[126.52959,37.25214],[126.52613,37.25515],[126.52406,37.25762],[126.52362,37.25776],[126.52344,37.25776],[126.52208,37.25778],[126.52164,37.2579],[126.52153,37.25799],[126.52152,37.25802],[126.52149,37.25811],[126.52145,37.25837],[126.52145,37.25851],[126.52147,37.25863],[126.52149,37.25868],[126.52159,37.25885],[126.52168,37.25893],[126.52209,37.25932],[126.52207,37.25952],[126.52202,37.25964],[126.52184,37.25968],[126.52178,37.25969],[126.52129,37.25963],[126.52083,37.25945],[126.52055,37.25928],[126.52047,37.25922],[126.52036,37.25904],[126.52032,37.25839],[126.52028,37.2583],[126.52019,37.25821],[126.52012,37.25818],[126.51609,37.25725],[126.51468,37.25716],[126.51441,37.25719],[126.51234,37.25467]]]]}}]}