{"type":"FeatureCollection","features":[{"type":"Feature","properties":{"id":"han-river","name":"한강"},"geometry":{"type":"MultiPolygon","coordinates":[[[[127.02516,37.54147],[127.02796,37.54137],[127.0281,37.54132],[127.02821,37.5413],[127.02933,37.54119],[127.03022,37.54112],[127.03133,37.54097],[127.03212,37.5408],[127.03213,37.54079],[127.03231,37.54076],[127.03235,37.54074],[127.0325,37.54071],[127.03252,37.5407],[127.03343,37.54047],[127.03454,37.5401],[127.03587,37.53973],[127.03724,37.53931],[127.03881,37.53876],[127.04003,37.53833],[127.04102,37.53797],[127.04118,37.53791],[127.0412,37.5379],[127.04161,37.53773],[127.04209,37.53758],[127.04214,37.5376],[127.04339,37.53728],[127.04457,37.53705],[127.04487,37.53699],[127.04513,37.53692],[127.04543,37.53682],[127.05019,37.53552],[127.05168,37.5351],[127.05211,37.53498],[127.0522,37.53496],[127.05227,37.53493],[127.05229,37.53491],[127.05229,37.53489],[127.05231,37.53479],[127.05232,37.5347],[127.05233,37.53465],[127.05236,37.53463],[127.05266,37.53455],[127.05272,37.53453],[127.05274,37.53453],[127.05277,37.53455],[127.05281,37.53458],[127.05283,37.53459],[127.05286,37.53461],[127.05289,37.53463],[127.05293,37.53466],[127.05294,37.53468],[127.05297,37.53468],[127.05298,37.53468],[127.05319,37.53464],[127.05338,37.53461],[127.05355,37.53457],[127.05382,37.53448],[127.05398,37.53444],[127.05413,37.5344],[127.05429,37.53436],[127.05449,37.53432],[127.05471,37.53425],[127.0549,37.53418],[127.05514,37.53409],[127.05528,37.53404],[127.05547,37.53399],[127.05646,37.53367],[127.05664,37.53359],[127.05687,37.53347],[127.05717,37.53332],[127.0572,37.53331],[127.05734,37.53324],[127.05771,37.53303],[127.05914,37.53227],[127.05998,37.53182],[127.06064,37.53148],[127.06067,37.53146],[127.0608,37.5314],[127.06082,37.53138],[127.06113,37.53122],[127.06168,37.53094],[127.06171,37.53094],[127.06193,37.53085],[127.06203,37.5308],[127.06216,37.53074],[127.06219,37.53072],[127.06236,37.53065],[127.0625,37.53058],[127.063,37.53034],[127.06385,37.52997],[127.06388,37.52996],[127.06396,37.52992],[127.06458,37.52968],[127.06496,37.52956],[127.06498,37.52955],[127.06504,37.52953],[127.06524,37.52947],[127.06549,37.52938],[127.06557,37.52935],[127.06566,37.52931],[127.06595,37.52918],[127.066,37.52916],[127.06656,37.529],[127.06686,37.52891],[127.06757,37.5287],[127.06776,37.52865],[127.06779,37.52864],[127.06783,37.52863],[127.06786,37.52862],[127.06792,37.5286],[127.06796,37.52859],[127.06799,37.52858],[127.06802,37.52857],[127.0681,37.52855],[127.06883,37.52834],[127.06926,37.52823],[127.06977,37.5281],[127.07011,37.52803],[127.07096,37.52786],[127.07205,37.52764],[127.07298,37.52747],[127.0734,37.5274],[127.07345,37.52739],[127.07348,37.52738],[127.07352,37.52738],[127.07421,37.52725],[127.07519,37.52706],[127.07623,37.52684],[127.0763,37.52682],[127.0764,37.5268],[127.07645,37.5268],[127.07654,37.52678],[127.07658,37.52678],[127.07667,37.52677],[127.0767,37.52677],[127.07675,37.52676],[127.07685,37.52674],[127.07688,37.52674],[127.07704,37.52672],[127.07722,37.52669],[127.07728,37.52669],[127.0773,37.52669],[127.07743,37.52667],[127.07745,37.52667],[127.07757,37.52665],[127.0776,37.52665],[127.07772,37.52663],[127.07774,37.52663],[127.07805,37.5266],[127.07815,37.52659],[127.07816,37.52659],[127.07824,37.52658],[127.07836,37.52657],[127.07838,37.52657],[127.07861,37.52654],[127.07874,37.52654],[127.07876,37.52654],[127.07895,37.52654],[127.0792,37.52653],[127.07936,37.52653],[127.07938,37.52653],[127.07961,37.52653],[127.07965,37.52652],[127.07987,37.52651],[127.07989,37.5265],[127.08,37.52649],[127.08002,37.52649],[127.08022,37.52649],[127.08024,37.52649],[127.08054,37.52652],[127.08058,37.52652],[127.08084,37.52654],[127.08088,37.52655],[127.08106,37.52657],[127.0811,37.52657],[127.08139,37.52662],[127.08141,37.52663],[127.08197,37.52664],[127.08239,37.52665],[127.0827,37.52666],[127.08328,37.52669],[127.08396,37.5267],[127.08453,37.52673],[127.08508,37.52675],[127.08551,37.52677],[127.08585,37.52679],[127.08616,37.5268],[127.08639,37.52682],[127.08661,37.52685],[127.08673,37.52687],[127.08678,37.52688],[127.08687,37.5269],[127.08696,37.52692],[127.08702,37.52693],[127.08708,37.52692],[127.08717,37.52688],[127.08722,37.52687],[127.08729,37.52687],[127.08739,37.52686],[127.08753,37.52687],[127.0877,37.52689],[127.08939,37.52382],[127.09161,37.51969],[127.09091,37.51948],[127.0903,37.51933],[127.08967,37.5192],[127.08884,37.51906],[127.08801,37.51895],[127.08725,37.51885],[127.08624,37.51873],[127.0855,37.51863],[127.08482,37.51854],[127.08389,37.51847],[127.08307,37.51844],[127.08264,37.51843],[127.0826,37.51843],[127.08192,37.51845],[127.08163,37.51846],[127.08128,37.51846],[127.08103,37.51847],[127.08072,37.51848],[127.07985,37.51857],[127.07832,37.51874],[127.07746,37.51888],[127.07652,37.51904],[127.07644,37.51905],[127.07638,37.51906],[127.07416,37.51942],[127.07271,37.51966],[127.07106,37.51986],[127.07009,37.52001],[127.06904,37.52018],[127.0682,37.52032],[127.06813,37.52032],[127.06714,37.52043],[127.06591,37.52055],[127.06493,37.52114],[127.06471,37.52128],[127.06455,37.52137],[127.06431,37.52148],[127.06401,37.52154],[127.06382,37.52153],[127.06361,37.52164],[127.0635,37.52175],[127.06344,37.52186],[127.06327,37.52205],[127.06282,37.52244],[127.06259,37.52259],[127.06231,37.52275],[127.06211,37.52286],[127.06206,37.52291],[127.06194,37.52298],[127.06167,37.52314],[127.06098,37.52348],[127.0604,37.52376],[127.05983,37.52405],[127.05935,37.52428],[127.05888,37.52452],[127.05835,37.52477],[127.0581,37.52491],[127.05784,37.52508],[127.05744,37.52534],[127.05718,37.52551],[127.05676,37.52585],[127.05608,37.52645],[127.05564,37.52685],[127.0549,37.52754],[127.05468,37.52772],[127.05445,37.5279],[127.05413,37.52811],[127.05382,37.52828],[127.05334,37.5285],[127.05297,37.52863],[127.05241,37.52879],[127.05236,37.52884],[127.05235,37.52886],[127.05236,37.52888],[127.05236,37.52891],[127.05235,37.52893],[127.05234,37.52895],[127.05228,37.52896],[127.05226,37.52898],[127.05226,37.52901],[127.05225,37.52904],[127.05224,37.52907],[127.05222,37.52908],[127.05215,37.52909],[127.05205,37.52912],[127.05187,37.52916],[127.05155,37.52923],[127.05113,37.52932],[127.05106,37.52934],[127.05102,37.52934],[127.05101,37.52933],[127.05099,37.52927],[127.05094,37.52923],[127.05087,37.5292],[127.05076,37.52919],[127.05045,37.52925],[127.04933,37.52949],[127.04823,37.52977],[127.04671,37.53013],[127.046,37.53031],[127.0455,37.53046],[127.0445,37.53076],[127.04283,37.53129],[127.04281,37.5313],[127.04279,37.53131],[127.04275,37.53132],[127.04172,37.5316],[127.04095,37.5318],[127.04067,37.5319],[127.03962,37.53213],[127.03857,37.53237],[127.03792,37.53252],[127.03763,37.53263],[127.03691,37.53283],[127.03636,37.53301],[127.03614,37.5331],[127.03554,37.53328],[127.03534,37.53335],[127.03523,37.53341],[127.03492,37.53366],[127.0347,37.53384],[127.03453,37.53398],[127.03437,37.53412],[127.03429,37.53419],[127.03411,37.53426],[127.03397,37.5343],[127.03282,37.53454],[127.03176,37.53479],[127.03137,37.53485],[127.03098,37.53483],[127.0302,37.53479],[127.02968,37.5348],[127.02895,37.53483],[127.02828,37.5348],[127.02752,37.53468],[127.02688,37.53452],[127.0263,37.5343],[127.0257,37.53405],[127.02497,37.53381],[127.02445,37.5334],[127.02395,37.53302],[127.02315,37.53228],[127.02258,37.53189],[127.02246,37.53188],[127.02232,37.53192],[127.0222,37.53187],[127.02193,37.53169],[127.02128,37.531],[127.02094,37.53058],[127.02074,37.53021],[127.02052,37.52993],[127.02023,37.52965],[127.01996,37.52933],[127.01972,37.5291],[127.01949,37.52885],[127.01943,37.52879],[127.01928,37.52863],[127.01907,37.52847],[127.01791,37.5275],[127.01789,37.52748],[127.01724,37.52698],[127.01567,37.52564],[127.01565,37.52563],[127.01408,37.52436],[127.01252,37.52299],[127.01152,37.52213],[127.00981,37.52057],[127.00979,37.52055],[127.00847,37.51941],[127.00811,37.51908],[127.00794,37.51892],[127.00746,37.5185],[127.00742,37.51846],[127.0071,37.51819],[127.00658,37.51778],[127.00648,37.51771],[127.00641,37.51768],[127.00629,37.51764],[127.0061,37.51761],[127.00569,37.51758],[127.00547,37.51755],[127.00528,37.5175],[127.00508,37.51742],[127.00489,37.51729],[127.0048,37.51718],[127.00476,37.51706],[127.00468,37.51636],[127.00462,37.51613],[127.00454,37.51596],[127.00418,37.5155],[127.00394,37.51532],[127.00379,37.51527],[127.00363,37.51525],[127.0034,37.51524],[127.00318,37.5152],[127.003,37.51513],[127.00278,37.51498],[127.00134,37.51379],[127.00104,37.51357],[127.00074,37.51343],[127.00032,37.51329],[127,37.51321],[126.9996,37.51309],[126.99851,37.51284],[126.99807,37.51272],[126.99781,37.51262],[126.99732,37.51243],[126.99699,37.51224],[126.99695,37.51221],[126.9969,37.51218],[126.99668,37.51202],[126.99616,37.51156],[126.99566,37.51117],[126.99559,37.51112],[126.99556,37.51109],[126.99552,37.51107],[126.99489,37.51062],[126.99487,37.51061],[126.99486,37.5106],[126.99465,37.51044],[126.99464,37.51043],[126.99462,37.51041],[126.99455,37.51036],[126.99367,37.50962],[126.99364,37.5096],[126.9934,37.5094],[126.99337,37.50938],[126.99223,37.50845],[126.99183,37.50812],[126.99158,37.50776],[126.99136,37.50752],[126.9912,37.50739],[126.99104,37.50732],[126.98985,37.50693],[126.98841,37.50659],[126.98809,37.50655],[126.9878,37.50655],[126.98571,37.50686],[126.98544,37.50688],[126.98517,37.50689],[126.985,37.50688],[126.98491,37.50686],[126.98486,37.50686],[126.98454,37.5068],[126.9845,37.50679],[126.98425,37.50674],[126.98385,37.50656],[126.98347,37.50639],[126.983,37.50629],[126.98256,37.50623],[126.98214,37.50626],[126.98167,37.50631],[126.98136,37.50632],[126.97986,37.50628],[126.97983,37.50628],[126.97972,37.50627],[126.97944,37.50625],[126.9794,37.50625],[126.97798,37.50635],[126.97653,37.50643],[126.97604,37.50646],[126.9748,37.50648],[126.97387,37.50656],[126.97315,37.50668],[126.97244,37.50681],[126.97175,37.50699],[126.97122,37.50715],[126.97098,37.50725],[126.97068,37.50742],[126.97036,37.50763],[126.97016,37.50776],[126.96989,37.50789],[126.96853,37.50834],[126.96545,37.50933],[126.96524,37.50947],[126.96514,37.5096],[126.96501,37.50986],[126.96492,37.5101],[126.96477,37.51024],[126.96346,37.51098],[126.96279,37.51135],[126.96224,37.51165],[126.9617,37.512],[126.96061,37.51256],[126.95948,37.51311],[126.95831,37.51361],[126.95743,37.51399],[126.95624,37.51441],[126.95536,37.51468],[126.95355,37.5152],[126.95346,37.51525],[126.95326,37.51537],[126.95314,37.51548],[126.95302,37.51555],[126.95259,37.51568],[126.95123,37.51609],[126.95059,37.51636],[126.95,37.51659],[126.94892,37.51713],[126.94792,37.5176],[126.9471,37.51793],[126.94663,37.51804],[126.94618,37.51812],[126.94588,37.51819],[126.94566,37.51827],[126.94551,37.51838],[126.94471,37.519],[126.94437,37.51938],[126.94431,37.51946],[126.94432,37.51954],[126.9443,37.51961],[126.9442,37.51983],[126.94408,37.52007],[126.94396,37.52027],[126.94378,37.52053],[126.94357,37.52083],[126.94355,37.52084],[126.94326,37.5211],[126.94291,37.5214],[126.94232,37.5219],[126.94151,37.52257],[126.94148,37.52256],[126.94134,37.52268],[126.94136,37.52271],[126.94113,37.5229],[126.94088,37.52312],[126.94055,37.5234],[126.94054,37.52341],[126.94053,37.52342],[126.94003,37.52386],[126.93934,37.5244],[126.93899,37.52467],[126.93882,37.52481],[126.93877,37.52485],[126.93846,37.52511],[126.93806,37.52545],[126.93802,37.52548],[126.93798,37.52552],[126.93762,37.52583],[126.93749,37.52593],[126.93577,37.5274],[126.93565,37.52749],[126.93525,37.52783],[126.93518,37.52789],[126.93488,37.52815],[126.9347,37.5283],[126.93453,37.52844],[126.93401,37.52887],[126.93393,37.52893],[126.93347,37.52929],[126.93316,37.52951],[126.93285,37.52973],[126.93242,37.53],[126.93215,37.53018],[126.9319,37.53032],[126.93124,37.53068],[126.93032,37.53115],[126.9301,37.53126],[126.92961,37.53148],[126.92934,37.53159],[126.92848,37.53194],[126.9266,37.53268],[126.92604,37.5329],[126.92547,37.5331],[126.92535,37.53314],[126.92469,37.53336],[126.9244,37.53344],[126.92414,37.53352],[126.92384,37.53361],[126.92357,37.53369],[126.92319,37.53379],[126.92266,37.53393],[126.92214,37.53405],[126.92087,37.53431],[126.92043,37.5344],[126.92019,37.53442],[126.9197,37.53451],[126.91941,37.5346],[126.91872,37.53474],[126.91823,37.53484],[126.91789,37.53488],[126.91741,37.53496],[126.91736,37.53501],[126.91722,37.53504],[126.91702,37.53503],[126.91688,37.53505],[126.91664,37.53511],[126.91619,37.5352],[126.91578,37.53526],[126.9154,37.53532],[126.91503,37.53538],[126.91394,37.53558],[126.91353,37.53566],[126.91329,37.53572],[126.91294,37.53579],[126.91225,37.53592],[126.91187,37.53598],[126.91162,37.536],[126.91141,37.53599],[126.91117,37.53596],[126.91098,37.5359],[126.91084,37.53584],[126.91069,37.53577],[126.91053,37.53567],[126.91035,37.53554],[126.91024,37.53544],[126.91022,37.53538],[126.91024,37.53532],[126.91027,37.53523],[126.91034,37.53515],[126.91037,37.53512],[126.91043,37.5351],[126.91056,37.53508],[126.91066,37.53506],[126.91079,37.53505],[126.91087,37.53506],[126.91094,37.53511],[126.91106,37.53523],[126.91114,37.53529],[126.91127,37.53536],[126.91137,37.53539],[126.91147,37.5354],[126.91157,37.5354],[126.9117,37.53538],[126.9122,37.53526],[126.91228,37.53524],[126.91239,37.53518],[126.91244,37.53512],[126.91247,37.53505],[126.91265,37.53505],[126.91265,37.53495],[126.91248,37.53495],[126.91245,37.53489],[126.91243,37.53485],[126.91235,37.53478],[126.91224,37.53475],[126.91208,37.53472],[126.91136,37.53463],[126.91112,37.53462],[126.91013,37.53461],[126.91009,37.53461],[126.91007,37.53464],[126.91005,37.53466],[126.91,37.53467],[126.90997,37.53468],[126.90987,37.53468],[126.90983,37.53464],[126.90982,37.5346],[126.90978,37.53458],[126.90965,37.53443],[126.90952,37.53431],[126.90868,37.53479],[126.90851,37.53486],[126.90838,37.53487],[126.90831,37.53485],[126.90824,37.53485],[126.90818,37.53486],[126.90815,37.53487],[126.9081,37.53493],[126.9079,37.53507],[126.90707,37.53565],[126.9069,37.53579],[126.90678,37.53591],[126.90672,37.53604],[126.90663,37.53626],[126.90655,37.53646],[126.90638,37.53674],[126.90626,37.53691],[126.90615,37.53702],[126.906,37.53712],[126.90582,37.5372],[126.90581,37.53721],[126.9058,37.53722],[126.90577,37.53722],[126.90573,37.53723],[126.90565,37.53725],[126.90559,37.53725],[126.90551,37.53724],[126.90544,37.53725],[126.90536,37.53732],[126.9053,37.53744],[126.90485,37.53791],[126.90374,37.53856],[126.90304,37.539],[126.90253,37.53934],[126.90165,37.53989],[126.90053,37.54065],[126.89861,37.54183],[126.89736,37.54261],[126.89667,37.54304],[126.89578,37.54361],[126.89499,37.54412],[126.89485,37.54424],[126.89477,37.5443],[126.89458,37.54441],[126.89432,37.54455],[126.89389,37.54477],[126.89334,37.5451],[126.8926,37.54559],[126.8915,37.54629],[126.89112,37.5465],[126.89107,37.54652],[126.89092,37.54663],[126.89088,37.54666],[126.89087,37.54669],[126.89087,37.54674],[126.89086,37.54678],[126.89085,37.54682],[126.89082,37.54686],[126.89079,37.54688],[126.89068,37.54696],[126.8906,37.54701],[126.89054,37.54702],[126.89046,37.54701],[126.89037,37.54699],[126.89031,37.54698],[126.89028,37.54698],[126.88994,37.5472],[126.88951,37.54749],[126.88904,37.54786],[126.88863,37.5482],[126.88861,37.54823],[126.88861,37.54828],[126.8886,37.54832],[126.8886,37.54837],[126.8886,37.54842],[126.8886,37.54846],[126.88856,37.54847],[126.8885,37.54847],[126.88845,37.54844],[126.88839,37.54841],[126.88829,37.54838],[126.88825,37.54838],[126.88821,37.54839],[126.88812,37.54845],[126.88793,37.54859],[126.88684,37.54931],[126.88569,37.55008],[126.88474,37.55072],[126.88435,37.55098],[126.88401,37.55118],[126.88349,37.55148],[126.88337,37.55155],[126.88319,37.55163],[126.88293,37.55176],[126.88288,37.55177],[126.88278,37.55181],[126.88263,37.55187],[126.88249,37.55193],[126.88242,37.55196],[126.88238,37.55198],[126.88229,37.55201],[126.8822,37.55205],[126.88211,37.55209],[126.88194,37.55215],[126.88147,37.55231],[126.88125,37.55238],[126.88113,37.55243],[126.88059,37.5527],[126.87961,37.5532],[126.87934,37.55334],[126.87928,37.55339],[126.87926,37.55343],[126.87923,37.55346],[126.87917,37.55349],[126.87906,37.55355],[126.87887,37.55365],[126.87871,37.55373],[126.87824,37.55398],[126.87818,37.55401],[126.87811,37.55403],[126.87687,37.5544],[126.87552,37.5548],[126.87494,37.55537],[126.87472,37.55558],[126.87456,37.55564],[126.87404,37.55604],[126.87347,37.55644],[126.87327,37.55657],[126.87302,37.55676],[126.87236,37.55728],[126.87084,37.55858],[126.86951,37.55961],[126.86884,37.56013],[126.86741,37.56108],[126.86686,37.5614],[126.86583,37.56199],[126.86507,37.56243],[126.86176,37.56432],[126.85948,37.56565],[126.85785,37.56659],[126.85676,37.56724],[126.8556,37.56792],[126.85348,37.56913],[126.85249,37.56974],[126.85093,37.57064],[126.85078,37.57073],[126.85038,37.57092],[126.85021,37.57101],[126.84992,37.57119],[126.84961,37.5714],[126.84945,37.57149],[126.84895,37.57176],[126.84767,37.57251],[126.84729,37.5727],[126.84686,37.57298],[126.84639,37.57326],[126.84556,37.57375],[126.84495,37.57411],[126.84437,37.57446],[126.84207,37.57579],[126.84124,37.57626],[126.84051,37.57662],[126.83948,37.57712],[126.83848,37.57754],[126.83671,37.57819],[126.83334,37.57948],[126.83161,37.58013],[126.83049,37.58061],[126.82915,37.58122],[126.82821,37.58184],[126.82777,37.58218],[126.8274,37.58252],[126.82704,37.58281],[126.82632,37.58327],[126.82477,37.58405],[126.82384,37.5845],[126.82295,37.58486],[126.82273,37.58494],[126.82224,37.58513],[126.82222,37.58514],[126.82208,37.58519],[126.82166,37.58541],[126.82138,37.58558],[126.82079,37.58598],[126.82015,37.58651],[126.81994,37.58666],[126.81975,37.58675],[126.81951,37.58684],[126.81902,37.587],[126.8188,37.58711],[126.81814,37.58747],[126.81788,37.58764],[126.81774,37.58775],[126.81742,37.58799],[126.8171,37.58821],[126.81651,37.58859],[126.81614,37.58884],[126.8158,37.58907],[126.81522,37.58955],[126.81472,37.58991],[126.81432,37.59018],[126.81319,37.59095],[126.81255,37.59146],[126.8124,37.5916],[126.8123,37.59169],[126.81192,37.59212],[126.8116,37.59247],[126.81091,37.59317],[126.81065,37.59344],[126.81053,37.5936],[126.8105,37.59364],[126.81048,37.59371],[126.81046,37.59379],[126.81043,37.59387],[126.81034,37.59398],[126.80829,37.59588],[126.80757,37.59658],[126.80713,37.59701],[126.80697,37.59719],[126.80682,37.59738],[126.80669,37.59752],[126.80648,37.59776],[126.80631,37.59799],[126.80625,37.59804],[126.80604,37.59817],[126.8059,37.59829],[126.80574,37.59845],[126.80569,37.59857],[126.80562,37.59866],[126.80536,37.59887],[126.80527,37.59891],[126.80503,37.59897],[126.80482,37.59918],[126.80456,37.59942],[126.80429,37.59967],[126.804,37.59986],[126.80363,37.60002],[126.80308,37.60052],[126.80274,37.60089],[126.80191,37.60185],[126.80187,37.60191],[126.80183,37.60201],[126.8018,37.60208],[126.80176,37.60215],[126.80163,37.60231],[126.80151,37.60244],[126.80145,37.60249],[126.80138,37.60254],[126.80133,37.6026],[126.8013,37.60266],[126.80127,37.60273],[126.80119,37.60281],[126.80105,37.60292],[126.80092,37.60305],[126.80079,37.60315],[126.80059,37.6033],[126.8005,37.6034],[126.80045,37.60348],[126.80041,37.60355],[126.80036,37.60358],[126.80027,37.60362],[126.80012,37.60367],[126.8,37.60373],[126.79984,37.60382],[126.7997,37.60394],[126.79952,37.60408],[126.79941,37.60417],[126.79913,37.60439],[126.7987,37.60474],[126.79855,37.60489],[126.79835,37.60507],[126.79813,37.60523],[126.79785,37.60539],[126.79736,37.60562],[126.79711,37.60577],[126.79691,37.60589],[126.79672,37.606],[126.79651,37.60609],[126.79631,37.60616],[126.79607,37.60624],[126.79569,37.60638],[126.79544,37.60648],[126.79514,37.60658],[126.79472,37.60671],[126.79425,37.60686],[126.79362,37.60705],[126.79307,37.60716],[126.79272,37.60723],[126.79263,37.60725],[126.79252,37.60727],[126.79246,37.60728],[126.79241,37.60727],[126.79238,37.60725],[126.79235,37.60722],[126.79224,37.60723],[126.79217,37.60727],[126.79208,37.60733],[126.79201,37.60736],[126.79176,37.60741],[126.79158,37.60744],[126.79148,37.60746],[126.79136,37.60748],[126.79126,37.60748],[126.79118,37.60748],[126.79106,37.60746],[126.79095,37.60743],[126.79083,37.60738],[126.79067,37.60728],[126.79044,37.60715],[126.7902,37.60702],[126.79,37.60692],[126.7899,37.6069],[126.78981,37.6069],[126.78969,37.60691],[126.78957,37.60694],[126.78948,37.60696],[126.78913,37.60708],[126.78887,37.60719],[126.78856,37.60732],[126.78809,37.60756],[126.78715,37.60814],[126.78698,37.60826],[126.78689,37.60834],[126.78684,37.60842],[126.78681,37.60851],[126.78679,37.60855],[126.78675,37.60858],[126.78668,37.60863],[126.78666,37.60866],[126.78664,37.60875],[126.78665,37.60878],[126.78668,37.6088],[126.7867,37.60884],[126.78671,37.60887],[126.78669,37.60889],[126.78656,37.60904],[126.78645,37.60915],[126.78639,37.60922],[126.78623,37.60945],[126.78615,37.60955],[126.78609,37.6096],[126.78587,37.60971],[126.78544,37.60993],[126.78531,37.60999],[126.78508,37.61011],[126.78503,37.61014],[126.785,37.61018],[126.78496,37.61023],[126.78489,37.61031],[126.78484,37.61036],[126.78478,37.6104],[126.78466,37.61047],[126.78441,37.61062],[126.78417,37.61074],[126.78401,37.61082],[126.7838,37.61091],[126.78364,37.611],[126.78347,37.6111],[126.78352,37.61116],[126.78344,37.61121],[126.78339,37.61116],[126.78333,37.6112],[126.78318,37.61131],[126.78304,37.61141],[126.78289,37.61153],[126.78272,37.61165],[126.78259,37.61173],[126.78235,37.61186],[126.78205,37.61203],[126.78171,37.61222],[126.78137,37.61241],[126.78107,37.61258],[126.78087,37.6127],[126.78085,37.61273],[126.78081,37.61279],[126.78079,37.61283],[126.78075,37.61285],[126.7807,37.61287],[126.78059,37.61291],[126.78053,37.61292],[126.78048,37.61292],[126.78043,37.61292],[126.78039,37.61293],[126.78034,37.61295],[126.7803,37.61298],[126.78026,37.613],[126.78022,37.61304],[126.78019,37.61308],[126.78014,37.61309],[126.78005,37.61312],[126.78001,37.61314],[126.77998,37.61316],[126.77996,37.6132],[126.77992,37.61324],[126.7798,37.61333],[126.77975,37.61337],[126.77972,37.6134],[126.77969,37.61344],[126.77965,37.61349],[126.77961,37.61353],[126.77941,37.61368],[126.77928,37.61378],[126.77923,37.61383],[126.77918,37.61389],[126.77912,37.61395],[126.77901,37.61406],[126.7789,37.61416],[126.77883,37.61423],[126.77876,37.61432],[126.77871,37.61436],[126.77861,37.61443],[126.77854,37.61447],[126.77842,37.61454],[126.77819,37.61468],[126.77814,37.61471],[126.77811,37.61474],[126.77803,37.61481],[126.77796,37.61487],[126.77791,37.61491],[126.77778,37.61498],[126.77748,37.61516],[126.77728,37.61529],[126.77699,37.61548],[126.77683,37.6156],[126.77668,37.61572],[126.77659,37.6158],[126.77652,37.61585],[126.77641,37.61594],[126.7763,37.61602],[126.77617,37.61611],[126.77599,37.61624],[126.77588,37.61632],[126.77581,37.61637],[126.77574,37.6164],[126.77564,37.61644],[126.77559,37.61646],[126.77551,37.61651],[126.77539,37.61658],[126.77514,37.61673],[126.77497,37.61684],[126.77479,37.61695],[126.77465,37.61704],[126.77462,37.61705],[126.7746,37.61705],[126.77458,37.61704],[126.77457,37.61703],[126.77457,37.617],[126.77455,37.61698],[126.77453,37.61698],[126.77452,37.617],[126.77451,37.61704],[126.77449,37.61707],[126.77446,37.61708],[126.77443,37.61708],[126.77439,37.61708],[126.77436,37.61706],[126.77432,37.61702],[126.77427,37.61698],[126.77424,37.61695],[126.7742,37.61693],[126.77418,37.61692],[126.77415,37.61691],[126.77414,37.61691],[126.77411,37.61692],[126.7741,37.61694],[126.77409,37.61696],[126.77406,37.61698],[126.77395,37.61704],[126.77388,37.61709],[126.77383,37.61719],[126.7738,37.61731],[126.77378,37.61749],[126.77374,37.6176],[126.77365,37.6177],[126.7735,37.61783],[126.77317,37.61803],[126.77287,37.61821],[126.7726,37.61837],[126.77217,37.61859],[126.77179,37.61877],[126.77146,37.61893],[126.77128,37.61901],[126.77109,37.61913],[126.77102,37.61917],[126.77092,37.61921],[126.7707,37.61928],[126.77044,37.61935],[126.77012,37.61944],[126.7698,37.61954],[126.76961,37.6196],[126.76951,37.61964],[126.76943,37.61968],[126.76925,37.61973],[126.76896,37.61979],[126.76862,37.61986],[126.76823,37.61993],[126.76799,37.61997],[126.76771,37.62001],[126.76745,37.62003],[126.76699,37.62013],[126.76664,37.62022],[126.76613,37.62034],[126.76576,37.62044],[126.76538,37.62052],[126.76497,37.62062],[126.76473,37.62067],[126.76446,37.62072],[126.76429,37.62074],[126.76405,37.62078],[126.76374,37.62087],[126.76339,37.62097],[126.76317,37.62104],[126.76302,37.62112],[126.76296,37.62116],[126.7629,37.62117],[126.76283,37.62115],[126.76274,37.62115],[126.76261,37.62115],[126.76241,37.6212],[126.7622,37.62125],[126.76208,37.62129],[126.76203,37.62132],[126.7617,37.62143],[126.76079,37.6217],[126.7602,37.62186],[126.75947,37.62205],[126.75868,37.62229],[126.75823,37.62243],[126.75776,37.62261],[126.75724,37.62282],[126.75702,37.62292],[126.75696,37.62298],[126.75693,37.62304],[126.75692,37.6231],[126.75685,37.62316],[126.75672,37.62325],[126.75662,37.62328],[126.75646,37.6233],[126.75638,37.6233],[126.75632,37.62328],[126.75625,37.62326],[126.75618,37.62327],[126.75608,37.62329],[126.7556,37.62348],[126.75525,37.62363],[126.75505,37.62373],[126.75488,37.62384],[126.75464,37.62394],[126.75436,37.62404],[126.75413,37.62412],[126.75387,37.6242],[126.75339,37.62443],[126.75312,37.62456],[126.75281,37.62472],[126.75186,37.62526],[126.75153,37.62545],[126.75118,37.62567],[126.75085,37.62589],[126.75051,37.62612],[126.75025,37.62631],[126.7499,37.62659],[126.74963,37.62681],[126.74944,37.62695],[126.74938,37.62697],[126.74927,37.627],[126.74906,37.62707],[126.74886,37.62716],[126.74858,37.62727],[126.74833,37.6274],[126.74801,37.62756],[126.74773,37.62771],[126.74756,37.6278],[126.74732,37.6279],[126.74707,37.62797],[126.74691,37.62801],[126.74677,37.62807],[126.74658,37.62816],[126.74635,37.62826],[126.74617,37.62833],[126.74594,37.62843],[126.74566,37.62854],[126.74544,37.62861],[126.74532,37.62864],[126.74525,37.62864],[126.74519,37.62863],[126.74511,37.62861],[126.74507,37.62861],[126.74491,37.62864],[126.74476,37.62867],[126.74467,37.62869],[126.74459,37.62873],[126.74442,37.62882],[126.74427,37.62889],[126.74418,37.62896],[126.74416,37.62902],[126.74409,37.62912],[126.74403,37.62917],[126.7439,37.62925],[126.74372,37.62935],[126.74348,37.62947],[126.74333,37.62956],[126.74311,37.62966],[126.74281,37.62988],[126.7425,37.63006],[126.74207,37.63028],[126.74169,37.63047],[126.74142,37.63062],[126.74118,37.63082],[126.74089,37.63106],[126.74065,37.63129],[126.74048,37.63147],[126.74024,37.63172],[126.74006,37.63193],[126.73983,37.63226],[126.7397,37.63247],[126.7396,37.6326],[126.7395,37.63274],[126.73938,37.63287],[126.7393,37.63296],[126.73919,37.63307],[126.73905,37.63318],[126.73885,37.63332],[126.73866,37.63347],[126.73844,37.63361],[126.73814,37.63379],[126.73786,37.63394],[126.73752,37.63411],[126.73701,37.63436],[126.73673,37.6345],[126.73639,37.6347],[126.73614,37.63487],[126.73573,37.6352],[126.73519,37.63551],[126.73491,37.63569],[126.73463,37.63587],[126.73448,37.63593],[126.73426,37.63601],[126.73399,37.63611],[126.73374,37.63619],[126.73346,37.6363],[126.73318,37.63641],[126.7329,37.63651],[126.73243,37.63662],[126.73215,37.63669],[126.732,37.63674],[126.73183,37.63681],[126.73159,37.63692],[126.73121,37.63706],[126.73076,37.63729],[126.73029,37.63755],[126.73005,37.63765],[126.72974,37.63775],[126.72947,37.63783],[126.729,37.63801],[126.72846,37.63825],[126.72807,37.63846],[126.72775,37.63863],[126.72748,37.63881],[126.72718,37.63902],[126.72695,37.63916],[126.72673,37.63929],[126.72639,37.63944],[126.72628,37.6395],[126.72623,37.63954],[126.72616,37.63962],[126.72611,37.63966],[126.72606,37.63967],[126.72599,37.63969],[126.7259,37.63972],[126.72567,37.63979],[126.72553,37.63985],[126.72538,37.63991],[126.72517,37.64002],[126.72494,37.64017],[126.72482,37.64026],[126.72475,37.64035],[126.72469,37.6404],[126.72461,37.64044],[126.72447,37.64049],[126.72421,37.64061],[126.72395,37.64075],[126.72364,37.64087],[126.72353,37.64089],[126.72342,37.6409],[126.7233,37.6409],[126.72319,37.64092],[126.72306,37.64095],[126.72285,37.64104],[126.72274,37.64108],[126.72251,37.64119],[126.72212,37.64137],[126.7219,37.64148],[126.72168,37.64161],[126.72166,37.64164],[126.72167,37.64169],[126.72163,37.64172],[126.72155,37.64172],[126.72146,37.64172],[126.72138,37.64173],[126.72132,37.64177],[126.72124,37.64183],[126.72118,37.64186],[126.7211,37.64187],[126.72098,37.64187],[126.7209,37.64188],[126.72081,37.64192],[126.72065,37.64198],[126.72041,37.64208],[126.72019,37.64217],[126.72008,37.64221],[126.72003,37.64224],[126.71999,37.6423],[126.71992,37.64238],[126.71986,37.64241],[126.7198,37.64242],[126.71972,37.64242],[126.71967,37.64242],[126.71947,37.64253],[126.71928,37.64264],[126.71902,37.64278],[126.71873,37.64294],[126.71858,37.64304],[126.71854,37.64308],[126.71853,37.64312],[126.71852,37.64316],[126.71847,37.6432],[126.71829,37.64328],[126.71813,37.64336],[126.71796,37.64341],[126.7177,37.64348],[126.71739,37.64357],[126.71702,37.64368],[126.71665,37.6438],[126.71635,37.64392],[126.71612,37.64404],[126.71585,37.64418],[126.71523,37.64444],[126.71468,37.64463],[126.71438,37.64477],[126.71406,37.64495],[126.71375,37.64515],[126.7134,37.64536],[126.71331,37.64541],[126.7132,37.64547],[126.71305,37.64552],[126.7129,37.64557],[126.71278,37.64561],[126.71267,37.64568],[126.7125,37.6458],[126.71224,37.64597],[126.71209,37.64608],[126.712,37.64615],[126.71191,37.6462],[126.71174,37.64628],[126.71148,37.64643],[126.71116,37.64659],[126.71101,37.64665],[126.71091,37.64667],[126.71079,37.64668],[126.71071,37.6467],[126.71054,37.64675],[126.71028,37.64685],[126.70998,37.64697],[126.70965,37.64712],[126.70932,37.64728],[126.70927,37.64723],[126.70918,37.64727],[126.70914,37.64734],[126.709,37.64739],[126.70884,37.64743],[126.70865,37.64744],[126.70852,37.64747],[126.70835,37.64752],[126.70819,37.64758],[126.70803,37.64764],[126.70781,37.64772],[126.70768,37.64778],[126.70747,37.64788],[126.7071,37.64808],[126.70681,37.64823],[126.7064,37.64849],[126.7061,37.64867],[126.706,37.64879],[126.70596,37.64888],[126.70595,37.64897],[126.70593,37.64915],[126.7059,37.64925],[126.70582,37.64935],[126.70574,37.64944],[126.70556,37.64958],[126.7054,37.64969],[126.70522,37.6498],[126.70508,37.64988],[126.70489,37.64998],[126.70486,37.64998],[126.70484,37.64997],[126.70479,37.64994],[126.70448,37.65008],[126.70446,37.65009],[126.70432,37.65012],[126.70432,37.65016],[126.7043,37.65018],[126.70422,37.65021],[126.7042,37.65026],[126.70394,37.6504],[126.70357,37.65061],[126.70323,37.65092],[126.70296,37.65115],[126.70271,37.65139],[126.70261,37.65153],[126.70237,37.65188],[126.70218,37.65223],[126.70214,37.65238],[126.70211,37.65258],[126.70207,37.65279],[126.7021,37.65289],[126.70216,37.65293],[126.70222,37.65297],[126.7023,37.653],[126.70238,37.65304],[126.70243,37.65311],[126.70246,37.65317],[126.70248,37.65326],[126.70249,37.65337],[126.70252,37.65345],[126.70255,37.65354],[126.70255,37.6537],[126.70253,37.65379],[126.70248,37.65391],[126.70238,37.65408],[126.70224,37.65431],[126.70218,37.65444],[126.70213,37.65456],[126.70205,37.65466],[126.70198,37.65475],[126.70195,37.65478],[126.70193,37.65479],[126.70189,37.65479],[126.70186,37.65479],[126.70176,37.6548],[126.70164,37.65484],[126.70159,37.65486],[126.70149,37.65491],[126.70131,37.655],[126.70063,37.65534],[126.69988,37.65573],[126.69933,37.65599],[126.69885,37.6563],[126.69864,37.65642],[126.69845,37.65654],[126.69809,37.65671],[126.69774,37.65687],[126.69732,37.6571],[126.69701,37.65728],[126.69645,37.65759],[126.69612,37.65773],[126.69576,37.65786],[126.69535,37.65802],[126.6949,37.65819],[126.69441,37.65839],[126.69379,37.6586],[126.6934,37.65876],[126.693,37.6589],[126.69263,37.65904],[126.69228,37.65917],[126.69183,37.65932],[126.69146,37.65945],[126.69101,37.65966],[126.69054,37.65987],[126.69029,37.65998],[126.69008,37.66006],[126.68969,37.66018],[126.68943,37.66027],[126.68909,37.66039],[126.68881,37.66048],[126.6885,37.66063],[126.68821,37.66077],[126.68779,37.66094],[126.6873,37.66114],[126.68689,37.6613],[126.68635,37.66151],[126.68594,37.66169],[126.68546,37.66189],[126.68507,37.66206],[126.68466,37.66223],[126.6842,37.66242],[126.68358,37.66266],[126.68315,37.66284],[126.68261,37.66306],[126.68243,37.66313],[126.68234,37.66301],[126.68229,37.66299],[126.68223,37.66301],[126.68223,37.66305],[126.6823,37.66315],[126.68227,37.6632],[126.68185,37.6634],[126.68144,37.66362],[126.68094,37.66388],[126.68057,37.66409],[126.68004,37.66437],[126.67972,37.66451],[126.6793,37.66468],[126.67912,37.66474],[126.67891,37.66484],[126.67876,37.66493],[126.67859,37.66503],[126.67825,37.66526],[126.67798,37.66546],[126.67717,37.66612],[126.67702,37.66626],[126.67686,37.6664],[126.67672,37.66653],[126.67663,37.66663],[126.67657,37.66672],[126.67651,37.66682],[126.67643,37.66694],[126.67635,37.66705],[126.67625,37.66716],[126.67612,37.66726],[126.67597,37.66738],[126.67589,37.66745],[126.67575,37.66757],[126.67562,37.66763],[126.67548,37.6677],[126.67543,37.66773],[126.67538,37.66773],[126.67525,37.66772],[126.67514,37.66771],[126.67511,37.66776],[126.67509,37.6678],[126.67507,37.66792],[126.67503,37.66805],[126.67503,37.66816],[126.67505,37.66826],[126.67507,37.66834],[126.67505,37.66844],[126.675,37.66849],[126.67493,37.66855],[126.67484,37.66861],[126.67471,37.66869],[126.67458,37.66875],[126.67443,37.66882],[126.67418,37.66892],[126.67387,37.66905],[126.67366,37.66914],[126.67345,37.66925],[126.67324,37.66937],[126.67289,37.66957],[126.67266,37.66972],[126.67253,37.6698],[126.67229,37.66991],[126.67211,37.66997],[126.67199,37.67003],[126.67181,37.67013],[126.67164,37.67023],[126.6715,37.67032],[126.67135,37.67044],[126.67121,37.67056],[126.67106,37.67066],[126.67087,37.67075],[126.67068,37.67086],[126.67056,37.67093],[126.67027,37.6711],[126.66983,37.67137],[126.66924,37.67182],[126.66896,37.67204],[126.66857,37.67237],[126.66815,37.67274],[126.66783,37.67305],[126.6674,37.67347],[126.66692,37.67393],[126.6666,37.67424],[126.66634,37.67449],[126.66609,37.67475],[126.66591,37.67492],[126.66568,37.67513],[126.6653,37.67548],[126.66499,37.67577],[126.66471,37.67603],[126.66447,37.67627],[126.66417,37.67655],[126.66392,37.6768],[126.66366,37.67704],[126.66344,37.67724],[126.66322,37.67747],[126.66304,37.67768],[126.66284,37.67795],[126.66269,37.67818],[126.66242,37.67853],[126.66193,37.67926],[126.66155,37.67982],[126.66136,37.68012],[126.66111,37.68053],[126.66078,37.68102],[126.66048,37.68146],[126.66024,37.68177],[126.6601,37.68191],[126.65993,37.682],[126.6598,37.68205],[126.65971,37.68212],[126.65947,37.6825],[126.65929,37.68276],[126.65923,37.68285],[126.65917,37.68294],[126.65901,37.68327],[126.65896,37.68355],[126.65895,37.68376],[126.65897,37.68398],[126.65897,37.68413],[126.65898,37.68425],[126.65896,37.68471],[126.65895,37.68501],[126.65894,37.68541],[126.65891,37.68597],[126.65891,37.6862],[126.6589,37.68662],[126.65886,37.68717],[126.65885,37.68757],[126.65883,37.68807],[126.65884,37.68824],[126.65891,37.68849],[126.659,37.68875],[126.65913,37.68911],[126.65927,37.68953],[126.6594,37.68994],[126.6595,37.69022],[126.65966,37.69067],[126.65974,37.69086],[126.65983,37.69102],[126.65999,37.69129],[126.66007,37.69152],[126.65999,37.6916],[126.66001,37.69168],[126.66003,37.6917],[126.6601,37.6917],[126.66015,37.69177],[126.6601,37.69183],[126.66019,37.69187],[126.66029,37.6918],[126.66036,37.69183],[126.66047,37.69187],[126.6606,37.69189],[126.66081,37.69192],[126.66103,37.69192],[126.66121,37.69193],[126.66142,37.69196],[126.66163,37.692],[126.66182,37.69207],[126.66196,37.69212],[126.66216,37.69224],[126.6623,37.69236],[126.66242,37.69251],[126.66254,37.6927],[126.66266,37.69286],[126.66278,37.69312],[126.66292,37.69345],[126.66308,37.69379],[126.66324,37.69413],[126.6634,37.69435],[126.66362,37.69459],[126.66375,37.69476],[126.66382,37.69488],[126.66384,37.69491],[126.66399,37.69522],[126.66416,37.69552],[126.66423,37.69567],[126.66433,37.69584],[126.66435,37.69591],[126.66435,37.696],[126.66432,37.69605],[126.66427,37.6961],[126.66423,37.69613],[126.66413,37.69622],[126.66399,37.69635],[126.6639,37.69643],[126.66384,37.6965],[126.66371,37.69667],[126.66368,37.69677],[126.66365,37.69691],[126.66362,37.697],[126.66359,37.69704],[126.66356,37.69708],[126.66353,37.69712],[126.66344,37.6972],[126.6634,37.69723],[126.66333,37.6973],[126.66332,37.69733],[126.66333,37.69734],[126.66334,37.69735],[126.66338,37.69737],[126.66341,37.69739],[126.66341,37.6974],[126.66341,37.6974],[126.6634,37.69742],[126.6633,37.69754],[126.66329,37.69755],[126.66327,37.69755],[126.66324,37.69754],[126.6632,37.69754],[126.66316,37.69756],[126.66313,37.6976],[126.66308,37.69766],[126.66305,37.69771],[126.66293,37.69795],[126.66291,37.69807],[126.66291,37.69816],[126.66296,37.69827],[126.66299,37.69834],[126.663,37.69838],[126.663,37.69845],[126.66299,37.69849],[126.66295,37.69855],[126.66291,37.6986],[126.66285,37.69868],[126.6628,37.69876],[126.66278,37.69884],[126.66279,37.69894],[126.66278,37.69909],[126.66279,37.69911],[126.6628,37.69912],[126.66282,37.69912],[126.66288,37.69913],[126.66293,37.69914],[126.66296,37.69916],[126.66296,37.69919],[126.66295,37.69923],[126.66291,37.69926],[126.66289,37.69927],[126.66283,37.69929],[126.66278,37.69929],[126.6627,37.69929],[126.66265,37.6993],[126.66258,37.69935],[126.66256,37.69941],[126.66253,37.69956],[126.66252,37.69973],[126.66251,37.69985],[126.66253,37.69994],[126.66255,37.7],[126.66259,37.70007],[126.6626,37.70014],[126.66261,37.70023],[126.66259,37.70041],[126.66259,37.70061],[126.6626,37.70081],[126.66263,37.70106],[126.66265,37.70135],[126.66267,37.70161],[126.6627,37.70191],[126.66274,37.70219],[126.6628,37.70244],[126.66292,37.70301],[126.66298,37.70357],[126.66305,37.70394],[126.66308,37.70415],[126.66308,37.70422],[126.66308,37.70427],[126.6631,37.70432],[126.66313,37.7044],[126.66316,37.7045],[126.66314,37.70452],[126.66311,37.70454],[126.66309,37.70456],[126.66309,37.7046],[126.66307,37.70463],[126.66304,37.70465],[126.66291,37.70466],[126.66292,37.70474],[126.66304,37.70473],[126.66308,37.70474],[126.6631,37.70474],[126.66313,37.70473],[126.66317,37.70469],[126.66321,37.70468],[126.66325,37.70469],[126.66327,37.70472],[126.66329,37.70482],[126.66332,37.70496],[126.66334,37.705],[126.66337,37.70504],[126.66338,37.70509],[126.66337,37.70515],[126.66336,37.70523],[126.66337,37.70527],[126.66339,37.7053],[126.66343,37.70535],[126.66348,37.70543],[126.66369,37.70585],[126.66392,37.70637],[126.66405,37.70668],[126.66431,37.70719],[126.66461,37.70773],[126.66476,37.70795],[126.66485,37.70807],[126.66489,37.70817],[126.66493,37.70829],[126.66496,37.70844],[126.66504,37.70883],[126.66514,37.70915],[126.66528,37.70943],[126.66539,37.7097],[126.66544,37.70998],[126.66543,37.71019],[126.66541,37.71041],[126.66544,37.71115],[126.66547,37.71144],[126.66555,37.71194],[126.66564,37.71228],[126.66583,37.71301],[126.66587,37.71317],[126.66603,37.7137],[126.6661,37.71391],[126.66614,37.71411],[126.66621,37.71435],[126.66629,37.71483],[126.66639,37.71518],[126.66651,37.71557],[126.66662,37.71588],[126.66672,37.71606],[126.66679,37.71618],[126.66685,37.71636],[126.6669,37.71666],[126.66708,37.71723],[126.66719,37.71759],[126.6673,37.71811],[126.6674,37.7185],[126.66751,37.71883],[126.66765,37.71912],[126.66775,37.71955],[126.66781,37.71986],[126.66788,37.72012],[126.66802,37.72054],[126.66818,37.72099],[126.66837,37.72147],[126.66854,37.72193],[126.6687,37.7223],[126.66889,37.72275],[126.66923,37.72342],[126.66933,37.72371],[126.66945,37.724],[126.66959,37.72431],[126.66968,37.72456],[126.66973,37.72466],[126.66977,37.72472],[126.66986,37.72481],[126.66992,37.72491],[126.67006,37.72517],[126.67018,37.72547],[126.67025,37.72566],[126.67028,37.72575],[126.6703,37.7258],[126.6703,37.7259],[126.67035,37.72612],[126.67043,37.72641],[126.67053,37.72676],[126.6706,37.72695],[126.67063,37.72699],[126.67067,37.72702],[126.6707,37.72706],[126.67071,37.72716],[126.67079,37.72746],[126.67088,37.72774],[126.671,37.72807],[126.67106,37.7282],[126.67109,37.72827],[126.67112,37.72833],[126.67111,37.7284],[126.67109,37.72851],[126.67109,37.72871],[126.67109,37.7288],[126.67111,37.72888],[126.67122,37.72888],[126.67121,37.72906],[126.67108,37.72906],[126.67109,37.72917],[126.67109,37.72929],[126.67105,37.72937],[126.67098,37.72942],[126.67093,37.72948],[126.67091,37.72956],[126.67082,37.72962],[126.67077,37.72968],[126.67075,37.72975],[126.67073,37.72985],[126.67068,37.72994],[126.67065,37.73005],[126.67064,37.73017],[126.67063,37.73025],[126.67062,37.73031],[126.67058,37.73045],[126.67054,37.73053],[126.67051,37.73063],[126.67048,37.73066],[126.67041,37.73065],[126.67028,37.73064],[126.67027,37.73073],[126.67046,37.73074],[126.67048,37.73077],[126.6705,37.73082],[126.67052,37.73088],[126.67052,37.73099],[126.67049,37.73104],[126.67044,37.73111],[126.6704,37.73125],[126.67037,37.73135],[126.67035,37.73154],[126.67033,37.73189],[126.67031,37.73214],[126.67031,37.73232],[126.6703,37.73248],[126.67027,37.73258],[126.67022,37.73283],[126.6702,37.73295],[126.67019,37.73308],[126.6702,37.73322],[126.67021,37.73331],[126.6702,37.73339],[126.67017,37.73349],[126.67015,37.7337],[126.67015,37.73401],[126.67015,37.73409],[126.67013,37.73414],[126.67006,37.73414],[126.67003,37.73415],[126.67002,37.73421],[126.66987,37.73419],[126.66986,37.73431],[126.66994,37.73432],[126.66997,37.73431],[126.66999,37.73428],[126.67006,37.73429],[126.67008,37.73432],[126.67012,37.73436],[126.6701,37.73445],[126.67009,37.73456],[126.67007,37.73474],[126.6701,37.73494],[126.6701,37.73506],[126.6701,37.73512],[126.67006,37.73515],[126.67,37.73515],[126.66995,37.73515],[126.66975,37.73507],[126.66952,37.73501],[126.66928,37.73492],[126.66918,37.7349],[126.6691,37.73489],[126.66905,37.73496],[126.66912,37.735],[126.66916,37.73506],[126.66918,37.73509],[126.66928,37.73514],[126.66931,37.73517],[126.6693,37.73521],[126.66919,37.73527],[126.66911,37.73528],[126.66903,37.73526],[126.66892,37.7352],[126.66888,37.73523],[126.66881,37.73526],[126.66873,37.73537],[126.66876,37.73542],[126.66884,37.73543],[126.66891,37.73544],[126.669,37.73548],[126.6691,37.73551],[126.66919,37.7355],[126.66933,37.73547],[126.66942,37.73544],[126.66948,37.7354],[126.66951,37.73533],[126.66954,37.73529],[126.66985,37.73535],[126.66989,37.73536],[126.66992,37.73541],[126.66993,37.73547],[126.66989,37.7357],[126.66983,37.73607],[126.66981,37.73642],[126.66977,37.73677],[126.66975,37.7371],[126.66971,37.73747],[126.66968,37.73792],[126.66964,37.73826],[126.66963,37.73865],[126.66959,37.73896],[126.66957,37.73925],[126.66952,37.73956],[126.66943,37.73999],[126.66937,37.74047],[126.66931,37.74104],[126.66928,37.74136],[126.66926,37.74158],[126.66922,37.74194],[126.66916,37.74225],[126.66907,37.74277],[126.66902,37.74307],[126.66897,37.74336],[126.66893,37.74365],[126.66888,37.74396],[126.66887,37.74413],[126.66885,37.74423],[126.66883,37.74432],[126.66879,37.74438],[126.66874,37.74442],[126.66864,37.74446],[126.66859,37.74451],[126.66856,37.74457],[126.66851,37.74466],[126.66845,37.7448],[126.66833,37.74506],[126.66818,37.7455],[126.66799,37.74596],[126.66783,37.74637],[126.66763,37.74693],[126.66751,37.74734],[126.6674,37.74775],[126.66729,37.74825],[126.66725,37.74856],[126.66721,37.74883],[126.66719,37.74913],[126.66715,37.74939],[126.66708,37.74982],[126.667,37.7503],[126.66694,37.75066],[126.66683,37.75121],[126.66674,37.75164],[126.66667,37.75202],[126.66657,37.75238],[126.66647,37.75268],[126.66641,37.75278],[126.66634,37.75303],[126.66622,37.75343],[126.66609,37.7539],[126.6659,37.75453],[126.66571,37.75503],[126.66542,37.75561],[126.66519,37.7561],[126.66508,37.75631],[126.66473,37.7568],[126.66441,37.7574],[126.66411,37.75791],[126.6637,37.75857],[126.6631,37.75938],[126.66303,37.75944],[126.66292,37.75968],[126.66282,37.75988],[126.66272,37.76007],[126.66225,37.76076],[126.66193,37.7611],[126.66161,37.7615],[126.66152,37.76163],[126.66145,37.76173],[126.66128,37.76198],[126.6613,37.76202],[126.66129,37.76206],[126.66118,37.76228],[126.66101,37.76254],[126.66082,37.76282],[126.66046,37.7633],[126.66002,37.76389],[126.65982,37.76412],[126.6596,37.76441],[126.65931,37.7648],[126.65907,37.76513],[126.65885,37.76543],[126.65857,37.76579],[126.65825,37.76618],[126.65796,37.76649],[126.65773,37.76681],[126.6574,37.76711],[126.65717,37.76741],[126.65696,37.76763],[126.65687,37.76769],[126.65684,37.76777],[126.65677,37.76786],[126.65661,37.76798],[126.65631,37.76832],[126.665,37.77061],[126.67443,37.77296],[126.6748,37.77306],[126.67488,37.77282],[126.67493,37.7726],[126.67498,37.77243],[126.67505,37.77214],[126.67509,37.772],[126.67512,37.77185],[126.67515,37.77163],[126.67519,37.77123],[126.67513,37.771],[126.67515,37.77095],[126.67518,37.77091],[126.67523,37.77089],[126.67533,37.77085],[126.67545,37.77081],[126.67557,37.77077],[126.67571,37.77072],[126.67587,37.77063],[126.67602,37.77048],[126.67611,37.77039],[126.67623,37.77033],[126.67633,37.77032],[126.67643,37.77031],[126.6766,37.77022],[126.67668,37.77019],[126.67676,37.77013],[126.67688,37.76997],[126.67694,37.76991],[126.67701,37.76987],[126.6771,37.76983],[126.67722,37.76981],[126.67735,37.76982],[126.67744,37.76984],[126.67751,37.7699],[126.67757,37.76999],[126.67761,37.77004],[126.67768,37.77012],[126.67779,37.77021],[126.67795,37.7703],[126.67809,37.77036],[126.67827,37.77045],[126.67837,37.77049],[126.67846,37.77052],[126.67857,37.77054],[126.6787,37.77055],[126.67882,37.77053],[126.67896,37.77051],[126.67915,37.77046],[126.67931,37.77042],[126.67946,37.77038],[126.67951,37.77036],[126.67956,37.77031],[126.67964,37.77023],[126.68,37.76996],[126.68034,37.76974],[126.68082,37.76941],[126.68128,37.76915],[126.68162,37.76889],[126.68198,37.76866],[126.68234,37.76833],[126.68263,37.76803],[126.68292,37.76773],[126.68322,37.76744],[126.68338,37.76732],[126.6835,37.76722],[126.68363,37.76711],[126.68379,37.76697],[126.68406,37.7666],[126.68425,37.76637],[126.68445,37.76607],[126.68464,37.76578],[126.6848,37.76545],[126.68499,37.76502],[126.6851,37.76471],[126.6852,37.76431],[126.68532,37.76388],[126.6854,37.76359],[126.68547,37.76323],[126.68552,37.76287],[126.68565,37.76221],[126.68568,37.762],[126.68577,37.76167],[126.68587,37.76135],[126.68592,37.76118],[126.68603,37.76085],[126.68609,37.76053],[126.68614,37.76018],[126.68618,37.7597],[126.6863,37.75911],[126.68636,37.75876],[126.68639,37.75865],[126.68641,37.75862],[126.68646,37.75859],[126.68656,37.75854],[126.6867,37.75847],[126.68689,37.75841],[126.68707,37.75834],[126.68685,37.75789],[126.6867,37.75758],[126.68657,37.75732],[126.68652,37.75733],[126.68646,37.75734],[126.68638,37.75734],[126.68629,37.75733],[126.68623,37.75731],[126.68614,37.75727],[126.68605,37.7572],[126.68601,37.75712],[126.68597,37.75703],[126.68591,37.75692],[126.68584,37.75681],[126.68572,37.75666],[126.68563,37.75654],[126.68558,37.75647],[126.68556,37.75644],[126.68552,37.75642],[126.68544,37.75638],[126.68535,37.75635],[126.68527,37.7563],[126.68518,37.75622],[126.68511,37.75612],[126.68508,37.75604],[126.68508,37.7559],[126.68511,37.75576],[126.68519,37.75563],[126.68529,37.7555],[126.68531,37.75548],[126.68532,37.75546],[126.68532,37.75542],[126.68531,37.75538],[126.68531,37.75526],[126.68531,37.75496],[126.68531,37.75473],[126.68533,37.75465],[126.68534,37.75456],[126.68534,37.75453],[126.68533,37.7545],[126.6853,37.75446],[126.68524,37.75432],[126.6852,37.75423],[126.68518,37.75414],[126.68518,37.75406],[126.68518,37.75393],[126.68521,37.75381],[126.6853,37.75366],[126.68531,37.75361],[126.68531,37.75357],[126.68529,37.7535],[126.68526,37.75333],[126.68524,37.75325],[126.68524,37.75319],[126.68526,37.75302],[126.68529,37.75281],[126.68532,37.75272],[126.68539,37.75263],[126.6855,37.75251],[126.68558,37.75244],[126.68562,37.75236],[126.68564,37.75226],[126.68566,37.75168],[126.68573,37.75113],[126.68577,37.75092],[126.68579,37.75042],[126.68578,37.74989],[126.68579,37.74934],[126.68581,37.74874],[126.68589,37.74812],[126.68594,37.74762],[126.68601,37.74712],[126.6861,37.74656],[126.68617,37.74619],[126.68629,37.74565],[126.68635,37.74514],[126.68638,37.74428],[126.68641,37.74387],[126.68643,37.74367],[126.68643,37.7436],[126.68645,37.7434],[126.68644,37.74297],[126.68638,37.74258],[126.6863,37.74192],[126.68625,37.74162],[126.68614,37.74109],[126.68606,37.74084],[126.6859,37.74032],[126.6857,37.73974],[126.68561,37.73952],[126.68558,37.7394],[126.68552,37.73925],[126.68544,37.73899],[126.68539,37.73884],[126.68532,37.73869],[126.68529,37.73857],[126.6853,37.73848],[126.68531,37.73845],[126.68533,37.7384],[126.68536,37.73837],[126.6854,37.73834],[126.68545,37.73832],[126.68553,37.73832],[126.68559,37.73833],[126.68566,37.73834],[126.68575,37.73834],[126.68586,37.73832],[126.68598,37.73829],[126.68616,37.73821],[126.68636,37.7381],[126.68643,37.73805],[126.68657,37.73795],[126.68668,37.73788],[126.68677,37.73778],[126.68686,37.73769],[126.68692,37.73761],[126.68695,37.73756],[126.68697,37.73751],[126.68699,37.73746],[126.687,37.73739],[126.68703,37.73733],[126.68719,37.73708],[126.68734,37.73677],[126.68752,37.73643],[126.6876,37.73624],[126.68766,37.73605],[126.68777,37.73563],[126.68789,37.73508],[126.688,37.73454],[126.6881,37.73397],[126.68818,37.73346],[126.68826,37.7329],[126.68834,37.73232],[126.68842,37.73172],[126.68843,37.73121],[126.68843,37.73094],[126.68844,37.73047],[126.68846,37.73004],[126.68848,37.7296],[126.6885,37.72917],[126.68854,37.72874],[126.68854,37.7285],[126.68844,37.72798],[126.68833,37.72742],[126.68828,37.72705],[126.68818,37.72676],[126.68801,37.72644],[126.68793,37.72622],[126.68788,37.72615],[126.68783,37.72609],[126.68779,37.72604],[126.68775,37.72601],[126.68772,37.726],[126.68765,37.72597],[126.68747,37.72593],[126.68731,37.72585],[126.68726,37.72582],[126.68718,37.72575],[126.68707,37.72561],[126.68702,37.7255],[126.68699,37.72542],[126.68692,37.72528],[126.68689,37.72516],[126.68688,37.72507],[126.68688,37.72495],[126.6869,37.72478],[126.68694,37.72468],[126.687,37.72455],[126.6871,37.72442],[126.68731,37.72413],[126.68736,37.72404],[126.6874,37.72396],[126.6874,37.72391],[126.68741,37.72385],[126.68741,37.7238],[126.68739,37.72374],[126.68736,37.72366],[126.68735,37.72356],[126.68736,37.72347],[126.6874,37.72335],[126.6874,37.72326],[126.68736,37.72314],[126.68726,37.72286],[126.6871,37.7224],[126.68703,37.72222],[126.68693,37.72213],[126.68682,37.72204],[126.68673,37.72194],[126.68668,37.72184],[126.68666,37.72171],[126.68664,37.7216],[126.68663,37.72155],[126.68664,37.72146],[126.68667,37.72142],[126.68676,37.72139],[126.68684,37.72138],[126.68692,37.72135],[126.68694,37.72134],[126.68695,37.72131],[126.68695,37.72127],[126.68693,37.72117],[126.68691,37.72113],[126.68688,37.72112],[126.68687,37.72111],[126.68683,37.72111],[126.6867,37.72111],[126.68655,37.7211],[126.68651,37.72109],[126.68648,37.72105],[126.68648,37.72101],[126.68649,37.72096],[126.68658,37.72086],[126.68666,37.72082],[126.68671,37.72078],[126.68672,37.72073],[126.68671,37.72068],[126.68665,37.72051],[126.68664,37.72049],[126.6866,37.72047],[126.68652,37.72045],[126.68644,37.72042],[126.68641,37.72037],[126.68638,37.72031],[126.68619,37.72005],[126.68594,37.71957],[126.68572,37.71926],[126.68555,37.71901],[126.6853,37.71867],[126.68504,37.71832],[126.68483,37.71799],[126.68443,37.71746],[126.68415,37.71717],[126.68389,37.71693],[126.6836,37.71663],[126.68321,37.71624],[126.68296,37.71599],[126.68263,37.71566],[126.68241,37.71541],[126.68217,37.7151],[126.68191,37.7148],[126.68168,37.71453],[126.68147,37.71429],[126.68122,37.71396],[126.68099,37.7136],[126.68086,37.71342],[126.68062,37.71309],[126.68046,37.71291],[126.68018,37.71259],[126.6799,37.71221],[126.67962,37.71182],[126.67943,37.71156],[126.67932,37.71134],[126.67918,37.71115],[126.67894,37.71084],[126.67877,37.7106],[126.67864,37.71044],[126.67851,37.71026],[126.67836,37.71001],[126.67818,37.7098],[126.67793,37.70949],[126.67766,37.70915],[126.67744,37.70885],[126.67722,37.70852],[126.677,37.70819],[126.67675,37.70782],[126.6765,37.70737],[126.67642,37.70719],[126.6763,37.70691],[126.67619,37.70668],[126.67607,37.70649],[126.67589,37.70621],[126.67571,37.70584],[126.67556,37.70549],[126.6754,37.70523],[126.67523,37.70498],[126.67511,37.70468],[126.67498,37.70438],[126.67486,37.70408],[126.6747,37.70382],[126.67465,37.70366],[126.67447,37.7031],[126.67431,37.70273],[126.67418,37.70239],[126.67407,37.70212],[126.67396,37.70183],[126.67388,37.70146],[126.67381,37.70116],[126.67373,37.70082],[126.67367,37.70046],[126.6736,37.70013],[126.67357,37.70007],[126.67353,37.69998],[126.67349,37.69987],[126.67342,37.69975],[126.6733,37.69954],[126.67313,37.6992],[126.67304,37.69895],[126.67293,37.69855],[126.67285,37.69828],[126.67275,37.69791],[126.67259,37.69742],[126.67246,37.69685],[126.67236,37.69648],[126.67222,37.69609],[126.67201,37.69564],[126.6719,37.69545],[126.6718,37.69535],[126.67164,37.69526],[126.67149,37.69518],[126.6714,37.69509],[126.67136,37.69498],[126.6713,37.69434],[126.67119,37.69352],[126.67118,37.693],[126.67119,37.69272],[126.67124,37.6924],[126.67132,37.69219],[126.67145,37.69199],[126.67154,37.69186],[126.67174,37.69151],[126.6718,37.69139],[126.6719,37.6912],[126.67224,37.69068],[126.6725,37.69025],[126.67268,37.68994],[126.67283,37.68967],[126.67317,37.68902],[126.67336,37.68865],[126.67355,37.68833],[126.67379,37.6879],[126.67395,37.68762],[126.67406,37.68743],[126.67422,37.68719],[126.67446,37.68685],[126.67459,37.68666],[126.67476,37.6864],[126.67501,37.68604],[126.67532,37.68562],[126.67548,37.68535],[126.67566,37.68507],[126.67582,37.68484],[126.67595,37.68464],[126.67623,37.68423],[126.67641,37.68396],[126.67672,37.68355],[126.677,37.6832],[126.67722,37.68288],[126.67741,37.68259],[126.67763,37.6823],[126.67781,37.68205],[126.67803,37.68175],[126.67825,37.68147],[126.67843,37.6812],[126.67855,37.68101],[126.67872,37.68075],[126.67887,37.68059],[126.67905,37.68041],[126.6794,37.68013],[126.67967,37.67991],[126.67987,37.67975],[126.68006,37.67958],[126.68018,37.67948],[126.68051,37.67917],[126.68078,37.67893],[126.68096,37.67879],[126.68109,37.67865],[126.68123,37.67853],[126.68145,37.67829],[126.68171,37.67803],[126.68199,37.67777],[126.68222,37.67757],[126.68238,37.67743],[126.68254,37.67729],[126.68272,37.67712],[126.683,37.67689],[126.68314,37.67679],[126.68332,37.67664],[126.68348,37.67651],[126.68359,37.67641],[126.6838,37.67624],[126.68404,37.67604],[126.68429,37.6758],[126.68448,37.67564],[126.6847,37.67545],[126.68501,37.67516],[126.68514,37.67505],[126.68528,37.67487],[126.68546,37.67467],[126.68557,37.67452],[126.68567,37.67442],[126.68581,37.67429],[126.68595,37.67415],[126.68605,37.67407],[126.68615,37.67403],[126.68627,37.674],[126.68639,37.67398],[126.68659,37.67388],[126.68685,37.67371],[126.68712,37.67349],[126.68738,37.67331],[126.68808,37.67278],[126.68828,37.67262],[126.6885,37.67239],[126.68873,37.67216],[126.68898,37.67193],[126.68923,37.67176],[126.68944,37.67166],[126.68956,37.67162],[126.68968,37.67156],[126.68981,37.67146],[126.68999,37.67131],[126.69025,37.67115],[126.69042,37.67105],[126.6906,37.67089],[126.6908,37.67071],[126.69097,37.67056],[126.69123,37.67041],[126.69148,37.67023],[126.69168,37.67015],[126.69206,37.67002],[126.69229,37.66991],[126.69258,37.66979],[126.69277,37.66971],[126.69301,37.66963],[126.69325,37.66956],[126.69344,37.66949],[126.69361,37.66941],[126.69368,37.66936],[126.69374,37.6693],[126.69379,37.66922],[126.69386,37.66912],[126.69394,37.66903],[126.694,37.66899],[126.69417,37.66892],[126.69444,37.66879],[126.69488,37.66862],[126.69513,37.66853],[126.69535,37.66844],[126.69555,37.66833],[126.69572,37.66823],[126.6959,37.66817],[126.69617,37.6681],[126.69667,37.66792],[126.69701,37.66781],[126.69746,37.66765],[126.69794,37.66747],[126.69843,37.6673],[126.69911,37.66704],[126.69959,37.66682],[126.69987,37.66667],[126.70012,37.66655],[126.70046,37.66639],[126.70088,37.66622],[126.70148,37.66603],[126.70191,37.66591],[126.70232,37.66576],[126.70289,37.66556],[126.70342,37.66535],[126.70403,37.66511],[126.70441,37.66495],[126.70491,37.66476],[126.70543,37.66456],[126.70567,37.66448],[126.70601,37.66438],[126.7063,37.66426],[126.70668,37.66413],[126.70703,37.664],[126.70819,37.66357],[126.70861,37.6634],[126.70898,37.66326],[126.70938,37.66308],[126.7098,37.66293],[126.71034,37.66267],[126.71059,37.66256],[126.71092,37.66242],[126.71111,37.66233],[126.71153,37.66214],[126.71215,37.66185],[126.71255,37.66165],[126.71268,37.66158],[126.71271,37.66156],[126.71288,37.66148],[126.71296,37.66145],[126.713,37.66143],[126.71313,37.66135],[126.71334,37.66123],[126.71359,37.66109],[126.71386,37.66093],[126.71418,37.66079],[126.71455,37.66062],[126.71497,37.66037],[126.71524,37.66022],[126.71568,37.66001],[126.7161,37.65978],[126.71639,37.65962],[126.71669,37.65944],[126.71693,37.65928],[126.71719,37.65913],[126.71752,37.65893],[126.71811,37.6586],[126.71825,37.65854],[126.71845,37.65843],[126.71879,37.65818],[126.719,37.65805],[126.71925,37.65786],[126.7194,37.65771],[126.71963,37.65749],[126.71974,37.6573],[126.72001,37.65691],[126.72017,37.65674],[126.72039,37.65654],[126.72093,37.65617],[126.72107,37.65604],[126.72121,37.65587],[126.72131,37.65572],[126.7214,37.6556],[126.72151,37.65549],[126.72166,37.65534],[126.72207,37.65513],[126.72237,37.65498],[126.72295,37.65467],[126.72332,37.65445],[126.72351,37.65436],[126.7237,37.65426],[126.72444,37.65381],[126.72462,37.65371],[126.72476,37.65368],[126.72483,37.65367],[126.72493,37.65368],[126.72515,37.6537],[126.72534,37.65376],[126.72568,37.6539],[126.72582,37.65395],[126.72594,37.65397],[126.72608,37.65398],[126.72623,37.65397],[126.72635,37.65394],[126.72645,37.65388],[126.72656,37.65381],[126.72662,37.65371],[126.72664,37.65359],[126.72665,37.65345],[126.72667,37.65327],[126.72667,37.65303],[126.7267,37.65286],[126.72674,37.65279],[126.72682,37.65271],[126.72697,37.65263],[126.72705,37.65261],[126.72714,37.65261],[126.72726,37.65263],[126.72742,37.65267],[126.7275,37.6527],[126.7276,37.65275],[126.72767,37.65283],[126.72773,37.65288],[126.72785,37.65302],[126.72801,37.65328],[126.72818,37.65372],[126.72824,37.65386],[126.72824,37.65395],[126.72857,37.65466],[126.72866,37.6549],[126.72888,37.65539],[126.72911,37.65603],[126.72919,37.65634],[126.7293,37.6567],[126.72935,37.65692],[126.7294,37.65707],[126.72943,37.65721],[126.72948,37.65736],[126.72961,37.65767],[126.72969,37.65791],[126.72971,37.65818],[126.72971,37.65842],[126.72977,37.65872],[126.72998,37.65921],[126.73034,37.65979],[126.73072,37.66033],[126.73102,37.66037],[126.73123,37.66041],[126.73137,37.66043],[126.7315,37.66024],[126.73166,37.66009],[126.73196,37.65977],[126.73224,37.65943],[126.73244,37.65922],[126.73301,37.65887],[126.73344,37.65862],[126.7337,37.65845],[126.73437,37.65804],[126.7352,37.65753],[126.73599,37.65718],[126.7364,37.65696],[126.73661,37.65681],[126.73671,37.65664],[126.73639,37.65662],[126.7363,37.65673],[126.73621,37.65682],[126.73592,37.657],[126.73557,37.65715],[126.73496,37.65746],[126.73409,37.65792],[126.7334,37.65834],[126.73312,37.6585],[126.73227,37.65903],[126.73151,37.65962],[126.73127,37.65976],[126.73098,37.65974],[126.73076,37.65963],[126.73041,37.65908],[126.73026,37.6587],[126.73016,37.65828],[126.73009,37.65797],[126.72997,37.65758],[126.72984,37.65718],[126.7298,37.65683],[126.72976,37.65648],[126.72977,37.65629],[126.7298,37.65614],[126.72983,37.65596],[126.72988,37.65584],[126.73,37.65568],[126.73011,37.65558],[126.73023,37.65545],[126.73038,37.65524],[126.73041,37.65514],[126.73041,37.65506],[126.73037,37.65503],[126.73031,37.65503],[126.73023,37.65505],[126.73015,37.65507],[126.73007,37.65509],[126.73001,37.65512],[126.72988,37.65529],[126.72979,37.6554],[126.72966,37.65545],[126.72956,37.65545],[126.72942,37.65543],[126.7294,37.65541],[126.72938,37.65538],[126.72936,37.65532],[126.72929,37.65489],[126.72927,37.65476],[126.72925,37.65466],[126.72918,37.65458],[126.72908,37.65452],[126.72898,37.65442],[126.72893,37.65427],[126.72868,37.65375],[126.72866,37.65362],[126.72864,37.65348],[126.72859,37.65328],[126.72855,37.65321],[126.72845,37.65308],[126.7282,37.65287],[126.72801,37.65265],[126.72786,37.65253],[126.72763,37.6524],[126.7274,37.6523],[126.72723,37.65226],[126.72707,37.65225],[126.72682,37.65225],[126.72664,37.65227],[126.72644,37.65239],[126.72633,37.65248],[126.72626,37.65257],[126.72618,37.65268],[126.72615,37.65281],[126.72617,37.65294],[126.72621,37.65314],[126.72624,37.65327],[126.72624,37.65336],[126.72619,37.65343],[126.72613,37.65348],[126.72606,37.6535],[126.72595,37.65349],[126.72582,37.65346],[126.7257,37.65341],[126.72561,37.65336],[126.72558,37.65334],[126.72553,37.65327],[126.72551,37.65321],[126.72551,37.65314],[126.72554,37.65307],[126.72558,37.65297],[126.72567,37.65277],[126.72572,37.65261],[126.72582,37.65245],[126.72596,37.65232],[126.72611,37.65219],[126.7263,37.65205],[126.72656,37.65187],[126.72676,37.65174],[126.72699,37.65162],[126.72733,37.65144],[126.72788,37.65112],[126.72807,37.65099],[126.72849,37.65072],[126.72887,37.65047],[126.7294,37.6501],[126.72989,37.64973],[126.7305,37.64917],[126.73092,37.64886],[126.7319,37.64815],[126.73258,37.64768],[126.7328,37.64758],[126.73316,37.6474],[126.73341,37.64725],[126.73382,37.64703],[126.73404,37.6469],[126.73441,37.6467],[126.73472,37.64654],[126.735,37.64641],[126.73618,37.64583],[126.73674,37.64554],[126.73724,37.64528],[126.7379,37.64495],[126.73847,37.64466],[126.739,37.6444],[126.7394,37.64421],[126.73979,37.64399],[126.74061,37.64359],[126.74138,37.64318],[126.74186,37.64293],[126.74229,37.64272],[126.74291,37.64238],[126.74335,37.64215],[126.74381,37.64189],[126.74414,37.64169],[126.74477,37.64131],[126.74533,37.64098],[126.74571,37.64079],[126.74597,37.64067],[126.74623,37.6405],[126.74657,37.64028],[126.74707,37.63997],[126.74751,37.63969],[126.74795,37.63945],[126.74885,37.63898],[126.74951,37.63866],[126.74987,37.63846],[126.75038,37.63817],[126.75075,37.63796],[126.75134,37.63763],[126.7517,37.63748],[126.75216,37.63728],[126.75248,37.63717],[126.75284,37.63696],[126.75311,37.63672],[126.75335,37.63656],[126.7539,37.63623],[126.75453,37.63589],[126.75506,37.63562],[126.75555,37.63536],[126.75612,37.63511],[126.75663,37.63482],[126.75731,37.63442],[126.75778,37.63415],[126.75906,37.63353],[126.75963,37.63326],[126.7605,37.63283],[126.76096,37.6326],[126.76121,37.63247],[126.76149,37.63231],[126.76173,37.63221],[126.76193,37.63214],[126.76222,37.63204],[126.76255,37.63193],[126.76279,37.63183],[126.76313,37.63168],[126.76341,37.63156],[126.7637,37.63142],[126.76406,37.63127],[126.76462,37.63103],[126.76517,37.63082],[126.76556,37.63071],[126.76608,37.63055],[126.76644,37.63045],[126.76685,37.63032],[126.76728,37.63021],[126.76771,37.63007],[126.76804,37.62997],[126.76843,37.62984],[126.76919,37.62955],[126.76975,37.62933],[126.77018,37.62917],[126.77056,37.62902],[126.77095,37.62886],[126.77126,37.62874],[126.77167,37.62864],[126.77234,37.62848],[126.77284,37.62837],[126.77319,37.62827],[126.77373,37.62814],[126.77405,37.62805],[126.77427,37.62797],[126.7746,37.62786],[126.77504,37.62773],[126.77528,37.6277],[126.77553,37.62769],[126.77568,37.62772],[126.77583,37.62775],[126.77601,37.62777],[126.77623,37.62774],[126.77646,37.6277],[126.77672,37.62765],[126.77698,37.6276],[126.77735,37.62752],[126.77772,37.62743],[126.77806,37.62733],[126.77834,37.62724],[126.77856,37.62714],[126.77886,37.62702],[126.77917,37.62689],[126.77949,37.62675],[126.7798,37.62664],[126.78008,37.6265],[126.78032,37.62635],[126.7806,37.62614],[126.78093,37.62595],[126.78147,37.62568],[126.78178,37.62555],[126.78206,37.62541],[126.78241,37.62526],[126.78291,37.62503],[126.78326,37.62488],[126.78362,37.62472],[126.78392,37.62458],[126.78427,37.6244],[126.78449,37.62427],[126.78474,37.62409],[126.7849,37.624],[126.78504,37.62392],[126.78513,37.6239],[126.7852,37.62387],[126.78528,37.62383],[126.78542,37.62375],[126.78557,37.62365],[126.78577,37.62349],[126.7859,37.62339],[126.78601,37.62328],[126.78612,37.62319],[126.78625,37.6231],[126.78639,37.62303],[126.78654,37.62295],[126.78678,37.62282],[126.78697,37.62273],[126.78713,37.62266],[126.78739,37.62255],[126.78761,37.62245],[126.78785,37.62235],[126.7881,37.62223],[126.78839,37.62208],[126.78858,37.62199],[126.78889,37.62183],[126.78905,37.62174],[126.7892,37.62165],[126.78932,37.62156],[126.78946,37.62144],[126.78962,37.6213],[126.78978,37.62115],[126.78996,37.62101],[126.79005,37.62092],[126.79014,37.62086],[126.79021,37.62082],[126.79042,37.62075],[126.79056,37.62072],[126.79067,37.62069],[126.79077,37.62065],[126.79102,37.62054],[126.79118,37.62045],[126.79139,37.62034],[126.79159,37.62024],[126.79179,37.62012],[126.79193,37.62004],[126.79211,37.61992],[126.79216,37.61989],[126.79234,37.61976],[126.79241,37.61971],[126.79261,37.61958],[126.79273,37.6195],[126.79283,37.61943],[126.79292,37.61937],[126.79316,37.61923],[126.79348,37.61906],[126.79376,37.6189],[126.794,37.61878],[126.79427,37.61865],[126.79479,37.61836],[126.79558,37.6179],[126.79591,37.61769],[126.79716,37.61688],[126.79751,37.61668],[126.79791,37.61643],[126.79809,37.61628],[126.79822,37.61618],[126.79829,37.61614],[126.79838,37.61607],[126.79854,37.61598],[126.79869,37.61589],[126.79878,37.61581],[126.79889,37.61567],[126.79899,37.61553],[126.79912,37.61541],[126.79952,37.61517],[126.8,37.61488],[126.80039,37.61465],[126.80052,37.61453],[126.80077,37.61425],[126.80142,37.61348],[126.80184,37.61297],[126.80232,37.61249],[126.80266,37.6122],[126.80315,37.61183],[126.80338,37.61165],[126.8035,37.61151],[126.80364,37.61124],[126.80386,37.61095],[126.80406,37.61071],[126.80442,37.61043],[126.80472,37.61017],[126.80489,37.61003],[126.80509,37.60989],[126.80531,37.60972],[126.80554,37.60953],[126.80579,37.60931],[126.80606,37.6091],[126.80632,37.60889],[126.80657,37.60866],[126.80699,37.60834],[126.8073,37.6081],[126.80768,37.60778],[126.80797,37.60754],[126.80828,37.60725],[126.80847,37.60704],[126.80864,37.60688],[126.80875,37.60678],[126.80888,37.60665],[126.80901,37.60652],[126.80934,37.60618],[126.80951,37.60602],[126.81005,37.60545],[126.81029,37.60516],[126.81054,37.60482],[126.81067,37.60464],[126.81099,37.60423],[126.81121,37.60391],[126.81147,37.60356],[126.81173,37.60313],[126.81193,37.60285],[126.8121,37.60267],[126.81227,37.60249],[126.8124,37.60235],[126.81253,37.60219],[126.81268,37.60207],[126.81285,37.60196],[126.81313,37.60163],[126.81325,37.60149],[126.81326,37.60137],[126.81505,37.59946],[126.81528,37.59934],[126.81563,37.59913],[126.81581,37.599],[126.81604,37.59884],[126.81635,37.59862],[126.81656,37.59846],[126.81684,37.59827],[126.81703,37.59812],[126.81727,37.59795],[126.81745,37.59783],[126.81763,37.59772],[126.81783,37.59761],[126.81802,37.59746],[126.8182,37.59732],[126.81832,37.59725],[126.81848,37.59716],[126.81863,37.59708],[126.81881,37.59695],[126.81896,37.59677],[126.81905,37.59668],[126.81911,37.59664],[126.81919,37.59659],[126.81929,37.59655],[126.81939,37.59652],[126.81948,37.59646],[126.81959,37.5964],[126.81972,37.59634],[126.82002,37.59618],[126.82019,37.5961],[126.82034,37.59603],[126.8206,37.59592],[126.82073,37.59587],[126.82083,37.59582],[126.82098,37.59571],[126.82112,37.59557],[126.82124,37.59553],[126.82135,37.59549],[126.82148,37.59546],[126.82166,37.59543],[126.82187,37.59539],[126.82209,37.59534],[126.82225,37.59527],[126.82238,37.59517],[126.82246,37.59513],[126.82257,37.59507],[126.82321,37.59485],[126.8235,37.59476],[126.82386,37.5946],[126.82408,37.59448],[126.82425,37.59438],[126.82438,37.59432],[126.82463,37.59424],[126.82482,37.59416],[126.82535,37.59392],[126.82554,37.59385],[126.82566,37.59381],[126.8261,37.59368],[126.82629,37.5936],[126.8267,37.5934],[126.82677,37.59337],[126.82694,37.59335],[126.82704,37.59333],[126.82711,37.59331],[126.82749,37.59312],[126.82769,37.59301],[126.828,37.59283],[126.82811,37.59278],[126.82836,37.59267],[126.82853,37.59261],[126.82874,37.59255],[126.82889,37.59253],[126.82923,37.59252],[126.82938,37.59251],[126.82953,37.59248],[126.82999,37.59234],[126.83028,37.59227],[126.83066,37.59209],[126.83076,37.59198],[126.83092,37.59168],[126.83099,37.59148],[126.83107,37.59136],[126.83118,37.59128],[126.8317,37.59104],[126.83216,37.59081],[126.83266,37.59054],[126.833,37.5904],[126.83325,37.59032],[126.83397,37.59011],[126.83448,37.58999],[126.83495,37.58985],[126.83552,37.58963],[126.83585,37.58947],[126.83621,37.58929],[126.83679,37.58897],[126.8374,37.58862],[126.838,37.58827],[126.83824,37.58813],[126.8385,37.588],[126.8389,37.58778],[126.83936,37.58751],[126.84004,37.58713],[126.84062,37.58675],[126.84091,37.58648],[126.84136,37.5861],[126.84201,37.58573],[126.84231,37.58559],[126.84246,37.58554],[126.84284,37.58552],[126.84311,37.58548],[126.8434,37.58544],[126.8436,37.58538],[126.84388,37.58521],[126.84408,37.58501],[126.84414,37.58489],[126.84418,37.5845],[126.84421,37.5844],[126.84429,37.58428],[126.8445,37.58411],[126.84492,37.58393],[126.84512,37.58388],[126.84527,37.58389],[126.84578,37.58403],[126.846,37.58407],[126.84621,37.58409],[126.84638,37.58407],[126.84658,37.584],[126.84754,37.58339],[126.84778,37.58324],[126.84837,37.5829],[126.84875,37.58269],[126.84913,37.58252],[126.84935,37.58238],[126.84979,37.58213],[126.84998,37.58202],[126.85033,37.58183],[126.85066,37.58166],[126.85093,37.58148],[126.85112,37.5813],[126.8513,37.58106],[126.85151,37.58074],[126.85163,37.58061],[126.85183,37.58047],[126.85204,37.58036],[126.85222,37.58026],[126.85233,37.58017],[126.85241,37.58004],[126.85258,37.57968],[126.85269,37.57949],[126.85279,37.57936],[126.85288,37.57926],[126.85299,37.57914],[126.85314,37.57899],[126.85336,37.5788],[126.85361,37.57862],[126.85391,37.57845],[126.85429,37.57826],[126.85464,37.57812],[126.8551,37.57795],[126.85541,37.57781],[126.85556,37.57771],[126.85589,37.57746],[126.8562,37.57725],[126.85687,37.57691],[126.85739,37.57664],[126.85791,37.57637],[126.85891,37.57591],[126.85928,37.57574],[126.85952,37.57565],[126.85973,37.57557],[126.86035,37.57539],[126.86078,37.5752],[126.86101,37.57507],[126.86172,37.57462],[126.86177,37.57456],[126.86179,37.57448],[126.86182,37.57428],[126.86182,37.57424],[126.86185,37.5742],[126.86201,37.5741],[126.86206,37.57409],[126.86211,37.57409],[126.86216,37.57411],[126.86249,37.57445],[126.86253,37.57447],[126.86257,37.57449],[126.86261,37.57451],[126.8627,37.5746],[126.86274,37.57461],[126.86279,37.57459],[126.86296,37.57449],[126.8628,37.57432],[126.86244,37.57391],[126.86245,37.57384],[126.86251,37.57376],[126.86259,37.57373],[126.86307,37.57361],[126.86368,37.57338],[126.86385,37.57326],[126.86417,37.57309],[126.86437,37.57299],[126.86459,37.57288],[126.86492,37.57272],[126.86521,37.57255],[126.86546,37.57239],[126.86567,37.57228],[126.86584,37.57218],[126.86611,37.57194],[126.86636,37.57177],[126.86683,37.57148],[126.86707,37.57128],[126.86726,37.57106],[126.86735,37.57088],[126.86745,37.57079],[126.86756,37.57075],[126.86774,37.57075],[126.86819,37.57076],[126.86844,37.57073],[126.86875,37.57063],[126.86959,37.57014],[126.87131,37.5688],[126.8719,37.56839],[126.87217,37.56814],[126.87241,37.56787],[126.8728,37.56739],[126.87312,37.56708],[126.87353,37.56672],[126.87414,37.56617],[126.8747,37.56575],[126.87534,37.56533],[126.87592,37.56498],[126.87642,37.56477],[126.87789,37.56434],[126.87807,37.56429],[126.87821,37.56424],[126.87838,37.56418],[126.87849,37.56414],[126.87861,37.56409],[126.87885,37.56402],[126.87974,37.56374],[126.87992,37.5637],[126.88004,37.56366],[126.8803,37.56361],[126.88076,37.56348],[126.88118,37.56333],[126.88147,37.5632],[126.88183,37.56303],[126.8822,37.56283],[126.88223,37.5628],[126.88317,37.56225],[126.88342,37.5621],[126.88354,37.56203],[126.88363,37.56198],[126.88365,37.56197],[126.88368,37.56198],[126.88387,37.56204],[126.88399,37.56205],[126.8841,37.56206],[126.88422,37.56205],[126.8843,37.56205],[126.8845,37.56201],[126.8846,37.56199],[126.88479,37.56192],[126.88485,37.56188],[126.88491,37.56184],[126.88502,37.56175],[126.88506,37.56171],[126.88508,37.56169],[126.88508,37.56167],[126.88507,37.56164],[126.88485,37.56139],[126.88482,37.56135],[126.88481,37.56132],[126.88481,37.56131],[126.88484,37.56129],[126.88486,37.56127],[126.88489,37.56126],[126.88491,37.56125],[126.88494,37.56129],[126.88496,37.5613],[126.88497,37.56131],[126.885,37.5613],[126.88503,37.56128],[126.88504,37.56126],[126.88505,37.56125],[126.88505,37.56122],[126.88505,37.56119],[126.88506,37.56117],[126.88509,37.56115],[126.88541,37.56097],[126.88544,37.56096],[126.88595,37.56067],[126.88599,37.56065],[126.8868,37.56016],[126.88687,37.56012],[126.8869,37.5601],[126.88693,37.56007],[126.88695,37.56005],[126.887,37.56002],[126.88702,37.56002],[126.88707,37.56001],[126.88711,37.55999],[126.88767,37.55968],[126.88857,37.55915],[126.88877,37.55904],[126.88881,37.55902],[126.88893,37.55895],[126.88935,37.5587],[126.88972,37.55853],[126.8899,37.55847],[126.89094,37.5577],[126.89201,37.55695],[126.89214,37.55676],[126.89223,37.55666],[126.89232,37.55657],[126.89381,37.55552],[126.89481,37.55482],[126.89524,37.55451],[126.89529,37.55448],[126.89535,37.55443],[126.89537,37.55441],[126.89538,37.55439],[126.89539,37.55436],[126.89537,37.55432],[126.89537,37.5543],[126.89539,37.55427],[126.89556,37.55415],[126.89562,37.55411],[126.89565,37.5541],[126.89572,37.55412],[126.89576,37.55412],[126.89578,37.55412],[126.89581,37.55411],[126.8963,37.55377],[126.89677,37.55343],[126.89715,37.55317],[126.89762,37.55284],[126.89818,37.55244],[126.89864,37.55212],[126.89932,37.55162],[126.89935,37.55159],[126.89979,37.55131],[126.90079,37.55062],[126.90118,37.55031],[126.90121,37.55029],[126.90126,37.55021],[126.90128,37.55018],[126.90131,37.55018],[126.90135,37.55017],[126.9014,37.55015],[126.90143,37.55012],[126.90146,37.55007],[126.9015,37.55001],[126.90151,37.55],[126.90155,37.54996],[126.90159,37.54995],[126.90161,37.54995],[126.90163,37.54997],[126.90166,37.54998],[126.90168,37.54998],[126.90172,37.54996],[126.90175,37.54993],[126.90178,37.54989],[126.90179,37.54986],[126.90188,37.54978],[126.90204,37.54964],[126.90212,37.54959],[126.9022,37.54955],[126.90247,37.54935],[126.90459,37.54789],[126.90502,37.54757],[126.90584,37.547],[126.9066,37.54644],[126.90704,37.54616],[126.90759,37.54578],[126.90842,37.54521],[126.90845,37.54519],[126.90897,37.54482],[126.90953,37.54446],[126.90989,37.54425],[126.91073,37.54393],[126.91108,37.54372],[126.91153,37.54358],[126.91252,37.54326],[126.91434,37.54294],[126.91606,37.54262],[126.91663,37.54254],[126.9175,37.54253],[126.91894,37.54255],[126.9194,37.54259],[126.92015,37.54279],[126.92031,37.54295],[126.91994,37.54338],[126.92062,37.54373],[126.92102,37.54326],[126.92117,37.5432],[126.92152,37.54341],[126.92209,37.54366],[126.92309,37.54393],[126.92406,37.54411],[126.92449,37.54417],[126.92488,37.54414],[126.92585,37.54414],[126.92677,37.54398],[126.92732,37.54378],[126.92795,37.5435],[126.92867,37.54321],[126.92967,37.54284],[126.92972,37.54275],[126.92976,37.54273],[126.92997,37.54276],[126.93172,37.54208],[126.93214,37.54198],[126.93264,37.54181],[126.93361,37.54142],[126.93385,37.54139],[126.93424,37.54144],[126.93476,37.54153],[126.93531,37.5416],[126.93585,37.54159],[126.93647,37.54156],[126.93675,37.54149],[126.93687,37.54146],[126.93713,37.54135],[126.93742,37.54119],[126.93759,37.54107],[126.93778,37.54096],[126.938,37.54081],[126.93831,37.54064],[126.93864,37.54048],[126.93889,37.5403],[126.93905,37.54016],[126.93923,37.54001],[126.9394,37.5398],[126.93969,37.53945],[126.93996,37.53916],[126.94027,37.53878],[126.94047,37.53853],[126.94066,37.53825],[126.94092,37.53784],[126.94113,37.53755],[126.9413,37.53728],[126.94149,37.53696],[126.94162,37.53668],[126.94195,37.53629],[126.94229,37.53598],[126.94239,37.53584],[126.94252,37.53564],[126.94271,37.53537],[126.94286,37.5351],[126.94297,37.53495],[126.94311,37.53481],[126.94326,37.53467],[126.94388,37.53436],[126.94457,37.53411],[126.94477,37.53407],[126.94501,37.53405],[126.94548,37.53405],[126.94588,37.53405],[126.94617,37.53402],[126.94649,37.53394],[126.94662,37.53392],[126.94684,37.53384],[126.94704,37.53374],[126.94719,37.53363],[126.94733,37.53353],[126.94748,37.53341],[126.94798,37.53296],[126.94826,37.53273],[126.94858,37.53242],[126.94901,37.53206],[126.9493,37.5318],[126.94996,37.53124],[126.95063,37.53062],[126.95159,37.52975],[126.95131,37.52967],[126.95157,37.52943],[126.95183,37.52918],[126.95197,37.52903],[126.95203,37.52892],[126.95206,37.52875],[126.95207,37.52849],[126.95214,37.52755],[126.9522,37.52685],[126.95227,37.5265],[126.95237,37.5261],[126.95247,37.5256],[126.95264,37.52516],[126.95282,37.52472],[126.95313,37.52406],[126.95358,37.5233],[126.9537,37.52312],[126.95384,37.52293],[126.95402,37.52275],[126.95421,37.52261],[126.95436,37.52249],[126.95506,37.52205],[126.95522,37.52196],[126.95565,37.52179],[126.95585,37.52173],[126.9562,37.52166],[126.95675,37.52158],[126.95716,37.52153],[126.95764,37.52144],[126.95823,37.52132],[126.95866,37.52121],[126.95937,37.52098],[126.95951,37.52095],[126.95959,37.52093],[126.95964,37.52093],[126.95968,37.52091],[126.95978,37.52087],[126.96009,37.52074],[126.96105,37.52035],[126.9614,37.5202],[126.96193,37.52001],[126.96197,37.51999],[126.96231,37.51984],[126.96249,37.51974],[126.96252,37.51972],[126.96465,37.51889],[126.96766,37.51764],[126.96872,37.51718],[126.96895,37.51709],[126.969,37.51707],[126.97013,37.51664],[126.97122,37.51622],[126.97274,37.51565],[126.97333,37.51548],[126.97395,37.51536],[126.97492,37.51514],[126.97613,37.5149],[126.97667,37.51482],[126.97762,37.5147],[126.97895,37.51459],[126.97978,37.51456],[126.98144,37.51452],[126.98202,37.51453],[126.98333,37.5146],[126.98468,37.51473],[126.98524,37.5148],[126.98675,37.51504],[126.98743,37.51522],[126.98822,37.51548],[126.98896,37.51575],[126.98987,37.51617],[126.99044,37.51644],[126.99122,37.51692],[126.99161,37.5172],[126.99176,37.51731],[126.99183,37.51735],[126.9919,37.51735],[126.99195,37.51733],[126.99201,37.51731],[126.99222,37.51716],[126.99229,37.5171],[126.99239,37.51711],[126.99246,37.51703],[126.99248,37.51698],[126.99248,37.5169],[126.99223,37.5168],[126.9922,37.51675],[126.99223,37.51671],[126.99229,37.51669],[126.99267,37.51682],[126.99411,37.51733],[126.99416,37.51738],[126.99416,37.51741],[126.99411,37.51745],[126.99403,37.51746],[126.99287,37.51704],[126.99282,37.51704],[126.99277,37.51707],[126.99276,37.51711],[126.99275,37.51716],[126.99274,37.51721],[126.99275,37.51725],[126.993,37.51734],[126.99409,37.51773],[126.99414,37.51776],[126.99414,37.51782],[126.99414,37.51841],[126.99427,37.51853],[126.99431,37.51871],[126.9945,37.51886],[126.99473,37.51892],[126.99515,37.51906],[126.99564,37.51931],[126.99577,37.51939],[126.9958,37.5194],[126.99652,37.51977],[126.99769,37.52035],[126.9986,37.52075],[126.99948,37.52115],[127.00031,37.52155],[127.00096,37.52192],[127.00139,37.52225],[127.00175,37.52261],[127.002,37.52291],[127.00215,37.52315],[127.00257,37.52384],[127.00301,37.52461],[127.00323,37.52491],[127.00345,37.52521],[127.00362,37.52542],[127.00387,37.52567],[127.00413,37.52588],[127.00577,37.52695],[127.00606,37.52717],[127.00654,37.52745],[127.00719,37.52778],[127.00792,37.5281],[127.00874,37.52853],[127.00997,37.52916],[127.01028,37.52933],[127.01093,37.52971],[127.01157,37.53013],[127.01204,37.53047],[127.01222,37.53061],[127.01253,37.53095],[127.01282,37.5313],[127.01307,37.53171],[127.01326,37.53207],[127.01343,37.53239],[127.01676,37.53753],[127.01716,37.53816],[127.01732,37.53841],[127.0175,37.53866],[127.01804,37.53925],[127.01835,37.53951],[127.02081,37.54109],[127.02516,37.54147]],[[126.90675,37.53628],[126.90677,37.53627],[126.9068,37.53625],[126.90685,37.53625],[126.90689,37.53626],[126.90693,37.53627],[126.90695,37.53632],[126.90693,37.53635],[126.9069,37.53636],[126.90689,37.53639],[126.90686,37.53639],[126.90683,37.53643],[126.90683,37.53645],[126.9068,37.53646],[126.90677,37.53647],[126.90673,37.53646],[126.90671,37.53641],[126.90667,37.53638],[126.90667,37.53636],[126.90669,37.53632],[126.90675,37.53628]],[[126.76616,37.62796],[126.76642,37.62785],[126.76681,37.62772],[126.76731,37.62765],[126.76779,37.6276],[126.76843,37.62754],[126.7688,37.62752],[126.76909,37.62747],[126.76949,37.62731],[126.76967,37.62724],[126.76983,37.62714],[126.76995,37.62704],[126.7701,37.62688],[126.77034,37.62673],[126.77071,37.62657],[126.77116,37.62646],[126.77201,37.62627],[126.77313,37.62606],[126.77375,37.62592],[126.77433,37.62571],[126.77495,37.62553],[126.7755,37.62544],[126.77599,37.62539],[126.77648,37.62536],[126.77699,37.6254],[126.77741,37.62547],[126.77781,37.62559],[126.77795,37.62564],[126.77806,37.6257],[126.77811,37.62579],[126.77814,37.62589],[126.77811,37.626],[126.77805,37.62606],[126.77789,37.62619],[126.77775,37.62625],[126.77716,37.62642],[126.77657,37.62658],[126.77504,37.62692],[126.77411,37.62711],[126.77215,37.62758],[126.77084,37.62793],[126.76979,37.62821],[126.76927,37.62833],[126.76868,37.62845],[126.7681,37.62856],[126.76748,37.62863],[126.76716,37.62865],[126.7667,37.62862],[126.76636,37.62858],[126.76626,37.62855],[126.76614,37.62844],[126.76606,37.62833],[126.76604,37.62822],[126.76605,37.6281],[126.76616,37.62796]],[[126.72175,37.64866],[126.72173,37.64864],[126.72168,37.64863],[126.72163,37.64865],[126.72162,37.64869],[126.72163,37.64872],[126.72164,37.64874],[126.72166,37.64874],[126.72169,37.64874],[126.72171,37.64873],[126.72174,37.64873],[126.72175,37.64871],[126.72176,37.64869],[126.72175,37.64866]],[[126.72198,37.64897],[126.72201,37.64893],[126.72202,37.64889],[126.72204,37.64884],[126.72206,37.64879],[126.72208,37.64875],[126.7221,37.64871],[126.72212,37.64866],[126.72216,37.64862],[126.7222,37.6486],[126.7223,37.64858],[126.7224,37.64858],[126.72247,37.64862],[126.72249,37.64866],[126.7225,37.6487],[126.72249,37.64888],[126.72246,37.64898],[126.72243,37.64904],[126.72238,37.64911],[126.72234,37.64913],[126.72226,37.64916],[126.72214,37.64919],[126.72208,37.64919],[126.72201,37.64918],[126.72196,37.64916],[126.72193,37.64914],[126.72191,37.6491],[126.72193,37.64905],[126.72195,37.64901],[126.72198,37.64897]],[[126.72185,37.64929],[126.72184,37.64925],[126.72182,37.64923],[126.72179,37.64921],[126.72176,37.6492],[126.72172,37.6492],[126.72168,37.64921],[126.72165,37.64925],[126.7216,37.64931],[126.72152,37.64936],[126.72143,37.64939],[126.72133,37.64943],[126.72117,37.64949],[126.72113,37.64952],[126.72107,37.64956],[126.72104,37.6496],[126.72103,37.64964],[126.72103,37.64971],[126.72105,37.64975],[126.72108,37.64977],[126.72116,37.64977],[126.72124,37.64975],[126.7213,37.64971],[126.72133,37.64968],[126.72135,37.64965],[126.7214,37.64961],[126.72146,37.64959],[126.72153,37.64955],[126.72159,37.64952],[126.72168,37.64949],[126.72173,37.64947],[126.72177,37.64941],[126.72179,37.64938],[126.72182,37.64934],[126.72185,37.64929]],[[126.99447,37.51053],[126.99448,37.51054],[126.99449,37.51055],[126.99451,37.51056],[126.99474,37.5107],[126.99475,37.51071],[126.99477,37.51072],[126.99459,37.5109],[126.99429,37.51071],[126.99447,37.51053]],[[126.84727,37.58269],[126.84713,37.58265],[126.84704,37.58257],[126.84697,37.58247],[126.84696,37.58238],[126.84699,37.58229],[126.84705,37.58221],[126.84715,37.58215],[126.84749,37.58196],[126.84773,37.58183],[126.8486,37.58139],[126.84894,37.58118],[126.84917,37.58106],[126.84938,37.58093],[126.84994,37.58063],[126.85035,37.58046],[126.85053,37.58042],[126.85069,37.58043],[126.85083,37.58047],[126.85093,37.58055],[126.85096,37.58072],[126.85094,37.58085],[126.85083,37.581],[126.85064,37.58113],[126.85052,37.5812],[126.85036,37.58127],[126.85007,37.5814],[126.84976,37.58152],[126.84943,37.5817],[126.84907,37.58192],[126.8487,37.58212],[126.84824,37.58233],[126.8474,37.58266],[126.84727,37.58269]],[[126.92942,37.53998],[126.92937,37.53999],[126.92932,37.53999],[126.92926,37.54],[126.92921,37.54],[126.92915,37.53999],[126.9291,37.53998],[126.92905,37.53997],[126.92902,37.53994],[126.92877,37.53967],[126.92846,37.53952],[126.92816,37.53934],[126.9281,37.53926],[126.92806,37.53923],[126.92803,37.5392],[126.92801,37.53917],[126.92799,37.53913],[126.92798,37.53909],[126.92798,37.53905],[126.92798,37.53901],[126.928,37.53898],[126.92804,37.53895],[126.92809,37.53892],[126.9282,37.53888],[126.92826,37.53886],[126.92832,37.53886],[126.92839,37.53886],[126.92928,37.53904],[126.92938,37.53904],[126.92948,37.53904],[126.93019,37.53894],[126.93031,37.53887],[126.93033,37.53885],[126.93034,37.53882],[126.93034,37.53879],[126.93033,37.53877],[126.93031,37.53874],[126.93022,37.53867],[126.9302,37.53864],[126.93018,37.53861],[126.93017,37.53858],[126.93016,37.53855],[126.93013,37.5381],[126.93013,37.53806],[126.93012,37.53803],[126.93009,37.53801],[126.93006,37.538],[126.93003,37.53799],[126.92999,37.53798],[126.92995,37.53798],[126.92991,37.53798],[126.92927,37.53807],[126.92888,37.5383],[126.92886,37.53832],[126.92885,37.53832],[126.92884,37.53833],[126.92885,37.53834],[126.92885,37.53835],[126.92885,37.53836],[126.92886,37.53837],[126.92887,37.53838],[126.92944,37.53869],[126.92947,37.53871],[126.92949,37.53873],[126.9295,37.53876],[126.92952,37.53878],[126.92952,37.53882],[126.92951,37.53885],[126.9295,37.53887],[126.92947,37.53889],[126.92943,37.53891],[126.92939,37.53891],[126.92935,37.53891],[126.92932,37.5389],[126.92928,37.53888],[126.92925,37.53886],[126.92923,37.53883],[126.92921,37.5388],[126.92919,37.53877],[126.92894,37.53865],[126.92879,37.53868],[126.92876,37.53871],[126.92874,37.53873],[126.92872,37.53874],[126.9287,37.53875],[126.92868,37.53875],[126.92853,37.53879],[126.9285,37.53879],[126.92848,37.53879],[126.92832,37.53876],[126.9281,37.53882],[126.92806,37.53884],[126.92803,37.53884],[126.928,37.53883],[126.92797,37.5388],[126.92793,37.5387],[126.92792,37.53869],[126.92792,37.53868],[126.92792,37.53866],[126.92792,37.53865],[126.92793,37.53864],[126.92794,37.53863],[126.92796,37.53862],[126.92798,37.53862],[126.92802,37.53858],[126.92806,37.53852],[126.92809,37.53847],[126.92812,37.53842],[126.92816,37.5383],[126.92816,37.53827],[126.92816,37.53823],[126.92814,37.5382],[126.92812,37.53818],[126.92816,37.53813],[126.92819,37.53809],[126.92827,37.53805],[126.92836,37.53813],[126.92845,37.5381],[126.92864,37.53784],[126.92886,37.53768],[126.92886,37.53753],[126.92884,37.53751],[126.92883,37.5375],[126.92883,37.53749],[126.92883,37.53748],[126.92883,37.53747],[126.92883,37.53746],[126.92884,37.53745],[126.92897,37.53734],[126.92928,37.53719],[126.92929,37.53719],[126.92931,37.53718],[126.92932,37.53718],[126.92934,37.53718],[126.92935,37.53718],[126.92937,37.53718],[126.92938,37.53718],[126.93026,37.53689],[126.93037,37.53688],[126.93061,37.5368],[126.93063,37.53679],[126.93064,37.53679],[126.93065,37.53678],[126.93065,37.53677],[126.93065,37.53675],[126.93066,37.53674],[126.93067,37.53673],[126.93068,37.53672],[126.9307,37.53672],[126.93071,37.53672],[126.93073,37.53672],[126.93075,37.53672],[126.9311,37.53665],[126.93115,37.53664],[126.9312,37.53662],[126.93149,37.53648],[126.93152,37.53646],[126.93154,37.53644],[126.93165,37.53633],[126.93168,37.53631],[126.93171,37.53629],[126.93195,37.53618],[126.93198,37.53616],[126.93202,37.53615],[126.93206,37.53615],[126.93209,37.53615],[126.93213,37.53616],[126.93217,37.53617],[126.93221,37.53617],[126.93233,37.53613],[126.93251,37.53603],[126.93254,37.53602],[126.93259,37.53601],[126.93263,37.53601],[126.93272,37.53602],[126.93281,37.53602],[126.93288,37.53601],[126.93336,37.5359],[126.93358,37.53583],[126.93379,37.53577],[126.93391,37.53575],[126.93398,37.53574],[126.93404,37.53575],[126.9341,37.53577],[126.93414,37.5358],[126.93418,37.53584],[126.93421,37.53588],[126.93428,37.53596],[126.93461,37.53613],[126.9348,37.53633],[126.93465,37.53659],[126.9346,37.53678],[126.93456,37.53692],[126.93458,37.53696],[126.93459,37.537],[126.93459,37.53706],[126.93458,37.53711],[126.93454,37.53718],[126.93443,37.5373],[126.93435,37.53735],[126.93427,37.53739],[126.93352,37.53808],[126.93353,37.53829],[126.93351,37.53836],[126.93348,37.53841],[126.93341,37.53846],[126.93333,37.5385],[126.93272,37.5387],[126.93264,37.53872],[126.93257,37.53873],[126.93249,37.53871],[126.93244,37.53868],[126.93179,37.53907],[126.93171,37.53911],[126.93162,37.53915],[126.93154,37.53919],[126.93145,37.53923],[126.93135,37.53926],[126.93126,37.53928],[126.93116,37.5393],[126.93055,37.53949],[126.92942,37.53998]],[[126.92868,37.54022],[126.9283,37.54061],[126.92831,37.54068],[126.92829,37.54073],[126.92823,37.54079],[126.92815,37.54082],[126.92778,37.54091],[126.92714,37.54119],[126.92713,37.54124],[126.92712,37.54128],[126.92709,37.54132],[126.92706,37.54135],[126.92701,37.54137],[126.92696,37.54139],[126.92691,37.54139],[126.92685,37.54138],[126.92676,37.54133],[126.92595,37.54123],[126.92571,37.54124],[126.92547,37.54127],[126.92524,37.5413],[126.92502,37.54131],[126.92478,37.54131],[126.92453,37.5413],[126.9243,37.54127],[126.92404,37.54126],[126.92342,37.54116],[126.92253,37.5408],[126.92208,37.54063],[126.92183,37.54039],[126.92179,37.54036],[126.92176,37.54032],[126.92173,37.54028],[126.92174,37.54019],[126.92178,37.54016],[126.92211,37.54008],[126.92226,37.54004],[126.92232,37.54002],[126.92241,37.53999],[126.92251,37.53995],[126.92265,37.53991],[126.92287,37.53984],[126.92403,37.53945],[126.92569,37.53891],[126.92631,37.5387],[126.92653,37.53866],[126.92676,37.53859],[126.92698,37.53856],[126.92719,37.53854],[126.92743,37.53853],[126.92759,37.53849],[126.92784,37.53852],[126.92788,37.53867],[126.9279,37.5388],[126.92777,37.53904],[126.92778,37.5391],[126.92781,37.53916],[126.92789,37.53925],[126.92788,37.53928],[126.92816,37.53959],[126.92821,37.53961],[126.92826,37.53962],[126.92856,37.53982],[126.92862,37.53983],[126.92867,37.53985],[126.92875,37.53998],[126.92868,37.54022]],[[126.90248,37.54334],[126.90229,37.54349],[126.90211,37.5436],[126.90193,37.54367],[126.90186,37.54369],[126.90174,37.54369],[126.9017,37.54368],[126.90136,37.54384],[126.90135,37.54385],[126.90135,37.54388],[126.90136,37.54392],[126.9014,37.544],[126.90141,37.54401],[126.90134,37.54404],[126.90122,37.54409],[126.90121,37.54409],[126.9012,37.5441],[126.90104,37.54416],[126.90101,37.54417],[126.90094,37.5442],[126.90092,37.54421],[126.9009,37.5442],[126.90086,37.54415],[126.9008,37.54409],[126.90074,37.54408],[126.90067,37.54409],[126.9006,37.54413],[126.90006,37.54431],[126.89994,37.54439],[126.89964,37.54462],[126.89961,37.54464],[126.89959,37.54465],[126.89956,37.54465],[126.89953,37.54466],[126.89951,37.54465],[126.89948,37.54465],[126.8994,37.54467],[126.89936,37.54469],[126.89933,37.54471],[126.89931,37.54472],[126.8993,37.54473],[126.89928,37.54474],[126.89926,37.54475],[126.89924,37.54475],[126.89922,37.54475],[126.89919,37.54475],[126.89918,37.54474],[126.8991,37.54472],[126.89906,37.54472],[126.89901,37.54471],[126.89899,37.54471],[126.89897,37.54471],[126.89895,37.54471],[126.89894,37.54471],[126.89822,37.54493],[126.89666,37.54541],[126.89658,37.54542],[126.8965,37.54543],[126.89642,37.54544],[126.89634,37.54544],[126.8963,37.54544],[126.89626,37.54543],[126.89619,37.54541],[126.89613,37.54538],[126.89606,37.54534],[126.89604,37.54532],[126.89601,37.54529],[126.89597,37.54524],[126.89596,37.54521],[126.89595,37.54518],[126.89593,37.54512],[126.89592,37.54506],[126.89592,37.54503],[126.89592,37.545],[126.89593,37.54496],[126.89593,37.54493],[126.89595,37.5449],[126.89597,37.54487],[126.89634,37.54449],[126.89654,37.54432],[126.89677,37.54417],[126.90093,37.54204],[126.9017,37.54172],[126.90253,37.5415],[126.90258,37.54149],[126.90263,37.54148],[126.90268,37.54148],[126.90273,37.54148],[126.90278,37.54148],[126.90283,37.54149],[126.90288,37.54149],[126.90293,37.5415],[126.90298,37.54151],[126.90303,37.54153],[126.90308,37.54154],[126.90313,37.54156],[126.90317,37.54158],[126.90322,37.54161],[126.90325,37.54164],[126.90328,37.54167],[126.9034,37.54187],[126.90341,37.5419],[126.90342,37.54192],[126.90343,37.54195],[126.90344,37.54198],[126.90346,37.54224],[126.90345,37.54227],[126.90345,37.5423],[126.90344,37.54233],[126.90343,37.54235],[126.90341,37.54238],[126.90339,37.54241],[126.90334,37.54246],[126.90248,37.54334]],[[126.96248,37.5163],[126.96252,37.51637],[126.96254,37.51648],[126.96253,37.51656],[126.96247,37.51667],[126.96236,37.5168],[126.96216,37.51698],[126.96198,37.5171],[126.96159,37.5173],[126.96048,37.51782],[126.95949,37.51822],[126.95737,37.51889],[126.95586,37.51916],[126.95571,37.51917],[126.95555,37.51915],[126.95542,37.51913],[126.95529,37.51908],[126.9551,37.51898],[126.95502,37.51893],[126.95495,37.51886],[126.9549,37.51877],[126.95486,37.51867],[126.95485,37.5186],[126.95485,37.51853],[126.95487,37.51842],[126.9549,37.51831],[126.95494,37.51821],[126.95499,37.51813],[126.95511,37.51802],[126.95522,37.51795],[126.95534,37.51788],[126.95838,37.5166],[126.95986,37.51624],[126.96046,37.51608],[126.96066,37.51604],[126.96079,37.51603],[126.96142,37.51605],[126.96208,37.51606],[126.96222,37.51609],[126.96231,37.51614],[126.96244,37.51624],[126.96248,37.5163]],[[126.99528,37.51169],[126.99525,37.51165],[126.99522,37.5116],[126.99519,37.51157],[126.99505,37.51142],[126.99483,37.51131],[126.99472,37.51128],[126.99461,37.51128],[126.99455,37.51131],[126.99448,37.51136],[126.99445,37.51144],[126.99446,37.51153],[126.99448,37.51163],[126.99449,37.51168],[126.99455,37.51176],[126.99458,37.5118],[126.99464,37.51188],[126.99473,37.51197],[126.99483,37.51203],[126.99492,37.51208],[126.99496,37.5121],[126.99499,37.51211],[126.99508,37.51211],[126.99516,37.5121],[126.99527,37.51204],[126.99531,37.512],[126.99532,37.51196],[126.99533,37.51192],[126.99532,37.51184],[126.99531,37.51178],[126.99528,37.51169]],[[126.99484,37.51239],[126.9948,37.51239],[126.99472,37.51238],[126.99459,37.5124],[126.99454,37.51242],[126.99451,37.51246],[126.99451,37.5125],[126.99455,37.51258],[126.9946,37.51263],[126.99472,37.51268],[126.99482,37.5127],[126.99496,37.51268],[126.99506,37.51264],[126.99509,37.5126],[126.99509,37.51258],[126.99509,37.51256],[126.99504,37.51249],[126.99497,37.51244],[126.99488,37.51241],[126.99484,37.51239]],[[126.99552,37.5124],[126.99554,37.51243],[126.99555,37.51246],[126.99557,37.51248],[126.99558,37.51249],[126.99559,37.51251],[126.99561,37.51253],[126.99563,37.51255],[126.99564,37.51256],[126.99569,37.5126],[126.99575,37.51263],[126.99581,37.51266],[126.99592,37.51272],[126.99595,37.51273],[126.99597,37.51274],[126.99601,37.51275],[126.99604,37.51275],[126.99608,37.51276],[126.99611,37.51276],[126.99615,37.51276],[126.99619,37.51276],[126.99622,37.51275],[126.99626,37.51274],[126.99629,37.51273],[126.99632,37.51271],[126.99635,37.51268],[126.99636,37.51265],[126.99637,37.51262],[126.99637,37.51259],[126.99636,37.51255],[126.99635,37.51252],[126.99633,37.5125],[126.99631,37.51247],[126.99629,37.51244],[126.99627,37.51242],[126.99625,37.51239],[126.99623,37.51237],[126.9962,37.51235],[126.99617,37.51233],[126.9961,37.51229],[126.99596,37.51222],[126.99593,37.51221],[126.99589,37.5122],[126.99585,37.51219],[126.99581,37.51218],[126.99577,37.51218],[126.99574,37.51218],[126.9957,37.51218],[126.99567,37.51218],[126.99562,37.51219],[126.99559,37.51221],[126.99556,37.51223],[126.99554,37.51225],[126.99552,37.51228],[126.99551,37.51231],[126.99551,37.51234],[126.99551,37.51237],[126.99552,37.5124]],[[126.78917,37.60878],[126.78923,37.60875],[126.78933,37.60872],[126.78948,37.60869],[126.7897,37.60867],[126.78987,37.60862],[126.79001,37.6086],[126.79027,37.60862],[126.79063,37.60868],[126.79091,37.60875],[126.7911,37.60883],[126.79126,37.60892],[126.79141,37.60905],[126.79149,37.60914],[126.79153,37.6092],[126.79156,37.60927],[126.79156,37.60935],[126.79157,37.6095],[126.79156,37.60969],[126.79148,37.61004],[126.79145,37.61014],[126.79142,37.61024],[126.79138,37.6103],[126.79134,37.61036],[126.79128,37.61043],[126.7912,37.61049],[126.79107,37.61058],[126.79099,37.61065],[126.79091,37.6107],[126.79071,37.61081],[126.7905,37.61094],[126.79031,37.61104],[126.7902,37.61108],[126.79015,37.6111],[126.78997,37.61116],[126.78907,37.61145],[126.78824,37.6117],[126.78786,37.6118],[126.78771,37.61182],[126.78752,37.61182],[126.78737,37.61183],[126.78728,37.61182],[126.78719,37.61181],[126.78707,37.61176],[126.78693,37.61166],[126.78684,37.61158],[126.78675,37.61144],[126.78668,37.6113],[126.78666,37.61121],[126.78665,37.61107],[126.78672,37.61086],[126.78682,37.6107],[126.78698,37.6105],[126.78723,37.61018],[126.7874,37.60994],[126.78749,37.60985],[126.78759,37.60972],[126.78768,37.60956],[126.78777,37.60944],[126.78783,37.6094],[126.78792,37.60937],[126.78802,37.60931],[126.78811,37.60924],[126.78825,37.60908],[126.78833,37.60899],[126.78841,37.60895],[126.78852,37.60892],[126.7887,37.60889],[126.78884,37.60886],[126.78894,37.60885],[126.78905,37.60883],[126.78917,37.60878]],[[126.98709,37.50741],[126.98683,37.50728],[126.98678,37.50722],[126.98676,37.50719],[126.98675,37.50715],[126.98675,37.50712],[126.98675,37.50709],[126.98678,37.50704],[126.98684,37.507],[126.98689,37.50698],[126.98749,37.50686],[126.9876,37.50685],[126.98772,37.50685],[126.98783,37.50688],[126.98791,37.50692],[126.98797,37.50697],[126.98801,37.50701],[126.98803,37.50706],[126.98803,37.50714],[126.98802,37.50721],[126.98803,37.50725],[126.98804,37.5073],[126.98808,37.50736],[126.98814,37.50739],[126.98819,37.5074],[126.98825,37.5074],[126.98835,37.50736],[126.98844,37.50731],[126.98863,37.50714],[126.98868,37.50711],[126.98875,37.50708],[126.9889,37.50706],[126.9892,37.50706],[126.98928,37.50706],[126.98955,37.50716],[126.98966,37.50723],[126.98983,37.5074],[126.98993,37.50761],[126.98999,37.50771],[126.99006,37.50778],[126.99015,37.50783],[126.99027,37.50786],[126.99047,37.50788],[126.99063,37.5079],[126.99079,37.50794],[126.99087,37.50798],[126.99104,37.50812],[126.99112,37.50821],[126.99123,37.50831],[126.9914,37.50843],[126.99151,37.50848],[126.99172,37.50852],[126.99183,37.50856],[126.99193,37.50862],[126.99227,37.50887],[126.99273,37.50922],[126.99279,37.50929],[126.99283,37.50933],[126.99284,37.50936],[126.99285,37.50939],[126.99281,37.50947],[126.99278,37.50949],[126.99273,37.50951],[126.99266,37.50952],[126.99257,37.5095],[126.99241,37.50944],[126.99158,37.50904],[126.98927,37.5081],[126.9882,37.50773],[126.98709,37.50741]]],[[[127.15575,37.5716],[127.15563,37.57166],[127.1555,37.57165],[127.15536,37.57149],[127.15541,37.57139],[127.15339,37.57017],[127.15325,37.57015],[127.15301,37.57005],[127.1524,37.56962],[127.15241,37.56936],[127.15231,37.56924],[127.15226,37.56917],[127.15221,37.5691],[127.15208,37.5688],[127.15186,37.56852],[127.15162,37.56829],[127.15129,37.56807],[127.15111,37.56797],[127.1507,37.56784],[127.15049,37.56782],[127.15032,37.56781],[127.15024,37.56784],[127.15017,37.56794],[127.15018,37.56802],[127.15028,37.56813],[127.15047,37.56821],[127.15122,37.56839],[127.15144,37.56851],[127.15158,37.56862],[127.15159,37.56872],[127.15149,37.56879],[127.15137,37.56882],[127.15116,37.56882],[127.15087,37.56882],[127.1505,37.56879],[127.1498,37.56849],[127.14752,37.56786],[127.14695,37.56772],[127.14588,37.56767],[127.14456,37.56772],[127.14357,37.5678],[127.14186,37.56795],[127.14111,37.56801],[127.1403,37.56804],[127.13953,37.56806],[127.13916,37.56806],[127.13872,37.568],[127.13824,37.56786],[127.1367,37.56733],[127.13591,37.56703],[127.13551,37.56687],[127.13474,37.56653],[127.13402,37.56622],[127.13358,37.56606],[127.13275,37.56569],[127.13236,37.56552],[127.13161,37.56512],[127.13064,37.56458],[127.12961,37.56389],[127.12875,37.56324],[127.12738,37.56216],[127.12635,37.56122],[127.12538,37.56037],[127.12459,37.5595],[127.12314,37.55768],[127.12252,37.55692],[127.12187,37.55567],[127.12124,37.55455],[127.12069,37.55317],[127.11997,37.55145],[127.1197,37.55049],[127.11948,37.54966],[127.11914,37.54887],[127.11898,37.54838],[127.1183,37.5468],[127.11815,37.5464],[127.11788,37.54575],[127.11735,37.5448],[127.11714,37.54451],[127.11652,37.54361],[127.113,37.53907],[127.11044,37.53583],[127.10993,37.53513],[127.10973,37.53482],[127.10927,37.53395],[127.10845,37.53234],[127.10835,37.53215],[127.10816,37.5318],[127.1077,37.53111],[127.10765,37.53103],[127.10763,37.53094],[127.10761,37.5308],[127.10758,37.53067],[127.10752,37.53057],[127.10739,37.53037],[127.10694,37.5299],[127.10667,37.52962],[127.10553,37.52844],[127.10465,37.52762],[127.10336,37.5264],[127.10287,37.52592],[127.10182,37.52494],[127.10165,37.52478],[127.10136,37.52462],[127.1012,37.52457],[127.10098,37.52448],[127.10061,37.52434],[127.10049,37.52428],[127.10042,37.52424],[127.10029,37.52416],[127.10013,37.52387],[127.09999,37.52362],[127.09985,37.5236],[127.09969,37.52356],[127.09949,37.52351],[127.09922,37.52343],[127.0987,37.52325],[127.09841,37.52312],[127.09819,37.52302],[127.09796,37.52289],[127.09612,37.52188],[127.09563,37.52161],[127.09463,37.5211],[127.09403,37.52069],[127.09391,37.52063],[127.0935,37.52043],[127.09284,37.52016],[127.09279,37.52014],[127.09244,37.51998],[127.09161,37.51969],[127.08939,37.52382],[127.0877,37.52689],[127.08801,37.52696],[127.08826,37.52709],[127.08881,37.52735],[127.08895,37.52745],[127.08937,37.52788],[127.08944,37.52794],[127.08962,37.52804],[127.08969,37.5281],[127.08982,37.52826],[127.08985,37.52829],[127.09023,37.52852],[127.09028,37.52857],[127.09038,37.52874],[127.09048,37.52888],[127.09057,37.52899],[127.09076,37.52915],[127.09118,37.52941],[127.09151,37.52963],[127.09162,37.52971],[127.09164,37.52973],[127.09165,37.52978],[127.09167,37.5298],[127.09171,37.52983],[127.09176,37.52985],[127.09181,37.52989],[127.09183,37.52995],[127.09186,37.53],[127.09194,37.53009],[127.0921,37.53022],[127.09298,37.53088],[127.09368,37.53148],[127.09427,37.53193],[127.09469,37.53241],[127.09534,37.533],[127.09664,37.53411],[127.09796,37.53532],[127.09922,37.53638],[127.10093,37.53773],[127.10195,37.53861],[127.10253,37.53912],[127.10406,37.54038],[127.10447,37.54073],[127.10479,37.54099],[127.10499,37.54114],[127.10534,37.54135],[127.10549,37.54147],[127.10562,37.5416],[127.10582,37.54183],[127.10607,37.54209],[127.10758,37.54326],[127.10773,37.54344],[127.1079,37.54364],[127.10803,37.5439],[127.10828,37.54424],[127.10837,37.54434],[127.10865,37.5446],[127.10872,37.54472],[127.10872,37.54492],[127.10872,37.54498],[127.10875,37.54504],[127.10882,37.54512],[127.10923,37.54558],[127.10972,37.5461],[127.10981,37.54622],[127.10986,37.54634],[127.11003,37.54697],[127.11014,37.54725],[127.11027,37.54762],[127.11035,37.5479],[127.11033,37.54813],[127.11045,37.54883],[127.11054,37.54922],[127.11065,37.5496],[127.11077,37.54995],[127.11101,37.55045],[127.11118,37.5508],[127.11183,37.55207],[127.11225,37.55288],[127.11249,37.55339],[127.1127,37.55386],[127.11295,37.55434],[127.11307,37.55465],[127.1132,37.55499],[127.11331,37.55545],[127.11342,37.55589],[127.11352,37.5564],[127.11365,37.55679],[127.11383,37.55743],[127.114,37.55781],[127.11414,37.55812],[127.11442,37.55865],[127.11462,37.5591],[127.11485,37.55953],[127.11492,37.55986],[127.11501,37.56012],[127.11521,37.56056],[127.11543,37.56093],[127.1156,37.56123],[127.11583,37.5615],[127.11612,37.56186],[127.11661,37.56242],[127.11717,37.56292],[127.11763,37.56339],[127.11841,37.56415],[127.11938,37.56495],[127.12015,37.56556],[127.12177,37.56675],[127.12309,37.56772],[127.12349,37.568],[127.12397,37.56833],[127.12384,37.56847],[127.12394,37.56854],[127.12408,37.5684],[127.12514,37.56907],[127.1253,37.56915],[127.12545,37.56924],[127.12573,37.5694],[127.12584,37.56946],[127.12603,37.56956],[127.12609,37.56958],[127.12615,37.56955],[127.12619,37.56954],[127.12625,37.56955],[127.12632,37.56958],[127.12666,37.56976],[127.12673,37.56968],[127.12718,37.56992],[127.1271,37.57001],[127.1272,37.57006],[127.12745,37.56976],[127.12761,37.56984],[127.12736,37.57014],[127.12763,37.57029],[127.12756,37.57041],[127.12816,37.57071],[127.12906,37.57112],[127.13056,37.57176],[127.1321,37.57241],[127.13411,37.57326],[127.13502,37.57359],[127.13586,37.57389],[127.13649,37.57406],[127.1371,37.57422],[127.13801,37.5744],[127.13867,37.57451],[127.13955,37.5746],[127.14003,37.57465],[127.14051,37.57468],[127.14171,37.57471],[127.14292,37.57469],[127.14366,37.57467],[127.14449,37.57469],[127.14466,37.57469],[127.14517,37.57471],[127.14535,37.57473],[127.14557,37.57475],[127.14611,37.57482],[127.14726,37.57498],[127.14775,37.57507],[127.14831,37.5752],[127.14932,37.57545],[127.14985,37.57562],[127.15055,37.57589],[127.151,37.57608],[127.15133,37.57624],[127.15222,37.57669],[127.15315,37.57716],[127.1537,37.57744],[127.15552,37.57836],[127.15754,37.57938],[127.15761,37.57941],[127.15829,37.57976],[127.15838,37.57976],[127.15845,37.57975],[127.15855,37.57975],[127.1586,37.57978],[127.15864,37.5798],[127.15869,37.57986],[127.1587,37.57991],[127.15871,37.57995],[127.15871,37.57998],[127.15982,37.58056],[127.16147,37.58138],[127.16249,37.58194],[127.16366,37.58244],[127.16531,37.58306],[127.1664,37.58348],[127.16671,37.5836],[127.16738,37.58384],[127.16832,37.58415],[127.16834,37.58416],[127.16905,37.58437],[127.16972,37.58457],[127.17075,37.5849],[127.17128,37.58508],[127.17129,37.58509],[127.17228,37.58536],[127.17258,37.58535],[127.17319,37.58552],[127.17345,37.58566],[127.17478,37.58599],[127.17518,37.58609],[127.17527,37.58617],[127.17558,37.58628],[127.17571,37.58637],[127.17591,37.58641],[127.17613,37.58645],[127.17624,37.58653],[127.17629,37.58664],[127.17645,37.58675],[127.17652,37.58688],[127.1767,37.58697],[127.17708,37.58716],[127.17709,37.58717],[127.17755,37.58745],[127.17776,37.58761],[127.17787,37.58778],[127.17817,37.58798],[127.17839,37.58815],[127.17845,37.58832],[127.1785,37.5887],[127.17856,37.58885],[127.17861,37.58895],[127.17894,37.58933],[127.17904,37.58949],[127.17912,37.58974],[127.17924,37.58997],[127.17939,37.59016],[127.17953,37.59034],[127.17965,37.59048],[127.1799,37.59063],[127.17996,37.59076],[127.18034,37.59096],[127.18072,37.59113],[127.18101,37.59125],[127.18157,37.59147],[127.18187,37.59155],[127.18215,37.59159],[127.18236,37.59169],[127.1828,37.59179],[127.18322,37.59185],[127.18358,37.59194],[127.18387,37.59197],[127.18501,37.59209],[127.18596,37.59214],[127.187,37.59216],[127.188,37.59212],[127.1895,37.592],[127.19118,37.59181],[127.19212,37.59169],[127.19327,37.59156],[127.19456,37.59141],[127.19493,37.59136],[127.19578,37.59121],[127.19633,37.59108],[127.19669,37.59099],[127.19705,37.5909],[127.19738,37.59082],[127.19769,37.59072],[127.19809,37.59059],[127.19863,37.5904],[127.19898,37.59027],[127.19977,37.58995],[127.20075,37.58949],[127.20141,37.58913],[127.20226,37.58862],[127.20232,37.58855],[127.20234,37.58849],[127.20236,37.58828],[127.20231,37.58823],[127.20227,37.58816],[127.2025,37.58806],[127.20254,37.58802],[127.20256,37.58802],[127.20262,37.58801],[127.20265,37.58801],[127.20272,37.58804],[127.20277,37.58804],[127.20282,37.58801],[127.2029,37.58796],[127.20295,37.58795],[127.203,37.58794],[127.20312,37.58792],[127.20323,37.58789],[127.20335,37.58787],[127.20381,37.58756],[127.204,37.58752],[127.20467,37.58688],[127.20493,37.58659],[127.20511,37.58637],[127.20546,37.58585],[127.20555,37.58575],[127.20562,37.5857],[127.20573,37.58566],[127.20586,37.58563],[127.20596,37.58559],[127.20608,37.58551],[127.207,37.58465],[127.20784,37.58385],[127.20814,37.5835],[127.20846,37.58323],[127.2089,37.58285],[127.20946,37.58228],[127.21013,37.58166],[127.21052,37.58125],[127.21082,37.58089],[127.21096,37.58071],[127.21105,37.58056],[127.2111,37.58042],[127.21112,37.58029],[127.21107,37.5801],[127.211,37.57994],[127.21103,37.57987],[127.2111,37.57981],[127.21123,37.57974],[127.21164,37.57967],[127.21181,37.57962],[127.21192,37.57957],[127.21201,37.57948],[127.21211,37.5793],[127.21221,37.57916],[127.2124,37.57898],[127.2129,37.57853],[127.21346,37.5781],[127.21373,37.57792],[127.21402,37.57776],[127.21482,37.57741],[127.21565,37.57701],[127.2159,37.57691],[127.21617,37.57685],[127.21638,37.57683],[127.21672,37.57683],[127.21683,37.57681],[127.21689,37.57677],[127.21696,37.5767],[127.21713,37.57649],[127.21735,37.57619],[127.21736,37.57617],[127.2174,37.57611],[127.21746,37.57602],[127.21754,37.57581],[127.21758,37.57578],[127.21762,37.57577],[127.21766,37.57579],[127.2179,37.57593],[127.21801,37.57597],[127.2181,37.57599],[127.21829,37.57599],[127.21848,37.57597],[127.2186,37.57593],[127.21872,37.57586],[127.21899,37.57564],[127.21917,37.57547],[127.21939,37.57519],[127.21949,37.57507],[127.2199,37.57463],[127.22003,37.57441],[127.22004,37.57426],[127.22001,37.57416],[127.21995,37.57405],[127.21994,37.57396],[127.21997,37.57388],[127.22008,37.57371],[127.22019,37.57358],[127.22029,37.57353],[127.22043,37.57351],[127.22066,37.57352],[127.22081,37.57352],[127.22099,37.57348],[127.22199,37.57321],[127.2221,37.57317],[127.22218,37.57313],[127.22242,37.57296],[127.22259,37.57287],[127.22272,37.57283],[127.22288,37.57278],[127.22305,37.57282],[127.2231,37.57284],[127.22408,37.57197],[127.22406,37.57196],[127.22431,37.57173],[127.22414,37.57158],[127.22427,37.57108],[127.22437,37.57075],[127.22441,37.5707],[127.22447,37.57065],[127.2246,37.57056],[127.22467,37.5705],[127.22475,37.57037],[127.22494,37.56999],[127.22546,37.56912],[127.22577,37.56848],[127.22585,37.56827],[127.22584,37.56811],[127.22579,37.56789],[127.22578,37.56773],[127.22585,37.56759],[127.22593,37.56751],[127.22604,37.56744],[127.22625,37.56737],[127.22647,37.5673],[127.22694,37.56714],[127.22728,37.567],[127.22759,37.56683],[127.22806,37.5664],[127.22841,37.566],[127.22932,37.56484],[127.23001,37.56395],[127.23036,37.5634],[127.23065,37.56293],[127.23095,37.56242],[127.23116,37.562],[127.2312,37.5618],[127.23121,37.56167],[127.23123,37.56156],[127.23127,37.56145],[127.23138,37.56133],[127.23152,37.56122],[127.23166,37.56112],[127.23176,37.56103],[127.23191,37.5608],[127.23199,37.56073],[127.23206,37.56071],[127.23219,37.5607],[127.23236,37.56071],[127.23241,37.5607],[127.23246,37.56067],[127.23249,37.56061],[127.23248,37.56043],[127.23249,37.56037],[127.2325,37.5603],[127.23256,37.56016],[127.23266,37.56002],[127.2329,37.55975],[127.23307,37.55959],[127.23322,37.55943],[127.2333,37.55933],[127.23338,37.55918],[127.23372,37.55824],[127.23446,37.55639],[127.23495,37.55514],[127.23531,37.55431],[127.23591,37.55295],[127.23619,37.55234],[127.23642,37.55188],[127.2372,37.55025],[127.23748,37.54966],[127.23761,37.54941],[127.23776,37.5492],[127.23886,37.54783],[127.23918,37.54747],[127.23976,37.54689],[127.23998,37.54671],[127.24032,37.54648],[127.24147,37.54583],[127.24175,37.54571],[127.24222,37.54558],[127.24285,37.5454],[127.24302,37.54533],[127.24311,37.54523],[127.24315,37.54512],[127.24319,37.54487],[127.24329,37.54468],[127.24352,37.5445],[127.24405,37.54428],[127.24413,37.54426],[127.24476,37.54413],[127.24676,37.54387],[127.24789,37.5437],[127.24844,37.54357],[127.24905,37.54334],[127.25052,37.54254],[127.25217,37.54153],[127.25247,37.54132],[127.25275,37.54108],[127.2532,37.54056],[127.25339,37.5404],[127.25368,37.54026],[127.2544,37.53985],[127.2549,37.53961],[127.25532,37.53944],[127.25551,37.53944],[127.25573,37.53939],[127.25605,37.53925],[127.25724,37.53851],[127.25792,37.53811],[127.25864,37.53762],[127.25875,37.53747],[127.25875,37.53738],[127.25879,37.53728],[127.25893,37.53711],[127.25984,37.53648],[127.26075,37.53588],[127.26113,37.5357],[127.26152,37.53546],[127.26195,37.53527],[127.26213,37.53525],[127.26231,37.5352],[127.26262,37.53501],[127.2628,37.53492],[127.26308,37.5347],[127.26314,37.53462],[127.26316,37.53454],[127.26316,37.53445],[127.26319,37.53438],[127.26325,37.53431],[127.26361,37.53415],[127.26446,37.53386],[127.2648,37.53378],[127.26506,37.53374],[127.26539,37.53361],[127.26569,37.53344],[127.26599,37.53329],[127.26627,37.53321],[127.26645,37.53321],[127.26662,37.53324],[127.26686,37.53323],[127.26698,37.53321],[127.26708,37.53315],[127.26717,37.53304],[127.26724,37.53297],[127.2673,37.53294],[127.26744,37.53294],[127.26755,37.53295],[127.26762,37.53294],[127.26774,37.53288],[127.2678,37.53279],[127.26783,37.5327],[127.2679,37.53258],[127.26808,37.53251],[127.26831,37.5325],[127.2685,37.53248],[127.26874,37.53243],[127.26891,37.53229],[127.26908,37.53218],[127.26924,37.53209],[127.26942,37.53198],[127.26963,37.53184],[127.26983,37.53177],[127.27018,37.53169],[127.27047,37.53163],[127.27072,37.5316],[127.27095,37.5315],[127.27121,37.53138],[127.2713,37.53131],[127.27142,37.53117],[127.27212,37.53098],[127.27251,37.53087],[127.27262,37.53084],[127.27269,37.5308],[127.27275,37.53071],[127.27274,37.53065],[127.2727,37.53059],[127.27272,37.53048],[127.27282,37.53037],[127.27297,37.53028],[127.27314,37.53027],[127.27362,37.53028],[127.27386,37.53029],[127.27403,37.53028],[127.27413,37.53027],[127.27415,37.53026],[127.27417,37.53023],[127.27417,37.5302],[127.27415,37.53017],[127.2741,37.53014],[127.2741,37.53009],[127.27413,37.53004],[127.27419,37.52998],[127.27433,37.52995],[127.27446,37.52993],[127.2746,37.52988],[127.27475,37.52982],[127.27487,37.52974],[127.27501,37.52956],[127.27524,37.52935],[127.27558,37.52918],[127.276,37.52905],[127.277,37.52902],[127.27719,37.529],[127.27743,37.52899],[127.27766,37.52892],[127.27794,37.52879],[127.2783,37.52863],[127.27874,37.52849],[127.27892,37.52848],[127.27912,37.52854],[127.27932,37.52857],[127.27956,37.52854],[127.27973,37.5285],[127.27995,37.5284],[127.28021,37.5283],[127.27897,37.52667],[127.27768,37.52493],[127.27764,37.52485],[127.27735,37.52505],[127.27707,37.52529],[127.27691,37.52545],[127.27669,37.52561],[127.27663,37.52565],[127.27662,37.52569],[127.27662,37.52573],[127.27661,37.52581],[127.27645,37.52604],[127.27627,37.52623],[127.27605,37.52635],[127.27583,37.5264],[127.27565,37.52645],[127.27554,37.52655],[127.27551,37.52665],[127.27555,37.52677],[127.27557,37.52687],[127.27561,37.52703],[127.27556,37.52717],[127.27536,37.52736],[127.27513,37.52756],[127.2748,37.52777],[127.27417,37.52794],[127.27367,37.52797],[127.27312,37.52797],[127.27286,37.52796],[127.2726,37.52796],[127.27226,37.52801],[127.27189,37.52815],[127.27091,37.52856],[127.269,37.52933],[127.26742,37.52992],[127.26536,37.53083],[127.26494,37.53108],[127.26469,37.53131],[127.26433,37.53177],[127.26376,37.53216],[127.26326,37.53252],[127.26273,37.53284],[127.26135,37.53339],[127.25999,37.53403],[127.2597,37.53422],[127.25935,37.53454],[127.25862,37.5351],[127.25806,37.53539],[127.2579,37.53542],[127.2578,37.53539],[127.25772,37.53534],[127.25765,37.53532],[127.25762,37.5353],[127.25745,37.53529],[127.25726,37.53532],[127.25705,37.53546],[127.2567,37.53567],[127.25592,37.53605],[127.25199,37.53842],[127.25147,37.53867],[127.25108,37.53876],[127.25048,37.53886],[127.2501,37.53896],[127.24909,37.53933],[127.24788,37.53974],[127.24754,37.53988],[127.24716,37.54005],[127.24686,37.54015],[127.24585,37.54037],[127.24494,37.54059],[127.24453,37.54073],[127.24431,37.54086],[127.24414,37.54108],[127.24398,37.54126],[127.24371,37.54138],[127.24215,37.54185],[127.2419,37.54199],[127.24164,37.54216],[127.24151,37.54224],[127.24125,37.54228],[127.24104,37.54229],[127.24083,37.54227],[127.2404,37.54234],[127.24028,37.54239],[127.24024,37.54246],[127.2402,37.54261],[127.24009,37.54271],[127.23994,37.54275],[127.23978,37.54277],[127.23894,37.54278],[127.23874,37.54282],[127.23761,37.54326],[127.23733,37.54337],[127.23627,37.54386],[127.23606,37.54395],[127.23512,37.54431],[127.23402,37.54483],[127.23342,37.54514],[127.23337,37.54515],[127.23329,37.54518],[127.23319,37.54533],[127.23311,37.54546],[127.233,37.54557],[127.2329,37.54563],[127.23241,37.54584],[127.23222,37.54594],[127.23205,37.54608],[127.2316,37.54652],[127.23128,37.54682],[127.23077,37.54719],[127.22927,37.54817],[127.22861,37.54876],[127.22795,37.54945],[127.22791,37.54947],[127.22783,37.54949],[127.22784,37.54952],[127.22792,37.54952],[127.22801,37.5495],[127.22806,37.54946],[127.22814,37.54946],[127.22818,37.54951],[127.22814,37.54956],[127.22793,37.54975],[127.22773,37.5498],[127.22766,37.54978],[127.22766,37.5497],[127.22771,37.54963],[127.22777,37.54956],[127.22774,37.54954],[127.22762,37.54961],[127.22747,37.54991],[127.22697,37.55016],[127.22649,37.5506],[127.22568,37.55151],[127.22524,37.55217],[127.22478,37.55286],[127.22457,37.55319],[127.22444,37.55338],[127.22436,37.55343],[127.22427,37.55346],[127.22402,37.55349],[127.22392,37.55353],[127.22386,37.55367],[127.22383,37.55389],[127.22385,37.55428],[127.22387,37.55442],[127.22379,37.55451],[127.22351,37.55473],[127.22356,37.55489],[127.22361,37.55497],[127.224,37.55505],[127.22403,37.55512],[127.22399,37.5552],[127.22389,37.55522],[127.22377,37.55527],[127.22374,37.5554],[127.22375,37.55547],[127.2238,37.55553],[127.22379,37.55557],[127.22369,37.55549],[127.22353,37.55543],[127.22335,37.55538],[127.22331,37.55542],[127.22324,37.55553],[127.22379,37.55578],[127.22387,37.55585],[127.2239,37.55595],[127.22382,37.55613],[127.22365,37.55631],[127.22346,37.55645],[127.22282,37.55664],[127.22246,37.5567],[127.2223,37.5567],[127.22222,37.55665],[127.2222,37.55658],[127.22223,37.55649],[127.2224,37.55626],[127.22249,37.55591],[127.22245,37.55573],[127.22232,37.55562],[127.22211,37.55556],[127.2217,37.55581],[127.22125,37.55622],[127.22028,37.55732],[127.22011,37.55759],[127.22007,37.55786],[127.22018,37.5584],[127.22015,37.5586],[127.22004,37.55873],[127.21916,37.55918],[127.21905,37.55925],[127.21899,37.55936],[127.21895,37.55993],[127.2189,37.56022],[127.21873,37.56056],[127.21809,37.56156],[127.21731,37.5623],[127.21701,37.56246],[127.2167,37.56252],[127.21617,37.56262],[127.216,37.56268],[127.21586,37.56282],[127.21576,37.56303],[127.21571,37.56313],[127.21562,37.56325],[127.21551,37.5633],[127.21525,37.56338],[127.21519,37.56342],[127.21513,37.56347],[127.2139,37.56521],[127.21279,37.56685],[127.21237,37.56746],[127.21216,37.5678],[127.21199,37.56803],[127.2117,37.56836],[127.2115,37.56865],[127.21109,37.56928],[127.21047,37.57019],[127.20986,37.57112],[127.20875,37.57258],[127.2081,37.57338],[127.20771,37.57385],[127.20752,37.5741],[127.20716,37.57458],[127.20672,37.57517],[127.20638,37.57555],[127.20528,37.5766],[127.20478,37.57704],[127.20454,37.57731],[127.20425,37.57763],[127.20357,37.57825],[127.20253,37.57923],[127.20202,37.57972],[127.20155,37.58009],[127.20108,37.58045],[127.20017,37.58111],[127.19939,37.5817],[127.19832,37.58241],[127.1979,37.58261],[127.19743,37.5828],[127.19685,37.58299],[127.19671,37.58305],[127.19658,37.58314],[127.19624,37.58339],[127.19607,37.58348],[127.1959,37.58354],[127.19569,37.58357],[127.1952,37.58356],[127.19499,37.58359],[127.1939,37.58392],[127.19311,37.58407],[127.19227,37.58416],[127.18907,37.58434],[127.18686,37.58435],[127.18639,37.58433],[127.18583,37.58426],[127.18367,37.58384],[127.18344,37.5838],[127.18324,37.58382],[127.18304,37.58388],[127.18287,37.58391],[127.18268,37.5839],[127.18248,37.58384],[127.18173,37.58349],[127.18113,37.58332],[127.1805,37.58317],[127.18033,37.583],[127.17954,37.58273],[127.17931,37.5826],[127.17922,37.58252],[127.1792,37.58242],[127.17923,37.58235],[127.1793,37.58231],[127.17955,37.58228],[127.17971,37.58224],[127.1799,37.58214],[127.17993,37.5821],[127.17994,37.58207],[127.17993,37.58205],[127.17989,37.58202],[127.1796,37.582],[127.17918,37.58201],[127.17896,37.58203],[127.17862,37.58207],[127.17857,37.58209],[127.17855,37.58211],[127.17854,37.58213],[127.17854,37.58216],[127.17862,37.58223],[127.17862,37.58226],[127.17861,37.58229],[127.17849,37.58233],[127.17836,37.58235],[127.17823,37.58232],[127.17815,37.58227],[127.17802,37.58213],[127.17789,37.58203],[127.17766,37.58192],[127.17709,37.5817],[127.17686,37.58164],[127.17667,37.58162],[127.17655,37.58157],[127.17648,37.58148],[127.1765,37.58139],[127.17696,37.58099],[127.17711,37.58079],[127.17672,37.58066],[127.17642,37.58056],[127.17584,37.58044],[127.17501,37.58035],[127.17488,37.58035],[127.17477,37.58037],[127.17458,37.58045],[127.17443,37.58047],[127.17427,37.58046],[127.17412,37.58042],[127.1734,37.58014],[127.17319,37.58001],[127.17301,37.57978],[127.17294,37.57967],[127.17289,37.57951],[127.17286,37.57925],[127.17275,37.57919],[127.17259,37.57915],[127.17131,37.57895],[127.17109,37.57895],[127.17091,37.57899],[127.17068,37.57912],[127.17055,37.57915],[127.17042,37.57915],[127.17021,37.57915],[127.17014,37.57918],[127.17013,37.57925],[127.1702,37.57932],[127.1703,37.57941],[127.17069,37.57964],[127.17071,37.5797],[127.17069,37.57974],[127.17063,37.57976],[127.17051,37.57977],[127.17037,37.5797],[127.17027,37.5796],[127.17021,37.5795],[127.17011,37.5794],[127.1699,37.57927],[127.16962,37.57909],[127.16939,37.57897],[127.16897,37.57883],[127.1678,37.57852],[127.16738,37.57831],[127.16548,37.57709],[127.16527,37.5769],[127.16504,37.5766],[127.16486,37.57641],[127.16386,37.57573],[127.15671,37.57197],[127.15575,37.5716]],[[127.1715,37.58056],[127.17131,37.58049],[127.17124,37.58043],[127.17119,37.58035],[127.17086,37.58018],[127.17085,37.58014],[127.1709,37.58011],[127.17133,37.58008],[127.17153,37.58008],[127.17177,37.58013],[127.17187,37.58018],[127.172,37.58027],[127.17199,37.58036],[127.17192,37.58047],[127.17167,37.58057],[127.1715,37.58056]],[[127.22953,37.55174],[127.22955,37.55166],[127.22957,37.55149],[127.22964,37.55131],[127.22982,37.55064],[127.23004,37.55007],[127.23016,37.54986],[127.23035,37.54959],[127.23067,37.54927],[127.23079,37.5492],[127.23096,37.54918],[127.23113,37.54921],[127.23121,37.5493],[127.23125,37.54946],[127.23123,37.54964],[127.23117,37.54985],[127.2312,37.54994],[127.23126,37.54996],[127.23136,37.54996],[127.23166,37.54986],[127.23181,37.54983],[127.2319,37.54987],[127.23195,37.54997],[127.23188,37.55019],[127.23186,37.5503],[127.2319,37.5504],[127.23197,37.55043],[127.23208,37.55043],[127.23222,37.55036],[127.23259,37.55011],[127.23266,37.55011],[127.23271,37.55012],[127.23275,37.55017],[127.23275,37.55023],[127.23232,37.55077],[127.23182,37.55124],[127.23175,37.55133],[127.23173,37.5514],[127.23164,37.5514],[127.23141,37.55148],[127.2313,37.55154],[127.23124,37.55161],[127.23116,37.55174],[127.23081,37.55169],[127.23041,37.55183],[127.23028,37.55187],[127.23013,37.55193],[127.23003,37.55197],[127.2299,37.55201],[127.22977,37.55203],[127.22968,37.55202],[127.22961,37.55199],[127.22959,37.55193],[127.22958,37.55187],[127.22955,37.55181],[127.22953,37.55174]],[[127.2167,37.56728],[127.21664,37.56727],[127.21621,37.56704],[127.21618,37.567],[127.21615,37.56691],[127.21615,37.56687],[127.21619,37.56682],[127.21632,37.56679],[127.21647,37.5668],[127.21671,37.56686],[127.21679,37.56687],[127.21702,37.56689],[127.21713,37.56691],[127.21724,37.56694],[127.21746,37.56705],[127.21748,37.56709],[127.21746,37.56715],[127.21739,37.56721],[127.21733,37.56722],[127.21724,37.56723],[127.21708,37.56721],[127.21704,37.56721],[127.21699,37.56722],[127.21682,37.56728],[127.21677,37.56729],[127.2167,37.56728]],[[127.21503,37.56893],[127.21491,37.56882],[127.21487,37.56863],[127.21489,37.56846],[127.21494,37.56832],[127.21533,37.56777],[127.21538,37.5676],[127.2154,37.56735],[127.21546,37.56724],[127.21559,37.56714],[127.21578,37.56708],[127.21597,37.56711],[127.2161,37.56717],[127.2165,37.56729],[127.21662,37.56735],[127.21676,37.56743],[127.21706,37.56775],[127.21715,37.56778],[127.21727,37.56777],[127.21746,37.5677],[127.21758,37.56769],[127.21766,37.56774],[127.21766,37.56789],[127.21756,37.56799],[127.21675,37.56839],[127.21645,37.5686],[127.21634,37.56864],[127.21618,37.56865],[127.21584,37.56863],[127.21562,37.56868],[127.21545,37.56877],[127.21523,37.56895],[127.21513,37.56896],[127.21503,37.56893]],[[127.22122,37.56351],[127.22115,37.56346],[127.22112,37.56338],[127.22114,37.56324],[127.22122,37.56296],[127.22136,37.56253],[127.22141,37.56236],[127.22141,37.56219],[127.22145,37.56207],[127.22152,37.56193],[127.2216,37.56184],[127.22171,37.56182],[127.22191,37.56184],[127.222,37.56184],[127.22214,37.56178],[127.22221,37.56177],[127.22226,37.5618],[127.22227,37.56184],[127.22221,37.56193],[127.22205,37.56208],[127.22187,37.56226],[127.22179,37.56234],[127.22174,37.56244],[127.22167,37.56268],[127.22163,37.56311],[127.22158,37.56323],[127.22149,37.56335],[127.2214,37.56345],[127.22131,37.5635],[127.22122,37.56351]],[[127.18128,37.59122],[127.18147,37.59129],[127.18168,37.59138],[127.18188,37.59144],[127.18199,37.59147],[127.18211,37.59148],[127.18221,37.59147],[127.18226,37.59143],[127.18226,37.59138],[127.18225,37.59134],[127.18216,37.59127],[127.1819,37.59118],[127.18169,37.59118],[127.18143,37.59108],[127.18124,37.59099],[127.18103,37.59081],[127.1809,37.59079],[127.18084,37.59082],[127.18081,37.59085],[127.18081,37.59095],[127.18082,37.591],[127.18089,37.59106],[127.18128,37.59122]],[[127.2207,37.56193],[127.22079,37.56192],[127.22085,37.56194],[127.22088,37.56202],[127.22091,37.56228],[127.22086,37.56243],[127.22077,37.56256],[127.22055,37.56281],[127.22047,37.56297],[127.22045,37.56311],[127.22045,37.56334],[127.22028,37.56407],[127.22018,37.56441],[127.22,37.56512],[127.22,37.56529],[127.22009,37.5654],[127.2202,37.56544],[127.2203,37.56541],[127.22038,37.56537],[127.22061,37.56494],[127.22068,37.5647],[127.22084,37.56406],[127.22094,37.56378],[127.22101,37.56369],[127.22112,37.56363],[127.22122,37.56363],[127.22126,37.56369],[127.22125,37.5638],[127.22122,37.56389],[127.22104,37.5642],[127.22104,37.56428],[127.22108,37.56432],[127.22117,37.56433],[127.22129,37.5643],[127.22143,37.56424],[127.2215,37.56416],[127.22152,37.56403],[127.22148,37.56385],[127.22148,37.56375],[127.22151,37.56361],[127.22161,37.56345],[127.22185,37.56327],[127.22194,37.56324],[127.222,37.56324],[127.22204,37.5633],[127.22203,37.56334],[127.22183,37.56357],[127.22179,37.56367],[127.22179,37.56375],[127.22186,37.56383],[127.22204,37.56397],[127.22214,37.56413],[127.22226,37.56442],[127.2223,37.56467],[127.22225,37.56486],[127.22218,37.565],[127.22203,37.56514],[127.22156,37.56552],[127.22126,37.56563],[127.22092,37.56565],[127.2203,37.5656],[127.22001,37.56556],[127.21955,37.56537],[127.21933,37.56535],[127.21893,37.5654],[127.21813,37.56554],[127.21763,37.5656],[127.21732,37.56558],[127.21713,37.56551],[127.21699,37.56542],[127.21698,37.56533],[127.21703,37.56526],[127.21715,37.56518],[127.21742,37.56508],[127.2175,37.565],[127.21761,37.56463],[127.2177,37.56445],[127.21784,37.5643],[127.21823,37.56404],[127.21884,37.5636],[127.21915,37.56329],[127.21938,37.56312],[127.21989,37.56287],[127.22012,37.5627],[127.22029,37.56251],[127.22039,37.5623],[127.22046,37.56215],[127.22053,37.56206],[127.2207,37.56193]],[[127.22114,37.55779],[127.22152,37.55746],[127.2218,37.55709],[127.22189,37.55703],[127.22195,37.557],[127.22205,37.55698],[127.22212,37.55698],[127.22217,37.55702],[127.22222,37.55713],[127.22225,37.55726],[127.22231,37.55776],[127.22228,37.55793],[127.22221,37.55805],[127.22185,37.55854],[127.22166,37.55881],[127.22118,37.55943],[127.22092,37.55972],[127.2208,37.55981],[127.2207,37.55983],[127.22062,37.55979],[127.22059,37.55971],[127.22061,37.55957],[127.22082,37.55916],[127.2209,37.55896],[127.22098,37.55871],[127.22101,37.55852],[127.22105,37.55835],[127.22108,37.55816],[127.22105,37.55799],[127.22107,37.55788],[127.22114,37.55779]],[[127.22009,37.56066],[127.2201,37.56057],[127.22029,37.56015],[127.22037,37.56005],[127.22051,37.55997],[127.22077,37.55993],[127.22101,37.5599],[127.2211,37.55993],[127.22113,37.56003],[127.22111,37.56026],[127.22108,37.56057],[127.22105,37.56085],[127.22107,37.56099],[127.2211,37.5611],[127.22118,37.56124],[127.22117,37.56132],[127.22112,37.5614],[127.22097,37.56154],[127.22085,37.56156],[127.22075,37.56154],[127.22072,37.56148],[127.22075,37.5614],[127.22084,37.56119],[127.22084,37.56113],[127.22081,37.56109],[127.22075,37.56108],[127.22051,37.5611],[127.22045,37.56108],[127.22043,37.56105],[127.22038,37.56093],[127.22035,37.56089],[127.2203,37.56084],[127.22015,37.56073],[127.22009,37.56066]],[[127.21733,37.56249],[127.21733,37.56244],[127.21738,37.56239],[127.21755,37.56231],[127.21769,37.5622],[127.21783,37.56202],[127.21791,37.56194],[127.21809,37.56186],[127.21821,37.5618],[127.21844,37.56163],[127.21854,37.56158],[127.21871,37.56156],[127.21883,37.5616],[127.21888,37.56165],[127.21891,37.5618],[127.21894,37.56186],[127.21901,37.56188],[127.21912,37.56184],[127.21921,37.56176],[127.2193,37.56173],[127.21943,37.56175],[127.21967,37.56187],[127.21973,37.562],[127.21973,37.56216],[127.21965,37.5624],[127.21952,37.56253],[127.21924,37.56264],[127.21887,37.56279],[127.21854,37.56295],[127.21821,37.56315],[127.21784,37.5634],[127.21753,37.56348],[127.2172,37.56347],[127.21702,37.56342],[127.21697,37.56334],[127.21699,37.56322],[127.21732,37.56291],[127.2174,37.56275],[127.21742,37.56266],[127.2174,37.56259],[127.21733,37.56249]],[[127.22046,37.55872],[127.22038,37.55866],[127.22033,37.55853],[127.2203,37.55839],[127.22031,37.5583],[127.22037,37.55823],[127.22065,37.55808],[127.22074,37.55807],[127.22082,37.5581],[127.22093,37.55827],[127.22094,37.55837],[127.22089,37.55845],[127.22072,37.55861],[127.22057,37.55871],[127.22046,37.55872]],[[127.23289,37.54699],[127.23286,37.54696],[127.23291,37.54686],[127.23284,37.54686],[127.23278,37.54682],[127.23277,37.54674],[127.23304,37.54669],[127.23326,37.54657],[127.2335,37.54634],[127.23357,37.54642],[127.23339,37.54666],[127.23358,37.54677],[127.23325,37.54693],[127.23289,37.54699]],[[127.23484,37.54876],[127.23476,37.54859],[127.23481,37.54849],[127.23499,37.54845],[127.23515,37.54848],[127.23533,37.54849],[127.23529,37.54838],[127.23564,37.54827],[127.23558,37.54837],[127.2356,37.54845],[127.23561,37.54857],[127.23558,37.54864],[127.23542,37.54878],[127.23525,37.54885],[127.23519,37.54877],[127.23534,37.54868],[127.23529,37.54857],[127.23512,37.54869],[127.23484,37.54876]],[[127.23621,37.54843],[127.23657,37.54846],[127.23692,37.54825],[127.23671,37.54823],[127.23637,37.54833],[127.23621,37.54843]],[[127.23417,37.55042],[127.23456,37.55006],[127.23459,37.55016],[127.23448,37.5503],[127.23428,37.55045],[127.23417,37.55042]],[[127.17924,37.58267],[127.1793,37.58266],[127.17935,37.58272],[127.17935,37.58279],[127.17923,37.58283],[127.17912,37.58283],[127.17902,37.58281],[127.17896,37.58279],[127.17901,37.58273],[127.17902,37.5827],[127.17901,37.58265],[127.17907,37.58261],[127.17914,37.58262],[127.17919,37.58264],[127.17924,37.58267]],[[127.17627,37.58311],[127.17636,37.58295],[127.17633,37.58291],[127.17636,37.58285],[127.17642,37.5828],[127.17647,37.58279],[127.17655,37.58287],[127.17663,37.58296],[127.17666,37.58301],[127.17663,37.58306],[127.17654,37.58313],[127.17643,37.58314],[127.17636,37.58316],[127.1763,37.58317],[127.17626,37.58315],[127.17627,37.58311]],[[127.17796,37.58255],[127.17789,37.58255],[127.17779,37.5826],[127.17766,37.58262],[127.17753,37.58261],[127.17756,37.58258],[127.17753,37.58256],[127.17746,37.58254],[127.1774,37.58252],[127.17736,37.58248],[127.17736,37.58246],[127.17742,37.58242],[127.17751,37.58242],[127.17756,37.58241],[127.17759,37.58236],[127.17761,37.58237],[127.17765,37.58238],[127.17774,37.58241],[127.17775,37.58244],[127.17783,37.58247],[127.17793,37.58249],[127.17798,37.58251],[127.17799,37.58254],[127.17796,37.58255]],[[127.22779,37.55069],[127.22776,37.55089],[127.2278,37.55092],[127.22778,37.55103],[127.22773,37.55112],[127.22771,37.55111],[127.22765,37.5512],[127.22763,37.55126],[127.22758,37.5513],[127.22753,37.55131],[127.22748,37.55129],[127.22738,37.55123],[127.22736,37.55116],[127.22737,37.55108],[127.22747,37.55094],[127.22752,37.55086],[127.22758,37.55083],[127.22772,37.55069],[127.22776,37.55064],[127.22781,37.55063],[127.2278,37.55058],[127.22783,37.55054],[127.22784,37.55051],[127.22781,37.55051],[127.22772,37.55057],[127.22767,37.55065],[127.22762,37.55066],[127.22752,37.55069],[127.22747,37.5507],[127.22737,37.55073],[127.22729,37.55076],[127.22724,37.55079],[127.22718,37.55078],[127.22725,37.55073],[127.22735,37.55069],[127.22741,37.55065],[127.22744,37.55065],[127.22754,37.55054],[127.2276,37.55052],[127.22764,37.55049],[127.22787,37.5504],[127.22795,37.55031],[127.2281,37.55017],[127.22811,37.55013],[127.22814,37.55012],[127.22818,37.55011],[127.22817,37.55008],[127.22825,37.55005],[127.22825,37.55007],[127.22823,37.55013],[127.22821,37.55017],[127.22817,37.55019],[127.22815,37.55024],[127.22815,37.55027],[127.22816,37.55029],[127.22813,37.55034],[127.22809,37.55034],[127.22806,37.55035],[127.22804,37.55039],[127.228,37.55048],[127.22799,37.55053],[127.22798,37.55059],[127.22796,37.55061],[127.22793,37.55062],[127.22792,37.55064],[127.22788,37.55065],[127.22788,37.55067],[127.22784,37.55068],[127.22779,37.55069]],[[127.22636,37.55083],[127.22652,37.55072],[127.22654,37.55074],[127.22655,37.55078],[127.22654,37.5508],[127.22656,37.55082],[127.22655,37.55085],[127.22656,37.55087],[127.22655,37.55089],[127.22654,37.55089],[127.22653,37.55092],[127.22651,37.55093],[127.22648,37.55092],[127.22646,37.55091],[127.22644,37.55093],[127.2264,37.55093],[127.22635,37.55091],[127.22632,37.55089],[127.22632,37.55087],[127.22633,37.55085],[127.22636,37.55083]],[[127.224,37.56083],[127.22404,37.56077],[127.22408,37.56076],[127.22408,37.56073],[127.22411,37.56074],[127.22412,37.56079],[127.22414,37.5608],[127.22418,37.56078],[127.22422,37.56083],[127.22421,37.56087],[127.22416,37.56091],[127.22409,37.56091],[127.22404,37.56089],[127.224,37.56086],[127.224,37.56083]],[[127.22387,37.56208],[127.22382,37.56201],[127.22383,37.5619],[127.22385,37.56182],[127.2239,37.56179],[127.22397,37.5618],[127.22402,37.56182],[127.22406,37.56187],[127.22405,37.56194],[127.22399,37.56204],[127.22395,37.56211],[127.2239,37.56214],[127.22387,37.56208]],[[127.22446,37.56378],[127.22458,37.56374],[127.2246,37.5637],[127.22461,37.56363],[127.22462,37.56357],[127.22457,37.56352],[127.22453,37.56355],[127.22451,37.56361],[127.22449,37.56367],[127.22446,37.56373],[127.22446,37.56378]],[[127.22271,37.56349],[127.22271,37.56354],[127.22275,37.56358],[127.22273,37.56362],[127.22266,37.56367],[127.2226,37.5637],[127.22257,37.56367],[127.22255,37.56361],[127.22257,37.56358],[127.22258,37.5635],[127.22265,37.56349],[127.22268,37.56345],[127.22271,37.56349]],[[127.22195,37.56691],[127.2221,37.56685],[127.22216,37.56677],[127.22216,37.56674],[127.22219,37.56671],[127.22222,37.56673],[127.22225,37.56678],[127.22225,37.56685],[127.22221,37.56694],[127.22219,37.56699],[127.22214,37.567],[127.22204,37.56698],[127.22196,37.56695],[127.22195,37.56691]],[[127.22187,37.56684],[127.22194,37.56674],[127.222,37.56669],[127.22201,37.56666],[127.22197,37.56664],[127.22191,37.56665],[127.22187,37.56664],[127.22183,37.56662],[127.22179,37.56663],[127.22174,37.56666],[127.22169,37.56668],[127.22168,37.56672],[127.22174,37.56676],[127.22174,37.56679],[127.22177,37.56681],[127.22183,37.56684],[127.22187,37.56684]],[[127.22157,37.56668],[127.22163,37.56658],[127.22169,37.56647],[127.2216,37.56649],[127.22152,37.56654],[127.22149,37.5666],[127.22149,37.56666],[127.22151,37.56667],[127.22157,37.56668]],[[127.23383,37.55312],[127.2338,37.55305],[127.23377,37.55294],[127.23375,37.55276],[127.23377,37.55272],[127.23382,37.55268],[127.23394,37.55269],[127.23403,37.55279],[127.23411,37.55296],[127.23412,37.55303],[127.23411,37.55308],[127.23405,37.55313],[127.23399,37.55316],[127.23391,37.55315],[127.23383,37.55312]],[[127.23318,37.55332],[127.23318,37.55323],[127.23326,37.55285],[127.23329,37.55282],[127.23335,37.55282],[127.23343,37.55287],[127.23353,37.55297],[127.23359,37.55318],[127.23361,37.55329],[127.2336,37.55336],[127.2335,37.55343],[127.23344,37.55346],[127.23335,37.55347],[127.23327,37.55344],[127.2332,37.55337],[127.23318,37.55332]]]]}}]}