{"type":"FeatureCollection","features":[{"type":"Feature","properties":{"id":25979109},"geometry":{"type":"Polygon","coordinates":[[[126.98709,37.50741],[126.98683,37.50728],[126.98678,37.50722],[126.98676,37.50719],[126.98675,37.50715],[126.98675,37.50712],[126.98675,37.50709],[126.98678,37.50704],[126.98684,37.507],[126.98689,37.50698],[126.98749,37.50686],[126.9876,37.50685],[126.98772,37.50685],[126.98783,37.50688],[126.98791,37.50692],[126.98797,37.50697],[126.98801,37.50701],[126.98803,37.50706],[126.98803,37.50714],[126.98802,37.50721],[126.98803,37.50725],[126.98804,37.5073],[126.98808,37.50736],[126.98814,37.50739],[126.98819,37.5074],[126.98825,37.5074],[126.98835,37.50736],[126.98844,37.50731],[126.98863,37.50714],[126.98868,37.50711],[126.98875,37.50708],[126.9889,37.50706],[126.9892,37.50706],[126.98928,37.50706],[126.98955,37.50716],[126.98966,37.50723],[126.98983,37.5074],[126.98993,37.50761],[126.98999,37.50771],[126.99006,37.50778],[126.99015,37.50783],[126.99027,37.50786],[126.99047,37.50788],[126.99063,37.5079],[126.99079,37.50794],[126.99087,37.50798],[126.99104,37.50812],[126.99112,37.50821],[126.99123,37.50831],[126.9914,37.50843],[126.99151,37.50848],[126.99172,37.50852],[126.99183,37.50856],[126.99193,37.50862],[126.99227,37.50887],[126.99273,37.50922],[126.99279,37.50929],[126.99283,37.50933],[126.99284,37.50936],[126.99285,37.50939],[126.99281,37.50947],[126.99278,37.50949],[126.99273,37.50951],[126.99266,37.50952],[126.99257,37.5095],[126.99241,37.50944],[126.99158,37.50904],[126.98927,37.5081],[126.9882,37.50773],[126.98709,37.50741]]]}},{"type":"Feature","properties":{"id":32006947},"geometry":{"type":"Polygon","coordinates":[[[126.75638,37.66366],[126.75638,37.6636],[126.75757,37.6623],[126.75826,37.66087],[126.75922,37.66],[126.75925,37.65997],[126.75938,37.65985],[126.75946,37.65978],[126.75966,37.65954],[126.75985,37.65929],[126.76051,37.65822],[126.76088,37.65732],[126.76102,37.65707],[126.76116,37.65674],[126.76154,37.65582],[126.76346,37.65182],[126.76576,37.65046],[126.76627,37.65013],[126.76671,37.65057],[126.76676,37.65055],[126.76686,37.65049],[126.76704,37.65039],[126.7672,37.6503],[126.76893,37.64933],[126.76981,37.64883],[126.77227,37.64963],[126.77212,37.64989],[126.77209,37.64994],[126.77133,37.65125],[126.77082,37.65212],[126.76961,37.65419],[126.7695,37.65437],[126.76946,37.65445],[126.76942,37.65452],[126.76895,37.65532],[126.76876,37.65565],[126.7679,37.65713],[126.76755,37.65774],[126.76752,37.65779],[126.7675,37.65782],[126.76748,37.65785],[126.76743,37.65794],[126.76704,37.65865],[126.76664,37.65903],[126.7666,37.65906],[126.76647,37.65919],[126.76423,37.66143],[126.76419,37.66148],[126.76312,37.66258],[126.76287,37.66283],[126.76283,37.66287],[126.76251,37.66321],[126.76248,37.66324],[126.76188,37.66388],[126.76098,37.66447],[126.76031,37.66495],[126.75909,37.66553],[126.75826,37.66583],[126.75822,37.66584],[126.75818,37.66586],[126.75798,37.66593],[126.75789,37.6658],[126.75778,37.66565],[126.75773,37.66558],[126.75761,37.66542],[126.7576,37.66541],[126.75736,37.66507],[126.75734,37.66505],[126.75723,37.66478],[126.75714,37.66467],[126.75701,37.66452],[126.75684,37.66432],[126.75674,37.66419],[126.75667,37.6641],[126.75658,37.66399],[126.75638,37.66366]]]}},{"type":"Feature","properties":{"id":38170879},"geometry":{"type":"Polygon","coordinates":[[[126.86719,37.57666],[126.86638,37.57596],[126.8662,37.57551],[126.86636,37.57521],[126.86729,37.57472],[126.87451,37.57028],[126.87837,37.56806],[126.8784,37.56805],[126.87843,37.56803],[126.87872,37.56786],[126.87883,37.56789],[126.87897,37.56804],[126.88049,37.56962],[126.87928,37.5703],[126.8791,37.57008],[126.87984,37.5696],[126.8791,37.56895],[126.8784,37.5684],[126.87773,37.5688],[126.87783,37.56914],[126.8783,37.56971],[126.87829,37.5698],[126.87892,37.57046],[126.88237,37.57361],[126.88319,37.57314],[126.88324,37.57368],[126.88311,37.57408],[126.88233,37.57465],[126.88005,37.57639],[126.87996,37.57654],[126.87998,37.57684],[126.88061,37.57745],[126.8782,37.57888],[126.87659,37.57981],[126.87626,37.57981],[126.87601,37.57975],[126.87475,37.57926],[126.87234,37.5786],[126.86993,37.57785],[126.86855,37.57752],[126.86815,37.57732],[126.86719,37.57666]]]}},{"type":"Feature","properties":{"id":40484059},"geometry":{"type":"Polygon","coordinates":[[[127.04838,37.57411],[127.04981,37.57334],[127.04915,37.57258],[127.04773,37.57335],[127.04838,37.57411]]]}},{"type":"Feature","properties":{"id":64933046},"geometry":{"type":"Polygon","coordinates":[[[126.87592,37.53402],[126.87687,37.53391],[126.87713,37.53388],[126.87743,37.53381],[126.87758,37.53387],[126.87766,37.53413],[126.8778,37.53437],[126.87794,37.53452],[126.87799,37.53457],[126.87833,37.53484],[126.8783,37.53492],[126.87779,37.53551],[126.87737,37.53599],[126.87718,37.53601],[126.87658,37.53549],[126.87633,37.53526],[126.87602,37.53476],[126.87586,37.53447],[126.87578,37.53414],[126.87583,37.53408],[126.87592,37.53402]]]}},{"type":"Feature","properties":{"id":73067047},"geometry":{"type":"Polygon","coordinates":[[[127.10164,37.50153],[127.10163,37.5023],[127.10162,37.50259],[127.10156,37.50299],[127.10156,37.50301],[127.10149,37.50329],[127.10138,37.50369],[127.10121,37.50406],[127.10189,37.50427],[127.10194,37.50429],[127.10241,37.50436],[127.10262,37.5044],[127.10282,37.50441],[127.10295,37.50418],[127.10319,37.50382],[127.10317,37.5038],[127.10316,37.50376],[127.10316,37.50373],[127.10317,37.5037],[127.10319,37.50367],[127.10294,37.5035],[127.10299,37.50308],[127.10297,37.50269],[127.10298,37.50224],[127.10299,37.50184],[127.103,37.50143],[127.10302,37.50082],[127.10181,37.50045],[127.10178,37.50049],[127.10171,37.50057],[127.10162,37.50078],[127.10156,37.50091],[127.10152,37.50106],[127.10145,37.50134],[127.10144,37.50137],[127.10148,37.50143],[127.10164,37.50153]]]}},{"type":"Feature","properties":{"id":73533846},"geometry":{"type":"Polygon","coordinates":[[[127.09826,37.50649],[127.09788,37.50653],[127.09757,37.5066],[127.09768,37.50888],[127.09772,37.50982],[127.09842,37.50981],[127.09888,37.50982],[127.09932,37.50993],[127.0994,37.50995],[127.09966,37.51004],[127.10015,37.51021],[127.10026,37.51025],[127.10054,37.51034],[127.10179,37.51096],[127.10207,37.51114],[127.10289,37.51154],[127.1037,37.51193],[127.105,37.51252],[127.10577,37.51289],[127.1058,37.51287],[127.10582,37.51286],[127.10587,37.51285],[127.10591,37.51284],[127.10595,37.51284],[127.10609,37.5129],[127.10638,37.51305],[127.10653,37.51312],[127.10672,37.5132],[127.10677,37.51324],[127.10681,37.51326],[127.10682,37.5133],[127.10681,37.51334],[127.10681,37.51335],[127.10708,37.51347],[127.10724,37.51344],[127.10731,37.51341],[127.10739,37.51323],[127.10749,37.513],[127.10758,37.51278],[127.10777,37.51239],[127.10785,37.51222],[127.10787,37.51216],[127.10788,37.51207],[127.10787,37.51194],[127.10725,37.51146],[127.10608,37.51048],[127.10514,37.50969],[127.10438,37.50909],[127.10409,37.50887],[127.1038,37.50866],[127.10372,37.50859],[127.10236,37.5078],[127.10199,37.50762],[127.10164,37.50747],[127.10011,37.50684],[127.09956,37.5067],[127.09929,37.50657],[127.09874,37.50649],[127.09826,37.50649]]]}},{"type":"Feature","properties":{"id":73581553},"geometry":{"type":"Polygon","coordinates":[[[127.07382,37.51072],[127.0777,37.51139],[127.07797,37.5114],[127.0781,37.5114],[127.07814,37.5114],[127.07825,37.51135],[127.07826,37.51126],[127.07858,37.50983],[127.07805,37.50976],[127.07791,37.50971],[127.07778,37.50959],[127.07753,37.50938],[127.07744,37.50934],[127.07649,37.50918],[127.0762,37.50913],[127.07607,37.50919],[127.07561,37.50957],[127.07542,37.50969],[127.07527,37.50968],[127.07411,37.50952],[127.07382,37.51072]]]}},{"type":"Feature","properties":{"id":77312222},"geometry":{"type":"Polygon","coordinates":[[[127.11742,37.50871],[127.11953,37.50791],[127.11971,37.5082],[127.12074,37.50778],[127.12027,37.50705],[127.11899,37.50755],[127.11863,37.50712],[127.11683,37.50778],[127.11742,37.50871]]]}},{"type":"Feature","properties":{"id":95178772},"geometry":{"type":"Polygon","coordinates":[[[126.73714,37.54021],[126.73717,37.54014],[126.73723,37.54009],[126.7373,37.54007],[126.73885,37.53996],[126.73892,37.53997],[126.73897,37.54007],[126.73897,37.54028],[126.73895,37.54049],[126.73897,37.54073],[126.73904,37.54091],[126.73906,37.54111],[126.73903,37.54119],[126.73893,37.54122],[126.73854,37.54125],[126.73821,37.54121],[126.73791,37.54112],[126.73764,37.54098],[126.7375,37.54086],[126.73731,37.54065],[126.7372,37.54044],[126.73714,37.54021]]]}},{"type":"Feature","properties":{"id":158624121},"geometry":{"type":"Polygon","coordinates":[[[127.0307,37.54825],[127.03059,37.5483],[127.03053,37.5484],[127.03047,37.54853],[127.03044,37.54864],[127.03042,37.54872],[127.03042,37.54882],[127.03047,37.54887],[127.03055,37.54888],[127.03066,37.54882],[127.03074,37.54878],[127.03074,37.54866],[127.03088,37.54864],[127.03095,37.54863],[127.03095,37.54869],[127.03108,37.54869],[127.03108,37.54855],[127.03118,37.54851],[127.03114,37.54842],[127.03106,37.5483],[127.03086,37.54824],[127.0307,37.54825]]]}},{"type":"Feature","properties":{"id":158653148},"geometry":{"type":"Polygon","coordinates":[[[127.02855,37.55275],[127.02853,37.55269],[127.02861,37.55261],[127.02873,37.55247],[127.02854,37.55237],[127.0285,37.55234],[127.02851,37.55228],[127.02855,37.55214],[127.02859,37.55199],[127.02856,37.55193],[127.02854,37.55186],[127.02859,37.55173],[127.02866,37.55161],[127.02874,37.55153],[127.02889,37.55144],[127.02906,37.55134],[127.02911,37.55124],[127.02913,37.55107],[127.02912,37.55097],[127.02914,37.55089],[127.02923,37.55087],[127.02928,37.55094],[127.02935,37.55133],[127.02937,37.55148],[127.02937,37.55159],[127.0293,37.55172],[127.02923,37.55186],[127.0292,37.55193],[127.02917,37.55204],[127.02912,37.55214],[127.02906,37.55224],[127.029,37.55234],[127.02897,37.55242],[127.02894,37.55252],[127.0289,37.55261],[127.02884,37.55267],[127.02875,37.5527],[127.02855,37.55275]]]}},{"type":"Feature","properties":{"id":158653405},"geometry":{"type":"Polygon","coordinates":[[[127.02858,37.54952],[127.02856,37.54968],[127.02857,37.54986],[127.0286,37.55012],[127.02868,37.55036],[127.02871,37.55058],[127.02871,37.55076],[127.02869,37.5509],[127.02867,37.55106],[127.02859,37.55118],[127.02853,37.5513],[127.02851,37.5514],[127.02844,37.55155],[127.02844,37.55165],[127.02847,37.55169],[127.0285,37.55173],[127.02864,37.55152],[127.02874,37.55144],[127.02898,37.55135],[127.02903,37.55127],[127.02903,37.55108],[127.02905,37.55086],[127.02917,37.55066],[127.02922,37.55055],[127.0292,37.55034],[127.02917,37.55023],[127.02908,37.55011],[127.02897,37.54996],[127.02884,37.54979],[127.0288,37.54973],[127.02877,37.5496],[127.02869,37.54949],[127.02858,37.54952]]]}},{"type":"Feature","properties":{"id":168232213},"geometry":{"type":"Polygon","coordinates":[[[127.06351,37.61504],[127.06355,37.61529],[127.06415,37.61535],[127.06426,37.61535],[127.06435,37.61533],[127.06446,37.6153],[127.06454,37.61525],[127.06463,37.61517],[127.06467,37.61511],[127.06473,37.61491],[127.06439,37.61484],[127.06432,37.61511],[127.06405,37.6151],[127.06373,37.61509],[127.06351,37.61504]]]}},{"type":"Feature","properties":{"id":169235452},"geometry":{"type":"Polygon","coordinates":[[[127.1265,37.53028],[127.126,37.52958],[127.12696,37.52915],[127.12702,37.5292],[127.12726,37.52971],[127.12741,37.53005],[127.1265,37.53028]]]}},{"type":"Feature","properties":{"id":169235690},"geometry":{"type":"Polygon","coordinates":[[[127.11913,37.52766],[127.11808,37.52585],[127.11815,37.52569],[127.11866,37.52563],[127.11897,37.52563],[127.11942,37.52567],[127.11981,37.52576],[127.12181,37.52631],[127.12195,37.52635],[127.12202,37.52638],[127.12205,37.52644],[127.12205,37.5265],[127.12202,37.52653],[127.1219,37.52658],[127.12062,37.52718],[127.11933,37.52772],[127.11913,37.52766]]]}},{"type":"Feature","properties":{"id":169795536},"geometry":{"type":"Polygon","coordinates":[[[127.11419,37.5148],[127.1139,37.51492],[127.11315,37.51371],[127.11333,37.51363],[127.11362,37.5141],[127.1142,37.51387],[127.11456,37.51444],[127.11408,37.51463],[127.11419,37.5148]]]}},{"type":"Feature","properties":{"id":169803431},"geometry":{"type":"Polygon","coordinates":[[[127.11801,37.50137],[127.11864,37.50063],[127.11885,37.50059],[127.11997,37.50132],[127.11931,37.50206],[127.11801,37.50137]]]}},{"type":"Feature","properties":{"id":169917181},"geometry":{"type":"Polygon","coordinates":[[[127.12341,37.49824],[127.12433,37.49916],[127.12546,37.49827],[127.12483,37.49682],[127.12472,37.49678],[127.12392,37.49701],[127.12374,37.49718],[127.12389,37.49727],[127.12395,37.49739],[127.12397,37.49754],[127.12389,37.49769],[127.12341,37.49824]]]}},{"type":"Feature","properties":{"id":169917395},"geometry":{"type":"Polygon","coordinates":[[[127.1227,37.50313],[127.12386,37.50232],[127.12315,37.50168],[127.12199,37.50249],[127.1227,37.50313]]]}},{"type":"Feature","properties":{"id":169918975},"geometry":{"type":"Polygon","coordinates":[[[127.13328,37.50841],[127.13271,37.5076],[127.13264,37.50757],[127.13189,37.50789],[127.13252,37.50888],[127.13333,37.50853],[127.13328,37.50841]]]}},{"type":"Feature","properties":{"id":169919119},"geometry":{"type":"Polygon","coordinates":[[[127.1278,37.50439],[127.1277,37.5043],[127.12751,37.5041],[127.12797,37.50382],[127.12824,37.50411],[127.1281,37.5042],[127.1278,37.50439]]]}},{"type":"Feature","properties":{"id":170052590},"geometry":{"type":"Polygon","coordinates":[[[127.12047,37.4808],[127.12142,37.47927],[127.12262,37.47968],[127.12311,37.47861],[127.12266,37.47842],[127.12208,37.47833],[127.1213,37.47842],[127.1207,37.47853],[127.11997,37.47877],[127.12108,37.47915],[127.12018,37.48068],[127.12047,37.4808]]]}},{"type":"Feature","properties":{"id":170053091},"geometry":{"type":"Polygon","coordinates":[[[127.1231,37.49183],[127.12372,37.49113],[127.12484,37.49174],[127.12423,37.49249],[127.1231,37.49183]]]}},{"type":"Feature","properties":{"id":170053300},"geometry":{"type":"Polygon","coordinates":[[[127.11214,37.49044],[127.11237,37.48998],[127.1151,37.49083],[127.11488,37.49128],[127.11214,37.49044]]]}},{"type":"Feature","properties":{"id":170055569},"geometry":{"type":"Polygon","coordinates":[[[127.12808,37.48559],[127.1294,37.48571],[127.12985,37.48514],[127.12939,37.48473],[127.12821,37.48461],[127.12808,37.48559]]]}},{"type":"Feature","properties":{"id":170055614},"geometry":{"type":"Polygon","coordinates":[[[127.1228,37.48605],[127.12276,37.48602],[127.12284,37.48587],[127.12287,37.48581],[127.12296,37.48578],[127.12297,37.48577],[127.1231,37.48578],[127.12314,37.48578],[127.12492,37.48586],[127.1264,37.48592],[127.12729,37.48597],[127.12797,37.48606],[127.12838,37.48615],[127.12897,37.48634],[127.12949,37.48658],[127.12997,37.48685],[127.13027,37.48711],[127.13124,37.48797],[127.13124,37.48802],[127.13106,37.48814],[127.131,37.48813],[127.13044,37.48768],[127.12988,37.48722],[127.12955,37.48703],[127.12914,37.48681],[127.12879,37.48664],[127.12836,37.48648],[127.12781,37.48636],[127.127,37.48625],[127.12672,37.48622],[127.12489,37.48615],[127.12307,37.48606],[127.12301,37.48606],[127.12293,37.48606],[127.12281,37.48605],[127.1228,37.48605]]]}},{"type":"Feature","properties":{"id":170055929},"geometry":{"type":"Polygon","coordinates":[[[127.13192,37.49155],[127.13338,37.49057],[127.1312,37.48862],[127.13194,37.49036],[127.13195,37.49067],[127.13186,37.49105],[127.13189,37.49136],[127.13192,37.49155]]]}},{"type":"Feature","properties":{"id":172203046},"geometry":{"type":"Polygon","coordinates":[[[127.05892,37.53274],[127.05906,37.533],[127.05919,37.53321],[127.06225,37.53226],[127.06228,37.5323],[127.06265,37.5322],[127.06313,37.53206],[127.06353,37.53192],[127.06523,37.53145],[127.06586,37.53143],[127.06609,37.53137],[127.06681,37.53112],[127.06885,37.53057],[127.06981,37.53028],[127.07073,37.53013],[127.07284,37.52953],[127.07328,37.5294],[127.07388,37.52926],[127.07516,37.52886],[127.07656,37.52831],[127.07725,37.52806],[127.07772,37.52788],[127.07793,37.52786],[127.07846,37.5277],[127.0786,37.52766],[127.07844,37.52731],[127.07828,37.52737],[127.07811,37.52702],[127.07738,37.52724],[127.07726,37.52707],[127.07712,37.52679],[127.07518,37.52711],[127.07388,37.52735],[127.07051,37.528],[127.06901,37.52835],[127.06656,37.52906],[127.06351,37.53016],[127.06217,37.53078],[127.06081,37.53145],[127.05908,37.53233],[127.05878,37.53248],[127.05892,37.53274]]]}},{"type":"Feature","properties":{"id":172264358},"geometry":{"type":"Polygon","coordinates":[[[126.93569,37.49969],[126.93562,37.49983],[126.93538,37.50026],[126.93515,37.50017],[126.93486,37.49942],[126.93501,37.49932],[126.93523,37.49951],[126.9353,37.49956],[126.93569,37.49969]]]}},{"type":"Feature","properties":{"id":172618926},"geometry":{"type":"Polygon","coordinates":[[[127.13176,37.50558],[127.13198,37.50562],[127.13405,37.50492],[127.1337,37.50429],[127.13327,37.50418],[127.13295,37.50386],[127.13377,37.50338],[127.1336,37.50297],[127.13298,37.50302],[127.13243,37.50254],[127.13257,37.5023],[127.13254,37.50223],[127.13246,37.50219],[127.13211,37.50222],[127.13203,37.50219],[127.13165,37.50183],[127.13192,37.50131],[127.13229,37.50111],[127.13316,37.50136],[127.13358,37.50102],[127.1345,37.50164],[127.13549,37.50083],[127.13504,37.5004],[127.13491,37.50039],[127.13444,37.50002],[127.13444,37.49987],[127.13513,37.49942],[127.13432,37.49878],[127.13415,37.49873],[127.13398,37.49875],[127.13143,37.50009],[127.13081,37.50041],[127.12845,37.50206],[127.12848,37.50209],[127.12852,37.50214],[127.12991,37.50359],[127.13176,37.50558]]]}},{"type":"Feature","properties":{"id":172866366},"geometry":{"type":"Polygon","coordinates":[[[126.89306,37.49814],[126.89035,37.50145],[126.88946,37.50252],[126.88881,37.50332],[126.88852,37.5036],[126.88813,37.50393],[126.88807,37.5039],[126.88825,37.50348],[126.88832,37.50336],[126.88844,37.5032],[126.88901,37.5025],[126.88938,37.50209],[126.88995,37.50131],[126.89021,37.50102],[126.89271,37.49796],[126.89282,37.49793],[126.89294,37.49797],[126.89304,37.49805],[126.89306,37.49814]]]}},{"type":"Feature","properties":{"id":173882609},"geometry":{"type":"Polygon","coordinates":[[[126.94232,37.55402],[126.94196,37.55359],[126.94224,37.55343],[126.94241,37.55333],[126.94286,37.55389],[126.94232,37.55402]]]}},{"type":"Feature","properties":{"id":180279949},"geometry":{"type":"Polygon","coordinates":[[[126.75218,37.67514],[126.75175,37.67452],[126.75185,37.67447],[126.75266,37.67412],[126.75287,37.67403],[126.75339,37.6738],[126.75346,37.67377],[126.75389,37.67359],[126.75393,37.67366],[126.75395,37.67368],[126.7543,37.67419],[126.75407,37.67429],[126.75404,37.6743],[126.75401,37.67432],[126.75311,37.67472],[126.75308,37.67474],[126.75305,37.67475],[126.75233,37.67507],[126.75228,37.67509],[126.75218,37.67514]]]}},{"type":"Feature","properties":{"id":184444070},"geometry":{"type":"Polygon","coordinates":[[[126.98681,37.57559],[126.98712,37.57566],[126.98772,37.5758],[126.98765,37.57601],[126.98761,37.57616],[126.98754,37.5764],[126.98751,37.57656],[126.98733,37.57658],[126.98721,37.57687],[126.98694,37.57681],[126.98683,37.57678],[126.98681,37.57678],[126.98683,37.57674],[126.9869,37.57656],[126.98691,37.57652],[126.98651,37.57642],[126.98681,37.57559]]]}},{"type":"Feature","properties":{"id":184588726},"geometry":{"type":"Polygon","coordinates":[[[127.00673,37.5031],[127.00633,37.50297],[127.00655,37.50234],[127.00624,37.50219],[127.00637,37.5016],[127.00649,37.50159],[127.00665,37.50088],[127.00678,37.50083],[127.00696,37.50007],[127.00683,37.50003],[127.00669,37.49999],[127.00665,37.49977],[127.00645,37.49961],[127.00585,37.49956],[127.00573,37.49954],[127.00595,37.49884],[127.00611,37.49873],[127.00624,37.4983],[127.00629,37.49779],[127.00621,37.49767],[127.0057,37.49759],[127.00541,37.49761],[127.00526,37.4979],[127.0049,37.49807],[127.00544,37.49701],[127.00594,37.49609],[127.00755,37.49558],[127.00774,37.49553],[127.00871,37.4958],[127.00886,37.49576],[127.0091,37.49523],[127.00947,37.4954],[127.01003,37.49535],[127.00999,37.49576],[127.00965,37.49589],[127.00971,37.49637],[127.01026,37.4963],[127.01038,37.49643],[127.01041,37.49673],[127.01064,37.49672],[127.01059,37.49687],[127.01073,37.49701],[127.01047,37.49755],[127.01024,37.49762],[127.01043,37.49776],[127.01063,37.49796],[127.01027,37.49816],[127.0095,37.4979],[127.009,37.49807],[127.00896,37.49849],[127.00875,37.49853],[127.00874,37.4986],[127.00871,37.4995],[127.0083,37.50004],[127.00806,37.50005],[127.00778,37.50045],[127.00761,37.50084],[127.0075,37.50127],[127.0072,37.50109],[127.00701,37.50163],[127.00729,37.50189],[127.00729,37.50198],[127.00714,37.50202],[127.00711,37.5024],[127.00684,37.50288],[127.00688,37.50304],[127.00673,37.5031]]]}},{"type":"Feature","properties":{"id":187595599},"geometry":{"type":"Polygon","coordinates":[[[127.04619,37.55739],[127.04612,37.55751],[127.04604,37.55766],[127.04615,37.55761],[127.04602,37.55788],[127.04597,37.5579],[127.04594,37.55793],[127.04593,37.55797],[127.04594,37.55801],[127.04599,37.55803],[127.04605,37.55803],[127.04608,37.55802],[127.04611,37.558],[127.04643,37.55811],[127.04647,37.55804],[127.04661,37.55777],[127.04666,37.55768],[127.0467,37.55761],[127.04694,37.55714],[127.04657,37.55703],[127.04651,37.55703],[127.04648,37.55704],[127.04646,37.55704],[127.04642,37.55706],[127.04639,37.5571],[127.04639,37.55714],[127.04641,37.55718],[127.04625,37.55746],[127.04619,37.55739]]]}},{"type":"Feature","properties":{"id":192743564},"geometry":{"type":"Polygon","coordinates":[[[127.03424,37.52505],[127.0341,37.52436],[127.03411,37.52334],[127.0364,37.52408],[127.03587,37.52523],[127.03424,37.52505]]]}},{"type":"Feature","properties":{"id":196070397},"geometry":{"type":"Polygon","coordinates":[[[126.96918,37.57372],[126.96937,37.57385],[126.96953,37.5739],[126.96977,37.57392],[126.96995,37.5739],[126.97027,37.57376],[126.97121,37.57356],[126.97093,37.5734],[126.97077,37.57347],[126.97038,37.5735],[126.97028,37.57336],[126.97009,37.57316],[126.9697,37.57342],[126.96966,37.57337],[126.96914,37.57369],[126.96918,37.57372]]]}},{"type":"Feature","properties":{"id":202365904},"geometry":{"type":"Polygon","coordinates":[[[127.07472,37.5473],[127.07462,37.54744],[127.07463,37.54762],[127.07546,37.54901],[127.07552,37.54911],[127.07578,37.54953],[127.07583,37.54967],[127.07595,37.5499],[127.07623,37.55043],[127.07627,37.55053],[127.07682,37.55183],[127.07694,37.55186],[127.07741,37.55172],[127.07759,37.55177],[127.07783,37.55183],[127.07858,37.552],[127.0787,37.55204],[127.07878,37.55207],[127.07895,37.55204],[127.07933,37.55203],[127.07964,37.55204],[127.07993,37.55217],[127.08005,37.5523],[127.08012,37.55244],[127.08014,37.55255],[127.08032,37.55259],[127.08048,37.5526],[127.08064,37.55221],[127.0809,37.55228],[127.08095,37.55229],[127.08097,37.55224],[127.08135,37.55232],[127.08125,37.55254],[127.08147,37.55252],[127.08169,37.5523],[127.08172,37.55228],[127.08175,37.55226],[127.08179,37.55224],[127.08182,37.55223],[127.08185,37.55222],[127.08189,37.55221],[127.08194,37.5522],[127.08198,37.5522],[127.08244,37.55221],[127.08248,37.55222],[127.08251,37.55222],[127.08254,37.55223],[127.08257,37.55225],[127.08259,37.55227],[127.08261,37.55229],[127.08285,37.55264],[127.08362,37.55265],[127.08427,37.55237],[127.08482,37.55214],[127.08485,37.55198],[127.08546,37.55173],[127.08608,37.55145],[127.08734,37.55193],[127.08845,37.55236],[127.08847,37.55234],[127.089,37.55255],[127.08917,37.55225],[127.08925,37.55211],[127.08941,37.55173],[127.08858,37.55088],[127.08833,37.55139],[127.08604,37.55068],[127.08659,37.54958],[127.08634,37.54942],[127.08599,37.54918],[127.08582,37.54905],[127.08565,37.54895],[127.08548,37.54882],[127.08546,37.5488],[127.08544,37.54877],[127.08542,37.54874],[127.08541,37.54871],[127.0854,37.54867],[127.0854,37.54863],[127.0854,37.5486],[127.08541,37.54856],[127.08585,37.54742],[127.08577,37.54721],[127.08573,37.54714],[127.08571,37.54706],[127.08571,37.54699],[127.08571,37.54692],[127.08572,37.54684],[127.08575,37.54676],[127.0858,37.54669],[127.08587,37.54663],[127.0861,37.54648],[127.08532,37.54579],[127.08529,37.54575],[127.08528,37.54571],[127.08528,37.54553],[127.08526,37.54547],[127.08498,37.54524],[127.08445,37.54526],[127.08392,37.54532],[127.08253,37.54542],[127.07968,37.54556],[127.07839,37.54581],[127.07732,37.54606],[127.07529,37.54705],[127.07472,37.5473]]]}},{"type":"Feature","properties":{"id":215902369},"geometry":{"type":"Polygon","coordinates":[[[126.9291,37.5173],[126.93049,37.51816],[126.93072,37.51792],[126.93103,37.51811],[126.93117,37.51797],[126.93129,37.51784],[126.93164,37.51748],[126.93185,37.51727],[126.92957,37.51711],[126.92926,37.51709],[126.92912,37.51708],[126.92909,37.51712],[126.92907,37.51715],[126.92906,37.51719],[126.92907,37.51723],[126.92908,37.51726],[126.9291,37.5173]]]}},{"type":"Feature","properties":{"id":216906544},"geometry":{"type":"Polygon","coordinates":[[[126.93009,37.55326],[126.92987,37.55315],[126.92962,37.55304],[126.92914,37.55288],[126.92893,37.55268],[126.92854,37.55231],[126.92842,37.55227],[126.92828,37.55221],[126.92772,37.5518],[126.92764,37.55171],[126.92738,37.55128],[126.92717,37.55081],[126.92708,37.5508],[126.92697,37.55079],[126.92678,37.55081],[126.92679,37.55075],[126.92669,37.55072],[126.92667,37.55063],[126.92667,37.55043],[126.92666,37.55028],[126.92667,37.55007],[126.92646,37.54989],[126.9263,37.5499],[126.92631,37.54981],[126.92629,37.5496],[126.92628,37.54943],[126.92628,37.54927],[126.92653,37.54927],[126.92653,37.54903],[126.92636,37.54903],[126.92635,37.54874],[126.92753,37.54869],[126.92771,37.54861],[126.92789,37.54893],[126.92809,37.54929],[126.9276,37.54948],[126.92744,37.54954],[126.92754,37.54982],[126.92774,37.55],[126.92792,37.55015],[126.92822,37.55041],[126.92847,37.55051],[126.92874,37.55056],[126.92924,37.55055],[126.92942,37.55065],[126.92984,37.55104],[126.93025,37.55138],[126.93071,37.55152],[126.93125,37.55191],[126.93166,37.55228],[126.93143,37.55237],[126.931,37.55252],[126.93073,37.55278],[126.93032,37.55317],[126.93009,37.55326]]]}},{"type":"Feature","properties":{"id":221003528},"geometry":{"type":"Polygon","coordinates":[[[126.7628,37.5019],[126.76319,37.50185],[126.76371,37.50178],[126.76409,37.50167],[126.76417,37.50165],[126.76425,37.50163],[126.76428,37.50162],[126.76434,37.5016],[126.76438,37.50159],[126.76445,37.50157],[126.76453,37.50156],[126.76458,37.50155],[126.76461,37.50155],[126.76473,37.50153],[126.76477,37.50153],[126.76481,37.50152],[126.76492,37.50151],[126.76531,37.50146],[126.76533,37.5016],[126.76487,37.50166],[126.76484,37.50167],[126.76485,37.50169],[126.76486,37.5017],[126.76488,37.50171],[126.76497,37.50169],[126.76527,37.50166],[126.76534,37.50162],[126.76542,37.50158],[126.76556,37.50156],[126.76597,37.50151],[126.76606,37.50154],[126.76612,37.50155],[126.76655,37.50149],[126.76657,37.50147],[126.76656,37.50145],[126.76654,37.50144],[126.76607,37.5015],[126.76604,37.50136],[126.76658,37.50129],[126.76667,37.50128],[126.76672,37.50127],[126.76674,37.50127],[126.76679,37.50126],[126.76688,37.50126],[126.76693,37.50125],[126.76696,37.50125],[126.76704,37.50126],[126.76707,37.50126],[126.76711,37.50126],[126.76743,37.50126],[126.76763,37.50126],[126.76807,37.50121],[126.76828,37.50118],[126.76839,37.50116],[126.7684,37.50114],[126.76843,37.50109],[126.76838,37.50089],[126.76825,37.50025],[126.76824,37.50021],[126.76823,37.50017],[126.76814,37.49972],[126.76813,37.49969],[126.76812,37.49966],[126.76796,37.49889],[126.76795,37.49885],[126.76793,37.49872],[126.76786,37.49868],[126.7676,37.49871],[126.76681,37.49882],[126.76677,37.49882],[126.76673,37.49883],[126.76664,37.49884],[126.7666,37.49885],[126.76657,37.49885],[126.76649,37.49886],[126.76645,37.49887],[126.76641,37.49887],[126.76539,37.49901],[126.76535,37.49901],[126.76532,37.49902],[126.76503,37.49905],[126.76499,37.49906],[126.76494,37.49907],[126.76391,37.4992],[126.76385,37.49921],[126.76318,37.4993],[126.76309,37.49931],[126.7626,37.49938],[126.76234,37.49941],[126.76231,37.49945],[126.76228,37.49947],[126.76232,37.49968],[126.76251,37.50059],[126.76251,37.50063],[126.76252,37.50068],[126.76262,37.50114],[126.76267,37.5014],[126.76272,37.50163],[126.76277,37.50188],[126.7628,37.5019]]]}},{"type":"Feature","properties":{"id":221003961},"geometry":{"type":"Polygon","coordinates":[[[126.74262,37.5062],[126.74294,37.50621],[126.74309,37.50624],[126.74401,37.50625],[126.74433,37.50621],[126.74461,37.5062],[126.74483,37.50622],[126.74553,37.50617],[126.7473,37.50597],[126.74748,37.50584],[126.74756,37.50568],[126.74681,37.50172],[126.74677,37.50146],[126.74673,37.50144],[126.74669,37.50142],[126.7463,37.50148],[126.74395,37.5018],[126.7439,37.50183],[126.74312,37.50381],[126.74262,37.50579],[126.74265,37.50591],[126.74257,37.50616],[126.74262,37.5062]]]}},{"type":"Feature","properties":{"id":221011765},"geometry":{"type":"Polygon","coordinates":[[[126.75899,37.50506],[126.76,37.50493],[126.76006,37.50492],[126.76015,37.50487],[126.76009,37.50462],[126.75993,37.50392],[126.75988,37.5037],[126.75823,37.50389],[126.75846,37.5048],[126.75873,37.50494],[126.75899,37.50506]]]}},{"type":"Feature","properties":{"id":221980510},"geometry":{"type":"Polygon","coordinates":[[[126.96352,37.54494],[126.96375,37.54448],[126.96368,37.54419],[126.96347,37.54397],[126.96314,37.54388],[126.96227,37.54371],[126.96231,37.54331],[126.96207,37.54268],[126.96137,37.54254],[126.96089,37.54268],[126.96082,37.54272],[126.96062,37.54292],[126.96013,37.54345],[126.95973,37.54341],[126.95908,37.54335],[126.95877,37.54328],[126.95855,37.54328],[126.9583,37.54331],[126.95801,37.54347],[126.95782,37.54361],[126.95772,37.54379],[126.95772,37.54398],[126.95775,37.54411],[126.95783,37.54437],[126.95825,37.54523],[126.95878,37.54556],[126.9592,37.54581],[126.95989,37.54609],[126.96071,37.54647],[126.96106,37.54666],[126.96154,37.5468],[126.96185,37.54675],[126.96203,37.54677],[126.96269,37.54668],[126.96307,37.54661],[126.96327,37.54642],[126.96307,37.54593],[126.96305,37.54576],[126.96312,37.54558],[126.96352,37.54494]]]}},{"type":"Feature","properties":{"id":222964179},"geometry":{"type":"Polygon","coordinates":[[[126.97255,37.58454],[126.97263,37.58451],[126.97267,37.58448],[126.97269,37.58442],[126.97271,37.58436],[126.97262,37.58398],[126.97238,37.58388],[126.97163,37.58395],[126.9716,37.58449],[126.972,37.58455],[126.97255,37.58454]]]}},{"type":"Feature","properties":{"id":222969855},"geometry":{"type":"Polygon","coordinates":[[[126.97256,37.58365],[126.97265,37.58368],[126.97272,37.58368],[126.97324,37.58362],[126.97333,37.5836],[126.97341,37.58355],[126.97349,37.58344],[126.97355,37.58331],[126.97357,37.58314],[126.97358,37.58298],[126.97358,37.58297],[126.97352,37.58297],[126.97335,37.58298],[126.97328,37.58298],[126.97319,37.58298],[126.97318,37.58304],[126.97281,37.58315],[126.97267,37.58327],[126.97258,37.58338],[126.97256,37.58361],[126.97256,37.58365]]]}},{"type":"Feature","properties":{"id":223157536},"geometry":{"type":"Polygon","coordinates":[[[126.97548,37.573],[126.97641,37.57301],[126.97641,37.57332],[126.9764,37.57374],[126.97639,37.57413],[126.97545,37.57406],[126.97548,37.573]]]}},{"type":"Feature","properties":{"id":223296619},"geometry":{"type":"Polygon","coordinates":[[[126.96359,37.55566],[126.96373,37.55575],[126.96395,37.55575],[126.96417,37.55593],[126.9644,37.556],[126.96495,37.55633],[126.96535,37.55636],[126.96549,37.55626],[126.9657,37.55651],[126.96561,37.55657],[126.96563,37.55659],[126.96598,37.55684],[126.96609,37.55679],[126.96617,37.5568],[126.96632,37.55709],[126.9664,37.5571],[126.96647,37.55706],[126.96682,37.5567],[126.96652,37.55585],[126.9659,37.55582],[126.96568,37.55572],[126.96519,37.55512],[126.96508,37.55501],[126.96495,37.55496],[126.96484,37.55497],[126.96463,37.55496],[126.96435,37.55496],[126.96417,37.555],[126.96403,37.55506],[126.9639,37.55521],[126.96375,37.5554],[126.96359,37.55566]]]}},{"type":"Feature","properties":{"id":223296629},"geometry":{"type":"Polygon","coordinates":[[[126.96192,37.55426],[126.96204,37.55427],[126.96202,37.55459],[126.96197,37.55533],[126.9619,37.55542],[126.9613,37.55511],[126.96116,37.55482],[126.96117,37.55441],[126.96119,37.55427],[126.96144,37.55423],[126.96145,37.55429],[126.96174,37.55426],[126.96192,37.55426]]]}},{"type":"Feature","properties":{"id":223298140},"geometry":{"type":"Polygon","coordinates":[[[126.97464,37.55926],[126.97467,37.55938],[126.97478,37.55972],[126.97478,37.55972],[126.97479,37.55978],[126.97483,37.55988],[126.97487,37.55994],[126.97492,37.56002],[126.97496,37.56006],[126.97509,37.56016],[126.97517,37.5602],[126.97525,37.56022],[126.97538,37.56026],[126.97544,37.56026],[126.9755,37.56024],[126.97554,37.56023],[126.97557,37.5602],[126.9756,37.56016],[126.97562,37.56013],[126.97562,37.56006],[126.97563,37.56],[126.97562,37.55987],[126.9756,37.55963],[126.97557,37.55939],[126.97552,37.55928],[126.9755,37.55926],[126.97528,37.55905],[126.97522,37.55898],[126.97471,37.55923],[126.97464,37.55926]]]}},{"type":"Feature","properties":{"id":223356717},"geometry":{"type":"Polygon","coordinates":[[[126.92968,37.60356],[126.92984,37.60343],[126.93001,37.60337],[126.93012,37.60348],[126.93033,37.6034],[126.93057,37.6037],[126.93092,37.60354],[126.93147,37.60325],[126.93134,37.60299],[126.93159,37.60296],[126.93185,37.60296],[126.93216,37.60288],[126.93227,37.60277],[126.93222,37.60261],[126.93212,37.60253],[126.93309,37.60226],[126.93322,37.60269],[126.93347,37.60293],[126.93344,37.60333],[126.93309,37.60376],[126.93248,37.60418],[126.93149,37.60464],[126.93097,37.60412],[126.93057,37.60411],[126.93031,37.60382],[126.92968,37.60356]]]}},{"type":"Feature","properties":{"id":223356719},"geometry":{"type":"Polygon","coordinates":[[[126.92696,37.60494],[126.92686,37.60462],[126.92684,37.60415],[126.92696,37.6038],[126.92714,37.60348],[126.92815,37.6047],[126.92784,37.60465],[126.92696,37.60494]]]}},{"type":"Feature","properties":{"id":223356720},"geometry":{"type":"Polygon","coordinates":[[[126.92836,37.60471],[126.92904,37.60451],[126.92972,37.60433],[126.92945,37.60407],[126.92946,37.60361],[126.92936,37.60351],[126.92937,37.60408],[126.92897,37.60417],[126.92879,37.60359],[126.92866,37.60317],[126.92862,37.60352],[126.9283,37.6036],[126.92814,37.60382],[126.92842,37.60415],[126.92804,37.60435],[126.92832,37.60471],[126.92836,37.60471]]]}},{"type":"Feature","properties":{"id":223356721},"geometry":{"type":"Polygon","coordinates":[[[126.93916,37.61131],[126.93914,37.61097],[126.93923,37.61069],[126.94078,37.61098],[126.94124,37.61097],[126.94103,37.61132],[126.94109,37.61151],[126.94096,37.61165],[126.93961,37.61164],[126.93916,37.61131]]]}},{"type":"Feature","properties":{"id":223356722},"geometry":{"type":"Polygon","coordinates":[[[126.9084,37.59176],[126.90789,37.59195],[126.90814,37.59231],[126.90806,37.59258],[126.90736,37.59297],[126.90752,37.59314],[126.90797,37.59281],[126.90808,37.59276],[126.90838,37.59279],[126.90894,37.59308],[126.90947,37.59334],[126.90966,37.59358],[126.90911,37.59413],[126.90887,37.59436],[126.90822,37.59393],[126.90819,37.59398],[126.90865,37.5943],[126.90882,37.5945],[126.90866,37.59461],[126.90871,37.59469],[126.90876,37.59469],[126.90884,37.59485],[126.90912,37.59478],[126.90911,37.59454],[126.90906,37.59448],[126.90914,37.59427],[126.90974,37.59423],[126.90977,37.59435],[126.91002,37.59436],[126.9104,37.59465],[126.91058,37.59476],[126.91075,37.59465],[126.91123,37.5943],[126.91185,37.59371],[126.91216,37.59349],[126.91209,37.59344],[126.91197,37.59332],[126.91178,37.59288],[126.91169,37.59265],[126.91165,37.59246],[126.91169,37.59235],[126.91201,37.59226],[126.91228,37.59219],[126.91237,37.59214],[126.91216,37.59206],[126.91181,37.59208],[126.91165,37.59197],[126.91182,37.5918],[126.91202,37.59169],[126.91154,37.59073],[126.9112,37.59064],[126.91086,37.59064],[126.91062,37.59066],[126.91071,37.59084],[126.91047,37.59093],[126.91037,37.59079],[126.91015,37.59087],[126.91019,37.59092],[126.90992,37.59101],[126.90989,37.59096],[126.9096,37.59107],[126.90924,37.59112],[126.9093,37.59122],[126.90904,37.59131],[126.90896,37.59118],[126.90858,37.59131],[126.90857,37.59149],[126.90841,37.59167],[126.9084,37.59176]]]}},{"type":"Feature","properties":{"id":223418028},"geometry":{"type":"Polygon","coordinates":[[[126.97953,37.56455],[126.97951,37.56439],[126.97956,37.56439],[126.97967,37.56438],[126.97964,37.56433],[126.97963,37.56431],[126.97962,37.56429],[126.97962,37.56425],[126.97963,37.56421],[126.97965,37.56418],[126.97966,37.56415],[126.9797,37.56412],[126.9798,37.56407],[126.97985,37.56406],[126.97991,37.56406],[126.97997,37.56406],[126.98001,37.56408],[126.98005,37.56412],[126.98005,37.56414],[126.98008,37.56414],[126.98012,37.56406],[126.98034,37.56413],[126.98029,37.56421],[126.98035,37.5642],[126.98044,37.56421],[126.98051,37.56426],[126.98057,37.56433],[126.98058,37.56441],[126.98059,37.56451],[126.98055,37.56457],[126.98037,37.56488],[126.9797,37.56465],[126.97968,37.56464],[126.97969,37.56454],[126.97958,37.56455],[126.97953,37.56455]]]}},{"type":"Feature","properties":{"id":223433271},"geometry":{"type":"Polygon","coordinates":[[[126.97122,37.56819],[126.97128,37.56792],[126.97128,37.56789],[126.9714,37.56731],[126.97181,37.5672],[126.97198,37.56775],[126.97188,37.56782],[126.97189,37.56784],[126.97206,37.56839],[126.97166,37.56837],[126.9715,37.56831],[126.97148,37.5683],[126.97147,37.56829],[126.97122,37.56819]]]}},{"type":"Feature","properties":{"id":223433273},"geometry":{"type":"Polygon","coordinates":[[[126.96862,37.5756],[126.96873,37.57573],[126.96878,37.57574],[126.96894,37.57599],[126.96841,37.57621],[126.96854,37.57641],[126.96804,37.57663],[126.96789,37.57674],[126.96776,37.5768],[126.96763,37.5768],[126.96744,37.5767],[126.96719,37.57657],[126.96704,37.57649],[126.96705,37.57638],[126.96707,37.57623],[126.9669,37.57621],[126.96644,37.5761],[126.96623,37.5761],[126.96548,37.57655],[126.96542,37.57647],[126.96534,37.57644],[126.96555,37.57614],[126.96567,37.57574],[126.9658,37.57556],[126.96628,37.57541],[126.96757,37.57489],[126.96762,37.57488],[126.96815,37.57532],[126.96857,37.57556],[126.96862,37.5756]]]}},{"type":"Feature","properties":{"id":223434842},"geometry":{"type":"Polygon","coordinates":[[[127.00861,37.58334],[127.00841,37.5828],[127.00899,37.58186],[127.00923,37.58191],[127.00939,37.58194],[127.0092,37.58286],[127.00889,37.58302],[127.0088,37.58313],[127.00861,37.58334]]]}},{"type":"Feature","properties":{"id":223434843},"geometry":{"type":"Polygon","coordinates":[[[127.0024,37.57958],[127.00233,37.58016],[127.00223,37.58093],[127.00273,37.58093],[127.00322,37.58091],[127.00338,37.58091],[127.00338,37.58085],[127.00335,37.57971],[127.0024,37.57958]]]}},{"type":"Feature","properties":{"id":224673578},"geometry":{"type":"Polygon","coordinates":[[[126.73646,37.5329],[126.73639,37.5329],[126.73631,37.5329],[126.73629,37.53293],[126.7363,37.533],[126.73629,37.53313],[126.73634,37.53339],[126.73635,37.53352],[126.73635,37.53365],[126.73635,37.53375],[126.73635,37.53384],[126.73639,37.5339],[126.73651,37.53392],[126.73819,37.53377],[126.73827,37.53374],[126.7383,37.53368],[126.73829,37.53361],[126.73824,37.53348],[126.7382,37.53322],[126.73822,37.53292],[126.73818,37.53285],[126.73809,37.5328],[126.73646,37.5329]]]}},{"type":"Feature","properties":{"id":224673592},"geometry":{"type":"Polygon","coordinates":[[[126.74167,37.53706],[126.74174,37.53775],[126.74177,37.53777],[126.74221,37.53788],[126.74237,37.53788],[126.74272,37.53795],[126.74276,37.53796],[126.74291,37.53801],[126.7434,37.53803],[126.7438,37.53801],[126.74391,37.538],[126.74399,37.53793],[126.74381,37.53701],[126.74379,37.5369],[126.74366,37.53691],[126.74167,37.53706]]]}},{"type":"Feature","properties":{"id":224705739},"geometry":{"type":"Polygon","coordinates":[[[127.06154,37.5835],[127.06157,37.5834],[127.06161,37.5833],[127.06173,37.58326],[127.06203,37.58324],[127.06212,37.58325],[127.06223,37.58327],[127.06232,37.58335],[127.06244,37.58363],[127.06237,37.58367],[127.0623,37.5837],[127.06223,37.58376],[127.06217,37.58416],[127.06178,37.58424],[127.06171,37.58425],[127.06182,37.58416],[127.06179,37.58412],[127.06177,37.5841],[127.06175,37.58402],[127.06171,37.58396],[127.06169,37.58389],[127.06176,37.5838],[127.06179,37.58371],[127.06183,37.58367],[127.06181,37.58362],[127.0618,37.58356],[127.06175,37.58351],[127.06167,37.58348],[127.06162,37.58348],[127.06159,37.5835],[127.06154,37.5835]]]}},{"type":"Feature","properties":{"id":224899181},"geometry":{"type":"Polygon","coordinates":[[[126.74682,37.53094],[126.74681,37.53235],[126.74662,37.53241],[126.74654,37.53246],[126.74647,37.53255],[126.74636,37.53261],[126.74624,37.53265],[126.7462,37.53264],[126.74602,37.53269],[126.74591,37.53271],[126.74567,37.5327],[126.74548,37.53271],[126.7452,37.5328],[126.74505,37.53288],[126.74481,37.53298],[126.74441,37.53305],[126.74426,37.53309],[126.74396,37.53337],[126.7439,37.5331],[126.74348,37.53101],[126.74354,37.53092],[126.74366,37.53085],[126.74405,37.53091],[126.74492,37.53093],[126.74515,37.53088],[126.74602,37.53091],[126.74615,37.53095],[126.74657,37.53097],[126.74666,37.53096],[126.74675,37.53093],[126.74682,37.53094]]]}},{"type":"Feature","properties":{"id":226064383},"geometry":{"type":"Polygon","coordinates":[[[126.75928,37.56161],[126.75981,37.56186],[126.75993,37.56188],[126.76009,37.5619],[126.76024,37.56189],[126.76034,37.56188],[126.76047,37.56185],[126.76064,37.56178],[126.76089,37.56174],[126.76103,37.56174],[126.76148,37.56178],[126.76162,37.56128],[126.76157,37.56125],[126.76156,37.561],[126.76117,37.56102],[126.76105,37.56101],[126.76091,37.56094],[126.76081,37.56091],[126.76073,37.5609],[126.76008,37.5609],[126.75973,37.56106],[126.75956,37.56116],[126.75944,37.56127],[126.75932,37.56143],[126.75936,37.56152],[126.75928,37.56161]]]}},{"type":"Feature","properties":{"id":226419159},"geometry":{"type":"Polygon","coordinates":[[[126.7413,37.54365],[126.74128,37.54355],[126.74161,37.54365],[126.74179,37.54367],[126.74206,37.54374],[126.7421,37.54379],[126.74218,37.54456],[126.74139,37.54461],[126.7413,37.54365]]]}},{"type":"Feature","properties":{"id":226419167},"geometry":{"type":"Polygon","coordinates":[[[126.74537,37.53437],[126.74561,37.53438],[126.74614,37.5344],[126.74621,37.53439],[126.74624,37.53439],[126.74631,37.53439],[126.74962,37.53442],[126.74965,37.53442],[126.75098,37.53443],[126.75075,37.53516],[126.75019,37.53517],[126.7502,37.53521],[126.7502,37.53532],[126.75019,37.53538],[126.75018,37.53544],[126.75021,37.53553],[126.75024,37.53563],[126.75025,37.53567],[126.75027,37.53582],[126.75019,37.53594],[126.75014,37.53608],[126.75011,37.53629],[126.75013,37.53639],[126.75018,37.53656],[126.7501,37.53658],[126.74945,37.53655],[126.74871,37.53647],[126.74827,37.53666],[126.74623,37.53566],[126.74604,37.53557],[126.74561,37.53556],[126.74561,37.53551],[126.74546,37.53474],[126.74537,37.53437]]]}},{"type":"Feature","properties":{"id":226419183},"geometry":{"type":"Polygon","coordinates":[[[126.74005,37.52849],[126.74193,37.52838],[126.74159,37.52761],[126.74024,37.52771],[126.74017,37.52777],[126.74005,37.52849]]]}},{"type":"Feature","properties":{"id":227324937},"geometry":{"type":"Polygon","coordinates":[[[126.72882,37.54645],[126.72878,37.54641],[126.72871,37.5455],[126.72868,37.54516],[126.72863,37.54438],[126.72868,37.54433],[126.72902,37.54432],[126.73035,37.54426],[126.73038,37.54428],[126.73041,37.54431],[126.73046,37.54503],[126.73049,37.54542],[126.73049,37.54557],[126.73043,37.54562],[126.73037,37.5456],[126.73032,37.54561],[126.73029,37.54564],[126.73029,37.5457],[126.72983,37.54571],[126.72988,37.54639],[126.72882,37.54645]]]}},{"type":"Feature","properties":{"id":227912972},"geometry":{"type":"Polygon","coordinates":[[[126.73461,37.53067],[126.7347,37.53141],[126.73604,37.53134],[126.73606,37.53132],[126.73607,37.53124],[126.736,37.53078],[126.73597,37.53072],[126.73582,37.53069],[126.73461,37.53067]]]}},{"type":"Feature","properties":{"id":228251362},"geometry":{"type":"Polygon","coordinates":[[[126.71555,37.52677],[126.71646,37.52678],[126.7165,37.52672],[126.71639,37.52557],[126.71634,37.52553],[126.71565,37.52552],[126.71557,37.52556],[126.71555,37.52677]]]}},{"type":"Feature","properties":{"id":228400543},"geometry":{"type":"Polygon","coordinates":[[[126.74084,37.54735],[126.74074,37.5474],[126.74009,37.54659],[126.74018,37.54654],[126.74022,37.54659],[126.74084,37.54735]]]}},{"type":"Feature","properties":{"id":228400544},"geometry":{"type":"Polygon","coordinates":[[[126.73919,37.54532],[126.73913,37.54535],[126.7391,37.54536],[126.73923,37.54552],[126.73934,37.5457],[126.73997,37.54648],[126.74009,37.54643],[126.73919,37.54532]]]}},{"type":"Feature","properties":{"id":228400546},"geometry":{"type":"Polygon","coordinates":[[[126.74238,37.5439],[126.74246,37.54386],[126.74498,37.54455],[126.74503,37.54462],[126.74506,37.54476],[126.7452,37.54581],[126.74509,37.54591],[126.74509,37.54582],[126.74501,37.54523],[126.74496,37.54463],[126.74238,37.5439]]]}},{"type":"Feature","properties":{"id":228712497},"geometry":{"type":"Polygon","coordinates":[[[126.71962,37.56497],[126.72009,37.5656],[126.7199,37.5657],[126.72023,37.56601],[126.72065,37.56574],[126.72081,37.56585],[126.72096,37.56586],[126.72111,37.5658],[126.7212,37.56573],[126.72126,37.56565],[126.72124,37.56556],[126.7211,37.56551],[126.71978,37.56433],[126.71942,37.56449],[126.71931,37.56455],[126.71942,37.56469],[126.71962,37.56497]]]}},{"type":"Feature","properties":{"id":228712502},"geometry":{"type":"Polygon","coordinates":[[[126.7335,37.54806],[126.73221,37.54806],[126.73209,37.54827],[126.73176,37.54835],[126.73178,37.54845],[126.73182,37.54848],[126.7321,37.54856],[126.73205,37.5486],[126.73209,37.54879],[126.73213,37.54882],[126.73238,37.54887],[126.73252,37.54896],[126.73276,37.54892],[126.73304,37.54858],[126.73319,37.54847],[126.73325,37.54847],[126.73326,37.54842],[126.73327,37.54827],[126.73313,37.54827],[126.73313,37.54809],[126.73353,37.54809],[126.7335,37.54806]]]}},{"type":"Feature","properties":{"id":228846100},"geometry":{"type":"Polygon","coordinates":[[[126.75601,37.55855],[126.756,37.55859],[126.75609,37.55865],[126.75781,37.55884],[126.75801,37.55888],[126.75804,37.5588],[126.75786,37.55876],[126.75671,37.55862],[126.75601,37.55855]]]}},{"type":"Feature","properties":{"id":228846101},"geometry":{"type":"Polygon","coordinates":[[[126.75317,37.5585],[126.75318,37.55856],[126.75322,37.55859],[126.75482,37.55851],[126.75564,37.5586],[126.7557,37.55859],[126.75575,37.55856],[126.75576,37.55852],[126.75482,37.55843],[126.75317,37.5585]]]}},{"type":"Feature","properties":{"id":228846103},"geometry":{"type":"Polygon","coordinates":[[[126.75569,37.55893],[126.75565,37.55888],[126.75558,37.55884],[126.75481,37.55876],[126.75459,37.55873],[126.75357,37.55877],[126.75357,37.55884],[126.75462,37.55881],[126.75477,37.55885],[126.75569,37.55893]]]}},{"type":"Feature","properties":{"id":228939986},"geometry":{"type":"Polygon","coordinates":[[[126.74942,37.5207],[126.74932,37.51995],[126.74922,37.51832],[126.75001,37.51829],[126.7502,37.51829],[126.75052,37.52005],[126.75045,37.5201],[126.75003,37.52037],[126.74996,37.52044],[126.74952,37.52073],[126.74942,37.5207]]]}},{"type":"Feature","properties":{"id":228939996},"geometry":{"type":"Polygon","coordinates":[[[126.74685,37.52356],[126.74614,37.52374],[126.74613,37.52379],[126.74551,37.52379],[126.74103,37.52379],[126.74098,37.52374],[126.74091,37.5237],[126.74085,37.52367],[126.74081,37.52364],[126.74078,37.5236],[126.7407,37.52336],[126.74078,37.52336],[126.74086,37.52336],[126.74097,37.52336],[126.74277,37.52337],[126.74291,37.52338],[126.744,37.52338],[126.7466,37.5234],[126.74674,37.5234],[126.74685,37.5234],[126.74685,37.52356]]]}},{"type":"Feature","properties":{"id":228939997},"geometry":{"type":"Polygon","coordinates":[[[126.74204,37.54324],[126.74203,37.54328],[126.74198,37.5433],[126.74191,37.5433],[126.74132,37.54315],[126.74119,37.54308],[126.74078,37.54297],[126.74067,37.54296],[126.74034,37.54287],[126.74016,37.54281],[126.7397,37.5427],[126.73965,37.54261],[126.73951,37.54147],[126.73959,37.54142],[126.73973,37.54265],[126.74088,37.54295],[126.74204,37.54324]]]}},{"type":"Feature","properties":{"id":228939998},"geometry":{"type":"Polygon","coordinates":[[[126.7411,37.53018],[126.74229,37.53021],[126.74227,37.52913],[126.74241,37.52952],[126.74251,37.53003],[126.74251,37.53015],[126.74243,37.53022],[126.74236,37.53027],[126.74221,37.5303],[126.7411,37.53027],[126.7411,37.53018]]]}},{"type":"Feature","properties":{"id":228940000},"geometry":{"type":"Polygon","coordinates":[[[126.73834,37.53093],[126.73845,37.53084],[126.74244,37.53094],[126.74257,37.531],[126.74265,37.5311],[126.74309,37.53335],[126.74305,37.53341],[126.74298,37.53342],[126.74252,37.53108],[126.74231,37.53102],[126.74119,37.53099],[126.73986,37.53096],[126.73901,37.53094],[126.73834,37.53093]]]}},{"type":"Feature","properties":{"id":228940001},"geometry":{"type":"Polygon","coordinates":[[[126.74526,37.52025],[126.74526,37.52049],[126.74526,37.52053],[126.74556,37.52053],[126.7458,37.52068],[126.7458,37.52088],[126.74619,37.52088],[126.7464,37.52103],[126.74662,37.52103],[126.74667,37.52103],[126.74667,37.52089],[126.74667,37.52086],[126.74663,37.52082],[126.74638,37.52082],[126.74625,37.52074],[126.74581,37.52047],[126.74549,37.52027],[126.74535,37.52018],[126.74529,37.52019],[126.74526,37.52025]]]}},{"type":"Feature","properties":{"id":228940003},"geometry":{"type":"Polygon","coordinates":[[[126.73372,37.52971],[126.73377,37.52985],[126.73385,37.52994],[126.73399,37.53003],[126.73414,37.53009],[126.7343,37.53011],[126.73506,37.53012],[126.73505,37.53007],[126.73498,37.53001],[126.73421,37.53001],[126.73409,37.52998],[126.73401,37.52994],[126.73393,37.52988],[126.73388,37.52982],[126.73385,37.52975],[126.7338,37.52972],[126.73372,37.52971]]]}},{"type":"Feature","properties":{"id":228940004},"geometry":{"type":"Polygon","coordinates":[[[126.74671,37.51854],[126.74671,37.51888],[126.74673,37.51987],[126.74668,37.51989],[126.74624,37.51972],[126.74643,37.51947],[126.7464,37.51898],[126.74637,37.5186],[126.74618,37.51861],[126.74514,37.51866],[126.74513,37.5185],[126.74507,37.51842],[126.74486,37.5183],[126.7467,37.51818],[126.74671,37.51854]]]}},{"type":"Feature","properties":{"id":228940005},"geometry":{"type":"Polygon","coordinates":[[[126.73854,37.54456],[126.73848,37.54459],[126.73811,37.54413],[126.73805,37.54404],[126.73802,37.54394],[126.73802,37.5438],[126.73805,37.54367],[126.73811,37.54354],[126.73819,37.54339],[126.73829,37.54329],[126.73841,37.5432],[126.73856,37.54312],[126.73871,37.54306],[126.7389,37.54303],[126.73908,37.54302],[126.73927,37.54304],[126.73947,37.54307],[126.74049,37.54333],[126.74045,37.5434],[126.74022,37.54334],[126.74019,37.5433],[126.7396,37.54316],[126.73937,37.54312],[126.73912,37.54311],[126.73879,37.54318],[126.73863,37.54326],[126.73851,37.54335],[126.73839,37.54346],[126.73831,37.54357],[126.73824,37.54367],[126.7382,37.54379],[126.73819,37.5439],[126.7382,37.54403],[126.73821,37.54414],[126.73827,37.54423],[126.73854,37.54456]]]}},{"type":"Feature","properties":{"id":228940012},"geometry":{"type":"Polygon","coordinates":[[[126.74302,37.53367],[126.74311,37.5337],[126.74316,37.53374],[126.74379,37.5369],[126.74366,37.53691],[126.74344,37.5358],[126.74323,37.53472],[126.74302,37.53367]]]}},{"type":"Feature","properties":{"id":228940027},"geometry":{"type":"Polygon","coordinates":[[[126.74499,37.51694],[126.74497,37.51697],[126.74504,37.51713],[126.74665,37.51702],[126.74665,37.51689],[126.74657,37.51684],[126.74501,37.51694],[126.74499,37.51694]]]}},{"type":"Feature","properties":{"id":228940030},"geometry":{"type":"Polygon","coordinates":[[[126.74086,37.52336],[126.74084,37.5226],[126.74106,37.52255],[126.74124,37.52248],[126.74149,37.52235],[126.74143,37.52227],[126.74076,37.52251],[126.74045,37.52253],[126.74042,37.52255],[126.7407,37.52336],[126.74078,37.52336],[126.74086,37.52336]]]}},{"type":"Feature","properties":{"id":228940031},"geometry":{"type":"Polygon","coordinates":[[[126.74219,37.52021],[126.74219,37.52003],[126.74149,37.52007],[126.74131,37.5201],[126.74132,37.52005],[126.7414,37.52001],[126.74219,37.51995],[126.74272,37.51991],[126.74276,37.51994],[126.74277,37.52017],[126.74273,37.5202],[126.74231,37.5202],[126.74219,37.52021]]]}},{"type":"Feature","properties":{"id":228940034},"geometry":{"type":"Polygon","coordinates":[[[126.73484,37.54281],[126.73537,37.54235],[126.73559,37.54204],[126.73585,37.54193],[126.736,37.54197],[126.73608,37.54211],[126.73613,37.54223],[126.73644,37.54262],[126.73645,37.5427],[126.7364,37.54274],[126.7355,37.54277],[126.73484,37.54281]]]}},{"type":"Feature","properties":{"id":228940035},"geometry":{"type":"Polygon","coordinates":[[[126.74102,37.5303],[126.74091,37.53039],[126.74066,37.53037],[126.73826,37.53032],[126.73818,37.53022],[126.74088,37.5303],[126.74102,37.5303]]]}},{"type":"Feature","properties":{"id":228940036},"geometry":{"type":"Polygon","coordinates":[[[126.7384,37.53075],[126.73859,37.53066],[126.7414,37.53075],[126.74158,37.53079],[126.74193,37.53079],[126.74216,37.53078],[126.74235,37.53082],[126.74245,37.53086],[126.74234,37.53085],[126.7384,37.53075]]]}},{"type":"Feature","properties":{"id":228940038},"geometry":{"type":"Polygon","coordinates":[[[126.74553,37.52206],[126.74665,37.52206],[126.74672,37.5221],[126.74673,37.52282],[126.74667,37.52285],[126.74661,37.52285],[126.74662,37.5221],[126.74553,37.5221],[126.74553,37.52206]]]}},{"type":"Feature","properties":{"id":228940039},"geometry":{"type":"Polygon","coordinates":[[[126.74099,37.52099],[126.74101,37.5221],[126.74134,37.52194],[126.7414,37.52202],[126.74093,37.52225],[126.74085,37.52226],[126.74069,37.52229],[126.74033,37.52231],[126.73988,37.52098],[126.74006,37.52098],[126.74099,37.52099]]]}},{"type":"Feature","properties":{"id":228940040},"geometry":{"type":"Polygon","coordinates":[[[126.745,37.51714],[126.74493,37.51697],[126.74489,37.51696],[126.74482,37.51698],[126.74331,37.51707],[126.74326,37.51712],[126.74326,37.51723],[126.7433,37.51727],[126.74491,37.51717],[126.745,37.51714]]]}},{"type":"Feature","properties":{"id":228951570},"geometry":{"type":"Polygon","coordinates":[[[126.74695,37.57217],[126.74687,37.57221],[126.74679,37.57229],[126.74672,37.57246],[126.74673,37.57258],[126.74675,37.57265],[126.757,37.57303],[126.75829,37.5732],[126.75951,37.57286],[126.75969,37.57277],[126.75966,37.57267],[126.75931,37.57242],[126.75807,37.5718],[126.75729,37.57155],[126.75676,37.57143],[126.75626,37.57142],[126.75574,37.57148],[126.75521,37.57167],[126.75427,37.57216],[126.75411,37.57226],[126.75304,37.57247],[126.75266,37.57244],[126.75225,37.57233],[126.75211,37.57227],[126.75204,37.57216],[126.75202,37.57204],[126.75199,37.57195],[126.75192,37.57185],[126.75181,37.57179],[126.75172,37.57177],[126.75034,37.57177],[126.74952,37.57181],[126.74881,37.57187],[126.74735,37.57215],[126.74695,37.57217]]]}},{"type":"Feature","properties":{"id":229027407},"geometry":{"type":"Polygon","coordinates":[[[127.00825,37.57818],[127.00831,37.57811],[127.00833,37.57803],[127.00834,37.57797],[127.00835,37.57787],[127.0083,37.57763],[127.00832,37.57751],[127.00843,37.57728],[127.00858,37.57714],[127.00857,37.5769],[127.00853,37.5766],[127.00848,37.57643],[127.00842,37.57624],[127.00839,37.57616],[127.00838,37.57608],[127.00836,37.57586],[127.00836,37.57579],[127.00837,37.57571],[127.00839,37.57562],[127.00842,37.57558],[127.00848,37.5755],[127.0086,37.57539],[127.00861,37.57538],[127.00869,37.57524],[127.00875,37.57505],[127.00877,37.57497],[127.00875,37.57483],[127.00858,37.57425],[127.00871,37.57396],[127.00872,37.57352],[127.00872,37.5735],[127.00871,37.57318],[127.00869,37.57305],[127.00873,37.57273],[127.00893,37.57263],[127.00885,37.57269],[127.00882,37.57276],[127.00882,37.57281],[127.00882,37.57299],[127.00884,37.57303],[127.00888,37.57312],[127.00888,37.5732],[127.00886,37.5734],[127.00887,37.57345],[127.00887,37.57346],[127.00889,37.57351],[127.00891,37.57356],[127.00893,37.57363],[127.00894,37.57367],[127.00892,37.57369],[127.00889,37.57372],[127.00887,37.57374],[127.00883,37.5738],[127.0088,37.57386],[127.00879,37.57391],[127.00878,37.57399],[127.00878,37.57413],[127.0088,37.57426],[127.00883,37.57439],[127.0089,37.57457],[127.00893,37.57468],[127.0089,37.57484],[127.00887,37.57496],[127.00886,37.57498],[127.00874,37.5753],[127.0087,37.57539],[127.00864,37.57548],[127.0085,37.57568],[127.00848,37.57571],[127.00846,37.57577],[127.00845,37.57583],[127.00845,37.57587],[127.00846,37.57603],[127.00848,37.57621],[127.00851,37.57632],[127.00853,37.57639],[127.00859,37.57653],[127.00862,37.57664],[127.00862,37.57665],[127.00864,37.5767],[127.00865,37.57673],[127.00865,37.57678],[127.00869,37.57692],[127.0087,37.57698],[127.0087,37.57702],[127.0087,37.57712],[127.00869,37.57719],[127.00868,37.57723],[127.0086,37.57732],[127.00845,37.57742],[127.00839,37.57748],[127.00836,37.57754],[127.00838,37.57769],[127.00839,37.57777],[127.00841,37.57789],[127.00842,37.57794],[127.00841,37.57798],[127.0084,37.57802],[127.0084,37.57805],[127.00836,37.5781],[127.00832,37.57816],[127.00828,37.5782],[127.00819,37.57829],[127.00815,37.57828],[127.00825,37.57818]]]}},{"type":"Feature","properties":{"id":229027411},"geometry":{"type":"Polygon","coordinates":[[[127.00714,37.58308],[127.00614,37.583],[127.00586,37.58295],[127.00558,37.58263],[127.00562,37.58213],[127.00564,37.58203],[127.00572,37.5817],[127.00607,37.58172],[127.00644,37.58155],[127.00642,37.58144],[127.00671,37.58094],[127.00671,37.58073],[127.00664,37.58068],[127.00668,37.58052],[127.00668,37.5804],[127.00657,37.58034],[127.00678,37.57938],[127.00685,37.57904],[127.00673,37.57883],[127.0067,37.5788],[127.00663,37.57872],[127.00684,37.57854],[127.00691,37.57829],[127.00691,37.57828],[127.00721,37.57822],[127.00735,37.57801],[127.00772,37.57807],[127.008,37.57815],[127.00791,37.57849],[127.00794,37.57862],[127.00798,37.57912],[127.008,37.57927],[127.00804,37.57934],[127.00812,37.57952],[127.0082,37.57962],[127.00811,37.57967],[127.00819,37.57983],[127.00831,37.5798],[127.00854,37.58055],[127.00861,37.58058],[127.00869,37.58056],[127.00874,37.58056],[127.00884,37.58058],[127.00874,37.58069],[127.00864,37.5808],[127.00859,37.58092],[127.00851,37.58104],[127.00844,37.58111],[127.00839,37.58114],[127.00833,37.58118],[127.00832,37.58118],[127.00824,37.58122],[127.0082,37.58124],[127.00812,37.58132],[127.00802,37.58146],[127.00797,37.58151],[127.00791,37.58156],[127.00781,37.58162],[127.00775,37.58164],[127.00771,37.58165],[127.00768,37.58167],[127.00761,37.5817],[127.00757,37.58175],[127.00752,37.58182],[127.00749,37.58186],[127.00743,37.58189],[127.00738,37.58191],[127.00729,37.58193],[127.00726,37.58194],[127.00722,37.58196],[127.00719,37.58198],[127.00716,37.58201],[127.00711,37.58206],[127.00708,37.5821],[127.00697,37.58223],[127.00692,37.58231],[127.00691,37.58234],[127.0069,37.58236],[127.00696,37.5825],[127.00706,37.5827],[127.00727,37.58301],[127.00714,37.58308]]]}},{"type":"Feature","properties":{"id":229028027},"geometry":{"type":"Polygon","coordinates":[[[127.01836,37.57358],[127.01882,37.57278],[127.01888,37.57267],[127.01867,37.5726],[127.01868,37.57257],[127.01862,37.57255],[127.01855,37.57252],[127.01854,37.57255],[127.01823,37.57244],[127.01773,37.57331],[127.01771,37.57335],[127.01836,37.57358]]]}},{"type":"Feature","properties":{"id":229028336},"geometry":{"type":"Polygon","coordinates":[[[127.01876,37.5643],[127.0192,37.56419],[127.01907,37.56397],[127.01895,37.56375],[127.01877,37.56344],[127.01833,37.56355],[127.01846,37.56378],[127.01861,37.56403],[127.01876,37.5643]]]}},{"type":"Feature","properties":{"id":229757404},"geometry":{"type":"Polygon","coordinates":[[[126.73081,37.57902],[126.73025,37.57909],[126.7305,37.57984],[126.73076,37.57987],[126.73108,37.57981],[126.73081,37.57902]]]}},{"type":"Feature","properties":{"id":229757405},"geometry":{"type":"Polygon","coordinates":[[[126.73706,37.57868],[126.73721,37.57843],[126.73652,37.57815],[126.73646,37.57816],[126.73638,37.57839],[126.73642,37.57843],[126.73706,37.57868]]]}},{"type":"Feature","properties":{"id":229972931},"geometry":{"type":"Polygon","coordinates":[[[126.73466,37.57749],[126.73456,37.57733],[126.73403,37.5775],[126.73418,37.57781],[126.73429,37.57811],[126.73466,37.57749]]]}},{"type":"Feature","properties":{"id":230027948},"geometry":{"type":"Polygon","coordinates":[[[126.74434,37.5409],[126.74443,37.54087],[126.74446,37.54083],[126.7444,37.5405],[126.74436,37.54043],[126.7443,37.54004],[126.7443,37.53987],[126.74406,37.53837],[126.74399,37.53833],[126.74393,37.53832],[126.74434,37.5409]]]}},{"type":"Feature","properties":{"id":230027952},"geometry":{"type":"Polygon","coordinates":[[[126.73936,37.53944],[126.73956,37.54121],[126.73945,37.54121],[126.73933,37.5402],[126.73935,37.54],[126.73931,37.53971],[126.73926,37.53959],[126.73925,37.53945],[126.73936,37.53944]]]}},{"type":"Feature","properties":{"id":236251190},"geometry":{"type":"Polygon","coordinates":[[[126.70222,37.46023],[126.7024,37.46034],[126.7024,37.46116],[126.70239,37.46401],[126.70235,37.46413],[126.70231,37.46417],[126.70225,37.46418],[126.70213,37.46417],[126.70097,37.46323],[126.70098,37.46292],[126.70096,37.46019],[126.70109,37.46013],[126.70222,37.46023]]]}},{"type":"Feature","properties":{"id":236251191},"geometry":{"type":"Polygon","coordinates":[[[126.70058,37.4568],[126.7008,37.45694],[126.70097,37.45692],[126.70117,37.45691],[126.70147,37.45688],[126.70193,37.45684],[126.70211,37.45683],[126.70197,37.45584],[126.70193,37.45555],[126.70164,37.45345],[126.70152,37.45338],[126.70029,37.45348],[126.7002,37.4536],[126.70058,37.4568]]]}},{"type":"Feature","properties":{"id":236251192},"geometry":{"type":"Polygon","coordinates":[[[126.70094,37.45997],[126.70109,37.46013],[126.70167,37.46018],[126.70173,37.46018],[126.70179,37.46019],[126.7022,37.46023],[126.70239,37.46005],[126.70235,37.4589],[126.70212,37.45694],[126.70193,37.45684],[126.7008,37.45694],[126.70063,37.45711],[126.70094,37.45997]]]}},{"type":"Feature","properties":{"id":236942967},"geometry":{"type":"Polygon","coordinates":[[[126.9812,37.57415],[126.981,37.57417],[126.98061,37.57391],[126.98054,37.57385],[126.98085,37.57382],[126.98091,37.5738],[126.98094,37.57375],[126.98112,37.5734],[126.98133,37.57399],[126.98136,37.57409],[126.9812,37.57415]]]}},{"type":"Feature","properties":{"id":237391502},"geometry":{"type":"Polygon","coordinates":[[[126.79672,37.44444],[126.79612,37.4449],[126.7956,37.44514],[126.79501,37.44408],[126.79498,37.44401],[126.79491,37.44397],[126.79481,37.44406],[126.79428,37.44323],[126.79432,37.44316],[126.79438,37.44317],[126.79452,37.44325],[126.79453,37.44324],[126.79674,37.44434],[126.79672,37.44444]]]}},{"type":"Feature","properties":{"id":237487655},"geometry":{"type":"Polygon","coordinates":[[[126.79451,37.44296],[126.79436,37.44289],[126.79422,37.44279],[126.79414,37.44271],[126.79411,37.44266],[126.793,37.44082],[126.79297,37.44053],[126.793,37.44046],[126.79423,37.44043],[126.79457,37.44052],[126.79522,37.441],[126.79528,37.44105],[126.79482,37.44141],[126.79501,37.44222],[126.79537,37.44247],[126.79482,37.44288],[126.79482,37.44293],[126.79479,37.44294],[126.79475,37.44294],[126.79474,37.44299],[126.79471,37.44305],[126.79464,37.44302],[126.79451,37.44296]]]}},{"type":"Feature","properties":{"id":237487656},"geometry":{"type":"Polygon","coordinates":[[[126.79674,37.44672],[126.79589,37.44532],[126.79588,37.44527],[126.79591,37.44523],[126.79612,37.44513],[126.79628,37.44533],[126.79634,37.4454],[126.79642,37.44554],[126.79655,37.44565],[126.79671,37.44569],[126.79676,37.44575],[126.79667,37.44579],[126.79725,37.44655],[126.79681,37.44674],[126.79674,37.44672]]]}},{"type":"Feature","properties":{"id":237487673},"geometry":{"type":"Polygon","coordinates":[[[126.79807,37.44235],[126.7983,37.44222],[126.79849,37.44219],[126.79881,37.44219],[126.79898,37.4422],[126.79907,37.44223],[126.79905,37.44246],[126.79867,37.44246],[126.79866,37.44255],[126.79845,37.44255],[126.79836,37.44247],[126.7979,37.44247],[126.79807,37.44235]]]}},{"type":"Feature","properties":{"id":237532437},"geometry":{"type":"Polygon","coordinates":[[[126.78939,37.44351],[126.78936,37.44348],[126.78935,37.44345],[126.78937,37.44343],[126.78939,37.44343],[126.78942,37.44343],[126.78933,37.44327],[126.78931,37.4433],[126.78929,37.44331],[126.78927,37.44331],[126.78925,37.44328],[126.78915,37.44315],[126.78904,37.443],[126.78936,37.44288],[126.78981,37.44364],[126.78949,37.44376],[126.78946,37.44372],[126.78944,37.44367],[126.78941,37.44356],[126.78939,37.44351]]]}},{"type":"Feature","properties":{"id":237532439},"geometry":{"type":"Polygon","coordinates":[[[126.80019,37.44448],[126.80126,37.44476],[126.80158,37.44508],[126.80217,37.44474],[126.80217,37.4447],[126.80164,37.44425],[126.8015,37.44419],[126.80038,37.44406],[126.80036,37.44407],[126.80032,37.44417],[126.80029,37.44426],[126.80025,37.44437],[126.80022,37.44444],[126.80019,37.44448]]]}},{"type":"Feature","properties":{"id":237532442},"geometry":{"type":"Polygon","coordinates":[[[126.79504,37.44752],[126.79541,37.4481],[126.7962,37.44779],[126.79616,37.44762],[126.79648,37.44742],[126.79675,37.44731],[126.79697,37.44737],[126.79675,37.44704],[126.79662,37.447],[126.79562,37.44737],[126.79572,37.44753],[126.79582,37.44768],[126.79543,37.44783],[126.79521,37.4475],[126.79515,37.44751],[126.79509,37.44751],[126.79504,37.44752]]]}},{"type":"Feature","properties":{"id":238706566},"geometry":{"type":"Polygon","coordinates":[[[127.16748,37.45032],[127.16767,37.45036],[127.16782,37.45084],[127.16796,37.45088],[127.16815,37.45092],[127.16832,37.45097],[127.16868,37.45105],[127.16886,37.45108],[127.16905,37.45112],[127.16918,37.45115],[127.16922,37.45116],[127.16927,37.45117],[127.16934,37.45119],[127.16948,37.45127],[127.1696,37.45143],[127.1698,37.45173],[127.17039,37.45185],[127.17118,37.45201],[127.17153,37.45229],[127.17174,37.45247],[127.17203,37.45265],[127.17241,37.45302],[127.17281,37.45301],[127.17309,37.45278],[127.17347,37.45232],[127.17366,37.45205],[127.17385,37.45176],[127.17396,37.45143],[127.17276,37.451],[127.17215,37.45097],[127.17171,37.45063],[127.17157,37.45045],[127.17085,37.45044],[127.17074,37.45052],[127.17052,37.45051],[127.17034,37.45034],[127.17017,37.4504],[127.17001,37.4502],[127.16942,37.45028],[127.16859,37.45015],[127.16814,37.45015],[127.1678,37.45015],[127.16761,37.45023],[127.16748,37.45032]]]}},{"type":"Feature","properties":{"id":238973930},"geometry":{"type":"Polygon","coordinates":[[[127.16298,37.45322],[127.16396,37.4533],[127.1645,37.45361],[127.16502,37.45335],[127.16509,37.4534],[127.16515,37.45345],[127.16501,37.45376],[127.16526,37.45397],[127.16647,37.45386],[127.16656,37.45395],[127.16676,37.45395],[127.16716,37.4537],[127.16755,37.45372],[127.16779,37.4538],[127.16799,37.45368],[127.1683,37.45281],[127.1666,37.45239],[127.16592,37.452],[127.16554,37.45182],[127.16538,37.45208],[127.16496,37.45206],[127.16476,37.45263],[127.16451,37.453],[127.16428,37.45306],[127.16308,37.4529],[127.16296,37.45288],[127.16298,37.45322]]]}},{"type":"Feature","properties":{"id":238973940},"geometry":{"type":"Polygon","coordinates":[[[127.1664,37.45449],[127.1673,37.45384],[127.16786,37.45391],[127.16816,37.45375],[127.16842,37.45289],[127.17224,37.45367],[127.17218,37.45394],[127.1721,37.45401],[127.172,37.45405],[127.17176,37.45406],[127.17137,37.4542],[127.17123,37.45422],[127.17118,37.45416],[127.17114,37.45408],[127.17108,37.45403],[127.17104,37.45398],[127.17098,37.45396],[127.17082,37.45402],[127.17069,37.45409],[127.17064,37.45395],[127.17039,37.45401],[127.17031,37.45395],[127.17009,37.45393],[127.17004,37.45387],[127.16991,37.45386],[127.16933,37.45385],[127.1693,37.45408],[127.16935,37.45416],[127.16951,37.4542],[127.16944,37.45424],[127.16923,37.45424],[127.16894,37.45432],[127.16869,37.4544],[127.16852,37.45446],[127.16851,37.4546],[127.1684,37.4547],[127.16799,37.45475],[127.16794,37.4548],[127.16805,37.45488],[127.1679,37.45506],[127.16772,37.45522],[127.16764,37.45515],[127.16735,37.45521],[127.16737,37.45511],[127.16742,37.45503],[127.16733,37.45483],[127.16725,37.45474],[127.16714,37.45463],[127.16702,37.45456],[127.16673,37.45462],[127.16664,37.45459],[127.16653,37.45461],[127.1664,37.45449]]]}},{"type":"Feature","properties":{"id":239578170},"geometry":{"type":"Polygon","coordinates":[[[127.06981,37.64914],[127.07005,37.6493],[127.07096,37.64991],[127.07103,37.64985],[127.07171,37.64926],[127.07185,37.64914],[127.0721,37.64847],[127.07238,37.64773],[127.07191,37.64775],[127.07185,37.64775],[127.07014,37.64782],[127.07017,37.64832],[127.07013,37.64858],[127.06995,37.64891],[127.06981,37.64914]]]}},{"type":"Feature","properties":{"id":240482763},"geometry":{"type":"Polygon","coordinates":[[[127.17188,37.4565],[127.17184,37.45651],[127.17179,37.45652],[127.17171,37.45651],[127.17163,37.45648],[127.17154,37.45647],[127.17144,37.45645],[127.17137,37.45642],[127.17127,37.45638],[127.17117,37.45631],[127.1708,37.45595],[127.17091,37.45592],[127.17099,37.45599],[127.17115,37.45585],[127.17103,37.45561],[127.17093,37.45554],[127.17083,37.45557],[127.17074,37.45554],[127.17063,37.45554],[127.17051,37.45553],[127.17041,37.45548],[127.17018,37.45551],[127.16989,37.45542],[127.16933,37.45576],[127.16867,37.45578],[127.16847,37.45579],[127.16851,37.45555],[127.16848,37.4554],[127.16889,37.45484],[127.16914,37.45472],[127.16922,37.45466],[127.16914,37.45458],[127.16903,37.45457],[127.16926,37.45435],[127.16944,37.45434],[127.1696,37.45431],[127.16963,37.45424],[127.16994,37.4543],[127.17022,37.45428],[127.17031,37.45431],[127.17048,37.45431],[127.1707,37.45419],[127.17097,37.45409],[127.17115,37.45421],[127.17118,37.4543],[127.17129,37.45431],[127.17165,37.45416],[127.17183,37.45412],[127.172,37.45419],[127.17206,37.45485],[127.1721,37.45503],[127.17222,37.45543],[127.17236,37.45586],[127.17257,37.45652],[127.17261,37.4566],[127.17256,37.45668],[127.17255,37.45653],[127.1725,37.45646],[127.17241,37.45645],[127.17225,37.45646],[127.17207,37.45647],[127.17199,37.45647],[127.17192,37.45648],[127.17188,37.4565]]]}},{"type":"Feature","properties":{"id":240577848},"geometry":{"type":"Polygon","coordinates":[[[127.14936,37.44665],[127.14922,37.44779],[127.14835,37.44789],[127.14893,37.44865],[127.14921,37.44892],[127.14961,37.44924],[127.15019,37.44976],[127.15093,37.44927],[127.15286,37.44791],[127.15365,37.44733],[127.15323,37.447],[127.15188,37.44593],[127.15082,37.44499],[127.14938,37.44602],[127.14937,37.44639],[127.14936,37.44665]]]}},{"type":"Feature","properties":{"id":240822064},"geometry":{"type":"Polygon","coordinates":[[[127.15274,37.45124],[127.15345,37.45251],[127.15354,37.45269],[127.15364,37.4529],[127.15371,37.45307],[127.15381,37.45327],[127.15387,37.45343],[127.15399,37.45366],[127.15404,37.45381],[127.15416,37.45402],[127.15421,37.45417],[127.15423,37.4542],[127.15431,37.45438],[127.15437,37.45452],[127.15448,37.45472],[127.15488,37.45536],[127.15499,37.45537],[127.15511,37.4555],[127.15534,37.45583],[127.15543,37.4562],[127.15542,37.4565],[127.15536,37.45658],[127.15522,37.45673],[127.15517,37.457],[127.15523,37.45731],[127.15578,37.45731],[127.15573,37.45748],[127.15574,37.45776],[127.15529,37.45793],[127.1553,37.45812],[127.15614,37.45815],[127.15614,37.45765],[127.15616,37.45757],[127.15662,37.4576],[127.1567,37.45774],[127.15672,37.45804],[127.15678,37.45823],[127.15768,37.45837],[127.15783,37.45774],[127.15789,37.45765],[127.15715,37.45737],[127.15766,37.45667],[127.15797,37.45647],[127.15832,37.45612],[127.15848,37.45586],[127.15867,37.45573],[127.15882,37.45519],[127.15903,37.45467],[127.1589,37.45434],[127.15852,37.45355],[127.15689,37.45396],[127.15658,37.45317],[127.15649,37.45299],[127.1565,37.45301],[127.15595,37.45195],[127.15591,37.45185],[127.1549,37.45054],[127.15481,37.4504],[127.15364,37.45076],[127.15341,37.4509],[127.15314,37.45103],[127.15293,37.45113],[127.15274,37.45124]]]}},{"type":"Feature","properties":{"id":240922362},"geometry":{"type":"Polygon","coordinates":[[[127.16486,37.46212],[127.16323,37.46237],[127.16293,37.46226],[127.16252,37.46201],[127.1624,37.46181],[127.16179,37.46181],[127.16167,37.46199],[127.16136,37.46202],[127.16122,37.4619],[127.16117,37.46176],[127.16007,37.46133],[127.15997,37.46129],[127.15851,37.46072],[127.15814,37.46032],[127.15881,37.45815],[127.15894,37.45809],[127.15937,37.45748],[127.15973,37.45757],[127.15941,37.45801],[127.16012,37.4589],[127.1604,37.4588],[127.16108,37.45956],[127.16099,37.4596],[127.16107,37.45982],[127.16122,37.45993],[127.16233,37.46052],[127.16352,37.45979],[127.16483,37.46141],[127.16544,37.46202],[127.16552,37.46209],[127.16625,37.46294],[127.16606,37.46311],[127.16532,37.46262],[127.16504,37.46225],[127.16486,37.46212]]]}},{"type":"Feature","properties":{"id":243543811},"geometry":{"type":"Polygon","coordinates":[[[127.04949,37.48204],[127.04947,37.48166],[127.04906,37.48135],[127.04887,37.48109],[127.04878,37.48083],[127.04905,37.48054],[127.04996,37.47997],[127.05075,37.47949],[127.05112,37.47937],[127.05164,37.47906],[127.05224,37.47858],[127.05148,37.47779],[127.05134,37.47768],[127.05064,37.47732],[127.05072,37.47713],[127.05088,37.47693],[127.05119,37.47687],[127.05158,37.47684],[127.05163,37.47729],[127.05262,37.47719],[127.0524,37.4768],[127.0527,37.47639],[127.05309,37.47622],[127.05338,37.4762],[127.05354,37.47613],[127.05394,37.4758],[127.05415,37.47546],[127.05452,37.47518],[127.05516,37.47485],[127.05545,37.47456],[127.05714,37.47541],[127.05673,37.47574],[127.0562,37.47571],[127.05598,37.47646],[127.05571,37.4766],[127.05518,37.47626],[127.05472,37.47619],[127.05436,37.47601],[127.054,37.47615],[127.054,37.47616],[127.05385,37.47628],[127.05368,37.47667],[127.05359,37.47708],[127.05355,37.47728],[127.05334,37.47739],[127.05292,37.47734],[127.05295,37.4776],[127.05303,37.4777],[127.05309,37.47782],[127.05321,37.47803],[127.05337,37.47824],[127.05343,37.47853],[127.05298,37.47892],[127.05287,37.47895],[127.05262,37.47897],[127.05239,37.47907],[127.05239,37.47931],[127.05232,37.47941],[127.05207,37.47951],[127.05201,37.47955],[127.05195,37.47971],[127.05169,37.47969],[127.05129,37.47943],[127.05085,37.47965],[127.05162,37.48028],[127.0514,37.48052],[127.05105,37.48092],[127.05096,37.48104],[127.05022,37.48163],[127.04981,37.48208],[127.05008,37.48305],[127.04998,37.48307],[127.04976,37.4823],[127.04949,37.48204]]]}},{"type":"Feature","properties":{"id":244408012},"geometry":{"type":"Polygon","coordinates":[[[126.95505,37.45862],[126.95497,37.45842],[126.95494,37.45828],[126.95495,37.45818],[126.95497,37.45798],[126.95523,37.45744],[126.95483,37.45728],[126.95504,37.45691],[126.95503,37.45658],[126.95517,37.45611],[126.95547,37.45649],[126.95576,37.45684],[126.95609,37.45723],[126.95617,37.45738],[126.95627,37.45767],[126.95653,37.45852],[126.95686,37.459],[126.95702,37.4592],[126.9571,37.45935],[126.95713,37.45947],[126.95714,37.45961],[126.95712,37.45972],[126.95708,37.45984],[126.957,37.46],[126.95695,37.46007],[126.9569,37.4601],[126.95683,37.46013],[126.95676,37.4601],[126.95564,37.45905],[126.95547,37.45891],[126.95541,37.45877],[126.95531,37.4587],[126.95512,37.4586],[126.95505,37.45862]]]}},{"type":"Feature","properties":{"id":245843901},"geometry":{"type":"Polygon","coordinates":[[[126.85034,37.50749],[126.85067,37.50752],[126.85084,37.5076],[126.851,37.50762],[126.85126,37.50761],[126.85158,37.50756],[126.85177,37.50753],[126.85203,37.50738],[126.85225,37.50726],[126.8524,37.50718],[126.85259,37.50711],[126.85283,37.50704],[126.85303,37.50697],[126.85308,37.50696],[126.85313,37.50694],[126.85351,37.50685],[126.85382,37.50678],[126.85402,37.5067],[126.85403,37.50646],[126.85411,37.5062],[126.85414,37.50592],[126.85408,37.50581],[126.85335,37.50498],[126.85288,37.50437],[126.85283,37.50428],[126.85286,37.5042],[126.85297,37.50402],[126.85336,37.50341],[126.85276,37.50317],[126.8524,37.50303],[126.85219,37.50295],[126.8517,37.50328],[126.85165,37.50352],[126.85166,37.5036],[126.85169,37.50387],[126.85166,37.50444],[126.85159,37.5045],[126.85153,37.50456],[126.85161,37.50528],[126.85062,37.5056],[126.85062,37.50569],[126.85057,37.50573],[126.85053,37.50575],[126.85035,37.50585],[126.85007,37.50616],[126.85019,37.5063],[126.85017,37.50654],[126.84985,37.50689],[126.84977,37.50713],[126.84971,37.50729],[126.84974,37.50738],[126.84996,37.50745],[126.85005,37.50746],[126.85034,37.50749]]]}},{"type":"Feature","properties":{"id":249855042},"geometry":{"type":"Polygon","coordinates":[[[126.81367,37.50583],[126.81351,37.50557],[126.81348,37.50553],[126.81374,37.50545],[126.81409,37.50525],[126.81439,37.50505],[126.81485,37.50487],[126.8151,37.50483],[126.81536,37.5048],[126.81555,37.50477],[126.81575,37.50468],[126.81586,37.50456],[126.81606,37.50431],[126.81625,37.50399],[126.81645,37.50375],[126.81655,37.50379],[126.81684,37.50393],[126.817,37.50411],[126.817,37.50419],[126.81694,37.50433],[126.81684,37.50456],[126.81682,37.50467],[126.817,37.50482],[126.81719,37.50491],[126.81723,37.50494],[126.81743,37.5051],[126.81779,37.50525],[126.81801,37.50538],[126.81812,37.50543],[126.81835,37.50548],[126.81846,37.50552],[126.81863,37.50556],[126.81885,37.50565],[126.81896,37.50572],[126.81895,37.50582],[126.81566,37.50566],[126.81499,37.50574],[126.81371,37.5059],[126.81367,37.50583]]]}},{"type":"Feature","properties":{"id":249872166},"geometry":{"type":"Polygon","coordinates":[[[126.84607,37.5133],[126.84521,37.51348],[126.84512,37.51323],[126.84503,37.51309],[126.84484,37.51299],[126.84455,37.51287],[126.84432,37.51274],[126.84419,37.51262],[126.84356,37.51304],[126.84299,37.51339],[126.84286,37.51347],[126.84258,37.51371],[126.8431,37.51467],[126.84353,37.51483],[126.84446,37.51504],[126.84483,37.51555],[126.84612,37.51544],[126.8469,37.51598],[126.84736,37.51589],[126.8486,37.51599],[126.84889,37.51534],[126.8493,37.51538],[126.8497,37.51542],[126.85,37.51546],[126.85101,37.51553],[126.8518,37.5156],[126.85197,37.51562],[126.85219,37.51564],[126.85246,37.51567],[126.8528,37.51574],[126.85342,37.51582],[126.85345,37.51526],[126.85346,37.51473],[126.85385,37.51468],[126.85384,37.51458],[126.85303,37.51389],[126.85265,37.51364],[126.85239,37.51345],[126.85252,37.51323],[126.85207,37.51294],[126.85133,37.51282],[126.85128,37.51292],[126.85119,37.51306],[126.85098,37.51337],[126.85085,37.51353],[126.85045,37.51345],[126.85,37.5133],[126.84988,37.51314],[126.85024,37.51249],[126.85011,37.51185],[126.85018,37.51168],[126.84847,37.51108],[126.84786,37.51088],[126.84709,37.51062],[126.8465,37.51042],[126.84629,37.5109],[126.84708,37.51136],[126.84742,37.51136],[126.8475,37.51149],[126.84757,37.51151],[126.84764,37.51191],[126.84709,37.51178],[126.84671,37.51156],[126.84654,37.51156],[126.84653,37.51164],[126.84591,37.51155],[126.84538,37.51151],[126.84486,37.51252],[126.84587,37.51284],[126.84607,37.5133]]]}},{"type":"Feature","properties":{"id":250073628},"geometry":{"type":"Polygon","coordinates":[[[126.84381,37.50935],[126.84404,37.5089],[126.84388,37.50886],[126.84378,37.50883],[126.84363,37.50878],[126.84341,37.50872],[126.84319,37.50914],[126.84381,37.50935]]]}},{"type":"Feature","properties":{"id":250107495},"geometry":{"type":"Polygon","coordinates":[[[126.86838,37.50822],[126.86863,37.50772],[126.86894,37.50778],[126.86924,37.50785],[126.86945,37.50795],[126.86963,37.50819],[126.86958,37.50841],[126.86948,37.50883],[126.8692,37.50867],[126.86848,37.50827],[126.86838,37.50822]]]}},{"type":"Feature","properties":{"id":250171546},"geometry":{"type":"Polygon","coordinates":[[[126.84072,37.51395],[126.84073,37.51392],[126.84137,37.51244],[126.84127,37.5124],[126.84098,37.51231],[126.84081,37.51225],[126.84033,37.51209],[126.84003,37.51273],[126.83971,37.51352],[126.83972,37.51357],[126.83975,37.51369],[126.83996,37.51385],[126.84005,37.51386],[126.84056,37.51393],[126.84072,37.51395]]]}},{"type":"Feature","properties":{"id":250367008},"geometry":{"type":"Polygon","coordinates":[[[126.84854,37.48049],[126.84859,37.48038],[126.8486,37.4803],[126.84855,37.48017],[126.84828,37.47965],[126.84794,37.47896],[126.84788,37.47886],[126.84774,37.47892],[126.84739,37.47894],[126.84725,37.47889],[126.84711,37.47891],[126.84664,37.47904],[126.84667,37.47946],[126.84664,37.47972],[126.84656,37.47985],[126.8465,37.48002],[126.8465,37.48018],[126.84651,37.48027],[126.84651,37.48037],[126.84647,37.48052],[126.84664,37.48069],[126.84684,37.48077],[126.84708,37.48084],[126.84732,37.48087],[126.84751,37.48089],[126.84765,37.48078],[126.84799,37.48067],[126.84854,37.48049]]]}},{"type":"Feature","properties":{"id":250372896},"geometry":{"type":"Polygon","coordinates":[[[126.87336,37.50297],[126.87393,37.50283],[126.87364,37.50168],[126.87381,37.50165],[126.8736,37.50154],[126.8734,37.50148],[126.87296,37.50156],[126.87336,37.50297]]]}},{"type":"Feature","properties":{"id":250488584},"geometry":{"type":"Polygon","coordinates":[[[126.86821,37.49221],[126.86827,37.49187],[126.86823,37.49148],[126.86826,37.49092],[126.86833,37.49087],[126.86887,37.49095],[126.86892,37.4911],[126.86884,37.49129],[126.86864,37.49207],[126.86834,37.49215],[126.86834,37.4922],[126.86821,37.49221]]]}},{"type":"Feature","properties":{"id":251647187},"geometry":{"type":"Polygon","coordinates":[[[126.94976,37.46043],[126.94974,37.46047],[126.94974,37.46053],[126.95051,37.4611],[126.95058,37.46112],[126.95111,37.46066],[126.95113,37.46062],[126.95112,37.46057],[126.95107,37.46053],[126.9505,37.4601],[126.95046,37.46008],[126.9504,37.46007],[126.95035,37.4601],[126.9502,37.46022],[126.95013,37.46026],[126.95005,37.46028],[126.94991,37.46035],[126.94976,37.46043]]]}},{"type":"Feature","properties":{"id":252642617},"geometry":{"type":"Polygon","coordinates":[[[126.87051,37.47043],[126.8703,37.47041],[126.87007,37.47059],[126.8699,37.47077],[126.86975,37.47099],[126.86968,37.47109],[126.86961,37.47129],[126.86963,37.47153],[126.86971,37.47172],[126.86978,37.47184],[126.86982,37.47195],[126.86984,37.47201],[126.8699,37.47221],[126.86994,37.47244],[126.87003,37.47265],[126.87008,37.47279],[126.87023,37.47303],[126.87042,37.47305],[126.8707,37.47312],[126.87095,37.47311],[126.87107,37.4731],[126.87133,37.47326],[126.87156,37.47314],[126.87187,37.4731],[126.87211,37.47297],[126.87229,37.47281],[126.87239,37.47275],[126.87278,37.47273],[126.87296,37.47273],[126.87294,37.47256],[126.87291,37.47238],[126.87282,37.47201],[126.87276,37.47176],[126.87275,37.47139],[126.87281,37.47121],[126.87286,37.47105],[126.87275,37.471],[126.87183,37.47055],[126.87137,37.47041],[126.87051,37.47043]]]}},{"type":"Feature","properties":{"id":252990467},"geometry":{"type":"Polygon","coordinates":[[[126.82738,37.47106],[126.82694,37.47054],[126.82685,37.47055],[126.82677,37.47049],[126.82675,37.47032],[126.82668,37.47023],[126.82655,37.47018],[126.82639,37.47016],[126.82624,37.47002],[126.82957,37.46829],[126.83014,37.46869],[126.83012,37.46874],[126.82988,37.46898],[126.82982,37.46913],[126.82975,37.46938],[126.82974,37.4695],[126.82975,37.46957],[126.82974,37.46965],[126.82968,37.46975],[126.82961,37.46985],[126.82942,37.47007],[126.82924,37.47022],[126.82918,37.47028],[126.82846,37.47069],[126.82813,37.47082],[126.82807,37.47083],[126.82738,37.47106]]]}},{"type":"Feature","properties":{"id":252995407},"geometry":{"type":"Polygon","coordinates":[[[126.89004,37.49715],[126.88915,37.4967],[126.88943,37.49636],[126.89031,37.49681],[126.89004,37.49715]]]}},{"type":"Feature","properties":{"id":253280337},"geometry":{"type":"Polygon","coordinates":[[[126.87522,37.53142],[126.87635,37.53152],[126.87643,37.53165],[126.87698,37.53167],[126.87687,37.53118],[126.87575,37.5311],[126.87575,37.53118],[126.87574,37.53124],[126.87569,37.53128],[126.87559,37.53135],[126.87551,37.53134],[126.87546,37.53133],[126.87543,37.53132],[126.8754,37.5313],[126.87537,37.53129],[126.87534,37.53127],[126.8753,37.53125],[126.87518,37.53127],[126.87522,37.53142]]]}},{"type":"Feature","properties":{"id":253472727},"geometry":{"type":"Polygon","coordinates":[[[126.83273,37.52796],[126.83252,37.52795],[126.83189,37.52793],[126.83166,37.52806],[126.83165,37.52823],[126.8316,37.52907],[126.83125,37.52906],[126.83119,37.52908],[126.83117,37.52916],[126.82936,37.52914],[126.82926,37.52961],[126.82909,37.52961],[126.82908,37.52991],[126.82863,37.53003],[126.82858,37.53031],[126.82804,37.53026],[126.82795,37.53029],[126.82791,37.5307],[126.82751,37.53074],[126.82725,37.53075],[126.82721,37.53053],[126.82695,37.52977],[126.82825,37.52911],[126.82808,37.52853],[126.82806,37.52802],[126.828,37.52794],[126.82783,37.52774],[126.8278,37.52771],[126.82772,37.52762],[126.82789,37.5269],[126.82745,37.52684],[126.8276,37.52622],[126.82767,37.52564],[126.82813,37.52503],[126.82838,37.525],[126.82968,37.52512],[126.83046,37.52498],[126.8325,37.52535],[126.8328,37.52545],[126.83274,37.52588],[126.83288,37.52605],[126.83274,37.52776],[126.83274,37.52783],[126.83274,37.52784],[126.83273,37.52796]]]}},{"type":"Feature","properties":{"id":253473110},"geometry":{"type":"Polygon","coordinates":[[[126.84465,37.53813],[126.8446,37.53813],[126.84374,37.53812],[126.84373,37.53764],[126.84437,37.53764],[126.84443,37.53727],[126.84422,37.53711],[126.84378,37.53704],[126.84402,37.53661],[126.84426,37.53627],[126.84432,37.53662],[126.84493,37.53665],[126.8449,37.53753],[126.8448,37.53809],[126.84465,37.53813]]]}},{"type":"Feature","properties":{"id":260251275},"geometry":{"type":"Polygon","coordinates":[[[126.89527,37.52608],[126.89505,37.52517],[126.8963,37.52498],[126.89653,37.52589],[126.89527,37.52608]]]}},{"type":"Feature","properties":{"id":260251282},"geometry":{"type":"Polygon","coordinates":[[[126.89375,37.51876],[126.89421,37.51869],[126.89415,37.51815],[126.89459,37.5181],[126.89392,37.51511],[126.89389,37.51506],[126.89376,37.51501],[126.89332,37.51518],[126.8937,37.517],[126.89375,37.51876]]]}},{"type":"Feature","properties":{"id":260779017},"geometry":{"type":"Polygon","coordinates":[[[126.83076,37.52693],[126.83146,37.52673],[126.83107,37.52589],[126.83039,37.52609],[126.83076,37.52693]]]}},{"type":"Feature","properties":{"id":261996465},"geometry":{"type":"Polygon","coordinates":[[[127.03749,37.47346],[127.03746,37.47359],[127.03737,37.47365],[127.03723,37.47368],[127.03719,37.47369],[127.03711,37.47368],[127.03491,37.47323],[127.03488,37.47322],[127.03484,37.47321],[127.03452,37.47315],[127.0339,37.47291],[127.03364,37.47278],[127.03335,37.4726],[127.03303,37.47239],[127.03273,37.47212],[127.03251,37.47188],[127.03236,37.47174],[127.03256,37.47154],[127.03281,37.47128],[127.03543,37.46858],[127.03588,37.46811],[127.03627,37.4677],[127.03696,37.46699],[127.03837,37.46553],[127.03857,37.46538],[127.03883,37.46526],[127.03903,37.46526],[127.03882,37.46557],[127.03853,37.46608],[127.0385,37.46642],[127.03838,37.46744],[127.03835,37.46772],[127.03813,37.46927],[127.03749,37.47346]]]}},{"type":"Feature","properties":{"id":262767372},"geometry":{"type":"Polygon","coordinates":[[[127.17435,37.44375],[127.17435,37.44393],[127.17321,37.444],[127.17156,37.44354],[127.16963,37.44565],[127.17069,37.44607],[127.17213,37.44611],[127.17248,37.44618],[127.17273,37.44633],[127.17292,37.44734],[127.17379,37.44741],[127.17473,37.44756],[127.17818,37.44565],[127.17853,37.44501],[127.17596,37.44442],[127.17647,37.44342],[127.1769,37.44296],[127.17656,37.44259],[127.17522,37.44076],[127.17421,37.4403],[127.17313,37.44208],[127.17417,37.44267],[127.17434,37.44347],[127.17435,37.44375]]]}},{"type":"Feature","properties":{"id":262789356},"geometry":{"type":"Polygon","coordinates":[[[126.86411,37.48372],[126.86411,37.48356],[126.86413,37.48337],[126.86423,37.4833],[126.86421,37.48323],[126.86408,37.4832],[126.86407,37.48309],[126.86439,37.48295],[126.86506,37.48322],[126.86518,37.4831],[126.86573,37.48334],[126.86604,37.48362],[126.86616,37.48407],[126.86604,37.48456],[126.86575,37.48456],[126.8655,37.48473],[126.8652,37.48475],[126.8651,37.48478],[126.86452,37.48468],[126.8644,37.48438],[126.86442,37.48417],[126.86422,37.48398],[126.86411,37.48372]]]}},{"type":"Feature","properties":{"id":262817100},"geometry":{"type":"Polygon","coordinates":[[[126.83052,37.52184],[126.83057,37.52176],[126.83117,37.52184],[126.83142,37.52192],[126.83155,37.52201],[126.83167,37.52237],[126.83133,37.52256],[126.83114,37.52248],[126.831,37.52251],[126.83081,37.52245],[126.83083,37.52241],[126.83077,37.52234],[126.83054,37.52234],[126.83051,37.5224],[126.83024,37.52228],[126.83052,37.52184]]]}},{"type":"Feature","properties":{"id":263437149},"geometry":{"type":"Polygon","coordinates":[[[127.15985,37.54137],[127.16033,37.54182],[127.16157,37.54337],[127.16189,37.5438],[127.16214,37.5439],[127.16216,37.54396],[127.1624,37.5445],[127.16244,37.54459],[127.16254,37.54472],[127.16282,37.54505],[127.16273,37.54541],[127.16248,37.54583],[127.1607,37.54563],[127.16038,37.54559],[127.16002,37.54554],[127.15973,37.5455],[127.15964,37.54549],[127.15935,37.54547],[127.15915,37.54547],[127.15897,37.54548],[127.1588,37.54552],[127.15856,37.54558],[127.15792,37.54574],[127.15727,37.54591],[127.15666,37.54605],[127.15648,37.54609],[127.1563,37.54611],[127.15617,37.54613],[127.15613,37.54613],[127.15609,37.54612],[127.15601,37.54609],[127.15577,37.54566],[127.15551,37.54516],[127.1553,37.54478],[127.15516,37.54451],[127.155,37.54416],[127.15457,37.54323],[127.1545,37.54309],[127.15363,37.54063],[127.15382,37.54078],[127.15404,37.54095],[127.1541,37.541],[127.15442,37.5411],[127.15481,37.54121],[127.15498,37.54124],[127.1551,37.54126],[127.15539,37.5413],[127.15565,37.54141],[127.15579,37.54147],[127.15601,37.54155],[127.15613,37.5416],[127.15695,37.54182],[127.15777,37.54192],[127.15847,37.54201],[127.15902,37.54196],[127.15939,37.54169],[127.15985,37.54137]]]}},{"type":"Feature","properties":{"id":263922491},"geometry":{"type":"Polygon","coordinates":[[[126.75533,37.51051],[126.75649,37.51035],[126.75644,37.51015],[126.75644,37.51012],[126.75643,37.51011],[126.75633,37.50963],[126.756,37.50968],[126.75594,37.50938],[126.75583,37.5094],[126.75556,37.50944],[126.7555,37.50945],[126.75556,37.50974],[126.75519,37.5098],[126.75533,37.51051]]]}},{"type":"Feature","properties":{"id":264124195},"geometry":{"type":"Polygon","coordinates":[[[126.81389,37.58092],[126.81447,37.58089],[126.81489,37.58122],[126.81504,37.58164],[126.81489,37.58186],[126.81404,37.58206],[126.81363,37.58218],[126.81338,37.58212],[126.81224,37.5826],[126.81204,37.58272],[126.81166,37.58254],[126.81142,37.58252],[126.81124,37.58236],[126.81136,37.58217],[126.81168,37.58172],[126.81208,37.58175],[126.8127,37.58151],[126.81389,37.58092]]]}},{"type":"Feature","properties":{"id":264690703},"geometry":{"type":"Polygon","coordinates":[[[126.76046,37.50656],[126.75937,37.50671],[126.75934,37.5066],[126.75931,37.50646],[126.75918,37.50647],[126.75892,37.5065],[126.75875,37.5059],[126.75892,37.50569],[126.75905,37.50553],[126.76021,37.5054],[126.76025,37.50558],[126.76046,37.50656]]]}},{"type":"Feature","properties":{"id":267623456},"geometry":{"type":"Polygon","coordinates":[[[126.75074,37.49692],[126.75133,37.49691],[126.75131,37.49611],[126.75131,37.49608],[126.7513,37.49605],[126.75128,37.49603],[126.75124,37.49603],[126.7512,37.49602],[126.7507,37.49603],[126.75074,37.49692]]]}},{"type":"Feature","properties":{"id":268554113},"geometry":{"type":"Polygon","coordinates":[[[126.93085,37.54551],[126.9315,37.54544],[126.93155,37.54536],[126.93147,37.54525],[126.93136,37.5452],[126.93077,37.54504],[126.93067,37.54506],[126.9306,37.54509],[126.93085,37.54551]]]}},{"type":"Feature","properties":{"id":273984196},"geometry":{"type":"Polygon","coordinates":[[[126.93872,37.47978],[126.9386,37.48003],[126.93861,37.48015],[126.93845,37.48048],[126.93849,37.48054],[126.93904,37.48034],[126.93896,37.4802],[126.93883,37.47997],[126.93872,37.47978]]]}},{"type":"Feature","properties":{"id":276664263},"geometry":{"type":"Polygon","coordinates":[[[126.85727,37.51536],[126.85726,37.51559],[126.85723,37.51557],[126.85715,37.51534],[126.85566,37.51491],[126.85566,37.51489],[126.85551,37.51484],[126.85591,37.51396],[126.85606,37.51392],[126.85648,37.51405],[126.8566,37.51411],[126.85697,37.51422],[126.85727,37.5143],[126.85735,37.51437],[126.85727,37.51536]]]}},{"type":"Feature","properties":{"id":276664704},"geometry":{"type":"Polygon","coordinates":[[[126.85828,37.50924],[126.85828,37.50924],[126.85815,37.50949],[126.85819,37.50952],[126.85788,37.51003],[126.8573,37.51103],[126.85721,37.51117],[126.85636,37.51254],[126.85632,37.51254],[126.85576,37.51208],[126.85541,37.51195],[126.85538,37.51177],[126.85523,37.51166],[126.85499,37.51148],[126.8549,37.51134],[126.8547,37.51114],[126.85465,37.51093],[126.85444,37.51076],[126.85414,37.51066],[126.8539,37.51064],[126.85374,37.51068],[126.85353,37.51085],[126.85327,37.51125],[126.85255,37.51101],[126.85229,37.51102],[126.85201,37.51104],[126.8519,37.51105],[126.85165,37.51108],[126.85113,37.51087],[126.85054,37.51069],[126.85015,37.51057],[126.8499,37.51059],[126.84962,37.51074],[126.84922,37.51093],[126.84907,37.51096],[126.84892,37.51089],[126.84873,37.51077],[126.84839,37.51054],[126.84805,37.51034],[126.84793,37.51027],[126.84788,37.51018],[126.84785,37.50999],[126.8477,37.50969],[126.84741,37.5099],[126.84718,37.50992],[126.84688,37.50986],[126.84647,37.50968],[126.84644,37.50967],[126.84635,37.50963],[126.84637,37.50961],[126.84639,37.50958],[126.84643,37.50946],[126.84654,37.50934],[126.84666,37.50914],[126.84632,37.50896],[126.8463,37.50887],[126.8463,37.50854],[126.84636,37.50841],[126.84639,37.50822],[126.84643,37.50815],[126.84649,37.50803],[126.84657,37.508],[126.84663,37.50804],[126.84665,37.50808],[126.84676,37.50813],[126.84693,37.50807],[126.847,37.50806],[126.84708,37.50809],[126.84724,37.50816],[126.84754,37.50812],[126.84774,37.5081],[126.84798,37.50803],[126.84814,37.50801],[126.84833,37.50808],[126.84856,37.50812],[126.84893,37.5081],[126.84914,37.50815],[126.84957,37.50815],[126.8499,37.50834],[126.85013,37.50854],[126.85031,37.50868],[126.85059,37.50884],[126.85085,37.50907],[126.85108,37.50918],[126.85138,37.50926],[126.85162,37.50935],[126.852,37.50943],[126.85263,37.50955],[126.85299,37.50938],[126.85309,37.50934],[126.8532,37.50929],[126.85347,37.50916],[126.85366,37.50905],[126.85371,37.50902],[126.85389,37.50887],[126.85401,37.50873],[126.8541,37.50866],[126.85399,37.50851],[126.8543,37.50837],[126.85417,37.50821],[126.85443,37.5081],[126.85461,37.50808],[126.85459,37.50801],[126.85453,37.50784],[126.85452,37.50764],[126.85457,37.50754],[126.85459,37.50743],[126.85466,37.50735],[126.85495,37.50729],[126.85512,37.50724],[126.85522,37.50722],[126.85544,37.50718],[126.85559,37.50708],[126.85567,37.50706],[126.85581,37.50703],[126.85604,37.50704],[126.85632,37.50702],[126.85642,37.50709],[126.85655,37.50719],[126.85695,37.50752],[126.85721,37.50769],[126.85735,37.50784],[126.85754,37.50803],[126.85778,37.5083],[126.85742,37.50891],[126.85828,37.50924]]]}},{"type":"Feature","properties":{"id":276668961},"geometry":{"type":"Polygon","coordinates":[[[126.86172,37.51245],[126.86178,37.51267],[126.86132,37.51281],[126.86119,37.51277],[126.86088,37.51218],[126.86089,37.51216],[126.8617,37.51243],[126.86172,37.51245]]]}},{"type":"Feature","properties":{"id":276726074},"geometry":{"type":"Polygon","coordinates":[[[126.87396,37.52727],[126.87354,37.52733],[126.87317,37.52738],[126.8724,37.52749],[126.87231,37.52748],[126.87234,37.52755],[126.87243,37.52801],[126.87246,37.52813],[126.87248,37.52825],[126.87259,37.52871],[126.87266,37.52875],[126.87341,37.52865],[126.87418,37.52854],[126.87426,37.52847],[126.87402,37.52733],[126.87396,37.52727]]]}},{"type":"Feature","properties":{"id":277170980},"geometry":{"type":"Polygon","coordinates":[[[126.75287,37.49282],[126.75276,37.49272],[126.75276,37.49217],[126.75276,37.49204],[126.75276,37.49192],[126.75353,37.49191],[126.75353,37.49164],[126.75416,37.49163],[126.75422,37.49164],[126.75426,37.49167],[126.75452,37.49275],[126.75442,37.4928],[126.75287,37.49282]]]}},{"type":"Feature","properties":{"id":277173812},"geometry":{"type":"Polygon","coordinates":[[[126.74809,37.49042],[126.74931,37.49041],[126.7493,37.48994],[126.74909,37.48994],[126.7489,37.48995],[126.74842,37.48995],[126.74842,37.49022],[126.74809,37.49023],[126.74809,37.49042]]]}},{"type":"Feature","properties":{"id":277523924},"geometry":{"type":"Polygon","coordinates":[[[126.91226,37.51531],[126.9123,37.51541],[126.91233,37.51551],[126.91236,37.51559],[126.91237,37.51565],[126.91237,37.51574],[126.91237,37.51577],[126.91227,37.51642],[126.91223,37.51647],[126.91218,37.51646],[126.91215,37.51663],[126.91217,37.51672],[126.91215,37.51672],[126.91184,37.51669],[126.91164,37.51667],[126.91067,37.5165],[126.91043,37.51644],[126.91021,37.51638],[126.90995,37.51629],[126.91006,37.51579],[126.90941,37.51563],[126.90942,37.51557],[126.90946,37.51542],[126.90963,37.51473],[126.90961,37.51464],[126.90963,37.5146],[126.90967,37.51456],[126.9097,37.51455],[126.90978,37.51452],[126.90988,37.5145],[126.90993,37.51449],[126.90995,37.51448],[126.90979,37.51361],[126.91018,37.51367],[126.91034,37.51357],[126.91063,37.51366],[126.91088,37.51399],[126.91094,37.51397],[126.91099,37.51396],[126.91105,37.51397],[126.9111,37.51399],[126.91115,37.51403],[126.9114,37.51436],[126.91143,37.5144],[126.91146,37.51443],[126.9115,37.51446],[126.91161,37.51453],[126.91168,37.51456],[126.91226,37.51531]]]}},{"type":"Feature","properties":{"id":277547460},"geometry":{"type":"Polygon","coordinates":[[[126.8836,37.51409],[126.88393,37.51394],[126.88468,37.5136],[126.88515,37.51339],[126.88525,37.51336],[126.8854,37.51328],[126.88605,37.51293],[126.8863,37.51281],[126.88713,37.51252],[126.88787,37.51221],[126.88827,37.51202],[126.88857,37.51184],[126.88887,37.51166],[126.88926,37.51139],[126.89,37.51083],[126.89004,37.51082],[126.89048,37.51052],[126.89058,37.51058],[126.89064,37.51052],[126.89143,37.51091],[126.89073,37.51181],[126.89051,37.51202],[126.89031,37.51214],[126.89007,37.51231],[126.88968,37.51254],[126.88912,37.51284],[126.8871,37.51381],[126.88529,37.51468],[126.88435,37.51515],[126.88377,37.51543],[126.88286,37.51578],[126.8828,37.51579],[126.88271,37.51578],[126.88269,37.51576],[126.88265,37.51571],[126.88214,37.51505],[126.8825,37.51478],[126.88275,37.51467],[126.88285,37.51462],[126.88312,37.51438],[126.88324,37.5143],[126.8836,37.51409]]]}},{"type":"Feature","properties":{"id":279697522},"geometry":{"type":"Polygon","coordinates":[[[126.72955,37.53267],[126.72884,37.53192],[126.72803,37.53235],[126.72803,37.53264],[126.72865,37.53324],[126.72955,37.53267]]]}},{"type":"Feature","properties":{"id":279831027},"geometry":{"type":"Polygon","coordinates":[[[126.74426,37.68308],[126.74453,37.68344],[126.74564,37.68492],[126.74601,37.68513],[126.74538,37.68535],[126.74482,37.68563],[126.74429,37.68574],[126.74377,37.68568],[126.74323,37.68546],[126.74285,37.68515],[126.74248,37.68471],[126.74198,37.68415],[126.7423,37.68393],[126.74301,37.6836],[126.74381,37.68323],[126.74426,37.68308]]]}},{"type":"Feature","properties":{"id":281753264},"geometry":{"type":"Polygon","coordinates":[[[126.70088,37.46339],[126.70205,37.46428],[126.70231,37.46462],[126.70303,37.46755],[126.70304,37.46767],[126.70296,37.46775],[126.70288,37.46777],[126.70277,37.46737],[126.70264,37.46704],[126.70244,37.46674],[126.70211,37.46637],[126.70165,37.46594],[126.70146,37.46573],[126.7013,37.46547],[126.70128,37.46547],[126.70125,37.46548],[126.70137,37.46574],[126.70116,37.46561],[126.70117,37.46553],[126.70099,37.46544],[126.70088,37.46339]]]}},{"type":"Feature","properties":{"id":282429020},"geometry":{"type":"Polygon","coordinates":[[[127.04608,37.47176],[127.04648,37.47106],[127.0466,37.47083],[127.04732,37.47104],[127.04635,37.47187],[127.04608,37.47176]]]}},{"type":"Feature","properties":{"id":285364009},"geometry":{"type":"Polygon","coordinates":[[[126.94673,37.51429],[126.94696,37.51379],[126.94741,37.51363],[126.9475,37.51344],[126.94904,37.51304],[126.94985,37.51294],[126.95042,37.51292],[126.95062,37.51294],[126.95065,37.51301],[126.9507,37.51314],[126.95071,37.51328],[126.95062,37.51336],[126.95043,37.51363],[126.95016,37.51385],[126.94981,37.5138],[126.94956,37.51405],[126.94935,37.51432],[126.94909,37.51434],[126.94889,37.51446],[126.94863,37.51447],[126.94844,37.51441],[126.94816,37.51426],[126.94775,37.51425],[126.94744,37.5144],[126.94714,37.51448],[126.94697,37.51447],[126.94673,37.51429]]]}},{"type":"Feature","properties":{"id":285364014},"geometry":{"type":"Polygon","coordinates":[[[126.95187,37.51454],[126.95192,37.51464],[126.95198,37.5147],[126.95214,37.51471],[126.95546,37.51377],[126.95557,37.51367],[126.95563,37.51354],[126.95543,37.5134],[126.95491,37.51309],[126.95469,37.51301],[126.95447,37.51294],[126.95396,37.51287],[126.95373,37.51284],[126.95345,37.51282],[126.95258,37.51283],[126.95238,37.51287],[126.9523,37.51295],[126.95187,37.51454]]]}},{"type":"Feature","properties":{"id":285556173},"geometry":{"type":"Polygon","coordinates":[[[126.92635,37.50645],[126.92634,37.50651],[126.92627,37.50679],[126.92631,37.50774],[126.92668,37.50823],[126.9266,37.50866],[126.92625,37.50865],[126.92595,37.50874],[126.92587,37.50884],[126.92589,37.50916],[126.92595,37.50922],[126.92654,37.50928],[126.92718,37.5097],[126.9274,37.51056],[126.92809,37.51075],[126.92827,37.51091],[126.92832,37.51115],[126.92918,37.51122],[126.93005,37.51171],[126.93033,37.51174],[126.93054,37.51166],[126.93063,37.51153],[126.92941,37.51055],[126.92845,37.50957],[126.92846,37.50935],[126.92841,37.50917],[126.9281,37.50892],[126.92778,37.50853],[126.92778,37.50846],[126.92821,37.50807],[126.92832,37.50782],[126.92903,37.50728],[126.92912,37.50718],[126.92861,37.50687],[126.92774,37.50639],[126.9274,37.50628],[126.92709,37.50624],[126.9269,37.50628],[126.92681,37.5063],[126.92641,37.50639],[126.92635,37.50645]]]}},{"type":"Feature","properties":{"id":286555214},"geometry":{"type":"Polygon","coordinates":[[[126.91668,37.49056],[126.91645,37.49057],[126.91619,37.49053],[126.91606,37.49073],[126.91612,37.49084],[126.91596,37.49092],[126.91611,37.49118],[126.91606,37.49127],[126.91611,37.4914],[126.91621,37.49146],[126.91625,37.49156],[126.91609,37.49165],[126.9162,37.4918],[126.91589,37.49209],[126.91589,37.49249],[126.91621,37.49249],[126.91628,37.49335],[126.91707,37.49335],[126.91707,37.49325],[126.91763,37.49324],[126.91793,37.49346],[126.91792,37.49411],[126.91843,37.49412],[126.91864,37.49426],[126.91814,37.4958],[126.91988,37.49621],[126.92116,37.49561],[126.92179,37.49533],[126.92226,37.495],[126.92257,37.49506],[126.92311,37.4949],[126.92346,37.49509],[126.92365,37.49502],[126.92423,37.49516],[126.92457,37.49516],[126.9248,37.4951],[126.92525,37.49478],[126.92549,37.49469],[126.92519,37.49394],[126.92612,37.49321],[126.92606,37.49294],[126.92559,37.49298],[126.92562,37.49312],[126.92553,37.49323],[126.92497,37.49347],[126.92496,37.49354],[126.92494,37.49359],[126.92492,37.49364],[126.92487,37.49369],[126.92482,37.49373],[126.92476,37.49377],[126.9247,37.49381],[126.92462,37.49383],[126.92483,37.49471],[126.92386,37.49486],[126.92364,37.49474],[126.92346,37.4939],[126.92325,37.49297],[126.92258,37.49027],[126.92248,37.49029],[126.92205,37.49041],[126.9211,37.49055],[126.92056,37.49056],[126.91889,37.49033],[126.91878,37.49047],[126.91856,37.49056],[126.9176,37.49071],[126.91668,37.49056]]]}},{"type":"Feature","properties":{"id":294783386},"geometry":{"type":"Polygon","coordinates":[[[127.13677,37.59679],[127.13583,37.59658],[127.13525,37.59648],[127.13504,37.59643],[127.13474,37.59622],[127.13455,37.59591],[127.13454,37.59559],[127.13458,37.59546],[127.13469,37.5954],[127.13473,37.59518],[127.13465,37.59489],[127.13446,37.59462],[127.13434,37.59447],[127.13435,37.59433],[127.13448,37.59423],[127.1347,37.59423],[127.1349,37.59429],[127.135,37.59434],[127.13505,37.59447],[127.13517,37.59454],[127.13536,37.59459],[127.13553,37.59463],[127.13564,37.59461],[127.13561,37.59453],[127.13576,37.59453],[127.13581,37.59449],[127.13613,37.59457],[127.13662,37.5947],[127.13718,37.59483],[127.13723,37.59489],[127.13709,37.59535],[127.13696,37.59583],[127.13688,37.59629],[127.13677,37.59679]]]}},{"type":"Feature","properties":{"id":298518901},"geometry":{"type":"Polygon","coordinates":[[[126.98004,37.60165],[126.98009,37.60176],[126.98066,37.60194],[126.98068,37.602],[126.98074,37.60205],[126.98086,37.60206],[126.98089,37.60209],[126.98106,37.60207],[126.98109,37.60217],[126.98127,37.60215],[126.98125,37.60205],[126.98134,37.60204],[126.98134,37.60192],[126.98155,37.60187],[126.9814,37.60176],[126.9812,37.60161],[126.98105,37.6015],[126.98095,37.60144],[126.98082,37.60139],[126.98017,37.60133],[126.98004,37.60136],[126.98002,37.60139],[126.97999,37.60142],[126.98004,37.60165]]]}},{"type":"Feature","properties":{"id":299177417},"geometry":{"type":"Polygon","coordinates":[[[126.90672,37.53604],[126.90663,37.53626],[126.90655,37.53646],[126.90638,37.53674],[126.90626,37.53691],[126.90615,37.53702],[126.906,37.53712],[126.90582,37.5372],[126.90581,37.53721],[126.9058,37.53722],[126.90577,37.53722],[126.90573,37.53723],[126.90565,37.53725],[126.90559,37.53725],[126.90551,37.53724],[126.90544,37.53725],[126.90536,37.53732],[126.9053,37.53744],[126.90485,37.53791],[126.90374,37.53856],[126.90304,37.539],[126.90253,37.53934],[126.90165,37.53989],[126.90053,37.54065],[126.89861,37.54183],[126.89736,37.54261],[126.89667,37.54304],[126.89578,37.54361],[126.89499,37.54412],[126.89485,37.54424],[126.89477,37.5443],[126.89458,37.54441],[126.89432,37.54455],[126.89389,37.54477],[126.89334,37.5451],[126.8926,37.54559],[126.8915,37.54629],[126.89112,37.5465],[126.89107,37.54652],[126.89092,37.54663],[126.89088,37.54666],[126.89087,37.54669],[126.89087,37.54674],[126.89086,37.54678],[126.89085,37.54682],[126.89082,37.54686],[126.89079,37.54688],[126.89068,37.54696],[126.8906,37.54701],[126.89054,37.54702],[126.89046,37.54701],[126.89037,37.54699],[126.89031,37.54698],[126.89028,37.54698],[126.89064,37.54611],[126.89081,37.5459],[126.89177,37.5447],[126.89256,37.5439],[126.89605,37.54193],[126.89797,37.54073],[126.90027,37.53942],[126.90142,37.53879],[126.90216,37.53833],[126.90296,37.53767],[126.9038,37.53704],[126.9046,37.53658],[126.90614,37.53578],[126.90675,37.53543],[126.90767,37.53473],[126.90837,37.53416],[126.90918,37.53344],[126.90952,37.53431],[126.90868,37.53479],[126.90851,37.53486],[126.90838,37.53487],[126.90831,37.53485],[126.90824,37.53485],[126.90818,37.53486],[126.90815,37.53487],[126.9081,37.53493],[126.9079,37.53507],[126.90707,37.53565],[126.9069,37.53579],[126.90678,37.53591],[126.90672,37.53604]]]}},{"type":"Feature","properties":{"id":299780629},"geometry":{"type":"Polygon","coordinates":[[[126.92289,37.55231],[126.92288,37.55217],[126.92312,37.5521],[126.92321,37.55207],[126.92326,37.55205],[126.92339,37.55205],[126.92348,37.55216],[126.92352,37.55222],[126.9237,37.55241],[126.92377,37.5525],[126.92374,37.55254],[126.92364,37.55252],[126.92359,37.55251],[126.92348,37.55248],[126.92343,37.55246],[126.92323,37.55239],[126.92316,37.55237],[126.92309,37.55236],[126.92299,37.55234],[126.92291,37.55233],[126.92289,37.55231]]]}},{"type":"Feature","properties":{"id":300131946},"geometry":{"type":"Polygon","coordinates":[[[126.8707,37.46402],[126.87038,37.46407],[126.87019,37.46388],[126.87007,37.46377],[126.86994,37.46371],[126.86985,37.46367],[126.86979,37.46354],[126.87002,37.46327],[126.87028,37.46312],[126.87021,37.46284],[126.87035,37.46267],[126.87041,37.46213],[126.8704,37.46191],[126.87043,37.46164],[126.87064,37.46129],[126.87042,37.46099],[126.87032,37.46074],[126.87003,37.46081],[126.86994,37.46044],[126.8701,37.46027],[126.86981,37.46006],[126.8698,37.45978],[126.87016,37.45963],[126.871,37.46016],[126.8715,37.46049],[126.8718,37.46069],[126.87192,37.46057],[126.872,37.46062],[126.87205,37.46065],[126.8727,37.46122],[126.87281,37.46175],[126.87281,37.46203],[126.87287,37.46229],[126.87282,37.46259],[126.8707,37.46402]]]}},{"type":"Feature","properties":{"id":300403710},"geometry":{"type":"Polygon","coordinates":[[[126.90302,37.55143],[126.90293,37.55135],[126.90289,37.55121],[126.90292,37.55103],[126.9034,37.55058],[126.90354,37.55052],[126.90353,37.55064],[126.90335,37.55098],[126.90343,37.55146],[126.90369,37.55157],[126.90381,37.55155],[126.90394,37.55156],[126.90391,37.5517],[126.90344,37.55158],[126.90302,37.55143]]]}},{"type":"Feature","properties":{"id":301758824},"geometry":{"type":"Polygon","coordinates":[[[126.70055,37.62554],[126.70097,37.6251],[126.70173,37.62559],[126.70136,37.62596],[126.70132,37.62597],[126.70128,37.62598],[126.70124,37.62597],[126.70117,37.62593],[126.70055,37.62554]]]}},{"type":"Feature","properties":{"id":301855864},"geometry":{"type":"Polygon","coordinates":[[[126.70036,37.62858],[126.70073,37.6288],[126.70084,37.6288],[126.70149,37.62811],[126.70148,37.62804],[126.70111,37.6278],[126.70036,37.62858]]]}},{"type":"Feature","properties":{"id":303397751},"geometry":{"type":"Polygon","coordinates":[[[126.70836,37.63634],[126.70857,37.63628],[126.70884,37.6362],[126.70889,37.63615],[126.70893,37.63607],[126.70933,37.63617],[126.70907,37.63688],[126.70899,37.63688],[126.70891,37.63708],[126.70884,37.63726],[126.70879,37.63743],[126.70875,37.63772],[126.70856,37.63818],[126.7084,37.6386],[126.70827,37.63889],[126.7082,37.63912],[126.70813,37.63935],[126.70798,37.63969],[126.70774,37.64018],[126.70753,37.64009],[126.70748,37.64006],[126.70745,37.64004],[126.70732,37.63997],[126.7069,37.63983],[126.70664,37.63952],[126.70642,37.63926],[126.70615,37.63903],[126.70598,37.63893],[126.70575,37.63883],[126.70522,37.63862],[126.70413,37.63825],[126.70352,37.63806],[126.70342,37.63802],[126.70336,37.63795],[126.70339,37.63762],[126.7034,37.63745],[126.70342,37.63729],[126.7035,37.63729],[126.70348,37.63743],[126.70371,37.63744],[126.70375,37.6374],[126.70376,37.63731],[126.70424,37.63733],[126.70441,37.63731],[126.70457,37.63723],[126.70467,37.63719],[126.70485,37.63718],[126.70502,37.63723],[126.70522,37.63729],[126.70536,37.63732],[126.70559,37.63732],[126.7059,37.63725],[126.70622,37.63721],[126.70643,37.63718],[126.7067,37.63715],[126.70703,37.63711],[126.70729,37.63709],[126.70736,37.63704],[126.70742,37.63699],[126.70747,37.637],[126.70753,37.63706],[126.7076,37.63701],[126.70761,37.6369],[126.70749,37.63682],[126.70757,37.63673],[126.70764,37.63658],[126.70767,37.6364],[126.70793,37.6364],[126.70813,37.63639],[126.70836,37.63634]]]}},{"type":"Feature","properties":{"id":303550179},"geometry":{"type":"Polygon","coordinates":[[[127.00412,37.49054],[127.0023,37.49009],[127.00224,37.49007],[127.00162,37.48988],[127.00148,37.49017],[127.00211,37.49035],[127.00396,37.49087],[127.00415,37.49093],[127.00418,37.49094],[127.0042,37.49096],[127.00421,37.49099],[127.00421,37.49102],[127.0042,37.49104],[127.00385,37.49162],[127.00291,37.49249],[127.00207,37.49318],[127.00168,37.49341],[127.00104,37.49316],[127.00044,37.49314],[126.99995,37.49347],[126.9996,37.49357],[126.99944,37.49401],[126.99913,37.49406],[126.99865,37.49409],[126.9981,37.49368],[126.99756,37.4934],[126.99796,37.49305],[126.99811,37.49236],[126.99799,37.49203],[126.99792,37.49184],[126.99682,37.49041],[126.99736,37.4895],[126.99886,37.4895],[126.9993,37.48964],[126.99953,37.48926],[126.9998,37.48838],[126.99931,37.48803],[126.9997,37.48744],[126.99995,37.4865],[127.00017,37.48637],[127.00006,37.48606],[126.99963,37.48574],[126.99926,37.48575],[126.99916,37.48567],[126.99844,37.48572],[126.99866,37.48549],[126.99882,37.48538],[126.99905,37.48525],[126.99952,37.48495],[126.99945,37.48478],[126.99947,37.48468],[126.99957,37.48456],[126.99938,37.48419],[126.99959,37.48411],[126.9994,37.48382],[126.99947,37.48367],[126.99923,37.4836],[126.99909,37.48313],[126.99879,37.48296],[126.99867,37.48298],[126.99888,37.48289],[126.99907,37.48292],[126.99933,37.48313],[127.00003,37.4835],[127.00058,37.48356],[127.00109,37.48345],[127.0018,37.48317],[127.00204,37.48255],[127.00226,37.48368],[127.0024,37.48406],[127.00262,37.48413],[127.00251,37.48464],[127.00233,37.48465],[127.00189,37.48518],[127.00136,37.48546],[127.00183,37.48599],[127.00302,37.4865],[127.00297,37.48738],[127.00345,37.48747],[127.00348,37.48767],[127.00378,37.48773],[127.00396,37.48767],[127.00389,37.48729],[127.0042,37.48726],[127.00429,37.48781],[127.00435,37.48815],[127.00432,37.48837],[127.00377,37.48846],[127.00412,37.49054]]]}},{"type":"Feature","properties":{"id":303964376},"geometry":{"type":"Polygon","coordinates":[[[127.04635,37.69082],[127.0465,37.6901],[127.04659,37.68964],[127.04669,37.68948],[127.04686,37.68928],[127.04698,37.68909],[127.0472,37.68873],[127.04743,37.68824],[127.04752,37.68816],[127.0476,37.68811],[127.04778,37.68809],[127.04805,37.68812],[127.04879,37.6882],[127.04903,37.68822],[127.04906,37.68822],[127.04909,37.68823],[127.04911,37.68826],[127.04914,37.68827],[127.04915,37.68829],[127.04917,37.68831],[127.04917,37.68832],[127.0491,37.69062],[127.04902,37.69091],[127.04635,37.69082]]]}},{"type":"Feature","properties":{"id":305212526},"geometry":{"type":"Polygon","coordinates":[[[126.96378,37.58291],[126.96412,37.58311],[126.96435,37.583],[126.96445,37.58296],[126.96435,37.58284],[126.96427,37.58272],[126.96421,37.58265],[126.9641,37.58262],[126.96393,37.58258],[126.964,37.58244],[126.96397,37.58242],[126.96397,37.5823],[126.96394,37.58221],[126.96392,37.58209],[126.96379,37.5819],[126.96248,37.58183],[126.9617,37.58223],[126.96188,37.58301],[126.9626,37.58291],[126.96378,37.58291]]]}},{"type":"Feature","properties":{"id":305888862},"geometry":{"type":"Polygon","coordinates":[[[126.93267,37.5048],[126.93275,37.50457],[126.93311,37.50483],[126.93382,37.50492],[126.93451,37.50528],[126.93438,37.50543],[126.93373,37.50518],[126.9335,37.50508],[126.93288,37.50499],[126.93277,37.50502],[126.93267,37.5048]]]}},{"type":"Feature","properties":{"id":305888863},"geometry":{"type":"Polygon","coordinates":[[[126.93436,37.50564],[126.93457,37.50564],[126.93486,37.5064],[126.93557,37.5064],[126.93573,37.5066],[126.936,37.50659],[126.93602,37.50688],[126.93518,37.50692],[126.93467,37.50662],[126.93464,37.50634],[126.93436,37.50564]]]}},{"type":"Feature","properties":{"id":306812821},"geometry":{"type":"Polygon","coordinates":[[[126.91473,37.55114],[126.91477,37.55101],[126.91447,37.55058],[126.9143,37.5502],[126.91432,37.55022],[126.91435,37.55024],[126.91439,37.55034],[126.91517,37.55125],[126.91492,37.55159],[126.91482,37.55168],[126.91452,37.55146],[126.91446,37.55138],[126.91473,37.55114]]]}},{"type":"Feature","properties":{"id":306812822},"geometry":{"type":"Polygon","coordinates":[[[126.91367,37.55159],[126.91282,37.55142],[126.91269,37.55182],[126.91332,37.55194],[126.91337,37.55178],[126.9136,37.55182],[126.91367,37.55159]]]}},{"type":"Feature","properties":{"id":308073794},"geometry":{"type":"Polygon","coordinates":[[[127.00348,37.49642],[127.00329,37.49474],[127.00354,37.49459],[127.00388,37.49462],[127.00427,37.4946],[127.00447,37.49635],[127.00348,37.49642]]]}},{"type":"Feature","properties":{"id":310235233},"geometry":{"type":"Polygon","coordinates":[[[126.74624,37.53439],[126.7463,37.53327],[126.74569,37.53327],[126.74568,37.53296],[126.74518,37.53308],[126.74446,37.53325],[126.74396,37.53337],[126.74426,37.53309],[126.74441,37.53305],[126.74481,37.53298],[126.74505,37.53288],[126.7452,37.5328],[126.74548,37.53271],[126.74567,37.5327],[126.74591,37.53271],[126.74602,37.53269],[126.7462,37.53264],[126.74624,37.53265],[126.74636,37.53261],[126.74647,37.53255],[126.74654,37.53246],[126.74662,37.53241],[126.74681,37.53235],[126.74682,37.53094],[126.74837,37.531],[126.75149,37.53122],[126.75167,37.53123],[126.75168,37.53202],[126.75146,37.53205],[126.75137,37.53216],[126.75121,37.5333],[126.75098,37.53443],[126.74965,37.53442],[126.74962,37.53442],[126.74631,37.53439],[126.74624,37.53439]]]}},{"type":"Feature","properties":{"id":312881225},"geometry":{"type":"Polygon","coordinates":[[[126.7384,37.53142],[126.73866,37.53368],[126.73876,37.53368],[126.7385,37.53141],[126.7384,37.53142]]]}},{"type":"Feature","properties":{"id":312881235},"geometry":{"type":"Polygon","coordinates":[[[126.72613,37.5268],[126.7261,37.52686],[126.72526,37.52685],[126.72526,37.52562],[126.72529,37.5256],[126.72597,37.52561],[126.72601,37.52564],[126.72613,37.5268]]]}},{"type":"Feature","properties":{"id":315204748},"geometry":{"type":"Polygon","coordinates":[[[126.69473,37.43962],[126.69508,37.43911],[126.69522,37.43904],[126.69531,37.43892],[126.69818,37.43903],[126.69937,37.43901],[126.69978,37.43903],[126.70096,37.43899],[126.70122,37.43903],[126.70219,37.43901],[126.70227,37.43961],[126.70158,37.43951],[126.70092,37.43967],[126.70022,37.43983],[126.69974,37.43985],[126.69965,37.43984],[126.69954,37.43984],[126.69939,37.43979],[126.6993,37.43975],[126.69921,37.43969],[126.69911,37.43967],[126.69901,37.43968],[126.69883,37.43971],[126.69867,37.43972],[126.6985,37.43971],[126.69827,37.4397],[126.69826,37.43962],[126.69825,37.43955],[126.69753,37.43934],[126.69706,37.43934],[126.69647,37.43945],[126.69563,37.43956],[126.69478,37.43963],[126.69473,37.43962]]]}},{"type":"Feature","properties":{"id":317148750},"geometry":{"type":"Polygon","coordinates":[[[126.71634,37.48936],[126.71649,37.49022],[126.71641,37.49032],[126.71635,37.49043],[126.71631,37.49056],[126.71629,37.49067],[126.71629,37.49089],[126.71622,37.49094],[126.71608,37.49093],[126.71356,37.49085],[126.71348,37.49074],[126.71339,37.49057],[126.71333,37.49035],[126.71329,37.49015],[126.71332,37.48973],[126.71332,37.48964],[126.71326,37.48939],[126.71259,37.48878],[126.71178,37.48804],[126.71101,37.48731],[126.71091,37.4872],[126.71077,37.48697],[126.71069,37.48678],[126.71069,37.48675],[126.71069,37.48667],[126.71077,37.4864],[126.71085,37.48622],[126.71103,37.48597],[126.71108,37.48602],[126.71454,37.48822],[126.71634,37.48936]]]}},{"type":"Feature","properties":{"id":317297706},"geometry":{"type":"Polygon","coordinates":[[[126.8148,37.57156],[126.81476,37.57092],[126.8153,37.5709],[126.81539,37.57096],[126.81543,37.5715],[126.81535,37.57156],[126.8148,37.57156]]]}},{"type":"Feature","properties":{"id":330666503},"geometry":{"type":"Polygon","coordinates":[[[126.90176,37.55109],[126.90138,37.55137],[126.90021,37.55221],[126.89943,37.55277],[126.8987,37.55331],[126.89783,37.55391],[126.89671,37.55462],[126.89638,37.5547],[126.89623,37.55488],[126.8962,37.55498],[126.89447,37.55633],[126.89378,37.55578],[126.89571,37.55435],[126.89654,37.55372],[126.89715,37.5533],[126.89724,37.55324],[126.89842,37.55241],[126.90171,37.54998],[126.90498,37.54767],[126.90669,37.54664],[126.90977,37.54442],[126.90905,37.54535],[126.90857,37.54588],[126.90822,37.54619],[126.90743,37.54682],[126.90531,37.54841],[126.90469,37.54885],[126.90447,37.549],[126.90262,37.55041],[126.90219,37.55078],[126.90214,37.55081],[126.90176,37.55109]]]}},{"type":"Feature","properties":{"id":333173477},"geometry":{"type":"Polygon","coordinates":[[[127.0182,37.43194],[127.01866,37.43115],[127.01839,37.43105],[127.01835,37.43089],[127.01844,37.43064],[127.01877,37.43046],[127.01891,37.43034],[127.01902,37.43017],[127.01907,37.43004],[127.019,37.42983],[127.01883,37.42962],[127.01872,37.42951],[127.01744,37.43005],[127.01737,37.43013],[127.01738,37.43023],[127.01743,37.43039],[127.01747,37.43055],[127.01724,37.43142],[127.01728,37.43149],[127.01739,37.43157],[127.0182,37.43194]]]}},{"type":"Feature","properties":{"id":334673360},"geometry":{"type":"Polygon","coordinates":[[[126.94499,37.54009],[126.94545,37.54045],[126.94589,37.54107],[126.9455,37.54136],[126.94514,37.54108],[126.94502,37.5409],[126.94494,37.54061],[126.94499,37.54009]]]}},{"type":"Feature","properties":{"id":336020833},"geometry":{"type":"Polygon","coordinates":[[[126.94847,37.54402],[126.94559,37.54535],[126.94425,37.54588],[126.94224,37.54647],[126.94124,37.54681],[126.94138,37.547],[126.9423,37.54666],[126.94434,37.54608],[126.94575,37.54555],[126.94863,37.54424],[126.94847,37.54402]]]}},{"type":"Feature","properties":{"id":337411383},"geometry":{"type":"Polygon","coordinates":[[[127.07359,37.52842],[127.07335,37.52782],[127.07382,37.52769],[127.07391,37.52767],[127.07432,37.52756],[127.07454,37.52819],[127.07359,37.52842]]]}},{"type":"Feature","properties":{"id":341892199},"geometry":{"type":"Polygon","coordinates":[[[127.07927,37.49737],[127.08076,37.49785],[127.08155,37.49626],[127.0816,37.49615],[127.08165,37.49604],[127.08172,37.4959],[127.08201,37.49532],[127.08151,37.49547],[127.08114,37.49559],[127.08108,37.49557],[127.0815,37.49486],[127.08063,37.49461],[127.0799,37.49609],[127.07927,37.49737]]]}},{"type":"Feature","properties":{"id":342450216},"geometry":{"type":"Polygon","coordinates":[[[126.9009,37.55282],[126.90071,37.55267],[126.89988,37.5533],[126.90006,37.55345],[126.9009,37.55282]]]}},{"type":"Feature","properties":{"id":343375297},"geometry":{"type":"Polygon","coordinates":[[[126.84037,37.5733],[126.84007,37.57354],[126.83929,37.57342],[126.83954,37.57271],[126.83925,37.57244],[126.83899,37.5725],[126.83844,37.57271],[126.83839,37.57296],[126.83834,37.57393],[126.83834,37.57455],[126.83872,37.57614],[126.83893,37.57641],[126.83913,37.5765],[126.8402,37.57607],[126.84263,37.57459],[126.84275,37.57436],[126.8424,37.57416],[126.84248,37.57361],[126.8414,37.57285],[126.84107,37.57252],[126.84093,37.57242],[126.84058,37.57246],[126.84051,37.57257],[126.8407,37.57306],[126.84037,37.5733]]]}},{"type":"Feature","properties":{"id":344446702},"geometry":{"type":"Polygon","coordinates":[[[126.91062,37.5202],[126.91166,37.51925],[126.91209,37.51959],[126.91171,37.51984],[126.9109,37.52042],[126.91062,37.5202]]]}},{"type":"Feature","properties":{"id":345649616},"geometry":{"type":"Polygon","coordinates":[[[126.90219,37.55078],[126.90261,37.55111],[126.90278,37.55112],[126.90275,37.55146],[126.90264,37.5515],[126.90234,37.55133],[126.90217,37.55144],[126.9021,37.55138],[126.90184,37.55116],[126.90176,37.55109],[126.90214,37.55081],[126.90219,37.55078]]]}},{"type":"Feature","properties":{"id":346902903},"geometry":{"type":"Polygon","coordinates":[[[127.07986,37.46647],[127.07991,37.46563],[127.08037,37.46511],[127.08078,37.46438],[127.08124,37.46454],[127.08369,37.46457],[127.08429,37.46482],[127.08322,37.4668],[127.07986,37.46647]]]}},{"type":"Feature","properties":{"id":348951019},"geometry":{"type":"Polygon","coordinates":[[[126.94527,37.55799],[126.94519,37.55792],[126.94522,37.55743],[126.94534,37.55736],[126.94584,37.55739],[126.94577,37.558],[126.94527,37.55799]]]}},{"type":"Feature","properties":{"id":350154345},"geometry":{"type":"Polygon","coordinates":[[[127.04665,37.48084],[127.04708,37.481],[127.04753,37.48107],[127.04788,37.48109],[127.04793,37.48096],[127.04721,37.48088],[127.04708,37.48041],[127.0469,37.47978],[127.04684,37.47946],[127.04675,37.47904],[127.04688,37.479],[127.04694,37.47879],[127.04668,37.47875],[127.04666,37.47904],[127.04682,37.47984],[127.04703,37.48074],[127.04707,37.48088],[127.04692,37.48086],[127.04671,37.48078],[127.04665,37.48084]]]}},{"type":"Feature","properties":{"id":358297323},"geometry":{"type":"Polygon","coordinates":[[[126.98473,37.56796],[126.98474,37.56803],[126.98477,37.56832],[126.98562,37.5682],[126.98561,37.56814],[126.98564,37.56813],[126.98567,37.56811],[126.9857,37.56807],[126.98572,37.56804],[126.98572,37.56802],[126.98571,37.568],[126.98463,37.56776],[126.9846,37.56788],[126.98473,37.56796]]]}},{"type":"Feature","properties":{"id":358595209},"geometry":{"type":"Polygon","coordinates":[[[127.05326,37.66543],[127.05336,37.66538],[127.05339,37.66515],[127.05361,37.66504],[127.05402,37.66511],[127.05403,37.66529],[127.0551,37.66546],[127.05518,37.66543],[127.05523,37.66529],[127.05532,37.66528],[127.05576,37.66534],[127.05586,37.6652],[127.05604,37.66522],[127.05602,37.66539],[127.05675,37.66552],[127.05667,37.66586],[127.05592,37.66575],[127.05588,37.66589],[127.05571,37.66587],[127.05567,37.66573],[127.05513,37.66566],[127.05503,37.66604],[127.05485,37.66603],[127.05466,37.66678],[127.05427,37.66673],[127.05433,37.66621],[127.05308,37.66602],[127.05298,37.66637],[127.05256,37.66628],[127.05259,37.66614],[127.05236,37.66609],[127.05239,37.66591],[127.05187,37.66585],[127.05175,37.66574],[127.05199,37.66523],[127.05218,37.66489],[127.05225,37.66493],[127.05224,37.66522],[127.05227,37.66544],[127.05266,37.66551],[127.05275,37.66534],[127.05292,37.6652],[127.05314,37.66525],[127.05316,37.66542],[127.05326,37.66543]]]}},{"type":"Feature","properties":{"id":364000306},"geometry":{"type":"Polygon","coordinates":[[[126.99946,37.54332],[126.99967,37.5434],[126.99986,37.5434],[127.00003,37.54335],[127.00004,37.54305],[126.99999,37.54264],[126.99969,37.54231],[126.99933,37.54198],[126.99919,37.54184],[126.99878,37.54159],[126.99833,37.54133],[126.99818,37.54129],[126.99795,37.54129],[126.99773,37.54131],[126.99514,37.54226],[126.99461,37.54254],[126.99413,37.54281],[126.99354,37.54286],[126.99302,37.5429],[126.99271,37.54288],[126.99238,37.54288],[126.99211,37.54306],[126.99195,37.54321],[126.99189,37.54339],[126.99191,37.54355],[126.99197,37.54364],[126.99208,37.54367],[126.99259,37.54376],[126.99332,37.54384],[126.99417,37.54374],[126.99498,37.54358],[126.99539,37.54346],[126.99573,37.54324],[126.99616,37.54282],[126.99723,37.54231],[126.99791,37.54209],[126.99836,37.54215],[126.9987,37.54227],[126.99914,37.54281],[126.99929,37.54309],[126.99946,37.54332]]]}},{"type":"Feature","properties":{"id":367644112},"geometry":{"type":"Polygon","coordinates":[[[126.73917,37.49089],[126.73914,37.48984],[126.73965,37.48982],[126.73966,37.48989],[126.73964,37.49003],[126.73956,37.49012],[126.73953,37.4902],[126.7396,37.49031],[126.73976,37.49047],[126.73983,37.49059],[126.73999,37.49072],[126.74011,37.49078],[126.74017,37.49079],[126.74017,37.49086],[126.73917,37.49089]]]}},{"type":"Feature","properties":{"id":367644114},"geometry":{"type":"Polygon","coordinates":[[[126.73681,37.49194],[126.73777,37.4919],[126.73782,37.49195],[126.73783,37.493],[126.73755,37.49301],[126.73747,37.49292],[126.73752,37.49292],[126.73756,37.49287],[126.73762,37.49287],[126.73762,37.49278],[126.73759,37.49272],[126.73759,37.49263],[126.73721,37.49224],[126.73697,37.49204],[126.73697,37.49201],[126.73681,37.49194]]]}},{"type":"Feature","properties":{"id":367644116},"geometry":{"type":"Polygon","coordinates":[[[126.73605,37.48946],[126.73603,37.48924],[126.73642,37.48917],[126.73738,37.4891],[126.73738,37.48924],[126.73675,37.4893],[126.73605,37.48946]]]}},{"type":"Feature","properties":{"id":367644138},"geometry":{"type":"Polygon","coordinates":[[[126.70996,37.49395],[126.70873,37.49437],[126.70881,37.49445],[126.7088,37.49546],[126.70852,37.49621],[126.70831,37.49641],[126.70749,37.49624],[126.70756,37.49762],[126.70873,37.49762],[126.70911,37.49774],[126.70945,37.49773],[126.71168,37.49776],[126.71168,37.4977],[126.71163,37.49759],[126.71169,37.49639],[126.71172,37.49389],[126.71087,37.49389],[126.71085,37.49408],[126.71073,37.49416],[126.71002,37.49415],[126.70997,37.49398],[126.70996,37.49395]]]}},{"type":"Feature","properties":{"id":367791270},"geometry":{"type":"Polygon","coordinates":[[[127.02182,37.52731],[127.02223,37.52681],[127.02087,37.52613],[127.02068,37.52639],[127.02166,37.52714],[127.02182,37.52731]]]}},{"type":"Feature","properties":{"id":368278185},"geometry":{"type":"Polygon","coordinates":[[[127.06332,37.48796],[127.06438,37.48692],[127.06533,37.48771],[127.06496,37.48783],[127.06442,37.488],[127.06428,37.48813],[127.0641,37.48838],[127.06381,37.48825],[127.06332,37.48796]]]}},{"type":"Feature","properties":{"id":368278186},"geometry":{"type":"Polygon","coordinates":[[[127.05911,37.486],[127.05942,37.48572],[127.05942,37.48542],[127.05944,37.48524],[127.05948,37.48506],[127.05961,37.48501],[127.05995,37.48507],[127.06017,37.48503],[127.06009,37.48482],[127.06011,37.4846],[127.06041,37.48456],[127.06069,37.48448],[127.06109,37.48457],[127.06121,37.48457],[127.06158,37.4844],[127.06204,37.48432],[127.06228,37.48416],[127.06254,37.48405],[127.06276,37.48387],[127.06278,37.48382],[127.06313,37.48379],[127.06321,37.48369],[127.0636,37.48344],[127.06376,37.48344],[127.06404,37.48346],[127.06417,37.48338],[127.06422,37.48326],[127.06421,37.48292],[127.06416,37.48285],[127.06403,37.48281],[127.06368,37.48277],[127.06359,37.48274],[127.06387,37.48255],[127.06496,37.48181],[127.0657,37.48213],[127.06644,37.48234],[127.06658,37.48188],[127.06671,37.48176],[127.06728,37.48133],[127.06728,37.48117],[127.0674,37.48108],[127.06897,37.48198],[127.06869,37.4821],[127.06845,37.48254],[127.06852,37.48276],[127.06795,37.48349],[127.06766,37.4835],[127.06722,37.48327],[127.06613,37.48403],[127.06536,37.48368],[127.06483,37.48396],[127.0646,37.48419],[127.06435,37.48405],[127.06416,37.484],[127.06408,37.48407],[127.06395,37.48414],[127.06389,37.48416],[127.06353,37.48394],[127.06338,37.48396],[127.06318,37.48416],[127.06303,37.48418],[127.06279,37.48445],[127.06275,37.4846],[127.06212,37.48516],[127.06133,37.4859],[127.06132,37.48621],[127.06144,37.48653],[127.06156,37.48688],[127.0609,37.48685],[127.06003,37.4866],[127.05967,37.48639],[127.05934,37.48664],[127.05932,37.48682],[127.05938,37.48696],[127.05954,37.48709],[127.0597,37.48713],[127.06021,37.48692],[127.06008,37.48743],[127.06022,37.48754],[127.06,37.48771],[127.05924,37.48809],[127.0592,37.48825],[127.05865,37.48814],[127.05676,37.48728],[127.05685,37.48685],[127.05699,37.48656],[127.05748,37.48663],[127.05753,37.4866],[127.05789,37.48634],[127.05829,37.48628],[127.0587,37.48629],[127.05894,37.48613],[127.05909,37.48631],[127.05923,37.48651],[127.0595,37.48629],[127.05911,37.486]]]}},{"type":"Feature","properties":{"id":369461437},"geometry":{"type":"Polygon","coordinates":[[[127.0334,37.47486],[127.03349,37.47473],[127.03386,37.4745],[127.03408,37.47433],[127.03423,37.47419],[127.03433,37.474],[127.03437,37.47385],[127.03448,37.47378],[127.03463,37.4738],[127.03485,37.47386],[127.0349,37.47397],[127.03492,37.47417],[127.0351,37.47445],[127.03517,37.47464],[127.0352,37.47477],[127.03516,37.47492],[127.03495,37.47514],[127.03476,37.47527],[127.03461,37.47532],[127.0344,37.47526],[127.03364,37.47498],[127.0334,37.47486]]]}},{"type":"Feature","properties":{"id":369972508},"geometry":{"type":"Polygon","coordinates":[[[127.04445,37.4894],[127.04433,37.48933],[127.04436,37.48923],[127.04449,37.4891],[127.04459,37.48892],[127.04471,37.48873],[127.04479,37.48853],[127.04474,37.48812],[127.04465,37.48788],[127.04446,37.48781],[127.04422,37.4878],[127.04419,37.488],[127.04375,37.48807],[127.04351,37.48795],[127.04331,37.48776],[127.04323,37.48764],[127.04323,37.48751],[127.04306,37.48743],[127.04302,37.48723],[127.04316,37.487],[127.04328,37.48694],[127.04337,37.48683],[127.04338,37.48669],[127.04347,37.48644],[127.04346,37.48624],[127.04344,37.48619],[127.04315,37.48601],[127.04297,37.48599],[127.04271,37.48594],[127.04262,37.48594],[127.04217,37.48587],[127.04189,37.48584],[127.04162,37.48582],[127.04152,37.48585],[127.04148,37.4859],[127.04144,37.48614],[127.04141,37.48636],[127.04142,37.48694],[127.04142,37.48745],[127.04144,37.48789],[127.04144,37.48825],[127.04149,37.48862],[127.04156,37.48934],[127.04159,37.48954],[127.04164,37.48973],[127.04193,37.48972],[127.04204,37.48975],[127.04216,37.48988],[127.04229,37.49009],[127.04264,37.49057],[127.04277,37.49085],[127.04278,37.491],[127.04274,37.49112],[127.04236,37.49144],[127.04243,37.49146],[127.04413,37.49202],[127.04438,37.49209],[127.04458,37.4921],[127.04506,37.49219],[127.04539,37.49208],[127.04557,37.49194],[127.04579,37.49202],[127.04532,37.49304],[127.0454,37.49306],[127.04551,37.4931],[127.0461,37.49187],[127.04672,37.49172],[127.04692,37.49175],[127.04718,37.49176],[127.04723,37.49178],[127.04735,37.49184],[127.04742,37.49201],[127.04802,37.49222],[127.04814,37.49209],[127.04816,37.49192],[127.04819,37.49168],[127.04835,37.49168],[127.04907,37.4917],[127.0495,37.49184],[127.04975,37.49195],[127.0499,37.49193],[127.04989,37.49209],[127.05062,37.49232],[127.05105,37.49245],[127.05125,37.4925],[127.05131,37.49247],[127.05106,37.49215],[127.05092,37.49192],[127.05097,37.49176],[127.05121,37.49137],[127.05092,37.49125],[127.05122,37.49081],[127.04958,37.48994],[127.04931,37.4899],[127.04917,37.49021],[127.04866,37.49002],[127.04884,37.4897],[127.04891,37.48943],[127.04891,37.48935],[127.04843,37.48915],[127.04848,37.48896],[127.04852,37.48884],[127.04837,37.48877],[127.04785,37.48852],[127.04727,37.48823],[127.04705,37.48814],[127.04689,37.48806],[127.04679,37.48808],[127.04677,37.48824],[127.04678,37.48835],[127.04684,37.48843],[127.04681,37.48857],[127.04672,37.48887],[127.04677,37.48906],[127.04678,37.48919],[127.04668,37.48934],[127.04651,37.48947],[127.04635,37.48954],[127.04609,37.48958],[127.04599,37.48955],[127.04592,37.4895],[127.04588,37.48944],[127.04592,37.48935],[127.04603,37.48923],[127.04611,37.48914],[127.04611,37.48891],[127.04607,37.48867],[127.04596,37.48855],[127.04582,37.48863],[127.04556,37.48867],[127.0454,37.48873],[127.04519,37.48888],[127.04502,37.48904],[127.04494,37.4892],[127.04467,37.48934],[127.04445,37.4894]]]}},{"type":"Feature","properties":{"id":370019676},"geometry":{"type":"Polygon","coordinates":[[[126.97762,37.56588],[126.97769,37.56593],[126.97776,37.56598],[126.97786,37.566],[126.97797,37.566],[126.97805,37.56598],[126.97815,37.56593],[126.97825,37.56586],[126.97833,37.56577],[126.97838,37.56567],[126.97842,37.56554],[126.97842,37.56543],[126.97841,37.56532],[126.97834,37.56521],[126.97828,37.56515],[126.97821,37.5651],[126.97812,37.56508],[126.97799,37.56508],[126.97787,37.5651],[126.97776,37.56518],[126.97764,37.5653],[126.97758,37.56542],[126.97754,37.56556],[126.97754,37.56569],[126.97756,37.56578],[126.97762,37.56588]]]}},{"type":"Feature","properties":{"id":370130119},"geometry":{"type":"Polygon","coordinates":[[[127.0302,37.46598],[127.03033,37.46593],[127.03045,37.46597],[127.03051,37.46602],[127.03075,37.46633],[127.03138,37.46715],[127.03165,37.46757],[127.03185,37.46787],[127.03206,37.46812],[127.03224,37.46833],[127.03271,37.46891],[127.03303,37.4692],[127.03162,37.4706],[127.03146,37.47044],[127.03117,37.47003],[127.03134,37.46992],[127.0309,37.4695],[127.03067,37.4692],[127.03033,37.46874],[127.02977,37.46802],[127.02954,37.46776],[127.0295,37.46757],[127.02962,37.46717],[127.02993,37.46644],[127.03004,37.46615],[127.03006,37.4661],[127.03009,37.46604],[127.0302,37.46598]]]}},{"type":"Feature","properties":{"id":370139885},"geometry":{"type":"Polygon","coordinates":[[[127.03259,37.46773],[127.03246,37.46787],[127.03243,37.46807],[127.03246,37.46829],[127.03264,37.46853],[127.0329,37.46878],[127.03318,37.46906],[127.0333,37.46893],[127.03376,37.4684],[127.03403,37.46811],[127.0339,37.46803],[127.0337,37.46792],[127.03335,37.4675],[127.03321,37.4673],[127.03284,37.46749],[127.03269,37.46764],[127.03259,37.46773]]]}},{"type":"Feature","properties":{"id":370278725},"geometry":{"type":"Polygon","coordinates":[[[127.05596,37.48963],[127.05765,37.49036],[127.05834,37.48943],[127.05708,37.48891],[127.05685,37.48888],[127.05659,37.4889],[127.05641,37.48897],[127.05631,37.48906],[127.05596,37.48963]]]}},{"type":"Feature","properties":{"id":370329013},"geometry":{"type":"Polygon","coordinates":[[[127.06292,37.4889],[127.06545,37.4894],[127.06542,37.48899],[127.06378,37.48843],[127.06347,37.48828],[127.06314,37.48808],[127.06292,37.4889]]]}},{"type":"Feature","properties":{"id":370329014},"geometry":{"type":"Polygon","coordinates":[[[127.05158,37.48458],[127.05147,37.48477],[127.0512,37.48525],[127.05023,37.48468],[127.04774,37.48315],[127.04503,37.48154],[127.04443,37.4811],[127.04406,37.48081],[127.04377,37.48049],[127.04399,37.48004],[127.04405,37.47989],[127.04411,37.47976],[127.0442,37.47955],[127.04428,37.4793],[127.04462,37.47967],[127.04519,37.48017],[127.04603,37.4808],[127.04716,37.4815],[127.05173,37.48426],[127.05164,37.48444],[127.05158,37.48458]]]}},{"type":"Feature","properties":{"id":370389785},"geometry":{"type":"Polygon","coordinates":[[[127.04629,37.48523],[127.04681,37.48447],[127.04781,37.48493],[127.04761,37.48521],[127.04727,37.48568],[127.04629,37.48523]]]}},{"type":"Feature","properties":{"id":370736553},"geometry":{"type":"Polygon","coordinates":[[[127.02689,37.46257],[127.02673,37.46241],[127.02664,37.46233],[127.02685,37.46219],[127.0268,37.46215],[127.02773,37.4616],[127.02783,37.46172],[127.02797,37.46189],[127.02689,37.46257]]]}},{"type":"Feature","properties":{"id":371210506},"geometry":{"type":"Polygon","coordinates":[[[127.04407,37.47145],[127.04369,37.47129],[127.04344,37.47115],[127.04245,37.47044],[127.04239,37.47042],[127.04229,37.47044],[127.04225,37.47047],[127.042,37.4707],[127.04259,37.4711],[127.04217,37.47147],[127.04161,37.47108],[127.04135,37.4713],[127.04075,37.47198],[127.04195,37.47273],[127.0423,37.47238],[127.04326,37.47222],[127.04356,37.47196],[127.04407,37.47145]]]}},{"type":"Feature","properties":{"id":371210507},"geometry":{"type":"Polygon","coordinates":[[[127.04445,37.47292],[127.04559,37.47366],[127.0457,37.47355],[127.04603,37.47376],[127.04574,37.47402],[127.04542,37.47382],[127.04551,37.47373],[127.04439,37.47299],[127.04445,37.47292]]]}},{"type":"Feature","properties":{"id":372355164},"geometry":{"type":"Polygon","coordinates":[[[126.92619,37.55189],[126.9263,37.55181],[126.926,37.55113],[126.92597,37.5511],[126.92582,37.55113],[126.92576,37.55117],[126.92574,37.55123],[126.92605,37.55191],[126.92619,37.55189]]]}},{"type":"Feature","properties":{"id":379740186},"geometry":{"type":"Polygon","coordinates":[[[127.04444,37.59015],[127.04417,37.59017],[127.04472,37.58977],[127.04528,37.58976],[127.04574,37.58975],[127.04571,37.58967],[127.04569,37.58963],[127.04575,37.589],[127.04577,37.58878],[127.04578,37.58877],[127.04582,37.58836],[127.04585,37.58837],[127.04661,37.58858],[127.04698,37.58869],[127.04704,37.58873],[127.04707,37.58881],[127.0471,37.58899],[127.0471,37.58914],[127.04719,37.5893],[127.04739,37.58947],[127.04746,37.58957],[127.04748,37.58973],[127.0475,37.58993],[127.04749,37.59013],[127.04742,37.59015],[127.04706,37.59022],[127.04668,37.59029],[127.0463,37.59039],[127.04608,37.59046],[127.04599,37.59054],[127.04598,37.59068],[127.0458,37.59069],[127.04582,37.59079],[127.0456,37.59079],[127.04559,37.59097],[127.04542,37.59088],[127.04536,37.59066],[127.04531,37.59064],[127.04518,37.59053],[127.04513,37.59048],[127.04502,37.59045],[127.04499,37.59034],[127.04491,37.59033],[127.04489,37.59021],[127.04474,37.59013],[127.04465,37.59013],[127.04444,37.59015]]]}},{"type":"Feature","properties":{"id":379944846},"geometry":{"type":"Polygon","coordinates":[[[127.04312,37.5635],[127.04315,37.56354],[127.0432,37.56375],[127.04354,37.56388],[127.04355,37.56405],[127.04365,37.56419],[127.04403,37.56432],[127.04408,37.56431],[127.04413,37.5643],[127.04418,37.56428],[127.04423,37.56425],[127.04426,37.56423],[127.0443,37.5642],[127.04432,37.56416],[127.04433,37.56412],[127.04423,37.56404],[127.04422,37.56399],[127.04422,37.56388],[127.04429,37.56371],[127.04427,37.56367],[127.04411,37.56357],[127.04412,37.56362],[127.04413,37.5637],[127.04404,37.56372],[127.04401,37.56365],[127.04393,37.56358],[127.04392,37.56355],[127.04382,37.56347],[127.04403,37.56327],[127.04398,37.56321],[127.04402,37.56312],[127.04417,37.56299],[127.04423,37.56302],[127.04431,37.56295],[127.04447,37.56281],[127.04452,37.56267],[127.0446,37.5627],[127.04465,37.56261],[127.0448,37.56266],[127.0451,37.56215],[127.04522,37.5621],[127.04536,37.56221],[127.04555,37.56234],[127.04572,37.56256],[127.04576,37.56258],[127.04584,37.56257],[127.04591,37.56254],[127.04594,37.56249],[127.04598,37.5624],[127.04601,37.5622],[127.04603,37.56213],[127.04603,37.56207],[127.04594,37.56192],[127.04591,37.56172],[127.04588,37.5617],[127.04583,37.56158],[127.0458,37.5614],[127.04586,37.56129],[127.04582,37.56121],[127.04577,37.56116],[127.04572,37.56119],[127.04563,37.56141],[127.04553,37.56154],[127.04542,37.56164],[127.04525,37.5617],[127.04511,37.56169],[127.04506,37.56138],[127.045,37.56127],[127.04493,37.56125],[127.04442,37.56133],[127.04426,37.56125],[127.04405,37.56148],[127.04385,37.56232],[127.04349,37.5624],[127.04302,37.56249],[127.04297,37.56262],[127.04301,37.56275],[127.04302,37.56291],[127.04276,37.56293],[127.0428,37.56314],[127.04307,37.56349],[127.04312,37.5635]]]}},{"type":"Feature","properties":{"id":380618416},"geometry":{"type":"Polygon","coordinates":[[[127.07983,37.63928],[127.07978,37.63916],[127.07957,37.63904],[127.07961,37.63888],[127.07937,37.63851],[127.07921,37.63852],[127.07912,37.63838],[127.07911,37.63824],[127.07895,37.63818],[127.07886,37.63819],[127.07881,37.63801],[127.07882,37.63772],[127.0782,37.63794],[127.07825,37.63816],[127.07864,37.63826],[127.07862,37.63835],[127.07829,37.63833],[127.07822,37.63836],[127.07812,37.63868],[127.078,37.63887],[127.07803,37.63905],[127.07819,37.63944],[127.07792,37.63947],[127.07796,37.63962],[127.07734,37.63963],[127.07712,37.63969],[127.07704,37.63982],[127.07732,37.63988],[127.07789,37.63979],[127.07812,37.63995],[127.07802,37.64009],[127.07783,37.64017],[127.07766,37.64032],[127.07766,37.64045],[127.07785,37.64054],[127.07799,37.64049],[127.07818,37.64044],[127.07853,37.64059],[127.07848,37.6407],[127.07818,37.64081],[127.07812,37.64087],[127.07794,37.64093],[127.07777,37.64084],[127.07746,37.64082],[127.07742,37.64096],[127.07724,37.64098],[127.07705,37.64094],[127.07675,37.64078],[127.0765,37.64077],[127.07649,37.64103],[127.07659,37.64106],[127.07689,37.64124],[127.07716,37.64148],[127.07744,37.64149],[127.07763,37.64146],[127.07788,37.64146],[127.07795,37.64156],[127.07829,37.6417],[127.07831,37.64212],[127.07861,37.64219],[127.0789,37.64238],[127.07885,37.64252],[127.07867,37.64249],[127.07836,37.64231],[127.07793,37.64218],[127.07746,37.64226],[127.07731,37.64229],[127.07722,37.64236],[127.07722,37.64245],[127.07729,37.64255],[127.0774,37.64257],[127.07768,37.64264],[127.07771,37.64298],[127.07746,37.643],[127.07744,37.64306],[127.07726,37.64306],[127.07696,37.64297],[127.07667,37.64299],[127.07661,37.64333],[127.07674,37.64334],[127.07696,37.64326],[127.07703,37.64334],[127.07722,37.64345],[127.07728,37.6435],[127.07729,37.64361],[127.07725,37.64366],[127.07713,37.64369],[127.07698,37.64367],[127.07686,37.64362],[127.07687,37.6437],[127.0769,37.64373],[127.0769,37.64381],[127.07693,37.6439],[127.07664,37.64395],[127.07661,37.64434],[127.07663,37.64459],[127.07666,37.64488],[127.0769,37.64499],[127.07714,37.64508],[127.07727,37.64508],[127.07731,37.64513],[127.07724,37.64517],[127.07711,37.64515],[127.07692,37.64515],[127.0767,37.64523],[127.07673,37.64528],[127.07692,37.64527],[127.07709,37.64535],[127.07711,37.64547],[127.07703,37.64558],[127.0767,37.64553],[127.07666,37.64563],[127.07674,37.64573],[127.07685,37.64577],[127.07697,37.6458],[127.07712,37.64582],[127.07728,37.64575],[127.07746,37.64569],[127.07757,37.64587],[127.07731,37.64602],[127.07731,37.64611],[127.07711,37.64616],[127.07704,37.6463],[127.07708,37.64642],[127.0774,37.64655],[127.07757,37.64668],[127.07795,37.6468],[127.07799,37.64661],[127.07808,37.64647],[127.07843,37.64641],[127.07873,37.64666],[127.07886,37.64676],[127.07879,37.64653],[127.07886,37.64649],[127.07913,37.64636],[127.07923,37.64626],[127.07927,37.64619],[127.07929,37.64604],[127.07931,37.64593],[127.0794,37.64586],[127.07929,37.64577],[127.07912,37.64578],[127.07905,37.64573],[127.07908,37.64564],[127.07924,37.64558],[127.07935,37.64556],[127.07945,37.64562],[127.07948,37.64572],[127.07951,37.64577],[127.07977,37.64575],[127.08,37.64578],[127.08006,37.64586],[127.08017,37.64593],[127.08028,37.64599],[127.08041,37.6461],[127.08065,37.64606],[127.0808,37.64606],[127.081,37.64607],[127.08113,37.646],[127.08129,37.64599],[127.08142,37.64594],[127.08168,37.64584],[127.08177,37.64569],[127.08173,37.64561],[127.08165,37.64552],[127.08153,37.64534],[127.08157,37.64523],[127.08144,37.6451],[127.08129,37.64496],[127.08123,37.64478],[127.08153,37.64461],[127.08174,37.64461],[127.08197,37.64449],[127.08226,37.64486],[127.08251,37.64476],[127.08249,37.64464],[127.08249,37.64458],[127.08268,37.64442],[127.0829,37.64417],[127.08289,37.64392],[127.08293,37.64383],[127.08281,37.64381],[127.08269,37.64373],[127.08253,37.64363],[127.08242,37.64366],[127.08223,37.64367],[127.08216,37.64353],[127.08226,37.6434],[127.08225,37.64327],[127.08221,37.64312],[127.0824,37.64311],[127.08253,37.64328],[127.08266,37.64348],[127.08305,37.64344],[127.0831,37.64321],[127.08309,37.64304],[127.08287,37.64303],[127.08282,37.6428],[127.08268,37.6426],[127.0826,37.64261],[127.08244,37.64265],[127.08236,37.64254],[127.08245,37.64242],[127.08256,37.64229],[127.08298,37.6421],[127.08298,37.64188],[127.08293,37.64155],[127.08256,37.64162],[127.08242,37.6415],[127.08223,37.64135],[127.08256,37.64123],[127.08249,37.64112],[127.08273,37.64102],[127.08275,37.64083],[127.08266,37.64047],[127.08266,37.64019],[127.08255,37.64012],[127.08231,37.64005],[127.08203,37.64006],[127.08193,37.64015],[127.08184,37.64034],[127.0818,37.64042],[127.08168,37.64048],[127.08141,37.64054],[127.08122,37.64062],[127.08101,37.64064],[127.08067,37.64071],[127.08048,37.64068],[127.08016,37.64079],[127.08001,37.64074],[127.07988,37.64054],[127.07981,37.64034],[127.07966,37.64024],[127.07979,37.64014],[127.08013,37.64009],[127.08038,37.64015],[127.08056,37.64005],[127.0808,37.63998],[127.08106,37.64],[127.08144,37.63995],[127.08153,37.63981],[127.08157,37.63967],[127.08174,37.63962],[127.08196,37.63969],[127.08205,37.63982],[127.08236,37.63982],[127.08271,37.63988],[127.08282,37.63972],[127.08278,37.63959],[127.08261,37.63918],[127.08246,37.63884],[127.0823,37.63857],[127.08204,37.6384],[127.08199,37.63829],[127.08166,37.63805],[127.08148,37.63797],[127.08106,37.6378],[127.08094,37.63779],[127.0805,37.63801],[127.08027,37.63787],[127.08019,37.63778],[127.08019,37.63766],[127.08001,37.63746],[127.07994,37.6372],[127.07984,37.63725],[127.0798,37.63746],[127.0799,37.63768],[127.07982,37.63773],[127.07996,37.63782],[127.07991,37.63793],[127.07971,37.6379],[127.07956,37.63798],[127.0795,37.63808],[127.07964,37.63831],[127.0796,37.63842],[127.07949,37.63853],[127.07967,37.63878],[127.07987,37.63879],[127.07992,37.63898],[127.07984,37.63906],[127.08002,37.63914],[127.07995,37.63924],[127.07983,37.63928]]]}},{"type":"Feature","properties":{"id":380630488},"geometry":{"type":"Polygon","coordinates":[[[127.06104,37.66749],[127.06118,37.66739],[127.06147,37.66715],[127.06165,37.66704],[127.0615,37.66634],[127.06132,37.66631],[127.06081,37.66623],[127.06076,37.66625],[127.06078,37.66615],[127.0606,37.66609],[127.06049,37.66615],[127.06028,37.66623],[127.05992,37.66618],[127.05975,37.66615],[127.05968,37.66638],[127.05969,37.66645],[127.05966,37.66664],[127.05963,37.66678],[127.05959,37.66699],[127.0599,37.66704],[127.06046,37.66715],[127.06104,37.66749]]]}},{"type":"Feature","properties":{"id":380633020},"geometry":{"type":"Polygon","coordinates":[[[127.06281,37.66099],[127.06315,37.66093],[127.06313,37.66057],[127.06325,37.66053],[127.06332,37.6605],[127.06393,37.66015],[127.06448,37.66068],[127.06531,37.66058],[127.06538,37.66059],[127.06545,37.66092],[127.06546,37.66098],[127.06545,37.66102],[127.06548,37.66114],[127.06549,37.66122],[127.06555,37.66136],[127.06448,37.66133],[127.06438,37.66133],[127.06406,37.66135],[127.06341,37.66152],[127.06292,37.6616],[127.06289,37.66138],[127.06281,37.66099]]]}},{"type":"Feature","properties":{"id":380683630},"geometry":{"type":"Polygon","coordinates":[[[127.05126,37.67092],[127.05105,37.66988],[127.05091,37.66898],[127.05171,37.66886],[127.05174,37.66834],[127.05085,37.66819],[127.05091,37.66798],[127.05099,37.66771],[127.05107,37.66737],[127.0509,37.66733],[127.05097,37.66713],[127.0511,37.66696],[127.05099,37.66695],[127.05081,37.66712],[127.05066,37.66727],[127.05058,37.66746],[127.05037,37.66782],[127.0502,37.66825],[127.0501,37.66872],[127.05005,37.66909],[127.05002,37.6695],[127.05,37.67028],[127.05001,37.67096],[127.05008,37.67104],[127.05106,37.67094],[127.05126,37.67092]]]}},{"type":"Feature","properties":{"id":380846984},"geometry":{"type":"Polygon","coordinates":[[[127.05634,37.64255],[127.05709,37.64277],[127.05704,37.64288],[127.05934,37.64366],[127.06077,37.64415],[127.06079,37.64482],[127.05872,37.64509],[127.05862,37.6451],[127.05843,37.64513],[127.05825,37.64515],[127.05735,37.64527],[127.05726,37.64528],[127.05708,37.64517],[127.05678,37.64411],[127.05663,37.64356],[127.05634,37.64255]]]}},{"type":"Feature","properties":{"id":380847680},"geometry":{"type":"Polygon","coordinates":[[[127.06454,37.64064],[127.06578,37.64101],[127.06628,37.63993],[127.06631,37.63986],[127.06634,37.63981],[127.06679,37.63882],[127.06659,37.63867],[127.06643,37.63862],[127.06592,37.63846],[127.06584,37.63845],[127.06577,37.63843],[127.06555,37.63842],[127.06538,37.63872],[127.06507,37.63945],[127.06503,37.63954],[127.06454,37.64064]]]}},{"type":"Feature","properties":{"id":380851236},"geometry":{"type":"Polygon","coordinates":[[[127.07546,37.66875],[127.0756,37.66884],[127.07588,37.66889],[127.07684,37.66976],[127.07706,37.66973],[127.07744,37.6694],[127.07756,37.66924],[127.07766,37.66909],[127.07692,37.66819],[127.07635,37.66852],[127.07614,37.66834],[127.07588,37.6685],[127.07579,37.66855],[127.07546,37.66875]]]}},{"type":"Feature","properties":{"id":380901449},"geometry":{"type":"Polygon","coordinates":[[[127.06569,37.64854],[127.06589,37.64883],[127.06633,37.64916],[127.06667,37.64926],[127.06715,37.64834],[127.06726,37.64813],[127.06714,37.64813],[127.06695,37.64821],[127.06681,37.64814],[127.06653,37.64793],[127.06569,37.64854]]]}},{"type":"Feature","properties":{"id":380901450},"geometry":{"type":"Polygon","coordinates":[[[127.06281,37.64821],[127.0636,37.64845],[127.06365,37.64836],[127.06381,37.64803],[127.06402,37.64759],[127.06342,37.64697],[127.06281,37.64821]]]}},{"type":"Feature","properties":{"id":380901563},"geometry":{"type":"Polygon","coordinates":[[[127.06155,37.64498],[127.06352,37.64555],[127.0636,37.64567],[127.06331,37.64627],[127.06289,37.64607],[127.0625,37.64585],[127.06221,37.64564],[127.06211,37.64556],[127.06155,37.64498]]]}},{"type":"Feature","properties":{"id":380901633},"geometry":{"type":"Polygon","coordinates":[[[127.06121,37.64376],[127.06176,37.64392],[127.06146,37.6447],[127.06137,37.64473],[127.06128,37.64444],[127.06124,37.64416],[127.06121,37.64376]]]}},{"type":"Feature","properties":{"id":380903277},"geometry":{"type":"Polygon","coordinates":[[[127.07434,37.64749],[127.07559,37.64747],[127.076,37.64751],[127.07641,37.6476],[127.07639,37.64671],[127.07549,37.64672],[127.07548,37.64695],[127.07431,37.64698],[127.07434,37.64749]]]}},{"type":"Feature","properties":{"id":380906234},"geometry":{"type":"Polygon","coordinates":[[[127.07459,37.64536],[127.07492,37.64455],[127.07415,37.64422],[127.07368,37.64506],[127.07459,37.64536]]]}},{"type":"Feature","properties":{"id":380909420},"geometry":{"type":"Polygon","coordinates":[[[127.07336,37.63916],[127.07336,37.63913],[127.07344,37.63841],[127.0738,37.63842],[127.0739,37.63821],[127.07452,37.6384],[127.07487,37.63854],[127.07504,37.63866],[127.0747,37.63883],[127.0745,37.63894],[127.07422,37.6391],[127.07401,37.63919],[127.07392,37.63921],[127.0738,37.63913],[127.07363,37.63908],[127.07348,37.6391],[127.07336,37.63916]]]}},{"type":"Feature","properties":{"id":380909810},"geometry":{"type":"Polygon","coordinates":[[[127.06706,37.63891],[127.06717,37.63886],[127.06763,37.63898],[127.06806,37.6391],[127.06828,37.63917],[127.06834,37.63925],[127.0681,37.63973],[127.06787,37.64027],[127.06781,37.64038],[127.06748,37.64109],[127.06731,37.64142],[127.06724,37.64148],[127.06617,37.64114],[127.06612,37.64104],[127.06617,37.6409],[127.06623,37.64072],[127.06649,37.64022],[127.06661,37.63991],[127.06689,37.63929],[127.06706,37.63891]]]}},{"type":"Feature","properties":{"id":380910507},"geometry":{"type":"Polygon","coordinates":[[[127.06808,37.63213],[127.06818,37.63198],[127.06853,37.63201],[127.06891,37.63201],[127.06928,37.632],[127.06969,37.63197],[127.06975,37.63207],[127.06951,37.6325],[127.06808,37.63213]]]}},{"type":"Feature","properties":{"id":380910509},"geometry":{"type":"Polygon","coordinates":[[[127.0651,37.63224],[127.06518,37.63211],[127.06547,37.63142],[127.06617,37.63152],[127.06581,37.6324],[127.0651,37.63224]]]}},{"type":"Feature","properties":{"id":380910520},"geometry":{"type":"Polygon","coordinates":[[[127.07072,37.63506],[127.07121,37.63521],[127.07176,37.63513],[127.07174,37.63471],[127.07157,37.63472],[127.07123,37.63477],[127.071,37.63486],[127.07082,37.6349],[127.07078,37.63489],[127.07072,37.63506]]]}},{"type":"Feature","properties":{"id":380911336},"geometry":{"type":"Polygon","coordinates":[[[127.07354,37.63087],[127.07396,37.63079],[127.07336,37.6302],[127.07306,37.63042],[127.07354,37.63087]]]}},{"type":"Feature","properties":{"id":381285378},"geometry":{"type":"Polygon","coordinates":[[[127.04265,37.66251],[127.04268,37.66257],[127.04273,37.66262],[127.04277,37.66264],[127.04283,37.66266],[127.04291,37.66267],[127.043,37.66267],[127.04314,37.66266],[127.04329,37.66266],[127.04342,37.66266],[127.04352,37.66266],[127.04358,37.66265],[127.0436,37.66265],[127.04362,37.66264],[127.04362,37.66262],[127.04361,37.6626],[127.0436,37.66258],[127.04354,37.66254],[127.04339,37.66244],[127.04316,37.66228],[127.04306,37.66221],[127.04284,37.66209],[127.0428,37.66207],[127.04273,37.66204],[127.04266,37.66203],[127.0426,37.66201],[127.04258,37.66202],[127.04256,37.66204],[127.04256,37.66207],[127.04258,37.66222],[127.04262,37.66236],[127.04263,37.66246],[127.04265,37.66251]]]}},{"type":"Feature","properties":{"id":381285379},"geometry":{"type":"Polygon","coordinates":[[[127.04135,37.66264],[127.04143,37.66256],[127.04165,37.66236],[127.04191,37.66214],[127.04204,37.66203],[127.04206,37.66202],[127.04209,37.66203],[127.04209,37.66206],[127.04211,37.66222],[127.04213,37.66228],[127.04214,37.66234],[127.04215,37.66243],[127.04216,37.66247],[127.04219,37.66262],[127.04219,37.66264],[127.04217,37.66266],[127.04213,37.66269],[127.04208,37.6627],[127.042,37.66269],[127.04164,37.6627],[127.04147,37.66269],[127.04135,37.66269],[127.04132,37.66268],[127.04132,37.66266],[127.04135,37.66264]]]}},{"type":"Feature","properties":{"id":381285381},"geometry":{"type":"Polygon","coordinates":[[[127.0423,37.66349],[127.04231,37.66352],[127.04232,37.66353],[127.04232,37.66355],[127.04232,37.66356],[127.0423,37.66357],[127.04229,37.66357],[127.04227,37.66357],[127.04224,37.66357],[127.04221,37.66355],[127.04216,37.66351],[127.04151,37.66308],[127.04147,37.66305],[127.04145,37.66302],[127.04145,37.663],[127.04147,37.66298],[127.0415,37.66296],[127.04154,37.66296],[127.04157,37.66297],[127.04164,37.66298],[127.04168,37.663],[127.0417,37.66302],[127.04179,37.66308],[127.04185,37.66312],[127.0419,37.66312],[127.04194,37.66314],[127.04198,37.66317],[127.04202,37.66321],[127.04205,37.66324],[127.04209,37.66325],[127.04212,37.66327],[127.04214,37.66329],[127.04216,37.66332],[127.04219,37.66334],[127.04222,37.66336],[127.04226,37.66339],[127.04228,37.6634],[127.04229,37.66343],[127.0423,37.66345],[127.0423,37.66349]]]}},{"type":"Feature","properties":{"id":381651421},"geometry":{"type":"Polygon","coordinates":[[[127.01219,37.65387],[127.01262,37.65376],[127.01261,37.6535],[127.0125,37.65351],[127.01239,37.65313],[127.01251,37.65311],[127.01242,37.65251],[127.01246,37.65182],[127.01194,37.65166],[127.01188,37.65168],[127.01135,37.652],[127.01068,37.65232],[127.01059,37.65242],[127.01046,37.65264],[127.01037,37.65282],[127.01029,37.65294],[127.01024,37.65301],[127.01047,37.65339],[127.01105,37.65323],[127.0113,37.65319],[127.01134,37.65325],[127.01132,37.65342],[127.01125,37.65355],[127.01113,37.65368],[127.01113,37.65369],[127.01107,37.65384],[127.01105,37.65386],[127.0113,37.65412],[127.01219,37.65387]]]}},{"type":"Feature","properties":{"id":381793811},"geometry":{"type":"Polygon","coordinates":[[[127.02292,37.55748],[127.02293,37.55785],[127.02288,37.55833],[127.02284,37.55897],[127.02242,37.5591],[127.02108,37.559],[127.02118,37.55887],[127.0213,37.55871],[127.02111,37.55825],[127.0211,37.55809],[127.02112,37.55793],[127.02111,37.55788],[127.02093,37.55782],[127.02093,37.55772],[127.0209,37.55769],[127.02093,37.55723],[127.02097,37.5571],[127.02087,37.557],[127.02074,37.55682],[127.02058,37.55659],[127.02053,37.55651],[127.02005,37.55646],[127.02011,37.55638],[127.02016,37.55617],[127.02023,37.55609],[127.02027,37.55592],[127.02027,37.55582],[127.02041,37.55568],[127.02042,37.55558],[127.02043,37.55538],[127.02044,37.55516],[127.02048,37.5551],[127.02061,37.55477],[127.02071,37.55478],[127.02117,37.55479],[127.02139,37.55476],[127.0215,37.55477],[127.02147,37.55492],[127.02193,37.55499],[127.02196,37.55516],[127.02197,37.5553],[127.02197,37.55534],[127.02205,37.55546],[127.02206,37.55551],[127.02193,37.55621],[127.02293,37.55673],[127.02292,37.55748]]]}},{"type":"Feature","properties":{"id":381928933},"geometry":{"type":"Polygon","coordinates":[[[126.8783,37.43266],[126.87839,37.43187],[126.87866,37.43188],[126.87884,37.43188],[126.87921,37.43193],[126.87923,37.43209],[126.87918,37.43234],[126.87915,37.43244],[126.87915,37.4329],[126.87895,37.43295],[126.8783,37.43266]]]}},{"type":"Feature","properties":{"id":381928944},"geometry":{"type":"Polygon","coordinates":[[[126.87575,37.43441],[126.87665,37.43429],[126.87624,37.43385],[126.87572,37.43394],[126.87575,37.43441]]]}},{"type":"Feature","properties":{"id":381967106},"geometry":{"type":"Polygon","coordinates":[[[127.15031,37.55454],[127.15067,37.55452],[127.15075,37.55452],[127.15077,37.55399],[127.15082,37.55388],[127.151,37.55367],[127.15143,37.55337],[127.15163,37.55316],[127.15153,37.55283],[127.15111,37.55253],[127.15077,37.55227],[127.15051,37.55214],[127.15041,37.55213],[127.14993,37.55222],[127.14994,37.5523],[127.15026,37.55448],[127.15031,37.55454]]]}},{"type":"Feature","properties":{"id":381969275},"geometry":{"type":"Polygon","coordinates":[[[127.11392,37.53656],[127.11552,37.53576],[127.11487,37.53498],[127.1128,37.53562],[127.11392,37.53656]]]}},{"type":"Feature","properties":{"id":382079384},"geometry":{"type":"Polygon","coordinates":[[[126.9808,37.52237],[126.9808,37.52223],[126.98069,37.52222],[126.98061,37.52211],[126.98052,37.52199],[126.98072,37.5219],[126.98089,37.52188],[126.98102,37.52192],[126.98115,37.52194],[126.98131,37.52191],[126.98147,37.52187],[126.98158,37.52183],[126.98163,37.52196],[126.98159,37.52206],[126.98155,37.52214],[126.98149,37.52217],[126.98135,37.5222],[126.98121,37.52225],[126.98111,37.52231],[126.98104,37.52235],[126.98098,37.52238],[126.98092,37.52239],[126.98084,37.52238],[126.9808,37.52237]]]}},{"type":"Feature","properties":{"id":382238721},"geometry":{"type":"Polygon","coordinates":[[[127.09624,37.47298],[127.09764,37.47319],[127.09828,37.47328],[127.09838,37.47328],[127.09911,37.47335],[127.09918,37.4728],[127.09845,37.4727],[127.09764,37.47259],[127.09637,37.47245],[127.09624,37.47298]]]}},{"type":"Feature","properties":{"id":382428457},"geometry":{"type":"Polygon","coordinates":[[[126.99381,37.57201],[126.99382,37.5715],[126.99382,37.57147],[126.99379,37.57086],[126.99379,37.57083],[126.9938,37.57069],[126.99396,37.5707],[126.99397,37.5707],[126.99403,37.5707],[126.99404,37.57071],[126.99432,37.57072],[126.99433,37.57072],[126.99436,37.57072],[126.99437,37.57072],[126.99496,37.57075],[126.9953,37.57077],[126.99539,37.57077],[126.99545,37.57077],[126.99547,37.57077],[126.99553,37.57078],[126.99591,37.5708],[126.99598,37.5708],[126.99634,37.57082],[126.99633,37.57095],[126.99633,37.57098],[126.99632,37.57105],[126.99632,37.57107],[126.99632,37.5711],[126.99629,37.57135],[126.99628,37.57149],[126.99626,37.57167],[126.99626,37.57169],[126.99626,37.5717],[126.99623,37.57203],[126.996,37.57202],[126.99587,37.57199],[126.99582,37.57198],[126.99566,37.57195],[126.99546,37.57196],[126.99528,37.57201],[126.99524,37.57202],[126.9952,37.57203],[126.99506,37.57206],[126.99495,37.57205],[126.99485,37.57203],[126.99447,37.57198],[126.99445,37.57198],[126.99442,37.57197],[126.99429,37.57197],[126.9942,37.57197],[126.99414,37.57198],[126.99407,37.57199],[126.99405,37.572],[126.99404,37.57201],[126.99389,37.57207],[126.99381,37.57201]]]}},{"type":"Feature","properties":{"id":382846222},"geometry":{"type":"Polygon","coordinates":[[[127.00193,37.42744],[127.00199,37.42755],[127.00252,37.42867],[127.00263,37.42878],[127.0027,37.42882],[127.0028,37.42886],[127.00287,37.42887],[127.00294,37.42885],[127.00338,37.42838],[127.00503,37.42703],[127.00493,37.42698],[127.00486,37.427],[127.0047,37.42703],[127.0046,37.42702],[127.00438,37.42695],[127.00423,37.42693],[127.00411,37.42696],[127.00402,37.42702],[127.0039,37.42701],[127.00381,37.42695],[127.00362,37.42687],[127.0035,37.42681],[127.00337,37.42679],[127.00314,37.42682],[127.00296,37.42688],[127.00281,37.42689],[127.00269,37.4269],[127.00254,37.42685],[127.00214,37.42688],[127.00203,37.42697],[127.00202,37.42709],[127.002,37.42722],[127.00193,37.42744]]]}},{"type":"Feature","properties":{"id":382851599},"geometry":{"type":"Polygon","coordinates":[[[126.98417,37.4264],[126.9841,37.42638],[126.98402,37.42633],[126.98398,37.42627],[126.98396,37.4262],[126.98397,37.42613],[126.984,37.42607],[126.98407,37.42601],[126.98416,37.42595],[126.98456,37.42573],[126.98465,37.4257],[126.98478,37.4257],[126.98491,37.42575],[126.98499,37.42583],[126.98502,37.4259],[126.985,37.42601],[126.98495,37.42608],[126.98485,37.42613],[126.98437,37.42639],[126.98429,37.42641],[126.98421,37.42641],[126.98417,37.4264]]]}},{"type":"Feature","properties":{"id":382851610},"geometry":{"type":"Polygon","coordinates":[[[126.98537,37.42591],[126.98493,37.42547],[126.98505,37.4254],[126.98519,37.42531],[126.98538,37.42519],[126.98543,37.42524],[126.98578,37.4256],[126.98582,37.42564],[126.98578,37.42566],[126.98537,37.42591]]]}},{"type":"Feature","properties":{"id":382851612},"geometry":{"type":"Polygon","coordinates":[[[126.98578,37.4256],[126.98754,37.42456],[126.98778,37.42442],[126.98793,37.42432],[126.98796,37.42426],[126.98797,37.42419],[126.98794,37.42414],[126.98791,37.42408],[126.98786,37.42403],[126.9878,37.42399],[126.98773,37.42398],[126.98764,37.42401],[126.98756,37.42404],[126.98745,37.42408],[126.98549,37.4252],[126.98543,37.42524],[126.98578,37.4256]]]}},{"type":"Feature","properties":{"id":383013961},"geometry":{"type":"Polygon","coordinates":[[[126.98092,37.42595],[126.98217,37.42585],[126.98211,37.42597],[126.98199,37.42609],[126.98189,37.4263],[126.98169,37.42667],[126.98145,37.42669],[126.98142,37.42674],[126.98118,37.42676],[126.98113,37.42673],[126.98095,37.42674],[126.98095,37.42648],[126.98094,37.42638],[126.98096,37.42631],[126.98092,37.42595]]]}},{"type":"Feature","properties":{"id":383073785},"geometry":{"type":"Polygon","coordinates":[[[126.99015,37.42506],[126.98997,37.42485],[126.9894,37.42422],[126.98938,37.42442],[126.98939,37.42462],[126.98941,37.4249],[126.98947,37.42517],[126.98949,37.42523],[126.98964,37.42531],[126.98968,37.42532],[126.98978,37.42535],[126.98996,37.42523],[126.99015,37.42506]]]}},{"type":"Feature","properties":{"id":383073786},"geometry":{"type":"Polygon","coordinates":[[[126.98638,37.42562],[126.98743,37.42502],[126.98838,37.426],[126.98731,37.42662],[126.98638,37.42562]]]}},{"type":"Feature","properties":{"id":383073790},"geometry":{"type":"Polygon","coordinates":[[[126.98761,37.42714],[126.98859,37.4266],[126.98937,37.42748],[126.9884,37.42803],[126.98761,37.42714]]]}},{"type":"Feature","properties":{"id":383220766},"geometry":{"type":"Polygon","coordinates":[[[126.9937,37.4287],[126.99344,37.42888],[126.99306,37.42913],[126.9934,37.42961],[126.99369,37.42994],[126.99408,37.43038],[126.99734,37.43404],[126.99739,37.43403],[126.99743,37.43399],[126.99778,37.4333],[126.99646,37.43186],[126.99631,37.43194],[126.99624,37.43186],[126.99543,37.43092],[126.99538,37.43086],[126.99536,37.43084],[126.99531,37.43079],[126.99555,37.43069],[126.9937,37.4287]]]}},{"type":"Feature","properties":{"id":383278207},"geometry":{"type":"Polygon","coordinates":[[[126.99761,37.43951],[126.99957,37.43863],[126.99979,37.43868],[126.99908,37.43998],[126.9977,37.44234],[126.99748,37.4427],[126.9964,37.44445],[126.99625,37.44477],[126.99605,37.44509],[126.99591,37.44529],[126.99574,37.44529],[126.99559,37.44516],[126.99435,37.44234],[126.9942,37.44144],[126.99424,37.43977],[126.99426,37.43963],[126.99472,37.43963],[126.99476,37.43951],[126.99761,37.43951]]]}},{"type":"Feature","properties":{"id":383384970},"geometry":{"type":"Polygon","coordinates":[[[126.99802,37.43953],[126.99815,37.43928],[126.9986,37.43943],[126.99873,37.43938],[126.99879,37.43932],[126.99886,37.43929],[126.99897,37.43927],[126.99906,37.43931],[126.99909,37.43937],[126.99907,37.43949],[126.99897,37.43968],[126.99888,37.4397],[126.99876,37.4397],[126.99868,37.43964],[126.99867,37.43958],[126.99858,37.43955],[126.9985,37.43969],[126.99834,37.43964],[126.99831,37.4397],[126.99807,37.43963],[126.99811,37.43956],[126.99802,37.43953]]]}},{"type":"Feature","properties":{"id":383618481},"geometry":{"type":"Polygon","coordinates":[[[127.01516,37.43133],[127.01494,37.43126],[127.01479,37.43113],[127.01469,37.43092],[127.01464,37.43074],[127.01472,37.43057],[127.01481,37.43036],[127.01501,37.43026],[127.01515,37.43026],[127.01538,37.43031],[127.01553,37.43038],[127.01562,37.43047],[127.01566,37.43056],[127.01572,37.43059],[127.01576,37.43067],[127.01577,37.43073],[127.01573,37.4308],[127.01573,37.43087],[127.01573,37.43102],[127.01565,37.43113],[127.01558,37.43124],[127.01546,37.4313],[127.01536,37.43132],[127.01516,37.43133]]]}},{"type":"Feature","properties":{"id":383618482},"geometry":{"type":"Polygon","coordinates":[[[127.01536,37.43015],[127.01537,37.43009],[127.01531,37.43005],[127.01527,37.42994],[127.01518,37.42982],[127.0151,37.42965],[127.01521,37.42954],[127.01531,37.42954],[127.01543,37.42959],[127.0155,37.42954],[127.01569,37.42959],[127.01597,37.42969],[127.01615,37.42979],[127.01629,37.42991],[127.01632,37.43008],[127.01628,37.43017],[127.01618,37.43027],[127.01607,37.43031],[127.01579,37.4303],[127.01561,37.43026],[127.01552,37.4302],[127.01536,37.43015]]]}},{"type":"Feature","properties":{"id":383618485},"geometry":{"type":"Polygon","coordinates":[[[127.01578,37.43204],[127.01543,37.43198],[127.01516,37.4319],[127.01509,37.43164],[127.01508,37.43149],[127.01676,37.43146],[127.0167,37.43185],[127.01643,37.43198],[127.01614,37.43203],[127.01578,37.43204]]]}},{"type":"Feature","properties":{"id":383731438},"geometry":{"type":"Polygon","coordinates":[[[127.01479,37.42802],[127.01431,37.42833],[127.01426,37.4288],[127.01369,37.42907],[127.01338,37.42934],[127.0132,37.42964],[127.01307,37.42977],[127.0129,37.42987],[127.01288,37.42994],[127.01291,37.43005],[127.01298,37.43015],[127.01308,37.43029],[127.01315,37.43043],[127.01322,37.43048],[127.01334,37.43048],[127.01342,37.43052],[127.01346,37.43056],[127.01355,37.43065],[127.01364,37.43068],[127.01371,37.4307],[127.0138,37.43069],[127.01395,37.43065],[127.01407,37.43067],[127.01419,37.43072],[127.01432,37.43078],[127.01446,37.43087],[127.01459,37.43105],[127.0147,37.43123],[127.01475,37.4314],[127.01477,37.43156],[127.01482,37.43178],[127.01488,37.43199],[127.01494,37.43207],[127.015,37.43213],[127.01527,37.43224],[127.01556,37.43236],[127.01573,37.43241],[127.01606,37.43241],[127.01621,37.43243],[127.01647,37.43249],[127.01674,37.43253],[127.01678,37.43228],[127.01708,37.43042],[127.01684,37.43004],[127.01635,37.42973],[127.01588,37.42956],[127.0154,37.42945],[127.01533,37.42904],[127.01506,37.42841],[127.01479,37.42802]]]}},{"type":"Feature","properties":{"id":383731440},"geometry":{"type":"Polygon","coordinates":[[[127.00694,37.43253],[127.00671,37.43253],[127.0064,37.43236],[127.00653,37.43193],[127.00622,37.43154],[127.0063,37.43145],[127.00575,37.43089],[127.00604,37.43075],[127.00618,37.43074],[127.00662,37.43099],[127.00673,37.43088],[127.00688,37.43054],[127.00758,37.43098],[127.00818,37.43137],[127.00851,37.43154],[127.0081,37.43182],[127.00792,37.43198],[127.00756,37.4322],[127.00718,37.4324],[127.00694,37.43253]]]}},{"type":"Feature","properties":{"id":383733789},"geometry":{"type":"Polygon","coordinates":[[[127.00386,37.4403],[127.00389,37.44025],[127.00383,37.44009],[127.00377,37.44006],[127.00367,37.44002],[127.0036,37.43997],[127.00357,37.4399],[127.00351,37.43984],[127.00341,37.43983],[127.00337,37.4398],[127.00336,37.43967],[127.00324,37.43961],[127.00323,37.43946],[127.00303,37.43936],[127.00285,37.43933],[127.00273,37.43942],[127.00269,37.43953],[127.00259,37.43964],[127.00244,37.43974],[127.00235,37.43981],[127.00221,37.43988],[127.00206,37.43994],[127.00202,37.44009],[127.00205,37.4402],[127.00215,37.44033],[127.00209,37.44043],[127.00244,37.44058],[127.00255,37.44061],[127.0027,37.44045],[127.00294,37.44047],[127.00386,37.4403]]]}},{"type":"Feature","properties":{"id":385839957},"geometry":{"type":"Polygon","coordinates":[[[126.90681,37.46395],[126.90735,37.4638],[126.90741,37.46383],[126.90745,37.46391],[126.90745,37.46397],[126.90755,37.46392],[126.90776,37.46386],[126.90804,37.46383],[126.9082,37.46383],[126.90828,37.46389],[126.9084,37.46391],[126.9085,37.46386],[126.90833,37.4637],[126.9075,37.46306],[126.90739,37.46297],[126.90735,37.46269],[126.90718,37.46266],[126.90711,37.46271],[126.90699,37.46336],[126.90681,37.46395]]]}},{"type":"Feature","properties":{"id":385989548},"geometry":{"type":"Polygon","coordinates":[[[126.90781,37.46888],[126.90795,37.46904],[126.90818,37.46895],[126.90849,37.46882],[126.90854,37.4688],[126.90859,37.46879],[126.90864,37.46878],[126.90945,37.46838],[126.90951,37.46831],[126.90944,37.46823],[126.90947,37.46818],[126.90944,37.46812],[126.90938,37.46804],[126.90933,37.46799],[126.90892,37.46753],[126.90882,37.46751],[126.90874,37.46755],[126.90872,37.46763],[126.90857,37.46769],[126.90738,37.46829],[126.90781,37.46888]]]}},{"type":"Feature","properties":{"id":387149343},"geometry":{"type":"Polygon","coordinates":[[[126.89342,37.4431],[126.89459,37.44269],[126.89417,37.44334],[126.89342,37.4431]]]}},{"type":"Feature","properties":{"id":391571136},"geometry":{"type":"Polygon","coordinates":[[[126.74267,37.54344],[126.74374,37.54375],[126.74371,37.54382],[126.74264,37.54352],[126.74267,37.54344]]]}},{"type":"Feature","properties":{"id":392734224},"geometry":{"type":"Polygon","coordinates":[[[127.03177,37.58112],[127.03169,37.58133],[127.03229,37.58136],[127.03238,37.58111],[127.03252,37.5808],[127.032,37.58063],[127.03184,37.58096],[127.03177,37.58112]]]}},{"type":"Feature","properties":{"id":392747235},"geometry":{"type":"Polygon","coordinates":[[[127.03157,37.58771],[127.03219,37.58729],[127.03178,37.58692],[127.03117,37.58733],[127.03157,37.58771]]]}},{"type":"Feature","properties":{"id":394541403},"geometry":{"type":"Polygon","coordinates":[[[127.08081,37.51442],[127.0807,37.5142],[127.08243,37.51369],[127.08294,37.51354],[127.08315,37.51398],[127.08344,37.5146],[127.08309,37.5147],[127.0827,37.51387],[127.08192,37.5141],[127.08081,37.51442]]]}},{"type":"Feature","properties":{"id":396396585},"geometry":{"type":"Polygon","coordinates":[[[127.05161,37.48551],[127.0519,37.48501],[127.05633,37.48763],[127.05614,37.48816],[127.05161,37.48551]]]}},{"type":"Feature","properties":{"id":396812559},"geometry":{"type":"Polygon","coordinates":[[[127.05641,37.48836],[127.05774,37.48902],[127.05867,37.48937],[127.05966,37.48963],[127.06492,37.49056],[127.06525,37.49005],[127.0595,37.48903],[127.05881,37.48886],[127.05815,37.4886],[127.0577,37.48842],[127.05661,37.48784],[127.05641,37.48836]]]}},{"type":"Feature","properties":{"id":399048893},"geometry":{"type":"Polygon","coordinates":[[[126.87004,37.50983],[126.87011,37.50993],[126.87023,37.51001],[126.87053,37.50989],[126.86985,37.50892],[126.86953,37.50904],[126.86957,37.50911],[126.86962,37.50918],[126.86964,37.50922],[126.87004,37.50983]]]}},{"type":"Feature","properties":{"id":402093778},"geometry":{"type":"Polygon","coordinates":[[[126.9421,37.55094],[126.94233,37.55051],[126.94293,37.55071],[126.94269,37.55112],[126.9421,37.55094]]]}},{"type":"Feature","properties":{"id":409632767},"geometry":{"type":"Polygon","coordinates":[[[126.69889,37.444],[126.70026,37.44358],[126.70093,37.44839],[126.70055,37.44843],[126.69951,37.44851],[126.69926,37.4467],[126.69889,37.444]]]}},{"type":"Feature","properties":{"id":409632783},"geometry":{"type":"Polygon","coordinates":[[[126.69952,37.44853],[126.70055,37.44843],[126.70093,37.44839],[126.70117,37.45012],[126.70074,37.45014],[126.70041,37.45016],[126.69973,37.45017],[126.69952,37.44853]]]}},{"type":"Feature","properties":{"id":409632860},"geometry":{"type":"Polygon","coordinates":[[[126.70022,37.45345],[126.70028,37.45345],[126.70073,37.45345],[126.70077,37.45344],[126.70079,37.45344],[126.70081,37.45344],[126.70098,37.45343],[126.701,37.45342],[126.70103,37.45342],[126.70105,37.45342],[126.70152,37.45338],[126.70163,37.45338],[126.70117,37.45012],[126.70074,37.45014],[126.70041,37.45016],[126.69974,37.45023],[126.70022,37.45345]]]}},{"type":"Feature","properties":{"id":409633035},"geometry":{"type":"Polygon","coordinates":[[[126.71835,37.45611],[126.71906,37.45604],[126.71916,37.4561],[126.71925,37.45615],[126.71968,37.4588],[126.71813,37.45898],[126.71835,37.45611]]]}},{"type":"Feature","properties":{"id":410555999},"geometry":{"type":"Polygon","coordinates":[[[126.91645,37.46544],[126.9174,37.46525],[126.9175,37.46554],[126.91748,37.46558],[126.91722,37.46564],[126.91719,37.46565],[126.91722,37.46574],[126.91726,37.46574],[126.9174,37.46603],[126.91739,37.46607],[126.91726,37.46636],[126.91724,37.46637],[126.91691,37.46643],[126.91687,37.46642],[126.91643,37.46545],[126.91645,37.46544]]]}},{"type":"Feature","properties":{"id":410974076},"geometry":{"type":"Polygon","coordinates":[[[126.907,37.47053],[126.90734,37.47063],[126.9074,37.47058],[126.90747,37.47051],[126.90751,37.47048],[126.9076,37.47043],[126.90777,37.47031],[126.90783,37.4702],[126.90771,37.46989],[126.90775,37.46984],[126.90812,37.46965],[126.90824,37.46956],[126.90843,37.4695],[126.90863,37.46939],[126.90882,37.46943],[126.90908,37.46944],[126.90911,37.46905],[126.90867,37.46909],[126.90853,37.46909],[126.90728,37.46967],[126.90717,37.46964],[126.90683,37.46976],[126.90676,37.46979],[126.9068,37.47014],[126.90682,37.47038],[126.90686,37.47049],[126.907,37.47053]]]}},{"type":"Feature","properties":{"id":413280018},"geometry":{"type":"Polygon","coordinates":[[[126.99555,37.50545],[126.99487,37.50514],[126.99492,37.50508],[126.99477,37.50501],[126.9949,37.50484],[126.99515,37.50496],[126.99534,37.5047],[126.99562,37.50483],[126.99542,37.50511],[126.9957,37.50524],[126.99555,37.50545]]]}},{"type":"Feature","properties":{"id":413360475},"geometry":{"type":"Polygon","coordinates":[[[127.0033,37.51007],[127.0028,37.50959],[127.00314,37.50885],[127.00367,37.509],[127.00385,37.50861],[127.00405,37.50867],[127.00446,37.50921],[127.00443,37.50928],[127.00372,37.50909],[127.0033,37.51007]]]}},{"type":"Feature","properties":{"id":415432151},"geometry":{"type":"Polygon","coordinates":[[[126.98356,37.5176],[126.98357,37.51692],[126.98366,37.51681],[126.9839,37.5167],[126.985,37.51671],[126.985,37.51757],[126.98428,37.51757],[126.98428,37.51753],[126.98428,37.51751],[126.98414,37.51751],[126.98414,37.51725],[126.98381,37.51725],[126.98381,37.5176],[126.98356,37.5176]]]}},{"type":"Feature","properties":{"id":416453504},"geometry":{"type":"Polygon","coordinates":[[[127.01722,37.58419],[127.0174,37.58409],[127.01754,37.58399],[127.01767,37.5838],[127.01775,37.5837],[127.01779,37.5836],[127.01779,37.58356],[127.01773,37.58349],[127.01743,37.58344],[127.01655,37.5833],[127.01656,37.58336],[127.0164,37.58343],[127.01628,37.58354],[127.01668,37.58383],[127.01717,37.58419],[127.01722,37.58419]]]}},{"type":"Feature","properties":{"id":416569028},"geometry":{"type":"Polygon","coordinates":[[[127.03846,37.57383],[127.04111,37.57305],[127.04114,37.57301],[127.04115,37.57297],[127.04116,37.57294],[127.04114,37.5729],[127.04109,37.57285],[127.04102,37.57283],[127.03992,37.57286],[127.03858,37.57288],[127.03835,37.57288],[127.03821,37.57298],[127.03825,37.57374],[127.03846,37.57383]]]}},{"type":"Feature","properties":{"id":416600206},"geometry":{"type":"Polygon","coordinates":[[[127.07499,37.56818],[127.07495,37.56823],[127.074,37.56805],[127.07333,37.56682],[127.07406,37.56655],[127.07499,37.56818]]]}},{"type":"Feature","properties":{"id":416632563},"geometry":{"type":"Polygon","coordinates":[[[127.0719,37.57673],[127.07095,37.57677],[127.07102,37.5773],[127.07085,37.57733],[127.07098,37.57804],[127.07199,37.57796],[127.0719,37.57673]]]}},{"type":"Feature","properties":{"id":416763235},"geometry":{"type":"Polygon","coordinates":[[[126.99148,37.51761],[126.99183,37.51735],[126.99176,37.51731],[126.99161,37.5172],[126.99122,37.51692],[126.99044,37.51644],[126.98987,37.51617],[126.98896,37.51575],[126.98822,37.51548],[126.98743,37.51522],[126.98675,37.51504],[126.98524,37.5148],[126.98468,37.51473],[126.98333,37.5146],[126.98202,37.51453],[126.98144,37.51452],[126.97978,37.51456],[126.97895,37.51459],[126.97762,37.5147],[126.97667,37.51482],[126.97613,37.5149],[126.97492,37.51514],[126.97395,37.51536],[126.97333,37.51548],[126.97274,37.51565],[126.97122,37.51622],[126.97013,37.51664],[126.969,37.51707],[126.96895,37.51709],[126.96872,37.51718],[126.96766,37.51764],[126.96465,37.51889],[126.96252,37.51972],[126.96249,37.51974],[126.96231,37.51984],[126.96197,37.51999],[126.96193,37.52001],[126.9614,37.5202],[126.96105,37.52035],[126.96009,37.52074],[126.95978,37.52087],[126.95968,37.52091],[126.95964,37.52093],[126.95959,37.52093],[126.95951,37.52095],[126.95937,37.52098],[126.95866,37.52121],[126.95823,37.52132],[126.95764,37.52144],[126.95716,37.52153],[126.95675,37.52158],[126.95576,37.52177],[126.95647,37.52266],[126.95737,37.52224],[126.95901,37.52192],[126.95985,37.52185],[126.96091,37.52159],[126.9637,37.52059],[126.97014,37.51813],[126.97308,37.51699],[126.97464,37.51641],[126.97568,37.5162],[126.97718,37.51594],[126.9812,37.51591],[126.98395,37.51592],[126.98738,37.51631],[126.98921,37.51657],[126.9898,37.51676],[126.99075,37.51717],[126.99148,37.51761]]]}},{"type":"Feature","properties":{"id":416822360},"geometry":{"type":"Polygon","coordinates":[[[127.08912,37.57495],[127.08894,37.57461],[127.08868,37.57403],[127.08859,37.57387],[127.08852,37.57368],[127.08863,37.57356],[127.08803,37.57288],[127.08782,37.57229],[127.08793,37.57179],[127.08817,37.57177],[127.08834,37.57172],[127.08851,37.57166],[127.08873,37.57207],[127.08891,37.57229],[127.08925,37.5724],[127.08956,37.57235],[127.08973,37.5724],[127.09012,37.57232],[127.0905,37.57241],[127.09093,37.57242],[127.09137,37.57226],[127.09167,37.5723],[127.09168,37.57263],[127.09148,37.57294],[127.09134,37.57365],[127.09122,37.5744],[127.09109,37.57477],[127.09079,37.57501],[127.09055,37.57522],[127.09031,37.57538],[127.08986,37.57536],[127.08952,37.5753],[127.08929,37.57517],[127.08912,37.57495]]]}},{"type":"Feature","properties":{"id":416826276},"geometry":{"type":"Polygon","coordinates":[[[127.09825,37.58847],[127.09898,37.58821],[127.09905,37.58815],[127.09918,37.58796],[127.0994,37.58788],[127.09954,37.58754],[127.09938,37.58679],[127.10031,37.58689],[127.10051,37.58688],[127.10159,37.58696],[127.10172,37.58683],[127.10177,37.58671],[127.10132,37.58611],[127.10139,37.58593],[127.10144,37.58579],[127.10144,37.58563],[127.10112,37.58527],[127.10097,37.58522],[127.10072,37.58528],[127.10055,37.5858],[127.10013,37.58575],[127.10001,37.58563],[127.09964,37.58553],[127.09937,37.58543],[127.09911,37.58554],[127.09874,37.58567],[127.0982,37.58571],[127.09807,37.58583],[127.09812,37.58587],[127.09814,37.58612],[127.09814,37.58627],[127.09816,37.58637],[127.09838,37.58649],[127.09845,37.58669],[127.09858,37.58681],[127.09867,37.58726],[127.09817,37.58745],[127.09825,37.58755],[127.09831,37.58781],[127.09794,37.58795],[127.09825,37.58847]]]}},{"type":"Feature","properties":{"id":417025270},"geometry":{"type":"Polygon","coordinates":[[[127.05894,37.64917],[127.05887,37.64937],[127.05899,37.6494],[127.06028,37.64969],[127.0602,37.64989],[127.05814,37.64947],[127.05809,37.6496],[127.05756,37.64963],[127.05712,37.64969],[127.0569,37.64945],[127.05714,37.64858],[127.05758,37.6487],[127.05753,37.64885],[127.05894,37.64917]]]}},{"type":"Feature","properties":{"id":417037097},"geometry":{"type":"Polygon","coordinates":[[[127.06356,37.65071],[127.06452,37.65092],[127.0645,37.65097],[127.06563,37.65121],[127.06576,37.65082],[127.06371,37.65035],[127.06356,37.65071]]]}},{"type":"Feature","properties":{"id":417065403},"geometry":{"type":"Polygon","coordinates":[[[127.0936,37.54915],[127.09414,37.5493],[127.09425,37.54941],[127.09425,37.54953],[127.09413,37.54966],[127.09454,37.54981],[127.09484,37.54965],[127.09529,37.5497],[127.09612,37.54987],[127.09655,37.55013],[127.09694,37.5498],[127.09714,37.54971],[127.09734,37.54974],[127.09755,37.54985],[127.09774,37.54973],[127.09808,37.54975],[127.0982,37.54984],[127.0986,37.54958],[127.09871,37.54942],[127.09872,37.5492],[127.09846,37.54859],[127.09833,37.54807],[127.09817,37.54784],[127.09791,37.54768],[127.09765,37.54769],[127.09711,37.54776],[127.09683,37.54799],[127.09636,37.54809],[127.0949,37.54862],[127.09354,37.54905],[127.0936,37.54915]]]}},{"type":"Feature","properties":{"id":417065409},"geometry":{"type":"Polygon","coordinates":[[[127.10174,37.55149],[127.10174,37.55148],[127.10177,37.55126],[127.10148,37.55116],[127.10111,37.55103],[127.10085,37.55082],[127.10052,37.55136],[127.10025,37.55169],[127.0999,37.55197],[127.09977,37.55225],[127.09965,37.55256],[127.09965,37.55271],[127.09978,37.55272],[127.10004,37.55248],[127.10036,37.5524],[127.10037,37.55265],[127.10032,37.55288],[127.10071,37.55289],[127.101,37.55266],[127.10118,37.55224],[127.10149,37.55194],[127.10155,37.55175],[127.10173,37.55149],[127.10174,37.55149]]]}},{"type":"Feature","properties":{"id":417139190},"geometry":{"type":"Polygon","coordinates":[[[127.09568,37.5477],[127.09401,37.54826],[127.09395,37.54821],[127.09373,37.54787],[127.09357,37.54768],[127.09347,37.54751],[127.09325,37.54736],[127.093,37.54726],[127.09281,37.54706],[127.09337,37.5468],[127.09352,37.54685],[127.09362,37.54698],[127.09423,37.54711],[127.09447,37.54719],[127.0949,37.54696],[127.09513,37.54708],[127.0952,37.54732],[127.09539,37.54756],[127.09568,37.5477]]]}},{"type":"Feature","properties":{"id":417323997},"geometry":{"type":"Polygon","coordinates":[[[127.0939,37.53709],[127.09469,37.53761],[127.09475,37.53757],[127.09506,37.5372],[127.0949,37.53711],[127.09523,37.53674],[127.0948,37.53644],[127.09464,37.53645],[127.09445,37.53632],[127.09384,37.53703],[127.0939,37.53709]]]}},{"type":"Feature","properties":{"id":417437657},"geometry":{"type":"Polygon","coordinates":[[[127.0534,37.52228],[127.05352,37.52211],[127.0543,37.52086],[127.05417,37.52082],[127.05425,37.52068],[127.05373,37.52057],[127.05383,37.52026],[127.05249,37.52002],[127.0523,37.52056],[127.05108,37.52071],[127.05099,37.52075],[127.05052,37.52165],[127.05055,37.5217],[127.0512,37.5219],[127.05167,37.52211],[127.0519,37.52178],[127.05292,37.52215],[127.0534,37.52228]]]}},{"type":"Feature","properties":{"id":417446582},"geometry":{"type":"Polygon","coordinates":[[[127.02571,37.51662],[127.02671,37.51579],[127.02652,37.51562],[127.0261,37.51527],[127.02553,37.51484],[127.02503,37.51475],[127.02446,37.5146],[127.02416,37.51455],[127.0237,37.51553],[127.02443,37.51563],[127.02464,37.51574],[127.0248,37.51587],[127.02571,37.51662]]]}},{"type":"Feature","properties":{"id":417638568},"geometry":{"type":"Polygon","coordinates":[[[127.05472,37.51409],[127.05516,37.51417],[127.0561,37.51434],[127.05627,37.51373],[127.05534,37.51356],[127.05489,37.51348],[127.05472,37.51409]]]}},{"type":"Feature","properties":{"id":417638571},"geometry":{"type":"Polygon","coordinates":[[[127.05435,37.51879],[127.05356,37.51865],[127.05382,37.51824],[127.05435,37.51879]]]}},{"type":"Feature","properties":{"id":417981300},"geometry":{"type":"Polygon","coordinates":[[[127.08182,37.49289],[127.08311,37.49331],[127.08356,37.49239],[127.08318,37.49223],[127.08233,37.49182],[127.08182,37.49289]]]}},{"type":"Feature","properties":{"id":417994723},"geometry":{"type":"Polygon","coordinates":[[[127.07699,37.48117],[127.07957,37.48152],[127.07842,37.48048],[127.07819,37.48034],[127.07786,37.4803],[127.07756,37.48036],[127.07719,37.48078],[127.07702,37.48088],[127.07699,37.48117]]]}},{"type":"Feature","properties":{"id":418110862},"geometry":{"type":"Polygon","coordinates":[[[127.00978,37.51268],[127.01023,37.5124],[127.01044,37.51249],[127.01021,37.51311],[127.00978,37.51268]]]}},{"type":"Feature","properties":{"id":418249072},"geometry":{"type":"Polygon","coordinates":[[[126.97896,37.50488],[126.97867,37.50534],[126.97867,37.50537],[126.97868,37.50539],[126.97893,37.50549],[126.97894,37.50551],[126.97895,37.50553],[126.97894,37.50574],[126.97898,37.50589],[126.97902,37.50599],[126.97911,37.50609],[126.97921,37.50616],[126.9794,37.50625],[126.97944,37.50625],[126.97972,37.50627],[126.97983,37.50628],[126.97986,37.50628],[126.98136,37.50632],[126.98167,37.50631],[126.98214,37.50626],[126.98256,37.50623],[126.983,37.50629],[126.98347,37.50639],[126.98385,37.50656],[126.98425,37.50674],[126.9845,37.50679],[126.98454,37.5068],[126.98486,37.50686],[126.98491,37.50686],[126.985,37.50688],[126.98517,37.50689],[126.98544,37.50688],[126.98571,37.50686],[126.9878,37.50655],[126.98809,37.50655],[126.98841,37.50659],[126.98985,37.50693],[126.99104,37.50732],[126.9912,37.50739],[126.99136,37.50752],[126.99158,37.50776],[126.99183,37.50812],[126.99223,37.50845],[126.99337,37.50938],[126.9934,37.5094],[126.99364,37.5096],[126.99367,37.50962],[126.99455,37.51036],[126.99462,37.51041],[126.99464,37.51043],[126.99465,37.51044],[126.99486,37.5106],[126.99487,37.51061],[126.99489,37.51062],[126.99552,37.51107],[126.99556,37.51109],[126.99559,37.51112],[126.99566,37.51117],[126.99616,37.51156],[126.99668,37.51202],[126.9969,37.51218],[126.99695,37.51221],[126.99699,37.51224],[126.99732,37.51243],[126.99781,37.51262],[126.99807,37.51272],[126.99851,37.51284],[126.9996,37.51309],[127,37.51321],[127.00032,37.51329],[127.00074,37.51343],[127.00104,37.51357],[127.00134,37.51379],[127.00278,37.51498],[127.003,37.51513],[127.00318,37.5152],[127.0034,37.51524],[127.00363,37.51525],[127.00379,37.51527],[127.00394,37.51532],[127.00418,37.5155],[127.0057,37.51485],[127.00345,37.51313],[127.00296,37.51281],[127.00164,37.51196],[126.9996,37.511],[126.99897,37.51071],[126.99861,37.51054],[126.99859,37.51053],[126.99856,37.51052],[126.99593,37.5093],[126.99379,37.50815],[126.99192,37.50725],[126.99064,37.50672],[126.98929,37.50647],[126.98827,37.5063],[126.98783,37.50617],[126.9871,37.50583],[126.98668,37.50569],[126.9841,37.50522],[126.98258,37.50509],[126.98106,37.50508],[126.98006,37.50508],[126.97976,37.50477],[126.97971,37.50437],[126.97981,37.504],[126.97992,37.50335],[126.98019,37.50275],[126.97986,37.50321],[126.97941,37.50408],[126.97896,37.50488]]]}},{"type":"Feature","properties":{"id":418335464},"geometry":{"type":"Polygon","coordinates":[[[127.10983,37.50684],[127.11022,37.50654],[127.11063,37.50624],[127.10986,37.50563],[127.10916,37.50621],[127.10983,37.50684]]]}},{"type":"Feature","properties":{"id":418335472},"geometry":{"type":"Polygon","coordinates":[[[127.11458,37.50676],[127.11511,37.50649],[127.11444,37.5057],[127.11394,37.50596],[127.11458,37.50676]]]}},{"type":"Feature","properties":{"id":418431215},"geometry":{"type":"Polygon","coordinates":[[[127.11473,37.5045],[127.11623,37.50373],[127.11606,37.50345],[127.11463,37.50438],[127.11473,37.5045]]]}},{"type":"Feature","properties":{"id":418641936},"geometry":{"type":"Polygon","coordinates":[[[127.11032,37.4898],[127.11058,37.48924],[127.10999,37.48906],[127.10963,37.48954],[127.10965,37.48959],[127.11032,37.4898]]]}},{"type":"Feature","properties":{"id":418647638},"geometry":{"type":"Polygon","coordinates":[[[127.13051,37.49466],[127.13094,37.49455],[127.1319,37.49376],[127.13063,37.49274],[127.12985,37.49329],[127.13045,37.49453],[127.13051,37.49466]]]}},{"type":"Feature","properties":{"id":418647664},"geometry":{"type":"Polygon","coordinates":[[[127.13904,37.49952],[127.13986,37.49904],[127.13927,37.49841],[127.13838,37.49895],[127.13904,37.49952]]]}},{"type":"Feature","properties":{"id":418716728},"geometry":{"type":"Polygon","coordinates":[[[127.13983,37.50212],[127.14043,37.50171],[127.14023,37.50154],[127.13964,37.50195],[127.13983,37.50212]]]}},{"type":"Feature","properties":{"id":418738375},"geometry":{"type":"Polygon","coordinates":[[[127.13839,37.49597],[127.13925,37.49551],[127.13788,37.49426],[127.13778,37.49477],[127.13766,37.49538],[127.13765,37.49559],[127.13771,37.49567],[127.13822,37.49602],[127.13839,37.49597]]]}},{"type":"Feature","properties":{"id":418741549},"geometry":{"type":"Polygon","coordinates":[[[127.13351,37.48807],[127.13424,37.48763],[127.13413,37.48735],[127.13329,37.48786],[127.13351,37.48807]]]}},{"type":"Feature","properties":{"id":418790730},"geometry":{"type":"Polygon","coordinates":[[[127.13082,37.48169],[127.13092,37.48164],[127.13112,37.48189],[127.1312,37.48184],[127.13101,37.4816],[127.13128,37.4815],[127.13099,37.48031],[127.13096,37.4803],[127.1309,37.48029],[127.13087,37.48028],[127.13085,37.48026],[127.13055,37.48049],[127.13054,37.4806],[127.13058,37.48067],[127.13071,37.48063],[127.1307,37.4807],[127.13072,37.48074],[127.13076,37.48082],[127.13062,37.48085],[127.13052,37.4809],[127.13035,37.48101],[127.13046,37.48113],[127.1303,37.48124],[127.13048,37.48143],[127.13058,37.4815],[127.13073,37.48168],[127.13082,37.48169]]]}},{"type":"Feature","properties":{"id":418790739},"geometry":{"type":"Polygon","coordinates":[[[127.12348,37.47891],[127.12533,37.47959],[127.12542,37.47941],[127.12358,37.47869],[127.12348,37.47891]]]}},{"type":"Feature","properties":{"id":419005004},"geometry":{"type":"Polygon","coordinates":[[[127.11712,37.53658],[127.11766,37.53638],[127.11762,37.53629],[127.11742,37.53608],[127.11745,37.53606],[127.11716,37.53558],[127.11652,37.53571],[127.11645,37.53586],[127.11688,37.53648],[127.11693,37.53653],[127.11705,37.53659],[127.11708,37.53659],[127.11712,37.53658]]]}},{"type":"Feature","properties":{"id":419130759},"geometry":{"type":"Polygon","coordinates":[[[127.12595,37.5454],[127.12742,37.54515],[127.12688,37.54331],[127.12653,37.54341],[127.12533,37.54368],[127.12588,37.54521],[127.12595,37.5454]]]}},{"type":"Feature","properties":{"id":419363587},"geometry":{"type":"Polygon","coordinates":[[[127.13277,37.56376],[127.13288,37.56371],[127.1327,37.56255],[127.13242,37.56181],[127.13209,37.5613],[127.13077,37.5593],[127.13074,37.55923],[127.13054,37.55878],[127.13052,37.55873],[127.12954,37.55897],[127.128,37.55961],[127.12908,37.56074],[127.13004,37.5617],[127.13099,37.5624],[127.13145,37.56275],[127.13277,37.56376]]]}},{"type":"Feature","properties":{"id":419363595},"geometry":{"type":"Polygon","coordinates":[[[127.15861,37.54813],[127.15808,37.54782],[127.15793,37.548],[127.15837,37.54823],[127.15821,37.54839],[127.15654,37.54755],[127.15653,37.54728],[127.15707,37.54729],[127.15748,37.54713],[127.15821,37.54726],[127.15835,37.54764],[127.15881,37.54767],[127.15897,37.54759],[127.16008,37.54707],[127.15953,37.54638],[127.16,37.54625],[127.16008,37.54622],[127.16057,37.54629],[127.16116,37.54667],[127.16138,37.54668],[127.16153,37.54753],[127.16239,37.54752],[127.16263,37.54696],[127.16263,37.54676],[127.1629,37.54663],[127.16304,37.54653],[127.16434,37.54628],[127.16431,37.54684],[127.16435,37.54724],[127.16523,37.54715],[127.1654,37.54667],[127.16499,37.5464],[127.16512,37.5458],[127.16605,37.54571],[127.16678,37.54575],[127.16681,37.54576],[127.16682,37.54577],[127.1669,37.54704],[127.16691,37.54713],[127.16692,37.54729],[127.16692,37.54741],[127.16693,37.54751],[127.16693,37.5476],[127.16693,37.54764],[127.16692,37.54774],[127.16676,37.54803],[127.16651,37.54829],[127.16621,37.54856],[127.16592,37.54849],[127.16554,37.54838],[127.16462,37.54953],[127.16521,37.54981],[127.1652,37.55014],[127.16519,37.55041],[127.16518,37.55043],[127.16516,37.55045],[127.16514,37.55046],[127.16511,37.55047],[127.16465,37.5505],[127.16457,37.55052],[127.16449,37.55054],[127.16441,37.55056],[127.16395,37.55071],[127.16396,37.55054],[127.1639,37.55052],[127.16378,37.55051],[127.1634,37.55048],[127.16281,37.55048],[127.16228,37.55048],[127.16233,37.55034],[127.16216,37.55028],[127.16157,37.55007],[127.16116,37.54986],[127.16108,37.54963],[127.16085,37.54955],[127.16068,37.54958],[127.16048,37.54973],[127.1604,37.5498],[127.16009,37.55005],[127.15982,37.54995],[127.15936,37.54986],[127.159,37.54979],[127.15842,37.54964],[127.15854,37.54937],[127.1586,37.54932],[127.15868,37.54929],[127.15873,37.54931],[127.15882,37.54934],[127.15893,37.54939],[127.15911,37.54947],[127.1593,37.54919],[127.15943,37.54899],[127.15944,37.54893],[127.15945,37.54888],[127.15943,37.54876],[127.15932,37.54865],[127.15935,37.54855],[127.15903,37.54824],[127.15872,37.54812],[127.15861,37.54813]]]}},{"type":"Feature","properties":{"id":419363597},"geometry":{"type":"Polygon","coordinates":[[[127.15324,37.54066],[127.15289,37.54077],[127.15274,37.54092],[127.15269,37.54083],[127.15225,37.54115],[127.15206,37.5413],[127.15194,37.54115],[127.15118,37.54146],[127.15089,37.5417],[127.15054,37.54172],[127.15021,37.54171],[127.14984,37.54248],[127.14976,37.54263],[127.1488,37.54442],[127.14927,37.54532],[127.14867,37.54566],[127.14895,37.54667],[127.15118,37.54658],[127.15116,37.54593],[127.15205,37.54599],[127.1523,37.54599],[127.15216,37.54653],[127.15288,37.54647],[127.15317,37.54644],[127.15409,37.54636],[127.15422,37.54591],[127.15407,37.54536],[127.15416,37.54511],[127.15409,37.54473],[127.15322,37.54471],[127.15323,37.54428],[127.15341,37.544],[127.15398,37.54421],[127.15421,37.54389],[127.15438,37.54357],[127.1543,37.54336],[127.15424,37.54321],[127.15419,37.54308],[127.15337,37.54099],[127.15324,37.54066]]]}},{"type":"Feature","properties":{"id":419370099},"geometry":{"type":"Polygon","coordinates":[[[127.16438,37.56253],[127.16592,37.5624],[127.16569,37.56099],[127.16597,37.56032],[127.166,37.56025],[127.16594,37.56015],[127.1653,37.56016],[127.16535,37.56088],[127.16454,37.56098],[127.16409,37.56066],[127.16369,37.56071],[127.16373,37.56122],[127.16379,37.56137],[127.16433,37.56217],[127.16438,37.56253]]]}},{"type":"Feature","properties":{"id":419507474},"geometry":{"type":"Polygon","coordinates":[[[126.97959,37.47503],[126.97979,37.47486],[126.9798,37.4747],[126.98011,37.47471],[126.98019,37.47374],[126.98016,37.47371],[126.97928,37.47343],[126.97922,37.47347],[126.97883,37.47337],[126.97874,37.47342],[126.97871,37.47358],[126.97875,37.47402],[126.97868,37.47437],[126.97873,37.47469],[126.97871,37.47478],[126.97865,37.47483],[126.97959,37.47503]]]}},{"type":"Feature","properties":{"id":419523276},"geometry":{"type":"Polygon","coordinates":[[[126.9754,37.48583],[126.97598,37.4853],[126.97613,37.48506],[126.97597,37.48499],[126.97494,37.48448],[126.97462,37.48479],[126.97486,37.48491],[126.97456,37.48523],[126.97465,37.48529],[126.97427,37.48568],[126.97405,37.48574],[126.97228,37.48724],[126.97255,37.48735],[126.9731,37.48694],[126.97358,37.48717],[126.97382,37.48688],[126.97481,37.48604],[126.9754,37.48583]]]}},{"type":"Feature","properties":{"id":419534350},"geometry":{"type":"Polygon","coordinates":[[[126.98158,37.49376],[126.98132,37.49375],[126.98109,37.49365],[126.981,37.49357],[126.98109,37.49355],[126.98125,37.4935],[126.98138,37.49321],[126.98142,37.49324],[126.98197,37.49318],[126.98206,37.49322],[126.98201,37.4934],[126.98206,37.49352],[126.98199,37.49369],[126.98179,37.49378],[126.98158,37.49376]]]}},{"type":"Feature","properties":{"id":419545972},"geometry":{"type":"Polygon","coordinates":[[[126.95877,37.4705],[126.95847,37.47048],[126.95832,37.47049],[126.95885,37.47256],[126.95896,37.4726],[126.95908,37.47265],[126.95973,37.47219],[126.95964,37.47194],[126.9598,37.47167],[126.96025,37.47155],[126.96036,37.47144],[126.96148,37.47114],[126.96123,37.47054],[126.96011,37.47082],[126.95932,37.47094],[126.95927,37.47081],[126.95877,37.4705]]]}},{"type":"Feature","properties":{"id":419545974},"geometry":{"type":"Polygon","coordinates":[[[126.95754,37.47354],[126.95746,37.4743],[126.95742,37.47467],[126.95892,37.47482],[126.95896,37.47408],[126.95891,37.4733],[126.95754,37.47354]]]}},{"type":"Feature","properties":{"id":419735013},"geometry":{"type":"Polygon","coordinates":[[[127.04645,37.56535],[127.04674,37.56532],[127.04665,37.56514],[127.04652,37.56503],[127.04657,37.56495],[127.04649,37.56484],[127.04631,37.56479],[127.04639,37.56441],[127.04624,37.56434],[127.04626,37.56423],[127.04571,37.56416],[127.04566,37.56397],[127.04562,37.56381],[127.04529,37.56375],[127.04535,37.56428],[127.04568,37.56464],[127.04582,37.56461],[127.04635,37.56518],[127.04645,37.56535]]]}},{"type":"Feature","properties":{"id":419749491},"geometry":{"type":"Polygon","coordinates":[[[126.97464,37.61548],[126.97491,37.61523],[126.97485,37.61505],[126.97475,37.61494],[126.97453,37.61478],[126.97446,37.61473],[126.97437,37.6147],[126.97426,37.61495],[126.97425,37.61508],[126.97442,37.61522],[126.97459,37.61531],[126.97458,37.61548],[126.97464,37.61548]]]}},{"type":"Feature","properties":{"id":420064973},"geometry":{"type":"Polygon","coordinates":[[[127.02556,37.56314],[127.02576,37.56297],[127.02717,37.56273],[127.02734,37.56276],[127.02755,37.56296],[127.0276,37.56297],[127.02771,37.56269],[127.02735,37.56233],[127.02732,37.56213],[127.0275,37.56195],[127.02774,37.56186],[127.02737,37.56147],[127.02732,37.56136],[127.02682,37.56138],[127.02665,37.56154],[127.02668,37.56225],[127.02557,37.56225],[127.02539,37.56218],[127.02511,37.56215],[127.02481,37.562],[127.02474,37.56199],[127.02444,37.56206],[127.0243,37.56258],[127.02432,37.56273],[127.02432,37.56287],[127.02444,37.56277],[127.02478,37.56286],[127.02497,37.56299],[127.02516,37.56309],[127.02533,37.56305],[127.02556,37.56314]]]}},{"type":"Feature","properties":{"id":420089389},"geometry":{"type":"Polygon","coordinates":[[[127.02366,37.56055],[127.02362,37.56059],[127.02347,37.5606],[127.02338,37.56055],[127.02329,37.56002],[127.02324,37.55993],[127.02319,37.55987],[127.02309,37.55969],[127.02369,37.5597],[127.02371,37.56009],[127.02366,37.56039],[127.02366,37.56055]]]}},{"type":"Feature","properties":{"id":420097208},"geometry":{"type":"Polygon","coordinates":[[[127.01822,37.55697],[127.01832,37.55688],[127.01837,37.5568],[127.0182,37.55676],[127.01799,37.55666],[127.01796,37.55677],[127.01776,37.5568],[127.01757,37.55712],[127.01732,37.55727],[127.01717,37.55727],[127.01685,37.55739],[127.01683,37.55748],[127.01672,37.55755],[127.01664,37.55757],[127.01663,37.55774],[127.01654,37.55781],[127.01626,37.55793],[127.01658,37.55837],[127.017,37.55815],[127.01692,37.55805],[127.01706,37.55795],[127.01707,37.55784],[127.01711,37.55773],[127.01723,37.55742],[127.01743,37.55735],[127.01765,37.55723],[127.01766,37.55713],[127.01815,37.55695],[127.01822,37.55697]]]}},{"type":"Feature","properties":{"id":420103661},"geometry":{"type":"Polygon","coordinates":[[[127.0139,37.55592],[127.01441,37.55574],[127.01436,37.55567],[127.01409,37.55555],[127.01394,37.55528],[127.01356,37.55543],[127.0139,37.55592]]]}},{"type":"Feature","properties":{"id":420113464},"geometry":{"type":"Polygon","coordinates":[[[127.01941,37.55016],[127.01958,37.54994],[127.01951,37.54892],[127.01928,37.54882],[127.01904,37.54886],[127.01905,37.54895],[127.01886,37.54897],[127.01887,37.54907],[127.01878,37.54908],[127.01859,37.54906],[127.01823,37.54909],[127.01841,37.54982],[127.01924,37.5502],[127.01941,37.55016]]]}},{"type":"Feature","properties":{"id":420153380},"geometry":{"type":"Polygon","coordinates":[[[126.9255,37.55719],[126.92557,37.55705],[126.92576,37.55711],[126.92582,37.55699],[126.92666,37.55721],[126.92663,37.55726],[126.9265,37.55733],[126.92634,37.55736],[126.926,37.55737],[126.92579,37.55738],[126.9255,37.55719]]]}},{"type":"Feature","properties":{"id":420348558},"geometry":{"type":"Polygon","coordinates":[[[127.00046,37.564],[127.00049,37.56368],[126.99913,37.56357],[126.99911,37.56382],[126.99922,37.56387],[127.00046,37.564]]]}},{"type":"Feature","properties":{"id":423298078},"geometry":{"type":"Polygon","coordinates":[[[126.72285,37.50724],[126.72554,37.50715],[126.72602,37.50713],[126.72818,37.50701],[126.72821,37.50701],[126.72818,37.50668],[126.72814,37.50625],[126.72812,37.50625],[126.72754,37.50627],[126.7273,37.50618],[126.72683,37.506],[126.72658,37.50591],[126.72615,37.50575],[126.72576,37.50576],[126.72529,37.5058],[126.72413,37.50586],[126.72397,37.50587],[126.72404,37.50675],[126.72282,37.5068],[126.72283,37.50695],[126.72285,37.50724]]]}},{"type":"Feature","properties":{"id":423301414},"geometry":{"type":"Polygon","coordinates":[[[126.72292,37.50874],[126.72292,37.50864],[126.72292,37.50855],[126.72571,37.50858],[126.72576,37.50862],[126.72576,37.5087],[126.72577,37.50877],[126.72514,37.50876],[126.72436,37.50875],[126.72292,37.50874]]]}},{"type":"Feature","properties":{"id":423725871},"geometry":{"type":"Polygon","coordinates":[[[126.72279,37.50902],[126.7228,37.50926],[126.72281,37.50953],[126.72254,37.50953],[126.72255,37.50964],[126.72241,37.50965],[126.72134,37.50969],[126.72121,37.50969],[126.72121,37.50962],[126.72122,37.50955],[126.72126,37.5095],[126.72132,37.50943],[126.72138,37.50937],[126.72148,37.5093],[126.72159,37.50922],[126.72174,37.50914],[126.72191,37.50908],[126.72211,37.50905],[126.72231,37.50903],[126.72259,37.50902],[126.72279,37.50902]]]}},{"type":"Feature","properties":{"id":423725874},"geometry":{"type":"Polygon","coordinates":[[[126.72301,37.50931],[126.72297,37.50927],[126.72297,37.50903],[126.72447,37.50903],[126.72579,37.50904],[126.72579,37.50908],[126.7258,37.50927],[126.72581,37.50933],[126.7245,37.50935],[126.7245,37.5094],[126.72443,37.50936],[126.72438,37.50932],[126.72301,37.50931]]]}},{"type":"Feature","properties":{"id":424080008},"geometry":{"type":"Polygon","coordinates":[[[126.97996,37.57618],[126.98006,37.57618],[126.98005,37.57611],[126.98021,37.57613],[126.98048,37.57611],[126.9806,37.57603],[126.98159,37.57594],[126.98257,37.57576],[126.98265,37.57578],[126.9828,37.57595],[126.98289,37.57598],[126.98278,37.57623],[126.98261,37.5762],[126.98251,37.57647],[126.98261,37.57651],[126.9826,37.57657],[126.98243,37.57726],[126.98179,37.57728],[126.98167,37.578],[126.98147,37.57799],[126.98145,37.57765],[126.98123,37.57737],[126.98105,37.57741],[126.98106,37.57748],[126.9808,37.57759],[126.98077,37.5774],[126.98063,37.57742],[126.9805,37.57699],[126.98014,37.57649],[126.97996,37.57618]]]}},{"type":"Feature","properties":{"id":424949940},"geometry":{"type":"Polygon","coordinates":[[[126.9458,37.46857],[126.94553,37.46877],[126.94497,37.46921],[126.94488,37.4692],[126.94481,37.46895],[126.94458,37.46813],[126.94472,37.46811],[126.94477,37.46828],[126.9451,37.46822],[126.94519,37.46819],[126.94559,37.46807],[126.94603,37.46836],[126.9458,37.46857]]]}},{"type":"Feature","properties":{"id":430275575},"geometry":{"type":"Polygon","coordinates":[[[126.99261,37.58821],[126.993,37.58838],[126.9934,37.58799],[126.99349,37.58785],[126.99294,37.58766],[126.99261,37.58821]]]}},{"type":"Feature","properties":{"id":431428101},"geometry":{"type":"Polygon","coordinates":[[[126.97999,37.56807],[126.98003,37.56807],[126.98007,37.56794],[126.98009,37.56794],[126.98034,37.568],[126.98033,37.56804],[126.98062,37.56806],[126.98062,37.56816],[126.98097,37.56817],[126.98101,37.56806],[126.98092,37.56797],[126.98094,37.56789],[126.98091,37.56787],[126.98093,37.56783],[126.98085,37.56783],[126.98062,37.56782],[126.98062,37.56779],[126.98042,37.5678],[126.98034,37.56781],[126.98033,37.56793],[126.98019,37.56791],[126.97997,37.5679],[126.97994,37.56792],[126.97993,37.56799],[126.98,37.56801],[126.97999,37.56807]]]}},{"type":"Feature","properties":{"id":432946877},"geometry":{"type":"Polygon","coordinates":[[[127.10305,37.47162],[127.10313,37.47162],[127.10345,37.47184],[127.10369,37.47219],[127.10402,37.47238],[127.10426,37.47228],[127.10421,37.47214],[127.10426,37.47208],[127.10437,37.47204],[127.10452,37.472],[127.10463,37.47195],[127.10463,37.4719],[127.10451,37.47177],[127.1044,37.4717],[127.1043,37.47163],[127.10409,37.47151],[127.10413,37.47142],[127.10426,37.47136],[127.1042,37.47129],[127.10409,37.47125],[127.10398,37.4713],[127.10385,37.47133],[127.10378,37.47132],[127.10372,37.47137],[127.10368,37.47136],[127.10363,37.4713],[127.10358,37.47123],[127.1037,37.47112],[127.10382,37.47108],[127.10379,37.471],[127.10389,37.47091],[127.10413,37.47075],[127.10398,37.47059],[127.10375,37.47065],[127.10377,37.47073],[127.10365,37.47081],[127.1036,37.47082],[127.10349,37.47079],[127.10344,37.47079],[127.10329,37.47079],[127.10318,37.47079],[127.1031,37.47071],[127.10298,37.47081],[127.103,37.47093],[127.10289,37.47101],[127.10271,37.47107],[127.10256,37.47107],[127.10241,37.47107],[127.10228,37.47105],[127.10216,37.471],[127.1021,37.47089],[127.10209,37.47075],[127.10206,37.47068],[127.10205,37.47062],[127.10211,37.47051],[127.10216,37.47041],[127.10216,37.47033],[127.10224,37.47026],[127.10236,37.47022],[127.10249,37.47021],[127.10256,37.47018],[127.10263,37.47013],[127.1029,37.46995],[127.10305,37.46983],[127.10319,37.46978],[127.10331,37.4697],[127.10345,37.4696],[127.10357,37.46952],[127.10354,37.46943],[127.10351,37.46936],[127.10353,37.46928],[127.10356,37.4692],[127.10356,37.46912],[127.10319,37.46893],[127.10279,37.46871],[127.1027,37.46866],[127.10264,37.46858],[127.10264,37.46871],[127.10259,37.46878],[127.10248,37.46882],[127.10233,37.46878],[127.10224,37.46864],[127.10223,37.46853],[127.1021,37.46847],[127.10194,37.46842],[127.10186,37.46833],[127.10137,37.46792],[127.10127,37.46791],[127.10123,37.46801],[127.10117,37.46808],[127.10113,37.46814],[127.10103,37.4688],[127.10101,37.46893],[127.10103,37.469],[127.10111,37.46903],[127.10122,37.46906],[127.10121,37.46921],[127.10125,37.46925],[127.1013,37.46926],[127.10135,37.46944],[127.10138,37.46952],[127.10142,37.46955],[127.10148,37.46964],[127.10148,37.46979],[127.10146,37.46987],[127.10141,37.46994],[127.1013,37.46995],[127.10114,37.46994],[127.10103,37.46991],[127.10097,37.47],[127.1009,37.47015],[127.10091,37.47023],[127.10101,37.47029],[127.1009,37.47032],[127.10075,37.47035],[127.1006,37.47041],[127.10042,37.47044],[127.10024,37.47043],[127.10013,37.47041],[127.09994,37.47042],[127.09984,37.47041],[127.09975,37.47039],[127.0997,37.47035],[127.09971,37.47028],[127.09976,37.47023],[127.09982,37.47018],[127.09984,37.47011],[127.09972,37.47005],[127.09965,37.46999],[127.09962,37.46981],[127.0996,37.46969],[127.09975,37.4697],[127.09982,37.46973],[127.09984,37.46979],[127.09992,37.46979],[127.10001,37.46977],[127.10004,37.46973],[127.10001,37.46964],[127.09998,37.46957],[127.09997,37.46953],[127.09975,37.4695],[127.09968,37.46946],[127.09969,37.46939],[127.09971,37.4693],[127.09972,37.4692],[127.09979,37.46916],[127.09976,37.46912],[127.0996,37.46904],[127.09951,37.46895],[127.09952,37.46875],[127.09953,37.46869],[127.09945,37.46876],[127.09939,37.46876],[127.09935,37.46877],[127.09928,37.46881],[127.09926,37.46885],[127.09916,37.46891],[127.09906,37.46892],[127.099,37.4689],[127.09905,37.46883],[127.09915,37.46881],[127.09912,37.46878],[127.099,37.46876],[127.09891,37.46878],[127.09891,37.46872],[127.09896,37.46864],[127.099,37.4686],[127.0984,37.46856],[127.09827,37.46858],[127.09815,37.46858],[127.09816,37.46851],[127.09811,37.4685],[127.09807,37.46852],[127.09805,37.46855],[127.09797,37.46856],[127.09789,37.46856],[127.09788,37.46852],[127.0979,37.46848],[127.09783,37.46848],[127.09782,37.46853],[127.09779,37.46857],[127.09772,37.46856],[127.09769,37.46854],[127.09773,37.4685],[127.09767,37.46847],[127.09759,37.46849],[127.0976,37.46864],[127.09756,37.46869],[127.09736,37.46868],[127.09723,37.4687],[127.09707,37.46873],[127.097,37.46866],[127.09699,37.46861],[127.09693,37.46859],[127.09688,37.4686],[127.09686,37.46865],[127.09684,37.46873],[127.0968,37.46879],[127.09675,37.46886],[127.09661,37.46889],[127.09664,37.46934],[127.09661,37.4694],[127.0965,37.46942],[127.09636,37.46942],[127.09625,37.46939],[127.09622,37.46928],[127.09623,37.46918],[127.09621,37.46906],[127.0962,37.46899],[127.09613,37.46901],[127.09607,37.46904],[127.09604,37.46909],[127.09605,37.46914],[127.09605,37.46925],[127.09601,37.46933],[127.09597,37.46937],[127.09582,37.46938],[127.09574,37.46933],[127.09569,37.46926],[127.09564,37.46916],[127.09565,37.46912],[127.09573,37.46908],[127.09585,37.46905],[127.09595,37.46903],[127.09605,37.46899],[127.09606,37.46895],[127.09601,37.46889],[127.09596,37.46887],[127.09587,37.46889],[127.09575,37.4689],[127.09567,37.46889],[127.09555,37.46887],[127.09544,37.46886],[127.09532,37.4688],[127.09528,37.46876],[127.09528,37.46872],[127.0949,37.46871],[127.09485,37.46874],[127.0946,37.46878],[127.09439,37.46877],[127.09429,37.46879],[127.09408,37.46877],[127.09396,37.46873],[127.09383,37.46866],[127.09374,37.46857],[127.09351,37.46837],[127.09344,37.4683],[127.0934,37.46824],[127.09336,37.4682],[127.09325,37.46818],[127.09311,37.46822],[127.09297,37.46828],[127.09287,37.46835],[127.0928,37.46838],[127.09252,37.46859],[127.09238,37.46874],[127.09229,37.46884],[127.0922,37.46894],[127.09214,37.46901],[127.09207,37.46913],[127.09206,37.46921],[127.09216,37.46941],[127.0922,37.46952],[127.09226,37.46968],[127.09272,37.47047],[127.09282,37.47102],[127.09305,37.47116],[127.09363,37.47123],[127.09417,37.47131],[127.09461,37.47128],[127.09494,37.47135],[127.09535,37.47122],[127.09565,37.47123],[127.09588,37.47128],[127.09607,37.47117],[127.09661,37.47121],[127.09708,37.47111],[127.09723,37.47119],[127.09725,37.47129],[127.09718,37.47142],[127.09687,37.47158],[127.09664,37.47177],[127.09659,37.47183],[127.09658,37.47191],[127.09671,37.47203],[127.09679,37.47208],[127.09692,37.47221],[127.09715,37.47228],[127.09741,37.47236],[127.09777,37.47234],[127.09801,37.47239],[127.09824,37.47247],[127.09855,37.47246],[127.09874,37.47237],[127.09891,37.47223],[127.09893,37.47211],[127.09898,37.47203],[127.09902,37.47193],[127.09903,37.47183],[127.09907,37.47171],[127.09914,37.47161],[127.09919,37.47154],[127.09935,37.47152],[127.09949,37.47148],[127.09957,37.47143],[127.09963,37.47124],[127.09977,37.47087],[127.09987,37.47078],[127.10008,37.47076],[127.10039,37.47077],[127.1005,37.47077],[127.10059,37.47073],[127.10064,37.47069],[127.10072,37.47065],[127.10079,37.47063],[127.10091,37.47074],[127.10094,37.47084],[127.10102,37.47093],[127.10129,37.47103],[127.10146,37.47113],[127.10162,37.47117],[127.10184,37.47118],[127.10187,37.47125],[127.10215,37.47128],[127.10305,37.47162]]]}},{"type":"Feature","properties":{"id":433786196},"geometry":{"type":"Polygon","coordinates":[[[126.99209,37.4348],[126.99234,37.43482],[126.99249,37.43487],[126.9927,37.43488],[126.99291,37.43493],[126.99349,37.43503],[126.99349,37.43512],[126.9923,37.43493],[126.99205,37.43488],[126.99209,37.4348]]]}},{"type":"Feature","properties":{"id":435232259},"geometry":{"type":"Polygon","coordinates":[[[126.70508,37.45481],[126.70498,37.45484],[126.70491,37.45488],[126.70483,37.45495],[126.70467,37.45473],[126.70461,37.45411],[126.70459,37.45384],[126.70473,37.45349],[126.70479,37.45339],[126.70486,37.45336],[126.70494,37.45337],[126.705,37.45343],[126.70535,37.45377],[126.70538,37.45403],[126.70545,37.45458],[126.70536,37.45487],[126.70527,37.45484],[126.70517,37.45481],[126.70508,37.45481]]]}},{"type":"Feature","properties":{"id":436661323},"geometry":{"type":"Polygon","coordinates":[[[126.95267,37.45348],[126.95272,37.45356],[126.9527,37.45359],[126.95274,37.45361],[126.95282,37.45359],[126.95289,37.45361],[126.95271,37.45367],[126.95259,37.45371],[126.95257,37.45404],[126.95201,37.45401],[126.95204,37.45379],[126.95207,37.45361],[126.95222,37.45348],[126.95232,37.4534],[126.95247,37.45331],[126.95262,37.45328],[126.95277,37.45325],[126.95295,37.45328],[126.95305,37.4533],[126.95299,37.45339],[126.9528,37.45336],[126.95267,37.45341],[126.95267,37.45348]]]}},{"type":"Feature","properties":{"id":436826258},"geometry":{"type":"Polygon","coordinates":[[[127.03222,37.46173],[127.03254,37.46148],[127.0321,37.46058],[127.03195,37.46036],[127.03174,37.46034],[127.03175,37.46046],[127.03124,37.4609],[127.03179,37.46137],[127.03222,37.46173]]]}},{"type":"Feature","properties":{"id":439667346},"geometry":{"type":"Polygon","coordinates":[[[126.93322,37.45863],[126.9332,37.45856],[126.93323,37.45839],[126.93338,37.45755],[126.93346,37.45745],[126.93383,37.45742],[126.93391,37.45753],[126.93399,37.4577],[126.934,37.45775],[126.93399,37.45781],[126.934,37.45793],[126.93396,37.45813],[126.93393,37.45833],[126.93389,37.45864],[126.9338,37.45878],[126.93342,37.45873],[126.93322,37.45863]]]}},{"type":"Feature","properties":{"id":440022697},"geometry":{"type":"Polygon","coordinates":[[[126.87975,37.49745],[126.87981,37.49742],[126.87994,37.49744],[126.88009,37.49745],[126.88024,37.4975],[126.88036,37.49753],[126.88051,37.49751],[126.88058,37.49746],[126.88062,37.49746],[126.88069,37.49748],[126.88069,37.49752],[126.88068,37.49786],[126.88078,37.49799],[126.88076,37.49801],[126.87987,37.49803],[126.87982,37.49801],[126.87979,37.49798],[126.87977,37.49789],[126.87975,37.49772],[126.87974,37.49757],[126.87975,37.49745]]]}},{"type":"Feature","properties":{"id":440190519},"geometry":{"type":"Polygon","coordinates":[[[126.89093,37.49095],[126.89091,37.49091],[126.89151,37.49033],[126.89156,37.49033],[126.89181,37.4905],[126.89187,37.49055],[126.89191,37.49064],[126.89197,37.49068],[126.89204,37.49083],[126.89215,37.49096],[126.89219,37.49099],[126.89219,37.49102],[126.89181,37.49144],[126.89178,37.49144],[126.89093,37.49095]]]}},{"type":"Feature","properties":{"id":443529435},"geometry":{"type":"Polygon","coordinates":[[[126.70139,37.45552],[126.70121,37.45554],[126.70128,37.45611],[126.70131,37.45643],[126.70127,37.45645],[126.70122,37.45611],[126.70115,37.45554],[126.70088,37.45557],[126.70087,37.45546],[126.70084,37.45523],[126.7004,37.45526],[126.70038,37.45513],[126.70082,37.45509],[126.70081,37.455],[126.70107,37.45497],[126.70102,37.45462],[126.70095,37.45417],[126.70089,37.4538],[126.70087,37.45361],[126.70079,37.45357],[126.70076,37.45353],[126.70073,37.45345],[126.70081,37.45344],[126.70082,37.45352],[126.70084,37.45353],[126.70092,37.45352],[126.70097,37.45352],[126.70098,37.45351],[126.70098,37.45343],[126.70105,37.45342],[126.70104,37.45351],[126.70099,37.45357],[126.70093,37.45361],[126.70096,37.4538],[126.70101,37.45417],[126.70108,37.45461],[126.70112,37.45486],[126.70113,37.45497],[126.7014,37.45494],[126.70141,37.45503],[126.70185,37.45499],[126.70193,37.45555],[126.70146,37.45559],[126.70139,37.45552]]]}},{"type":"Feature","properties":{"id":444687993},"geometry":{"type":"Polygon","coordinates":[[[126.94005,37.56628],[126.93981,37.56629],[126.9399,37.56647],[126.94007,37.56676],[126.94017,37.56692],[126.9403,37.56701],[126.94051,37.56713],[126.94081,37.56719],[126.94099,37.56717],[126.94115,37.56711],[126.94182,37.56667],[126.94173,37.56654],[126.94162,37.5665],[126.94147,37.56642],[126.94134,37.56615],[126.94097,37.56593],[126.94064,37.56603],[126.94037,37.56617],[126.9402,37.56625],[126.94005,37.56628]]]}},{"type":"Feature","properties":{"id":445431645},"geometry":{"type":"Polygon","coordinates":[[[126.9361,37.55692],[126.93611,37.55689],[126.93609,37.55687],[126.9357,37.55661],[126.93566,37.55662],[126.93471,37.55694],[126.93538,37.55694],[126.93602,37.55695],[126.93606,37.55695],[126.93609,37.55693],[126.9361,37.55692]]]}},{"type":"Feature","properties":{"id":452207421},"geometry":{"type":"Polygon","coordinates":[[[127.13934,37.4954],[127.13901,37.49505],[127.13894,37.49503],[127.13815,37.49433],[127.13841,37.49425],[127.13871,37.49415],[127.13835,37.49346],[127.13799,37.49358],[127.13803,37.49365],[127.1379,37.49369],[127.13786,37.49364],[127.13782,37.49357],[127.1379,37.49339],[127.13788,37.49332],[127.13799,37.4933],[127.13831,37.49317],[127.13841,37.49314],[127.13889,37.49411],[127.13926,37.49488],[127.13949,37.49536],[127.13934,37.4954]]]}},{"type":"Feature","properties":{"id":452208663},"geometry":{"type":"Polygon","coordinates":[[[127.14038,37.49487],[127.14041,37.49482],[127.14042,37.49454],[127.14041,37.4941],[127.14046,37.49386],[127.14037,37.49365],[127.14034,37.49367],[127.14018,37.49359],[127.1398,37.49363],[127.13972,37.49367],[127.13969,37.49372],[127.13967,37.49378],[127.13973,37.49391],[127.13982,37.49403],[127.13976,37.49418],[127.13983,37.49428],[127.13983,37.49436],[127.13986,37.49459],[127.13972,37.49473],[127.13992,37.49509],[127.14038,37.49487]]]}},{"type":"Feature","properties":{"id":452393974},"geometry":{"type":"Polygon","coordinates":[[[126.84435,37.54183],[126.84484,37.54142],[126.84441,37.54111],[126.84393,37.54153],[126.84435,37.54183]]]}},{"type":"Feature","properties":{"id":452971477},"geometry":{"type":"Polygon","coordinates":[[[126.70337,37.42305],[126.70697,37.42271],[126.70452,37.42425],[126.70337,37.42305]]]}},{"type":"Feature","properties":{"id":462652529},"geometry":{"type":"Polygon","coordinates":[[[126.91995,37.61594],[126.92045,37.61521],[126.91995,37.6151],[126.91948,37.6153],[126.91993,37.61596],[126.91995,37.61594]]]}},{"type":"Feature","properties":{"id":462703228},"geometry":{"type":"Polygon","coordinates":[[[126.93386,37.60637],[126.93399,37.60638],[126.93405,37.60652],[126.93419,37.60655],[126.93435,37.60659],[126.93455,37.60671],[126.93465,37.60681],[126.9347,37.60671],[126.93485,37.60596],[126.93487,37.60592],[126.93468,37.60598],[126.93445,37.60599],[126.93422,37.60591],[126.93386,37.60637]]]}},{"type":"Feature","properties":{"id":462844386},"geometry":{"type":"Polygon","coordinates":[[[126.90885,37.57509],[126.90882,37.57515],[126.90911,37.57509],[126.91035,37.57482],[126.91031,37.57458],[126.90984,37.57458],[126.9089,37.57455],[126.90885,37.57509]]]}},{"type":"Feature","properties":{"id":462845573},"geometry":{"type":"Polygon","coordinates":[[[126.91238,37.57557],[126.91281,37.57535],[126.91329,37.57522],[126.91387,37.57517],[126.91445,37.57514],[126.91419,37.57442],[126.91414,37.57428],[126.914,37.57432],[126.91357,37.57444],[126.91196,37.57491],[126.91238,37.57557]]]}},{"type":"Feature","properties":{"id":462845577},"geometry":{"type":"Polygon","coordinates":[[[126.91925,37.57378],[126.91973,37.57342],[126.91942,37.57318],[126.91988,37.57282],[126.91965,37.57263],[126.91988,37.57245],[126.91937,37.57256],[126.91853,37.57317],[126.91925,37.57378]]]}},{"type":"Feature","properties":{"id":462884648},"geometry":{"type":"Polygon","coordinates":[[[126.90877,37.61459],[126.90876,37.61458],[126.90867,37.6145],[126.9086,37.61435],[126.90856,37.61424],[126.90839,37.61427],[126.90841,37.6143],[126.90841,37.61437],[126.90794,37.61469],[126.90823,37.61491],[126.90833,37.6149],[126.90843,37.61489],[126.90851,37.61485],[126.90877,37.61459]]]}},{"type":"Feature","properties":{"id":462888817},"geometry":{"type":"Polygon","coordinates":[[[126.9231,37.60587],[126.92381,37.6051],[126.92335,37.6048],[126.92286,37.60482],[126.92292,37.6054],[126.92294,37.6057],[126.92296,37.60585],[126.9231,37.60587]]]}},{"type":"Feature","properties":{"id":462889560},"geometry":{"type":"Polygon","coordinates":[[[126.91944,37.58026],[126.91908,37.58008],[126.91874,37.57974],[126.91874,37.57962],[126.91926,37.57975],[126.91939,37.57947],[126.9198,37.57954],[126.91944,37.58026]]]}},{"type":"Feature","properties":{"id":463142188},"geometry":{"type":"Polygon","coordinates":[[[126.90283,37.58522],[126.90241,37.58534],[126.90236,37.58523],[126.90223,37.58519],[126.90221,37.58506],[126.9021,37.58488],[126.90214,37.58434],[126.9022,37.58414],[126.90241,37.58416],[126.90245,37.58396],[126.90241,37.58372],[126.90232,37.58359],[126.90323,37.58368],[126.9035,37.58372],[126.90371,37.58391],[126.90364,37.58443],[126.90326,37.58438],[126.90293,37.58437],[126.90285,37.58439],[126.90281,37.58442],[126.90278,37.58447],[126.90275,37.58467],[126.90274,37.58492],[126.90281,37.58501],[126.90286,37.58505],[126.90283,37.58522]]]}},{"type":"Feature","properties":{"id":463338346},"geometry":{"type":"Polygon","coordinates":[[[126.94331,37.59535],[126.9431,37.59516],[126.94291,37.59505],[126.94271,37.59494],[126.94248,37.5949],[126.94256,37.59474],[126.94251,37.59438],[126.94244,37.59405],[126.94248,37.59393],[126.9426,37.5938],[126.94271,37.59372],[126.94286,37.5937],[126.94314,37.5937],[126.94337,37.5937],[126.9436,37.59372],[126.94397,37.59407],[126.94331,37.59535]]]}},{"type":"Feature","properties":{"id":463916716},"geometry":{"type":"Polygon","coordinates":[[[126.93313,37.54414],[126.93324,37.54409],[126.93331,37.54423],[126.93348,37.54435],[126.93341,37.54462],[126.93329,37.5447],[126.93307,37.54476],[126.93309,37.5448],[126.93309,37.54491],[126.9331,37.54496],[126.93301,37.54496],[126.93293,37.54471],[126.93294,37.54458],[126.93309,37.5445],[126.93308,37.54437],[126.933,37.54431],[126.93313,37.54414]]]}},{"type":"Feature","properties":{"id":463945689},"geometry":{"type":"Polygon","coordinates":[[[126.95051,37.55343],[126.95069,37.553],[126.95095,37.55255],[126.95058,37.55255],[126.95032,37.55252],[126.94996,37.55246],[126.94967,37.5524],[126.94935,37.5524],[126.94922,37.55244],[126.94914,37.55249],[126.94912,37.55256],[126.94938,37.55272],[126.94957,37.55291],[126.94982,37.55306],[126.95003,37.55327],[126.95051,37.55343]]]}},{"type":"Feature","properties":{"id":463945690},"geometry":{"type":"Polygon","coordinates":[[[126.95096,37.55179],[126.95109,37.55191],[126.95112,37.55246],[126.95073,37.55246],[126.95044,37.55244],[126.95017,37.55241],[126.94968,37.5523],[126.94969,37.55225],[126.94972,37.55225],[126.9498,37.55226],[126.94982,37.5522],[126.94991,37.55222],[126.94993,37.55216],[126.94994,37.55214],[126.94991,37.55214],[126.95002,37.55208],[126.95004,37.55207],[126.95011,37.55204],[126.95011,37.55205],[126.95014,37.55205],[126.9502,37.55204],[126.95019,37.552],[126.95022,37.55199],[126.95018,37.55192],[126.95042,37.55185],[126.95049,37.55194],[126.95064,37.55189],[126.95096,37.55179]]]}},{"type":"Feature","properties":{"id":464139178},"geometry":{"type":"Polygon","coordinates":[[[126.96043,37.57176],[126.96073,37.57147],[126.96066,37.57141],[126.96047,37.57124],[126.96025,37.57141],[126.95993,37.57171],[126.96018,37.57189],[126.96032,37.57185],[126.96043,37.57176]]]}},{"type":"Feature","properties":{"id":464171591},"geometry":{"type":"Polygon","coordinates":[[[126.96626,37.59235],[126.96661,37.59229],[126.96711,37.5922],[126.96694,37.5921],[126.967,37.59205],[126.96706,37.59208],[126.96712,37.59204],[126.96685,37.5917],[126.96676,37.59155],[126.96671,37.59136],[126.96665,37.59122],[126.96663,37.59112],[126.96644,37.59094],[126.9665,37.59085],[126.96676,37.59112],[126.96686,37.59153],[126.96718,37.59137],[126.96713,37.59136],[126.96715,37.59133],[126.96718,37.5913],[126.96702,37.59104],[126.96711,37.59084],[126.9673,37.59074],[126.96696,37.59058],[126.96686,37.59052],[126.96671,37.59048],[126.96619,37.59033],[126.96612,37.59051],[126.96556,37.5904],[126.96537,37.59014],[126.96513,37.5899],[126.96511,37.58988],[126.96509,37.58988],[126.96506,37.58988],[126.96505,37.5899],[126.96505,37.58993],[126.96521,37.59019],[126.96542,37.59046],[126.96569,37.59059],[126.96603,37.59071],[126.96642,37.59083],[126.96639,37.59092],[126.96607,37.5908],[126.96575,37.59071],[126.96549,37.59059],[126.96531,37.59049],[126.9652,37.5903],[126.96494,37.58997],[126.96495,37.58982],[126.96543,37.58928],[126.96573,37.5889],[126.96585,37.58885],[126.9659,37.58882],[126.96595,37.5888],[126.96602,37.5888],[126.96622,37.58887],[126.9663,37.5889],[126.96634,37.58891],[126.96655,37.58885],[126.96605,37.58855],[126.96609,37.58852],[126.96634,37.58829],[126.96607,37.58818],[126.96579,37.58848],[126.96513,37.58928],[126.96498,37.58937],[126.96484,37.58963],[126.96471,37.58986],[126.96485,37.59027],[126.96505,37.59054],[126.96528,37.59073],[126.96568,37.59089],[126.96603,37.59108],[126.96612,37.59123],[126.96613,37.59142],[126.96613,37.5916],[126.96609,37.59177],[126.96607,37.59196],[126.96622,37.5923],[126.96626,37.59235]]]}},{"type":"Feature","properties":{"id":464224865},"geometry":{"type":"Polygon","coordinates":[[[126.96571,37.53593],[126.96718,37.53596],[126.96719,37.53499],[126.96662,37.53498],[126.96611,37.53497],[126.96561,37.53513],[126.96567,37.53535],[126.96571,37.53549],[126.96571,37.5358],[126.96571,37.53593]]]}},{"type":"Feature","properties":{"id":464426395},"geometry":{"type":"Polygon","coordinates":[[[126.95465,37.53115],[126.95464,37.53121],[126.9546,37.53127],[126.95454,37.53131],[126.95446,37.53133],[126.95438,37.53132],[126.95431,37.53131],[126.95424,37.53127],[126.95377,37.53101],[126.95332,37.53079],[126.95254,37.53037],[126.95248,37.53031],[126.95246,37.53025],[126.95248,37.53018],[126.95252,37.53012],[126.95259,37.53005],[126.95267,37.53002],[126.95277,37.53001],[126.95286,37.53003],[126.95362,37.53049],[126.9546,37.53105],[126.95463,37.53109],[126.95465,37.53115]]]}},{"type":"Feature","properties":{"id":464458034},"geometry":{"type":"Polygon","coordinates":[[[126.97611,37.5478],[126.97687,37.54786],[126.97665,37.54807],[126.97636,37.5484],[126.97611,37.5478]]]}},{"type":"Feature","properties":{"id":464463791},"geometry":{"type":"Polygon","coordinates":[[[126.98901,37.53796],[126.9895,37.538],[126.98963,37.53808],[126.98977,37.53833],[126.98964,37.53837],[126.98968,37.53844],[126.98956,37.53848],[126.98943,37.53849],[126.98936,37.5385],[126.98924,37.53852],[126.98913,37.53849],[126.98913,37.53846],[126.98915,37.53839],[126.989,37.53835],[126.98894,37.53831],[126.98895,37.53822],[126.98894,37.53817],[126.98898,37.53807],[126.98901,37.53796]]]}},{"type":"Feature","properties":{"id":465017830},"geometry":{"type":"Polygon","coordinates":[[[126.86964,37.54394],[126.86938,37.54402],[126.8692,37.54403],[126.86902,37.54411],[126.86878,37.54415],[126.86858,37.54408],[126.86856,37.54395],[126.86845,37.54391],[126.86836,37.54381],[126.86791,37.54382],[126.86786,37.54378],[126.86763,37.54381],[126.86739,37.54383],[126.86712,37.54386],[126.86699,37.54387],[126.86679,37.54393],[126.86685,37.54402],[126.86668,37.54404],[126.86618,37.54412],[126.86613,37.54405],[126.86611,37.54379],[126.86611,37.54374],[126.86613,37.54372],[126.86627,37.54371],[126.86649,37.54354],[126.86662,37.54343],[126.86686,37.54346],[126.86691,37.54344],[126.86701,37.54342],[126.8672,37.54329],[126.86726,37.54326],[126.86742,37.54317],[126.86764,37.54302],[126.86772,37.54291],[126.86775,37.54287],[126.86768,37.54274],[126.86776,37.54267],[126.86792,37.54255],[126.86808,37.54252],[126.86811,37.54246],[126.86836,37.54241],[126.86854,37.54241],[126.86866,37.54245],[126.86888,37.54244],[126.86912,37.54241],[126.86915,37.54247],[126.86881,37.54265],[126.86914,37.5431],[126.8692,37.54317],[126.86913,37.54326],[126.86962,37.54362],[126.86964,37.54366],[126.86962,37.54375],[126.86964,37.54394]]]}},{"type":"Feature","properties":{"id":465023911},"geometry":{"type":"Polygon","coordinates":[[[126.878,37.54692],[126.8788,37.54684],[126.87995,37.54663],[126.88059,37.54651],[126.88025,37.54608],[126.88014,37.54606],[126.87987,37.54613],[126.87908,37.54631],[126.87811,37.54653],[126.87805,37.54658],[126.878,37.54692]]]}},{"type":"Feature","properties":{"id":465086564},"geometry":{"type":"Polygon","coordinates":[[[126.85169,37.54588],[126.85199,37.54563],[126.85224,37.54541],[126.8518,37.54518],[126.85147,37.54501],[126.85083,37.54468],[126.85081,37.54467],[126.8505,37.54515],[126.85169,37.54588]]]}},{"type":"Feature","properties":{"id":465286050},"geometry":{"type":"Polygon","coordinates":[[[126.82619,37.55549],[126.82574,37.55552],[126.82565,37.55487],[126.82485,37.55493],[126.82518,37.55466],[126.82471,37.5543],[126.82482,37.55429],[126.8259,37.55423],[126.82589,37.55416],[126.82604,37.55415],[126.82619,37.55549]]]}},{"type":"Feature","properties":{"id":465314700},"geometry":{"type":"Polygon","coordinates":[[[126.8162,37.55486],[126.81625,37.5538],[126.81585,37.55413],[126.81585,37.55436],[126.81561,37.5543],[126.81543,37.55444],[126.81539,37.55445],[126.81516,37.55426],[126.81514,37.55442],[126.81521,37.55446],[126.81608,37.55456],[126.81605,37.55484],[126.8162,37.55486]]]}},{"type":"Feature","properties":{"id":465314997},"geometry":{"type":"Polygon","coordinates":[[[126.81835,37.55493],[126.81857,37.55486],[126.81878,37.55466],[126.81814,37.55417],[126.8181,37.55473],[126.81828,37.55473],[126.81827,37.55494],[126.81835,37.55493]]]}},{"type":"Feature","properties":{"id":465315849},"geometry":{"type":"Polygon","coordinates":[[[126.8425,37.5637],[126.84141,37.56394],[126.84111,37.56306],[126.84192,37.56288],[126.84196,37.56301],[126.842,37.56314],[126.84208,37.56313],[126.84229,37.56308],[126.8425,37.5637]]]}},{"type":"Feature","properties":{"id":465315850},"geometry":{"type":"Polygon","coordinates":[[[126.84159,37.56029],[126.84275,37.56006],[126.84259,37.55935],[126.84154,37.55944],[126.84131,37.55946],[126.84138,37.55967],[126.84159,37.56029]]]}},{"type":"Feature","properties":{"id":465316804},"geometry":{"type":"Polygon","coordinates":[[[126.82018,37.57819],[126.82319,37.57729],[126.82268,37.57608],[126.82215,37.57622],[126.82195,37.57565],[126.82677,37.57417],[126.82661,37.57386],[126.82889,37.57317],[126.82888,37.57295],[126.82279,37.57337],[126.82063,37.57344],[126.82061,37.57509],[126.82019,37.57582],[126.81965,37.57698],[126.81955,37.5774],[126.82011,37.57755],[126.82008,37.57811],[126.82018,37.57819]]]}},{"type":"Feature","properties":{"id":465318366},"geometry":{"type":"Polygon","coordinates":[[[126.82788,37.56446],[126.82797,37.56445],[126.83383,37.56388],[126.83412,37.56555],[126.83432,37.56687],[126.83446,37.56738],[126.83478,37.56797],[126.83528,37.56856],[126.8372,37.57032],[126.83773,37.57075],[126.8378,37.57093],[126.83779,37.5712],[126.83709,37.57248],[126.83712,37.57381],[126.83711,37.5741],[126.83694,37.57433],[126.83686,37.57482],[126.83673,37.57517],[126.83661,37.57573],[126.83705,37.57632],[126.8364,37.57656],[126.83609,37.57668],[126.83646,37.57726],[126.836,37.57747],[126.83568,37.57689],[126.83483,37.57717],[126.83511,37.57771],[126.83581,37.57748],[126.83595,37.57777],[126.83463,37.57825],[126.83321,37.57525],[126.83295,37.57459],[126.83347,37.57423],[126.83311,37.57389],[126.83288,37.5738],[126.83278,37.57332],[126.83262,37.57321],[126.83258,37.57272],[126.83257,37.57238],[126.83196,37.57243],[126.8319,37.57243],[126.83174,37.57243],[126.83167,37.57185],[126.83145,37.57056],[126.83124,37.56924],[126.83112,37.56839],[126.83106,37.56813],[126.831,37.56797],[126.83094,37.56788],[126.83087,37.56778],[126.83071,37.56763],[126.83058,37.56754],[126.83022,37.56733],[126.82938,37.56681],[126.82816,37.5669],[126.82804,37.56613],[126.82798,37.56597],[126.82792,37.5656],[126.82795,37.56557],[126.82789,37.56511],[126.82785,37.56505],[126.82777,37.56457],[126.82777,37.56453],[126.82778,37.5645],[126.82781,37.56448],[126.82788,37.56446]]]}},{"type":"Feature","properties":{"id":465459862},"geometry":{"type":"Polygon","coordinates":[[[126.80076,37.56422],[126.80049,37.56416],[126.8003,37.56407],[126.80019,37.56397],[126.80012,37.56381],[126.80009,37.56365],[126.80017,37.56348],[126.80031,37.56334],[126.80073,37.56321],[126.80095,37.56319],[126.80112,37.56327],[126.80126,37.56335],[126.80134,37.56347],[126.80138,37.56362],[126.80137,37.56379],[126.8014,37.56397],[126.80142,37.56413],[126.80149,37.56429],[126.80154,37.5644],[126.80162,37.56452],[126.80171,37.56461],[126.80178,37.56468],[126.8019,37.56477],[126.80312,37.56572],[126.8033,37.56568],[126.80357,37.56577],[126.80379,37.56579],[126.80393,37.56581],[126.80405,37.56585],[126.80414,37.56591],[126.80422,37.56602],[126.80428,37.56614],[126.80424,37.56628],[126.80417,37.56641],[126.80405,37.56652],[126.80391,37.56659],[126.80377,37.56663],[126.80364,37.56664],[126.8035,37.56663],[126.80336,37.56659],[126.80326,37.56652],[126.80317,37.56643],[126.80312,37.56634],[126.80308,37.56624],[126.80305,37.56613],[126.80301,37.56602],[126.80296,37.56593],[126.80198,37.56516],[126.80109,37.56445],[126.80076,37.56422]]]}},{"type":"Feature","properties":{"id":465474811},"geometry":{"type":"Polygon","coordinates":[[[126.80306,37.56503],[126.80351,37.56539],[126.80403,37.56545],[126.80436,37.56551],[126.80459,37.56569],[126.80477,37.56587],[126.80483,37.56619],[126.80503,37.56585],[126.80516,37.56562],[126.8053,37.56522],[126.8055,37.56462],[126.80564,37.56432],[126.80606,37.56292],[126.80626,37.56211],[126.80604,37.56217],[126.80583,37.56223],[126.80351,37.56252],[126.80349,37.56284],[126.80359,37.56292],[126.80368,37.56303],[126.80371,37.56312],[126.80429,37.56309],[126.80429,37.56347],[126.80467,37.56355],[126.80456,37.56389],[126.80439,37.56411],[126.80413,37.56431],[126.80394,37.56444],[126.80362,37.56456],[126.80342,37.56462],[126.80328,37.56472],[126.80306,37.56503]]]}},{"type":"Feature","properties":{"id":465543423},"geometry":{"type":"Polygon","coordinates":[[[126.85066,37.5588],[126.85045,37.55889],[126.85061,37.55913],[126.85037,37.55924],[126.85034,37.55926],[126.85013,37.55892],[126.84984,37.55903],[126.84935,37.55828],[126.84985,37.5581],[126.85017,37.55799],[126.85066,37.5588]]]}},{"type":"Feature","properties":{"id":465562102},"geometry":{"type":"Polygon","coordinates":[[[126.83668,37.52228],[126.83741,37.52117],[126.83741,37.52108],[126.83735,37.521],[126.83732,37.52098],[126.83699,37.52082],[126.83676,37.52067],[126.8365,37.52041],[126.83615,37.52004],[126.83577,37.52033],[126.83575,37.5204],[126.83625,37.52156],[126.83642,37.52196],[126.83632,37.52213],[126.83668,37.52228]]]}},{"type":"Feature","properties":{"id":465564075},"geometry":{"type":"Polygon","coordinates":[[[126.83349,37.52069],[126.83327,37.52082],[126.83289,37.52076],[126.83259,37.52056],[126.83243,37.52045],[126.83221,37.52023],[126.83222,37.52018],[126.83235,37.52014],[126.83218,37.51997],[126.832,37.51977],[126.83193,37.51967],[126.83176,37.5192],[126.83162,37.51883],[126.83169,37.51881],[126.83186,37.51888],[126.83204,37.51895],[126.83228,37.51917],[126.83261,37.51916],[126.83284,37.51913],[126.83287,37.51916],[126.8329,37.51922],[126.83276,37.51966],[126.83275,37.51975],[126.83295,37.5199],[126.83307,37.51992],[126.83313,37.5199],[126.83319,37.51995],[126.83322,37.5202],[126.83349,37.52069]]]}},{"type":"Feature","properties":{"id":465564076},"geometry":{"type":"Polygon","coordinates":[[[126.8347,37.52028],[126.83459,37.52037],[126.8344,37.52046],[126.83421,37.52037],[126.83413,37.52051],[126.83394,37.52045],[126.83363,37.51985],[126.83526,37.51933],[126.83538,37.51926],[126.83545,37.51927],[126.8354,37.51938],[126.83554,37.51942],[126.83565,37.51928],[126.83579,37.51931],[126.83585,37.51931],[126.83591,37.51933],[126.83591,37.51949],[126.83556,37.51976],[126.83543,37.51985],[126.83512,37.51966],[126.83481,37.51985],[126.83467,37.51974],[126.8345,37.51987],[126.83454,37.52004],[126.8347,37.52028]]]}},{"type":"Feature","properties":{"id":465564077},"geometry":{"type":"Polygon","coordinates":[[[126.83386,37.51908],[126.83342,37.51911],[126.83308,37.51868],[126.83293,37.51863],[126.83258,37.51796],[126.83338,37.51738],[126.83379,37.51808],[126.83441,37.51783],[126.83408,37.51718],[126.83405,37.51709],[126.83441,37.51697],[126.83499,37.51715],[126.83505,37.51727],[126.83464,37.51735],[126.8346,37.51754],[126.83451,37.51775],[126.83478,37.51814],[126.83465,37.51858],[126.83453,37.51875],[126.83426,37.51902],[126.834,37.51893],[126.83386,37.51908]]]}},{"type":"Feature","properties":{"id":465669376},"geometry":{"type":"Polygon","coordinates":[[[126.82417,37.48225],[126.82554,37.48326],[126.82655,37.48402],[126.82663,37.48406],[126.82775,37.4849],[126.82791,37.48501],[126.82848,37.48544],[126.82858,37.48554],[126.82865,37.48557],[126.82838,37.48575],[126.82749,37.48579],[126.82694,37.4855],[126.82684,37.48532],[126.82674,37.48503],[126.82639,37.48491],[126.82589,37.48472],[126.82518,37.48456],[126.82503,37.48465],[126.8243,37.48524],[126.82447,37.48544],[126.82463,37.48589],[126.82318,37.48512],[126.82287,37.48442],[126.82276,37.48431],[126.82241,37.48419],[126.82231,37.4841],[126.82228,37.48397],[126.823,37.4824],[126.8232,37.48241],[126.82386,37.48244],[126.82405,37.48257],[126.8242,37.48242],[126.82408,37.48233],[126.82411,37.48231],[126.82417,37.48225]]]}},{"type":"Feature","properties":{"id":465717153},"geometry":{"type":"Polygon","coordinates":[[[126.82966,37.50165],[126.82969,37.50189],[126.82966,37.50212],[126.82957,37.50213],[126.82949,37.50218],[126.82947,37.50211],[126.82925,37.50211],[126.82891,37.50215],[126.82892,37.50248],[126.82883,37.50251],[126.82866,37.50267],[126.82854,37.50289],[126.82842,37.50295],[126.8283,37.50294],[126.8283,37.50285],[126.82816,37.50277],[126.82809,37.50275],[126.82812,37.50262],[126.82828,37.50261],[126.82841,37.50235],[126.82853,37.50221],[126.82859,37.50187],[126.82851,37.50181],[126.82837,37.50163],[126.82848,37.50143],[126.82844,37.50113],[126.82842,37.50087],[126.82875,37.50084],[126.82912,37.50074],[126.82955,37.50059],[126.82955,37.50066],[126.82966,37.50165]]]}},{"type":"Feature","properties":{"id":465828996},"geometry":{"type":"Polygon","coordinates":[[[126.86834,37.51905],[126.86962,37.51857],[126.86973,37.51851],[126.86978,37.51843],[126.86963,37.51825],[126.86925,37.51781],[126.86915,37.51774],[126.86869,37.51743],[126.86836,37.51726],[126.86797,37.5171],[126.86743,37.51691],[126.86736,37.51695],[126.86686,37.51786],[126.86675,37.51806],[126.86674,37.51816],[126.86681,37.51823],[126.86727,37.51836],[126.86757,37.51851],[126.86763,37.51854],[126.86776,37.51862],[126.86806,37.51885],[126.86815,37.51899],[126.86825,37.51903],[126.86834,37.51905]]]}},{"type":"Feature","properties":{"id":466575011},"geometry":{"type":"Polygon","coordinates":[[[126.94438,37.50854],[126.94431,37.50883],[126.94435,37.50893],[126.94457,37.50902],[126.94437,37.50932],[126.94398,37.50926],[126.94384,37.50946],[126.94364,37.50945],[126.94363,37.50927],[126.9436,37.50909],[126.94355,37.50905],[126.94348,37.50903],[126.9432,37.50908],[126.94317,37.50901],[126.94313,37.50886],[126.9431,37.50873],[126.94311,37.50845],[126.94438,37.50854]]]}},{"type":"Feature","properties":{"id":466578301},"geometry":{"type":"Polygon","coordinates":[[[126.93613,37.50601],[126.93637,37.50605],[126.9364,37.50595],[126.93658,37.50598],[126.9367,37.5059],[126.93682,37.5058],[126.93705,37.50578],[126.93707,37.50562],[126.93716,37.5056],[126.93723,37.50556],[126.93728,37.50545],[126.93755,37.50547],[126.93757,37.50536],[126.93784,37.50537],[126.93783,37.50549],[126.93711,37.50596],[126.93731,37.5062],[126.93769,37.50608],[126.93793,37.50641],[126.93717,37.50665],[126.93702,37.5066],[126.93681,37.50645],[126.93658,37.50653],[126.93646,37.50656],[126.93609,37.50663],[126.93613,37.50601]]]}},{"type":"Feature","properties":{"id":466713706},"geometry":{"type":"Polygon","coordinates":[[[126.90657,37.50235],[126.90553,37.50189],[126.90561,37.50171],[126.90548,37.50164],[126.90553,37.50149],[126.90619,37.50109],[126.9066,37.50091],[126.90691,37.50086],[126.90708,37.50084],[126.90739,37.50073],[126.90743,37.50077],[126.90687,37.50116],[126.90663,37.50145],[126.90631,37.50173],[126.90652,37.50209],[126.90657,37.50235]]]}},{"type":"Feature","properties":{"id":466817156},"geometry":{"type":"Polygon","coordinates":[[[126.9153,37.50788],[126.91515,37.50771],[126.91513,37.50766],[126.9151,37.50698],[126.91511,37.50679],[126.91518,37.50648],[126.91517,37.50638],[126.91539,37.50627],[126.91551,37.5062],[126.9157,37.50612],[126.91582,37.50613],[126.91591,37.50616],[126.91608,37.50619],[126.91615,37.50623],[126.91591,37.50656],[126.91558,37.5066],[126.9155,37.50668],[126.9154,37.50695],[126.91536,37.50706],[126.91539,37.50735],[126.91545,37.50745],[126.91547,37.50749],[126.91559,37.50761],[126.9156,37.50815],[126.91563,37.50852],[126.91567,37.50864],[126.91572,37.5087],[126.91573,37.50875],[126.91573,37.50888],[126.91567,37.5089],[126.91562,37.50892],[126.91544,37.50896],[126.91517,37.509],[126.91513,37.50885],[126.91545,37.50882],[126.91547,37.50863],[126.9153,37.50862],[126.91526,37.50829],[126.91543,37.5082],[126.91521,37.50794],[126.9153,37.50788]]]}},{"type":"Feature","properties":{"id":467004011},"geometry":{"type":"Polygon","coordinates":[[[126.90407,37.51063],[126.90443,37.51009],[126.9043,37.50992],[126.90396,37.50971],[126.90389,37.50982],[126.90375,37.50978],[126.9037,37.5098],[126.90374,37.50996],[126.90356,37.50995],[126.9035,37.5104],[126.90407,37.51063]]]}},{"type":"Feature","properties":{"id":467021789},"geometry":{"type":"Polygon","coordinates":[[[126.90729,37.51206],[126.90749,37.51179],[126.90734,37.51166],[126.90725,37.51159],[126.9072,37.51148],[126.90718,37.51131],[126.90716,37.51121],[126.90701,37.51128],[126.90689,37.51126],[126.90685,37.51126],[126.9069,37.51147],[126.90696,37.51158],[126.90683,37.51169],[126.90697,37.51181],[126.9071,37.51193],[126.90729,37.51206]]]}},{"type":"Feature","properties":{"id":467053155},"geometry":{"type":"Polygon","coordinates":[[[126.91893,37.51998],[126.91826,37.52019],[126.91786,37.5204],[126.91755,37.5206],[126.91738,37.52074],[126.91707,37.52098],[126.9161,37.52224],[126.91556,37.5231],[126.91492,37.52395],[126.9141,37.5251],[126.91331,37.52646],[126.91288,37.52778],[126.91226,37.52909],[126.91167,37.53079],[126.91121,37.53194],[126.91106,37.5325],[126.91118,37.5329],[126.91135,37.53327],[126.90981,37.53455],[126.90952,37.53426],[126.90931,37.5333],[126.90983,37.53215],[126.91017,37.53166],[126.91032,37.53088],[126.91056,37.52961],[126.91087,37.52849],[126.91156,37.52656],[126.91209,37.52585],[126.91351,37.52406],[126.91451,37.52264],[126.91513,37.52149],[126.91575,37.52063],[126.9165,37.51979],[126.91734,37.51913],[126.91867,37.51839],[126.92003,37.51788],[126.92174,37.51726],[126.92174,37.51724],[126.92319,37.51666],[126.9238,37.51644],[126.92455,37.51624],[126.92537,37.51602],[126.92655,37.51579],[126.92691,37.5157],[126.92728,37.51563],[126.92962,37.51545],[126.93262,37.51558],[126.93826,37.51677],[126.94037,37.51714],[126.94151,37.51741],[126.94531,37.51841],[126.9444,37.51924],[126.94393,37.52006],[126.94106,37.51943],[126.94091,37.51903],[126.94067,37.51873],[126.94033,37.51841],[126.93992,37.51812],[126.93947,37.51801],[126.93819,37.51777],[126.93291,37.517],[126.92973,37.51664],[126.9281,37.51671],[126.92732,37.51685],[126.92585,37.51716],[126.92422,37.51781],[126.92209,37.51868],[126.92086,37.51913],[126.91947,37.51974],[126.91937,37.51979],[126.91893,37.51998]]]}},{"type":"Feature","properties":{"id":467478051},"geometry":{"type":"Polygon","coordinates":[[[126.95993,37.49387],[126.96001,37.49386],[126.96005,37.49384],[126.96007,37.49381],[126.96008,37.49378],[126.96006,37.49375],[126.96002,37.4937],[126.95996,37.49368],[126.95991,37.49366],[126.95985,37.49365],[126.95925,37.49364],[126.95921,37.49362],[126.95918,37.49358],[126.95902,37.49335],[126.95848,37.49286],[126.95783,37.49263],[126.95769,37.4928],[126.95686,37.49244],[126.9569,37.49232],[126.95667,37.4922],[126.95676,37.49241],[126.95675,37.49254],[126.95672,37.49266],[126.95672,37.49281],[126.95697,37.4928],[126.95704,37.49294],[126.95735,37.49304],[126.95789,37.49301],[126.9579,37.49305],[126.95824,37.49305],[126.95833,37.49367],[126.95846,37.494],[126.95849,37.49402],[126.95853,37.49401],[126.95856,37.49399],[126.9586,37.49386],[126.95868,37.49382],[126.95889,37.4938],[126.95906,37.49382],[126.95921,37.49387],[126.95939,37.49388],[126.95983,37.49388],[126.95993,37.49387]]]}},{"type":"Feature","properties":{"id":467541644},"geometry":{"type":"Polygon","coordinates":[[[126.95335,37.50876],[126.95313,37.50852],[126.95313,37.5083],[126.95339,37.50821],[126.95376,37.50799],[126.95381,37.5077],[126.95419,37.50783],[126.95464,37.50792],[126.95495,37.50808],[126.95531,37.50897],[126.95534,37.50916],[126.95517,37.50922],[126.955,37.50902],[126.95482,37.50865],[126.95408,37.50843],[126.95335,37.50876]]]}},{"type":"Feature","properties":{"id":467813680},"geometry":{"type":"Polygon","coordinates":[[[126.89918,37.50367],[126.8996,37.50328],[126.8992,37.50302],[126.89878,37.50339],[126.89918,37.50367]]]}},{"type":"Feature","properties":{"id":467834655},"geometry":{"type":"Polygon","coordinates":[[[126.89953,37.49862],[126.89969,37.49856],[126.89976,37.49851],[126.89981,37.49847],[126.89985,37.49841],[126.89988,37.49834],[126.89996,37.49789],[126.89969,37.49736],[126.89967,37.49734],[126.89921,37.49841],[126.89953,37.49862]]]}},{"type":"Feature","properties":{"id":467878770},"geometry":{"type":"Polygon","coordinates":[[[126.89767,37.49824],[126.89721,37.49811],[126.89696,37.49868],[126.89738,37.49889],[126.89767,37.49824]]]}},{"type":"Feature","properties":{"id":468015313},"geometry":{"type":"Polygon","coordinates":[[[126.90284,37.49146],[126.9029,37.49152],[126.90294,37.49166],[126.90298,37.49177],[126.90306,37.4918],[126.90324,37.4918],[126.90334,37.49182],[126.90346,37.49177],[126.90357,37.49158],[126.90357,37.49151],[126.90356,37.49139],[126.90396,37.49133],[126.90399,37.49126],[126.90396,37.49118],[126.90393,37.49104],[126.90394,37.491],[126.90348,37.49076],[126.90284,37.49146]]]}},{"type":"Feature","properties":{"id":468202287},"geometry":{"type":"Polygon","coordinates":[[[127.15026,37.43452],[127.15087,37.43463],[127.15129,37.43432],[127.15149,37.43403],[127.15165,37.434],[127.15173,37.43385],[127.15174,37.43372],[127.15176,37.43364],[127.15094,37.43359],[127.15031,37.43329],[127.15028,37.43327],[127.14999,37.43389],[127.15023,37.43412],[127.15026,37.43452]]]}},{"type":"Feature","properties":{"id":468236069},"geometry":{"type":"Polygon","coordinates":[[[126.73578,37.52146],[126.7357,37.52038],[126.73595,37.52037],[126.73607,37.52068],[126.7365,37.52113],[126.73578,37.52146]]]}},{"type":"Feature","properties":{"id":468238665},"geometry":{"type":"Polygon","coordinates":[[[126.734,37.52144],[126.73398,37.52115],[126.73404,37.52115],[126.73413,37.52118],[126.7342,37.52118],[126.73422,37.52116],[126.73434,37.52118],[126.73451,37.52112],[126.73456,37.52091],[126.73482,37.52087],[126.73481,37.52098],[126.73474,37.52098],[126.73475,37.52106],[126.73478,37.52112],[126.73485,37.5212],[126.73485,37.52139],[126.734,37.52144]]]}},{"type":"Feature","properties":{"id":468242071},"geometry":{"type":"Polygon","coordinates":[[[126.81081,37.47691],[126.80858,37.47573],[126.80967,37.4757],[126.81022,37.47542],[126.81059,37.47475],[126.81122,37.47412],[126.81123,37.47455],[126.81166,37.47452],[126.81163,37.47481],[126.81164,37.47504],[126.81175,37.47503],[126.81186,37.47502],[126.81185,37.47482],[126.81187,37.47464],[126.81197,37.47462],[126.81203,37.47519],[126.81194,37.47527],[126.81181,37.47529],[126.81171,37.47531],[126.81186,37.47561],[126.81208,37.47588],[126.81174,37.47611],[126.81132,37.47641],[126.81081,37.47691]]]}},{"type":"Feature","properties":{"id":468244476},"geometry":{"type":"Polygon","coordinates":[[[126.73528,37.51399],[126.73528,37.51387],[126.7353,37.51344],[126.73533,37.51323],[126.73545,37.51295],[126.73568,37.51245],[126.7357,37.51241],[126.73766,37.51295],[126.73773,37.51301],[126.73777,37.51308],[126.73775,37.51315],[126.73767,37.51323],[126.73528,37.51399]]]}},{"type":"Feature","properties":{"id":468244478},"geometry":{"type":"Polygon","coordinates":[[[126.73583,37.51207],[126.73588,37.51196],[126.73589,37.51193],[126.73612,37.512],[126.73617,37.5119],[126.73672,37.51206],[126.73687,37.5117],[126.73759,37.51183],[126.73797,37.51197],[126.7383,37.5121],[126.73876,37.51231],[126.73891,37.51238],[126.73963,37.51275],[126.73967,37.5128],[126.73973,37.51285],[126.73976,37.51294],[126.73971,37.51299],[126.73953,37.51315],[126.73922,37.51302],[126.73583,37.51207]]]}},{"type":"Feature","properties":{"id":468274123},"geometry":{"type":"Polygon","coordinates":[[[126.79719,37.46799],[126.79747,37.46783],[126.79838,37.46631],[126.79731,37.46572],[126.7964,37.46574],[126.79577,37.46629],[126.79655,37.46705],[126.7958,37.46819],[126.79659,37.46854],[126.79719,37.46799]]]}},{"type":"Feature","properties":{"id":468274916},"geometry":{"type":"Polygon","coordinates":[[[126.79839,37.47696],[126.79838,37.47617],[126.8,37.47616],[126.80003,37.47696],[126.79839,37.47696]]]}},{"type":"Feature","properties":{"id":468367005},"geometry":{"type":"Polygon","coordinates":[[[126.73276,37.4452],[126.73244,37.44493],[126.73291,37.44444],[126.73316,37.44352],[126.73388,37.44065],[126.73396,37.44041],[126.73445,37.43985],[126.73484,37.43942],[126.73494,37.43931],[126.73547,37.43864],[126.73575,37.43829],[126.73577,37.43826],[126.736,37.43795],[126.73613,37.43773],[126.73623,37.43742],[126.7367,37.43759],[126.7362,37.43834],[126.73529,37.43944],[126.73515,37.43972],[126.73484,37.44017],[126.73458,37.44053],[126.73439,37.44088],[126.73355,37.44425],[126.73348,37.44458],[126.73328,37.44491],[126.73289,37.44524],[126.73276,37.4452]]]}},{"type":"Feature","properties":{"id":468391348},"geometry":{"type":"Polygon","coordinates":[[[126.8939,37.4999],[126.89509,37.50047],[126.89571,37.4997],[126.89406,37.49884],[126.8939,37.4999]]]}},{"type":"Feature","properties":{"id":468405955},"geometry":{"type":"Polygon","coordinates":[[[126.85049,37.46754],[126.85056,37.46721],[126.85039,37.46701],[126.84972,37.46733],[126.85049,37.46754]]]}},{"type":"Feature","properties":{"id":468415526},"geometry":{"type":"Polygon","coordinates":[[[126.77711,37.49406],[126.77694,37.49408],[126.77676,37.49333],[126.77743,37.49318],[126.77759,37.49399],[126.77711,37.49406]]]}},{"type":"Feature","properties":{"id":468416563},"geometry":{"type":"Polygon","coordinates":[[[126.82638,37.52746],[126.82547,37.52733],[126.8245,37.52744],[126.82452,37.52756],[126.82512,37.52748],[126.82531,37.52753],[126.82545,37.52748],[126.82636,37.52759],[126.82638,37.52746]]]}},{"type":"Feature","properties":{"id":468429894},"geometry":{"type":"Polygon","coordinates":[[[126.77331,37.49218],[126.77334,37.49228],[126.77338,37.4924],[126.77348,37.49278],[126.7738,37.49288],[126.77391,37.49368],[126.77618,37.4934],[126.77607,37.49288],[126.77482,37.49248],[126.7747,37.49194],[126.77442,37.49199],[126.77331,37.49218]]]}},{"type":"Feature","properties":{"id":468564151},"geometry":{"type":"Polygon","coordinates":[[[127.1009,37.51834],[127.10194,37.51878],[127.10219,37.51841],[127.10115,37.51797],[127.1009,37.51834]]]}},{"type":"Feature","properties":{"id":468574947},"geometry":{"type":"Polygon","coordinates":[[[126.89221,37.50182],[126.89221,37.50126],[126.89229,37.50083],[126.89224,37.50081],[126.89183,37.5013],[126.89167,37.50155],[126.89221,37.50182]]]}},{"type":"Feature","properties":{"id":468578723},"geometry":{"type":"Polygon","coordinates":[[[127.07291,37.5478],[127.073,37.54795],[127.0744,37.54792],[127.07411,37.54748],[127.07407,37.54747],[127.07404,37.54746],[127.07292,37.54776],[127.07291,37.5478]]]}},{"type":"Feature","properties":{"id":468578883},"geometry":{"type":"Polygon","coordinates":[[[126.88693,37.50553],[126.88679,37.50551],[126.88665,37.50545],[126.8866,37.50538],[126.88658,37.50532],[126.88661,37.50528],[126.88658,37.50526],[126.88623,37.50563],[126.88671,37.50592],[126.88685,37.50575],[126.88694,37.50561],[126.88697,37.50556],[126.88701,37.50551],[126.88698,37.50549],[126.88693,37.50553]]]}},{"type":"Feature","properties":{"id":468589008},"geometry":{"type":"Polygon","coordinates":[[[126.92304,37.51333],[126.92312,37.51362],[126.92404,37.51328],[126.92426,37.51323],[126.9248,37.51312],[126.92477,37.51292],[126.92387,37.51311],[126.92304,37.51333]]]}},{"type":"Feature","properties":{"id":468589443},"geometry":{"type":"Polygon","coordinates":[[[127.12791,37.45583],[127.12797,37.45481],[127.12875,37.45482],[127.12893,37.45497],[127.12879,37.45508],[127.12833,37.45507],[127.12826,37.45586],[127.12791,37.45583]]]}},{"type":"Feature","properties":{"id":468591016},"geometry":{"type":"Polygon","coordinates":[[[126.71996,37.68861],[126.72002,37.68866],[126.72009,37.68871],[126.72122,37.68795],[126.72198,37.68864],[126.72214,37.68855],[126.72141,37.68783],[126.72259,37.68707],[126.72298,37.68743],[126.72327,37.68725],[126.72295,37.68699],[126.72311,37.68686],[126.72262,37.68648],[126.72233,37.68601],[126.72223,37.68591],[126.72203,37.68572],[126.7218,37.68543],[126.72166,37.68596],[126.72148,37.68636],[126.72062,37.68615],[126.72035,37.68657],[126.71992,37.68648],[126.71975,37.68682],[126.72102,37.68794],[126.71996,37.68861]]]}},{"type":"Feature","properties":{"id":468591946},"geometry":{"type":"Polygon","coordinates":[[[126.87458,37.51603],[126.87474,37.51574],[126.87547,37.51597],[126.87564,37.51624],[126.87559,37.51636],[126.87458,37.51603]]]}},{"type":"Feature","properties":{"id":468614801},"geometry":{"type":"Polygon","coordinates":[[[127.05483,37.62295],[127.05461,37.62287],[127.05415,37.62268],[127.0542,37.62233],[127.05444,37.62208],[127.05468,37.62199],[127.05489,37.62201],[127.05481,37.62242],[127.05491,37.62246],[127.05495,37.62252],[127.05493,37.62273],[127.05491,37.62283],[127.05483,37.62295]]]}},{"type":"Feature","properties":{"id":468618464},"geometry":{"type":"Polygon","coordinates":[[[126.96115,37.53906],[126.96104,37.53883],[126.95777,37.53966],[126.95625,37.54022],[126.95439,37.54135],[126.9539,37.54155],[126.95356,37.54168],[126.95375,37.5419],[126.95482,37.54138],[126.95647,37.54067],[126.95663,37.54054],[126.95681,37.5404],[126.95702,37.54022],[126.95718,37.54013],[126.95837,37.53978],[126.95871,37.53966],[126.95936,37.5395],[126.96022,37.5393],[126.96115,37.53906]]]}},{"type":"Feature","properties":{"id":468626243},"geometry":{"type":"Polygon","coordinates":[[[127.12102,37.65515],[127.1204,37.65601],[127.11979,37.65687],[127.12132,37.65757],[127.12221,37.65797],[127.12235,37.65777],[127.12257,37.65748],[127.1234,37.65637],[127.12387,37.65598],[127.1226,37.65535],[127.12209,37.65531],[127.12132,37.65524],[127.12113,37.6552],[127.12102,37.65515]]]}},{"type":"Feature","properties":{"id":468641419},"geometry":{"type":"Polygon","coordinates":[[[127.12271,37.66025],[127.1223,37.66052],[127.12227,37.66054],[127.12191,37.66073],[127.12195,37.66075],[127.1225,37.661],[127.12323,37.66132],[127.12338,37.66102],[127.12356,37.66077],[127.12371,37.66061],[127.12388,37.66036],[127.12429,37.65976],[127.12436,37.65961],[127.12452,37.65938],[127.12461,37.65925],[127.12455,37.65923],[127.12403,37.65902],[127.12395,37.65898],[127.12362,37.65936],[127.12328,37.65976],[127.12296,37.66004],[127.12271,37.66025]]]}},{"type":"Feature","properties":{"id":468641426},"geometry":{"type":"Polygon","coordinates":[[[127.12052,37.66174],[127.12228,37.66253],[127.12224,37.6627],[127.12183,37.66325],[127.12086,37.6642],[127.12044,37.66466],[127.12007,37.66552],[127.11978,37.66544],[127.11977,37.66521],[127.11968,37.6646],[127.1196,37.66404],[127.11956,37.66361],[127.11961,37.66313],[127.11975,37.66284],[127.12052,37.66174]]]}},{"type":"Feature","properties":{"id":468641469},"geometry":{"type":"Polygon","coordinates":[[[127.12765,37.65491],[127.1268,37.65454],[127.12672,37.65466],[127.12667,37.65474],[127.12653,37.65496],[127.1259,37.65471],[127.12602,37.65407],[127.12612,37.65385],[127.12622,37.65369],[127.12648,37.65339],[127.12695,37.65288],[127.12707,37.65283],[127.12721,37.65284],[127.1273,37.65288],[127.12739,37.653],[127.12796,37.65362],[127.12807,37.65419],[127.12803,37.65433],[127.12765,37.65491]]]}},{"type":"Feature","properties":{"id":468641470},"geometry":{"type":"Polygon","coordinates":[[[127.11692,37.65419],[127.11719,37.65417],[127.11724,37.65465],[127.1173,37.65505],[127.1177,37.65519],[127.11806,37.65519],[127.11828,37.65525],[127.11842,37.65548],[127.11872,37.65568],[127.11879,37.65573],[127.11957,37.65465],[127.12009,37.65376],[127.11999,37.65373],[127.11926,37.6535],[127.11966,37.65254],[127.11992,37.65266],[127.1205,37.65174],[127.12096,37.65192],[127.12119,37.65154],[127.12125,37.65132],[127.1212,37.6512],[127.12084,37.65149],[127.12042,37.6512],[127.1208,37.6509],[127.1202,37.65046],[127.12008,37.65048],[127.11958,37.65086],[127.11951,37.65089],[127.11945,37.65091],[127.11934,37.65093],[127.11917,37.65094],[127.11905,37.65096],[127.11882,37.65098],[127.11853,37.65107],[127.1183,37.65121],[127.11743,37.65206],[127.1167,37.65233],[127.11678,37.65245],[127.11712,37.65233],[127.11754,37.65304],[127.11742,37.65311],[127.11749,37.65324],[127.11712,37.6534],[127.11717,37.65374],[127.11689,37.65377],[127.11682,37.65332],[127.11678,37.65333],[127.11549,37.65378],[127.11498,37.65297],[127.11421,37.65325],[127.11415,37.65328],[127.11499,37.65468],[127.11607,37.6544],[127.11649,37.65454],[127.11699,37.65486],[127.11694,37.65438],[127.11692,37.65419]]]}},{"type":"Feature","properties":{"id":468641483},"geometry":{"type":"Polygon","coordinates":[[[127.1179,37.65125],[127.11711,37.65068],[127.11752,37.65032],[127.1186,37.64936],[127.11969,37.65013],[127.11995,37.65031],[127.11947,37.65065],[127.11939,37.65067],[127.11922,37.65071],[127.1192,37.65072],[127.11878,37.65075],[127.11825,37.65095],[127.1179,37.65125]]]}},{"type":"Feature","properties":{"id":468646010},"geometry":{"type":"Polygon","coordinates":[[[126.78176,37.49731],[126.78189,37.49687],[126.78186,37.49672],[126.78303,37.49655],[126.78318,37.49726],[126.78248,37.49729],[126.78176,37.49731]]]}},{"type":"Feature","properties":{"id":468646827},"geometry":{"type":"Polygon","coordinates":[[[126.78476,37.48948],[126.78461,37.48889],[126.78577,37.48871],[126.78575,37.48872],[126.78476,37.48948]]]}},{"type":"Feature","properties":{"id":468649757},"geometry":{"type":"Polygon","coordinates":[[[126.78299,37.48534],[126.78245,37.48523],[126.78226,37.48454],[126.78329,37.48437],[126.78344,37.48511],[126.78299,37.48534]]]}},{"type":"Feature","properties":{"id":468657993},"geometry":{"type":"Polygon","coordinates":[[[126.77127,37.49775],[126.77107,37.49688],[126.77242,37.4967],[126.77274,37.49666],[126.77288,37.49664],[126.77308,37.49776],[126.77223,37.49787],[126.77217,37.49762],[126.77127,37.49775]]]}},{"type":"Feature","properties":{"id":468658049},"geometry":{"type":"Polygon","coordinates":[[[126.77104,37.49683],[126.77095,37.49643],[126.77263,37.4962],[126.77265,37.4962],[126.77273,37.49661],[126.77242,37.49665],[126.77104,37.49683]]]}},{"type":"Feature","properties":{"id":468658323},"geometry":{"type":"Polygon","coordinates":[[[126.75982,37.49665],[126.76135,37.49646],[126.76113,37.49538],[126.76075,37.49543],[126.76055,37.49463],[126.76033,37.49466],[126.75951,37.49477],[126.75943,37.49479],[126.75982,37.49665]]]}},{"type":"Feature","properties":{"id":468683715},"geometry":{"type":"Polygon","coordinates":[[[126.83551,37.63253],[126.83685,37.63236],[126.83712,37.63357],[126.83656,37.63365],[126.83664,37.634],[126.83615,37.63405],[126.83588,37.63408],[126.83581,37.63406],[126.8358,37.634],[126.83564,37.63323],[126.83552,37.63257],[126.83551,37.63253]]]}},{"type":"Feature","properties":{"id":468704854},"geometry":{"type":"Polygon","coordinates":[[[126.83208,37.63481],[126.83263,37.63474],[126.83322,37.63467],[126.83322,37.63472],[126.83321,37.63483],[126.83319,37.63489],[126.83314,37.63501],[126.83307,37.63512],[126.83289,37.63521],[126.83276,37.63523],[126.83273,37.63523],[126.83262,37.63525],[126.83242,37.63521],[126.83223,37.63511],[126.83215,37.63502],[126.8321,37.63494],[126.83209,37.63485],[126.83208,37.63481]]]}},{"type":"Feature","properties":{"id":468704855},"geometry":{"type":"Polygon","coordinates":[[[126.83202,37.6346],[126.83201,37.63457],[126.83192,37.63401],[126.83191,37.63397],[126.83194,37.63397],[126.83248,37.63392],[126.83305,37.63385],[126.83308,37.63385],[126.83309,37.63388],[126.83319,37.63443],[126.83319,37.63446],[126.83259,37.63453],[126.83202,37.6346]]]}},{"type":"Feature","properties":{"id":468706051},"geometry":{"type":"Polygon","coordinates":[[[126.82829,37.63672],[126.82824,37.6364],[126.82672,37.6366],[126.8269,37.63688],[126.82829,37.63672]]]}},{"type":"Feature","properties":{"id":468707620},"geometry":{"type":"Polygon","coordinates":[[[126.83153,37.63199],[126.83206,37.63194],[126.83266,37.63188],[126.83257,37.63143],[126.83245,37.63078],[126.83186,37.63085],[126.83132,37.63092],[126.83143,37.63157],[126.83153,37.63199]]]}},{"type":"Feature","properties":{"id":468707622},"geometry":{"type":"Polygon","coordinates":[[[126.83668,37.64098],[126.83652,37.6401],[126.8366,37.64003],[126.83692,37.63967],[126.83686,37.63924],[126.83679,37.63886],[126.83671,37.63854],[126.83662,37.63819],[126.83756,37.63809],[126.83798,37.6385],[126.83812,37.63866],[126.83838,37.64075],[126.83676,37.64096],[126.83668,37.64098]]]}},{"type":"Feature","properties":{"id":468707627},"geometry":{"type":"Polygon","coordinates":[[[126.83591,37.62744],[126.83593,37.62757],[126.83604,37.62812],[126.83453,37.62832],[126.83437,37.6276],[126.83498,37.62753],[126.83547,37.62748],[126.83577,37.62746],[126.83591,37.62744]]]}},{"type":"Feature","properties":{"id":468729164},"geometry":{"type":"Polygon","coordinates":[[[127.11057,37.64696],[127.11084,37.64644],[127.11145,37.64666],[127.11102,37.64713],[127.11057,37.64696]]]}},{"type":"Feature","properties":{"id":468729165},"geometry":{"type":"Polygon","coordinates":[[[127.11508,37.64664],[127.11609,37.64573],[127.11581,37.64555],[127.11481,37.64644],[127.11508,37.64664]]]}},{"type":"Feature","properties":{"id":468730870},"geometry":{"type":"Polygon","coordinates":[[[126.88332,37.4559],[126.88369,37.45526],[126.88384,37.45522],[126.88442,37.45543],[126.88457,37.4555],[126.88474,37.45556],[126.88489,37.45559],[126.88539,37.45578],[126.88544,37.45581],[126.88546,37.4559],[126.88543,37.45597],[126.88535,37.45608],[126.88529,37.45601],[126.88472,37.45598],[126.88444,37.45596],[126.88419,37.45594],[126.88347,37.45589],[126.88332,37.4559]]]}},{"type":"Feature","properties":{"id":468752433},"geometry":{"type":"Polygon","coordinates":[[[127.01288,37.61863],[127.01227,37.61829],[127.01241,37.61815],[127.01258,37.61808],[127.01279,37.61803],[127.01293,37.61801],[127.01304,37.618],[127.01305,37.61859],[127.01288,37.61863]]]}},{"type":"Feature","properties":{"id":468776926},"geometry":{"type":"Polygon","coordinates":[[[127.12521,37.50637],[127.12473,37.50592],[127.12501,37.50573],[127.1255,37.50618],[127.12521,37.50637]]]}},{"type":"Feature","properties":{"id":468784032},"geometry":{"type":"Polygon","coordinates":[[[127.19935,37.55555],[127.19961,37.55539],[127.19983,37.55526],[127.19955,37.55497],[127.1995,37.555],[127.19908,37.55525],[127.19935,37.55555]]]}},{"type":"Feature","properties":{"id":468786228},"geometry":{"type":"Polygon","coordinates":[[[127.08928,37.62873],[127.09014,37.62859],[127.08937,37.62716],[127.08888,37.627],[127.08869,37.62729],[127.08893,37.62765],[127.08928,37.62873]]]}},{"type":"Feature","properties":{"id":468788683},"geometry":{"type":"Polygon","coordinates":[[[126.75383,37.68161],[126.75403,37.68187],[126.75421,37.68206],[126.75444,37.68224],[126.7548,37.68243],[126.7551,37.6825],[126.75537,37.68255],[126.75555,37.68255],[126.75573,37.68256],[126.75599,37.68255],[126.7564,37.6825],[126.75642,37.68249],[126.75637,37.68234],[126.75682,37.68212],[126.75687,37.6821],[126.75691,37.68208],[126.75688,37.68204],[126.75616,37.68099],[126.75588,37.68058],[126.75582,37.68049],[126.75579,37.68044],[126.75551,37.68003],[126.75525,37.68014],[126.75523,37.68015],[126.7552,37.68017],[126.75525,37.68023],[126.75523,37.68026],[126.75508,37.68033],[126.75492,37.6804],[126.75492,37.68039],[126.75488,37.68039],[126.75484,37.68032],[126.7548,37.68034],[126.75474,37.68028],[126.7547,37.6803],[126.75434,37.68045],[126.7539,37.68064],[126.75392,37.68067],[126.7544,37.68136],[126.7543,37.68141],[126.75383,37.68161]]]}},{"type":"Feature","properties":{"id":468924490},"geometry":{"type":"Polygon","coordinates":[[[127.06916,37.49604],[127.06914,37.49609],[127.06949,37.49619],[127.06967,37.49617],[127.06978,37.49608],[127.07059,37.49452],[127.07,37.49433],[127.06916,37.49604]]]}},{"type":"Feature","properties":{"id":468956937},"geometry":{"type":"Polygon","coordinates":[[[127.08356,37.58671],[127.08345,37.58625],[127.0833,37.58557],[127.08326,37.58509],[127.08326,37.58475],[127.08336,37.58475],[127.08335,37.5851],[127.08338,37.58529],[127.08341,37.58557],[127.08352,37.58606],[127.0837,37.58669],[127.08365,37.5867],[127.08356,37.58671]]]}},{"type":"Feature","properties":{"id":468962625},"geometry":{"type":"Polygon","coordinates":[[[126.98678,37.4913],[126.98695,37.49134],[126.98703,37.49103],[126.98704,37.491],[126.98705,37.49095],[126.98707,37.49089],[126.98715,37.49024],[126.98716,37.4902],[126.98714,37.49018],[126.98689,37.49012],[126.98681,37.4901],[126.98683,37.48995],[126.98683,37.48983],[126.98658,37.48983],[126.98678,37.4913]]]}},{"type":"Feature","properties":{"id":468963332},"geometry":{"type":"Polygon","coordinates":[[[126.93868,37.55112],[126.93828,37.55104],[126.93805,37.55099],[126.93786,37.55141],[126.93782,37.55147],[126.93784,37.55151],[126.93793,37.55148],[126.93801,37.55147],[126.93868,37.55112]]]}},{"type":"Feature","properties":{"id":468968972},"geometry":{"type":"Polygon","coordinates":[[[126.82515,37.49518],[126.82499,37.49521],[126.82462,37.49494],[126.82416,37.49409],[126.8238,37.49388],[126.82368,37.49381],[126.8236,37.49369],[126.82348,37.4934],[126.82368,37.49343],[126.82388,37.49353],[126.82397,37.4937],[126.82406,37.49388],[126.82437,37.49403],[126.82457,37.49402],[126.82479,37.49433],[126.82501,37.49474],[126.82513,37.49505],[126.82515,37.49518]]]}},{"type":"Feature","properties":{"id":468970739},"geometry":{"type":"Polygon","coordinates":[[[126.82263,37.49694],[126.82271,37.4964],[126.8234,37.49674],[126.82324,37.49685],[126.82263,37.49694]]]}},{"type":"Feature","properties":{"id":468972436},"geometry":{"type":"Polygon","coordinates":[[[126.77787,37.69366],[126.77894,37.69353],[126.77955,37.69344],[126.7793,37.69234],[126.78007,37.6922],[126.78003,37.69186],[126.78011,37.69115],[126.78012,37.69103],[126.78013,37.69097],[126.78018,37.69052],[126.78018,37.69046],[126.7802,37.69032],[126.77847,37.69016],[126.77841,37.69015],[126.77788,37.69011],[126.77782,37.69011],[126.77757,37.69009],[126.77722,37.69006],[126.77713,37.69049],[126.77713,37.69096],[126.7776,37.69261],[126.77776,37.69323],[126.77787,37.69366]]]}},{"type":"Feature","properties":{"id":468972928},"geometry":{"type":"Polygon","coordinates":[[[126.77691,37.69177],[126.77682,37.69177],[126.77616,37.69194],[126.77611,37.69195],[126.77603,37.69197],[126.77538,37.69217],[126.77571,37.69267],[126.77575,37.69272],[126.77601,37.69334],[126.77637,37.69324],[126.77665,37.69382],[126.77677,37.69381],[126.7774,37.69371],[126.77726,37.69319],[126.77696,37.69198],[126.77691,37.69177]]]}},{"type":"Feature","properties":{"id":468974355},"geometry":{"type":"Polygon","coordinates":[[[126.81328,37.67889],[126.81343,37.67884],[126.81356,37.67879],[126.81515,37.67823],[126.81516,37.6782],[126.81519,37.67813],[126.8152,37.67811],[126.81486,37.6775],[126.81449,37.67684],[126.81325,37.67728],[126.8125,37.67755],[126.81257,37.6777],[126.81265,37.67783],[126.81294,37.67838],[126.81319,37.67884],[126.81321,37.67888],[126.81328,37.67889]]]}},{"type":"Feature","properties":{"id":468974410},"geometry":{"type":"Polygon","coordinates":[[[127.09594,37.61533],[127.09612,37.61531],[127.09602,37.61516],[127.09867,37.61433],[127.10108,37.61351],[127.10119,37.61337],[127.10116,37.61314],[127.10106,37.61307],[127.10037,37.61309],[127.09979,37.61324],[127.09845,37.61372],[127.09863,37.61425],[127.09771,37.61456],[127.09761,37.61437],[127.09671,37.61471],[127.09656,37.61465],[127.09624,37.61472],[127.09608,37.61491],[127.09584,37.61525],[127.09594,37.61533]]]}},{"type":"Feature","properties":{"id":468975916},"geometry":{"type":"Polygon","coordinates":[[[127.02199,37.45742],[127.02164,37.45771],[127.02161,37.45796],[127.02156,37.45842],[127.02149,37.45885],[127.02137,37.45923],[127.02133,37.4594],[127.02106,37.45951],[127.02102,37.45951],[127.02115,37.4591],[127.02118,37.459],[127.02126,37.4586],[127.02132,37.45823],[127.02134,37.45793],[127.02137,37.45759],[127.02133,37.45732],[127.02129,37.45707],[127.02146,37.45711],[127.02168,37.45718],[127.02222,37.4574],[127.02199,37.45742]]]}},{"type":"Feature","properties":{"id":468978212},"geometry":{"type":"Polygon","coordinates":[[[126.92148,37.47819],[126.9218,37.47808],[126.92242,37.47778],[126.9228,37.47749],[126.92298,37.47734],[126.92323,37.4771],[126.92265,37.4768],[126.9223,37.47716],[126.9222,37.47709],[126.92188,37.47742],[126.92158,37.47776],[126.92127,37.47808],[126.92148,37.47819]]]}},{"type":"Feature","properties":{"id":468979016},"geometry":{"type":"Polygon","coordinates":[[[126.82986,37.64169],[126.82972,37.64144],[126.82946,37.64097],[126.83025,37.64087],[126.83046,37.64085],[126.83067,37.64082],[126.83153,37.64072],[126.83173,37.64144],[126.82986,37.64169]]]}},{"type":"Feature","properties":{"id":468979025},"geometry":{"type":"Polygon","coordinates":[[[126.8288,37.62864],[126.82868,37.62846],[126.82818,37.62768],[126.82668,37.62815],[126.82678,37.62859],[126.82683,37.62885],[126.8288,37.62864]]]}},{"type":"Feature","properties":{"id":468997228},"geometry":{"type":"Polygon","coordinates":[[[126.84117,37.47676],[126.84155,37.47702],[126.83883,37.47922],[126.83871,37.47923],[126.83826,37.47964],[126.83801,37.47995],[126.83754,37.47993],[126.8371,37.48019],[126.83682,37.481],[126.83668,37.48105],[126.83648,37.4813],[126.83637,37.48153],[126.83638,37.48191],[126.83622,37.48192],[126.83608,37.48192],[126.83594,37.48196],[126.83589,37.48205],[126.83589,37.4821],[126.83586,37.4821],[126.83581,37.48209],[126.83575,37.4821],[126.83571,37.48211],[126.83569,37.48213],[126.83567,37.48217],[126.83568,37.4822],[126.8357,37.48224],[126.83573,37.48226],[126.83581,37.48228],[126.83579,37.48232],[126.8352,37.48255],[126.83462,37.48245],[126.83455,37.48215],[126.83486,37.48185],[126.83524,37.48187],[126.83564,37.4818],[126.83584,37.48162],[126.83612,37.48127],[126.83631,37.48056],[126.83625,37.48027],[126.83594,37.47997],[126.83609,37.47965],[126.83643,37.47953],[126.83737,37.47944],[126.83795,37.47907],[126.83818,37.47891],[126.84117,37.47676]]]}},{"type":"Feature","properties":{"id":468998986},"geometry":{"type":"Polygon","coordinates":[[[126.84145,37.62611],[126.84379,37.62581],[126.84375,37.62564],[126.84363,37.6252],[126.84325,37.62463],[126.84271,37.62439],[126.84262,37.62433],[126.84264,37.62402],[126.8417,37.62398],[126.84059,37.62387],[126.84058,37.62408],[126.84092,37.62576],[126.84093,37.62582],[126.84136,37.62579],[126.84145,37.62611]]]}},{"type":"Feature","properties":{"id":468998996},"geometry":{"type":"Polygon","coordinates":[[[126.83581,37.62],[126.8367,37.61998],[126.83721,37.61953],[126.83755,37.61921],[126.83754,37.6184],[126.83658,37.61874],[126.8358,37.61904],[126.83581,37.62]]]}},{"type":"Feature","properties":{"id":469011003},"geometry":{"type":"Polygon","coordinates":[[[126.82181,37.54734],[126.82184,37.54728],[126.8222,37.54738],[126.82224,37.54701],[126.82384,37.5471],[126.82391,37.54743],[126.82365,37.54746],[126.82336,37.54752],[126.82313,37.54759],[126.82289,37.54763],[126.82268,37.54761],[126.82247,37.54755],[126.82221,37.54747],[126.82201,37.54739],[126.82181,37.54734]]]}},{"type":"Feature","properties":{"id":469019779},"geometry":{"type":"Polygon","coordinates":[[[127.01044,37.51363],[127.01102,37.51421],[127.0115,37.5139],[127.01104,37.51346],[127.01086,37.51338],[127.01065,37.5135],[127.01044,37.51363]]]}},{"type":"Feature","properties":{"id":469022911},"geometry":{"type":"Polygon","coordinates":[[[127.0136,37.51423],[127.01425,37.5142],[127.01486,37.51449],[127.01479,37.51399],[127.01359,37.51393],[127.01337,37.51392],[127.01349,37.51421],[127.0136,37.51423]]]}},{"type":"Feature","properties":{"id":469030149},"geometry":{"type":"Polygon","coordinates":[[[126.73665,37.50835],[126.73829,37.50834],[126.73846,37.50835],[126.73859,37.50836],[126.73965,37.50846],[126.73981,37.5085],[126.73985,37.50851],[126.74033,37.5086],[126.74051,37.50864],[126.74089,37.50871],[126.74132,37.50878],[126.74143,37.50873],[126.74155,37.50831],[126.74167,37.50799],[126.74198,37.50705],[126.7421,37.50667],[126.74143,37.50666],[126.741,37.5067],[126.74084,37.50671],[126.74031,37.50673],[126.73979,37.50677],[126.73883,37.50682],[126.73811,37.50686],[126.73766,37.50688],[126.73655,37.50694],[126.73658,37.50741],[126.7366,37.50762],[126.73664,37.50812],[126.73665,37.50835]]]}},{"type":"Feature","properties":{"id":469038631},"geometry":{"type":"Polygon","coordinates":[[[126.859,37.4916],[126.85932,37.49188],[126.85924,37.49194],[126.85918,37.49199],[126.85905,37.49208],[126.8588,37.49226],[126.85828,37.49256],[126.85802,37.49231],[126.859,37.4916]]]}},{"type":"Feature","properties":{"id":469041657},"geometry":{"type":"Polygon","coordinates":[[[127.13776,37.55309],[127.13757,37.55286],[127.13786,37.5527],[127.13818,37.55267],[127.13833,37.55259],[127.13844,37.55269],[127.13776,37.55309]]]}},{"type":"Feature","properties":{"id":469044811},"geometry":{"type":"Polygon","coordinates":[[[127.13779,37.5531],[127.13868,37.55256],[127.13878,37.55239],[127.1404,37.55242],[127.14039,37.55275],[127.14013,37.55257],[127.13972,37.55287],[127.13926,37.55254],[127.13906,37.55268],[127.13892,37.55266],[127.13835,37.55304],[127.13799,37.5533],[127.13796,37.55345],[127.13779,37.55345],[127.13779,37.5531]]]}},{"type":"Feature","properties":{"id":469044815},"geometry":{"type":"Polygon","coordinates":[[[127.14136,37.55466],[127.14136,37.5531],[127.14131,37.5531],[127.14128,37.55295],[127.14118,37.5529],[127.14109,37.5528],[127.1411,37.55324],[127.14073,37.55356],[127.1411,37.55391],[127.14109,37.55466],[127.14136,37.55466]]]}},{"type":"Feature","properties":{"id":469055521},"geometry":{"type":"Polygon","coordinates":[[[127.0324,37.58856],[127.03338,37.58792],[127.03359,37.58812],[127.03366,37.58819],[127.03377,37.58819],[127.0339,37.58817],[127.03405,37.58832],[127.03419,37.58844],[127.03416,37.58861],[127.03416,37.58862],[127.03414,37.58863],[127.03413,37.58864],[127.03413,37.58866],[127.03415,37.58867],[127.03442,37.58893],[127.03449,37.58896],[127.03369,37.58951],[127.03338,37.58924],[127.03244,37.59001],[127.03161,37.58923],[127.03201,37.58901],[127.03238,37.5888],[127.03227,37.58871],[127.03227,37.58869],[127.03225,37.58864],[127.03223,37.5886],[127.0322,37.58855],[127.0323,37.58855],[127.0324,37.58856]]]}},{"type":"Feature","properties":{"id":469057771},"geometry":{"type":"Polygon","coordinates":[[[126.8228,37.55701],[126.82254,37.55681],[126.82393,37.55568],[126.82574,37.55552],[126.82619,37.55549],[126.82622,37.55573],[126.82605,37.55574],[126.82563,37.55577],[126.82421,37.55586],[126.8228,37.55701]]]}},{"type":"Feature","properties":{"id":469057772},"geometry":{"type":"Polygon","coordinates":[[[126.82669,37.5557],[126.82655,37.5557],[126.82653,37.55556],[126.82664,37.55549],[126.82931,37.55534],[126.82933,37.55555],[126.82713,37.55567],[126.82669,37.5557]]]}},{"type":"Feature","properties":{"id":469064065},"geometry":{"type":"Polygon","coordinates":[[[127.17816,37.65493],[127.17805,37.65484],[127.17811,37.65471],[127.17819,37.65452],[127.1777,37.65441],[127.17775,37.65438],[127.17879,37.65452],[127.17881,37.65458],[127.17816,37.65493]]]}},{"type":"Feature","properties":{"id":469071534},"geometry":{"type":"Polygon","coordinates":[[[126.77592,37.49281],[126.77485,37.49247],[126.77482,37.49241],[126.77578,37.49227],[126.77592,37.49281]]]}},{"type":"Feature","properties":{"id":469071911},"geometry":{"type":"Polygon","coordinates":[[[126.73276,37.51649],[126.73334,37.51645],[126.73332,37.51618],[126.7337,37.51615],[126.73369,37.516],[126.73365,37.51596],[126.73358,37.51595],[126.73271,37.51601],[126.73276,37.51649]]]}},{"type":"Feature","properties":{"id":469071920},"geometry":{"type":"Polygon","coordinates":[[[126.74475,37.51386],[126.74468,37.51381],[126.74346,37.51388],[126.74282,37.51391],[126.7422,37.51385],[126.74172,37.51374],[126.7413,37.5136],[126.74085,37.5134],[126.74067,37.51333],[126.74048,37.51323],[126.74016,37.51309],[126.74002,37.51311],[126.73995,37.51318],[126.73986,37.51327],[126.74028,37.51346],[126.74074,37.51372],[126.7412,37.51403],[126.74166,37.51435],[126.7419,37.51452],[126.74209,37.51463],[126.74229,37.51472],[126.74246,37.5148],[126.7427,37.51489],[126.74324,37.51503],[126.74359,37.51507],[126.74387,37.5151],[126.74431,37.51509],[126.74424,37.5147],[126.7451,37.51461],[126.74503,37.51447],[126.74475,37.51386]]]}},{"type":"Feature","properties":{"id":469074310},"geometry":{"type":"Polygon","coordinates":[[[126.77852,37.66886],[126.77907,37.668],[126.77888,37.66792],[126.77871,37.66784],[126.7782,37.6687],[126.7783,37.66875],[126.77838,37.66879],[126.77852,37.66886]]]}},{"type":"Feature","properties":{"id":469077433},"geometry":{"type":"Polygon","coordinates":[[[126.78026,37.66835],[126.78145,37.66879],[126.78204,37.66775],[126.78202,37.6677],[126.78201,37.66767],[126.7815,37.66751],[126.78126,37.66744],[126.78114,37.66755],[126.78052,37.66812],[126.78026,37.66835]]]}},{"type":"Feature","properties":{"id":469078171},"geometry":{"type":"Polygon","coordinates":[[[126.94409,37.46896],[126.94437,37.46991],[126.94478,37.46961],[126.94488,37.46952],[126.94484,37.46937],[126.94481,37.46927],[126.9448,37.46923],[126.9447,37.46885],[126.94409,37.46896]]]}},{"type":"Feature","properties":{"id":469078299},"geometry":{"type":"Polygon","coordinates":[[[126.77555,37.66673],[126.77553,37.66669],[126.77518,37.66615],[126.7753,37.66609],[126.77546,37.66603],[126.77582,37.66657],[126.77584,37.6666],[126.77569,37.66666],[126.77555,37.66673]]]}},{"type":"Feature","properties":{"id":469113219},"geometry":{"type":"Polygon","coordinates":[[[126.99756,37.43758],[126.99774,37.43733],[126.99811,37.43737],[126.99833,37.43706],[126.99833,37.43694],[126.99825,37.43691],[126.99829,37.43677],[126.9982,37.43672],[126.99808,37.43692],[126.99783,37.43687],[126.99778,37.43697],[126.99668,37.43657],[126.99651,37.43685],[126.99717,37.43713],[126.99731,37.43748],[126.99756,37.43758]]]}},{"type":"Feature","properties":{"id":469275088},"geometry":{"type":"Polygon","coordinates":[[[127.10292,37.51574],[127.10162,37.5153],[127.10118,37.51612],[127.10248,37.51656],[127.10292,37.51574]]]}},{"type":"Feature","properties":{"id":469289541},"geometry":{"type":"Polygon","coordinates":[[[126.7367,37.45766],[126.73767,37.45853],[126.73768,37.45854],[126.73746,37.4592],[126.73719,37.45913],[126.73677,37.45877],[126.7367,37.45871],[126.73665,37.45866],[126.73678,37.45859],[126.7367,37.45849],[126.73673,37.45846],[126.73672,37.45845],[126.73675,37.45842],[126.73649,37.45818],[126.7365,37.45816],[126.73654,37.45816],[126.73658,37.45817],[126.73663,37.45768],[126.73666,37.45766],[126.7367,37.45766]]]}},{"type":"Feature","properties":{"id":469315851},"geometry":{"type":"Polygon","coordinates":[[[126.82135,37.56711],[126.82335,37.56692],[126.82326,37.56632],[126.8217,37.56569],[126.82143,37.56556],[126.82127,37.56584],[126.82123,37.56608],[126.82125,37.56642],[126.82135,37.56711]]]}},{"type":"Feature","properties":{"id":469334616},"geometry":{"type":"Polygon","coordinates":[[[126.72892,37.60777],[126.72889,37.60777],[126.7289,37.60718],[126.7289,37.60715],[126.72892,37.60711],[126.72896,37.60707],[126.72902,37.60706],[126.72982,37.6069],[126.73038,37.60679],[126.73048,37.60677],[126.73054,37.60677],[126.73059,37.60677],[126.73065,37.60678],[126.73069,37.6068],[126.73073,37.60684],[126.73076,37.60689],[126.73077,37.60693],[126.73077,37.60697],[126.73075,37.60701],[126.73072,37.60708],[126.73057,37.60736],[126.73005,37.6084],[126.72991,37.6087],[126.72982,37.60867],[126.72984,37.60857],[126.72989,37.60843],[126.72996,37.6083],[126.73006,37.60817],[126.73008,37.60814],[126.73009,37.60812],[126.73007,37.6081],[126.73005,37.60809],[126.73003,37.60809],[126.72998,37.6081],[126.72991,37.6081],[126.72983,37.60808],[126.72974,37.60804],[126.72969,37.60802],[126.72966,37.60801],[126.72962,37.608],[126.72954,37.60801],[126.72943,37.60801],[126.72938,37.608],[126.72931,37.60798],[126.72925,37.60794],[126.72922,37.60791],[126.7292,37.60787],[126.72918,37.60782],[126.72917,37.6078],[126.72915,37.60777],[126.7291,37.60776],[126.72892,37.60777]]]}},{"type":"Feature","properties":{"id":469335139},"geometry":{"type":"Polygon","coordinates":[[[126.72948,37.61031],[126.72952,37.61029],[126.72991,37.61022],[126.73001,37.61042],[126.7301,37.6106],[126.73029,37.6109],[126.73032,37.61096],[126.73034,37.61101],[126.73033,37.61104],[126.73031,37.61107],[126.73027,37.61109],[126.73012,37.61115],[126.72981,37.61126],[126.72939,37.61141],[126.72943,37.61042],[126.72944,37.61037],[126.72945,37.61033],[126.72948,37.61031]]]}},{"type":"Feature","properties":{"id":469345006},"geometry":{"type":"Polygon","coordinates":[[[126.82848,37.55426],[126.82869,37.55424],[126.82911,37.55421],[126.82905,37.55385],[126.82901,37.55357],[126.82839,37.55363],[126.82842,37.55385],[126.82848,37.55426]]]}},{"type":"Feature","properties":{"id":469348655},"geometry":{"type":"Polygon","coordinates":[[[126.85182,37.56885],[126.8522,37.56863],[126.85404,37.56755],[126.85345,37.56689],[126.85337,37.56695],[126.85322,37.5668],[126.8521,37.56741],[126.8524,37.56765],[126.85233,37.56769],[126.85211,37.56783],[126.85179,37.56813],[126.85175,37.56816],[126.85142,37.56835],[126.85182,37.56885]]]}},{"type":"Feature","properties":{"id":469349986},"geometry":{"type":"Polygon","coordinates":[[[126.8485,37.56896],[126.84921,37.56856],[126.8493,37.5685],[126.84844,37.56849],[126.8483,37.56854],[126.8485,37.56896]]]}},{"type":"Feature","properties":{"id":469354404},"geometry":{"type":"Polygon","coordinates":[[[127.10945,37.52014],[127.1096,37.5195],[127.11066,37.51966],[127.11051,37.5203],[127.10945,37.52014]]]}},{"type":"Feature","properties":{"id":469398158},"geometry":{"type":"Polygon","coordinates":[[[127.06567,37.49725],[127.06554,37.49708],[127.06527,37.49669],[127.06542,37.49634],[127.06597,37.49649],[127.06648,37.49664],[127.06634,37.49694],[127.06567,37.49725]]]}},{"type":"Feature","properties":{"id":469401165},"geometry":{"type":"Polygon","coordinates":[[[127.14187,37.47808],[127.14194,37.47814],[127.14289,37.47811],[127.14287,37.47774],[127.14261,37.47775],[127.1426,37.47752],[127.14214,37.47753],[127.14215,37.47777],[127.14186,37.47778],[127.14187,37.47808]]]}},{"type":"Feature","properties":{"id":469423224},"geometry":{"type":"Polygon","coordinates":[[[126.81153,37.67463],[126.81129,37.67461],[126.8111,37.6745],[126.81081,37.67424],[126.81126,37.67391],[126.81149,37.67371],[126.81168,37.67352],[126.81171,37.67352],[126.81175,37.67351],[126.81197,37.67358],[126.81198,37.67357],[126.81202,37.67351],[126.81206,37.67347],[126.81208,37.67344],[126.8119,37.67338],[126.81187,37.67332],[126.81206,37.6731],[126.81213,37.67301],[126.81295,37.67339],[126.81259,37.67373],[126.81255,37.67378],[126.81252,37.67382],[126.81245,37.67393],[126.81232,37.67405],[126.81222,37.67414],[126.81212,37.67419],[126.81207,37.67425],[126.81196,37.67436],[126.81192,37.67446],[126.81178,37.67455],[126.81162,37.67461],[126.81153,37.67463]]]}},{"type":"Feature","properties":{"id":469423798},"geometry":{"type":"Polygon","coordinates":[[[126.79418,37.66962],[126.79544,37.66965],[126.79756,37.66968],[126.79764,37.67071],[126.79771,37.67166],[126.79759,37.67166],[126.7976,37.67187],[126.79587,37.67095],[126.79592,37.6709],[126.79601,37.6708],[126.79589,37.67073],[126.79586,37.67071],[126.79601,37.67055],[126.79556,37.67035],[126.79546,37.67046],[126.79508,37.67021],[126.79483,37.67042],[126.79464,37.67025],[126.79451,37.67006],[126.79418,37.66962]]]}},{"type":"Feature","properties":{"id":469428684},"geometry":{"type":"Polygon","coordinates":[[[126.74842,37.51492],[126.74887,37.51498],[126.74933,37.51509],[126.74953,37.51514],[126.74976,37.51596],[126.74984,37.51632],[126.74965,37.51633],[126.74959,37.51634],[126.74948,37.51634],[126.74948,37.51609],[126.74935,37.516],[126.74901,37.51579],[126.74869,37.51581],[126.74871,37.51604],[126.74873,37.51637],[126.74841,37.51639],[126.74841,37.5162],[126.74842,37.51492]]]}},{"type":"Feature","properties":{"id":469430940},"geometry":{"type":"Polygon","coordinates":[[[126.79733,37.66515],[126.79816,37.66509],[126.79805,37.66422],[126.79786,37.66423],[126.7977,37.66425],[126.79758,37.66426],[126.79733,37.66515]]]}},{"type":"Feature","properties":{"id":469499450},"geometry":{"type":"Polygon","coordinates":[[[126.72907,37.51019],[126.72913,37.51002],[126.72924,37.5097],[126.72927,37.50962],[126.73133,37.51004],[126.73134,37.51015],[126.73136,37.51034],[126.73045,37.51015],[126.73039,37.51015],[126.73034,37.51014],[126.73023,37.51015],[126.72976,37.51016],[126.72926,37.51018],[126.72907,37.51019]]]}},{"type":"Feature","properties":{"id":469590749},"geometry":{"type":"Polygon","coordinates":[[[127.11876,37.64326],[127.11988,37.64316],[127.11991,37.64336],[127.12018,37.64332],[127.12032,37.64365],[127.12032,37.64379],[127.12028,37.64393],[127.12016,37.64407],[127.12001,37.64421],[127.11987,37.6441],[127.11876,37.64326]]]}},{"type":"Feature","properties":{"id":469610336},"geometry":{"type":"Polygon","coordinates":[[[127.14614,37.55174],[127.1462,37.55217],[127.14734,37.55211],[127.14725,37.55159],[127.14614,37.55174]]]}},{"type":"Feature","properties":{"id":469612606},"geometry":{"type":"Polygon","coordinates":[[[126.77276,37.60543],[126.77216,37.60415],[126.77216,37.60412],[126.77216,37.60411],[126.77218,37.60409],[126.77246,37.60401],[126.77259,37.60399],[126.77267,37.60398],[126.77278,37.60398],[126.77339,37.60397],[126.77347,37.60522],[126.77276,37.60543]]]}},{"type":"Feature","properties":{"id":469619357},"geometry":{"type":"Polygon","coordinates":[[[126.9006,37.53166],[126.90045,37.53172],[126.89978,37.53084],[126.89997,37.53075],[126.9006,37.53166]]]}},{"type":"Feature","properties":{"id":469619775},"geometry":{"type":"Polygon","coordinates":[[[126.91189,37.44672],[126.91214,37.4475],[126.91212,37.44755],[126.91149,37.4477],[126.91138,37.44797],[126.91136,37.44788],[126.91119,37.44726],[126.91091,37.44695],[126.91189,37.44672]]]}},{"type":"Feature","properties":{"id":469638153},"geometry":{"type":"Polygon","coordinates":[[[126.86933,37.50866],[126.8694,37.50842],[126.86942,37.50807],[126.86934,37.50798],[126.86865,37.50783],[126.86851,37.50801],[126.86853,37.5082],[126.86933,37.50866]]]}},{"type":"Feature","properties":{"id":469639931},"geometry":{"type":"Polygon","coordinates":[[[127.01469,37.51759],[127.01446,37.51704],[127.01577,37.51674],[127.01598,37.51729],[127.01469,37.51759]]]}},{"type":"Feature","properties":{"id":469647422},"geometry":{"type":"Polygon","coordinates":[[[126.8994,37.46408],[126.89895,37.46379],[126.89917,37.4635],[126.89969,37.46382],[126.8994,37.46408]]]}},{"type":"Feature","properties":{"id":469653936},"geometry":{"type":"Polygon","coordinates":[[[126.7585,37.6746],[126.75842,37.67448],[126.75779,37.67474],[126.75765,37.6748],[126.75786,37.67512],[126.75794,37.67526],[126.75798,37.67532],[126.75814,37.67526],[126.75819,37.67534],[126.75882,37.67508],[126.7585,37.6746]]]}},{"type":"Feature","properties":{"id":469659479},"geometry":{"type":"Polygon","coordinates":[[[126.77037,37.49325],[126.77049,37.49264],[126.77098,37.49256],[126.77112,37.49313],[126.77037,37.49325]]]}},{"type":"Feature","properties":{"id":469660104},"geometry":{"type":"Polygon","coordinates":[[[126.76563,37.49436],[126.76552,37.49384],[126.76478,37.49393],[126.76489,37.49445],[126.76563,37.49436]]]}},{"type":"Feature","properties":{"id":469660270},"geometry":{"type":"Polygon","coordinates":[[[126.76199,37.49542],[126.76188,37.49491],[126.76243,37.49483],[126.76255,37.49534],[126.76199,37.49542]]]}},{"type":"Feature","properties":{"id":469660504},"geometry":{"type":"Polygon","coordinates":[[[126.76382,37.49744],[126.76605,37.49723],[126.76611,37.49746],[126.76582,37.4975],[126.76388,37.49776],[126.76382,37.49744]]]}},{"type":"Feature","properties":{"id":469660757},"geometry":{"type":"Polygon","coordinates":[[[126.77156,37.49936],[126.77274,37.4992],[126.77281,37.49954],[126.77287,37.49981],[126.77169,37.49995],[126.77156,37.49936]]]}},{"type":"Feature","properties":{"id":469662638},"geometry":{"type":"Polygon","coordinates":[[[126.7677,37.48682],[126.76689,37.48695],[126.76688,37.48687],[126.7667,37.48672],[126.76667,37.48671],[126.76667,37.48665],[126.76762,37.4865],[126.7677,37.48682]]]}},{"type":"Feature","properties":{"id":469670176},"geometry":{"type":"Polygon","coordinates":[[[126.7257,37.51429],[126.72567,37.51413],[126.72566,37.51405],[126.72567,37.51384],[126.72568,37.51374],[126.72519,37.51375],[126.72469,37.51375],[126.72549,37.51434],[126.72559,37.51436],[126.72566,37.51435],[126.72571,37.51435],[126.7257,37.51429]]]}},{"type":"Feature","properties":{"id":469678842},"geometry":{"type":"Polygon","coordinates":[[[127.19664,37.6983],[127.19653,37.69822],[127.19639,37.69811],[127.19625,37.69808],[127.19585,37.69814],[127.19573,37.6979],[127.1959,37.69785],[127.19633,37.69779],[127.19689,37.69773],[127.19708,37.69776],[127.19711,37.69797],[127.19709,37.69815],[127.19719,37.69884],[127.19684,37.69851],[127.19664,37.6983]]]}},{"type":"Feature","properties":{"id":469678844},"geometry":{"type":"Polygon","coordinates":[[[127.19686,37.69432],[127.19713,37.69449],[127.19736,37.69448],[127.19787,37.69419],[127.19784,37.69401],[127.19766,37.69393],[127.19756,37.69351],[127.19744,37.69343],[127.19726,37.69337],[127.19723,37.69321],[127.19715,37.69282],[127.19647,37.69253],[127.19644,37.69266],[127.19683,37.69291],[127.19675,37.6932],[127.19649,37.69338],[127.19628,37.69362],[127.19626,37.69383],[127.19686,37.69432]]]}},{"type":"Feature","properties":{"id":469679012},"geometry":{"type":"Polygon","coordinates":[[[127.06884,37.48956],[127.06863,37.49035],[127.06724,37.48984],[127.06606,37.48959],[127.06615,37.48939],[127.06644,37.48928],[127.0665,37.48927],[127.06786,37.48944],[127.06884,37.48956]]]}},{"type":"Feature","properties":{"id":469684841},"geometry":{"type":"Polygon","coordinates":[[[126.84761,37.52278],[126.84766,37.52261],[126.84839,37.52266],[126.84969,37.52257],[126.84969,37.52279],[126.84827,37.5229],[126.84818,37.52286],[126.84761,37.52278]]]}},{"type":"Feature","properties":{"id":469690560},"geometry":{"type":"Polygon","coordinates":[[[126.87682,37.64831],[126.87684,37.64821],[126.87721,37.64808],[126.87775,37.64879],[126.87811,37.64907],[126.88079,37.6498],[126.88269,37.65028],[126.88254,37.65044],[126.8807,37.64997],[126.87853,37.64941],[126.87802,37.64934],[126.87759,37.64935],[126.87752,37.64932],[126.87743,37.64928],[126.87728,37.64897],[126.87723,37.64886],[126.87716,37.64872],[126.87702,37.64853],[126.87682,37.64831]]]}},{"type":"Feature","properties":{"id":469690856},"geometry":{"type":"Polygon","coordinates":[[[126.8781,37.65056],[126.87868,37.65023],[126.87857,37.65003],[126.87868,37.64978],[126.87899,37.64985],[126.88054,37.65025],[126.88112,37.65042],[126.88239,37.65079],[126.88234,37.65091],[126.88233,37.65095],[126.88052,37.65065],[126.88033,37.65063],[126.87893,37.65054],[126.8781,37.65056]]]}},{"type":"Feature","properties":{"id":469691185},"geometry":{"type":"Polygon","coordinates":[[[126.88679,37.64719],[126.88684,37.6471],[126.88689,37.64702],[126.88736,37.64613],[126.88738,37.64607],[126.88722,37.64601],[126.88729,37.64589],[126.88739,37.64573],[126.8875,37.64554],[126.88767,37.64526],[126.88772,37.64518],[126.88788,37.64523],[126.88835,37.64443],[126.88825,37.64415],[126.88723,37.6438],[126.88724,37.64378],[126.88744,37.64339],[126.88754,37.64319],[126.8876,37.64307],[126.8892,37.64365],[126.89145,37.64445],[126.89185,37.6446],[126.89213,37.64469],[126.89202,37.64493],[126.89191,37.64515],[126.89175,37.64509],[126.88961,37.6444],[126.8892,37.64451],[126.88887,37.64549],[126.88872,37.64576],[126.88837,37.64625],[126.88794,37.64673],[126.88776,37.64706],[126.88763,37.6475],[126.88757,37.64748],[126.88743,37.64743],[126.88681,37.6472],[126.88679,37.64719]]]}},{"type":"Feature","properties":{"id":469691335},"geometry":{"type":"Polygon","coordinates":[[[126.88132,37.6437],[126.88114,37.64356],[126.88097,37.64343],[126.88119,37.64327],[126.88135,37.64316],[126.88149,37.64307],[126.88167,37.64293],[126.88246,37.64236],[126.88269,37.64225],[126.88305,37.64213],[126.88352,37.64201],[126.88378,37.64199],[126.88402,37.64198],[126.88423,37.64197],[126.88456,37.64202],[126.88486,37.64206],[126.88551,37.64229],[126.88591,37.64244],[126.88606,37.64249],[126.88611,37.64251],[126.88621,37.64254],[126.88738,37.64296],[126.88731,37.64311],[126.8872,37.6433],[126.88713,37.6434],[126.88557,37.64287],[126.88527,37.64277],[126.88475,37.64259],[126.88442,37.6425],[126.88413,37.64246],[126.88382,37.64246],[126.88349,37.64251],[126.88327,37.64257],[126.88297,37.64269],[126.88294,37.64271],[126.88282,37.64275],[126.88274,37.6428],[126.88132,37.6437]]]}},{"type":"Feature","properties":{"id":469718452},"geometry":{"type":"Polygon","coordinates":[[[126.79478,37.53118],[126.79248,37.52957],[126.79389,37.52919],[126.79452,37.52917],[126.79453,37.52921],[126.7954,37.52922],[126.7954,37.52918],[126.79543,37.52918],[126.79543,37.52911],[126.7954,37.52911],[126.7954,37.52907],[126.7957,37.52918],[126.79598,37.52934],[126.79632,37.52955],[126.79668,37.5297],[126.79668,37.52972],[126.79668,37.52973],[126.79668,37.52974],[126.79669,37.52975],[126.79669,37.52976],[126.7967,37.52977],[126.79672,37.52978],[126.79673,37.52979],[126.79674,37.5298],[126.79668,37.52987],[126.79601,37.53027],[126.79583,37.53045],[126.79565,37.53053],[126.79547,37.53057],[126.79478,37.53118]]]}},{"type":"Feature","properties":{"id":469918848},"geometry":{"type":"Polygon","coordinates":[[[126.83702,37.6166],[126.83649,37.61678],[126.83631,37.61679],[126.83626,37.6168],[126.83625,37.61663],[126.83588,37.61661],[126.83589,37.61558],[126.83701,37.61559],[126.83703,37.61559],[126.83702,37.6166]]]}},{"type":"Feature","properties":{"id":469918856},"geometry":{"type":"Polygon","coordinates":[[[126.82928,37.61702],[126.8294,37.61592],[126.82957,37.61567],[126.82963,37.61562],[126.82972,37.6156],[126.83042,37.61561],[126.83055,37.6156],[126.83037,37.6164],[126.8302,37.61684],[126.82996,37.61702],[126.82928,37.61702]]]}},{"type":"Feature","properties":{"id":469918939},"geometry":{"type":"Polygon","coordinates":[[[126.82579,37.62449],[126.82592,37.62419],[126.82621,37.62412],[126.82625,37.62408],[126.82657,37.62374],[126.82655,37.62363],[126.82627,37.6234],[126.82635,37.62336],[126.82645,37.62334],[126.82649,37.62336],[126.82698,37.62301],[126.82718,37.62317],[126.82742,37.62297],[126.82716,37.62275],[126.82729,37.62264],[126.82709,37.62244],[126.8272,37.62234],[126.82668,37.62175],[126.82648,37.62096],[126.82744,37.62073],[126.82767,37.62132],[126.82777,37.62182],[126.82789,37.62182],[126.82792,37.62193],[126.82801,37.62192],[126.82813,37.62214],[126.82828,37.6221],[126.82835,37.62189],[126.82853,37.62186],[126.82838,37.62099],[126.8289,37.62095],[126.82895,37.62104],[126.82914,37.62113],[126.82928,37.62113],[126.82982,37.62114],[126.8298,37.62214],[126.8278,37.62369],[126.82777,37.62385],[126.82806,37.62416],[126.82811,37.62421],[126.82893,37.62484],[126.82918,37.62487],[126.8293,37.62483],[126.83051,37.62388],[126.83075,37.62444],[126.83077,37.62452],[126.83079,37.62458],[126.83081,37.62549],[126.83053,37.626],[126.8306,37.62643],[126.83008,37.62666],[126.8297,37.62677],[126.82819,37.62726],[126.82813,37.62722],[126.82795,37.62708],[126.82786,37.627],[126.82776,37.6269],[126.82756,37.6267],[126.82754,37.62668],[126.82722,37.6265],[126.82662,37.62641],[126.82664,37.62635],[126.82678,37.62594],[126.82666,37.62577],[126.82622,37.62568],[126.82636,37.62517],[126.82646,37.6248],[126.82635,37.62467],[126.82625,37.62457],[126.82579,37.62449]]]}},{"type":"Feature","properties":{"id":469918958},"geometry":{"type":"Polygon","coordinates":[[[126.83157,37.63949],[126.83009,37.63967],[126.83003,37.63939],[126.83142,37.63921],[126.83157,37.63949]]]}},{"type":"Feature","properties":{"id":469943820},"geometry":{"type":"Polygon","coordinates":[[[126.8648,37.47039],[126.86479,37.47024],[126.86483,37.4701],[126.8649,37.46997],[126.86503,37.46982],[126.86522,37.4697],[126.86563,37.46958],[126.8657,37.46971],[126.86583,37.46976],[126.86585,37.4699],[126.86588,37.47022],[126.8655,37.47028],[126.86556,37.47052],[126.8657,37.47058],[126.86572,37.47068],[126.86526,37.47075],[126.86524,37.47064],[126.86535,37.47055],[126.86529,37.47031],[126.8648,37.47039]]]}},{"type":"Feature","properties":{"id":469943840},"geometry":{"type":"Polygon","coordinates":[[[126.76037,37.66934],[126.76045,37.6693],[126.76052,37.66927],[126.76075,37.66917],[126.76083,37.66913],[126.76039,37.66845],[126.76001,37.66786],[126.75999,37.66782],[126.75988,37.66765],[126.75978,37.66749],[126.76025,37.66728],[126.76043,37.6672],[126.76076,37.66706],[126.76091,37.66699],[126.76094,37.66698],[126.76121,37.66687],[126.76192,37.66656],[126.76176,37.66639],[126.76174,37.66637],[126.76153,37.66647],[126.76137,37.66654],[126.76076,37.66681],[126.7605,37.66692],[126.76005,37.66712],[126.7596,37.66732],[126.7588,37.66614],[126.75874,37.66606],[126.75872,37.66606],[126.7585,37.66616],[126.75847,37.66617],[126.75842,37.66619],[126.75831,37.66624],[126.75825,37.66626],[126.75826,37.66628],[126.75831,37.66634],[126.75844,37.66654],[126.75893,37.66725],[126.75911,37.66751],[126.7589,37.66762],[126.75866,37.66775],[126.75828,37.66791],[126.75755,37.66823],[126.75677,37.66856],[126.75646,37.66871],[126.75649,37.66874],[126.75654,37.6688],[126.75761,37.66832],[126.75833,37.66802],[126.75914,37.6677],[126.75923,37.66768],[126.75946,37.66801],[126.7595,37.66807],[126.7598,37.6685],[126.76001,37.66881],[126.76037,37.66934]]]}},{"type":"Feature","properties":{"id":469946175},"geometry":{"type":"Polygon","coordinates":[[[126.77521,37.64705],[126.77573,37.64748],[126.77587,37.64751],[126.77605,37.64735],[126.77608,37.64718],[126.77605,37.64707],[126.77601,37.64705],[126.77587,37.64716],[126.7758,37.64711],[126.77591,37.647],[126.77559,37.64674],[126.77521,37.64705]]]}},{"type":"Feature","properties":{"id":469957594},"geometry":{"type":"Polygon","coordinates":[[[126.84457,37.55162],[126.84451,37.55103],[126.8445,37.55101],[126.84448,37.5505],[126.84447,37.54994],[126.84444,37.54977],[126.84438,37.54963],[126.84429,37.5495],[126.84413,37.54935],[126.84472,37.54883],[126.84528,37.54923],[126.84513,37.54939],[126.84521,37.54949],[126.84513,37.5496],[126.8451,37.54975],[126.84518,37.54978],[126.84525,37.54987],[126.84571,37.54988],[126.84572,37.55035],[126.84616,37.55051],[126.84618,37.55095],[126.84579,37.55097],[126.8455,37.5512],[126.84496,37.55181],[126.84457,37.55162]]]}},{"type":"Feature","properties":{"id":469964556},"geometry":{"type":"Polygon","coordinates":[[[127.0903,37.46959],[127.09162,37.4697],[127.09157,37.46926],[127.09017,37.46893],[127.09009,37.46918],[127.08973,37.46935],[127.09008,37.46972],[127.0903,37.46959]]]}},{"type":"Feature","properties":{"id":469969939},"geometry":{"type":"Polygon","coordinates":[[[126.74999,37.66749],[126.75024,37.6675],[126.75026,37.6675],[126.75091,37.66747],[126.75126,37.6674],[126.75234,37.66719],[126.7522,37.66697],[126.75215,37.66691],[126.75208,37.66686],[126.75123,37.66691],[126.75109,37.66695],[126.75091,37.66695],[126.75075,37.66695],[126.7506,37.66694],[126.74993,37.66693],[126.74984,37.66697],[126.7498,37.667],[126.74978,37.66702],[126.74976,37.66704],[126.74974,37.66709],[126.74975,37.66716],[126.74994,37.66741],[126.74999,37.66749]]]}},{"type":"Feature","properties":{"id":469969940},"geometry":{"type":"Polygon","coordinates":[[[126.75257,37.6672],[126.75243,37.66697],[126.75242,37.66692],[126.75243,37.6669],[126.75245,37.66684],[126.75249,37.66679],[126.75256,37.66676],[126.75367,37.66648],[126.75426,37.66631],[126.75439,37.6663],[126.75442,37.66632],[126.75444,37.66634],[126.75461,37.66653],[126.75416,37.66671],[126.7536,37.66691],[126.75302,37.6671],[126.75266,37.66718],[126.75257,37.6672]]]}},{"type":"Feature","properties":{"id":469969942},"geometry":{"type":"Polygon","coordinates":[[[126.74753,37.66713],[126.74752,37.66721],[126.74764,37.6673],[126.7478,37.66734],[126.74796,37.66738],[126.74801,37.66739],[126.74813,37.66739],[126.74852,37.66733],[126.74882,37.66734],[126.7491,37.66741],[126.74962,37.6675],[126.74937,37.66716],[126.74934,37.66713],[126.7493,37.6671],[126.74924,37.66709],[126.74912,37.66708],[126.74905,37.66708],[126.74882,37.66711],[126.74871,37.66711],[126.74855,37.66711],[126.74828,37.66708],[126.74813,37.66706],[126.74791,37.66704],[126.74776,37.66704],[126.74772,37.66705],[126.74754,37.66707],[126.74753,37.66713]]]}},{"type":"Feature","properties":{"id":469977561},"geometry":{"type":"Polygon","coordinates":[[[127.1428,37.60453],[127.14299,37.60404],[127.14487,37.60449],[127.14469,37.60498],[127.14363,37.60473],[127.1428,37.60453]]]}},{"type":"Feature","properties":{"id":469991450},"geometry":{"type":"Polygon","coordinates":[[[126.72939,37.50931],[126.7294,37.50928],[126.72944,37.50911],[126.72943,37.50901],[126.72991,37.50898],[126.73032,37.50897],[126.73125,37.50892],[126.73126,37.50898],[126.73131,37.50954],[126.73132,37.50969],[126.73133,37.50972],[126.7302,37.50947],[126.72939,37.50931]]]}},{"type":"Feature","properties":{"id":470005450},"geometry":{"type":"Polygon","coordinates":[[[126.86917,37.46628],[126.86984,37.46637],[126.87012,37.46672],[126.86999,37.46721],[126.87196,37.46769],[126.87277,37.46698],[126.87351,37.46745],[126.87377,37.46753],[126.87388,37.46748],[126.87402,37.46718],[126.87363,37.46643],[126.87337,37.4662],[126.87325,37.46611],[126.8731,37.46566],[126.8729,37.4652],[126.8726,37.46488],[126.87242,37.46474],[126.87228,37.46463],[126.87189,37.46447],[126.87177,37.46436],[126.87141,37.46431],[126.8713,37.46434],[126.87111,37.46437],[126.87075,37.46442],[126.87049,37.46451],[126.87019,37.46471],[126.86996,37.46489],[126.86973,37.4651],[126.8696,37.4653],[126.86951,37.46544],[126.86927,37.46596],[126.86917,37.46628]]]}},{"type":"Feature","properties":{"id":470018494},"geometry":{"type":"Polygon","coordinates":[[[126.74213,37.6739],[126.74232,37.67411],[126.74253,37.67428],[126.7426,37.67438],[126.74267,37.67442],[126.74278,37.67446],[126.74292,37.67449],[126.74299,37.67441],[126.74308,37.6743],[126.7432,37.67421],[126.74332,37.67414],[126.74328,37.67408],[126.7428,37.67429],[126.74269,37.67434],[126.7423,37.67381],[126.74213,37.6739]]]}},{"type":"Feature","properties":{"id":470018495},"geometry":{"type":"Polygon","coordinates":[[[126.74003,37.67868],[126.7401,37.67872],[126.74049,37.67891],[126.74052,37.67893],[126.74077,37.67891],[126.74096,37.67881],[126.74099,37.67879],[126.7411,37.67871],[126.74106,37.67865],[126.74085,37.67831],[126.74082,37.67826],[126.7408,37.67822],[126.74079,37.67822],[126.74079,37.67821],[126.74062,37.67829],[126.74056,37.67833],[126.74049,37.67835],[126.74025,37.67836],[126.74017,37.67838],[126.74009,37.67842],[126.74003,37.67848],[126.74002,37.67857],[126.74003,37.67868]]]}},{"type":"Feature","properties":{"id":470096827},"geometry":{"type":"Polygon","coordinates":[[[126.75932,37.49793],[126.75999,37.49784],[126.76006,37.49783],[126.75991,37.49716],[126.75918,37.49726],[126.75932,37.49793]]]}},{"type":"Feature","properties":{"id":470110007},"geometry":{"type":"Polygon","coordinates":[[[127.06576,37.65122],[127.06589,37.65085],[127.06688,37.65106],[127.06672,37.65148],[127.06576,37.65122]]]}},{"type":"Feature","properties":{"id":470125458},"geometry":{"type":"Polygon","coordinates":[[[126.87973,37.64096],[126.87893,37.64129],[126.87814,37.64162],[126.87791,37.64139],[126.8776,37.64106],[126.87745,37.6408],[126.87714,37.64089],[126.87659,37.64105],[126.87646,37.64108],[126.87666,37.64177],[126.87688,37.64219],[126.8771,37.6426],[126.87748,37.64311],[126.87752,37.64315],[126.87861,37.64421],[126.87882,37.64441],[126.87893,37.64454],[126.87908,37.64467],[126.8791,37.64469],[126.87878,37.64491],[126.87907,37.64521],[126.87841,37.6456],[126.87864,37.64581],[126.87936,37.64647],[126.87944,37.64653],[126.87957,37.64664],[126.8796,37.64667],[126.87967,37.64671],[126.87981,37.64682],[126.87991,37.64689],[126.88026,37.64705],[126.88068,37.64648],[126.88152,37.64665],[126.88243,37.647],[126.88262,37.64707],[126.88372,37.64746],[126.8839,37.64755],[126.88455,37.648],[126.88467,37.64808],[126.88478,37.64811],[126.88485,37.64813],[126.88482,37.64819],[126.88466,37.64847],[126.88527,37.64862],[126.88546,37.64864],[126.88596,37.64875],[126.8861,37.6488],[126.88691,37.64907],[126.88715,37.64915],[126.8879,37.64941],[126.88804,37.64945],[126.88855,37.64964],[126.88881,37.64974],[126.88889,37.64977],[126.88893,37.64978],[126.88923,37.64989],[126.88938,37.64961],[126.88941,37.64962],[126.88949,37.64965],[126.88955,37.64968],[126.88996,37.64982],[126.89263,37.65079],[126.8945,37.65144],[126.89473,37.65154],[126.89496,37.65161],[126.89548,37.65176],[126.89587,37.65188],[126.896,37.6519],[126.89612,37.65192],[126.89627,37.65194],[126.89654,37.65195],[126.89665,37.65196],[126.89705,37.65192],[126.89756,37.65186],[126.89774,37.65184],[126.89861,37.65168],[126.90031,37.65122],[126.90136,37.65093],[126.90104,37.65017],[126.90103,37.65014],[126.90085,37.65018],[126.89986,37.65035],[126.89874,37.65056],[126.89848,37.6506],[126.89822,37.65062],[126.89771,37.65067],[126.89759,37.65068],[126.89754,37.65069],[126.89742,37.6507],[126.89751,37.65066],[126.89763,37.65062],[126.89686,37.65056],[126.89681,37.65065],[126.89678,37.65072],[126.89645,37.6507],[126.89547,37.65048],[126.89536,37.65043],[126.89524,37.65039],[126.89505,37.65032],[126.89387,37.64989],[126.89332,37.6497],[126.89253,37.64942],[126.89034,37.64863],[126.8902,37.64859],[126.89014,37.64857],[126.89004,37.64853],[126.88995,37.6485],[126.88925,37.64825],[126.88839,37.64794],[126.88783,37.64774],[126.8876,37.64766],[126.88715,37.6475],[126.88674,37.64735],[126.88652,37.64727],[126.88617,37.64714],[126.88568,37.6469],[126.88556,37.64683],[126.88553,37.64681],[126.88543,37.64676],[126.88531,37.64668],[126.88528,37.64666],[126.88488,37.6464],[126.88348,37.64546],[126.88309,37.64521],[126.88224,37.64465],[126.88185,37.64436],[126.88177,37.64432],[126.88163,37.64425],[126.88145,37.64416],[126.88126,37.64396],[126.88098,37.64386],[126.88076,37.64366],[126.88065,37.6436],[126.88049,37.6435],[126.88033,37.64342],[126.8803,37.6434],[126.88043,37.6433],[126.87992,37.64286],[126.87979,37.64261],[126.87969,37.64228],[126.87971,37.642],[126.87978,37.64164],[126.87979,37.64158],[126.87979,37.64125],[126.87974,37.64102],[126.87973,37.64096]]]}},{"type":"Feature","properties":{"id":470134480},"geometry":{"type":"Polygon","coordinates":[[[126.72931,37.51373],[126.72977,37.51389],[126.72974,37.5134],[126.72972,37.51306],[126.7295,37.51307],[126.72925,37.51308],[126.72929,37.51365],[126.7293,37.5137],[126.72931,37.51373]]]}},{"type":"Feature","properties":{"id":470151694},"geometry":{"type":"Polygon","coordinates":[[[127.10975,37.52128],[127.1094,37.52123],[127.10955,37.52064],[127.10974,37.52063],[127.10992,37.52066],[127.11002,37.5207],[127.10983,37.5213],[127.10975,37.52128]]]}},{"type":"Feature","properties":{"id":470153246},"geometry":{"type":"Polygon","coordinates":[[[127.10723,37.5198],[127.10635,37.51962],[127.10612,37.51967],[127.10602,37.51962],[127.10608,37.51936],[127.10616,37.519],[127.10738,37.51915],[127.10729,37.51955],[127.10723,37.5198]]]}},{"type":"Feature","properties":{"id":470178030},"geometry":{"type":"Polygon","coordinates":[[[126.85684,37.46989],[126.85719,37.4703],[126.85764,37.47026],[126.85819,37.47007],[126.85848,37.46965],[126.85863,37.46927],[126.85891,37.46899],[126.85879,37.46877],[126.85868,37.46874],[126.85881,37.46842],[126.85852,37.46829],[126.85823,37.46835],[126.85812,37.46852],[126.85838,37.46877],[126.85827,37.46901],[126.8577,37.46894],[126.85733,37.46896],[126.857,37.46909],[126.85695,37.46925],[126.85681,37.46946],[126.8567,37.4696],[126.85675,37.46979],[126.85684,37.46989]]]}},{"type":"Feature","properties":{"id":470200933},"geometry":{"type":"Polygon","coordinates":[[[126.74227,37.50563],[126.74216,37.50563],[126.74057,37.50572],[126.74023,37.50574],[126.74028,37.50633],[126.74035,37.50632],[126.74039,37.50637],[126.74049,37.50635],[126.74157,37.50627],[126.74156,37.5062],[126.74159,37.50616],[126.74184,37.50615],[126.74198,37.50609],[126.74202,37.50603],[126.74203,37.50593],[126.74209,37.5059],[126.74215,37.50591],[126.74227,37.50563]]]}},{"type":"Feature","properties":{"id":470204887},"geometry":{"type":"Polygon","coordinates":[[[126.88229,37.5345],[126.88248,37.53415],[126.88335,37.53444],[126.88315,37.5348],[126.88229,37.5345]]]}},{"type":"Feature","properties":{"id":470406770},"geometry":{"type":"Polygon","coordinates":[[[126.80923,37.57009],[126.80978,37.5701],[126.80979,37.57002],[126.80994,37.56999],[126.8099,37.56988],[126.80965,37.56951],[126.80966,37.56941],[126.80892,37.5694],[126.80923,37.57009]]]}},{"type":"Feature","properties":{"id":470424938},"geometry":{"type":"Polygon","coordinates":[[[126.84006,37.54545],[126.84098,37.54535],[126.84095,37.54525],[126.84087,37.54518],[126.8408,37.54509],[126.84073,37.54503],[126.84064,37.54499],[126.84047,37.54496],[126.8403,37.54495],[126.84022,37.54495],[126.84016,37.545],[126.84016,37.54518],[126.84006,37.54545]]]}},{"type":"Feature","properties":{"id":470426385},"geometry":{"type":"Polygon","coordinates":[[[126.83652,37.54667],[126.83698,37.54671],[126.83701,37.54656],[126.83706,37.54642],[126.83711,37.54631],[126.83716,37.54619],[126.83724,37.54606],[126.83732,37.54591],[126.83687,37.54574],[126.83678,37.54589],[126.83671,37.54604],[126.83665,37.5462],[126.83662,37.54629],[126.8366,37.54636],[126.83656,37.5465],[126.83652,37.54667]]]}},{"type":"Feature","properties":{"id":470497892},"geometry":{"type":"Polygon","coordinates":[[[126.73379,37.45511],[126.73523,37.45409],[126.73507,37.45396],[126.73361,37.45496],[126.73379,37.45511]]]}},{"type":"Feature","properties":{"id":470602557},"geometry":{"type":"Polygon","coordinates":[[[126.76701,37.65017],[126.76671,37.64988],[126.77614,37.64441],[126.77663,37.64481],[126.77664,37.64481],[126.77531,37.64582],[126.77497,37.6461],[126.77464,37.64644],[126.77402,37.64711],[126.77347,37.64778],[126.77299,37.64757],[126.7728,37.64751],[126.77259,37.64746],[126.77237,37.64742],[126.77217,37.64742],[126.77195,37.64745],[126.77175,37.6475],[126.77156,37.64757],[126.77139,37.64767],[126.76897,37.64905],[126.76701,37.65017]]]}},{"type":"Feature","properties":{"id":470632582},"geometry":{"type":"Polygon","coordinates":[[[127.07797,37.63517],[127.07778,37.6347],[127.07855,37.63451],[127.07874,37.635],[127.07797,37.63517]]]}},{"type":"Feature","properties":{"id":470633676},"geometry":{"type":"Polygon","coordinates":[[[127.07764,37.63457],[127.07732,37.63391],[127.07768,37.63382],[127.07796,37.63448],[127.07764,37.63457]]]}},{"type":"Feature","properties":{"id":470872912},"geometry":{"type":"Polygon","coordinates":[[[126.78915,37.65644],[126.78924,37.65631],[126.78924,37.65629],[126.78926,37.65627],[126.7893,37.65621],[126.78932,37.65617],[126.78933,37.65615],[126.78934,37.65613],[126.78937,37.65608],[126.78978,37.65623],[126.79012,37.65634],[126.79076,37.65657],[126.79083,37.65659],[126.79089,37.65661],[126.79138,37.65678],[126.79183,37.65597],[126.79203,37.65562],[126.79222,37.65531],[126.79229,37.6552],[126.7929,37.65419],[126.79299,37.65422],[126.79312,37.65426],[126.79268,37.65504],[126.79252,37.65534],[126.79235,37.65563],[126.79225,37.6558],[126.79211,37.65606],[126.79206,37.65613],[126.79165,37.65687],[126.79206,37.65703],[126.79211,37.65705],[126.79216,37.65707],[126.79294,37.65737],[126.79298,37.65739],[126.7933,37.65751],[126.79364,37.65765],[126.79358,37.65774],[126.79349,37.65789],[126.79341,37.65802],[126.79308,37.6579],[126.79305,37.65789],[126.79301,37.65788],[126.79233,37.65766],[126.79199,37.65754],[126.7919,37.65751],[126.79178,37.65747],[126.79114,37.65722],[126.79102,37.65717],[126.79081,37.65709],[126.79064,37.65702],[126.79062,37.65704],[126.79043,37.65739],[126.7902,37.65781],[126.79002,37.65809],[126.78987,37.65834],[126.78973,37.65858],[126.78934,37.65921],[126.78919,37.65945],[126.78915,37.65953],[126.78902,37.65948],[126.78891,37.65944],[126.78894,37.65939],[126.78909,37.65914],[126.78919,37.65896],[126.78947,37.65847],[126.78951,37.65841],[126.79,37.65756],[126.79036,37.65694],[126.79036,37.65693],[126.7904,37.65687],[126.79004,37.65674],[126.79001,37.65673],[126.78997,37.65672],[126.78966,37.65662],[126.7895,37.65656],[126.78935,37.6565],[126.78915,37.65644]]]}},{"type":"Feature","properties":{"id":470922476},"geometry":{"type":"Polygon","coordinates":[[[127.14014,37.58753],[127.14209,37.58721],[127.14206,37.58696],[127.142,37.58651],[127.14201,37.58599],[127.14198,37.58495],[127.1416,37.58444],[127.14154,37.58504],[127.14151,37.58582],[127.14151,37.58634],[127.14148,37.58645],[127.14145,37.58653],[127.14139,37.58659],[127.14133,37.58661],[127.1412,37.58662],[127.14111,37.58662],[127.14074,37.58652],[127.14067,37.58649],[127.14063,37.58646],[127.14061,37.58642],[127.14062,37.58636],[127.14067,37.58623],[127.14076,37.58607],[127.14092,37.58577],[127.14104,37.5853],[127.14111,37.58464],[127.14061,37.58461],[127.1406,37.58441],[127.14045,37.5843],[127.14008,37.58453],[127.14008,37.58472],[127.1401,37.58645],[127.14012,37.58726],[127.14014,37.58753]]]}},{"type":"Feature","properties":{"id":471119379},"geometry":{"type":"Polygon","coordinates":[[[127.14061,37.58461],[127.1406,37.58441],[127.14045,37.5843],[127.14027,37.58422],[127.14022,37.58417],[127.14012,37.58414],[127.13976,37.58399],[127.13979,37.58388],[127.13948,37.58379],[127.13914,37.58365],[127.13888,37.58359],[127.13881,37.58342],[127.13817,37.58311],[127.13787,37.58292],[127.13786,37.58277],[127.13777,37.58268],[127.13744,37.58236],[127.13722,37.58214],[127.13657,37.58198],[127.13591,37.58182],[127.13541,37.58171],[127.13502,37.58165],[127.13446,37.5816],[127.13411,37.58163],[127.1338,37.5816],[127.13365,37.58157],[127.13324,37.58134],[127.13302,37.58132],[127.13288,37.58132],[127.13273,37.58119],[127.13235,37.58115],[127.13215,37.58112],[127.13185,37.58107],[127.13158,37.58097],[127.1305,37.58062],[127.13021,37.58045],[127.13051,37.58023],[127.13066,37.58006],[127.13074,37.57978],[127.13079,37.57955],[127.13109,37.57913],[127.13168,37.57921],[127.13222,37.57933],[127.13251,37.57942],[127.13273,37.57953],[127.13312,37.5797],[127.13332,37.57987],[127.1337,37.58009],[127.13426,37.5804],[127.13432,37.58044],[127.13431,37.58057],[127.13426,37.58067],[127.13431,37.5807],[127.13439,37.5806],[127.13442,37.58047],[127.13448,37.5805],[127.13465,37.58061],[127.13494,37.58076],[127.13515,37.58097],[127.13533,37.58105],[127.13726,37.58177],[127.13728,37.58178],[127.13772,37.5819],[127.13815,37.58216],[127.13838,37.5821],[127.13861,37.58212],[127.13884,37.58223],[127.13911,37.58256],[127.13926,37.58268],[127.13945,37.58277],[127.13953,37.58282],[127.13958,37.58289],[127.13963,37.58299],[127.13968,37.58315],[127.13974,37.58326],[127.13995,37.58348],[127.14007,37.58357],[127.14022,37.58365],[127.14045,37.58375],[127.14061,37.58381],[127.14065,37.58383],[127.14068,37.58386],[127.1408,37.58398],[127.141,37.58427],[127.14108,37.58443],[127.14111,37.58464],[127.14061,37.58461]]]}},{"type":"Feature","properties":{"id":471145644},"geometry":{"type":"Polygon","coordinates":[[[126.87169,37.63023],[126.87164,37.63003],[126.87156,37.62974],[126.87191,37.62964],[126.87205,37.62961],[126.87214,37.62988],[126.87221,37.63013],[126.87191,37.63019],[126.87169,37.63023]]]}},{"type":"Feature","properties":{"id":471148148},"geometry":{"type":"Polygon","coordinates":[[[126.87144,37.62872],[126.87035,37.62924],[126.86901,37.62988],[126.86905,37.62995],[126.86923,37.63023],[126.86967,37.63004],[126.87007,37.62987],[126.87041,37.62971],[126.87054,37.62966],[126.87091,37.62949],[126.87135,37.62929],[126.87171,37.62913],[126.8717,37.6291],[126.87156,37.6289],[126.87144,37.62872]]]}},{"type":"Feature","properties":{"id":471148149},"geometry":{"type":"Polygon","coordinates":[[[126.87182,37.62909],[126.87181,37.62906],[126.87169,37.62884],[126.87162,37.62872],[126.8716,37.62868],[126.87167,37.62866],[126.87262,37.62834],[126.87241,37.62782],[126.87217,37.62718],[126.8722,37.62718],[126.87249,37.62712],[126.87288,37.62705],[126.87302,37.62702],[126.87362,37.6269],[126.87374,37.62726],[126.87389,37.62764],[126.87401,37.62803],[126.87407,37.6282],[126.87416,37.6285],[126.87336,37.6287],[126.87302,37.62878],[126.87286,37.62883],[126.87182,37.62909]]]}},{"type":"Feature","properties":{"id":471309411},"geometry":{"type":"Polygon","coordinates":[[[126.78283,37.64269],[126.78298,37.64283],[126.78362,37.64238],[126.78526,37.64369],[126.78544,37.64355],[126.78389,37.64222],[126.7854,37.64106],[126.78532,37.64099],[126.78523,37.64092],[126.78373,37.64198],[126.78352,37.64182],[126.78241,37.6409],[126.78231,37.64099],[126.78338,37.64191],[126.7826,37.6425],[126.78173,37.64319],[126.78194,37.64339],[126.78283,37.64269]]]}},{"type":"Feature","properties":{"id":471309435},"geometry":{"type":"Polygon","coordinates":[[[126.78259,37.64686],[126.78276,37.64674],[126.78344,37.64625],[126.78429,37.64563],[126.78417,37.64553],[126.78398,37.64536],[126.78372,37.64512],[126.78366,37.64507],[126.78362,37.6451],[126.78329,37.64536],[126.78291,37.64565],[126.78286,37.64568],[126.78282,37.64571],[126.78218,37.6462],[126.78216,37.64622],[126.782,37.64636],[126.78259,37.64686]]]}},{"type":"Feature","properties":{"id":471315807},"geometry":{"type":"Polygon","coordinates":[[[127.14092,37.6025],[127.14114,37.60192],[127.14143,37.60189],[127.14238,37.6023],[127.14214,37.60277],[127.14092,37.6025]]]}},{"type":"Feature","properties":{"id":471318239},"geometry":{"type":"Polygon","coordinates":[[[127.14196,37.49604],[127.1427,37.49672],[127.14127,37.49773],[127.14083,37.49681],[127.14196,37.49604]]]}},{"type":"Feature","properties":{"id":471318593},"geometry":{"type":"Polygon","coordinates":[[[127.14578,37.60656],[127.14692,37.60676],[127.14657,37.60712],[127.14546,37.60804],[127.14529,37.60799],[127.14578,37.60656]]]}},{"type":"Feature","properties":{"id":471318821},"geometry":{"type":"Polygon","coordinates":[[[127.11803,37.48139],[127.11862,37.48045],[127.12032,37.48118],[127.12048,37.48119],[127.12155,37.48171],[127.12098,37.48289],[127.12025,37.4826],[127.11932,37.48185],[127.11803,37.48139]]]}},{"type":"Feature","properties":{"id":471319153},"geometry":{"type":"Polygon","coordinates":[[[127.15797,37.60064],[127.15778,37.60055],[127.15783,37.6004],[127.15806,37.60027],[127.15813,37.60032],[127.16003,37.60083],[127.15975,37.60112],[127.15885,37.60088],[127.15797,37.60064]]]}},{"type":"Feature","properties":{"id":471319180},"geometry":{"type":"Polygon","coordinates":[[[127.15791,37.60293],[127.15807,37.60186],[127.1593,37.60194],[127.15919,37.60287],[127.1591,37.60295],[127.15791,37.60293]]]}},{"type":"Feature","properties":{"id":471319188},"geometry":{"type":"Polygon","coordinates":[[[127.15881,37.59774],[127.15877,37.59739],[127.15863,37.5974],[127.15856,37.59681],[127.15876,37.59678],[127.15893,37.59676],[127.159,37.59737],[127.15889,37.59738],[127.15892,37.59774],[127.15888,37.59774],[127.15881,37.59774]]]}},{"type":"Feature","properties":{"id":471319307},"geometry":{"type":"Polygon","coordinates":[[[127.16131,37.59765],[127.16157,37.5972],[127.16254,37.59752],[127.16228,37.59798],[127.16131,37.59765]]]}},{"type":"Feature","properties":{"id":471329926},"geometry":{"type":"Polygon","coordinates":[[[126.94627,37.60269],[126.94665,37.60242],[126.94733,37.60288],[126.9478,37.60333],[126.94746,37.6036],[126.94724,37.60362],[126.94702,37.60378],[126.94691,37.60369],[126.94686,37.6035],[126.94654,37.60325],[126.94646,37.60322],[126.94649,37.60308],[126.94634,37.60279],[126.94627,37.60269]]]}},{"type":"Feature","properties":{"id":471333018},"geometry":{"type":"Polygon","coordinates":[[[126.75285,37.4884],[126.75281,37.48802],[126.75433,37.48789],[126.75432,37.48795],[126.75434,37.48833],[126.75285,37.4884]]]}},{"type":"Feature","properties":{"id":471333870},"geometry":{"type":"Polygon","coordinates":[[[126.77848,37.65754],[126.77895,37.65755],[126.77911,37.65715],[126.77912,37.65712],[126.77909,37.6571],[126.7789,37.65703],[126.77872,37.65694],[126.77866,37.65696],[126.77861,37.65697],[126.77858,37.65701],[126.77854,37.65705],[126.77847,37.65711],[126.77838,37.65721],[126.77807,37.65716],[126.77805,37.65723],[126.77805,37.65731],[126.77808,37.65738],[126.77844,37.65737],[126.77848,37.65754]]]}},{"type":"Feature","properties":{"id":471333871},"geometry":{"type":"Polygon","coordinates":[[[126.78309,37.6603],[126.78307,37.66015],[126.78303,37.65991],[126.78301,37.65983],[126.78288,37.65962],[126.78299,37.65955],[126.78309,37.65955],[126.78352,37.65972],[126.78361,37.65975],[126.78365,37.65976],[126.78375,37.6598],[126.78384,37.65983],[126.78383,37.65986],[126.78358,37.66032],[126.78342,37.66031],[126.78309,37.6603]]]}},{"type":"Feature","properties":{"id":471334231},"geometry":{"type":"Polygon","coordinates":[[[126.71439,37.48928],[126.71449,37.48925],[126.71487,37.48883],[126.71507,37.48875],[126.71515,37.48866],[126.71427,37.48807],[126.71415,37.48827],[126.71411,37.48846],[126.71424,37.48859],[126.71432,37.48886],[126.71427,37.48897],[126.71418,37.48901],[126.71439,37.48928]]]}},{"type":"Feature","properties":{"id":471334232},"geometry":{"type":"Polygon","coordinates":[[[126.71411,37.48895],[126.71417,37.48889],[126.7142,37.48884],[126.71414,37.48863],[126.71404,37.48852],[126.71385,37.48838],[126.71365,37.48834],[126.7136,37.48826],[126.71338,37.48845],[126.71378,37.48869],[126.71411,37.48895]]]}},{"type":"Feature","properties":{"id":471337939},"geometry":{"type":"Polygon","coordinates":[[[126.75827,37.48589],[126.7582,37.48528],[126.75877,37.48525],[126.75882,37.48586],[126.75827,37.48589]]]}},{"type":"Feature","properties":{"id":471343618},"geometry":{"type":"Polygon","coordinates":[[[126.93833,37.46516],[126.93798,37.4649],[126.93814,37.4639],[126.93864,37.4638],[126.9388,37.46474],[126.93833,37.46516]]]}},{"type":"Feature","properties":{"id":471345805},"geometry":{"type":"Polygon","coordinates":[[[126.76538,37.48516],[126.76524,37.48503],[126.76541,37.48525],[126.76543,37.48534],[126.76541,37.4854],[126.76538,37.48545],[126.76533,37.4855],[126.76527,37.48553],[126.76518,37.48556],[126.76521,37.48519],[126.76517,37.48519],[126.76507,37.48517],[126.76501,37.48513],[126.76496,37.48509],[126.76492,37.48503],[126.76492,37.48494],[126.76485,37.48481],[126.76497,37.48487],[126.76505,37.48482],[126.76518,37.48481],[126.76532,37.48482],[126.76531,37.48491],[126.76528,37.48491],[126.76527,37.48502],[126.76537,37.48504],[126.76536,37.48512],[126.76538,37.48516]]]}},{"type":"Feature","properties":{"id":471345995},"geometry":{"type":"Polygon","coordinates":[[[126.87775,37.47591],[126.87777,37.47573],[126.87773,37.47572],[126.87775,37.47556],[126.87767,37.47554],[126.87744,37.4754],[126.87738,37.4755],[126.87732,37.4755],[126.87613,37.47742],[126.87567,37.47836],[126.87491,37.47988],[126.87424,37.48124],[126.87352,37.4828],[126.87308,37.48398],[126.87273,37.48498],[126.87324,37.48502],[126.8735,37.48429],[126.87363,37.48432],[126.87403,37.48335],[126.87475,37.48176],[126.87528,37.48059],[126.87595,37.47921],[126.8764,37.47837],[126.87696,37.47737],[126.87775,37.47591]]]}},{"type":"Feature","properties":{"id":471348175},"geometry":{"type":"Polygon","coordinates":[[[126.76734,37.48444],[126.76732,37.4847],[126.76844,37.48471],[126.76844,37.48448],[126.76794,37.48449],[126.76794,37.48422],[126.7674,37.4842],[126.7674,37.48444],[126.76734,37.48444]]]}},{"type":"Feature","properties":{"id":471352809},"geometry":{"type":"Polygon","coordinates":[[[126.88924,37.43574],[126.88919,37.43489],[126.88935,37.43489],[126.89054,37.43567],[126.88924,37.43574]]]}},{"type":"Feature","properties":{"id":471361234},"geometry":{"type":"Polygon","coordinates":[[[126.82612,37.49784],[126.82604,37.49784],[126.82577,37.49783],[126.8256,37.49784],[126.82538,37.49786],[126.82522,37.49803],[126.8255,37.49808],[126.82562,37.49814],[126.82568,37.49851],[126.82597,37.49863],[126.82613,37.49851],[126.82617,37.4985],[126.82625,37.49862],[126.82655,37.49896],[126.8266,37.49909],[126.82671,37.49911],[126.82672,37.49902],[126.82668,37.49895],[126.82636,37.49866],[126.82615,37.49829],[126.82609,37.49815],[126.82609,37.4981],[126.82612,37.49784]]]}},{"type":"Feature","properties":{"id":471381558},"geometry":{"type":"Polygon","coordinates":[[[127.05799,37.66331],[127.05784,37.6632],[127.05685,37.66302],[127.05683,37.66319],[127.05678,37.66324],[127.05663,37.66317],[127.05645,37.66314],[127.05628,37.66315],[127.05628,37.66298],[127.05554,37.66289],[127.0554,37.66313],[127.05464,37.66299],[127.0546,37.66312],[127.05403,37.66303],[127.054,37.66317],[127.05414,37.66319],[127.05404,37.66336],[127.05392,37.66333],[127.05391,37.66326],[127.0536,37.66322],[127.05365,37.66305],[127.05351,37.66305],[127.05344,37.6632],[127.0533,37.66328],[127.05314,37.66335],[127.05284,37.66333],[127.05251,37.6633],[127.05255,37.66314],[127.05256,37.66287],[127.05375,37.66297],[127.05391,37.66246],[127.05396,37.66247],[127.0549,37.66261],[127.05495,37.66254],[127.05538,37.66255],[127.05542,37.66245],[127.05571,37.66249],[127.05588,37.66243],[127.05591,37.66234],[127.0561,37.66241],[127.05694,37.66251],[127.05767,37.6627],[127.05779,37.66274],[127.05815,37.66271],[127.05799,37.66331]]]}},{"type":"Feature","properties":{"id":471397072},"geometry":{"type":"Polygon","coordinates":[[[126.71577,37.48332],[126.71611,37.48316],[126.71563,37.48246],[126.71526,37.48264],[126.71577,37.48332]]]}},{"type":"Feature","properties":{"id":471457870},"geometry":{"type":"Polygon","coordinates":[[[126.85075,37.54217],[126.85096,37.54169],[126.85248,37.54207],[126.85261,37.54211],[126.85291,37.54219],[126.85333,37.54204],[126.8535,37.542],[126.85368,37.54197],[126.85403,37.54196],[126.85458,37.54189],[126.85464,37.54197],[126.85462,37.54204],[126.85386,37.54241],[126.85362,37.54257],[126.85306,37.54263],[126.85277,37.54267],[126.85266,37.5425],[126.85255,37.54252],[126.85227,37.54257],[126.85194,37.54255],[126.85157,37.54235],[126.85143,37.54234],[126.85112,37.54234],[126.85081,37.54223],[126.85075,37.54217]]]}},{"type":"Feature","properties":{"id":471507123},"geometry":{"type":"Polygon","coordinates":[[[126.76855,37.48235],[126.76985,37.48231],[126.76981,37.48162],[126.76854,37.48168],[126.76855,37.48235]]]}},{"type":"Feature","properties":{"id":471525347},"geometry":{"type":"Polygon","coordinates":[[[127.14957,37.59059],[127.15033,37.59046],[127.1504,37.59026],[127.15063,37.58951],[127.14939,37.58868],[127.1494,37.5888],[127.14898,37.58889],[127.14928,37.58976],[127.14957,37.59059]]]}},{"type":"Feature","properties":{"id":471531829},"geometry":{"type":"Polygon","coordinates":[[[127.13558,37.6086],[127.13544,37.60863],[127.13535,37.60856],[127.13506,37.60847],[127.13509,37.60837],[127.1353,37.60812],[127.13552,37.60779],[127.13572,37.60758],[127.13595,37.60747],[127.13618,37.6071],[127.13621,37.607],[127.13613,37.60688],[127.13544,37.60674],[127.1354,37.60669],[127.13554,37.60639],[127.1356,37.60626],[127.13583,37.60594],[127.13636,37.6052],[127.1368,37.60481],[127.13705,37.60463],[127.13814,37.60391],[127.13816,37.60392],[127.13875,37.6037],[127.13922,37.60374],[127.13935,37.60399],[127.13933,37.60425],[127.13899,37.60462],[127.13857,37.60497],[127.13838,37.60498],[127.1381,37.605],[127.13787,37.60519],[127.13778,37.6056],[127.13763,37.60628],[127.13761,37.60639],[127.1375,37.60654],[127.13744,37.60686],[127.13743,37.60713],[127.13732,37.60747],[127.13719,37.60765],[127.13694,37.60789],[127.13663,37.60804],[127.13627,37.60819],[127.13591,37.60842],[127.13558,37.6086]]]}},{"type":"Feature","properties":{"id":471550417},"geometry":{"type":"Polygon","coordinates":[[[126.72232,37.51807],[126.72236,37.51825],[126.72238,37.51834],[126.72236,37.51883],[126.72299,37.51884],[126.72461,37.51921],[126.7253,37.51979],[126.72538,37.51988],[126.72549,37.52003],[126.72575,37.52035],[126.7259,37.52037],[126.72597,37.52031],[126.72602,37.5203],[126.72598,37.52023],[126.72604,37.52022],[126.72612,37.5202],[126.72622,37.52017],[126.72626,37.52014],[126.72629,37.52014],[126.72633,37.52014],[126.72639,37.52014],[126.72647,37.52014],[126.72653,37.52014],[126.7267,37.52005],[126.72686,37.51996],[126.72692,37.51991],[126.72692,37.51986],[126.72689,37.51979],[126.7268,37.5198],[126.72656,37.51982],[126.72642,37.51985],[126.72645,37.51956],[126.72641,37.51951],[126.72641,37.51944],[126.72649,37.5193],[126.72652,37.51907],[126.72652,37.51895],[126.72651,37.5189],[126.72648,37.51873],[126.72645,37.51874],[126.72641,37.51875],[126.72636,37.51877],[126.72625,37.5188],[126.72614,37.51883],[126.72603,37.51886],[126.72595,37.51888],[126.72572,37.51895],[126.72568,37.51886],[126.72558,37.51887],[126.72543,37.51884],[126.72535,37.51881],[126.72505,37.51872],[126.72437,37.51854],[126.72362,37.51834],[126.72261,37.51813],[126.72232,37.51807]]]}},{"type":"Feature","properties":{"id":471550855},"geometry":{"type":"Polygon","coordinates":[[[127.15179,37.57687],[127.15182,37.57686],[127.15182,37.57683],[127.15113,37.57651],[127.15051,37.57621],[127.14997,37.57601],[127.14964,37.57588],[127.14921,37.57574],[127.14887,37.57565],[127.14857,37.57558],[127.14834,37.57552],[127.14757,37.57536],[127.14685,37.57524],[127.14662,37.57521],[127.14491,37.57499],[127.14266,37.57499],[127.1414,37.575],[127.14086,37.57498],[127.13992,37.57492],[127.13933,37.57487],[127.13858,37.57478],[127.13782,37.57465],[127.13741,37.57456],[127.13655,37.57436],[127.13543,37.57405],[127.13483,37.57384],[127.1334,37.57329],[127.13281,37.57456],[127.13347,37.5748],[127.13447,37.57515],[127.13493,37.57535],[127.13616,37.57576],[127.1372,37.57603],[127.13836,37.57626],[127.13973,37.57642],[127.14117,37.57648],[127.14172,37.57641],[127.14313,37.57643],[127.14395,37.57652],[127.1446,37.57649],[127.14521,37.57649],[127.14597,37.57648],[127.14601,37.57648],[127.14627,37.57638],[127.1485,37.57636],[127.14883,37.57638],[127.14934,37.57641],[127.1501,37.57648],[127.15037,37.57652],[127.15084,37.5766],[127.15107,37.57665],[127.15124,37.57668],[127.15146,37.57676],[127.15179,37.57687]]]}},{"type":"Feature","properties":{"id":471664380},"geometry":{"type":"Polygon","coordinates":[[[127.03478,37.46333],[127.03516,37.46299],[127.0345,37.46254],[127.03449,37.46257],[127.03478,37.46333]]]}},{"type":"Feature","properties":{"id":471690525},"geometry":{"type":"Polygon","coordinates":[[[127.00961,37.58115],[127.00966,37.58103],[127.00974,37.58088],[127.00987,37.58078],[127.01004,37.58074],[127.01029,37.58076],[127.0107,37.58106],[127.01109,37.58141],[127.01132,37.58155],[127.01126,37.58181],[127.01042,37.58182],[127.01042,37.5823],[127.01034,37.58229],[127.01013,37.58216],[127.01013,37.58199],[127.01031,37.58196],[127.01031,37.58183],[127.01031,37.58178],[127.01013,37.58167],[127.01012,37.58127],[127.00961,37.58121],[127.00961,37.58115]]]}},{"type":"Feature","properties":{"id":471696847},"geometry":{"type":"Polygon","coordinates":[[[127.06816,37.66687],[127.06786,37.66545],[127.06796,37.66543],[127.06824,37.66687],[127.06816,37.66687]]]}},{"type":"Feature","properties":{"id":471699519},"geometry":{"type":"Polygon","coordinates":[[[126.93051,37.5555],[126.93063,37.55565],[126.92986,37.55612],[126.92946,37.55629],[126.92819,37.55689],[126.92816,37.5568],[126.92788,37.55694],[126.9277,37.55674],[126.92807,37.55661],[126.92879,37.55637],[126.9296,37.55604],[126.93051,37.5555]]]}},{"type":"Feature","properties":{"id":471701656},"geometry":{"type":"Polygon","coordinates":[[[126.93077,37.55553],[126.93186,37.5548],[126.93251,37.55431],[126.93374,37.55342],[126.93365,37.55334],[126.93282,37.55396],[126.93189,37.55461],[126.93173,37.55472],[126.93107,37.55521],[126.93067,37.5554],[126.93077,37.55553]]]}},{"type":"Feature","properties":{"id":471714265},"geometry":{"type":"Polygon","coordinates":[[[126.83733,37.63632],[126.83761,37.63629],[126.83748,37.63561],[126.83715,37.63515],[126.83721,37.63557],[126.83733,37.63632]]]}},{"type":"Feature","properties":{"id":471744478},"geometry":{"type":"Polygon","coordinates":[[[126.77195,37.50724],[126.77227,37.50895],[126.77309,37.50863],[126.77307,37.50854],[126.77301,37.50854],[126.77293,37.5082],[126.77332,37.50815],[126.7731,37.5071],[126.77195,37.50724]]]}},{"type":"Feature","properties":{"id":471832319},"geometry":{"type":"Polygon","coordinates":[[[127.03795,37.56066],[127.03712,37.56059],[127.03664,37.56099],[127.03662,37.56116],[127.03687,37.56117],[127.03687,37.56137],[127.03678,37.56189],[127.0368,37.56194],[127.03691,37.56201],[127.03702,37.56202],[127.03718,37.56197],[127.03756,37.562],[127.03766,37.56145],[127.03767,37.56117],[127.03795,37.56066]]]}},{"type":"Feature","properties":{"id":471850882},"geometry":{"type":"Polygon","coordinates":[[[126.86918,37.49115],[126.86891,37.49092],[126.86833,37.49082],[126.86817,37.49089],[126.86821,37.49065],[126.86928,37.49073],[126.86918,37.49115]]]}},{"type":"Feature","properties":{"id":472047312},"geometry":{"type":"Polygon","coordinates":[[[126.76468,37.52392],[126.76467,37.52385],[126.76511,37.52381],[126.76614,37.52382],[126.76818,37.52385],[126.7682,37.52383],[126.76859,37.52383],[126.7686,37.52388],[126.76889,37.52388],[126.76889,37.52376],[126.76889,37.52355],[126.76889,37.52344],[126.7689,37.52333],[126.76888,37.52327],[126.76886,37.52325],[126.76884,37.52321],[126.76882,37.5232],[126.76881,37.52319],[126.7688,37.52317],[126.7687,37.52309],[126.76867,37.52305],[126.76861,37.52303],[126.76852,37.52302],[126.76852,37.52295],[126.76852,37.5228],[126.76861,37.5228],[126.76864,37.52284],[126.76871,37.52293],[126.76873,37.52295],[126.76875,37.52297],[126.76894,37.52335],[126.76902,37.52352],[126.76904,37.52354],[126.76913,37.52364],[126.76921,37.5238],[126.76924,37.52385],[126.76935,37.52402],[126.76894,37.52402],[126.76882,37.52399],[126.76859,37.52398],[126.76817,37.52398],[126.76543,37.52396],[126.76468,37.52392]]]}},{"type":"Feature","properties":{"id":472047330},"geometry":{"type":"Polygon","coordinates":[[[126.75023,37.51311],[126.75008,37.51303],[126.75006,37.51293],[126.74991,37.51296],[126.75013,37.51454],[126.75033,37.51467],[126.75443,37.51576],[126.75491,37.5157],[126.75499,37.51561],[126.75492,37.51536],[126.75494,37.51527],[126.75484,37.51481],[126.75478,37.51482],[126.75475,37.51485],[126.75492,37.51559],[126.75488,37.51562],[126.75474,37.51564],[126.75418,37.51552],[126.75047,37.51448],[126.75023,37.51311]]]}},{"type":"Feature","properties":{"id":472092777},"geometry":{"type":"Polygon","coordinates":[[[126.78978,37.52091],[126.78978,37.52024],[126.78862,37.52024],[126.78978,37.52091]]]}},{"type":"Feature","properties":{"id":472093280},"geometry":{"type":"Polygon","coordinates":[[[126.79529,37.51756],[126.7931,37.51705],[126.79313,37.51693],[126.79289,37.51686],[126.7915,37.51648],[126.7913,37.51662],[126.79037,37.51633],[126.79,37.51627],[126.78893,37.5159],[126.78921,37.5157],[126.78941,37.51547],[126.78951,37.51478],[126.79,37.51409],[126.79116,37.51389],[126.79269,37.51594],[126.7931,37.51634],[126.79374,37.51677],[126.7944,37.51701],[126.79489,37.51708],[126.79529,37.51756]]]}},{"type":"Feature","properties":{"id":472095764},"geometry":{"type":"Polygon","coordinates":[[[126.90401,37.65979],[126.90499,37.65978],[126.90577,37.65978],[126.90621,37.6599],[126.90631,37.65981],[126.9055,37.65944],[126.90501,37.65926],[126.90489,37.65924],[126.90459,37.65924],[126.90435,37.65934],[126.90419,37.65946],[126.9041,37.65961],[126.90401,37.65979]]]}},{"type":"Feature","properties":{"id":472109838},"geometry":{"type":"Polygon","coordinates":[[[127.08832,37.48094],[127.08801,37.48067],[127.08868,37.48018],[127.08962,37.47991],[127.09012,37.47989],[127.09037,37.48011],[127.08913,37.48058],[127.08832,37.48094]]]}},{"type":"Feature","properties":{"id":472151436},"geometry":{"type":"Polygon","coordinates":[[[126.86653,37.49226],[126.86667,37.4924],[126.86672,37.49243],[126.8668,37.49244],[126.86744,37.49236],[126.86776,37.49231],[126.86782,37.49221],[126.86758,37.49209],[126.86748,37.49221],[126.86743,37.4922],[126.86731,37.49234],[126.86716,37.49228],[126.86706,37.49239],[126.86672,37.49222],[126.86677,37.49215],[126.86667,37.49208],[126.86654,37.49221],[126.86653,37.49226]]]}},{"type":"Feature","properties":{"id":472263752},"geometry":{"type":"Polygon","coordinates":[[[126.88679,37.66572],[126.88677,37.66575],[126.88659,37.66594],[126.88679,37.66608],[126.88772,37.6666],[126.88878,37.6672],[126.88894,37.66703],[126.889,37.66695],[126.88679,37.66572]]]}},{"type":"Feature","properties":{"id":472264027},"geometry":{"type":"Polygon","coordinates":[[[126.87639,37.6478],[126.87661,37.64774],[126.87666,37.64772],[126.87691,37.64762],[126.87614,37.64669],[126.87586,37.64685],[126.87585,37.64686],[126.8762,37.64729],[126.87634,37.64746],[126.87636,37.64747],[126.87621,37.64759],[126.87639,37.6478]]]}},{"type":"Feature","properties":{"id":472433029},"geometry":{"type":"Polygon","coordinates":[[[127.08674,37.51348],[127.08744,37.51318],[127.08761,37.5135],[127.08799,37.51362],[127.08723,37.51405],[127.08785,37.51468],[127.088,37.51485],[127.08766,37.51504],[127.0868,37.51407],[127.08652,37.51405],[127.08674,37.51384],[127.08674,37.51348]]]}},{"type":"Feature","properties":{"id":472458009},"geometry":{"type":"Polygon","coordinates":[[[127.0207,37.63372],[127.02133,37.63313],[127.02026,37.63286],[127.02051,37.63337],[127.0207,37.63372]]]}},{"type":"Feature","properties":{"id":472469076},"geometry":{"type":"Polygon","coordinates":[[[126.75658,37.46057],[126.75658,37.46002],[126.75731,37.46],[126.7573,37.46055],[126.75658,37.46057]]]}},{"type":"Feature","properties":{"id":472469122},"geometry":{"type":"Polygon","coordinates":[[[126.75367,37.4591],[126.75359,37.45902],[126.75354,37.45893],[126.75355,37.45879],[126.75368,37.45869],[126.75342,37.45867],[126.75333,37.45863],[126.75311,37.45867],[126.75308,37.45868],[126.75305,37.4586],[126.75296,37.45857],[126.75289,37.45858],[126.75283,37.45861],[126.75275,37.45855],[126.75265,37.45854],[126.75258,37.45854],[126.75249,37.45854],[126.7524,37.45855],[126.75235,37.45859],[126.75231,37.45864],[126.75232,37.45875],[126.75234,37.45884],[126.75239,37.45889],[126.75246,37.45895],[126.75253,37.45898],[126.75254,37.45909],[126.75281,37.45909],[126.7533,37.4591],[126.75357,37.4591],[126.75367,37.4591]]]}},{"type":"Feature","properties":{"id":472478041},"geometry":{"type":"Polygon","coordinates":[[[126.75252,37.45833],[126.75525,37.45866],[126.75596,37.45812],[126.75569,37.4579],[126.75519,37.45776],[126.75478,37.45755],[126.75443,37.45713],[126.75378,37.4568],[126.75368,37.45699],[126.75252,37.45833]]]}},{"type":"Feature","properties":{"id":472628181},"geometry":{"type":"Polygon","coordinates":[[[126.88897,37.51071],[126.88962,37.51003],[126.88905,37.50976],[126.88843,37.51031],[126.88897,37.51071]]]}},{"type":"Feature","properties":{"id":472830107},"geometry":{"type":"Polygon","coordinates":[[[126.75158,37.67417],[126.75114,37.67354],[126.75126,37.67349],[126.7513,37.67348],[126.75198,37.67319],[126.75202,37.67318],[126.75206,37.67316],[126.7524,37.67302],[126.75298,37.67278],[126.75301,37.67276],[126.75307,37.67274],[126.75323,37.67267],[126.75357,37.67311],[126.7536,37.67315],[126.75366,37.67323],[126.75332,37.67338],[126.75244,37.67378],[126.75169,37.67412],[126.75158,37.67417]]]}},{"type":"Feature","properties":{"id":472830108},"geometry":{"type":"Polygon","coordinates":[[[126.76917,37.66945],[126.76941,37.66982],[126.76839,37.67026],[126.76815,37.66987],[126.76917,37.66945]]]}},{"type":"Feature","properties":{"id":472861466},"geometry":{"type":"Polygon","coordinates":[[[127.09294,37.53671],[127.09223,37.53553],[127.09242,37.53543],[127.09325,37.53664],[127.09311,37.53675],[127.09294,37.53671]]]}},{"type":"Feature","properties":{"id":472866634},"geometry":{"type":"Polygon","coordinates":[[[126.75085,37.4546],[126.75106,37.45475],[126.7517,37.45494],[126.75241,37.45541],[126.75259,37.45566],[126.75381,37.45635],[126.75547,37.45594],[126.75482,37.45481],[126.7549,37.45402],[126.75513,37.45364],[126.75504,37.4532],[126.75432,37.45339],[126.75411,37.45445],[126.75359,37.45487],[126.75321,37.45494],[126.75242,37.45474],[126.75223,37.45465],[126.75105,37.45436],[126.75085,37.4546]]]}},{"type":"Feature","properties":{"id":472921570},"geometry":{"type":"Polygon","coordinates":[[[127.14608,37.55128],[127.14743,37.5512],[127.1475,37.5512],[127.14737,37.55006],[127.14812,37.54995],[127.14805,37.5494],[127.14776,37.54944],[127.14729,37.5497],[127.14683,37.55003],[127.14697,37.55012],[127.14684,37.55029],[127.14685,37.55061],[127.14738,37.55088],[127.14733,37.55099],[127.14733,37.55103],[127.14725,37.55113],[127.1467,37.55086],[127.14664,37.55087],[127.14651,37.55075],[127.14641,37.55071],[127.14641,37.551],[127.14602,37.55102],[127.14606,37.55113],[127.14608,37.55128]]]}},{"type":"Feature","properties":{"id":473231579},"geometry":{"type":"Polygon","coordinates":[[[127.03539,37.55881],[127.03582,37.5587],[127.03618,37.55879],[127.0366,37.55894],[127.03689,37.55912],[127.03659,37.55948],[127.0365,37.55946],[127.0365,37.55941],[127.03632,37.55938],[127.03633,37.55928],[127.0363,37.55917],[127.03619,37.55909],[127.03612,37.55904],[127.03585,37.559],[127.03586,37.55897],[127.03579,37.55895],[127.03535,37.55887],[127.03539,37.55881]]]}},{"type":"Feature","properties":{"id":473241483},"geometry":{"type":"Polygon","coordinates":[[[126.76683,37.5233],[126.76626,37.52329],[126.76627,37.52301],[126.76614,37.52301],[126.76615,37.5228],[126.76628,37.5228],[126.76628,37.52267],[126.76646,37.52267],[126.76656,37.5226],[126.76658,37.52261],[126.7666,37.52263],[126.76677,37.5225],[126.76687,37.52259],[126.76726,37.52259],[126.76725,37.52263],[126.7674,37.52263],[126.7674,37.52264],[126.76754,37.52265],[126.76757,37.52265],[126.76757,37.52262],[126.76775,37.52263],[126.76775,37.52264],[126.76812,37.52264],[126.76811,37.52268],[126.76811,37.52272],[126.76722,37.52278],[126.76721,37.52285],[126.76721,37.52294],[126.76675,37.52306],[126.76675,37.52323],[126.76683,37.52323],[126.76683,37.5233]]]}},{"type":"Feature","properties":{"id":473244875},"geometry":{"type":"Polygon","coordinates":[[[127.10662,37.47332],[127.10694,37.47206],[127.10689,37.47199],[127.10631,37.47188],[127.10626,37.47194],[127.10625,37.47199],[127.10628,37.47207],[127.10633,37.47228],[127.10654,37.47307],[127.10653,37.4733],[127.10662,37.47332]]]}},{"type":"Feature","properties":{"id":473244877},"geometry":{"type":"Polygon","coordinates":[[[127.10551,37.47028],[127.10497,37.46973],[127.10484,37.46961],[127.1046,37.46941],[127.10405,37.4691],[127.10372,37.46901],[127.10362,37.46912],[127.1042,37.46931],[127.10429,37.46937],[127.10464,37.46966],[127.10482,37.46993],[127.10494,37.47017],[127.10495,37.47028],[127.10522,37.47047],[127.10551,37.47028]]]}},{"type":"Feature","properties":{"id":473277302},"geometry":{"type":"Polygon","coordinates":[[[126.78024,37.52994],[126.78036,37.53001],[126.78295,37.53165],[126.78236,37.53164],[126.78193,37.53161],[126.78133,37.5316],[126.78133,37.53093],[126.78081,37.53092],[126.78078,37.5308],[126.78075,37.53071],[126.78071,37.53064],[126.78067,37.53057],[126.78063,37.53051],[126.78059,37.53046],[126.78054,37.53041],[126.78048,37.53034],[126.78043,37.5303],[126.7804,37.53027],[126.78035,37.5302],[126.7803,37.53012],[126.78026,37.53004],[126.78024,37.52994]]]}},{"type":"Feature","properties":{"id":473453002},"geometry":{"type":"Polygon","coordinates":[[[127.0569,37.66939],[127.05715,37.66941],[127.05746,37.66926],[127.05793,37.66931],[127.058,37.66905],[127.05753,37.66899],[127.05736,37.66871],[127.05706,37.66868],[127.05698,37.66902],[127.0569,37.66939]]]}},{"type":"Feature","properties":{"id":473482739},"geometry":{"type":"Polygon","coordinates":[[[127.1099,37.50691],[127.10997,37.50687],[127.11044,37.50735],[127.11048,37.50749],[127.11077,37.50779],[127.11075,37.5078],[127.1099,37.50691]]]}},{"type":"Feature","properties":{"id":473498267},"geometry":{"type":"Polygon","coordinates":[[[126.7121,37.45539],[126.71196,37.45505],[126.71214,37.45491],[126.71227,37.45508],[126.71263,37.45524],[126.71291,37.4552],[126.71302,37.45536],[126.71218,37.45545],[126.7121,37.45539]]]}},{"type":"Feature","properties":{"id":473525800},"geometry":{"type":"Polygon","coordinates":[[[126.8865,37.4568],[126.88663,37.45662],[126.88732,37.45695],[126.88718,37.45713],[126.8865,37.4568]]]}},{"type":"Feature","properties":{"id":473596968},"geometry":{"type":"Polygon","coordinates":[[[126.76536,37.67651],[126.76528,37.67655],[126.76474,37.67677],[126.76471,37.67673],[126.76469,37.6767],[126.76468,37.67668],[126.76466,37.67665],[126.76452,37.67646],[126.76449,37.67641],[126.76441,37.6763],[126.76439,37.67626],[126.76455,37.6762],[126.76456,37.67622],[126.76459,37.67624],[126.76463,37.67626],[126.76468,37.67627],[126.76472,37.67627],[126.76477,37.67625],[126.7648,37.67622],[126.76481,37.6762],[126.76482,37.67618],[126.76482,37.67614],[126.76481,37.67611],[126.76503,37.67602],[126.76507,37.67603],[126.76515,37.67616],[126.76532,37.67639],[126.76534,37.67642],[126.76536,37.67645],[126.76539,37.67646],[126.76539,37.67647],[126.76536,37.67651]]]}},{"type":"Feature","properties":{"id":473606382},"geometry":{"type":"Polygon","coordinates":[[[127.13314,37.47847],[127.13299,37.47859],[127.13292,37.47865],[127.1332,37.47896],[127.13335,37.47902],[127.13375,37.47954],[127.13419,37.48027],[127.13425,37.48028],[127.13434,37.48025],[127.13412,37.47985],[127.13388,37.4795],[127.13358,37.47908],[127.1334,37.47881],[127.13314,37.47847]]]}},{"type":"Feature","properties":{"id":473697349},"geometry":{"type":"Polygon","coordinates":[[[126.92935,37.52887],[126.92946,37.52876],[126.92808,37.52787],[126.92802,37.52792],[126.92801,37.52797],[126.92804,37.52802],[126.92935,37.52887]]]}},{"type":"Feature","properties":{"id":473728260},"geometry":{"type":"Polygon","coordinates":[[[127.03951,37.56468],[127.03912,37.56453],[127.03912,37.56444],[127.03916,37.56435],[127.0392,37.56445],[127.03956,37.56456],[127.03967,37.56453],[127.04007,37.56472],[127.04061,37.56486],[127.04061,37.56491],[127.04059,37.56495],[127.03998,37.56484],[127.03989,37.56479],[127.03984,37.56475],[127.0398,37.56475],[127.03951,37.56468]]]}},{"type":"Feature","properties":{"id":473846507},"geometry":{"type":"Polygon","coordinates":[[[127.04282,37.52137],[127.04329,37.52128],[127.04336,37.52126],[127.0434,37.52122],[127.04329,37.5209],[127.04327,37.52083],[127.04313,37.52085],[127.04306,37.52078],[127.043,37.52072],[127.04289,37.52073],[127.04286,37.52078],[127.04282,37.52073],[127.04264,37.52077],[127.04267,37.52088],[127.04264,37.52089],[127.04256,37.52091],[127.04252,37.52092],[127.0426,37.5212],[127.04274,37.52118],[127.04277,37.52118],[127.04282,37.52137]]]}},{"type":"Feature","properties":{"id":473913114},"geometry":{"type":"Polygon","coordinates":[[[126.74632,37.67336],[126.7474,37.67294],[126.74737,37.67288],[126.74733,37.67283],[126.74626,37.67327],[126.74629,37.67332],[126.74632,37.67336]]]}},{"type":"Feature","properties":{"id":473918374},"geometry":{"type":"Polygon","coordinates":[[[127.19815,37.69815],[127.19895,37.69815],[127.1997,37.69799],[127.19955,37.69765],[127.19889,37.69763],[127.19798,37.69746],[127.19741,37.69745],[127.19739,37.69776],[127.19816,37.69778],[127.19815,37.69815]]]}},{"type":"Feature","properties":{"id":473918857},"geometry":{"type":"Polygon","coordinates":[[[127.19984,37.69794],[127.1997,37.69767],[127.20053,37.69744],[127.20135,37.69722],[127.20227,37.69711],[127.20292,37.69705],[127.20338,37.69705],[127.20404,37.69699],[127.20332,37.69729],[127.20302,37.69728],[127.20278,37.69713],[127.20243,37.69714],[127.20104,37.69766],[127.19984,37.69794]]]}},{"type":"Feature","properties":{"id":473920096},"geometry":{"type":"Polygon","coordinates":[[[126.84892,37.69784],[126.84942,37.69755],[126.8496,37.69757],[126.85008,37.69733],[126.85001,37.69721],[126.85011,37.69713],[126.85017,37.69715],[126.85027,37.69738],[126.85014,37.69742],[126.85009,37.69746],[126.85003,37.69753],[126.84992,37.6977],[126.84989,37.69773],[126.84927,37.69809],[126.84921,37.69815],[126.84916,37.69814],[126.84892,37.69791],[126.84892,37.69784]]]}},{"type":"Feature","properties":{"id":474100686},"geometry":{"type":"Polygon","coordinates":[[[126.71533,37.50369],[126.7179,37.50353],[126.7179,37.50388],[126.71693,37.50388],[126.71584,37.50392],[126.71571,37.50392],[126.71565,37.50391],[126.71556,37.50387],[126.71548,37.50382],[126.71533,37.50369]]]}},{"type":"Feature","properties":{"id":474112108},"geometry":{"type":"Polygon","coordinates":[[[127.12927,37.50893],[127.129,37.50852],[127.12944,37.50834],[127.12971,37.50875],[127.12927,37.50893]]]}},{"type":"Feature","properties":{"id":474183720},"geometry":{"type":"Polygon","coordinates":[[[126.89214,37.55921],[126.89213,37.55897],[126.89169,37.5587],[126.8912,37.5585],[126.89073,37.55841],[126.89031,37.55842],[126.8899,37.55847],[126.88972,37.55853],[126.88935,37.5587],[126.88893,37.55895],[126.88881,37.55902],[126.88877,37.55904],[126.88857,37.55915],[126.88767,37.55968],[126.88711,37.55999],[126.88707,37.56001],[126.88702,37.56002],[126.887,37.56002],[126.88695,37.56005],[126.88693,37.56007],[126.8869,37.5601],[126.88687,37.56012],[126.8868,37.56016],[126.88599,37.56065],[126.88595,37.56067],[126.88544,37.56096],[126.88541,37.56097],[126.88509,37.56115],[126.88506,37.56117],[126.88505,37.56119],[126.88505,37.56122],[126.88505,37.56125],[126.88504,37.56126],[126.88503,37.56128],[126.885,37.5613],[126.88497,37.56131],[126.88496,37.5613],[126.88494,37.56129],[126.88491,37.56125],[126.88489,37.56126],[126.88486,37.56127],[126.88484,37.56129],[126.88481,37.56131],[126.88481,37.56132],[126.88482,37.56135],[126.88485,37.56139],[126.88507,37.56164],[126.88508,37.56167],[126.88508,37.56169],[126.88506,37.56171],[126.88502,37.56175],[126.88491,37.56184],[126.88485,37.56188],[126.88479,37.56192],[126.8846,37.56199],[126.8845,37.56201],[126.8843,37.56205],[126.88422,37.56205],[126.8841,37.56206],[126.88399,37.56205],[126.88387,37.56204],[126.88368,37.56198],[126.88365,37.56197],[126.88363,37.56198],[126.88354,37.56203],[126.88342,37.5621],[126.88317,37.56225],[126.88223,37.5628],[126.8822,37.56283],[126.88183,37.56303],[126.88147,37.5632],[126.88118,37.56333],[126.88076,37.56348],[126.8803,37.56361],[126.88004,37.56366],[126.87992,37.5637],[126.87974,37.56374],[126.87885,37.56402],[126.87861,37.56409],[126.87849,37.56414],[126.87838,37.56418],[126.87821,37.56424],[126.87807,37.56429],[126.87789,37.56434],[126.87642,37.56477],[126.87592,37.56498],[126.87534,37.56533],[126.8747,37.56575],[126.87414,37.56617],[126.87353,37.56672],[126.87312,37.56708],[126.8728,37.56739],[126.87241,37.56787],[126.87217,37.56814],[126.8719,37.56839],[126.87131,37.5688],[126.86959,37.57014],[126.86875,37.57063],[126.86844,37.57073],[126.86819,37.57076],[126.86774,37.57075],[126.86756,37.57075],[126.86745,37.57079],[126.86735,37.57088],[126.86726,37.57106],[126.86707,37.57128],[126.86683,37.57148],[126.86636,37.57177],[126.86611,37.57194],[126.86584,37.57218],[126.86567,37.57228],[126.86546,37.57239],[126.86521,37.57255],[126.86492,37.57272],[126.86459,37.57288],[126.86437,37.57299],[126.86417,37.57309],[126.86385,37.57326],[126.86528,37.57479],[126.87162,37.57115],[126.87252,37.57065],[126.87367,37.56999],[126.87412,37.56977],[126.87524,37.56915],[126.87701,37.56808],[126.87829,37.56735],[126.87883,37.56709],[126.88076,37.56592],[126.8839,37.56412],[126.88526,37.56336],[126.8868,37.56235],[126.88783,37.56166],[126.88902,37.5609],[126.88963,37.56064],[126.89006,37.56048],[126.89082,37.56011],[126.8912,37.55988],[126.89182,37.55951],[126.89203,37.55933],[126.89214,37.55921]]]}},{"type":"Feature","properties":{"id":474186255},"geometry":{"type":"Polygon","coordinates":[[[126.89256,37.56306],[126.89306,37.56277],[126.89296,37.56252],[126.89291,37.56229],[126.89288,37.56202],[126.89276,37.56196],[126.89262,37.5619],[126.89252,37.56186],[126.89234,37.56177],[126.89229,37.56174],[126.89191,37.56174],[126.8918,37.5618],[126.89153,37.56196],[126.89172,37.56215],[126.89188,37.56233],[126.89205,37.56251],[126.89223,37.56271],[126.89256,37.56306]]]}},{"type":"Feature","properties":{"id":474196879},"geometry":{"type":"Polygon","coordinates":[[[126.88365,37.57385],[126.88346,37.57381],[126.88344,37.57371],[126.88341,37.573],[126.88331,37.57254],[126.88323,37.57238],[126.88287,37.57193],[126.88191,37.57087],[126.88085,37.5696],[126.88029,37.56897],[126.87928,37.56782],[126.87906,37.56758],[126.87909,37.5675],[126.88097,37.56632],[126.88536,37.56384],[126.8869,37.56306],[126.88739,37.56274],[126.88763,37.56263],[126.8878,37.56258],[126.88807,37.56257],[126.88837,37.56262],[126.88857,37.56269],[126.88879,37.56285],[126.88968,37.56369],[126.89036,37.56432],[126.89146,37.56562],[126.89172,37.56588],[126.89189,37.56606],[126.89146,37.56639],[126.89147,37.5665],[126.89144,37.56659],[126.89132,37.56682],[126.89067,37.56776],[126.89029,37.56831],[126.88993,37.56886],[126.88943,37.56958],[126.88922,37.56982],[126.8888,37.57015],[126.88838,37.57041],[126.88807,37.57068],[126.88768,37.57093],[126.88743,37.57106],[126.88733,37.57109],[126.88703,37.5712],[126.88679,37.57123],[126.88654,37.57132],[126.88571,37.57178],[126.88529,37.57211],[126.88491,37.5724],[126.88467,37.57256],[126.8846,37.57265],[126.8845,37.57277],[126.88437,37.57303],[126.88428,37.57324],[126.88427,37.57338],[126.88395,37.57363],[126.88365,37.57385]]]}},{"type":"Feature","properties":{"id":474283806},"geometry":{"type":"Polygon","coordinates":[[[127.05104,37.57753],[127.05144,37.57804],[127.0524,37.57758],[127.052,37.57706],[127.05104,37.57753]]]}},{"type":"Feature","properties":{"id":474285141},"geometry":{"type":"Polygon","coordinates":[[[126.73093,37.57569],[126.73121,37.57564],[126.73148,37.57557],[126.73179,37.57553],[126.73203,37.57555],[126.7323,37.57563],[126.73189,37.57582],[126.7313,37.57622],[126.73118,37.57647],[126.73107,37.57653],[126.73083,37.57705],[126.73023,37.57719],[126.72933,37.57748],[126.72913,37.57773],[126.7294,37.57791],[126.72924,37.57809],[126.72823,37.57748],[126.72841,37.57727],[126.72858,37.57686],[126.72877,37.5765],[126.72938,37.57579],[126.72949,37.57566],[126.72978,37.57555],[126.72991,37.57534],[126.73004,37.57546],[126.73026,37.57558],[126.73049,37.57566],[126.73078,37.57568],[126.73093,37.57569]]]}},{"type":"Feature","properties":{"id":474523658},"geometry":{"type":"Polygon","coordinates":[[[126.71817,37.46634],[126.71908,37.46591],[126.71891,37.46534],[126.7189,37.46533],[126.71887,37.46532],[126.71882,37.4654],[126.71871,37.46537],[126.71861,37.46547],[126.71851,37.46554],[126.71847,37.46561],[126.71836,37.46555],[126.71833,37.46561],[126.71831,37.46565],[126.71843,37.46571],[126.71828,37.46592],[126.71812,37.46586],[126.71804,37.466],[126.71796,37.46632],[126.71817,37.46634]]]}},{"type":"Feature","properties":{"id":474556135},"geometry":{"type":"Polygon","coordinates":[[[127.05621,37.64547],[127.0563,37.64545],[127.05638,37.64545],[127.05637,37.64534],[127.05631,37.64515],[127.05608,37.64451],[127.05592,37.64405],[127.05576,37.64365],[127.05573,37.64346],[127.05568,37.64316],[127.05567,37.6431],[127.05566,37.64296],[127.05565,37.64287],[127.05564,37.64278],[127.05563,37.64257],[127.05561,37.64229],[127.05581,37.64135],[127.05553,37.64124],[127.05534,37.64213],[127.0553,37.64249],[127.05545,37.64325],[127.05549,37.64347],[127.05557,37.64393],[127.05563,37.64421],[127.05589,37.64492],[127.05613,37.64546],[127.05621,37.64547]]]}},{"type":"Feature","properties":{"id":474561460},"geometry":{"type":"Polygon","coordinates":[[[127.07559,37.63083],[127.07614,37.6307],[127.07628,37.63064],[127.07642,37.63064],[127.07661,37.63034],[127.07652,37.6303],[127.07631,37.63056],[127.0763,37.63059],[127.07618,37.63061],[127.07599,37.63069],[127.07557,37.63079],[127.07559,37.63083]]]}},{"type":"Feature","properties":{"id":474561462},"geometry":{"type":"Polygon","coordinates":[[[127.0773,37.63226],[127.0776,37.63217],[127.07751,37.63197],[127.07779,37.6319],[127.07757,37.63132],[127.07739,37.63117],[127.0768,37.6309],[127.07677,37.63095],[127.07726,37.63227],[127.0773,37.63226]]]}},{"type":"Feature","properties":{"id":474561465},"geometry":{"type":"Polygon","coordinates":[[[127.07787,37.63118],[127.07786,37.63114],[127.07789,37.63113],[127.07882,37.6312],[127.07935,37.63129],[127.07932,37.63135],[127.07922,37.63144],[127.07909,37.63147],[127.07901,37.63153],[127.07894,37.63159],[127.07872,37.63165],[127.07862,37.63165],[127.07849,37.63158],[127.07836,37.63146],[127.07787,37.63118]]]}},{"type":"Feature","properties":{"id":474636219},"geometry":{"type":"Polygon","coordinates":[[[127.06136,37.49617],[127.06185,37.49652],[127.06218,37.49607],[127.06286,37.49475],[127.06225,37.49449],[127.06218,37.49468],[127.06206,37.4948],[127.0619,37.49487],[127.06152,37.49594],[127.06148,37.49604],[127.06136,37.49617]]]}},{"type":"Feature","properties":{"id":474757355},"geometry":{"type":"Polygon","coordinates":[[[126.82322,37.61478],[126.82318,37.61466],[126.82342,37.61454],[126.82417,37.61401],[126.82498,37.61344],[126.82535,37.61318],[126.82604,37.61295],[126.82674,37.61349],[126.82527,37.61483],[126.8247,37.6153],[126.82393,37.61588],[126.82322,37.61478]]]}},{"type":"Feature","properties":{"id":474830487},"geometry":{"type":"Polygon","coordinates":[[[126.82258,37.5571],[126.82204,37.55742],[126.8222,37.55845],[126.82154,37.55852],[126.82136,37.55747],[126.82059,37.55755],[126.82057,37.5574],[126.82013,37.55744],[126.82004,37.5569],[126.82004,37.55662],[126.82033,37.55663],[126.82034,37.5561],[126.82035,37.55606],[126.82037,37.55603],[126.82062,37.55621],[126.82111,37.55658],[126.82149,37.55627],[126.82258,37.5571]]]}},{"type":"Feature","properties":{"id":474830488},"geometry":{"type":"Polygon","coordinates":[[[126.82177,37.56],[126.82245,37.55993],[126.82224,37.55861],[126.82156,37.55868],[126.82177,37.56]]]}},{"type":"Feature","properties":{"id":474937205},"geometry":{"type":"Polygon","coordinates":[[[127.05018,37.6479],[127.05118,37.64815],[127.05156,37.6472],[127.05059,37.64698],[127.05018,37.6479]]]}},{"type":"Feature","properties":{"id":475040833},"geometry":{"type":"Polygon","coordinates":[[[126.82916,37.53603],[126.82916,37.536],[126.82956,37.53606],[126.8296,37.53604],[126.82964,37.53602],[126.82969,37.53602],[126.83178,37.5363],[126.83229,37.5364],[126.83393,37.53664],[126.83391,37.53674],[126.83227,37.5365],[126.83175,37.53646],[126.82966,37.53616],[126.82962,37.53615],[126.82959,37.53612],[126.82956,37.53609],[126.82916,37.53603]]]}},{"type":"Feature","properties":{"id":475077542},"geometry":{"type":"Polygon","coordinates":[[[126.8882,37.51102],[126.88803,37.51064],[126.88821,37.51045],[126.88884,37.51086],[126.8882,37.51102]]]}},{"type":"Feature","properties":{"id":475128086},"geometry":{"type":"Polygon","coordinates":[[[127.07786,37.49589],[127.07837,37.49489],[127.07953,37.49527],[127.07902,37.49627],[127.07786,37.49589]]]}},{"type":"Feature","properties":{"id":475330836},"geometry":{"type":"Polygon","coordinates":[[[126.7621,37.6729],[126.7621,37.6729],[126.76218,37.67302],[126.76193,37.67313],[126.76151,37.6733],[126.76076,37.67365],[126.76041,37.67381],[126.76007,37.67396],[126.76004,37.67397],[126.76002,37.67392],[126.75995,37.67384],[126.76113,37.67332],[126.76141,37.6732],[126.7621,37.6729]]]}},{"type":"Feature","properties":{"id":475573928},"geometry":{"type":"Polygon","coordinates":[[[126.85071,37.61739],[126.85059,37.61736],[126.85047,37.61723],[126.85041,37.61722],[126.8503,37.61708],[126.85018,37.61694],[126.85016,37.61691],[126.85014,37.61686],[126.85012,37.6168],[126.85013,37.61675],[126.85019,37.61671],[126.85023,37.61668],[126.85029,37.61665],[126.85062,37.61648],[126.85084,37.61634],[126.85095,37.61628],[126.85113,37.61647],[126.85116,37.61651],[126.85126,37.61664],[126.8514,37.61666],[126.852,37.61671],[126.852,37.61681],[126.85194,37.61695],[126.85171,37.6169],[126.85152,37.6169],[126.85119,37.61709],[126.85071,37.61739]]]}},{"type":"Feature","properties":{"id":475600791},"geometry":{"type":"Polygon","coordinates":[[[126.85106,37.61399],[126.8511,37.61437],[126.85135,37.6144],[126.85146,37.61434],[126.85145,37.61432],[126.85166,37.6142],[126.85179,37.61433],[126.85208,37.61418],[126.85221,37.61418],[126.85247,37.61402],[126.85204,37.61365],[126.85179,37.61381],[126.8515,37.61398],[126.85106,37.61399]]]}},{"type":"Feature","properties":{"id":475603725},"geometry":{"type":"Polygon","coordinates":[[[126.84367,37.6154],[126.84367,37.61523],[126.84368,37.61465],[126.84366,37.61407],[126.84386,37.6141],[126.84459,37.61459],[126.84479,37.61472],[126.84451,37.61513],[126.84432,37.6155],[126.84367,37.6154]]]}},{"type":"Feature","properties":{"id":475986016},"geometry":{"type":"Polygon","coordinates":[[[127.05195,37.54522],[127.05259,37.54504],[127.05314,37.54479],[127.05299,37.54446],[127.05274,37.54469],[127.05235,37.54441],[127.05184,37.54493],[127.05195,37.54522]]]}},{"type":"Feature","properties":{"id":476444555},"geometry":{"type":"Polygon","coordinates":[[[127.00275,37.50155],[127.00285,37.50102],[127.00238,37.50086],[127.00245,37.50084],[127.00261,37.50084],[127.00283,37.50087],[127.00291,37.50076],[127.00291,37.50088],[127.0029,37.50108],[127.00302,37.50118],[127.00313,37.50119],[127.00324,37.50115],[127.00335,37.50117],[127.00333,37.50121],[127.00338,37.50127],[127.00338,37.50135],[127.00337,37.50144],[127.00332,37.50153],[127.00325,37.50159],[127.00315,37.50164],[127.00303,37.50168],[127.00295,37.50167],[127.00278,37.5016],[127.00275,37.50159],[127.00275,37.50155]]]}},{"type":"Feature","properties":{"id":477110870},"geometry":{"type":"Polygon","coordinates":[[[127.0583,37.66331],[127.05834,37.66338],[127.05864,37.66341],[127.05866,37.66336],[127.05876,37.66334],[127.05947,37.66346],[127.05943,37.6636],[127.05964,37.66366],[127.05967,37.66354],[127.06,37.66359],[127.06009,37.66353],[127.06054,37.6636],[127.06062,37.66356],[127.06078,37.6632],[127.06078,37.66314],[127.06074,37.66315],[127.06006,37.66306],[127.06001,37.66301],[127.06003,37.66289],[127.06,37.66283],[127.05968,37.66279],[127.05964,37.66287],[127.05954,37.66294],[127.0589,37.66286],[127.05886,37.66279],[127.05863,37.66273],[127.05863,37.66258],[127.05851,37.66258],[127.05843,37.6628],[127.05836,37.66307],[127.0583,37.66331]]]}},{"type":"Feature","properties":{"id":477482749},"geometry":{"type":"Polygon","coordinates":[[[126.92538,37.55863],[126.92555,37.55843],[126.92556,37.55842],[126.92557,37.55842],[126.92562,37.55845],[126.92565,37.55847],[126.92564,37.55849],[126.92555,37.55863],[126.9255,37.55873],[126.92549,37.55874],[126.92541,37.55886],[126.92538,37.5589],[126.92537,37.55892],[126.92536,37.55893],[126.92525,37.55909],[126.92524,37.5591],[126.92523,37.55911],[126.92511,37.55926],[126.92509,37.55928],[126.92504,37.55934],[126.92495,37.55945],[126.92493,37.55947],[126.92472,37.55975],[126.9247,37.55976],[126.92469,37.55978],[126.92461,37.55987],[126.9246,37.55989],[126.92435,37.56024],[126.92418,37.56047],[126.92406,37.56062],[126.92168,37.56358],[126.92151,37.56381],[126.92076,37.56474],[126.92028,37.56534],[126.91967,37.56609],[126.91941,37.56642],[126.9194,37.56649],[126.91919,37.56662],[126.91902,37.56679],[126.91889,37.56687],[126.91824,37.56713],[126.91823,37.56711],[126.91821,37.56708],[126.91848,37.56694],[126.91887,37.56667],[126.91897,37.56653],[126.9189,37.5665],[126.9193,37.56602],[126.91936,37.56592],[126.9194,37.56593],[126.9215,37.56338],[126.92154,37.56334],[126.92342,37.56099],[126.9239,37.56041],[126.92398,37.56027],[126.92398,37.56026],[126.92402,37.56022],[126.92413,37.56009],[126.92413,37.56008],[126.92414,37.56007],[126.92423,37.55996],[126.92424,37.55995],[126.92425,37.55994],[126.92435,37.55982],[126.92436,37.55981],[126.92438,37.55979],[126.92448,37.55966],[126.92451,37.55962],[126.92474,37.55935],[126.92475,37.55933],[126.92486,37.55921],[126.92505,37.559],[126.92519,37.55885],[126.9252,37.55884],[126.92524,37.55879],[126.92527,37.55876],[126.92532,37.55871],[126.92538,37.55863]]]}},{"type":"Feature","properties":{"id":477629723},"geometry":{"type":"Polygon","coordinates":[[[126.90093,37.61294],[126.90064,37.61284],[126.90055,37.61238],[126.90073,37.61215],[126.90087,37.61209],[126.90101,37.6119],[126.9012,37.61196],[126.90126,37.61207],[126.9015,37.61224],[126.90143,37.61242],[126.90117,37.61259],[126.90099,37.6129],[126.90093,37.61294]]]}},{"type":"Feature","properties":{"id":477834772},"geometry":{"type":"Polygon","coordinates":[[[127.18744,37.57496],[127.18738,37.57485],[127.18727,37.57461],[127.18713,37.57423],[127.18705,37.57395],[127.18699,37.57362],[127.18687,37.57304],[127.18674,37.57242],[127.18748,37.57231],[127.1876,37.57328],[127.18783,37.57415],[127.18806,37.57474],[127.18823,37.57489],[127.19046,37.57461],[127.19122,37.57283],[127.19137,37.57286],[127.19101,37.57369],[127.19064,37.57454],[127.19081,37.57468],[127.19271,37.57519],[127.19266,37.57531],[127.19049,37.57471],[127.18826,37.57501],[127.18873,37.57564],[127.18915,37.57609],[127.18966,37.57656],[127.18952,37.57657],[127.18926,37.5766],[127.18869,37.57667],[127.18816,37.57597],[127.18776,37.57545],[127.18754,37.57513],[127.18749,37.57504],[127.18744,37.57496]]]}},{"type":"Feature","properties":{"id":477834788},"geometry":{"type":"Polygon","coordinates":[[[127.18682,37.57213],[127.18669,37.57214],[127.18668,37.57208],[127.18637,37.57035],[127.18635,37.57021],[127.18629,37.56941],[127.18623,37.56817],[127.1862,37.56809],[127.1862,37.56805],[127.18627,37.56734],[127.18629,37.56694],[127.18677,37.56693],[127.18703,37.56698],[127.1874,37.567],[127.18763,37.56696],[127.18795,37.56701],[127.18786,37.56719],[127.18752,37.56797],[127.18718,37.56899],[127.18717,37.56971],[127.18726,37.57007],[127.18801,37.56998],[127.1887,37.56989],[127.18935,37.56988],[127.18965,37.5699],[127.18961,37.56999],[127.18897,37.56998],[127.18755,37.57016],[127.18723,37.5702],[127.18729,37.57086],[127.18741,37.57208],[127.1873,37.57209],[127.18682,37.57213]]]}},{"type":"Feature","properties":{"id":478080911},"geometry":{"type":"Polygon","coordinates":[[[127.05154,37.59887],[127.05141,37.59864],[127.05147,37.59837],[127.05129,37.59799],[127.05136,37.59763],[127.05141,37.59751],[127.05147,37.59739],[127.05207,37.59756],[127.0522,37.59748],[127.05236,37.5973],[127.05251,37.59736],[127.05269,37.59753],[127.05275,37.59766],[127.05286,37.59777],[127.05304,37.59787],[127.0532,37.598],[127.05317,37.59801],[127.05298,37.59789],[127.05277,37.59783],[127.05266,37.59783],[127.05256,37.59786],[127.05253,37.59805],[127.05237,37.59808],[127.05233,37.59834],[127.05226,37.59837],[127.05201,37.59887],[127.05154,37.59887]]]}},{"type":"Feature","properties":{"id":478442426},"geometry":{"type":"Polygon","coordinates":[[[126.78811,37.63845],[126.78837,37.63825],[126.78893,37.63871],[126.78866,37.63891],[126.78811,37.63845]]]}},{"type":"Feature","properties":{"id":478442427},"geometry":{"type":"Polygon","coordinates":[[[126.78727,37.63756],[126.78766,37.63789],[126.78817,37.6375],[126.78776,37.63717],[126.78727,37.63756]]]}},{"type":"Feature","properties":{"id":478442428},"geometry":{"type":"Polygon","coordinates":[[[126.78636,37.6382],[126.78689,37.63864],[126.78718,37.63844],[126.78663,37.63799],[126.78636,37.6382]]]}},{"type":"Feature","properties":{"id":478533154},"geometry":{"type":"Polygon","coordinates":[[[126.76485,37.667],[126.76493,37.66694],[126.76498,37.6669],[126.76439,37.6664],[126.76385,37.66595],[126.76442,37.66546],[126.76489,37.66507],[126.76499,37.66498],[126.76489,37.66492],[126.7648,37.66486],[126.76475,37.6649],[126.76471,37.66494],[126.76398,37.66561],[126.76334,37.66516],[126.76316,37.6653],[126.76251,37.66478],[126.76214,37.66451],[126.76184,37.66429],[126.76179,37.66433],[126.76173,37.66438],[126.76186,37.6645],[126.76305,37.66548],[126.76191,37.66619],[126.76196,37.66626],[126.76202,37.66634],[126.76325,37.66561],[126.76422,37.66646],[126.76485,37.667]]]}},{"type":"Feature","properties":{"id":478541811},"geometry":{"type":"Polygon","coordinates":[[[127.08328,37.50653],[127.08332,37.50652],[127.08335,37.50651],[127.08339,37.5065],[127.08369,37.50641],[127.08412,37.50629],[127.08414,37.50629],[127.08417,37.50628],[127.08427,37.50625],[127.08423,37.50615],[127.08402,37.50569],[127.08401,37.50565],[127.08392,37.50568],[127.0839,37.50568],[127.08363,37.50576],[127.08327,37.50586],[127.08341,37.50619],[127.08316,37.50626],[127.08318,37.50629],[127.08328,37.50653]]]}},{"type":"Feature","properties":{"id":478649156},"geometry":{"type":"Polygon","coordinates":[[[126.88379,37.46458],[126.88394,37.46455],[126.88517,37.46316],[126.8851,37.46312],[126.88434,37.46272],[126.88324,37.46391],[126.88317,37.46399],[126.88302,37.46417],[126.88379,37.46458]]]}},{"type":"Feature","properties":{"id":478769354},"geometry":{"type":"Polygon","coordinates":[[[126.76342,37.67407],[126.76349,37.67386],[126.76339,37.67383],[126.7633,37.67378],[126.76324,37.67371],[126.76321,37.67366],[126.7632,37.6736],[126.7632,37.67354],[126.76321,37.67349],[126.76324,37.67344],[126.76327,37.6734],[126.76334,37.67335],[126.76331,37.6733],[126.76327,37.67325],[126.76319,37.67313],[126.76317,37.6731],[126.76299,37.67284],[126.76298,37.67283],[126.76293,37.67276],[126.76292,37.67274],[126.76292,37.67271],[126.76289,37.67271],[126.76287,37.67271],[126.76285,37.6727],[126.76282,37.67269],[126.76272,37.67273],[126.76275,37.67278],[126.76287,37.67295],[126.76294,37.67305],[126.76296,37.6732],[126.76295,37.67336],[126.76293,37.67345],[126.76292,37.67352],[126.76295,37.67374],[126.76301,37.67382],[126.76303,37.67385],[126.76313,37.67394],[126.76325,37.67401],[126.76342,37.67407]]]}},{"type":"Feature","properties":{"id":478769355},"geometry":{"type":"Polygon","coordinates":[[[126.76397,37.67389],[126.76386,37.67377],[126.7639,37.67371],[126.76393,37.67365],[126.76395,37.67359],[126.76394,37.67352],[126.76391,37.67345],[126.76387,37.67339],[126.7638,37.67334],[126.76372,37.6733],[126.76364,37.67328],[126.76358,37.67328],[126.76351,37.67328],[126.76344,37.6733],[126.76339,37.67321],[126.76329,37.67306],[126.76318,37.6729],[126.76317,37.67288],[126.76316,37.67286],[126.76306,37.6727],[126.76305,37.67268],[126.76293,37.67264],[126.76313,37.67255],[126.76347,37.6724],[126.76341,37.67251],[126.76333,37.67273],[126.76348,37.67292],[126.76369,37.67296],[126.76384,37.67297],[126.76391,37.67299],[126.76405,37.6731],[126.76409,37.67314],[126.76415,37.67319],[126.76418,37.67321],[126.76422,37.67326],[126.76423,37.67328],[126.76424,37.67332],[126.76424,37.67336],[126.76424,37.67341],[126.76422,37.67353],[126.76417,37.67363],[126.76416,37.67365],[126.76414,37.6737],[126.76412,37.67374],[126.7641,37.67377],[126.76409,37.67379],[126.76407,37.67381],[126.76407,37.67382],[126.76406,37.67382],[126.76404,37.67385],[126.76401,37.67387],[126.76397,37.67389]]]}},{"type":"Feature","properties":{"id":479257410},"geometry":{"type":"Polygon","coordinates":[[[126.90412,37.44698],[126.90406,37.44717],[126.90378,37.44712],[126.90388,37.44681],[126.90399,37.4464],[126.90404,37.44616],[126.90462,37.44627],[126.90457,37.44651],[126.9045,37.44673],[126.9044,37.44704],[126.90412,37.44698]]]}},{"type":"Feature","properties":{"id":479529339},"geometry":{"type":"Polygon","coordinates":[[[126.84559,37.47253],[126.84621,37.47236],[126.84651,37.47221],[126.8461,37.47178],[126.84592,37.47188],[126.8455,37.47193],[126.84559,37.47253]]]}},{"type":"Feature","properties":{"id":480574781},"geometry":{"type":"Polygon","coordinates":[[[126.7843,37.64705],[126.78446,37.64692],[126.7845,37.64689],[126.78454,37.64686],[126.7848,37.64665],[126.78505,37.64646],[126.78508,37.64643],[126.78511,37.64641],[126.78521,37.64633],[126.7849,37.64609],[126.78478,37.64599],[126.78464,37.64588],[126.78383,37.64648],[126.78372,37.64656],[126.78396,37.64675],[126.78414,37.64691],[126.7842,37.64696],[126.7843,37.64705]]]}},{"type":"Feature","properties":{"id":480574782},"geometry":{"type":"Polygon","coordinates":[[[126.78829,37.64647],[126.78853,37.64629],[126.78877,37.6461],[126.78844,37.64581],[126.78838,37.64576],[126.78814,37.64595],[126.78803,37.64604],[126.78816,37.64617],[126.78805,37.64627],[126.78807,37.64629],[126.78829,37.64647]]]}},{"type":"Feature","properties":{"id":480975989},"geometry":{"type":"Polygon","coordinates":[[[126.82967,37.63349],[126.82953,37.63279],[126.82988,37.63274],[126.83026,37.63268],[126.8303,37.63291],[126.83033,37.6331],[126.83039,37.6334],[126.82967,37.63349]]]}},{"type":"Feature","properties":{"id":481133940},"geometry":{"type":"Polygon","coordinates":[[[126.76362,37.67225],[126.76366,37.67232],[126.76369,37.67236],[126.76371,37.67239],[126.7648,37.6719],[126.76594,37.6714],[126.76591,37.67136],[126.76585,37.67127],[126.76472,37.67176],[126.76466,37.67178],[126.76362,37.67225]]]}},{"type":"Feature","properties":{"id":481135159},"geometry":{"type":"Polygon","coordinates":[[[126.7549,37.66642],[126.75485,37.66635],[126.75463,37.66609],[126.75597,37.66549],[126.75605,37.66546],[126.75611,37.66543],[126.75723,37.66478],[126.75734,37.66505],[126.75733,37.66506],[126.75601,37.66588],[126.7555,37.66616],[126.7549,37.66642]]]}},{"type":"Feature","properties":{"id":481521642},"geometry":{"type":"Polygon","coordinates":[[[127.04902,37.64512],[127.04909,37.6451],[127.04916,37.64507],[127.04923,37.64504],[127.04929,37.64502],[127.04944,37.64503],[127.04959,37.64505],[127.04966,37.64501],[127.04972,37.64497],[127.04975,37.6449],[127.04973,37.64484],[127.04975,37.64479],[127.0498,37.64472],[127.04982,37.64463],[127.04979,37.64453],[127.04967,37.64442],[127.04941,37.64445],[127.04935,37.64452],[127.04929,37.64454],[127.04914,37.64454],[127.04907,37.64461],[127.04902,37.6446],[127.04894,37.6446],[127.04889,37.64461],[127.04889,37.64462],[127.04897,37.6449],[127.04902,37.64512]]]}},{"type":"Feature","properties":{"id":481521646},"geometry":{"type":"Polygon","coordinates":[[[127.04872,37.64376],[127.04875,37.6436],[127.04869,37.64342],[127.04877,37.64314],[127.04879,37.64299],[127.04877,37.64267],[127.04848,37.64263],[127.04821,37.64266],[127.04774,37.64278],[127.04794,37.64334],[127.048,37.64346],[127.04806,37.64346],[127.04804,37.64357],[127.04872,37.64376]]]}},{"type":"Feature","properties":{"id":482230738},"geometry":{"type":"Polygon","coordinates":[[[126.75584,37.49743],[126.75591,37.49773],[126.75596,37.49781],[126.75624,37.49887],[126.75627,37.49914],[126.75634,37.49934],[126.75648,37.49981],[126.75647,37.49989],[126.75619,37.49994],[126.75581,37.49845],[126.75561,37.49785],[126.75496,37.49787],[126.75487,37.49761],[126.75472,37.49759],[126.75484,37.49741],[126.75528,37.4974],[126.75539,37.49743],[126.75584,37.49743]]]}},{"type":"Feature","properties":{"id":482283332},"geometry":{"type":"Polygon","coordinates":[[[126.70307,37.46316],[126.70311,37.46319],[126.7039,37.46323],[126.70394,37.46319],[126.70401,37.46245],[126.70396,37.46242],[126.70311,37.46239],[126.70307,37.46243],[126.70307,37.46316]]]}},{"type":"Feature","properties":{"id":484699402},"geometry":{"type":"Polygon","coordinates":[[[127.03282,37.66005],[127.03274,37.66004],[127.03267,37.66003],[127.03243,37.6599],[127.03231,37.65984],[127.03213,37.65978],[127.03201,37.65978],[127.03186,37.65977],[127.03177,37.65974],[127.0316,37.65973],[127.03139,37.65972],[127.03111,37.65971],[127.0309,37.65973],[127.03048,37.65973],[127.03033,37.65977],[127.03006,37.65981],[127.03007,37.65987],[127.02995,37.65989],[127.02968,37.65984],[127.02958,37.65979],[127.02952,37.65977],[127.02945,37.65974],[127.02935,37.65971],[127.02925,37.65967],[127.02918,37.6596],[127.02914,37.65954],[127.02905,37.65946],[127.02888,37.65935],[127.02873,37.65931],[127.02849,37.65924],[127.02826,37.65924],[127.02814,37.65924],[127.02815,37.65908],[127.02814,37.65904],[127.02803,37.65899],[127.02786,37.65894],[127.02786,37.65881],[127.02818,37.65892],[127.02841,37.65904],[127.02854,37.65903],[127.02853,37.65886],[127.02886,37.65902],[127.0291,37.65917],[127.0292,37.65923],[127.02928,37.65928],[127.02936,37.65933],[127.02954,37.65931],[127.02955,37.65936],[127.02974,37.65944],[127.02999,37.65955],[127.03017,37.65957],[127.03027,37.65959],[127.03038,37.65957],[127.03047,37.65954],[127.03053,37.65949],[127.03063,37.65946],[127.03088,37.65945],[127.03142,37.65945],[127.0317,37.65944],[127.03179,37.65942],[127.03186,37.65943],[127.03192,37.65941],[127.03207,37.65943],[127.03239,37.65956],[127.03266,37.65972],[127.03266,37.65974],[127.03267,37.65977],[127.0328,37.65988],[127.03289,37.65995],[127.03298,37.66003],[127.03297,37.66004],[127.03295,37.66006],[127.03289,37.66006],[127.03282,37.66005]]]}},{"type":"Feature","properties":{"id":484879114},"geometry":{"type":"Polygon","coordinates":[[[127.03342,37.66026],[127.03332,37.66018],[127.03315,37.66007],[127.03302,37.65999],[127.03288,37.65987],[127.03289,37.65984],[127.03286,37.6598],[127.03298,37.65984],[127.03312,37.6599],[127.03318,37.65992],[127.03343,37.65996],[127.03362,37.65998],[127.03363,37.66002],[127.03377,37.66003],[127.03376,37.66008],[127.0337,37.66014],[127.03369,37.66017],[127.03361,37.66023],[127.03348,37.66026],[127.03342,37.66026]]]}},{"type":"Feature","properties":{"id":484879115},"geometry":{"type":"Polygon","coordinates":[[[127.03332,37.66048],[127.03344,37.66031],[127.03362,37.66027],[127.03369,37.66025],[127.03373,37.66022],[127.03374,37.66018],[127.03378,37.66014],[127.03387,37.66013],[127.03406,37.66014],[127.03484,37.66017],[127.03481,37.66026],[127.0348,37.66032],[127.03478,37.66039],[127.03476,37.66058],[127.03461,37.66056],[127.03417,37.6605],[127.03363,37.66045],[127.03353,37.6605],[127.03332,37.66048]]]}},{"type":"Feature","properties":{"id":485045394},"geometry":{"type":"Polygon","coordinates":[[[127.03996,37.64866],[127.04002,37.64873],[127.0401,37.64878],[127.04015,37.64883],[127.04017,37.64891],[127.04023,37.64897],[127.04031,37.64902],[127.04039,37.64904],[127.04045,37.64907],[127.0405,37.64912],[127.0406,37.64914],[127.04072,37.64913],[127.04079,37.64909],[127.04089,37.64907],[127.041,37.64901],[127.04104,37.649],[127.04114,37.64907],[127.0412,37.64909],[127.04123,37.64911],[127.04127,37.6492],[127.04144,37.64938],[127.04167,37.64958],[127.04172,37.64953],[127.04185,37.6494],[127.04223,37.64907],[127.04261,37.6488],[127.04267,37.64876],[127.04248,37.64862],[127.0423,37.64861],[127.0422,37.64857],[127.04167,37.64809],[127.04181,37.64794],[127.0416,37.64783],[127.04148,37.64777],[127.04145,37.64774],[127.04142,37.64772],[127.04141,37.64767],[127.04134,37.6476],[127.04128,37.64755],[127.04121,37.64745],[127.04118,37.64747],[127.04116,37.64744],[127.04102,37.64727],[127.041,37.64726],[127.04101,37.64725],[127.04098,37.6472],[127.04088,37.64713],[127.04077,37.64707],[127.04067,37.64699],[127.04059,37.64691],[127.04022,37.64687],[127.04005,37.64682],[127.04004,37.6469],[127.04006,37.64695],[127.04004,37.64704],[127.04005,37.64712],[127.04006,37.64721],[127.04015,37.64736],[127.04009,37.6474],[127.04006,37.64743],[127.04005,37.64747],[127.04005,37.6475],[127.04003,37.64757],[127.03997,37.64756],[127.03995,37.6476],[127.03993,37.64764],[127.03995,37.64771],[127.03993,37.6478],[127.03997,37.64784],[127.04009,37.64787],[127.04013,37.6479],[127.03997,37.64794],[127.03987,37.648],[127.03984,37.64806],[127.03984,37.64813],[127.03985,37.64819],[127.03985,37.64825],[127.0399,37.64831],[127.03993,37.64834],[127.0399,37.64839],[127.03988,37.64846],[127.03989,37.64852],[127.0399,37.64858],[127.03996,37.64866]]]}},{"type":"Feature","properties":{"id":485047329},"geometry":{"type":"Polygon","coordinates":[[[127.04279,37.61798],[127.04274,37.61807],[127.04266,37.61829],[127.0427,37.61846],[127.04281,37.61862],[127.04297,37.61872],[127.04302,37.61878],[127.04304,37.61891],[127.04306,37.61894],[127.04312,37.61899],[127.04328,37.61913],[127.04347,37.61921],[127.04359,37.61928],[127.04364,37.61938],[127.04361,37.61954],[127.04347,37.61965],[127.04319,37.61979],[127.04298,37.61986],[127.04287,37.61977],[127.0428,37.61968],[127.04277,37.61965],[127.0426,37.6197],[127.04257,37.6198],[127.04252,37.61985],[127.04234,37.61994],[127.04229,37.62002],[127.04237,37.62007],[127.0424,37.62015],[127.0424,37.62024],[127.04224,37.6203],[127.0421,37.62039],[127.04198,37.62041],[127.04174,37.62045],[127.04159,37.62043],[127.04139,37.6204],[127.04117,37.62038],[127.04114,37.62048],[127.04114,37.62062],[127.04115,37.62069],[127.04113,37.62081],[127.04113,37.62088],[127.04102,37.62087],[127.04098,37.62086],[127.04066,37.62095],[127.04061,37.6209],[127.04044,37.62093],[127.04034,37.62102],[127.04018,37.6211],[127.04024,37.62118],[127.04015,37.62123],[127.04006,37.62127],[127.04,37.62141],[127.03999,37.62146],[127.03991,37.62156],[127.03981,37.6216],[127.0398,37.62164],[127.03924,37.62192],[127.03926,37.62194],[127.03928,37.622],[127.03918,37.62203],[127.03853,37.62181],[127.03838,37.622],[127.03837,37.62208],[127.03829,37.62204],[127.03812,37.62198],[127.03804,37.62197],[127.03801,37.62197],[127.03799,37.62203],[127.03794,37.6221],[127.0379,37.62214],[127.03785,37.62217],[127.03776,37.62218],[127.03777,37.62228],[127.03778,37.62244],[127.03779,37.62254],[127.03779,37.62276],[127.0378,37.62287],[127.0378,37.62296],[127.03779,37.62304],[127.03777,37.62311],[127.03776,37.62324],[127.03777,37.62336],[127.03773,37.62347],[127.03776,37.62352],[127.03864,37.62386],[127.03863,37.62387],[127.03885,37.62389],[127.03895,37.62387],[127.03904,37.62385],[127.03905,37.62382],[127.03908,37.62378],[127.03911,37.62376],[127.03914,37.62357],[127.0392,37.6234],[127.03928,37.62326],[127.03934,37.62321],[127.03937,37.62318],[127.03945,37.62315],[127.03964,37.62305],[127.03967,37.62298],[127.03969,37.62293],[127.03972,37.6229],[127.03975,37.62289],[127.03985,37.62278],[127.04,37.62267],[127.04013,37.62259],[127.04021,37.62257],[127.04036,37.62258],[127.04056,37.62258],[127.04073,37.62259],[127.0409,37.62259],[127.04114,37.62262],[127.04141,37.62265],[127.04174,37.62261],[127.042,37.62244],[127.04222,37.62226],[127.04248,37.62204],[127.0426,37.62196],[127.04276,37.62182],[127.04287,37.62165],[127.04303,37.62113],[127.0431,37.62104],[127.0432,37.62102],[127.04323,37.62097],[127.04336,37.62078],[127.04352,37.62053],[127.04372,37.62047],[127.04384,37.62044],[127.04397,37.62044],[127.04407,37.62047],[127.0442,37.62052],[127.04437,37.62058],[127.04446,37.62066],[127.04449,37.62065],[127.04441,37.62044],[127.04445,37.62036],[127.04451,37.62026],[127.04459,37.62018],[127.04446,37.61997],[127.04446,37.61992],[127.04448,37.61988],[127.04455,37.61983],[127.04449,37.61971],[127.04439,37.61948],[127.04432,37.61938],[127.04434,37.61933],[127.04402,37.61899],[127.0437,37.61864],[127.04334,37.61837],[127.04279,37.61798]]]}},{"type":"Feature","properties":{"id":486823903},"geometry":{"type":"Polygon","coordinates":[[[126.77837,37.49025],[126.77919,37.49013],[126.77907,37.48957],[126.77824,37.48968],[126.77837,37.49025]]]}},{"type":"Feature","properties":{"id":488820091},"geometry":{"type":"Polygon","coordinates":[[[126.76696,37.51187],[126.76729,37.51161],[126.7674,37.51154],[126.76786,37.51203],[126.76765,37.51235],[126.76681,37.51201],[126.76696,37.51187]]]}},{"type":"Feature","properties":{"id":488820099},"geometry":{"type":"Polygon","coordinates":[[[126.77181,37.51105],[126.77181,37.51052],[126.77259,37.51053],[126.77259,37.51104],[126.77181,37.51105]]]}},{"type":"Feature","properties":{"id":488839380},"geometry":{"type":"Polygon","coordinates":[[[126.7699,37.51029],[126.76988,37.51004],[126.76994,37.50997],[126.77058,37.5099],[126.7711,37.50972],[126.77101,37.50985],[126.77057,37.51008],[126.77055,37.51034],[126.76997,37.51034],[126.7699,37.51029]]]}},{"type":"Feature","properties":{"id":488843382},"geometry":{"type":"Polygon","coordinates":[[[126.77569,37.50761],[126.77584,37.50707],[126.77627,37.50701],[126.77623,37.50666],[126.77693,37.50655],[126.77691,37.50666],[126.77624,37.50726],[126.77569,37.50761]]]}},{"type":"Feature","properties":{"id":488843383},"geometry":{"type":"Polygon","coordinates":[[[126.76525,37.50794],[126.76503,37.50687],[126.7655,37.5068],[126.76571,37.50788],[126.76525,37.50794]]]}},{"type":"Feature","properties":{"id":488843384},"geometry":{"type":"Polygon","coordinates":[[[126.7629,37.50713],[126.76271,37.50629],[126.76331,37.50621],[126.76348,37.50707],[126.7629,37.50713]]]}},{"type":"Feature","properties":{"id":488843787},"geometry":{"type":"Polygon","coordinates":[[[126.77211,37.50707],[126.77187,37.506],[126.77241,37.50592],[126.77262,37.50701],[126.77211,37.50707]]]}},{"type":"Feature","properties":{"id":489787089},"geometry":{"type":"Polygon","coordinates":[[[126.76229,37.515],[126.76424,37.51501],[126.76426,37.51394],[126.764,37.51397],[126.76381,37.51399],[126.76385,37.51414],[126.764,37.51412],[126.76414,37.5147],[126.76289,37.51491],[126.76287,37.51487],[126.76242,37.51494],[126.76237,37.51489],[126.76229,37.5149],[126.76229,37.515]]]}},{"type":"Feature","properties":{"id":489787090},"geometry":{"type":"Polygon","coordinates":[[[126.76387,37.51324],[126.76381,37.51311],[126.76368,37.51299],[126.76354,37.51291],[126.76337,37.51286],[126.76333,37.51286],[126.76324,37.51239],[126.76454,37.51221],[126.76457,37.5124],[126.76436,37.51314],[126.76387,37.51324]]]}},{"type":"Feature","properties":{"id":489787092},"geometry":{"type":"Polygon","coordinates":[[[126.7612,37.51411],[126.76145,37.51491],[126.7621,37.51481],[126.76212,37.51488],[126.7621,37.51497],[126.76116,37.51495],[126.76093,37.51416],[126.7612,37.51411]]]}},{"type":"Feature","properties":{"id":489787093},"geometry":{"type":"Polygon","coordinates":[[[126.76117,37.51344],[126.76099,37.51275],[126.76097,37.51266],[126.76059,37.51272],[126.76081,37.5135],[126.76117,37.51344]]]}},{"type":"Feature","properties":{"id":489787134},"geometry":{"type":"Polygon","coordinates":[[[126.76738,37.51899],[126.767,37.51844],[126.76797,37.51843],[126.76798,37.51898],[126.76738,37.51899]]]}},{"type":"Feature","properties":{"id":489787149},"geometry":{"type":"Polygon","coordinates":[[[126.76762,37.52059],[126.76755,37.52042],[126.76757,37.52037],[126.76763,37.52032],[126.76768,37.5203],[126.77012,37.5203],[126.7701,37.52059],[126.76762,37.52059]]]}},{"type":"Feature","properties":{"id":489787151},"geometry":{"type":"Polygon","coordinates":[[[126.77012,37.5203],[126.77472,37.52027],[126.77472,37.5206],[126.77405,37.52059],[126.77392,37.52059],[126.7731,37.52058],[126.77082,37.52059],[126.7701,37.52059],[126.77012,37.5203]]]}},{"type":"Feature","properties":{"id":489787152},"geometry":{"type":"Polygon","coordinates":[[[126.77512,37.52061],[126.77514,37.52153],[126.77519,37.52175],[126.77543,37.52237],[126.77564,37.52267],[126.77584,37.52289],[126.7756,37.52298],[126.77546,37.52294],[126.77516,37.52266],[126.77499,37.52227],[126.77484,37.5219],[126.77481,37.52159],[126.77479,37.5206],[126.77512,37.52061]]]}},{"type":"Feature","properties":{"id":489796183},"geometry":{"type":"Polygon","coordinates":[[[126.77787,37.50031],[126.77815,37.49931],[126.7787,37.4994],[126.77843,37.50041],[126.77787,37.50031]]]}},{"type":"Feature","properties":{"id":489864177},"geometry":{"type":"Polygon","coordinates":[[[126.78185,37.49888],[126.78189,37.49863],[126.78333,37.49842],[126.78347,37.49914],[126.78245,37.49898],[126.78185,37.49888]]]}},{"type":"Feature","properties":{"id":490252525},"geometry":{"type":"Polygon","coordinates":[[[126.78481,37.52265],[126.78481,37.52208],[126.78605,37.52206],[126.78605,37.52248],[126.78481,37.52265]]]}},{"type":"Feature","properties":{"id":490252528},"geometry":{"type":"Polygon","coordinates":[[[126.7848,37.52062],[126.78481,37.52024],[126.78489,37.5202],[126.78597,37.52021],[126.78602,37.52025],[126.78601,37.5206],[126.78596,37.52064],[126.78489,37.52066],[126.7848,37.52062]]]}},{"type":"Feature","properties":{"id":490252529},"geometry":{"type":"Polygon","coordinates":[[[126.76266,37.49244],[126.76254,37.49182],[126.76317,37.49172],[126.76333,37.49234],[126.76266,37.49244]]]}},{"type":"Feature","properties":{"id":490252531},"geometry":{"type":"Polygon","coordinates":[[[126.76094,37.49069],[126.76088,37.49036],[126.76081,37.49004],[126.76141,37.48998],[126.76152,37.4906],[126.76153,37.49063],[126.76102,37.49068],[126.76094,37.49069]]]}},{"type":"Feature","properties":{"id":490252533},"geometry":{"type":"Polygon","coordinates":[[[126.76135,37.48794],[126.76136,37.48786],[126.76142,37.48741],[126.76208,37.48735],[126.76205,37.4878],[126.76205,37.4879],[126.76135,37.48794]]]}},{"type":"Feature","properties":{"id":490252535},"geometry":{"type":"Polygon","coordinates":[[[126.75648,37.48831],[126.75646,37.48767],[126.75952,37.48747],[126.75962,37.48817],[126.75648,37.48831]]]}},{"type":"Feature","properties":{"id":490252536},"geometry":{"type":"Polygon","coordinates":[[[126.74798,37.48875],[126.74796,37.4882],[126.75115,37.48797],[126.75121,37.48857],[126.74798,37.48875]]]}},{"type":"Feature","properties":{"id":490252538},"geometry":{"type":"Polygon","coordinates":[[[126.77299,37.49099],[126.77286,37.49049],[126.77367,37.49036],[126.77379,37.49086],[126.77299,37.49099]]]}},{"type":"Feature","properties":{"id":490252540},"geometry":{"type":"Polygon","coordinates":[[[126.77215,37.48674],[126.77198,37.48617],[126.77273,37.48603],[126.77267,37.48634],[126.77262,37.48654],[126.77259,37.48668],[126.77215,37.48674]]]}},{"type":"Feature","properties":{"id":490252542},"geometry":{"type":"Polygon","coordinates":[[[126.77504,37.48882],[126.77492,37.48833],[126.77489,37.4882],[126.77508,37.48817],[126.77523,37.48815],[126.7755,37.48811],[126.7756,37.48846],[126.77566,37.48873],[126.77504,37.48882]]]}},{"type":"Feature","properties":{"id":490252543},"geometry":{"type":"Polygon","coordinates":[[[126.75835,37.48988],[126.75827,37.48951],[126.7594,37.48947],[126.75947,37.48984],[126.75835,37.48988]]]}},{"type":"Feature","properties":{"id":490732697},"geometry":{"type":"Polygon","coordinates":[[[126.74244,37.50351],[126.74227,37.50139],[126.74352,37.50133],[126.74359,37.50163],[126.74329,37.50254],[126.74301,37.503],[126.74283,37.50343],[126.74274,37.50349],[126.74244,37.50351]]]}},{"type":"Feature","properties":{"id":490781464},"geometry":{"type":"Polygon","coordinates":[[[126.76293,37.52358],[126.76314,37.52372],[126.76359,37.52374],[126.76331,37.52365],[126.76207,37.52283],[126.7618,37.52255],[126.76159,37.52219],[126.76156,37.52188],[126.76156,37.5218],[126.76156,37.52043],[126.76706,37.52043],[126.76687,37.52031],[126.76148,37.52026],[126.7613,37.52038],[126.76123,37.52109],[126.76118,37.5218],[126.76117,37.52188],[126.76116,37.52236],[126.7615,37.52269],[126.76248,37.52328],[126.76293,37.52358]]]}},{"type":"Feature","properties":{"id":490781465},"geometry":{"type":"Polygon","coordinates":[[[126.76682,37.51993],[126.7663,37.51993],[126.76618,37.51994],[126.76366,37.51994],[126.76348,37.51994],[126.76335,37.51994],[126.76148,37.51994],[126.76147,37.51808],[126.76131,37.51816],[126.76135,37.51994],[126.76144,37.52002],[126.76689,37.52006],[126.76694,37.52003],[126.76693,37.51997],[126.76689,37.51993],[126.76682,37.51993]]]}},{"type":"Feature","properties":{"id":490781466},"geometry":{"type":"Polygon","coordinates":[[[126.76145,37.51785],[126.76142,37.51613],[126.7614,37.5152],[126.76124,37.51529],[126.76131,37.51782],[126.76145,37.51785]]]}},{"type":"Feature","properties":{"id":490781468},"geometry":{"type":"Polygon","coordinates":[[[126.76541,37.51808],[126.76558,37.51808],[126.7657,37.51813],[126.76636,37.51909],[126.76635,37.51948],[126.76619,37.51948],[126.76615,37.51913],[126.76609,37.51904],[126.76593,37.51903],[126.76583,37.51871],[126.7656,37.51839],[126.76539,37.51816],[126.7654,37.51811],[126.76541,37.51808]]]}},{"type":"Feature","properties":{"id":490781469},"geometry":{"type":"Polygon","coordinates":[[[126.76028,37.51491],[126.76063,37.51485],[126.75977,37.51166],[126.7594,37.51172],[126.76028,37.51491]]]}},{"type":"Feature","properties":{"id":490781470},"geometry":{"type":"Polygon","coordinates":[[[126.75934,37.51144],[126.75969,37.51137],[126.75905,37.50908],[126.75872,37.50913],[126.75934,37.51144]]]}},{"type":"Feature","properties":{"id":490781472},"geometry":{"type":"Polygon","coordinates":[[[126.75677,37.50157],[126.75643,37.50031],[126.75663,37.50027],[126.75698,37.50154],[126.75677,37.50157]]]}},{"type":"Feature","properties":{"id":490781493},"geometry":{"type":"Polygon","coordinates":[[[126.7745,37.50227],[126.7744,37.50183],[126.77483,37.50177],[126.77564,37.50191],[126.77555,37.50214],[126.7745,37.50227]]]}},{"type":"Feature","properties":{"id":490995501},"geometry":{"type":"Polygon","coordinates":[[[126.80661,37.68467],[126.80703,37.68475],[126.80711,37.6847],[126.80714,37.68464],[126.80718,37.68456],[126.80723,37.68446],[126.80746,37.684],[126.80767,37.6837],[126.80785,37.68352],[126.80799,37.68338],[126.80673,37.68152],[126.80983,37.6805],[126.80967,37.68019],[126.80956,37.67989],[126.80949,37.67964],[126.80945,37.67942],[126.80919,37.67924],[126.80885,37.67918],[126.80824,37.67927],[126.80803,37.6795],[126.80787,37.67991],[126.80695,37.6802],[126.80665,37.68053],[126.80614,37.68113],[126.80582,37.68145],[126.80538,37.68172],[126.80472,37.68202],[126.80458,37.68218],[126.80449,37.68235],[126.80453,37.68248],[126.80464,37.68263],[126.80484,37.68275],[126.80501,37.68298],[126.80509,37.68327],[126.80503,37.6838],[126.80515,37.684],[126.80532,37.68406],[126.80559,37.68398],[126.80573,37.68399],[126.80582,37.68406],[126.80576,37.68421],[126.80581,37.68445],[126.80585,37.68452],[126.80593,37.68461],[126.8061,37.68463],[126.80661,37.68467]]]}},{"type":"Feature","properties":{"id":491152014},"geometry":{"type":"Polygon","coordinates":[[[126.766,37.5125],[126.76522,37.51221],[126.76476,37.51227],[126.76473,37.51213],[126.76471,37.51205],[126.76686,37.51176],[126.76695,37.51184],[126.76675,37.51201],[126.76664,37.51211],[126.76626,37.5123],[126.766,37.5125]]]}},{"type":"Feature","properties":{"id":491152016},"geometry":{"type":"Polygon","coordinates":[[[126.76695,37.51184],[126.76686,37.51176],[126.76725,37.51132],[126.76762,37.51089],[126.76762,37.51081],[126.76762,37.51065],[126.76768,37.5106],[126.76873,37.51059],[126.76876,37.51064],[126.76861,37.51084],[126.76802,37.51117],[126.76738,37.51152],[126.76726,37.51158],[126.76695,37.51184]]]}},{"type":"Feature","properties":{"id":493027719},"geometry":{"type":"Polygon","coordinates":[[[126.77892,37.49679],[126.77929,37.49685],[126.77931,37.49679],[126.77953,37.49597],[126.77955,37.49589],[126.77951,37.49588],[126.77918,37.49582],[126.77905,37.4963],[126.77892,37.49679]]]}},{"type":"Feature","properties":{"id":495487176},"geometry":{"type":"Polygon","coordinates":[[[127.04459,37.64617],[127.04456,37.64599],[127.04453,37.64586],[127.04451,37.64576],[127.04449,37.64569],[127.04438,37.64559],[127.04419,37.64558],[127.04414,37.64557],[127.04451,37.64476],[127.04457,37.64463],[127.0447,37.6446],[127.04485,37.64456],[127.04497,37.6446],[127.04501,37.64462],[127.04505,37.64479],[127.04533,37.64485],[127.04537,37.64495],[127.04562,37.64503],[127.04559,37.64511],[127.04637,37.64533],[127.04702,37.64571],[127.04778,37.64592],[127.04778,37.64622],[127.04737,37.64668],[127.04741,37.64677],[127.04732,37.647],[127.04691,37.64794],[127.04687,37.64825],[127.04669,37.64836],[127.04641,37.64866],[127.04618,37.64861],[127.04601,37.64862],[127.0459,37.64863],[127.04581,37.64865],[127.04548,37.64864],[127.04509,37.64866],[127.04501,37.64873],[127.04465,37.64849],[127.04474,37.64836],[127.04473,37.64827],[127.04495,37.6477],[127.0451,37.64747],[127.0451,37.64738],[127.04509,37.64729],[127.04508,37.6472],[127.04484,37.64719],[127.04486,37.64699],[127.04488,37.64687],[127.04504,37.64687],[127.04516,37.64677],[127.04519,37.64665],[127.04523,37.64655],[127.04521,37.64646],[127.04513,37.64639],[127.04503,37.64637],[127.04488,37.64644],[127.04471,37.64652],[127.04467,37.64644],[127.04459,37.64634],[127.04458,37.64625],[127.04459,37.64617]]]}},{"type":"Feature","properties":{"id":495738199},"geometry":{"type":"Polygon","coordinates":[[[126.82214,37.56247],[126.82284,37.5624],[126.82288,37.56266],[126.82403,37.56323],[126.82415,37.56322],[126.82427,37.56418],[126.82424,37.56409],[126.82418,37.56402],[126.8241,37.56395],[126.82364,37.5637],[126.82355,37.5637],[126.82347,37.56369],[126.82338,37.56371],[126.8233,37.56373],[126.8217,37.56569],[126.82143,37.56556],[126.82149,37.56549],[126.82171,37.56521],[126.82293,37.56372],[126.82229,37.56339],[126.8222,37.56287],[126.82214,37.56247]]]}},{"type":"Feature","properties":{"id":495856104},"geometry":{"type":"Polygon","coordinates":[[[126.8228,37.56215],[126.82255,37.56057],[126.82365,37.56045],[126.82362,37.56026],[126.82351,37.56021],[126.82183,37.56039],[126.8221,37.56222],[126.8228,37.56215]]]}},{"type":"Feature","properties":{"id":497984158},"geometry":{"type":"Polygon","coordinates":[[[127.03089,37.53077],[127.03103,37.53037],[127.03185,37.53055],[127.03171,37.53095],[127.03089,37.53077]]]}},{"type":"Feature","properties":{"id":497993541},"geometry":{"type":"Polygon","coordinates":[[[127.0276,37.53154],[127.02772,37.53124],[127.02966,37.53172],[127.02954,37.53202],[127.0276,37.53154]]]}},{"type":"Feature","properties":{"id":497994368},"geometry":{"type":"Polygon","coordinates":[[[127.02181,37.4981],[127.02155,37.49869],[127.02146,37.49877],[127.02127,37.49919],[127.02039,37.49893],[127.02086,37.49775],[127.02139,37.49789],[127.02163,37.49805],[127.02181,37.4981]]]}},{"type":"Feature","properties":{"id":498009893},"geometry":{"type":"Polygon","coordinates":[[[127.00996,37.50613],[127.01041,37.5053],[127.01041,37.50522],[127.01045,37.50514],[127.01054,37.50505],[127.01068,37.505],[127.0108,37.50497],[127.01092,37.50498],[127.01115,37.505],[127.01156,37.50504],[127.01201,37.50506],[127.01249,37.50505],[127.01305,37.505],[127.01378,37.5049],[127.01395,37.50487],[127.01418,37.50481],[127.01441,37.50476],[127.01482,37.50463],[127.01496,37.50489],[127.01482,37.50492],[127.01467,37.50494],[127.01438,37.50499],[127.01411,37.50505],[127.01374,37.50512],[127.01368,37.50495],[127.01305,37.50504],[127.01309,37.50519],[127.01268,37.50524],[127.01235,37.50527],[127.01215,37.50529],[127.01207,37.50532],[127.01176,37.50536],[127.01138,37.50536],[127.01129,37.50537],[127.01092,37.50536],[127.01075,37.50539],[127.01069,37.50545],[127.01067,37.50547],[127.01059,37.50555],[127.01024,37.50621],[127.00996,37.50613]]]}},{"type":"Feature","properties":{"id":498009894},"geometry":{"type":"Polygon","coordinates":[[[127.01463,37.50512],[127.01487,37.50507],[127.01498,37.50541],[127.01501,37.50554],[127.01504,37.50564],[127.01505,37.50572],[127.01505,37.50581],[127.01503,37.50589],[127.01501,37.50597],[127.01498,37.50605],[127.01495,37.50612],[127.01491,37.50623],[127.01483,37.50633],[127.01475,37.50645],[127.01452,37.50663],[127.01441,37.5066],[127.0146,37.50643],[127.01468,37.50633],[127.01482,37.50603],[127.01483,37.50595],[127.01482,37.50582],[127.01481,37.50572],[127.01463,37.50512]]]}},{"type":"Feature","properties":{"id":498559923},"geometry":{"type":"Polygon","coordinates":[[[127.01538,37.50397],[127.01591,37.50371],[127.01541,37.50307],[127.01488,37.50337],[127.01538,37.50397]]]}},{"type":"Feature","properties":{"id":499605212},"geometry":{"type":"Polygon","coordinates":[[[126.7149,37.48428],[126.7151,37.48484],[126.7148,37.48491],[126.71438,37.4849],[126.71427,37.4852],[126.71428,37.48531],[126.71383,37.48543],[126.71355,37.48526],[126.71318,37.4854],[126.71269,37.48528],[126.7125,37.48514],[126.71225,37.48453],[126.7125,37.48443],[126.71223,37.48422],[126.71203,37.48344],[126.71203,37.48319],[126.71217,37.48295],[126.71195,37.48225],[126.712,37.48211],[126.71224,37.48224],[126.71257,37.48234],[126.71371,37.48258],[126.71398,37.48268],[126.71419,37.48282],[126.71438,37.48305],[126.71498,37.48378],[126.71472,37.48367],[126.71456,37.48391],[126.71458,37.48404],[126.71433,37.48411],[126.71444,37.48433],[126.71465,37.48426],[126.71483,37.4843],[126.7149,37.48428]]]}},{"type":"Feature","properties":{"id":499605214},"geometry":{"type":"Polygon","coordinates":[[[126.71292,37.4765],[126.71265,37.47657],[126.71223,37.47708],[126.71407,37.47721],[126.71593,37.47754],[126.71637,37.47762],[126.71652,37.4772],[126.71601,37.47708],[126.71428,37.47676],[126.71292,37.4765]]]}},{"type":"Feature","properties":{"id":499605221},"geometry":{"type":"Polygon","coordinates":[[[126.71809,37.47774],[126.7177,37.47778],[126.71768,37.47768],[126.71772,37.47757],[126.71786,37.47743],[126.71813,37.47739],[126.7184,37.47729],[126.71889,37.477],[126.71949,37.47664],[126.71972,37.47658],[126.71998,37.47658],[126.71987,37.47639],[126.7207,37.47584],[126.72172,37.47655],[126.72192,37.4766],[126.72244,37.4765],[126.72476,37.47617],[126.72569,37.47647],[126.7261,37.47686],[126.72528,37.47733],[126.72373,37.47753],[126.72312,37.47748],[126.72212,37.47721],[126.72113,37.47687],[126.72012,37.47674],[126.71988,37.47677],[126.71963,37.47688],[126.71809,37.47774]]]}},{"type":"Feature","properties":{"id":501319487},"geometry":{"type":"Polygon","coordinates":[[[126.89407,37.45724],[126.89429,37.45716],[126.89468,37.45711],[126.89495,37.4571],[126.89517,37.45716],[126.89549,37.45734],[126.89557,37.45738],[126.89579,37.45734],[126.89587,37.45737],[126.89605,37.4574],[126.896,37.45751],[126.89599,37.45755],[126.89561,37.45847],[126.89515,37.45835],[126.89489,37.45823],[126.89472,37.4581],[126.89403,37.45739],[126.89403,37.45732],[126.89407,37.45724]]]}},{"type":"Feature","properties":{"id":503381515},"geometry":{"type":"Polygon","coordinates":[[[127.12277,37.4169],[127.1229,37.41686],[127.1231,37.41686],[127.12326,37.41685],[127.12337,37.41684],[127.12347,37.41682],[127.12354,37.4168],[127.12364,37.4168],[127.12375,37.41684],[127.12384,37.41687],[127.12391,37.41689],[127.12398,37.41783],[127.1244,37.41782],[127.12443,37.41887],[127.12443,37.41899],[127.12452,37.41898],[127.12452,37.41923],[127.12463,37.41923],[127.12461,37.42076],[127.12458,37.42116],[127.12459,37.42141],[127.12457,37.42145],[127.12375,37.42149],[127.12373,37.42121],[127.12373,37.42099],[127.12373,37.42075],[127.12373,37.42049],[127.12372,37.42021],[127.12371,37.41995],[127.12369,37.41977],[127.12365,37.4195],[127.1236,37.41924],[127.12354,37.41892],[127.12345,37.41854],[127.12335,37.4182],[127.12325,37.41788],[127.12316,37.41766],[127.12302,37.41736],[127.1229,37.41712],[127.12277,37.4169]]]}},{"type":"Feature","properties":{"id":503491620},"geometry":{"type":"Polygon","coordinates":[[[126.89492,37.56665],[126.89474,37.56672],[126.89422,37.56696],[126.89403,37.56712],[126.89384,37.56723],[126.89367,37.56725],[126.89358,37.56721],[126.89348,37.56714],[126.89328,37.56693],[126.8927,37.56638],[126.89267,37.56634],[126.89285,37.56624],[126.89309,37.5661],[126.89345,37.56638],[126.89376,37.56648],[126.89425,37.56659],[126.89485,37.56663],[126.89492,37.56665]]]}},{"type":"Feature","properties":{"id":506060133},"geometry":{"type":"Polygon","coordinates":[[[126.818,37.56323],[126.818,37.56305],[126.81809,37.56296],[126.81877,37.56286],[126.8189,37.56284],[126.81899,37.5647],[126.81952,37.56483],[126.81929,37.56508],[126.81901,37.56502],[126.81866,37.565],[126.81822,37.565],[126.81882,37.56472],[126.81878,37.56314],[126.81853,37.56314],[126.81823,37.56314],[126.818,37.56323]]]}},{"type":"Feature","properties":{"id":506152659},"geometry":{"type":"Polygon","coordinates":[[[126.81866,37.57196],[126.81917,37.57116],[126.81983,37.57143],[126.81946,37.57212],[126.81937,37.57215],[126.81866,37.57196]]]}},{"type":"Feature","properties":{"id":509578621},"geometry":{"type":"Polygon","coordinates":[[[126.8871,37.45013],[126.88689,37.45009],[126.88636,37.4499],[126.88631,37.44991],[126.88629,37.44993],[126.88627,37.44997],[126.8862,37.45045],[126.88619,37.45149],[126.88624,37.45151],[126.88708,37.45035],[126.88714,37.45029],[126.88715,37.45026],[126.88716,37.45024],[126.88716,37.45022],[126.88715,37.4502],[126.8871,37.45013]]]}},{"type":"Feature","properties":{"id":510235568},"geometry":{"type":"Polygon","coordinates":[[[126.91098,37.4551],[126.9117,37.45467],[126.91171,37.45459],[126.91152,37.45464],[126.91148,37.45457],[126.91146,37.45452],[126.91159,37.45447],[126.91149,37.45439],[126.91111,37.45429],[126.91069,37.4543],[126.91024,37.45432],[126.91024,37.45419],[126.91025,37.45405],[126.91016,37.45403],[126.91009,37.45403],[126.90994,37.45407],[126.90962,37.45415],[126.9096,37.45415],[126.90958,37.45416],[126.90958,37.45416],[126.90957,37.45417],[126.90958,37.45418],[126.90958,37.45419],[126.90962,37.45419],[126.90974,37.4542],[126.90974,37.45421],[126.90975,37.45424],[126.90972,37.45444],[126.9097,37.45448],[126.90969,37.45449],[126.90967,37.4545],[126.90965,37.45451],[126.90965,37.45451],[126.90965,37.45453],[126.90967,37.45458],[126.90968,37.4546],[126.90967,37.45462],[126.90965,37.45463],[126.90963,37.45465],[126.90963,37.45467],[126.90963,37.4547],[126.90948,37.45475],[126.90942,37.45476],[126.90962,37.45522],[126.90968,37.4554],[126.90968,37.45553],[126.90965,37.45561],[126.90966,37.45578],[126.91098,37.4551]]]}},{"type":"Feature","properties":{"id":520962688},"geometry":{"type":"Polygon","coordinates":[[[127.05734,37.6453],[127.05843,37.64513],[127.05862,37.6451],[127.05872,37.64509],[127.06079,37.64482],[127.06077,37.64415],[127.05934,37.64366],[127.05704,37.64288],[127.05709,37.64277],[127.05634,37.64255],[127.05663,37.64356],[127.05708,37.64517],[127.05734,37.6453]]]}},{"type":"Feature","properties":{"id":521955714},"geometry":{"type":"Polygon","coordinates":[[[126.90108,37.42334],[126.90072,37.42333],[126.90062,37.42213],[126.90161,37.42192],[126.90205,37.42153],[126.90281,37.42137],[126.90334,37.4213],[126.90404,37.42006],[126.90508,37.42004],[126.90557,37.42073],[126.90547,37.42122],[126.90539,37.42157],[126.90535,37.42172],[126.90519,37.42171],[126.90423,37.42167],[126.90397,37.42173],[126.90386,37.42179],[126.9038,37.42186],[126.90376,37.42195],[126.90372,37.42307],[126.90372,37.42316],[126.90362,37.42328],[126.90231,37.4233],[126.90222,37.42337],[126.90108,37.42334]]]}},{"type":"Feature","properties":{"id":522488076},"geometry":{"type":"Polygon","coordinates":[[[126.82952,37.46605],[126.82958,37.46608],[126.82965,37.46607],[126.83065,37.46565],[126.83091,37.46558],[126.83101,37.46546],[126.831,37.46527],[126.83096,37.46498],[126.83091,37.46492],[126.83011,37.46476],[126.82948,37.46455],[126.82881,37.4642],[126.82794,37.46352],[126.82768,37.46326],[126.82735,37.4628],[126.82719,37.46248],[126.82675,37.46184],[126.82666,37.46167],[126.82659,37.46143],[126.8266,37.46129],[126.8264,37.46078],[126.82641,37.46047],[126.82604,37.45953],[126.82583,37.45948],[126.82536,37.45919],[126.82515,37.45929],[126.82468,37.45971],[126.82516,37.46035],[126.8253,37.46049],[126.82529,37.46064],[126.82521,37.46079],[126.82503,37.461],[126.82465,37.46091],[126.8245,37.46078],[126.82395,37.46055],[126.82379,37.46036],[126.82375,37.4601],[126.82365,37.45998],[126.82328,37.45999],[126.82291,37.45985],[126.8226,37.45988],[126.82257,37.4601],[126.82257,37.46041],[126.82224,37.46049],[126.8214,37.46049],[126.82138,37.46016],[126.82138,37.45977],[126.82058,37.45978],[126.82057,37.46025],[126.82027,37.46035],[126.82027,37.46052],[126.81955,37.46103],[126.8189,37.46105],[126.81881,37.46112],[126.81951,37.46168],[126.81967,37.46153],[126.82007,37.46121],[126.8207,37.4609],[126.82135,37.46069],[126.82229,37.46057],[126.82289,37.4606],[126.82351,37.46068],[126.82403,37.46077],[126.82466,37.46095],[126.82526,37.46113],[126.82572,37.46134],[126.82597,37.4615],[126.82618,37.46165],[126.82636,37.46182],[126.82655,37.46204],[126.82952,37.46605]]]}},{"type":"Feature","properties":{"id":522488077},"geometry":{"type":"Polygon","coordinates":[[[126.82144,37.46556],[126.82208,37.46654],[126.82339,37.46598],[126.82275,37.46499],[126.82278,37.46462],[126.82295,37.4644],[126.82358,37.46396],[126.82404,37.46351],[126.8242,37.46267],[126.82401,37.4616],[126.82388,37.46151],[126.82368,37.46142],[126.82356,37.46128],[126.82353,37.46114],[126.82252,37.46096],[126.82237,37.46098],[126.82229,37.46057],[126.82135,37.46069],[126.82135,37.46103],[126.82117,37.46107],[126.82118,37.46136],[126.82106,37.46163],[126.8209,37.46196],[126.8211,37.46225],[126.82129,37.4624],[126.82146,37.46244],[126.82194,37.46252],[126.82234,37.46264],[126.82246,37.46278],[126.82253,37.46304],[126.82242,37.46337],[126.822,37.4636],[126.82158,37.46411],[126.82151,37.46535],[126.82144,37.46556]]]}},{"type":"Feature","properties":{"id":522808802},"geometry":{"type":"Polygon","coordinates":[[[127.0217,37.60829],[127.02115,37.60815],[127.02144,37.60773],[127.0219,37.60781],[127.0217,37.60829]]]}},{"type":"Feature","properties":{"id":523188827},"geometry":{"type":"Polygon","coordinates":[[[126.96451,37.5617],[126.9651,37.56214],[126.9657,37.56167],[126.96627,37.5616],[126.96511,37.56077],[126.96459,37.56141],[126.96439,37.56166],[126.96451,37.5617]]]}},{"type":"Feature","properties":{"id":528922484},"geometry":{"type":"Polygon","coordinates":[[[126.72681,37.4477],[126.7267,37.44767],[126.72663,37.44759],[126.72658,37.44744],[126.72641,37.44684],[126.72635,37.44658],[126.7263,37.44635],[126.72537,37.44664],[126.72536,37.44731],[126.72556,37.44732],[126.72575,37.44742],[126.72595,37.44758],[126.72637,37.44776],[126.72646,37.44783],[126.72656,37.44792],[126.72665,37.44794],[126.72673,37.44792],[126.72679,37.44789],[126.72682,37.44783],[126.72683,37.44777],[126.72681,37.4477]]]}},{"type":"Feature","properties":{"id":528922496},"geometry":{"type":"Polygon","coordinates":[[[126.71569,37.44813],[126.71618,37.4481],[126.71664,37.44807],[126.71687,37.44806],[126.71697,37.44801],[126.71712,37.4479],[126.71809,37.44773],[126.71831,37.44771],[126.71827,37.4473],[126.71792,37.44731],[126.71786,37.44677],[126.7182,37.44676],[126.71815,37.44627],[126.71791,37.44629],[126.71775,37.44629],[126.71767,37.44632],[126.7176,37.44635],[126.71753,37.4464],[126.71746,37.44643],[126.71739,37.44645],[126.71733,37.44645],[126.71716,37.44644],[126.717,37.44643],[126.71683,37.44646],[126.71666,37.44652],[126.71653,37.44658],[126.71622,37.4468],[126.716,37.4469],[126.7159,37.44692],[126.71576,37.44692],[126.71559,37.4469],[126.71539,37.44683],[126.71518,37.4467],[126.71499,37.44648],[126.71472,37.44615],[126.71457,37.44604],[126.7144,37.44587],[126.71437,37.44579],[126.71436,37.44567],[126.71438,37.44557],[126.71451,37.44543],[126.71463,37.44536],[126.71479,37.44529],[126.7149,37.4452],[126.71508,37.44505],[126.71515,37.44495],[126.71508,37.44492],[126.715,37.44487],[126.71495,37.44483],[126.7149,37.44478],[126.7148,37.44483],[126.7147,37.44489],[126.71461,37.44499],[126.7145,37.44517],[126.71436,37.44531],[126.7141,37.44548],[126.71386,37.4456],[126.71367,37.44565],[126.71356,37.44567],[126.71345,37.44567],[126.71324,37.44565],[126.71283,37.44552],[126.71269,37.44545],[126.71259,37.44538],[126.71253,37.4453],[126.71249,37.44522],[126.71248,37.44511],[126.71244,37.44484],[126.71239,37.44462],[126.71235,37.44453],[126.71227,37.4444],[126.71208,37.44416],[126.71198,37.44398],[126.71196,37.44383],[126.71197,37.44289],[126.7118,37.44285],[126.71168,37.44284],[126.71145,37.44282],[126.71118,37.44282],[126.71073,37.44285],[126.71054,37.44286],[126.71041,37.44291],[126.71033,37.44295],[126.71028,37.44301],[126.71024,37.44309],[126.71022,37.44316],[126.71021,37.44328],[126.71023,37.44357],[126.71024,37.44381],[126.71045,37.44382],[126.71052,37.4439],[126.71055,37.44408],[126.71084,37.44409],[126.7109,37.44411],[126.71096,37.44414],[126.71103,37.44418],[126.71108,37.44423],[126.71114,37.44433],[126.71115,37.44442],[126.71115,37.44451],[126.71111,37.44464],[126.7111,37.44474],[126.7111,37.44489],[126.71111,37.44504],[126.71109,37.44511],[126.71101,37.44517],[126.71092,37.4452],[126.71106,37.44536],[126.71115,37.44544],[126.71122,37.4455],[126.71131,37.44555],[126.7115,37.4457],[126.71165,37.44583],[126.71213,37.44615],[126.71221,37.44623],[126.7123,37.44635],[126.71241,37.44653],[126.71244,37.44655],[126.71286,37.44648],[126.71316,37.44649],[126.71338,37.44652],[126.71357,37.44659],[126.71372,37.44674],[126.71391,37.44715],[126.71393,37.44724],[126.71411,37.44742],[126.71433,37.44757],[126.71468,37.4477],[126.71492,37.44776],[126.71503,37.4478],[126.71511,37.44784],[126.71516,37.44789],[126.71522,37.44796],[126.71532,37.44817],[126.71536,37.44844],[126.71536,37.44846],[126.71532,37.44849],[126.71541,37.44848],[126.7154,37.44843],[126.71539,37.44814],[126.71569,37.44813]]]}},{"type":"Feature","properties":{"id":532554471},"geometry":{"type":"Polygon","coordinates":[[[126.74924,37.67872],[126.74926,37.67878],[126.74928,37.67886],[126.74936,37.67882],[126.74943,37.6788],[126.74989,37.6786],[126.74983,37.67852],[126.74981,37.67848],[126.74924,37.67765],[126.74875,37.67785],[126.74871,37.67786],[126.74866,37.67789],[126.74924,37.67872]]]}},{"type":"Feature","properties":{"id":532554472},"geometry":{"type":"Polygon","coordinates":[[[126.75588,37.68058],[126.75594,37.68055],[126.75806,37.67964],[126.75797,37.67952],[126.7565,37.68015],[126.75616,37.6803],[126.75579,37.68044],[126.75582,37.68049],[126.75588,37.68058]]]}},{"type":"Feature","properties":{"id":533409036},"geometry":{"type":"Polygon","coordinates":[[[126.8783,37.47596],[126.87863,37.47544],[126.87955,37.47569],[126.87929,37.47625],[126.8783,37.47596]]]}},{"type":"Feature","properties":{"id":533502296},"geometry":{"type":"Polygon","coordinates":[[[126.94066,37.55148],[126.94032,37.55144],[126.94025,37.55132],[126.94017,37.55083],[126.94006,37.55081],[126.94005,37.55071],[126.94023,37.55072],[126.94027,37.55076],[126.94027,37.55086],[126.94028,37.55099],[126.94036,37.55119],[126.94051,37.55134],[126.94063,37.55143],[126.94066,37.55148]]]}},{"type":"Feature","properties":{"id":533704971},"geometry":{"type":"Polygon","coordinates":[[[126.76469,37.6767],[126.76466,37.67665],[126.76387,37.67699],[126.76363,37.67709],[126.76356,37.67712],[126.76253,37.67755],[126.76255,37.67757],[126.76258,37.67761],[126.76262,37.67766],[126.76263,37.67768],[126.76321,37.67743],[126.76379,37.67718],[126.76474,37.67677],[126.76469,37.6767]]]}},{"type":"Feature","properties":{"id":533705001},"geometry":{"type":"Polygon","coordinates":[[[126.76838,37.675],[126.76842,37.67505],[126.76844,37.67508],[126.76846,37.67512],[126.76851,37.67519],[126.76812,37.67535],[126.7679,37.67545],[126.76766,37.67555],[126.76759,37.67558],[126.76752,37.67561],[126.76746,37.67564],[126.76741,37.67566],[126.76736,37.67568],[126.76731,37.6757],[126.76723,37.67574],[126.76713,37.67578],[126.76704,37.67582],[126.76695,37.67586],[126.76689,37.67588],[126.7668,37.67592],[126.76674,37.67595],[126.76667,37.67598],[126.76659,37.67601],[126.76653,37.67603],[126.76649,37.67605],[126.7664,37.67609],[126.76635,37.67611],[126.76631,37.67613],[126.76624,37.67615],[126.76618,37.67606],[126.76615,37.67603],[126.76612,37.67599],[126.76624,37.67593],[126.76633,37.67589],[126.7665,37.67582],[126.76678,37.67569],[126.76704,37.67558],[126.7672,37.67551],[126.76726,37.67548],[126.7673,37.67546],[126.76733,37.67545],[126.76736,37.67544],[126.7674,37.67542],[126.76753,37.67537],[126.76818,37.67509],[126.76838,37.675]]]}},{"type":"Feature","properties":{"id":534573053},"geometry":{"type":"Polygon","coordinates":[[[127.04818,37.57203],[127.04955,37.57104],[127.04943,37.57091],[127.04914,37.57111],[127.04809,37.57194],[127.04818,37.57203]]]}},{"type":"Feature","properties":{"id":536373742},"geometry":{"type":"Polygon","coordinates":[[[127.00823,37.62087],[127.00878,37.62102],[127.00917,37.62063],[127.00873,37.62036],[127.00823,37.62087]]]}},{"type":"Feature","properties":{"id":536406794},"geometry":{"type":"Polygon","coordinates":[[[127.04073,37.62118],[127.04081,37.62124],[127.041,37.62148],[127.04108,37.62157],[127.04131,37.62189],[127.0415,37.62203],[127.0416,37.6221],[127.04149,37.6223],[127.04144,37.62231],[127.04133,37.62224],[127.04124,37.62228],[127.04111,37.62223],[127.04094,37.62228],[127.0409,37.62231],[127.04064,37.62239],[127.04058,37.62244],[127.04038,37.62238],[127.04026,37.62228],[127.04014,37.62214],[127.04006,37.62197],[127.04,37.62179],[127.04037,37.62135],[127.04058,37.62123],[127.04073,37.62118]]]}},{"type":"Feature","properties":{"id":536953214},"geometry":{"type":"Polygon","coordinates":[[[127.09236,37.50263],[127.09299,37.50245],[127.09278,37.50201],[127.09215,37.5022],[127.09236,37.50263]]]}},{"type":"Feature","properties":{"id":537163261},"geometry":{"type":"Polygon","coordinates":[[[126.97179,37.57279],[126.97175,37.57278],[126.97175,37.57271],[126.97136,37.57256],[126.97123,37.57244],[126.97166,37.57203],[126.9718,37.57213],[126.97179,37.57279]]]}},{"type":"Feature","properties":{"id":538485926},"geometry":{"type":"Polygon","coordinates":[[[127.15621,37.47042],[127.15676,37.47003],[127.15677,37.46986],[127.15689,37.46964],[127.15655,37.46945],[127.15646,37.46937],[127.15646,37.46926],[127.15631,37.4692],[127.15624,37.4692],[127.15518,37.46859],[127.15553,37.46853],[127.15618,37.46832],[127.15658,37.46799],[127.15739,37.46806],[127.1574,37.46837],[127.15782,37.46855],[127.15814,37.46825],[127.15902,37.46839],[127.15948,37.46924],[127.15885,37.46962],[127.15784,37.46983],[127.15704,37.47012],[127.15621,37.47042]]]}},{"type":"Feature","properties":{"id":539677232},"geometry":{"type":"Polygon","coordinates":[[[126.93848,37.55132],[126.93887,37.55113],[126.93911,37.55104],[126.93938,37.55099],[126.93958,37.55101],[126.93971,37.55108],[126.93985,37.55147],[126.93983,37.55156],[126.9397,37.55165],[126.93957,37.55166],[126.93907,37.55164],[126.93862,37.55164],[126.93852,37.55163],[126.93851,37.55163],[126.93826,37.55162],[126.93823,37.55162],[126.9382,37.55161],[126.93818,37.5516],[126.93815,37.55157],[126.93814,37.55155],[126.93814,37.55153],[126.93814,37.55151],[126.93816,37.55149],[126.93818,37.55147],[126.93821,37.55145],[126.93841,37.55135],[126.93848,37.55132]]]}},{"type":"Feature","properties":{"id":541901831},"geometry":{"type":"Polygon","coordinates":[[[127.19573,37.6979],[127.19535,37.69805],[127.19507,37.69818],[127.1947,37.69848],[127.19444,37.69879],[127.19407,37.69923],[127.19396,37.69941],[127.19372,37.69972],[127.19373,37.6998],[127.19379,37.69984],[127.19407,37.69953],[127.19426,37.69931],[127.19433,37.69915],[127.19449,37.69899],[127.19473,37.69874],[127.195,37.69844],[127.19523,37.69827],[127.19585,37.69814],[127.19573,37.6979]]]}},{"type":"Feature","properties":{"id":542202534},"geometry":{"type":"Polygon","coordinates":[[[126.94991,37.46589],[126.9493,37.46578],[126.94896,37.46573],[126.94883,37.46576],[126.94877,37.46582],[126.94859,37.46657],[126.94859,37.46661],[126.9486,37.46665],[126.94867,37.46668],[126.94908,37.46686],[126.94937,37.46658],[126.94949,37.46644],[126.94953,37.46639],[126.94991,37.46589]]]}},{"type":"Feature","properties":{"id":542269767},"geometry":{"type":"Polygon","coordinates":[[[127.19235,37.69673],[127.19225,37.69689],[127.19195,37.69694],[127.19176,37.69689],[127.19141,37.69695],[127.19138,37.69695],[127.19143,37.69719],[127.1915,37.6975],[127.19147,37.69749],[127.19133,37.69723],[127.19126,37.69709],[127.19126,37.69701],[127.19129,37.69695],[127.19139,37.6969],[127.19153,37.69686],[127.19181,37.69681],[127.19227,37.69673],[127.19235,37.69673]]]}},{"type":"Feature","properties":{"id":543839156},"geometry":{"type":"Polygon","coordinates":[[[126.99867,37.50286],[126.99852,37.50279],[126.99841,37.50272],[126.99803,37.50254],[126.99806,37.50248],[126.9982,37.50235],[126.99843,37.50226],[126.99897,37.50122],[126.99785,37.5008],[126.99792,37.50066],[126.99903,37.50107],[126.99939,37.50121],[126.99883,37.50245],[126.99891,37.50248],[126.99898,37.5025],[126.99902,37.50256],[126.99914,37.50257],[126.99924,37.50258],[126.99928,37.50262],[126.99933,37.50269],[126.99931,37.50279],[126.99896,37.50289],[126.99883,37.50298],[126.99874,37.5029],[126.99867,37.50286]]]}},{"type":"Feature","properties":{"id":544021055},"geometry":{"type":"Polygon","coordinates":[[[126.90821,37.52256],[126.90748,37.52262],[126.90723,37.52247],[126.9081,37.52235],[126.90817,37.52235],[126.90825,37.52235],[126.90831,37.52236],[126.90837,37.52238],[126.90882,37.52254],[126.90886,37.52257],[126.90888,37.52261],[126.90888,37.52265],[126.90885,37.52269],[126.90871,37.52287],[126.90821,37.52256]]]}},{"type":"Feature","properties":{"id":544146098},"geometry":{"type":"Polygon","coordinates":[[[127.10843,37.60577],[127.10954,37.60601],[127.10945,37.60649],[127.10931,37.60673],[127.1095,37.60681],[127.1098,37.60687],[127.11018,37.60694],[127.11038,37.60697],[127.11068,37.60701],[127.11148,37.60711],[127.11244,37.60719],[127.11272,37.60725],[127.11305,37.60727],[127.1136,37.60729],[127.11368,37.60723],[127.11381,37.60692],[127.11371,37.60658],[127.1137,37.60623],[127.11369,37.60604],[127.11357,37.60576],[127.11353,37.60553],[127.11362,37.60534],[127.1138,37.60512],[127.11401,37.60441],[127.11375,37.60422],[127.11382,37.60384],[127.11393,37.60368],[127.11408,37.60352],[127.11417,37.60337],[127.11423,37.60317],[127.11434,37.60307],[127.11417,37.60297],[127.11299,37.60262],[127.11251,37.60257],[127.11204,37.60249],[127.11168,37.60239],[127.1113,37.60236],[127.11109,37.60228],[127.11073,37.60282],[127.11048,37.60325],[127.11006,37.60368],[127.10953,37.6043],[127.10939,37.60449],[127.10908,37.60486],[127.10878,37.60528],[127.10843,37.60577]]]}},{"type":"Feature","properties":{"id":544911384},"geometry":{"type":"Polygon","coordinates":[[[127.18611,37.57422],[127.18575,37.57388],[127.18574,37.57385],[127.18575,37.57381],[127.18576,37.57378],[127.18576,37.57375],[127.18574,37.57371],[127.1854,37.57338],[127.1854,37.57333],[127.18544,37.57328],[127.18552,37.5732],[127.18568,37.5731],[127.1858,37.57305],[127.18589,37.57304],[127.18594,37.57304],[127.18601,37.57307],[127.18605,37.57311],[127.18609,37.57315],[127.18613,37.57324],[127.18614,37.57327],[127.18615,37.57335],[127.18616,37.57342],[127.18617,37.57346],[127.18619,37.5735],[127.18621,37.57353],[127.18624,37.57355],[127.18627,37.57358],[127.18631,37.57363],[127.18632,37.57368],[127.18631,37.57375],[127.18629,37.5738],[127.18629,37.57384],[127.18629,37.57387],[127.1863,37.5739],[127.1864,37.57402],[127.18611,37.57422]]]}},{"type":"Feature","properties":{"id":544968160},"geometry":{"type":"Polygon","coordinates":[[[126.72217,37.60055],[126.7221,37.60057],[126.72195,37.6006],[126.72184,37.60063],[126.7218,37.60057],[126.72177,37.60049],[126.72194,37.60046],[126.72175,37.59988],[126.72173,37.59982],[126.72187,37.59979],[126.72197,37.59977],[126.72202,37.59974],[126.72207,37.59969],[126.7221,37.59966],[126.72213,37.59963],[126.72217,37.59961],[126.72242,37.59957],[126.72254,37.59955],[126.72262,37.59952],[126.72268,37.5995],[126.72272,37.59948],[126.72275,37.59943],[126.72276,37.59937],[126.72275,37.59931],[126.72274,37.59921],[126.72267,37.59893],[126.72261,37.59867],[126.72272,37.59867],[126.72281,37.59866],[126.7229,37.59864],[126.72301,37.5986],[126.72309,37.59856],[126.72315,37.59854],[126.72319,37.59854],[126.72323,37.59854],[126.72328,37.59856],[126.72338,37.59862],[126.72346,37.59866],[126.72351,37.59869],[126.72356,37.5987],[126.72361,37.59871],[126.72369,37.5987],[126.72382,37.59867],[126.72397,37.59862],[126.72408,37.59858],[126.72415,37.59855],[126.72419,37.5985],[126.72425,37.59844],[126.72438,37.59826],[126.72458,37.59797],[126.72461,37.59796],[126.72464,37.59795],[126.72471,37.59795],[126.72496,37.59794],[126.725,37.59793],[126.72503,37.59791],[126.72508,37.59785],[126.72512,37.59779],[126.72517,37.59776],[126.72522,37.59772],[126.72529,37.59769],[126.72534,37.59767],[126.72537,37.59766],[126.72541,37.59766],[126.72546,37.59767],[126.7255,37.59768],[126.72543,37.59779],[126.7254,37.59787],[126.72538,37.59793],[126.72537,37.59798],[126.72537,37.59809],[126.72522,37.59808],[126.72506,37.59807],[126.72493,37.59806],[126.72476,37.59804],[126.72474,37.59804],[126.72472,37.59806],[126.72468,37.59813],[126.72463,37.59825],[126.7245,37.5985],[126.7244,37.59867],[126.72436,37.59873],[126.72435,37.59879],[126.72434,37.59885],[126.72434,37.59893],[126.72437,37.59911],[126.72443,37.59942],[126.72447,37.59975],[126.7245,37.6],[126.72452,37.60022],[126.72454,37.60053],[126.72457,37.60058],[126.72461,37.60063],[126.72467,37.60066],[126.72474,37.60069],[126.72481,37.60097],[126.72528,37.60092],[126.72553,37.60089],[126.72571,37.60088],[126.72573,37.60089],[126.72574,37.6009],[126.72574,37.60093],[126.72602,37.60093],[126.72603,37.6009],[126.72605,37.60088],[126.72609,37.60088],[126.7265,37.60088],[126.7267,37.60086],[126.72774,37.60088],[126.72791,37.60091],[126.72859,37.60093],[126.72864,37.60093],[126.72867,37.60094],[126.72869,37.60096],[126.72871,37.60099],[126.72897,37.60101],[126.72898,37.60098],[126.72901,37.60096],[126.72906,37.60095],[126.72911,37.60095],[126.7293,37.60095],[126.72974,37.60094],[126.7298,37.60133],[126.72988,37.60167],[126.72996,37.60199],[126.73125,37.60176],[126.73132,37.60196],[126.73133,37.602],[126.73132,37.60204],[126.73129,37.60206],[126.73125,37.60207],[126.73094,37.60214],[126.72996,37.60231],[126.72991,37.60233],[126.72988,37.60234],[126.72986,37.60239],[126.72978,37.60261],[126.72975,37.60272],[126.72971,37.60279],[126.72967,37.60285],[126.72962,37.60288],[126.72958,37.60289],[126.72951,37.60289],[126.72941,37.60287],[126.72919,37.60283],[126.72908,37.60281],[126.72903,37.60281],[126.72902,37.60266],[126.729,37.60227],[126.72901,37.60195],[126.72902,37.60174],[126.72903,37.60165],[126.72903,37.60159],[126.72902,37.60154],[126.72901,37.60141],[126.72898,37.60117],[126.72874,37.60115],[126.7286,37.60115],[126.72751,37.60111],[126.72657,37.60108],[126.72605,37.60108],[126.7258,37.60109],[126.72573,37.6011],[126.72565,37.60112],[126.72555,37.60117],[126.72539,37.60126],[126.72519,37.60138],[126.72488,37.6016],[126.72475,37.60167],[126.72461,37.60171],[126.72445,37.60173],[126.72427,37.60173],[126.72413,37.60171],[126.72398,37.60165],[126.72386,37.60158],[126.72376,37.6015],[126.72369,37.60142],[126.7236,37.60126],[126.72352,37.60108],[126.72349,37.60103],[126.72344,37.60099],[126.72325,37.60083],[126.72316,37.60078],[126.72312,37.60075],[126.72308,37.60073],[126.72301,37.60071],[126.72254,37.60058],[126.72242,37.60055],[126.72233,37.60054],[126.72224,37.60054],[126.72217,37.60055]]]}},{"type":"Feature","properties":{"id":544969225},"geometry":{"type":"Polygon","coordinates":[[[126.72587,37.6043],[126.72586,37.60293],[126.72586,37.60286],[126.72596,37.60286],[126.72603,37.60286],[126.72615,37.60286],[126.72631,37.60288],[126.72644,37.60292],[126.72655,37.60297],[126.72665,37.60302],[126.72676,37.60309],[126.7268,37.60316],[126.72682,37.60323],[126.72684,37.6033],[126.72683,37.60336],[126.72682,37.60342],[126.72678,37.60349],[126.72673,37.60357],[126.72669,37.60361],[126.72664,37.60366],[126.7266,37.6037],[126.72657,37.60374],[126.72656,37.60378],[126.72655,37.60382],[126.72656,37.6039],[126.72656,37.6041],[126.72645,37.60413],[126.72633,37.60415],[126.72613,37.60421],[126.72587,37.6043]]]}},{"type":"Feature","properties":{"id":545361415},"geometry":{"type":"Polygon","coordinates":[[[126.94255,37.48066],[126.94264,37.48065],[126.94261,37.48048],[126.94266,37.48048],[126.94264,37.48036],[126.9432,37.48031],[126.94319,37.48023],[126.9435,37.48021],[126.94353,37.4802],[126.94352,37.48014],[126.94351,37.4801],[126.94291,37.48017],[126.94262,37.4802],[126.94262,37.48024],[126.94261,37.48033],[126.94255,37.48066]]]}},{"type":"Feature","properties":{"id":545433975},"geometry":{"type":"Polygon","coordinates":[[[127.01653,37.5095],[127.01673,37.50957],[127.01684,37.50921],[127.01702,37.50878],[127.01719,37.50834],[127.01721,37.50821],[127.01726,37.50805],[127.01743,37.50762],[127.01769,37.50703],[127.01774,37.5069],[127.01833,37.50536],[127.01842,37.50514],[127.0188,37.50412],[127.01853,37.50407],[127.01851,37.50408],[127.01825,37.50465],[127.01787,37.50571],[127.01749,37.5067],[127.01723,37.50742],[127.01702,37.50796],[127.01692,37.50818],[127.01688,37.50828],[127.01665,37.50907],[127.01653,37.5095]]]}},{"type":"Feature","properties":{"id":545681599},"geometry":{"type":"Polygon","coordinates":[[[126.91895,37.63328],[126.91899,37.63212],[126.9188,37.63215],[126.91894,37.63195],[126.91907,37.63174],[126.91917,37.63159],[126.9193,37.63157],[126.9192,37.63329],[126.91911,37.63329],[126.91895,37.63328]]]}},{"type":"Feature","properties":{"id":545685206},"geometry":{"type":"Polygon","coordinates":[[[126.91752,37.64459],[126.91843,37.64467],[126.91842,37.64458],[126.91839,37.64391],[126.91832,37.64392],[126.91796,37.64392],[126.91758,37.64393],[126.91752,37.64459]]]}},{"type":"Feature","properties":{"id":545767590},"geometry":{"type":"Polygon","coordinates":[[[126.92996,37.63335],[126.92996,37.63332],[126.92996,37.63307],[126.92992,37.63293],[126.92981,37.63272],[126.92967,37.63258],[126.92923,37.63215],[126.92904,37.63197],[126.92897,37.6319],[126.92891,37.63185],[126.92875,37.63169],[126.92884,37.63152],[126.92894,37.63142],[126.92923,37.63173],[126.93004,37.63258],[126.9302,37.63283],[126.93026,37.63302],[126.93027,37.63336],[126.93032,37.6338],[126.93033,37.63407],[126.93011,37.63407],[126.93005,37.63403],[126.93001,37.634],[126.92999,37.63369],[126.92997,37.6334],[126.92996,37.63335]]]}},{"type":"Feature","properties":{"id":545767591},"geometry":{"type":"Polygon","coordinates":[[[126.92335,37.64532],[126.92354,37.6454],[126.92471,37.6441],[126.92479,37.64402],[126.92484,37.64397],[126.92487,37.64394],[126.92488,37.64392],[126.92551,37.64321],[126.92534,37.64311],[126.92472,37.64383],[126.9247,37.64385],[126.92467,37.64388],[126.92463,37.64392],[126.92453,37.64403],[126.92413,37.64449],[126.92382,37.64483],[126.92335,37.64532]]]}},{"type":"Feature","properties":{"id":545767592},"geometry":{"type":"Polygon","coordinates":[[[126.92621,37.64708],[126.92635,37.64718],[126.92649,37.64727],[126.92774,37.646],[126.92777,37.64596],[126.92782,37.64592],[126.92835,37.64538],[126.92814,37.64525],[126.9276,37.64577],[126.92756,37.6458],[126.92751,37.64585],[126.92621,37.64708]]]}},{"type":"Feature","properties":{"id":545767593},"geometry":{"type":"Polygon","coordinates":[[[126.92888,37.64912],[126.92913,37.64929],[126.93026,37.64825],[126.93029,37.64822],[126.93035,37.64817],[126.93099,37.64757],[126.93081,37.64745],[126.93018,37.648],[126.93012,37.64805],[126.93008,37.64808],[126.92888,37.64912]]]}},{"type":"Feature","properties":{"id":545767594},"geometry":{"type":"Polygon","coordinates":[[[126.92528,37.63609],[126.92557,37.6361],[126.92556,37.63579],[126.92556,37.63569],[126.92555,37.63538],[126.92571,37.63538],[126.9257,37.63501],[126.92559,37.63501],[126.92556,37.63501],[126.92556,37.63497],[126.92556,37.63494],[126.92556,37.6349],[126.92554,37.63422],[126.92554,37.63417],[126.92554,37.63413],[126.92553,37.63336],[126.92544,37.63336],[126.92531,37.63336],[126.92526,37.63336],[126.92526,37.63413],[126.92526,37.63417],[126.92526,37.63422],[126.92527,37.63491],[126.92527,37.63494],[126.92526,37.63497],[126.92526,37.63502],[126.9251,37.63502],[126.9251,37.63512],[126.9251,37.63538],[126.92527,37.63538],[126.92529,37.63571],[126.92528,37.63579],[126.92528,37.63609]]]}},{"type":"Feature","properties":{"id":545810659},"geometry":{"type":"Polygon","coordinates":[[[127.13227,37.59538],[127.13235,37.5951],[127.13255,37.59482],[127.13276,37.59462],[127.1329,37.59366],[127.13231,37.59362],[127.13229,37.59381],[127.13212,37.59389],[127.13199,37.59392],[127.1318,37.59404],[127.13142,37.59401],[127.13132,37.595],[127.13155,37.59536],[127.13227,37.59538]]]}},{"type":"Feature","properties":{"id":545859939},"geometry":{"type":"Polygon","coordinates":[[[126.93768,37.63367],[126.93828,37.63387],[126.93879,37.63348],[126.93872,37.63273],[126.93857,37.63249],[126.93824,37.63211],[126.93765,37.63212],[126.93723,37.632],[126.93673,37.63208],[126.93645,37.63197],[126.9362,37.63202],[126.93536,37.632],[126.9351,37.63183],[126.93495,37.63156],[126.93488,37.63137],[126.93474,37.63128],[126.93414,37.63138],[126.93399,37.63129],[126.93377,37.63139],[126.93291,37.63129],[126.93247,37.63135],[126.93141,37.63141],[126.93154,37.6317],[126.93279,37.63143],[126.93394,37.6316],[126.93443,37.63219],[126.93519,37.63216],[126.9355,37.63242],[126.93578,37.6325],[126.93637,37.63251],[126.93668,37.63261],[126.93765,37.6331],[126.93781,37.63338],[126.93768,37.63367]]]}},{"type":"Feature","properties":{"id":545862611},"geometry":{"type":"Polygon","coordinates":[[[126.93362,37.63563],[126.9333,37.63531],[126.93358,37.63516],[126.93345,37.63498],[126.93413,37.63478],[126.93489,37.63458],[126.93606,37.63456],[126.93608,37.6342],[126.93638,37.63418],[126.93662,37.63411],[126.93693,37.63493],[126.93706,37.63557],[126.9369,37.63592],[126.93621,37.63576],[126.93553,37.63607],[126.93545,37.63621],[126.9353,37.63627],[126.93504,37.63626],[126.93488,37.63617],[126.93471,37.63567],[126.9346,37.63557],[126.93447,37.63548],[126.93399,37.63543],[126.93362,37.63563]]]}},{"type":"Feature","properties":{"id":546735134},"geometry":{"type":"Polygon","coordinates":[[[126.89134,37.45456],[126.89129,37.4546],[126.89111,37.45454],[126.89184,37.45352],[126.89241,37.45257],[126.89272,37.452],[126.89283,37.45204],[126.89255,37.45264],[126.892,37.45359],[126.89134,37.45456]]]}},{"type":"Feature","properties":{"id":547862069},"geometry":{"type":"Polygon","coordinates":[[[126.93622,37.55146],[126.9361,37.55135],[126.93516,37.55198],[126.93453,37.55244],[126.93434,37.55277],[126.93401,37.553],[126.93405,37.55304],[126.93413,37.55311],[126.93421,37.55307],[126.93431,37.55303],[126.93434,37.55301],[126.93443,37.55299],[126.93459,37.55288],[126.9347,37.55284],[126.93481,37.55277],[126.93508,37.55259],[126.93518,37.55268],[126.93546,37.55247],[126.93657,37.55159],[126.93708,37.55116],[126.9369,37.55101],[126.93622,37.55146]]]}},{"type":"Feature","properties":{"id":547940142},"geometry":{"type":"Polygon","coordinates":[[[126.89211,37.64535],[126.8923,37.64502],[126.89239,37.64488],[126.89244,37.6448],[126.89252,37.64482],[126.89275,37.6449],[126.89307,37.64501],[126.89351,37.64515],[126.89406,37.64535],[126.89441,37.64547],[126.89462,37.64556],[126.89484,37.64563],[126.89505,37.64571],[126.89519,37.64576],[126.89539,37.64583],[126.89598,37.64607],[126.89659,37.64629],[126.89783,37.64674],[126.89843,37.64695],[126.89826,37.64722],[126.89812,37.64749],[126.89693,37.64707],[126.89594,37.64672],[126.89585,37.64663],[126.8957,37.64656],[126.8956,37.64655],[126.89547,37.64653],[126.89371,37.64592],[126.89211,37.64535]]]}},{"type":"Feature","properties":{"id":547940144},"geometry":{"type":"Polygon","coordinates":[[[126.89852,37.64755],[126.89869,37.64723],[126.89878,37.64707],[126.89934,37.64719],[126.89952,37.6472],[126.89981,37.6472],[126.90033,37.6472],[126.90032,37.64726],[126.90029,37.64775],[126.89972,37.64775],[126.8992,37.64771],[126.89852,37.64755]]]}},{"type":"Feature","properties":{"id":548108184},"geometry":{"type":"Polygon","coordinates":[[[126.8856,37.66697],[126.88566,37.6669],[126.88606,37.66645],[126.88638,37.66664],[126.88701,37.66698],[126.88707,37.66704],[126.88713,37.6672],[126.88718,37.66732],[126.88715,37.66748],[126.88702,37.66766],[126.88693,37.66774],[126.88679,37.66779],[126.88665,37.66779],[126.88657,37.66777],[126.88652,37.66775],[126.88639,37.66767],[126.88627,37.6674],[126.88619,37.66731],[126.8856,37.66697]]]}},{"type":"Feature","properties":{"id":548564008},"geometry":{"type":"Polygon","coordinates":[[[126.91796,37.66334],[126.91752,37.66313],[126.91721,37.66283],[126.91698,37.66263],[126.91808,37.66271],[126.91914,37.66296],[126.91917,37.66329],[126.91796,37.66334]]]}},{"type":"Feature","properties":{"id":548788932},"geometry":{"type":"Polygon","coordinates":[[[126.9251,37.46468],[126.92508,37.46461],[126.92504,37.46443],[126.92491,37.46405],[126.92506,37.4638],[126.92481,37.46347],[126.92437,37.46289],[126.92404,37.46247],[126.9238,37.46249],[126.92401,37.46445],[126.9251,37.46468]]]}},{"type":"Feature","properties":{"id":549573566},"geometry":{"type":"Polygon","coordinates":[[[126.88942,37.66755],[126.88956,37.66738],[126.88964,37.6673],[126.89101,37.66809],[126.891,37.66812],[126.8908,37.66834],[126.88992,37.66784],[126.88942,37.66755]]]}},{"type":"Feature","properties":{"id":549914370},"geometry":{"type":"Polygon","coordinates":[[[126.88442,37.64357],[126.88466,37.64369],[126.88499,37.64308],[126.88471,37.64298],[126.88442,37.64357]]]}},{"type":"Feature","properties":{"id":550211423},"geometry":{"type":"Polygon","coordinates":[[[126.87148,37.63773],[126.87147,37.63772],[126.8712,37.63733],[126.87181,37.63691],[126.87195,37.63701],[126.87198,37.63704],[126.87199,37.63715],[126.87195,37.6373],[126.87188,37.6374],[126.87176,37.63753],[126.87148,37.63773]]]}},{"type":"Feature","properties":{"id":550236299},"geometry":{"type":"Polygon","coordinates":[[[126.87436,37.63349],[126.87399,37.63365],[126.87395,37.63362],[126.87344,37.63308],[126.87351,37.63292],[126.87368,37.63252],[126.87383,37.63217],[126.87404,37.63168],[126.87423,37.63124],[126.87442,37.63078],[126.87449,37.63061],[126.87465,37.63009],[126.87469,37.62989],[126.8747,37.62963],[126.87466,37.62931],[126.8745,37.62878],[126.87441,37.6285],[126.8743,37.62817],[126.87422,37.62797],[126.87401,37.62739],[126.87395,37.6272],[126.87382,37.6268],[126.87364,37.62625],[126.87352,37.62585],[126.87339,37.62538],[126.87337,37.62533],[126.8729,37.6238],[126.87335,37.62371],[126.87353,37.62368],[126.87354,37.62378],[126.8736,37.62401],[126.87378,37.62477],[126.87435,37.62577],[126.87442,37.62614],[126.87459,37.62653],[126.87465,37.62668],[126.87471,37.6268],[126.87475,37.6269],[126.875,37.62779],[126.8755,37.62954],[126.87553,37.62989],[126.87547,37.63021],[126.87527,37.63076],[126.87514,37.63113],[126.87447,37.63296],[126.87436,37.63349]]]}},{"type":"Feature","properties":{"id":550980786},"geometry":{"type":"Polygon","coordinates":[[[126.8664,37.63347],[126.86599,37.63385],[126.86599,37.63426],[126.86582,37.63488],[126.86545,37.63461],[126.86567,37.63413],[126.86584,37.63366],[126.86623,37.6333],[126.86634,37.6331],[126.86551,37.63257],[126.8659,37.63231],[126.86541,37.6319],[126.86463,37.63191],[126.86378,37.63128],[126.86434,37.63096],[126.86445,37.63],[126.86483,37.62982],[126.86528,37.6295],[126.86584,37.62957],[126.86595,37.62973],[126.86618,37.62971],[126.86619,37.62956],[126.86697,37.62954],[126.86721,37.62991],[126.86758,37.62979],[126.86796,37.63033],[126.86844,37.63023],[126.8685,37.63049],[126.86783,37.63074],[126.86764,37.63089],[126.86751,37.63111],[126.86767,37.63178],[126.86791,37.63254],[126.86792,37.63297],[126.86755,37.63327],[126.86736,37.63329],[126.86714,37.6334],[126.86717,37.63359],[126.86724,37.63376],[126.86718,37.63396],[126.86706,37.63404],[126.86668,37.63367],[126.8664,37.63347]]]}},{"type":"Feature","properties":{"id":552417199},"geometry":{"type":"Polygon","coordinates":[[[127.18194,37.55841],[127.18203,37.55841],[127.18204,37.55848],[127.18205,37.55855],[127.18283,37.55872],[127.18312,37.55828],[127.18355,37.55831],[127.18374,37.55891],[127.1839,37.55894],[127.18465,37.5591],[127.18464,37.55919],[127.18454,37.55924],[127.18436,37.5592],[127.184,37.55912],[127.18201,37.55876],[127.18194,37.55841]]]}},{"type":"Feature","properties":{"id":552738184},"geometry":{"type":"Polygon","coordinates":[[[127.07607,37.54356],[127.07583,37.5436],[127.07576,37.54358],[127.07569,37.54354],[127.07563,37.54349],[127.07559,37.54341],[127.07554,37.5433],[127.07551,37.54322],[127.07555,37.54322],[127.07551,37.54305],[127.07547,37.54305],[127.07545,37.54295],[127.07543,37.54277],[127.07544,37.54275],[127.07586,37.54263],[127.07595,37.54261],[127.07632,37.54256],[127.07666,37.54293],[127.07666,37.543],[127.07663,37.54323],[127.0766,37.54332],[127.07658,37.54337],[127.07656,37.54342],[127.07651,37.54345],[127.07641,37.54348],[127.07607,37.54356]]]}},{"type":"Feature","properties":{"id":553217247},"geometry":{"type":"Polygon","coordinates":[[[126.74421,37.4318],[126.74421,37.43185],[126.7437,37.43186],[126.7441,37.43043],[126.74423,37.42968],[126.74458,37.42973],[126.74421,37.4318]]]}},{"type":"Feature","properties":{"id":553254928},"geometry":{"type":"Polygon","coordinates":[[[126.74914,37.41965],[126.74926,37.41949],[126.74964,37.41897],[126.74959,37.41889],[126.74839,37.41946],[126.74672,37.42023],[126.74623,37.4205],[126.746,37.42061],[126.74596,37.4207],[126.74597,37.42078],[126.74634,37.42066],[126.74651,37.42066],[126.74666,37.4207],[126.74678,37.42079],[126.74684,37.42088],[126.74684,37.42113],[126.74665,37.42141],[126.74709,37.42158],[126.74744,37.42168],[126.74789,37.42175],[126.74827,37.42176],[126.74844,37.42174],[126.74845,37.4216],[126.74846,37.42142],[126.74852,37.42121],[126.74914,37.41965]]]}},{"type":"Feature","properties":{"id":555086027},"geometry":{"type":"Polygon","coordinates":[[[126.85374,37.56314],[126.85368,37.56307],[126.85371,37.56302],[126.85369,37.563],[126.85533,37.56208],[126.85541,37.56217],[126.85544,37.56221],[126.85374,37.56314]]]}},{"type":"Feature","properties":{"id":555494760},"geometry":{"type":"Polygon","coordinates":[[[127.10477,37.48449],[127.1059,37.4827],[127.10657,37.48299],[127.10551,37.48479],[127.10477,37.48449]]]}},{"type":"Feature","properties":{"id":555668694},"geometry":{"type":"Polygon","coordinates":[[[126.76664,37.67838],[126.76669,37.67836],[126.7667,37.67836],[126.76671,37.67836],[126.76675,37.67834],[126.7669,37.67829],[126.76697,37.67826],[126.76699,37.67825],[126.76701,37.67824],[126.76706,37.67833],[126.76715,37.67846],[126.76722,37.67857],[126.76726,37.67863],[126.76748,37.67895],[126.76756,37.67906],[126.76757,37.67908],[126.76758,37.67909],[126.76775,37.67933],[126.7679,37.67956],[126.76801,37.67951],[126.76852,37.67929],[126.76934,37.67894],[126.77074,37.67835],[126.77079,37.67844],[126.77083,37.67852],[126.7698,37.67894],[126.76983,37.679],[126.76948,37.67915],[126.76867,37.6795],[126.76815,37.67973],[126.76805,37.67977],[126.76827,37.68006],[126.76841,37.68026],[126.76861,37.68053],[126.76899,37.68105],[126.76905,37.68113],[126.76906,37.68115],[126.76908,37.68117],[126.7692,37.68135],[126.76929,37.68148],[126.76887,37.68165],[126.76882,37.68157],[126.7688,37.68155],[126.76865,37.68134],[126.76859,37.68125],[126.76841,37.681],[126.76819,37.68071],[126.76804,37.68049],[126.76791,37.6803],[126.76789,37.68027],[126.76787,37.68025],[126.76782,37.68017],[126.76768,37.67998],[126.76748,37.68006],[126.76703,37.68025],[126.76673,37.68038],[126.76597,37.6807],[126.76505,37.6811],[126.76495,37.68097],[126.76492,37.68094],[126.7666,37.68023],[126.76692,37.68009],[126.76738,37.6799],[126.76758,37.67982],[126.76737,37.67949],[126.76724,37.67929],[126.76715,37.67915],[126.767,37.67892],[126.76695,37.67885],[126.76694,37.67884],[126.76694,37.67883],[126.7669,37.67876],[126.76685,37.67869],[126.76671,37.67848],[126.76664,37.67838]]]}},{"type":"Feature","properties":{"id":556436491},"geometry":{"type":"Polygon","coordinates":[[[127.02431,37.46166],[127.02452,37.46157],[127.02475,37.46154],[127.02509,37.4615],[127.02513,37.46131],[127.02494,37.46124],[127.02475,37.46133],[127.02446,37.4614],[127.02419,37.46135],[127.02381,37.46123],[127.02355,37.4612],[127.02323,37.46126],[127.02327,37.46132],[127.02347,37.46128],[127.02367,37.46129],[127.02387,37.46135],[127.02431,37.46166]]]}},{"type":"Feature","properties":{"id":556437511},"geometry":{"type":"Polygon","coordinates":[[[127.01908,37.4634],[127.0191,37.46347],[127.01928,37.46347],[127.01967,37.46337],[127.01982,37.4632],[127.02001,37.46314],[127.02013,37.46299],[127.02041,37.46263],[127.0208,37.46264],[127.0209,37.46231],[127.02106,37.46198],[127.02083,37.46188],[127.02071,37.46173],[127.01969,37.46206],[127.01908,37.4634]]]}},{"type":"Feature","properties":{"id":556439299},"geometry":{"type":"Polygon","coordinates":[[[126.97421,37.55577],[126.97439,37.55572],[126.97453,37.55567],[126.97459,37.55566],[126.97465,37.5556],[126.97498,37.55536],[126.97495,37.55532],[126.97498,37.5553],[126.97503,37.55527],[126.9751,37.55515],[126.97508,37.55493],[126.97508,37.55488],[126.97508,37.55474],[126.97517,37.55459],[126.97516,37.55451],[126.97507,37.5545],[126.97493,37.5545],[126.97487,37.55458],[126.97476,37.55467],[126.97466,37.55486],[126.97441,37.55477],[126.97428,37.55479],[126.97424,37.55488],[126.97421,37.555],[126.97421,37.55577]]]}},{"type":"Feature","properties":{"id":556655584},"geometry":{"type":"Polygon","coordinates":[[[126.97081,37.5607],[126.9711,37.56081],[126.97135,37.56051],[126.9716,37.56059],[126.97182,37.56023],[126.97181,37.55995],[126.97204,37.55995],[126.97214,37.5599],[126.97213,37.55976],[126.97182,37.55973],[126.97161,37.55972],[126.97151,37.5598],[126.97081,37.5607]]]}},{"type":"Feature","properties":{"id":557935809},"geometry":{"type":"Polygon","coordinates":[[[126.72603,37.50937],[126.72602,37.50921],[126.72601,37.50907],[126.72662,37.50907],[126.72676,37.50908],[126.72713,37.50913],[126.72761,37.50922],[126.72784,37.50927],[126.72911,37.50956],[126.72907,37.50967],[126.72904,37.50975],[126.72768,37.50945],[126.72763,37.50944],[126.72753,37.50942],[126.72738,37.50952],[126.72738,37.50938],[126.7268,37.50937],[126.72603,37.50937]]]}},{"type":"Feature","properties":{"id":557935813},"geometry":{"type":"Polygon","coordinates":[[[126.72943,37.50901],[126.72991,37.50898],[126.73032,37.50897],[126.73125,37.50892],[126.73125,37.50887],[126.73124,37.50879],[126.73124,37.50876],[126.73119,37.50872],[126.72945,37.50881],[126.72941,37.50887],[126.72943,37.50901]]]}},{"type":"Feature","properties":{"id":558257291},"geometry":{"type":"Polygon","coordinates":[[[126.72174,37.50757],[126.72164,37.50757],[126.72132,37.50758],[126.72133,37.50769],[126.72138,37.50777],[126.72145,37.50784],[126.72152,37.50791],[126.72159,37.508],[126.7217,37.50811],[126.72187,37.50825],[126.72203,37.50838],[126.72216,37.50847],[126.7223,37.50856],[126.72245,37.50864],[126.72257,37.5087],[126.72267,37.50872],[126.7228,37.50872],[126.7228,37.50862],[126.7228,37.50842],[126.72244,37.50843],[126.72226,37.50839],[126.72212,37.50832],[126.72197,37.50819],[126.72187,37.50811],[126.7218,37.50802],[126.72177,37.50796],[126.72176,37.50788],[126.72174,37.50757]]]}},{"type":"Feature","properties":{"id":558471388},"geometry":{"type":"Polygon","coordinates":[[[126.78184,37.66894],[126.78195,37.66874],[126.78207,37.66854],[126.78216,37.66839],[126.78363,37.66891],[126.78366,37.66893],[126.78328,37.66957],[126.78289,37.66972],[126.78266,37.6698],[126.78225,37.66917],[126.78215,37.66909],[126.78184,37.66894]]]}},{"type":"Feature","properties":{"id":559363104},"geometry":{"type":"Polygon","coordinates":[[[126.99136,37.41971],[126.9914,37.41961],[126.99234,37.4198],[126.99225,37.42006],[126.99176,37.41996],[126.99136,37.41971]]]}},{"type":"Feature","properties":{"id":559363106},"geometry":{"type":"Polygon","coordinates":[[[126.99236,37.42009],[126.99246,37.41983],[126.99259,37.41992],[126.99303,37.42042],[126.99296,37.42046],[126.99307,37.42059],[126.99289,37.42069],[126.99236,37.42009]]]}},{"type":"Feature","properties":{"id":559779047},"geometry":{"type":"Polygon","coordinates":[[[126.726,37.50877],[126.726,37.5087],[126.72599,37.50862],[126.72605,37.50858],[126.72675,37.50859],[126.7269,37.5086],[126.72714,37.50863],[126.72799,37.50882],[126.72827,37.50887],[126.72833,37.50887],[126.72919,37.50883],[126.72927,37.50887],[126.72928,37.50895],[126.72929,37.50907],[126.72921,37.50928],[126.72773,37.50893],[126.7273,37.50886],[126.72702,37.50881],[126.72671,37.50878],[126.726,37.50877]]]}},{"type":"Feature","properties":{"id":560851691},"geometry":{"type":"Polygon","coordinates":[[[127.16734,37.43705],[127.16884,37.43763],[127.16914,37.43714],[127.16765,37.43654],[127.16734,37.43705]]]}},{"type":"Feature","properties":{"id":560851811},"geometry":{"type":"Polygon","coordinates":[[[127.17061,37.44159],[127.17152,37.44129],[127.17251,37.43967],[127.17281,37.43918],[127.17082,37.4384],[127.1707,37.43843],[127.17,37.43947],[127.16993,37.4395],[127.16984,37.43949],[127.16892,37.43911],[127.16875,37.43893],[127.16876,37.43892],[127.169,37.43857],[127.16978,37.43738],[127.1692,37.43716],[127.16886,37.43767],[127.16858,37.43812],[127.16841,37.43837],[127.16801,37.43909],[127.16876,37.4394],[127.16872,37.43946],[127.17026,37.44008],[127.17089,37.43917],[127.17186,37.43955],[127.1707,37.44144],[127.17061,37.44159]]]}},{"type":"Feature","properties":{"id":562676991},"geometry":{"type":"Polygon","coordinates":[[[127.15138,37.59285],[127.15191,37.59275],[127.15181,37.59242],[127.15163,37.59236],[127.15116,37.59223],[127.15138,37.59285]]]}},{"type":"Feature","properties":{"id":565937920},"geometry":{"type":"Polygon","coordinates":[[[127.15587,37.62499],[127.15778,37.62494],[127.15892,37.62493],[127.15903,37.62494],[127.15915,37.62507],[127.1592,37.62595],[127.15951,37.62603],[127.15961,37.62606],[127.1598,37.62615],[127.15996,37.62626],[127.1601,37.62636],[127.16019,37.62646],[127.16044,37.62639],[127.16054,37.62634],[127.16108,37.62624],[127.16108,37.62616],[127.16097,37.62607],[127.16095,37.6259],[127.16102,37.62566],[127.161,37.62529],[127.16105,37.6251],[127.16119,37.625],[127.16134,37.62501],[127.1616,37.62509],[127.1618,37.62518],[127.16227,37.62458],[127.16237,37.62436],[127.16249,37.62407],[127.16257,37.6239],[127.16269,37.62376],[127.16295,37.62354],[127.16305,37.62343],[127.16326,37.62334],[127.16338,37.62307],[127.16337,37.62291],[127.16302,37.623],[127.16273,37.62318],[127.16263,37.62319],[127.16253,37.62313],[127.16243,37.62276],[127.16236,37.62253],[127.16243,37.62242],[127.16278,37.62226],[127.16248,37.62194],[127.16179,37.62173],[127.16216,37.62129],[127.16222,37.62126],[127.16259,37.62127],[127.16326,37.62129],[127.16333,37.62126],[127.16337,37.62119],[127.16337,37.62015],[127.16333,37.62016],[127.16283,37.62022],[127.16275,37.62023],[127.16228,37.62025],[127.16186,37.62029],[127.16137,37.62035],[127.16052,37.62046],[127.16047,37.62057],[127.1605,37.62155],[127.16049,37.62246],[127.16037,37.62255],[127.16036,37.62318],[127.16032,37.62328],[127.15881,37.6245],[127.15871,37.62453],[127.15592,37.62456],[127.15586,37.62463],[127.15587,37.62499]]]}},{"type":"Feature","properties":{"id":566341873},"geometry":{"type":"Polygon","coordinates":[[[127.15096,37.60485],[127.15102,37.6047],[127.15272,37.60509],[127.15307,37.60521],[127.15313,37.60532],[127.15312,37.60538],[127.15096,37.60485]]]}},{"type":"Feature","properties":{"id":566347256},"geometry":{"type":"Polygon","coordinates":[[[127.00401,37.55348],[127.00283,37.5539],[127.00282,37.55395],[127.00293,37.55417],[127.00331,37.55456],[127.00404,37.55529],[127.00418,37.55543],[127.00441,37.55545],[127.00443,37.55518],[127.00525,37.55525],[127.00525,37.55529],[127.00588,37.55536],[127.00591,37.55558],[127.00588,37.55588],[127.00598,37.5559],[127.00597,37.55592],[127.0067,37.55601],[127.00655,37.55665],[127.00655,37.55669],[127.00657,37.55673],[127.00662,37.55678],[127.00668,37.55684],[127.00679,37.5569],[127.00689,37.55693],[127.00699,37.55694],[127.0071,37.55693],[127.00719,37.5569],[127.00741,37.55679],[127.00751,37.55676],[127.00763,37.55675],[127.00802,37.55677],[127.00799,37.5567],[127.00795,37.55663],[127.0079,37.55659],[127.00786,37.55656],[127.00773,37.5565],[127.00766,37.55647],[127.00762,37.55647],[127.00747,37.55651],[127.00742,37.5565],[127.00735,37.55649],[127.00723,37.55642],[127.00716,37.55636],[127.00714,37.55632],[127.00704,37.55613],[127.007,37.55601],[127.00695,37.55593],[127.00683,37.5558],[127.00682,37.55579],[127.00678,37.55577],[127.0067,37.55574],[127.0066,37.55572],[127.00647,37.55569],[127.00632,37.55562],[127.00629,37.55559],[127.00624,37.55556],[127.00618,37.55554],[127.00614,37.55548],[127.00602,37.55532],[127.00595,37.55524],[127.00587,37.55515],[127.00574,37.55509],[127.00555,37.55498],[127.00534,37.55476],[127.00467,37.55417],[127.00461,37.55412],[127.00449,37.55403],[127.00445,37.55398],[127.00443,37.55381],[127.00442,37.5538],[127.00401,37.55348]]]}},{"type":"Feature","properties":{"id":566714177},"geometry":{"type":"Polygon","coordinates":[[[126.73903,37.51382],[126.73912,37.51366],[126.73919,37.51354],[126.73923,37.51346],[126.73875,37.51333],[126.73855,37.51333],[126.73818,37.51338],[126.73699,37.51373],[126.73702,37.51381],[126.73903,37.51382]]]}},{"type":"Feature","properties":{"id":566714203},"geometry":{"type":"Polygon","coordinates":[[[126.73926,37.51426],[126.73927,37.51416],[126.73932,37.51398],[126.73945,37.51374],[126.73957,37.51358],[126.73985,37.5138],[126.74014,37.51399],[126.74044,37.51419],[126.74037,37.51419],[126.73926,37.51426]]]}},{"type":"Feature","properties":{"id":568683011},"geometry":{"type":"Polygon","coordinates":[[[126.91665,37.57989],[126.91646,37.57997],[126.91637,37.58002],[126.91632,37.57997],[126.91648,37.57985],[126.91679,37.57964],[126.91709,37.57947],[126.91711,37.57946],[126.9172,37.57957],[126.91691,37.57972],[126.91692,37.57976],[126.91687,37.57984],[126.91678,37.5799],[126.91665,37.57989]]]}},{"type":"Feature","properties":{"id":569147638},"geometry":{"type":"Polygon","coordinates":[[[127.12391,37.42945],[127.12386,37.4291],[127.12388,37.42843],[127.12391,37.42825],[127.12404,37.42809],[127.1242,37.42793],[127.12434,37.42782],[127.12447,37.42774],[127.12476,37.42763],[127.12505,37.42755],[127.12563,37.42754],[127.12617,37.42756],[127.12653,37.42755],[127.12683,37.42754],[127.12738,37.42758],[127.12761,37.42767],[127.12813,37.42809],[127.12861,37.42846],[127.12892,37.42866],[127.12905,37.42877],[127.12905,37.42881],[127.12898,37.42889],[127.12891,37.42897],[127.12882,37.42886],[127.12882,37.42876],[127.12849,37.4285],[127.12818,37.4285],[127.12741,37.42788],[127.12633,37.42783],[127.12493,37.42778],[127.12486,37.42902],[127.12487,37.42938],[127.12479,37.42945],[127.12391,37.42945]]]}},{"type":"Feature","properties":{"id":569461330},"geometry":{"type":"Polygon","coordinates":[[[127.14973,37.63259],[127.14984,37.63245],[127.14996,37.63238],[127.15029,37.63228],[127.15049,37.63229],[127.15069,37.63231],[127.15091,37.63239],[127.15091,37.63272],[127.1519,37.63272],[127.15191,37.6317],[127.15185,37.63166],[127.15142,37.63166],[127.15131,37.63162],[127.15013,37.63162],[127.14965,37.63172],[127.14941,37.632],[127.14973,37.63259]]]}},{"type":"Feature","properties":{"id":569690776},"geometry":{"type":"Polygon","coordinates":[[[126.80428,37.67439],[126.8043,37.6747],[126.80431,37.67483],[126.80242,37.67542],[126.8008,37.67574],[126.80064,37.67544],[126.80033,37.67503],[126.80031,37.67483],[126.80044,37.67452],[126.80009,37.67439],[126.79949,37.67424],[126.79962,37.67424],[126.80152,37.67417],[126.80222,37.67414],[126.8026,37.67423],[126.80322,37.67442],[126.80428,37.67439]]]}},{"type":"Feature","properties":{"id":572259714},"geometry":{"type":"Polygon","coordinates":[[[127.05119,37.55598],[127.05082,37.55618],[127.04995,37.55554],[127.04891,37.55487],[127.0484,37.55457],[127.04773,37.55438],[127.04743,37.5543],[127.04574,37.55388],[127.04618,37.55355],[127.04644,37.55357],[127.04884,37.55339],[127.04975,37.55334],[127.05048,37.55398],[127.05081,37.55469],[127.05092,37.55493],[127.05119,37.55598]]]}},{"type":"Feature","properties":{"id":574533500},"geometry":{"type":"Polygon","coordinates":[[[126.73728,37.49833],[126.73726,37.49823],[126.73706,37.49825],[126.73702,37.49782],[126.73907,37.49767],[126.73929,37.49783],[126.73931,37.49821],[126.73728,37.49833]]]}},{"type":"Feature","properties":{"id":574533511},"geometry":{"type":"Polygon","coordinates":[[[126.73613,37.50017],[126.73612,37.49987],[126.73646,37.4994],[126.73636,37.4993],[126.73638,37.49928],[126.73713,37.49924],[126.73739,37.49917],[126.73739,37.49921],[126.73743,37.49983],[126.73613,37.50017]]]}},{"type":"Feature","properties":{"id":574533519},"geometry":{"type":"Polygon","coordinates":[[[126.7332,37.50084],[126.73318,37.50066],[126.73324,37.50066],[126.73322,37.50047],[126.73336,37.50046],[126.73333,37.50007],[126.73325,37.50003],[126.73281,37.50006],[126.73274,37.50011],[126.7328,37.5008],[126.73287,37.50086],[126.7332,37.50084]]]}},{"type":"Feature","properties":{"id":574533545},"geometry":{"type":"Polygon","coordinates":[[[126.74435,37.48976],[126.74438,37.48928],[126.74543,37.48936],[126.74558,37.48925],[126.74575,37.48939],[126.74584,37.48948],[126.74593,37.4896],[126.74602,37.48978],[126.74608,37.48995],[126.7461,37.49012],[126.74608,37.4903],[126.74604,37.49074],[126.74597,37.49154],[126.7455,37.49154],[126.74558,37.49049],[126.74511,37.49047],[126.74509,37.49004],[126.74511,37.48984],[126.74435,37.48976]]]}},{"type":"Feature","properties":{"id":574651825},"geometry":{"type":"Polygon","coordinates":[[[127.14946,37.63156],[127.14957,37.63081],[127.14961,37.63082],[127.15026,37.63101],[127.15054,37.63103],[127.15204,37.63104],[127.15222,37.63104],[127.15478,37.63103],[127.15508,37.63099],[127.1553,37.63088],[127.15545,37.63078],[127.15559,37.63065],[127.15578,37.6304],[127.15588,37.63023],[127.15636,37.63023],[127.15636,37.62994],[127.15742,37.62994],[127.15748,37.63024],[127.1575,37.63034],[127.15752,37.6305],[127.15729,37.63052],[127.15697,37.63064],[127.15674,37.63087],[127.15667,37.63112],[127.15651,37.63126],[127.15641,37.63131],[127.15252,37.63142],[127.15242,37.63145],[127.1503,37.63143],[127.14995,37.63144],[127.14946,37.63156]]]}},{"type":"Feature","properties":{"id":574651830},"geometry":{"type":"Polygon","coordinates":[[[127.14918,37.63049],[127.14919,37.63005],[127.14927,37.62992],[127.14982,37.62949],[127.14991,37.62942],[127.15021,37.62917],[127.15025,37.62904],[127.15025,37.62875],[127.15025,37.62863],[127.15007,37.62863],[127.14965,37.62863],[127.14921,37.62863],[127.14921,37.62901],[127.14921,37.62948],[127.14921,37.62949],[127.14921,37.62957],[127.14851,37.63015],[127.14853,37.63017],[127.14857,37.6302],[127.14862,37.63024],[127.14877,37.63034],[127.14908,37.63045],[127.14918,37.63049]]]}},{"type":"Feature","properties":{"id":574651836},"geometry":{"type":"Polygon","coordinates":[[[127.14587,37.62883],[127.1468,37.62863],[127.147,37.62864],[127.14724,37.62863],[127.14731,37.6287],[127.14733,37.62901],[127.14739,37.62925],[127.14746,37.62939],[127.14761,37.62963],[127.14779,37.62981],[127.14779,37.62983],[127.14778,37.62985],[127.1475,37.63008],[127.14738,37.63004],[127.14723,37.62998],[127.14707,37.62998],[127.1469,37.62987],[127.1465,37.6296],[127.14609,37.62914],[127.14587,37.62883]]]}},{"type":"Feature","properties":{"id":574651841},"geometry":{"type":"Polygon","coordinates":[[[127.1478,37.63029],[127.148,37.63047],[127.14832,37.63082],[127.14868,37.6305],[127.14848,37.63038],[127.14807,37.63008],[127.1478,37.63029]]]}},{"type":"Feature","properties":{"id":574651893},"geometry":{"type":"Polygon","coordinates":[[[127.1494,37.61875],[127.14946,37.61878],[127.15022,37.61925],[127.15021,37.61974],[127.14969,37.62026],[127.14961,37.62034],[127.14967,37.62036],[127.14987,37.62043],[127.1499,37.62042],[127.1499,37.62018],[127.15003,37.62006],[127.15036,37.62006],[127.15037,37.61969],[127.15038,37.61932],[127.15053,37.61906],[127.15072,37.61886],[127.15117,37.61838],[127.15125,37.61834],[127.15146,37.61825],[127.15129,37.61811],[127.15074,37.61801],[127.14987,37.61799],[127.14983,37.61809],[127.14976,37.61825],[127.14961,37.61849],[127.14951,37.61861],[127.1494,37.61875]]]}},{"type":"Feature","properties":{"id":574651899},"geometry":{"type":"Polygon","coordinates":[[[127.14993,37.62067],[127.1499,37.62076],[127.14968,37.62129],[127.14964,37.62307],[127.14923,37.62304],[127.14926,37.62151],[127.14927,37.6208],[127.14916,37.62047],[127.1492,37.62041],[127.14993,37.62067]]]}},{"type":"Feature","properties":{"id":575592150},"geometry":{"type":"Polygon","coordinates":[[[127.14732,37.58694],[127.1473,37.58706],[127.1473,37.58726],[127.14731,37.58734],[127.14732,37.58735],[127.14612,37.58689],[127.14678,37.58676],[127.14682,37.58676],[127.14688,37.58675],[127.14732,37.58694]]]}},{"type":"Feature","properties":{"id":577231964},"geometry":{"type":"Polygon","coordinates":[[[127.19876,37.56016],[127.19902,37.55992],[127.19851,37.55958],[127.19798,37.55923],[127.19777,37.5594],[127.19836,37.55985],[127.19858,37.56004],[127.19876,37.56016]]]}},{"type":"Feature","properties":{"id":578745124},"geometry":{"type":"Polygon","coordinates":[[[127.10764,37.61623],[127.10769,37.61618],[127.10802,37.61588],[127.10829,37.61607],[127.10968,37.61697],[127.10911,37.61715],[127.10898,37.61715],[127.10853,37.61684],[127.10842,37.6168],[127.10764,37.61623]]]}},{"type":"Feature","properties":{"id":579134068},"geometry":{"type":"Polygon","coordinates":[[[127.07872,37.63276],[127.07879,37.63292],[127.07891,37.63322],[127.07891,37.63331],[127.07888,37.63338],[127.07879,37.63349],[127.07862,37.63359],[127.07858,37.63328],[127.07798,37.63295],[127.07872,37.63276]]]}},{"type":"Feature","properties":{"id":580474859},"geometry":{"type":"Polygon","coordinates":[[[126.91398,37.50467],[126.91407,37.50472],[126.91477,37.50456],[126.91472,37.50429],[126.91517,37.50419],[126.91525,37.50419],[126.91528,37.50417],[126.91528,37.50415],[126.91495,37.50368],[126.91359,37.50374],[126.91344,37.50387],[126.91388,37.50437],[126.91398,37.50467]]]}},{"type":"Feature","properties":{"id":582384099},"geometry":{"type":"Polygon","coordinates":[[[127.01644,37.45753],[127.01646,37.45739],[127.01697,37.45764],[127.01868,37.45885],[127.0183,37.45871],[127.01805,37.45864],[127.01687,37.45772],[127.01644,37.45753]]]}},{"type":"Feature","properties":{"id":582384163},"geometry":{"type":"Polygon","coordinates":[[[127.01874,37.45926],[127.01931,37.45962],[127.01974,37.45965],[127.02008,37.45953],[127.02058,37.45891],[127.02078,37.45861],[127.02093,37.45825],[127.02101,37.4579],[127.02103,37.45761],[127.02104,37.45736],[127.02099,37.45706],[127.02096,37.45698],[127.02043,37.45694],[127.01997,37.45679],[127.01997,37.45748],[127.01999,37.45772],[127.02002,37.45821],[127.01988,37.45828],[127.01928,37.45856],[127.01868,37.45885],[127.01848,37.459],[127.01874,37.45926]]]}},{"type":"Feature","properties":{"id":582384294},"geometry":{"type":"Polygon","coordinates":[[[127.02003,37.45988],[127.02004,37.46],[127.02018,37.46002],[127.02073,37.45902],[127.02003,37.45988]]]}},{"type":"Feature","properties":{"id":582384303},"geometry":{"type":"Polygon","coordinates":[[[127.02052,37.46011],[127.02106,37.46022],[127.02115,37.46017],[127.02103,37.46006],[127.02091,37.45991],[127.02087,37.45979],[127.02086,37.45957],[127.02112,37.45866],[127.02052,37.46011]]]}},{"type":"Feature","properties":{"id":582384376},"geometry":{"type":"Polygon","coordinates":[[[127.02105,37.45956],[127.02103,37.45979],[127.02109,37.45992],[127.0212,37.46004],[127.02134,37.46011],[127.02149,37.46015],[127.0224,37.46012],[127.02267,37.46014],[127.02351,37.46012],[127.02419,37.46009],[127.02428,37.46006],[127.02426,37.45999],[127.02305,37.45998],[127.02173,37.46001],[127.02137,37.45983],[127.0212,37.45947],[127.02105,37.45956]]]}},{"type":"Feature","properties":{"id":582384410},"geometry":{"type":"Polygon","coordinates":[[[127.02126,37.45683],[127.02104,37.45639],[127.02248,37.45697],[127.02311,37.4572],[127.02489,37.45794],[127.02575,37.45837],[127.02581,37.45839],[127.02614,37.45872],[127.02689,37.45982],[127.02691,37.45994],[127.02565,37.46],[127.02565,37.45959],[127.02592,37.45959],[127.02628,37.45942],[127.02627,37.45937],[127.02559,37.45863],[127.0253,37.45841],[127.02474,37.45816],[127.02313,37.45757],[127.02285,37.45767],[127.02258,37.45736],[127.02235,37.45719],[127.02192,37.45702],[127.02126,37.45683]]]}},{"type":"Feature","properties":{"id":583278627},"geometry":{"type":"Polygon","coordinates":[[[126.89723,37.55382],[126.89677,37.55343],[126.89715,37.55317],[126.89759,37.55356],[126.89723,37.55382]]]}},{"type":"Feature","properties":{"id":584806313},"geometry":{"type":"Polygon","coordinates":[[[127.01686,37.63084],[127.01697,37.6305],[127.01727,37.63013],[127.01732,37.63013],[127.01749,37.63063],[127.01726,37.63071],[127.01727,37.63079],[127.01686,37.63084]]]}},{"type":"Feature","properties":{"id":586178340},"geometry":{"type":"Polygon","coordinates":[[[126.94102,37.47671],[126.94157,37.47704],[126.94121,37.47743],[126.9411,37.47736],[126.94064,37.47709],[126.94102,37.47671]]]}},{"type":"Feature","properties":{"id":586178341},"geometry":{"type":"Polygon","coordinates":[[[126.94171,37.47875],[126.94153,37.47894],[126.94026,37.47818],[126.94044,37.47798],[126.94054,37.47805],[126.94171,37.47875]]]}},{"type":"Feature","properties":{"id":587351688},"geometry":{"type":"Polygon","coordinates":[[[127.0379,37.56545],[127.0379,37.56533],[127.03801,37.5649],[127.0381,37.56444],[127.03814,37.56483],[127.03819,37.565],[127.03824,37.5651],[127.03832,37.56517],[127.03799,37.56544],[127.0379,37.56545]]]}},{"type":"Feature","properties":{"id":588097838},"geometry":{"type":"Polygon","coordinates":[[[127.11894,37.64939],[127.11923,37.6496],[127.12037,37.64861],[127.12169,37.64745],[127.12134,37.6472],[127.12128,37.64715],[127.11984,37.64831],[127.11997,37.6484],[127.11931,37.64903],[127.11894,37.64939]]]}},{"type":"Feature","properties":{"id":588133092},"geometry":{"type":"Polygon","coordinates":[[[126.97605,37.58596],[126.9755,37.58591],[126.97551,37.58555],[126.97536,37.5853],[126.97519,37.58512],[126.97524,37.58483],[126.9755,37.58493],[126.9762,37.58519],[126.97627,37.58535],[126.97619,37.58582],[126.97615,37.58592],[126.97605,37.58596]]]}},{"type":"Feature","properties":{"id":589469226},"geometry":{"type":"Polygon","coordinates":[[[126.96601,37.57031],[126.966,37.57018],[126.96598,37.57027],[126.96589,37.57034],[126.96584,37.57036],[126.96579,37.57038],[126.96573,37.57047],[126.9657,37.57051],[126.96569,37.57056],[126.96548,37.57093],[126.96545,37.57102],[126.96506,37.57156],[126.96503,37.57175],[126.96503,37.57179],[126.96562,37.57204],[126.96581,37.57178],[126.96597,37.57155],[126.96564,37.57154],[126.9656,37.57128],[126.96619,37.57116],[126.96598,37.57085],[126.96593,37.57077],[126.96591,37.57068],[126.96601,37.57031]]]}},{"type":"Feature","properties":{"id":589494523},"geometry":{"type":"Polygon","coordinates":[[[126.82502,37.63333],[126.82479,37.63283],[126.82451,37.63222],[126.82671,37.63193],[126.82663,37.63207],[126.82655,37.63224],[126.826,37.6323],[126.82615,37.63315],[126.82569,37.63322],[126.82502,37.63333]]]}},{"type":"Feature","properties":{"id":589500130},"geometry":{"type":"Polygon","coordinates":[[[126.83702,37.64522],[126.8386,37.64499],[126.83867,37.64391],[126.83791,37.644],[126.83713,37.64409],[126.83682,37.64413],[126.83702,37.64522]]]}},{"type":"Feature","properties":{"id":589570065},"geometry":{"type":"Polygon","coordinates":[[[126.83412,37.64422],[126.83492,37.64413],[126.83483,37.64379],[126.83479,37.64356],[126.83396,37.64368],[126.83412,37.64422]]]}},{"type":"Feature","properties":{"id":589574641},"geometry":{"type":"Polygon","coordinates":[[[126.84868,37.61834],[126.84986,37.61771],[126.84984,37.61767],[126.8496,37.61733],[126.84946,37.61712],[126.8494,37.61708],[126.84932,37.61707],[126.84874,37.61724],[126.8485,37.61731],[126.84842,37.61734],[126.84834,37.61737],[126.84828,37.61739],[126.84816,37.61743],[126.84809,37.61745],[126.8477,37.61756],[126.84726,37.61773],[126.84721,37.61776],[126.84719,37.61782],[126.84731,37.61798],[126.84757,37.61815],[126.84798,37.61822],[126.84804,37.61823],[126.84815,37.61824],[126.84821,37.61825],[126.84827,37.61826],[126.84838,37.61827],[126.8485,37.6183],[126.84868,37.61834]]]}},{"type":"Feature","properties":{"id":589574642},"geometry":{"type":"Polygon","coordinates":[[[126.83011,37.64588],[126.83182,37.64565],[126.83212,37.6456],[126.83195,37.64474],[126.83125,37.64486],[126.83008,37.64516],[126.82997,37.64518],[126.83002,37.6454],[126.83011,37.64588]]]}},{"type":"Feature","properties":{"id":589789911},"geometry":{"type":"Polygon","coordinates":[[[126.77293,37.67319],[126.77243,37.67342],[126.77227,37.6735],[126.77189,37.67367],[126.77174,37.67374],[126.77131,37.67393],[126.77101,37.67405],[126.77125,37.6744],[126.77147,37.67474],[126.77165,37.67497],[126.77216,37.67569],[126.77213,37.6757],[126.7721,37.67572],[126.77205,37.67574],[126.77197,37.67577],[126.77191,37.6758],[126.7714,37.67507],[126.77127,37.67488],[126.77094,37.67438],[126.77079,37.67416],[126.77045,37.67431],[126.76879,37.67503],[126.76876,37.67498],[126.76868,37.67486],[126.77069,37.67399],[126.77019,37.67326],[126.76997,37.67296],[126.76987,37.67281],[126.7694,37.67209],[126.76958,37.67202],[126.77009,37.67273],[126.77065,37.67353],[126.77148,37.67316],[126.77173,37.67351],[126.77282,37.67302],[126.77293,37.67297],[126.77298,37.67294],[126.77301,37.67297],[126.77302,37.673],[126.77304,37.67303],[126.77306,37.67306],[126.77307,37.67309],[126.77309,37.67313],[126.77303,37.67315],[126.77293,37.67319]]]}},{"type":"Feature","properties":{"id":589795439},"geometry":{"type":"Polygon","coordinates":[[[126.76846,37.68311],[126.76839,37.683],[126.76764,37.68326],[126.76713,37.68345],[126.76563,37.68408],[126.76445,37.68462],[126.76401,37.68487],[126.76354,37.68518],[126.76293,37.68564],[126.76241,37.68612],[126.76218,37.6864],[126.76171,37.68703],[126.76188,37.68705],[126.76193,37.68706],[126.76198,37.687],[126.76232,37.68651],[126.76255,37.68617],[126.76304,37.6857],[126.76365,37.68526],[126.76411,37.68498],[126.76451,37.68476],[126.76453,37.68475],[126.76755,37.68348],[126.76836,37.68314],[126.76846,37.68311]]]}},{"type":"Feature","properties":{"id":590340789},"geometry":{"type":"Polygon","coordinates":[[[126.71084,37.44261],[126.71085,37.44154],[126.71091,37.44154],[126.71104,37.44139],[126.71108,37.44116],[126.71106,37.44105],[126.71097,37.441],[126.7106,37.44102],[126.71033,37.44104],[126.71021,37.44106],[126.71021,37.44015],[126.71022,37.44008],[126.71025,37.43995],[126.71026,37.43908],[126.71036,37.43901],[126.71099,37.439],[126.71117,37.439],[126.71133,37.43899],[126.71152,37.43898],[126.7117,37.43899],[126.71236,37.43904],[126.71272,37.43907],[126.71277,37.4391],[126.71282,37.4392],[126.71284,37.43931],[126.71283,37.43942],[126.7128,37.43953],[126.71262,37.43985],[126.71262,37.44035],[126.71259,37.44109],[126.71259,37.44111],[126.71256,37.44139],[126.71246,37.44161],[126.71232,37.44178],[126.71217,37.44195],[126.71206,37.44211],[126.712,37.44221],[126.71196,37.44234],[126.71194,37.44247],[126.71194,37.44247],[126.71194,37.44256],[126.71194,37.44264],[126.71181,37.44262],[126.71158,37.44259],[126.71136,37.44259],[126.71114,37.44259],[126.71111,37.44259],[126.71084,37.44261]]]}},{"type":"Feature","properties":{"id":590927869},"geometry":{"type":"Polygon","coordinates":[[[126.97402,37.48871],[126.9741,37.48875],[126.97426,37.48887],[126.97477,37.48853],[126.97439,37.48821],[126.97402,37.48871]]]}},{"type":"Feature","properties":{"id":594048040},"geometry":{"type":"Polygon","coordinates":[[[127.03102,37.50176],[127.0308,37.50172],[127.03071,37.5017],[127.03019,37.50155],[127.03012,37.50162],[127.02999,37.50165],[127.02988,37.50155],[127.03016,37.50099],[127.0309,37.50121],[127.03082,37.5014],[127.03112,37.50149],[127.03103,37.50174],[127.03102,37.50176]]]}},{"type":"Feature","properties":{"id":594048041},"geometry":{"type":"Polygon","coordinates":[[[127.03045,37.50009],[127.02975,37.49988],[127.02922,37.501],[127.02916,37.50112],[127.02935,37.50147],[127.02951,37.50176],[127.02959,37.50191],[127.02963,37.50182],[127.02991,37.50123],[127.03045,37.50009]]]}},{"type":"Feature","properties":{"id":594093536},"geometry":{"type":"Polygon","coordinates":[[[126.96507,37.50925],[126.96498,37.5092],[126.96496,37.50919],[126.96488,37.50913],[126.96446,37.50933],[126.96481,37.50953],[126.96472,37.5097],[126.96469,37.50982],[126.96476,37.50987],[126.96489,37.50981],[126.96495,37.50964],[126.96498,37.50957],[126.96506,37.50946],[126.96503,37.50938],[126.96507,37.50925]]]}},{"type":"Feature","properties":{"id":594892906},"geometry":{"type":"Polygon","coordinates":[[[126.73705,37.54269],[126.73697,37.54267],[126.73691,37.54264],[126.73655,37.54214],[126.73655,37.5421],[126.73657,37.54208],[126.73662,37.54205],[126.7367,37.54207],[126.73689,37.54215],[126.73717,37.54227],[126.73771,37.54249],[126.73783,37.54253],[126.73785,37.54257],[126.73785,37.54261],[126.73783,37.54264],[126.73778,37.54266],[126.73705,37.54269]]]}},{"type":"Feature","properties":{"id":594892907},"geometry":{"type":"Polygon","coordinates":[[[126.73772,37.54372],[126.73777,37.54375],[126.73783,37.54373],[126.73787,37.54366],[126.73791,37.54353],[126.73794,37.54347],[126.73805,37.54331],[126.73813,37.54323],[126.73816,37.54315],[126.73816,37.5431],[126.73814,37.54306],[126.73809,37.54303],[126.73804,37.54301],[126.73727,37.54305],[126.73721,37.54317],[126.73772,37.54372]]]}},{"type":"Feature","properties":{"id":596125771},"geometry":{"type":"Polygon","coordinates":[[[126.82433,37.46987],[126.82446,37.47],[126.82453,37.47007],[126.82459,37.47014],[126.82465,37.47017],[126.8248,37.46998],[126.82526,37.46961],[126.82539,37.46947],[126.82547,37.46934],[126.82597,37.46824],[126.82609,37.46807],[126.82625,37.46794],[126.82643,37.46784],[126.82677,37.46776],[126.82785,37.46761],[126.82814,37.46757],[126.82833,37.46752],[126.82849,37.46744],[126.82919,37.4669],[126.8294,37.46679],[126.82988,37.46657],[126.82995,37.46652],[126.82983,37.46635],[126.82982,37.46632],[126.82927,37.46654],[126.82702,37.46745],[126.82657,37.46764],[126.82631,37.46778],[126.82603,37.46799],[126.82586,37.46815],[126.82575,37.46824],[126.82554,37.46848],[126.82526,37.4688],[126.82494,37.46918],[126.8244,37.46979],[126.82433,37.46987]]]}},{"type":"Feature","properties":{"id":596138927},"geometry":{"type":"Polygon","coordinates":[[[126.83966,37.64489],[126.84044,37.64489],[126.84032,37.64267],[126.83974,37.64271],[126.83966,37.64489]]]}},{"type":"Feature","properties":{"id":598598206},"geometry":{"type":"Polygon","coordinates":[[[126.83341,37.64808],[126.83443,37.64801],[126.83435,37.64747],[126.83332,37.6476],[126.83341,37.64808]]]}},{"type":"Feature","properties":{"id":599809080},"geometry":{"type":"Polygon","coordinates":[[[127.06003,37.54231],[127.05985,37.54195],[127.06045,37.54178],[127.06064,37.54215],[127.06003,37.54231]]]}},{"type":"Feature","properties":{"id":603105290},"geometry":{"type":"Polygon","coordinates":[[[126.74603,37.66577],[126.74618,37.66579],[126.74742,37.66526],[126.74776,37.66512],[126.74781,37.66501],[126.74735,37.66432],[126.74731,37.66434],[126.74704,37.66445],[126.74695,37.66449],[126.74594,37.66493],[126.74578,37.66507],[126.74564,37.66525],[126.74572,37.66532],[126.74594,37.66564],[126.74603,37.66577]]]}},{"type":"Feature","properties":{"id":603105295},"geometry":{"type":"Polygon","coordinates":[[[126.75841,37.6603],[126.75861,37.66016],[126.75888,37.65996],[126.75892,37.65992],[126.75917,37.65969],[126.75921,37.65965],[126.75948,37.65931],[126.75952,37.65925],[126.75974,37.65899],[126.75868,37.65858],[126.75856,37.65877],[126.75842,37.65894],[126.75833,37.65905],[126.75824,37.65912],[126.75779,37.65954],[126.75777,37.65956],[126.75772,37.6596],[126.7577,37.65963],[126.75766,37.65967],[126.75763,37.6597],[126.75841,37.6603]]]}},{"type":"Feature","properties":{"id":603177749},"geometry":{"type":"Polygon","coordinates":[[[127.11896,37.48743],[127.12101,37.48813],[127.12089,37.4884],[127.12074,37.48843],[127.11885,37.48775],[127.11882,37.48768],[127.11896,37.48743]]]}},{"type":"Feature","properties":{"id":603177750},"geometry":{"type":"Polygon","coordinates":[[[127.11851,37.4876],[127.11865,37.48731],[127.11693,37.48677],[127.1171,37.48642],[127.11719,37.48632],[127.11742,37.48624],[127.11752,37.48618],[127.11773,37.48579],[127.11753,37.48577],[127.11729,37.48577],[127.11714,37.48603],[127.11679,37.4867],[127.11529,37.48615],[127.1151,37.48643],[127.11513,37.48649],[127.1184,37.48761],[127.11851,37.4876]]]}},{"type":"Feature","properties":{"id":603177751},"geometry":{"type":"Polygon","coordinates":[[[127.11499,37.48606],[127.11367,37.48561],[127.11382,37.48534],[127.11406,37.48519],[127.11432,37.48474],[127.11479,37.484],[127.11407,37.48374],[127.11438,37.48335],[127.11459,37.48311],[127.11465,37.48311],[127.1152,37.48331],[127.11542,37.48325],[127.11641,37.48363],[127.11653,37.4836],[127.11656,37.48354],[127.11672,37.48327],[127.11495,37.48264],[127.11527,37.48234],[127.11582,37.48172],[127.11652,37.48063],[127.11645,37.48061],[127.11588,37.48145],[127.11546,37.48197],[127.11487,37.4826],[127.11449,37.483],[127.11396,37.4837],[127.11371,37.48405],[127.11368,37.48408],[127.1134,37.48442],[127.1132,37.48467],[127.11299,37.48491],[127.11259,37.48546],[127.11258,37.48549],[127.11261,37.48556],[127.11311,37.48572],[127.11326,37.4858],[127.11342,37.48585],[127.11371,37.48595],[127.11378,37.48598],[127.11464,37.48626],[127.11476,37.48626],[127.11487,37.48626],[127.11499,37.48606]]]}},{"type":"Feature","properties":{"id":603177752},"geometry":{"type":"Polygon","coordinates":[[[127.1181,37.48383],[127.11883,37.48267],[127.11893,37.48248],[127.1189,37.48222],[127.11893,37.48213],[127.119,37.48197],[127.11927,37.48207],[127.11941,37.48215],[127.11956,37.48234],[127.11942,37.48255],[127.1191,37.48278],[127.11843,37.48395],[127.1181,37.48383]]]}},{"type":"Feature","properties":{"id":603177753},"geometry":{"type":"Polygon","coordinates":[[[127.12175,37.48675],[127.12234,37.48569],[127.12236,37.4855],[127.12231,37.48547],[127.12042,37.4848],[127.12029,37.48505],[127.12187,37.48562],[127.12129,37.48659],[127.12175,37.48675]]]}},{"type":"Feature","properties":{"id":603179247},"geometry":{"type":"Polygon","coordinates":[[[127.13104,37.48832],[127.13134,37.48858],[127.13142,37.48865],[127.1319,37.48907],[127.13215,37.48929],[127.13217,37.48931],[127.13229,37.48941],[127.13288,37.48991],[127.13306,37.49007],[127.13342,37.49038],[127.13351,37.49033],[127.13365,37.49023],[127.13383,37.49011],[127.13373,37.49001],[127.13363,37.48993],[127.13355,37.48986],[127.13337,37.48971],[127.13334,37.48968],[127.13303,37.48942],[127.13293,37.48933],[127.13274,37.48917],[127.13268,37.48912],[127.13253,37.48899],[127.13229,37.48878],[127.13209,37.48861],[127.13191,37.48845],[127.13181,37.48837],[127.13144,37.48806],[127.13104,37.48832]]]}},{"type":"Feature","properties":{"id":603179248},"geometry":{"type":"Polygon","coordinates":[[[127.13494,37.49111],[127.13637,37.49237],[127.13729,37.49317],[127.13794,37.49378],[127.1377,37.49407],[127.13719,37.49362],[127.1363,37.49285],[127.13559,37.49222],[127.13545,37.49209],[127.13511,37.49181],[127.13458,37.49135],[127.13494,37.49111]]]}},{"type":"Feature","properties":{"id":605099399},"geometry":{"type":"Polygon","coordinates":[[[126.93686,37.48055],[126.93688,37.48054],[126.93688,37.48054],[126.93689,37.48053],[126.93689,37.48053],[126.9369,37.48052],[126.9369,37.48052],[126.9369,37.48051],[126.9369,37.4805],[126.9369,37.4805],[126.9369,37.48049],[126.93673,37.4802],[126.93673,37.4802],[126.93673,37.48019],[126.93673,37.48019],[126.93673,37.48018],[126.93673,37.48017],[126.93673,37.48017],[126.93674,37.48016],[126.93674,37.48016],[126.93675,37.48016],[126.93676,37.48015],[126.93713,37.48004],[126.93714,37.48003],[126.93716,37.48003],[126.93717,37.48002],[126.93717,37.48001],[126.93718,37.48],[126.93719,37.47999],[126.93724,37.47984],[126.93724,37.47983],[126.93724,37.47983],[126.93724,37.47982],[126.93724,37.47981],[126.93724,37.4798],[126.93724,37.4798],[126.93724,37.47979],[126.93723,37.47978],[126.9372,37.47975],[126.93717,37.47973],[126.93715,37.47971],[126.93713,37.4797],[126.93711,37.47969],[126.93709,37.47968],[126.93706,37.47967],[126.93704,37.47967],[126.93701,37.47966],[126.93699,37.47966],[126.93696,37.47965],[126.93693,37.47965],[126.9369,37.47965],[126.93687,37.47966],[126.93684,37.47966],[126.93681,37.47967],[126.93678,37.47968],[126.93675,37.47969],[126.93665,37.47973],[126.9366,37.47976],[126.93655,37.47979],[126.93646,37.47984],[126.93637,37.4799],[126.93627,37.47997],[126.93619,37.48004],[126.93618,37.48004],[126.93618,37.48005],[126.93617,37.48006],[126.93617,37.48007],[126.93617,37.48008],[126.93617,37.48009],[126.93617,37.4801],[126.93618,37.48011],[126.93649,37.48064],[126.93649,37.48064],[126.93649,37.48065],[126.9365,37.48065],[126.9365,37.48066],[126.93651,37.48066],[126.93651,37.48066],[126.93652,37.48066],[126.93653,37.48067],[126.93654,37.48067],[126.93654,37.48066],[126.93655,37.48066],[126.93656,37.48066],[126.93686,37.48055]]]}},{"type":"Feature","properties":{"id":605107729},"geometry":{"type":"Polygon","coordinates":[[[126.95875,37.47254],[126.95885,37.47256],[126.95896,37.4726],[126.95908,37.47265],[126.95942,37.47288],[126.95971,37.47308],[126.95994,37.47326],[126.96005,37.47339],[126.96009,37.47344],[126.96012,37.4735],[126.96015,37.47356],[126.96018,37.47362],[126.96019,37.47369],[126.9602,37.47376],[126.95954,37.47425],[126.95907,37.47456],[126.95908,37.47398],[126.95905,37.47355],[126.95896,37.47314],[126.95885,37.47281],[126.95875,37.47254]]]}},{"type":"Feature","properties":{"id":605883483},"geometry":{"type":"Polygon","coordinates":[[[126.99187,37.50529],[126.99204,37.50535],[126.99263,37.50448],[126.99238,37.50437],[126.99212,37.50478],[126.99192,37.50509],[126.99187,37.50529]]]}},{"type":"Feature","properties":{"id":606127880},"geometry":{"type":"Polygon","coordinates":[[[127.02341,37.49446],[127.02307,37.49435],[127.02294,37.49464],[127.02249,37.49451],[127.02275,37.49387],[127.02309,37.49396],[127.02307,37.49402],[127.02354,37.49418],[127.02348,37.49432],[127.02346,37.49435],[127.02345,37.49438],[127.02341,37.49446]]]}},{"type":"Feature","properties":{"id":607690481},"geometry":{"type":"Polygon","coordinates":[[[126.84422,37.66351],[126.84441,37.66341],[126.84425,37.66317],[126.84454,37.66237],[126.84467,37.66198],[126.84424,37.66175],[126.84312,37.6608],[126.84246,37.66165],[126.84232,37.66183],[126.84302,37.66245],[126.84378,37.66312],[126.84411,37.66342],[126.84422,37.66351]]]}},{"type":"Feature","properties":{"id":607690487},"geometry":{"type":"Polygon","coordinates":[[[126.84141,37.65913],[126.84117,37.65883],[126.84223,37.6583],[126.84238,37.65844],[126.84141,37.65913]]]}},{"type":"Feature","properties":{"id":607697462},"geometry":{"type":"Polygon","coordinates":[[[127.00529,37.51151],[127.00509,37.51132],[127.00501,37.51137],[127.00467,37.51103],[127.00451,37.51113],[127.00423,37.51097],[127.00416,37.51093],[127.00416,37.51086],[127.00444,37.5103],[127.00532,37.51058],[127.00574,37.51071],[127.0055,37.51116],[127.00529,37.51151]]]}},{"type":"Feature","properties":{"id":607913399},"geometry":{"type":"Polygon","coordinates":[[[126.98979,37.59175],[126.98909,37.59151],[126.98898,37.59062],[126.98823,37.59001],[126.98829,37.58934],[126.98892,37.58924],[126.98959,37.58927],[126.99184,37.58966],[126.99142,37.59015],[126.99144,37.59031],[126.99146,37.59052],[126.99046,37.59125],[126.99024,37.59141],[126.98979,37.59175]]]}},{"type":"Feature","properties":{"id":608835315},"geometry":{"type":"Polygon","coordinates":[[[127.00873,37.57273],[127.00872,37.57262],[127.00854,37.57261],[127.00842,37.5727],[127.00838,37.57274],[127.00833,37.57276],[127.00829,37.57276],[127.00794,37.57274],[127.00805,37.57261],[127.00821,37.57243],[127.00836,37.57227],[127.00844,37.57218],[127.00844,37.57218],[127.00857,37.57203],[127.00869,37.5719],[127.00881,37.57176],[127.00891,37.57166],[127.00896,37.57162],[127.00901,37.57158],[127.00904,37.57157],[127.00907,37.57155],[127.00916,37.57153],[127.00923,37.57152],[127.00935,37.57154],[127.00945,37.57155],[127.00952,37.57157],[127.00961,37.57158],[127.00966,37.5716],[127.00966,37.57165],[127.00966,37.5718],[127.00965,37.57192],[127.00964,37.57203],[127.0096,37.57211],[127.00957,37.57217],[127.00949,37.57231],[127.00939,37.57242],[127.00935,37.57244],[127.0093,37.57247],[127.00921,37.57249],[127.00912,37.57252],[127.009,37.57258],[127.00893,37.57263],[127.00873,37.57273]]]}},{"type":"Feature","properties":{"id":609526667},"geometry":{"type":"Polygon","coordinates":[[[126.83137,37.51447],[126.83319,37.51499],[126.83402,37.51394],[126.83298,37.5137],[126.83279,37.51407],[126.83208,37.51432],[126.83155,37.51412],[126.83137,37.51447]]]}},{"type":"Feature","properties":{"id":610105802},"geometry":{"type":"Polygon","coordinates":[[[126.77815,37.64607],[126.7767,37.64715],[126.77706,37.64747],[126.77666,37.64786],[126.77568,37.64888],[126.77581,37.64894],[126.77594,37.64901],[126.77684,37.64806],[126.77723,37.64762],[126.77788,37.64712],[126.77755,37.64683],[126.77828,37.64624],[126.7782,37.64617],[126.77815,37.64607]]]}},{"type":"Feature","properties":{"id":610105804},"geometry":{"type":"Polygon","coordinates":[[[126.77313,37.65347],[126.77319,37.65349],[126.77458,37.65107],[126.77645,37.65176],[126.7765,37.65167],[126.77656,37.65157],[126.77661,37.65148],[126.77667,37.65138],[126.77651,37.65132],[126.77517,37.65083],[126.77489,37.65073],[126.775,37.65054],[126.7754,37.64985],[126.77579,37.64918],[126.77569,37.64913],[126.77559,37.64909],[126.7752,37.64977],[126.77467,37.65069],[126.77464,37.65068],[126.77295,37.65005],[126.77274,37.64996],[126.77262,37.64993],[126.77259,37.64997],[126.77255,37.65004],[126.77251,37.65011],[126.77248,37.65016],[126.77245,37.65021],[126.7726,37.65027],[126.77452,37.65097],[126.77415,37.65163],[126.77313,37.65347]]]}},{"type":"Feature","properties":{"id":611127522},"geometry":{"type":"Polygon","coordinates":[[[126.79206,37.64394],[126.79146,37.64343],[126.79155,37.64337],[126.79219,37.64292],[126.79233,37.64304],[126.79244,37.64315],[126.79252,37.64322],[126.79254,37.64324],[126.79263,37.64332],[126.79276,37.64343],[126.79206,37.64394]]]}},{"type":"Feature","properties":{"id":611757886},"geometry":{"type":"Polygon","coordinates":[[[126.88224,37.52013],[126.88348,37.51994],[126.88345,37.51981],[126.88222,37.51999],[126.88224,37.52013]]]}},{"type":"Feature","properties":{"id":611808431},"geometry":{"type":"Polygon","coordinates":[[[127.10882,37.4719],[127.10885,37.47192],[127.10836,37.47253],[127.10808,37.47287],[127.10792,37.47322],[127.10787,37.47319],[127.10795,37.47305],[127.108,37.47293],[127.10813,37.47272],[127.10834,37.47246],[127.10858,37.47216],[127.10882,37.4719]]]}},{"type":"Feature","properties":{"id":611808432},"geometry":{"type":"Polygon","coordinates":[[[127.10768,37.47166],[127.10762,37.47165],[127.10756,37.47169],[127.10724,37.4729],[127.10733,37.47293],[127.10747,37.47235],[127.10756,37.47203],[127.10761,37.47183],[127.10768,37.47166]]]}},{"type":"Feature","properties":{"id":611808438},"geometry":{"type":"Polygon","coordinates":[[[127.11294,37.47268],[127.11424,37.4706],[127.11781,37.47207],[127.1175,37.47256],[127.11797,37.47278],[127.1174,37.47375],[127.11721,37.47391],[127.11678,37.47437],[127.11561,37.47386],[127.11504,37.47381],[127.115,37.47354],[127.1136,37.47295],[127.11294,37.47268]]]}},{"type":"Feature","properties":{"id":611808440},"geometry":{"type":"Polygon","coordinates":[[[127.11485,37.47708],[127.11448,37.47692],[127.11429,37.47636],[127.11405,37.47569],[127.11372,37.47487],[127.11343,37.474],[127.11381,37.47407],[127.11367,37.47437],[127.11375,37.47448],[127.11403,37.47451],[127.11449,37.4745],[127.11511,37.47441],[127.11543,37.47445],[127.11558,37.47428],[127.11567,37.47412],[127.11598,37.47424],[127.11619,37.47432],[127.11652,37.47447],[127.11665,37.47458],[127.11641,37.47498],[127.11621,37.4753],[127.11585,37.47583],[127.11558,37.47624],[127.1152,37.47671],[127.11485,37.47708]]]}},{"type":"Feature","properties":{"id":612506392},"geometry":{"type":"Polygon","coordinates":[[[127.02805,37.56728],[127.02865,37.56717],[127.02856,37.56733],[127.02859,37.56738],[127.02862,37.56742],[127.02864,37.56753],[127.02863,37.56764],[127.02859,37.56771],[127.02825,37.56796],[127.02805,37.56728]]]}},{"type":"Feature","properties":{"id":614205743},"geometry":{"type":"Polygon","coordinates":[[[127.11914,37.54887],[127.11948,37.54966],[127.1197,37.55049],[127.11997,37.55145],[127.12069,37.55317],[127.12124,37.55455],[127.12187,37.55567],[127.12252,37.55692],[127.12314,37.55768],[127.12459,37.5595],[127.12538,37.56037],[127.12635,37.56122],[127.12738,37.56216],[127.12875,37.56324],[127.12961,37.56389],[127.13064,37.56458],[127.13161,37.56512],[127.13236,37.56552],[127.13275,37.56569],[127.13276,37.56542],[127.13277,37.56523],[127.13261,37.5651],[127.13207,37.56461],[127.13175,37.56429],[127.13136,37.564],[127.13095,37.5637],[127.13057,37.56341],[127.13015,37.56307],[127.12942,37.56243],[127.12905,37.56208],[127.12858,37.56161],[127.12845,37.56171],[127.1278,37.56117],[127.12739,37.56084],[127.12716,37.56056],[127.12681,37.56013],[127.12647,37.55972],[127.12619,37.55936],[127.12593,37.55901],[127.12544,37.5583],[127.12521,37.55792],[127.12497,37.55749],[127.12458,37.55674],[127.12404,37.55532],[127.12381,37.55512],[127.12368,37.55496],[127.12337,37.55458],[127.12319,37.55435],[127.12308,37.55421],[127.12304,37.55414],[127.12277,37.55362],[127.12241,37.55292],[127.12177,37.5512],[127.12124,37.54973],[127.12063,37.54803],[127.1205,37.54818],[127.1203,37.54832],[127.12002,37.54845],[127.11963,37.54844],[127.11921,37.54842],[127.11898,37.54838],[127.11914,37.54887]]]}},{"type":"Feature","properties":{"id":614502553},"geometry":{"type":"Polygon","coordinates":[[[127.06212,37.52196],[127.06176,37.52178],[127.06222,37.52102],[127.0625,37.52063],[127.06265,37.52051],[127.06386,37.51957],[127.06416,37.51991],[127.06307,37.5211],[127.06212,37.52196]]]}},{"type":"Feature","properties":{"id":615033886},"geometry":{"type":"Polygon","coordinates":[[[126.74568,37.54876],[126.74578,37.54891],[126.74603,37.54907],[126.74631,37.54915],[126.74655,37.54914],[126.74616,37.54801],[126.74568,37.54876]]]}},{"type":"Feature","properties":{"id":615033887},"geometry":{"type":"Polygon","coordinates":[[[126.74817,37.55697],[126.74818,37.55702],[126.74817,37.5571],[126.74804,37.55729],[126.74786,37.55751],[126.7475,37.55784],[126.74709,37.55738],[126.74699,37.55734],[126.74738,37.55722],[126.74749,37.55719],[126.74817,37.55697]]]}},{"type":"Feature","properties":{"id":615294788},"geometry":{"type":"Polygon","coordinates":[[[126.84581,37.56627],[126.84603,37.56654],[126.84615,37.56655],[126.84624,37.56656],[126.84679,37.56615],[126.84653,37.56589],[126.84581,37.56627]]]}},{"type":"Feature","properties":{"id":616215155},"geometry":{"type":"Polygon","coordinates":[[[126.9329,37.46729],[126.93287,37.46716],[126.93295,37.46715],[126.93287,37.46678],[126.93279,37.46679],[126.93278,37.46676],[126.93273,37.46652],[126.93314,37.46647],[126.93313,37.46642],[126.93316,37.46642],[126.93317,37.46645],[126.93322,37.46644],[126.93323,37.46648],[126.93327,37.46663],[126.93322,37.46664],[126.93326,37.46682],[126.9333,37.46682],[126.9334,37.46726],[126.93332,37.46727],[126.93331,37.46724],[126.9329,37.46729]]]}},{"type":"Feature","properties":{"id":616738590},"geometry":{"type":"Polygon","coordinates":[[[126.96845,37.55329],[126.96803,37.55329],[126.96805,37.55399],[126.96833,37.55373],[126.96863,37.55348],[126.96845,37.55329]]]}},{"type":"Feature","properties":{"id":616820555},"geometry":{"type":"Polygon","coordinates":[[[127.11406,37.65117],[127.11421,37.65136],[127.11498,37.651],[127.11481,37.65082],[127.11406,37.65117]]]}},{"type":"Feature","properties":{"id":617416460},"geometry":{"type":"Polygon","coordinates":[[[126.97809,37.50513],[126.97794,37.50529],[126.97776,37.50543],[126.97745,37.5055],[126.97723,37.50552],[126.97684,37.50549],[126.97624,37.50546],[126.97573,37.50546],[126.97532,37.5055],[126.97479,37.50568],[126.974,37.50607],[126.97315,37.50668],[126.97387,37.50656],[126.9748,37.50648],[126.97604,37.50646],[126.97653,37.50643],[126.97681,37.50635],[126.97706,37.50625],[126.97764,37.50594],[126.97786,37.50577],[126.97795,37.50566],[126.97818,37.50526],[126.9782,37.50524],[126.97823,37.50523],[126.9783,37.50522],[126.97833,37.50521],[126.97835,37.5052],[126.97866,37.50481],[126.97916,37.50392],[126.98021,37.50242],[126.98017,37.50232],[126.97952,37.50308],[126.97895,37.50376],[126.97809,37.50513]]]}},{"type":"Feature","properties":{"id":618119931},"geometry":{"type":"Polygon","coordinates":[[[126.83049,37.58061],[126.82915,37.58122],[126.82821,37.58184],[126.82777,37.58218],[126.8274,37.58252],[126.82704,37.58281],[126.82632,37.58327],[126.82477,37.58405],[126.82384,37.5845],[126.82295,37.58486],[126.82273,37.58494],[126.82224,37.58513],[126.82222,37.58514],[126.82208,37.58519],[126.82166,37.58541],[126.82138,37.58558],[126.82079,37.58598],[126.82015,37.58651],[126.81994,37.58666],[126.81975,37.58675],[126.81951,37.58684],[126.81902,37.587],[126.8188,37.58711],[126.81814,37.58747],[126.81788,37.58764],[126.81774,37.58775],[126.81742,37.58799],[126.8171,37.58821],[126.81651,37.58859],[126.81614,37.58884],[126.8158,37.58907],[126.81522,37.58955],[126.81472,37.58991],[126.81432,37.59018],[126.81319,37.59095],[126.81255,37.59146],[126.8124,37.5916],[126.8123,37.59169],[126.81192,37.59212],[126.8116,37.59247],[126.81091,37.59317],[126.81065,37.59344],[126.81053,37.5936],[126.8105,37.59364],[126.80983,37.59334],[126.80947,37.59355],[126.80828,37.59465],[126.80707,37.59587],[126.80571,37.59549],[126.80497,37.59614],[126.80336,37.59811],[126.80355,37.59829],[126.80508,37.59887],[126.80503,37.59897],[126.80482,37.59918],[126.80456,37.59942],[126.80429,37.59967],[126.804,37.59986],[126.80363,37.60002],[126.80305,37.60002],[126.80016,37.59908],[126.79999,37.59941],[126.79773,37.59869],[126.79808,37.59797],[126.79866,37.59668],[126.799,37.59645],[126.79946,37.5957],[126.80015,37.59496],[126.80084,37.59436],[126.80178,37.59379],[126.80242,37.5936],[126.80314,37.59341],[126.80361,37.59307],[126.80409,37.59259],[126.80506,37.59207],[126.80784,37.59064],[126.81305,37.58796],[126.81698,37.58602],[126.81866,37.58531],[126.82025,37.58462],[126.82112,37.58403],[126.82376,37.58294],[126.82634,37.58184],[126.83072,37.58023],[126.83492,37.57866],[126.83769,37.57763],[126.84009,37.57661],[126.84207,37.57559],[126.84428,37.57431],[126.84437,37.57446],[126.84207,37.57579],[126.84124,37.57626],[126.84051,37.57662],[126.83948,37.57712],[126.83848,37.57754],[126.83671,37.57819],[126.83334,37.57948],[126.83161,37.58013],[126.83049,37.58061]]]}},{"type":"Feature","properties":{"id":618172342},"geometry":{"type":"Polygon","coordinates":[[[127.12146,37.647],[127.12185,37.64667],[127.12178,37.64662],[127.12212,37.64634],[127.12224,37.64644],[127.12268,37.64606],[127.12281,37.64606],[127.12299,37.64604],[127.12314,37.64602],[127.12326,37.64609],[127.12393,37.64656],[127.12395,37.64662],[127.12395,37.64668],[127.12383,37.6468],[127.12305,37.64627],[127.12186,37.64729],[127.12146,37.647]]]}},{"type":"Feature","properties":{"id":618399589},"geometry":{"type":"Polygon","coordinates":[[[126.91716,37.56759],[126.91714,37.56753],[126.91716,37.56739],[126.91726,37.5673],[126.91765,37.56712],[126.91781,37.56717],[126.91824,37.56697],[126.91857,37.56675],[126.91882,37.56654],[126.91891,37.56658],[126.91886,37.56666],[126.91847,37.56693],[126.91819,37.56708],[126.91822,37.56713],[126.91787,37.56728],[126.91716,37.56759]]]}},{"type":"Feature","properties":{"id":618482152},"geometry":{"type":"Polygon","coordinates":[[[126.98032,37.55321],[126.98033,37.55316],[126.98013,37.55276],[126.98,37.55263],[126.97994,37.55264],[126.97962,37.55288],[126.97958,37.55298],[126.97951,37.55318],[126.97947,37.55338],[126.97953,37.55366],[126.9798,37.55417],[126.97984,37.55421],[126.97989,37.55426],[126.97997,37.55433],[126.98003,37.5544],[126.98008,37.55443],[126.98017,37.55445],[126.98024,37.55441],[126.9803,37.55436],[126.98038,37.55418],[126.98034,37.55407],[126.97997,37.55341],[126.97996,37.55337],[126.98,37.55333],[126.98026,37.55324],[126.98032,37.55321]]]}},{"type":"Feature","properties":{"id":618482153},"geometry":{"type":"Polygon","coordinates":[[[126.98171,37.5524],[126.98166,37.55241],[126.98166,37.55245],[126.98198,37.55293],[126.98203,37.55303],[126.98202,37.55313],[126.98199,37.55319],[126.98162,37.55335],[126.98154,37.55335],[126.98149,37.55331],[126.98143,37.55329],[126.98137,37.5533],[126.9813,37.55332],[126.98128,37.55337],[126.98128,37.55346],[126.98132,37.55351],[126.98146,37.5535],[126.98164,37.55344],[126.98193,37.55332],[126.98208,37.55326],[126.98224,37.55309],[126.98229,37.55304],[126.98231,37.55294],[126.98226,37.55284],[126.98209,37.55248],[126.98205,37.55245],[126.98201,37.55245],[126.982,37.55249],[126.98199,37.55257],[126.98197,37.55262],[126.98193,37.55264],[126.98187,37.55263],[126.98184,37.55259],[126.98184,37.55255],[126.98184,37.55248],[126.98184,37.55245],[126.98183,37.55241],[126.98171,37.5524]]]}},{"type":"Feature","properties":{"id":618482154},"geometry":{"type":"Polygon","coordinates":[[[126.9801,37.55257],[126.9802,37.55269],[126.98044,37.55312],[126.98048,37.55313],[126.98058,37.55311],[126.98066,37.55312],[126.98077,37.55315],[126.98084,37.55318],[126.98092,37.55317],[126.98099,37.55317],[126.98103,37.55321],[126.98106,37.55329],[126.981,37.55335],[126.98102,37.55341],[126.98106,37.55342],[126.98116,37.55341],[126.98122,37.55332],[126.98122,37.55326],[126.98099,37.55293],[126.98101,37.55288],[126.98107,37.55285],[126.98149,37.55266],[126.9815,37.55264],[126.9813,37.55237],[126.98126,37.55236],[126.98116,37.55234],[126.98087,37.5523],[126.98067,37.5523],[126.98045,37.55236],[126.98018,37.55251],[126.98011,37.55254],[126.9801,37.55257]]]}},{"type":"Feature","properties":{"id":619722501},"geometry":{"type":"Polygon","coordinates":[[[127.12258,37.6581],[127.123,37.65829],[127.12323,37.65839],[127.1234,37.65849],[127.12348,37.65824],[127.12352,37.65789],[127.12353,37.65786],[127.12351,37.65777],[127.12346,37.65745],[127.12349,37.65716],[127.12364,37.65685],[127.1238,37.65663],[127.12397,37.65646],[127.1243,37.65618],[127.12481,37.65593],[127.12504,37.65574],[127.12515,37.65559],[127.12523,37.6553],[127.12524,37.65507],[127.12507,37.65501],[127.125,37.65502],[127.12482,37.65542],[127.12471,37.6556],[127.12447,37.65588],[127.1241,37.65615],[127.12375,37.65639],[127.12367,37.65646],[127.12359,37.65654],[127.12352,37.65664],[127.12292,37.6575],[127.12286,37.6576],[127.12264,37.65791],[127.12256,37.65803],[127.12256,37.65807],[127.12258,37.6581]]]}},{"type":"Feature","properties":{"id":619722532},"geometry":{"type":"Polygon","coordinates":[[[127.1218,37.65951],[127.12159,37.65981],[127.1212,37.65965],[127.12108,37.65986],[127.12091,37.66007],[127.1202,37.6611],[127.12025,37.66113],[127.12069,37.66079],[127.12135,37.66042],[127.12189,37.66015],[127.12215,37.66],[127.12243,37.65979],[127.1218,37.65951]]]}},{"type":"Feature","properties":{"id":619940698},"geometry":{"type":"Polygon","coordinates":[[[127.12673,37.66131],[127.12678,37.66084],[127.12734,37.66088],[127.12755,37.66112],[127.12754,37.66134],[127.12763,37.66134],[127.12773,37.66132],[127.12701,37.66043],[127.12671,37.65991],[127.12664,37.6599],[127.12648,37.66129],[127.12673,37.66131]]]}},{"type":"Feature","properties":{"id":620998339},"geometry":{"type":"Polygon","coordinates":[[[127.11596,37.5261],[127.11573,37.52619],[127.11563,37.52624],[127.11521,37.52558],[127.11487,37.52563],[127.1149,37.52482],[127.11549,37.52481],[127.11548,37.52541],[127.11596,37.5261]]]}},{"type":"Feature","properties":{"id":621419771},"geometry":{"type":"Polygon","coordinates":[[[126.80771,37.48593],[126.80815,37.48606],[126.80809,37.48617],[126.80829,37.48624],[126.80816,37.48649],[126.80753,37.48629],[126.80771,37.48593]]]}},{"type":"Feature","properties":{"id":621715606},"geometry":{"type":"Polygon","coordinates":[[[126.89835,37.51795],[126.89919,37.51787],[126.89927,37.51839],[126.89922,37.51843],[126.89848,37.51851],[126.89843,37.51848],[126.89835,37.51795]]]}},{"type":"Feature","properties":{"id":624285855},"geometry":{"type":"Polygon","coordinates":[[[126.98271,37.59096],[126.98218,37.59059],[126.98226,37.59013],[126.98393,37.58919],[126.98395,37.58876],[126.98414,37.58796],[126.98506,37.58834],[126.9857,37.58801],[126.98661,37.58924],[126.98499,37.59029],[126.98462,37.59042],[126.98401,37.59063],[126.98355,37.5905],[126.98271,37.59096]]]}},{"type":"Feature","properties":{"id":626360702},"geometry":{"type":"Polygon","coordinates":[[[126.78461,37.64859],[126.78468,37.64855],[126.78526,37.64812],[126.78547,37.64829],[126.78558,37.64838],[126.78515,37.64873],[126.78496,37.64888],[126.78479,37.64874],[126.78461,37.64859]]]}},{"type":"Feature","properties":{"id":627130346},"geometry":{"type":"Polygon","coordinates":[[[126.79159,37.64871],[126.7913,37.64858],[126.79112,37.64853],[126.79091,37.64881],[126.79071,37.6492],[126.79052,37.64914],[126.79042,37.64908],[126.7906,37.64892],[126.79116,37.64848],[126.79165,37.64808],[126.79166,37.64811],[126.79168,37.64818],[126.79169,37.64826],[126.79174,37.64842],[126.79167,37.64859],[126.79159,37.64871]]]}},{"type":"Feature","properties":{"id":628231871},"geometry":{"type":"Polygon","coordinates":[[[127.03453,37.48883],[127.03456,37.48893],[127.03458,37.48915],[127.03453,37.48925],[127.03474,37.48932],[127.03471,37.48948],[127.03488,37.48958],[127.03507,37.48964],[127.03509,37.48968],[127.03504,37.48978],[127.03542,37.48996],[127.03569,37.48996],[127.03586,37.49011],[127.0361,37.49018],[127.03625,37.49004],[127.03662,37.49013],[127.03673,37.49011],[127.03683,37.48995],[127.03699,37.48971],[127.03699,37.48964],[127.03645,37.48945],[127.03581,37.48891],[127.03538,37.48908],[127.03492,37.48898],[127.03453,37.48883]]]}},{"type":"Feature","properties":{"id":628436503},"geometry":{"type":"Polygon","coordinates":[[[126.95265,37.55509],[126.9523,37.55484],[126.9524,37.55477],[126.95283,37.55451],[126.95316,37.55463],[126.95315,37.55465],[126.95332,37.55468],[126.95308,37.55488],[126.95265,37.55509]]]}},{"type":"Feature","properties":{"id":630161401},"geometry":{"type":"Polygon","coordinates":[[[127.11604,37.67046],[127.11625,37.67023],[127.11645,37.67009],[127.11658,37.66994],[127.11675,37.66975],[127.11709,37.66941],[127.11715,37.66939],[127.11777,37.66961],[127.11711,37.67083],[127.11604,37.67046]]]}},{"type":"Feature","properties":{"id":631259840},"geometry":{"type":"Polygon","coordinates":[[[126.96754,37.55499],[126.9675,37.55496],[126.96745,37.55493],[126.96744,37.55492],[126.96744,37.55491],[126.96745,37.5549],[126.96745,37.5549],[126.96746,37.55489],[126.96747,37.55488],[126.96749,37.55488],[126.9675,37.55488],[126.96751,37.55488],[126.96753,37.55488],[126.96755,37.55489],[126.96757,37.55491],[126.96773,37.55499],[126.96786,37.55506],[126.96796,37.55511],[126.96818,37.55521],[126.96831,37.55527],[126.96838,37.55529],[126.96852,37.55533],[126.96865,37.55535],[126.96872,37.55535],[126.96878,37.55537],[126.96882,37.55539],[126.96883,37.55541],[126.96885,37.55543],[126.96885,37.55548],[126.96885,37.55569],[126.96883,37.55573],[126.96882,37.55578],[126.96882,37.55592],[126.96883,37.55601],[126.96884,37.55607],[126.96885,37.55614],[126.96883,37.5566],[126.96883,37.55697],[126.96881,37.55701],[126.96869,37.55708],[126.96852,37.55716],[126.9685,37.55717],[126.96849,37.55716],[126.96849,37.55714],[126.96849,37.55711],[126.9685,37.55694],[126.96849,37.55665],[126.96851,37.55654],[126.96851,37.55643],[126.96853,37.55626],[126.96852,37.55612],[126.96837,37.5559],[126.96826,37.55575],[126.96795,37.55544],[126.96784,37.55531],[126.96767,37.55512],[126.96754,37.55499]]]}},{"type":"Feature","properties":{"id":632350497},"geometry":{"type":"Polygon","coordinates":[[[127.19062,37.55383],[127.19066,37.55379],[127.19099,37.55345],[127.19101,37.5534],[127.19063,37.55309],[127.19086,37.55282],[127.19088,37.55281],[127.19091,37.55281],[127.19115,37.55293],[127.19115,37.55297],[127.19106,37.55308],[127.19105,37.5532],[127.19108,37.55331],[127.19115,37.5534],[127.19127,37.55349],[127.19091,37.55375],[127.19091,37.5542],[127.19089,37.55477],[127.19089,37.55503],[127.19185,37.55508],[127.19204,37.55427],[127.19205,37.55412],[127.192,37.55401],[127.19175,37.55378],[127.19128,37.55335],[127.19121,37.55328],[127.19118,37.55321],[127.19119,37.55311],[127.19125,37.55302],[127.19128,37.55299],[127.19216,37.55347],[127.19262,37.55365],[127.19264,37.55373],[127.19247,37.55454],[127.19235,37.55512],[127.1923,37.55536],[127.19221,37.55577],[127.19211,37.55603],[127.1918,37.55595],[127.19153,37.55625],[127.19155,37.55631],[127.19149,37.55637],[127.19141,37.55639],[127.19133,37.55653],[127.19127,37.55653],[127.19121,37.55653],[127.19112,37.55657],[127.1907,37.55741],[127.19068,37.55747],[127.19045,37.55812],[127.19026,37.55808],[127.19017,37.55826],[127.19014,37.55839],[127.19015,37.55863],[127.19031,37.55864],[127.19033,37.55916],[127.19035,37.55923],[127.19039,37.55928],[127.19042,37.55931],[127.19049,37.55934],[127.19059,37.55935],[127.19059,37.5594],[127.19055,37.55965],[127.1906,37.55968],[127.19093,37.55968],[127.19097,37.55971],[127.19097,37.55983],[127.19095,37.55986],[127.19087,37.55989],[127.19045,37.55982],[127.19006,37.55981],[127.18976,37.55981],[127.18924,37.55981],[127.18926,37.55959],[127.18928,37.55923],[127.1893,37.55907],[127.1893,37.55892],[127.1893,37.55886],[127.18919,37.55839],[127.1892,37.55824],[127.18923,37.55777],[127.18959,37.55778],[127.18965,37.55628],[127.18966,37.5561],[127.18969,37.55563],[127.18969,37.55544],[127.1897,37.55504],[127.1893,37.55501],[127.19005,37.55471],[127.19072,37.55459],[127.19082,37.55426],[127.19062,37.55383]]]}},{"type":"Feature","properties":{"id":636516677},"geometry":{"type":"Polygon","coordinates":[[[126.73092,37.49526],[126.73219,37.49518],[126.73215,37.49484],[126.73088,37.49492],[126.73092,37.49526]]]}},{"type":"Feature","properties":{"id":636521329},"geometry":{"type":"Polygon","coordinates":[[[126.73892,37.49713],[126.73888,37.49677],[126.73981,37.49669],[126.73996,37.49696],[126.74084,37.49688],[126.74085,37.49695],[126.74134,37.49691],[126.74198,37.4966],[126.74207,37.49656],[126.74212,37.49661],[126.7422,37.49704],[126.74219,37.49708],[126.74217,37.49711],[126.74214,37.49714],[126.74209,37.49715],[126.73958,37.4974],[126.73955,37.49709],[126.73892,37.49713]]]}},{"type":"Feature","properties":{"id":637544414},"geometry":{"type":"Polygon","coordinates":[[[127.04524,37.50193],[127.04583,37.50167],[127.04593,37.50146],[127.04551,37.50134],[127.04524,37.50193]]]}},{"type":"Feature","properties":{"id":638632184},"geometry":{"type":"Polygon","coordinates":[[[127.08705,37.49339],[127.08719,37.49309],[127.08824,37.49343],[127.08986,37.49395],[127.09037,37.49416],[127.09043,37.49447],[127.08984,37.49428],[127.08855,37.49387],[127.08705,37.49339]]]}},{"type":"Feature","properties":{"id":638632190},"geometry":{"type":"Polygon","coordinates":[[[127.08881,37.49632],[127.08984,37.49428],[127.08855,37.49387],[127.08847,37.49408],[127.0882,37.49463],[127.08698,37.49425],[127.08668,37.49415],[127.08603,37.49548],[127.08881,37.49632]]]}},{"type":"Feature","properties":{"id":638639071},"geometry":{"type":"Polygon","coordinates":[[[127.05407,37.57651],[127.05456,37.57623],[127.05479,37.57607],[127.05498,37.57592],[127.05376,37.57509],[127.05333,37.57474],[127.05325,37.57473],[127.05273,37.57505],[127.05272,37.57509],[127.05407,37.57651]]]}},{"type":"Feature","properties":{"id":639891637},"geometry":{"type":"Polygon","coordinates":[[[127.19932,37.53707],[127.19961,37.53707],[127.20002,37.53707],[127.20015,37.53699],[127.2002,37.53689],[127.20018,37.53676],[127.20005,37.53635],[127.19999,37.53625],[127.19996,37.53618],[127.19988,37.53611],[127.19959,37.53593],[127.19933,37.53581],[127.19907,37.53559],[127.19891,37.53537],[127.19876,37.53513],[127.19874,37.53501],[127.19885,37.53471],[127.19895,37.53443],[127.19897,37.5343],[127.19894,37.53418],[127.19887,37.53408],[127.19877,37.53399],[127.19859,37.53388],[127.19842,37.53377],[127.19826,37.53368],[127.19813,37.53367],[127.19804,37.53371],[127.19792,37.53379],[127.19775,37.53403],[127.19762,37.53442],[127.19766,37.53482],[127.19773,37.53502],[127.19778,37.53523],[127.19768,37.53539],[127.19754,37.53545],[127.19744,37.53546],[127.19715,37.53533],[127.19706,37.53532],[127.19699,37.53535],[127.19666,37.53578],[127.19654,37.53611],[127.1966,37.53632],[127.19675,37.53659],[127.19687,37.53681],[127.1969,37.53702],[127.19679,37.53718],[127.19669,37.5373],[127.19648,37.5374],[127.19615,37.53744],[127.19569,37.53741],[127.19516,37.5375],[127.19497,37.53771],[127.19489,37.53796],[127.19476,37.53853],[127.19475,37.53885],[127.19486,37.53911],[127.19524,37.5392],[127.19556,37.53912],[127.19594,37.53895],[127.19609,37.53899],[127.19622,37.53896],[127.19647,37.53883],[127.19668,37.53864],[127.19669,37.53861],[127.19667,37.5384],[127.19669,37.53833],[127.19689,37.53801],[127.197,37.53795],[127.19785,37.53785],[127.1979,37.53783],[127.19881,37.53721],[127.19932,37.53707]]]}},{"type":"Feature","properties":{"id":640025441},"geometry":{"type":"Polygon","coordinates":[[[126.7164,37.43311],[126.71657,37.433],[126.71667,37.43294],[126.71717,37.43287],[126.71732,37.43279],[126.71752,37.43262],[126.7173,37.43247],[126.71715,37.43252],[126.7159,37.43262],[126.7159,37.43275],[126.71591,37.43285],[126.71593,37.43297],[126.71596,37.43306],[126.71608,37.43309],[126.7163,37.43311],[126.7164,37.43311]]]}},{"type":"Feature","properties":{"id":640025518},"geometry":{"type":"Polygon","coordinates":[[[126.81235,37.68505],[126.81212,37.685],[126.81192,37.68495],[126.81166,37.68488],[126.81115,37.68471],[126.81103,37.68468],[126.8109,37.68479],[126.81079,37.68489],[126.81072,37.68498],[126.81065,37.68509],[126.8106,37.68519],[126.81063,37.6853],[126.81079,37.68572],[126.81097,37.68614],[126.81111,37.68624],[126.81154,37.68631],[126.81186,37.68634],[126.81214,37.68634],[126.81245,37.68634],[126.81265,37.68634],[126.81271,37.68621],[126.81287,37.68611],[126.81301,37.68606],[126.81337,37.68602],[126.81233,37.68599],[126.81235,37.68505]]]}},{"type":"Feature","properties":{"id":640196257},"geometry":{"type":"Polygon","coordinates":[[[126.71202,37.43214],[126.71201,37.43209],[126.71201,37.43206],[126.71203,37.43204],[126.71206,37.43204],[126.71231,37.43215],[126.71247,37.43224],[126.71286,37.43234],[126.71322,37.43249],[126.71324,37.4325],[126.71336,37.43253],[126.7134,37.43254],[126.71343,37.43256],[126.71344,37.43258],[126.71346,37.43262],[126.71358,37.43289],[126.7136,37.43292],[126.71362,37.43294],[126.71366,37.43297],[126.71371,37.433],[126.71374,37.43304],[126.71379,37.43308],[126.71384,37.43319],[126.71398,37.43345],[126.71398,37.43347],[126.71397,37.43349],[126.71393,37.43348],[126.71386,37.43346],[126.71378,37.43343],[126.71359,37.43312],[126.71346,37.43292],[126.71333,37.43267],[126.71325,37.43263],[126.71316,37.4326],[126.71293,37.43251],[126.71259,37.43239],[126.71228,37.43226],[126.71205,37.43218],[126.71202,37.43214]]]}},{"type":"Feature","properties":{"id":640525840},"geometry":{"type":"Polygon","coordinates":[[[126.79427,37.64278],[126.79431,37.64268],[126.79434,37.64261],[126.79437,37.64255],[126.79449,37.64222],[126.79463,37.64188],[126.79473,37.6416],[126.79485,37.64155],[126.79583,37.64181],[126.79588,37.64182],[126.79591,37.64183],[126.79604,37.64188],[126.79623,37.64201],[126.79643,37.64222],[126.79607,37.64211],[126.79598,37.64211],[126.79594,37.64211],[126.7959,37.64211],[126.7958,37.64211],[126.79548,37.64224],[126.79558,37.64241],[126.79539,37.64264],[126.79505,37.64246],[126.79456,37.64271],[126.79427,37.64278]]]}},{"type":"Feature","properties":{"id":641471749},"geometry":{"type":"Polygon","coordinates":[[[126.78043,37.64495],[126.78015,37.64471],[126.77997,37.64457],[126.78051,37.64416],[126.78054,37.64417],[126.78074,37.64435],[126.78047,37.64456],[126.7807,37.64475],[126.78043,37.64495]]]}},{"type":"Feature","properties":{"id":642770118},"geometry":{"type":"Polygon","coordinates":[[[126.72862,37.45984],[126.72821,37.45946],[126.72888,37.45898],[126.72933,37.45936],[126.72862,37.45984]]]}},{"type":"Feature","properties":{"id":643248046},"geometry":{"type":"Polygon","coordinates":[[[126.83537,37.56908],[126.83548,37.56919],[126.83554,37.56933],[126.83553,37.56947],[126.83547,37.5696],[126.83535,37.56971],[126.83519,37.56977],[126.83501,37.5698],[126.83485,37.56977],[126.83471,37.56971],[126.8346,37.56962],[126.83453,37.5695],[126.83451,37.56937],[126.83454,37.56925],[126.83462,37.56913],[126.83473,37.56905],[126.83488,37.56899],[126.83504,37.56897],[126.83522,37.569],[126.83537,37.56908]]]}},{"type":"Feature","properties":{"id":644702544},"geometry":{"type":"Polygon","coordinates":[[[126.71768,37.44281],[126.71757,37.44281],[126.71617,37.44278],[126.71618,37.44135],[126.71761,37.44135],[126.71776,37.44254],[126.71778,37.44273],[126.71768,37.44281]]]}},{"type":"Feature","properties":{"id":645933714},"geometry":{"type":"Polygon","coordinates":[[[126.7889,37.59988],[126.78801,37.59917],[126.78786,37.59906],[126.78752,37.59934],[126.78743,37.59941],[126.7874,37.59943],[126.78736,37.59944],[126.78732,37.59945],[126.78728,37.59944],[126.78724,37.59941],[126.78713,37.59932],[126.78702,37.5992],[126.78693,37.59911],[126.78685,37.59901],[126.78678,37.59891],[126.78653,37.59852],[126.78648,37.59845],[126.78641,37.59832],[126.78638,37.59824],[126.78635,37.59806],[126.78622,37.59684],[126.78622,37.59676],[126.78627,37.59671],[126.78911,37.59874],[126.78935,37.59892],[126.78943,37.59897],[126.78946,37.59899],[126.78949,37.59901],[126.78966,37.59905],[126.7899,37.59912],[126.78997,37.59915],[126.79,37.59917],[126.79003,37.5992],[126.79004,37.59922],[126.79004,37.59926],[126.79003,37.5994],[126.79001,37.59942],[126.79,37.59943],[126.78998,37.59944],[126.78995,37.59945],[126.78987,37.59947],[126.7897,37.59951],[126.78962,37.59954],[126.78958,37.59956],[126.78953,37.59958],[126.7889,37.59988]]]}},{"type":"Feature","properties":{"id":645933725},"geometry":{"type":"Polygon","coordinates":[[[126.78229,37.59857],[126.78302,37.59848],[126.78306,37.59847],[126.7831,37.59845],[126.78312,37.59842],[126.78313,37.59839],[126.78313,37.59835],[126.78284,37.59682],[126.78282,37.59677],[126.78281,37.59674],[126.7828,37.59671],[126.78277,37.59668],[126.78274,37.59667],[126.78271,37.59667],[126.78266,37.59667],[126.78189,37.59678],[126.78185,37.59679],[126.78182,37.5968],[126.78179,37.59683],[126.78178,37.59685],[126.78177,37.59689],[126.78178,37.59694],[126.78205,37.59838],[126.78207,37.59843],[126.78209,37.59847],[126.78212,37.59851],[126.78216,37.59853],[126.7822,37.59855],[126.78225,37.59856],[126.78229,37.59857]]]}},{"type":"Feature","properties":{"id":645944401},"geometry":{"type":"Polygon","coordinates":[[[126.78961,37.65131],[126.79124,37.65191],[126.79118,37.65202],[126.78955,37.65141],[126.7888,37.65113],[126.78823,37.65213],[126.78806,37.65207],[126.78864,37.65108],[126.7889,37.65064],[126.78644,37.64978],[126.78651,37.64963],[126.78896,37.65053],[126.78945,37.6507],[126.79013,37.64957],[126.7903,37.64964],[126.78963,37.65078],[126.78986,37.65087],[126.78961,37.65131]]]}},{"type":"Feature","properties":{"id":647168398},"geometry":{"type":"Polygon","coordinates":[[[127.039,37.47456],[127.03892,37.47554],[127.03945,37.47563],[127.03986,37.47588],[127.04192,37.4783],[127.04353,37.4802],[127.0437,37.47983],[127.04387,37.47952],[127.04446,37.47823],[127.0444,37.4782],[127.04364,37.47791],[127.04337,37.47769],[127.04022,37.47407],[127.04007,37.47394],[127.03995,37.47388],[127.03978,37.47382],[127.03961,37.47378],[127.03889,37.47376],[127.039,37.47456]]]}},{"type":"Feature","properties":{"id":647622668},"geometry":{"type":"Polygon","coordinates":[[[126.8626,37.49299],[126.86301,37.49295],[126.86419,37.49286],[126.86454,37.49208],[126.86424,37.49188],[126.86395,37.49163],[126.86362,37.49154],[126.86332,37.49172],[126.86296,37.49196],[126.86263,37.49216],[126.86233,37.49225],[126.86239,37.4924],[126.86249,37.49272],[126.8626,37.49299]]]}},{"type":"Feature","properties":{"id":648020512},"geometry":{"type":"Polygon","coordinates":[[[126.7856,37.43694],[126.786,37.43517],[126.78593,37.43507],[126.78582,37.43499],[126.78575,37.43494],[126.7856,37.43492],[126.78551,37.43492],[126.78536,37.43493],[126.78519,37.43495],[126.785,37.43498],[126.78472,37.43503],[126.7845,37.43509],[126.78436,37.43512],[126.78422,37.43518],[126.78409,37.43524],[126.78399,37.43526],[126.78417,37.43531],[126.78431,37.43547],[126.78439,37.43594],[126.78512,37.43666],[126.78522,37.43674],[126.78554,37.43692],[126.7856,37.43694]]]}},{"type":"Feature","properties":{"id":651688454},"geometry":{"type":"Polygon","coordinates":[[[126.97394,37.48718],[126.9741,37.48703],[126.97483,37.48753],[126.97468,37.48767],[126.97394,37.48718]]]}},{"type":"Feature","properties":{"id":651985684},"geometry":{"type":"Polygon","coordinates":[[[126.81154,37.45993],[126.8118,37.45925],[126.81188,37.45896],[126.81275,37.45992],[126.81242,37.46023],[126.81154,37.45993]]]}},{"type":"Feature","properties":{"id":652785423},"geometry":{"type":"Polygon","coordinates":[[[126.74924,37.66684],[126.74881,37.66629],[126.74811,37.66661],[126.74757,37.66667],[126.74736,37.66671],[126.74667,37.66679],[126.7467,37.66685],[126.74673,37.66691],[126.74677,37.66697],[126.74681,37.66701],[126.74688,37.66702],[126.74694,37.66702],[126.74717,37.66696],[126.74739,37.66691],[126.74757,37.66688],[126.74765,37.66687],[126.74769,37.66686],[126.74774,37.66685],[126.74778,37.66685],[126.74795,37.66686],[126.748,37.66686],[126.74843,37.66691],[126.74856,37.66693],[126.74868,37.66695],[126.7488,37.66695],[126.7489,37.66695],[126.74901,37.66694],[126.74914,37.66691],[126.7492,37.66691],[126.74922,37.66689],[126.74924,37.66686],[126.74924,37.66684]]]}},{"type":"Feature","properties":{"id":652789760},"geometry":{"type":"Polygon","coordinates":[[[126.74568,37.66605],[126.74573,37.66595],[126.74549,37.66561],[126.74546,37.66563],[126.74509,37.66577],[126.74437,37.66603],[126.74372,37.66563],[126.74349,37.66548],[126.74346,37.66546],[126.74342,37.66544],[126.74339,37.66542],[126.74337,37.6654],[126.74267,37.66498],[126.74261,37.66494],[126.74255,37.66491],[126.74249,37.66488],[126.74242,37.66486],[126.74239,37.66487],[126.74232,37.66487],[126.74228,37.66487],[126.74226,37.66488],[126.74222,37.66489],[126.7422,37.66489],[126.74213,37.66492],[126.74208,37.66495],[126.74207,37.66495],[126.74204,37.66498],[126.74201,37.665],[126.742,37.66502],[126.74197,37.66506],[126.74195,37.6651],[126.74194,37.66511],[126.74193,37.66516],[126.74193,37.66524],[126.74193,37.66525],[126.74209,37.66625],[126.74216,37.66638],[126.74236,37.66686],[126.74234,37.66699],[126.74232,37.66713],[126.74241,37.66723],[126.74248,37.6673],[126.74259,37.66733],[126.7427,37.66733],[126.74301,37.66722],[126.74311,37.66716],[126.74315,37.66718],[126.74318,37.66723],[126.74324,37.6673],[126.74332,37.6674],[126.74338,37.66748],[126.74342,37.66759],[126.74341,37.66761],[126.74333,37.66762],[126.7431,37.6677],[126.74299,37.66782],[126.743,37.66796],[126.7433,37.66846],[126.74341,37.66846],[126.74351,37.66833],[126.74381,37.66809],[126.74417,37.66781],[126.74428,37.66772],[126.74504,37.66744],[126.74573,37.66726],[126.74577,37.6674],[126.74625,37.6673],[126.74661,37.66729],[126.74674,37.66729],[126.74653,37.66701],[126.7465,37.66698],[126.74647,37.66694],[126.74646,37.66692],[126.74634,37.66677],[126.74611,37.66648],[126.74599,37.66646],[126.74592,37.66649],[126.74537,37.66671],[126.74441,37.66712],[126.7443,37.66698],[126.74415,37.66679],[126.74411,37.66676],[126.74412,37.66675],[126.74416,37.66674],[126.74564,37.66607],[126.74568,37.66605]]]}},{"type":"Feature","properties":{"id":652790551},"geometry":{"type":"Polygon","coordinates":[[[126.74704,37.66445],[126.74685,37.66417],[126.74666,37.6639],[126.74638,37.6635],[126.74573,37.66257],[126.74572,37.66258],[126.74427,37.66319],[126.74422,37.6631],[126.74423,37.66303],[126.74587,37.66234],[126.74602,37.66242],[126.74664,37.66334],[126.74735,37.66432],[126.74731,37.66434],[126.74704,37.66445]]]}},{"type":"Feature","properties":{"id":652790552},"geometry":{"type":"Polygon","coordinates":[[[126.74532,37.66221],[126.7453,37.66217],[126.74421,37.66054],[126.74283,37.66106],[126.74247,37.66121],[126.74144,37.66165],[126.7401,37.66222],[126.73997,37.66228],[126.73984,37.66233],[126.73962,37.66242],[126.73942,37.66246],[126.73913,37.66251],[126.73885,37.66252],[126.73805,37.66257],[126.73731,37.66262],[126.73663,37.66277],[126.73652,37.66279],[126.73625,37.66283],[126.73523,37.66301],[126.73519,37.66302],[126.73503,37.66308],[126.73487,37.6632],[126.73481,37.6628],[126.73476,37.66273],[126.73467,37.6627],[126.73408,37.66278],[126.73431,37.66411],[126.73438,37.66419],[126.73499,37.66411],[126.73505,37.66406],[126.73495,37.66357],[126.73499,37.66354],[126.735,37.6634],[126.73503,37.66328],[126.73513,37.66321],[126.73516,37.66321],[126.73533,37.66317],[126.7363,37.66299],[126.73652,37.66355],[126.73672,37.66394],[126.73674,37.66397],[126.73679,37.66402],[126.73672,37.66408],[126.73454,37.66502],[126.73508,37.6658],[126.73734,37.66481],[126.73742,37.66491],[126.73737,37.66498],[126.73508,37.66602],[126.73481,37.66617],[126.73477,37.6662],[126.73458,37.66635],[126.73444,37.66645],[126.7343,37.66651],[126.73419,37.66654],[126.73412,37.66652],[126.73003,37.66521],[126.72973,37.66511],[126.72958,37.66502],[126.72952,37.66496],[126.72952,37.66492],[126.72955,37.66487],[126.7296,37.66487],[126.73409,37.66622],[126.7342,37.66622],[126.73427,37.66617],[126.73356,37.6622],[126.73355,37.66211],[126.7336,37.66208],[126.73381,37.66215],[126.73433,37.66236],[126.73464,37.66248],[126.73496,37.66257],[126.73512,37.66259],[126.73585,37.66257],[126.74076,37.66153],[126.74204,37.66099],[126.74211,37.66091],[126.74237,37.66087],[126.74251,37.66087],[126.74256,37.66085],[126.74256,37.6608],[126.74437,37.66006],[126.74575,37.66203],[126.74532,37.66221]]]}},{"type":"Feature","properties":{"id":652793223},"geometry":{"type":"Polygon","coordinates":[[[126.76223,37.67764],[126.76238,37.67783],[126.76167,37.67814],[126.76139,37.67826],[126.761,37.67843],[126.76056,37.67863],[126.76044,37.67869],[126.7604,37.6787],[126.76036,37.67872],[126.75934,37.67915],[126.75836,37.67956],[126.75828,37.67943],[126.75823,37.67936],[126.75914,37.67896],[126.76023,37.67849],[126.76021,37.67847],[126.75999,37.67815],[126.76003,37.67813],[126.7601,37.6781],[126.76038,37.67798],[126.76096,37.67772],[126.7612,37.67807],[126.76223,37.67764]]]}},{"type":"Feature","properties":{"id":652852313},"geometry":{"type":"Polygon","coordinates":[[[126.86312,37.4669],[126.86341,37.46696],[126.86373,37.46692],[126.86417,37.46693],[126.86489,37.4671],[126.86511,37.46641],[126.86309,37.46642],[126.86313,37.4667],[126.86312,37.4669]]]}},{"type":"Feature","properties":{"id":653416881},"geometry":{"type":"Polygon","coordinates":[[[126.75625,37.66902],[126.75528,37.66944],[126.75555,37.66984],[126.75483,37.67012],[126.75476,37.67027],[126.75464,37.67032],[126.75265,37.67117],[126.75247,37.67092],[126.75335,37.67055],[126.75408,37.67025],[126.75434,37.67015],[126.75424,37.67],[126.75377,37.66929],[126.75336,37.66869],[126.75325,37.66853],[126.75304,37.66863],[126.75296,37.66851],[126.75375,37.66819],[126.75381,37.66829],[126.75355,37.66841],[126.75366,37.66857],[126.75404,37.6691],[126.75422,37.66939],[126.75434,37.66955],[126.75611,37.66879],[126.75625,37.66902]]]}},{"type":"Feature","properties":{"id":653558374},"geometry":{"type":"Polygon","coordinates":[[[126.77399,37.67675],[126.77309,37.6771],[126.77282,37.6767],[126.77239,37.67607],[126.77228,37.67591],[126.77227,37.67591],[126.77224,37.67592],[126.77218,37.67595],[126.77216,37.67596],[126.77214,37.67596],[126.77225,37.67612],[126.77235,37.67628],[126.77269,37.67679],[126.77294,37.67718],[126.77284,37.67722],[126.77264,37.6773],[126.77273,37.67744],[126.77178,37.67783],[126.77175,37.67784],[126.77104,37.67814],[126.77089,37.6782],[126.77099,37.67836],[126.77112,37.67855],[126.77172,37.67828],[126.77217,37.67808],[126.77296,37.67773],[126.77302,37.6777],[126.77309,37.67769],[126.77317,37.67771],[126.77323,37.67775],[126.77327,37.6778],[126.77356,37.6782],[126.77377,37.67851],[126.77391,37.67872],[126.77402,37.67887],[126.77413,37.67882],[126.7744,37.67924],[126.77448,37.67921],[126.77456,37.67917],[126.77418,37.6786],[126.77402,37.67837],[126.77375,37.67796],[126.77411,37.67781],[126.77393,37.67754],[126.77542,37.67691],[126.77554,37.67688],[126.77557,37.67686],[126.77549,37.67673],[126.77545,37.67667],[126.77534,37.67671],[126.77428,37.67715],[126.77399,37.67675]]]}},{"type":"Feature","properties":{"id":653558821},"geometry":{"type":"Polygon","coordinates":[[[126.77429,37.67731],[126.77424,37.67722],[126.77397,37.67679],[126.77304,37.67716],[126.77301,37.67718],[126.77316,37.67743],[126.77334,37.67769],[126.77337,37.67768],[126.77429,37.67731]]]}},{"type":"Feature","properties":{"id":653695118},"geometry":{"type":"Polygon","coordinates":[[[126.76478,37.67603],[126.76475,37.67599],[126.76468,37.67597],[126.76464,37.67594],[126.76455,37.67583],[126.76464,37.67558],[126.76469,37.67559],[126.76476,37.67559],[126.76482,37.67559],[126.76486,37.67558],[126.76489,37.67562],[126.76495,37.6757],[126.76495,37.6757],[126.76498,37.67574],[126.765,37.67577],[126.76503,37.67581],[126.76506,37.67586],[126.76508,37.67588],[126.76509,37.6759],[126.76511,37.67593],[126.7652,37.67606],[126.76525,37.67612],[126.76515,37.67616],[126.76507,37.67603],[126.76503,37.67595],[126.76497,37.67584],[126.76492,37.67573],[126.76491,37.67572],[126.76489,37.67571],[126.76487,37.6757],[126.76485,37.6757],[126.76476,37.67571],[126.76473,37.6757],[126.7647,37.6757],[126.76468,37.67569],[126.76465,37.6757],[126.76464,37.6757],[126.76462,37.67571],[126.76461,37.67573],[126.76459,37.67578],[126.76459,37.67581],[126.76462,37.67584],[126.7647,37.67584],[126.76475,37.67586],[126.76481,37.67589],[126.7649,37.67587],[126.76495,37.67585],[126.76501,37.67596],[126.765,37.67599],[126.76481,37.67606],[126.76478,37.67603]]]}},{"type":"Feature","properties":{"id":653699489},"geometry":{"type":"Polygon","coordinates":[[[126.75444,37.66021],[126.75443,37.66017],[126.75435,37.65967],[126.75433,37.65949],[126.75419,37.65953],[126.75411,37.65957],[126.75403,37.65964],[126.75392,37.65968],[126.75385,37.65972],[126.7538,37.65979],[126.75376,37.65986],[126.75367,37.65994],[126.75364,37.65995],[126.75354,37.65995],[126.75346,37.65996],[126.75345,37.65996],[126.75337,37.65994],[126.75328,37.65986],[126.75318,37.65979],[126.75305,37.65974],[126.75289,37.65971],[126.75279,37.65967],[126.75271,37.65954],[126.75258,37.65949],[126.75244,37.65953],[126.75296,37.66033],[126.75299,37.66038],[126.753,37.66041],[126.75301,37.66043],[126.75302,37.66044],[126.75303,37.66047],[126.75378,37.66033],[126.75444,37.66021]]]}},{"type":"Feature","properties":{"id":653699496},"geometry":{"type":"Polygon","coordinates":[[[126.75442,37.6592],[126.75438,37.65897],[126.75436,37.65887],[126.75463,37.6587],[126.75478,37.65855],[126.75489,37.65842],[126.75491,37.6584],[126.75496,37.65836],[126.75503,37.65836],[126.75508,37.65838],[126.75514,37.6584],[126.75527,37.65848],[126.75534,37.65849],[126.7555,37.65857],[126.75571,37.65867],[126.75591,37.65873],[126.7561,37.65876],[126.75631,37.65876],[126.75651,37.65873],[126.7568,37.65863],[126.75698,37.65852],[126.75715,37.65833],[126.75722,37.65818],[126.75756,37.65824],[126.75739,37.65842],[126.75719,37.65875],[126.75749,37.65885],[126.75729,37.65911],[126.75724,37.65908],[126.75712,37.65905],[126.757,37.65905],[126.75679,37.65906],[126.75661,37.6591],[126.7566,37.65912],[126.75648,37.65916],[126.75645,37.65911],[126.75636,37.65912],[126.75616,37.65913],[126.75596,37.65917],[126.75574,37.65922],[126.75575,37.65924],[126.75568,37.65927],[126.75564,37.65921],[126.75556,37.65923],[126.75546,37.65924],[126.75531,37.65924],[126.75517,37.65922],[126.75504,37.65918],[126.7549,37.65917],[126.75484,37.65917],[126.75476,37.65918],[126.75474,37.6592],[126.75462,37.65923],[126.75462,37.65917],[126.75442,37.6592]]]}},{"type":"Feature","properties":{"id":653699497},"geometry":{"type":"Polygon","coordinates":[[[126.7576,37.65918],[126.75761,37.65911],[126.75761,37.65887],[126.75798,37.65886],[126.75812,37.65871],[126.75831,37.65843],[126.75831,37.65833],[126.75829,37.65827],[126.7582,37.65824],[126.75804,37.65822],[126.75792,37.6582],[126.75778,37.6582],[126.75767,37.65822],[126.7576,37.65822],[126.75756,37.65824],[126.75722,37.65818],[126.75731,37.65798],[126.75738,37.65788],[126.75747,37.65781],[126.75761,37.65773],[126.75775,37.65769],[126.75786,37.65768],[126.75792,37.65768],[126.75807,37.65771],[126.75836,37.65776],[126.75848,37.65783],[126.75847,37.65792],[126.75845,37.658],[126.75846,37.65813],[126.75848,37.65825],[126.75849,37.65837],[126.75847,37.65853],[126.7584,37.65867],[126.75831,37.65879],[126.75818,37.65892],[126.75806,37.65902],[126.75787,37.65918],[126.7576,37.65918]]]}},{"type":"Feature","properties":{"id":653702364},"geometry":{"type":"Polygon","coordinates":[[[126.74156,37.66738],[126.74198,37.66718],[126.7421,37.66741],[126.74206,37.66754],[126.74201,37.66762],[126.74183,37.6677],[126.74024,37.66839],[126.74032,37.66852],[126.7402,37.66856],[126.7401,37.66853],[126.73992,37.66842],[126.73966,37.66826],[126.73902,37.66807],[126.73889,37.668],[126.73828,37.6678],[126.73817,37.6678],[126.73495,37.66677],[126.73487,37.66672],[126.73485,37.66668],[126.73483,37.66661],[126.73484,37.66657],[126.73493,37.66647],[126.73516,37.66629],[126.7352,37.66623],[126.73554,37.66604],[126.73758,37.66517],[126.73763,37.66517],[126.73774,37.66532],[126.73728,37.66553],[126.73698,37.66566],[126.73685,37.66573],[126.73604,37.66606],[126.73584,37.66613],[126.73622,37.66672],[126.73629,37.66678],[126.73641,37.66682],[126.73727,37.66701],[126.73783,37.66718],[126.73786,37.66724],[126.73803,37.66729],[126.73969,37.66781],[126.74016,37.66796],[126.74094,37.66763],[126.74156,37.66738]]]}},{"type":"Feature","properties":{"id":653704582},"geometry":{"type":"Polygon","coordinates":[[[126.76056,37.67863],[126.76073,37.67886],[126.76088,37.67908],[126.76098,37.67921],[126.76115,37.67946],[126.76133,37.67971],[126.76168,37.68021],[126.76165,37.68023],[126.76159,37.68026],[126.76155,37.68028],[126.76151,37.6803],[126.76148,37.68032],[126.76093,37.67954],[126.76036,37.67872],[126.7604,37.6787],[126.76044,37.67869],[126.76056,37.67863]]]}},{"type":"Feature","properties":{"id":653708136},"geometry":{"type":"Polygon","coordinates":[[[126.77301,37.6803],[126.77289,37.6804],[126.77277,37.68045],[126.77264,37.68047],[126.77255,37.68047],[126.77247,37.68043],[126.77243,37.68038],[126.77242,37.68033],[126.77246,37.6803],[126.77265,37.68023],[126.77271,37.68015],[126.77314,37.67997],[126.77337,37.67989],[126.77389,37.67974],[126.7741,37.67968],[126.77465,37.67947],[126.7751,37.67926],[126.77524,37.67926],[126.77569,37.67907],[126.77583,37.67894],[126.77675,37.67858],[126.7768,37.67856],[126.7769,37.67859],[126.77692,37.67862],[126.7771,37.67889],[126.77704,37.67892],[126.77575,37.67948],[126.77515,37.67973],[126.7746,37.67992],[126.77455,37.6799],[126.7745,37.67989],[126.77435,37.67986],[126.774,37.68002],[126.77382,37.67994],[126.7736,37.67991],[126.77343,37.67993],[126.77331,37.67998],[126.7732,37.68008],[126.77308,37.6802],[126.77301,37.6803]]]}},{"type":"Feature","properties":{"id":653709553},"geometry":{"type":"Polygon","coordinates":[[[126.7564,37.66031],[126.75647,37.66022],[126.75686,37.6603],[126.75689,37.6603],[126.7574,37.661],[126.75729,37.66108],[126.75722,37.66097],[126.75704,37.66071],[126.75699,37.66063],[126.75693,37.66054],[126.75682,37.66038],[126.7564,37.66031]]]}},{"type":"Feature","properties":{"id":653709555},"geometry":{"type":"Polygon","coordinates":[[[126.7545,37.65974],[126.75449,37.65964],[126.75446,37.65949],[126.75459,37.6595],[126.75468,37.65951],[126.75501,37.65951],[126.75523,37.65951],[126.7554,37.65955],[126.75545,37.65949],[126.75562,37.6595],[126.75577,37.65953],[126.75585,37.65955],[126.75597,37.65955],[126.75604,37.65955],[126.75613,37.65954],[126.75628,37.65949],[126.75635,37.65953],[126.75651,37.65947],[126.75679,37.65941],[126.75698,37.6594],[126.75719,37.65944],[126.75735,37.65947],[126.75747,37.65955],[126.75737,37.65963],[126.75713,37.65972],[126.75686,37.65981],[126.7562,37.65976],[126.75541,37.65972],[126.7545,37.65974]]]}},{"type":"Feature","properties":{"id":653709679},"geometry":{"type":"Polygon","coordinates":[[[126.75303,37.66047],[126.75302,37.66044],[126.75301,37.66043],[126.753,37.66041],[126.75299,37.66038],[126.75296,37.66033],[126.75267,37.6604],[126.75221,37.66056],[126.7519,37.6607],[126.75172,37.6608],[126.75146,37.66095],[126.75125,37.66108],[126.75126,37.6611],[126.75128,37.66112],[126.75132,37.66117],[126.75134,37.66119],[126.75136,37.66122],[126.75151,37.66112],[126.75164,37.66103],[126.75175,37.66096],[126.75202,37.66082],[126.75244,37.66064],[126.7527,37.66054],[126.7529,37.66049],[126.75303,37.66047]]]}},{"type":"Feature","properties":{"id":653711326},"geometry":{"type":"Polygon","coordinates":[[[126.75454,37.66726],[126.75416,37.66671],[126.75461,37.66653],[126.75491,37.66698],[126.75498,37.66707],[126.755,37.66709],[126.755,37.66713],[126.75499,37.66716],[126.75497,37.6672],[126.75494,37.66723],[126.7549,37.66725],[126.75463,37.66738],[126.7546,37.66734],[126.75454,37.66726]]]}},{"type":"Feature","properties":{"id":654241192},"geometry":{"type":"Polygon","coordinates":[[[126.74405,37.66278],[126.74391,37.66276],[126.74343,37.66208],[126.74408,37.66179],[126.74454,37.66244],[126.7446,37.66253],[126.74405,37.66278]]]}},{"type":"Feature","properties":{"id":654250368},"geometry":{"type":"Polygon","coordinates":[[[126.74946,37.66947],[126.74929,37.66954],[126.7493,37.66948],[126.74875,37.6687],[126.74865,37.6687],[126.7488,37.66864],[126.74888,37.66861],[126.74901,37.66882],[126.74925,37.66915],[126.74946,37.66947]]]}},{"type":"Feature","properties":{"id":654402180},"geometry":{"type":"Polygon","coordinates":[[[126.89569,37.45903],[126.89496,37.45883],[126.89511,37.45848],[126.89585,37.45868],[126.89569,37.45903]]]}},{"type":"Feature","properties":{"id":654476546},"geometry":{"type":"Polygon","coordinates":[[[126.76431,37.66037],[126.7642,37.66038],[126.76418,37.66038],[126.76415,37.66038],[126.76404,37.66035],[126.76395,37.66031],[126.76388,37.66025],[126.76384,37.66017],[126.76382,37.66008],[126.76384,37.66001],[126.76388,37.65993],[126.76394,37.65987],[126.76402,37.65982],[126.76411,37.6598],[126.76421,37.65979],[126.76424,37.65979],[126.76427,37.65979],[126.76436,37.65982],[126.76443,37.65985],[126.76449,37.6599],[126.76454,37.65996],[126.76457,37.66003],[126.76457,37.6601],[126.76455,37.66018],[126.7645,37.66026],[126.76442,37.66033],[126.76431,37.66037]]]}},{"type":"Feature","properties":{"id":654723514},"geometry":{"type":"Polygon","coordinates":[[[126.75819,37.67534],[126.75891,37.67643],[126.75879,37.67647],[126.75861,37.67655],[126.75794,37.6755],[126.75767,37.6756],[126.75755,37.67542],[126.75794,37.67526],[126.75798,37.67532],[126.75814,37.67526],[126.75819,37.67534]]]}},{"type":"Feature","properties":{"id":654735993},"geometry":{"type":"Polygon","coordinates":[[[126.75032,37.68564],[126.74919,37.68557],[126.74756,37.68535],[126.74748,37.68533],[126.74744,37.68528],[126.74746,37.68523],[126.74751,37.68518],[126.74839,37.6848],[126.74841,37.68479],[126.74847,37.68477],[126.74875,37.68465],[126.74893,37.6849],[126.74907,37.68508],[126.75037,37.68522],[126.75109,37.68495],[126.75117,37.68503],[126.75131,37.68519],[126.75126,37.68567],[126.75032,37.68564]]]}},{"type":"Feature","properties":{"id":655130556},"geometry":{"type":"Polygon","coordinates":[[[126.74961,37.66493],[126.7499,37.66493],[126.74991,37.66508],[126.75007,37.66512],[126.75004,37.66489],[126.75005,37.66482],[126.75007,37.66479],[126.75012,37.66473],[126.7502,37.66467],[126.75041,37.66459],[126.75045,37.66458],[126.75053,37.66459],[126.75059,37.6646],[126.75058,37.66458],[126.75043,37.66453],[126.74961,37.66491],[126.74961,37.66493]]]}},{"type":"Feature","properties":{"id":655130559},"geometry":{"type":"Polygon","coordinates":[[[126.74955,37.66527],[126.74956,37.66529],[126.74958,37.66529],[126.74994,37.66526],[126.74999,37.66526],[126.75003,37.66527],[126.75053,37.66595],[126.75066,37.66614],[126.75066,37.66619],[126.75064,37.66647],[126.75069,37.66645],[126.7507,37.66627],[126.751,37.66629],[126.75116,37.66616],[126.75111,37.66609],[126.75101,37.66596],[126.75093,37.66593],[126.75073,37.66592],[126.75069,37.66591],[126.75067,37.66589],[126.75058,37.66576],[126.75043,37.66556],[126.75031,37.66538],[126.75035,37.66501],[126.75036,37.66494],[126.75007,37.66512],[126.75002,37.66522],[126.74983,37.66517],[126.74975,37.66518],[126.74955,37.66527]]]}},{"type":"Feature","properties":{"id":655146663},"geometry":{"type":"Polygon","coordinates":[[[126.74895,37.66217],[126.74874,37.66185],[126.74881,37.66177],[126.74889,37.66173],[126.74905,37.66167],[126.74913,37.66166],[126.74923,37.66166],[126.74931,37.66168],[126.74936,37.66168],[126.74952,37.66167],[126.7496,37.66164],[126.74967,37.6616],[126.74971,37.66157],[126.74973,37.66154],[126.74976,37.66156],[126.74975,37.66163],[126.74973,37.66173],[126.74966,37.66181],[126.74956,37.66186],[126.74944,37.66188],[126.74934,37.6619],[126.74924,37.66192],[126.74914,37.66198],[126.749,37.6621],[126.74895,37.66217]]]}},{"type":"Feature","properties":{"id":655205769},"geometry":{"type":"Polygon","coordinates":[[[126.7455,37.66389],[126.74585,37.66399],[126.74594,37.66374],[126.74647,37.66385],[126.74642,37.664],[126.74647,37.66401],[126.74645,37.66407],[126.74685,37.66417],[126.74666,37.6639],[126.74638,37.6635],[126.7455,37.66389]]]}},{"type":"Feature","properties":{"id":655217771},"geometry":{"type":"Polygon","coordinates":[[[126.75622,37.6615],[126.75553,37.66181],[126.75548,37.66181],[126.75546,37.66178],[126.75541,37.6618],[126.75523,37.66188],[126.75532,37.662],[126.75569,37.66184],[126.75582,37.66174],[126.7562,37.66157],[126.75622,37.66155],[126.75623,37.66153],[126.75623,37.66152],[126.75622,37.6615]]]}},{"type":"Feature","properties":{"id":655224592},"geometry":{"type":"Polygon","coordinates":[[[126.75639,37.66088],[126.75638,37.66085],[126.75637,37.6608],[126.75627,37.66072],[126.75613,37.66101],[126.75611,37.66106],[126.75611,37.66109],[126.75612,37.66111],[126.75616,37.66114],[126.7566,37.66137],[126.75662,37.66138],[126.75665,37.66138],[126.75668,37.66138],[126.75672,37.66136],[126.75674,37.66134],[126.75677,37.66129],[126.75668,37.66125],[126.75669,37.66124],[126.75664,37.66122],[126.75666,37.66118],[126.75652,37.66113],[126.75655,37.66109],[126.75652,37.66106],[126.75644,37.66109],[126.75643,37.66108],[126.75638,37.6611],[126.75635,37.66107],[126.75622,37.66113],[126.75616,37.66105],[126.75619,37.66103],[126.75617,37.66101],[126.75627,37.66097],[126.75626,37.66094],[126.75639,37.66088]]]}},{"type":"Feature","properties":{"id":655224612},"geometry":{"type":"Polygon","coordinates":[[[126.7575,37.66086],[126.75762,37.66081],[126.75768,37.66073],[126.75778,37.66076],[126.75789,37.66069],[126.75796,37.66066],[126.75811,37.66055],[126.75827,37.66041],[126.75827,37.66034],[126.75807,37.66034],[126.75805,37.66035],[126.75793,37.66046],[126.7578,37.66054],[126.75783,37.66058],[126.7575,37.6607],[126.7575,37.66086]]]}},{"type":"Feature","properties":{"id":655234733},"geometry":{"type":"Polygon","coordinates":[[[126.75054,37.66645],[126.75048,37.66635],[126.75049,37.66628],[126.75049,37.66624],[126.75049,37.6662],[126.75048,37.66617],[126.75009,37.66562],[126.75016,37.66558],[126.75053,37.66612],[126.75054,37.66615],[126.75055,37.66618],[126.75054,37.66645]]]}},{"type":"Feature","properties":{"id":655284081},"geometry":{"type":"Polygon","coordinates":[[[126.79192,37.64257],[126.79196,37.64249],[126.79138,37.64201],[126.7913,37.64197],[126.79123,37.64194],[126.79117,37.6419],[126.79111,37.64186],[126.79103,37.64179],[126.79069,37.6415],[126.79065,37.64152],[126.79192,37.64257]]]}},{"type":"Feature","properties":{"id":655294427},"geometry":{"type":"Polygon","coordinates":[[[126.75296,37.66801],[126.75298,37.668],[126.75302,37.66798],[126.75312,37.66812],[126.75112,37.66902],[126.7511,37.66903],[126.75108,37.669],[126.75102,37.66892],[126.75104,37.66891],[126.75228,37.66836],[126.75271,37.66817],[126.75286,37.6681],[126.75295,37.66806],[126.75296,37.66801]]]}},{"type":"Feature","properties":{"id":655974380},"geometry":{"type":"Polygon","coordinates":[[[126.79324,37.65971],[126.79327,37.65958],[126.7933,37.65949],[126.79343,37.65923],[126.79343,37.65922],[126.79343,37.65917],[126.7934,37.65912],[126.79331,37.65909],[126.79322,37.65908],[126.79318,37.65911],[126.79313,37.65918],[126.79296,37.65963],[126.7928,37.66005],[126.79273,37.66022],[126.79262,37.66044],[126.79247,37.66073],[126.79244,37.66082],[126.7925,37.6609],[126.79283,37.66101],[126.79293,37.66085],[126.79282,37.6608],[126.79279,37.66078],[126.79276,37.66074],[126.79275,37.66068],[126.79275,37.6606],[126.79279,37.66051],[126.79307,37.66002],[126.79324,37.65971]]]}},{"type":"Feature","properties":{"id":655974381},"geometry":{"type":"Polygon","coordinates":[[[126.79297,37.6607],[126.79292,37.66067],[126.7929,37.66061],[126.7929,37.66055],[126.79293,37.66049],[126.79353,37.65942],[126.79366,37.65915],[126.79374,37.65917],[126.7936,37.65944],[126.79364,37.65946],[126.79334,37.66003],[126.79316,37.66038],[126.79309,37.66055],[126.79303,37.66069],[126.79301,37.6607],[126.79299,37.6607],[126.79297,37.6607]]]}},{"type":"Feature","properties":{"id":656260310},"geometry":{"type":"Polygon","coordinates":[[[126.77071,37.65429],[126.77044,37.6542],[126.77063,37.65384],[126.77066,37.65385],[126.77072,37.65373],[126.77118,37.6539],[126.77103,37.65418],[126.77081,37.65411],[126.77071,37.65429]]]}},{"type":"Feature","properties":{"id":656733185},"geometry":{"type":"Polygon","coordinates":[[[126.7753,37.67203],[126.77527,37.67198],[126.77512,37.67178],[126.77514,37.67177],[126.77603,37.67138],[126.77614,37.67153],[126.77632,37.67145],[126.77639,37.67156],[126.77643,37.67163],[126.77538,37.6721],[126.77535,37.6721],[126.7753,37.67203]]]}},{"type":"Feature","properties":{"id":656743047},"geometry":{"type":"Polygon","coordinates":[[[126.78616,37.65587],[126.78597,37.6562],[126.78567,37.65673],[126.78539,37.65721],[126.78495,37.65798],[126.78494,37.65797],[126.7849,37.65796],[126.78486,37.65795],[126.78481,37.65793],[126.78479,37.65792],[126.78474,37.6579],[126.78461,37.65785],[126.78463,37.65781],[126.78466,37.65775],[126.78502,37.65713],[126.78531,37.65664],[126.7856,37.65615],[126.78583,37.65575],[126.7856,37.65567],[126.78543,37.65561],[126.7847,37.65536],[126.78458,37.65532],[126.78444,37.65526],[126.78376,37.65501],[126.78404,37.65455],[126.78372,37.65444],[126.78376,37.65437],[126.7838,37.65431],[126.78382,37.65427],[126.78384,37.65424],[126.78386,37.65421],[126.78389,37.65416],[126.7839,37.65415],[126.78395,37.65406],[126.7843,37.65419],[126.78456,37.65376],[126.78539,37.65406],[126.78543,37.65407],[126.78546,37.65409],[126.78608,37.65431],[126.78661,37.6545],[126.7868,37.65418],[126.7871,37.65367],[126.78734,37.6533],[126.78759,37.65287],[126.78773,37.65264],[126.78782,37.65248],[126.78793,37.6523],[126.78799,37.65232],[126.78801,37.65233],[126.78811,37.65237],[126.78821,37.6524],[126.78805,37.65269],[126.78789,37.65295],[126.78744,37.65369],[126.7874,37.65377],[126.78736,37.65383],[126.78712,37.65425],[126.78691,37.6546],[126.78664,37.65503],[126.78662,37.65508],[126.78668,37.6551],[126.78688,37.65517],[126.78763,37.65545],[126.78797,37.65558],[126.78801,37.65559],[126.78806,37.65561],[126.78844,37.65575],[126.78854,37.65579],[126.78893,37.65592],[126.7889,37.65598],[126.78889,37.65599],[126.78888,37.65601],[126.78886,37.65605],[126.78883,37.65608],[126.78881,37.65611],[126.7888,37.65612],[126.78879,37.65614],[126.78877,37.65618],[126.78876,37.6562],[126.78875,37.65622],[126.78871,37.6563],[126.7885,37.65623],[126.78824,37.65614],[126.78777,37.65598],[126.78724,37.65579],[126.78721,37.65578],[126.78718,37.65577],[126.78668,37.65559],[126.78638,37.65548],[126.78616,37.65587]]]}},{"type":"Feature","properties":{"id":656899453},"geometry":{"type":"Polygon","coordinates":[[[126.75555,37.67143],[126.75544,37.67148],[126.75502,37.67087],[126.75464,37.67032],[126.75469,37.6703],[126.75476,37.67027],[126.75513,37.67082],[126.75538,37.67119],[126.75555,37.67143]]]}},{"type":"Feature","properties":{"id":656994998},"geometry":{"type":"Polygon","coordinates":[[[126.76472,37.6812],[126.76324,37.6819],[126.76382,37.6827],[126.76416,37.68316],[126.76442,37.68352],[126.76431,37.68356],[126.76418,37.68361],[126.76394,37.68325],[126.76365,37.68282],[126.76321,37.68217],[126.76274,37.68238],[126.7623,37.68258],[126.76214,37.68234],[126.76068,37.68298],[126.76063,37.68291],[126.76061,37.68288],[126.76264,37.68198],[126.76288,37.68188],[126.76464,37.68106],[126.76466,37.6811],[126.76472,37.6812]]]}},{"type":"Feature","properties":{"id":657032475},"geometry":{"type":"Polygon","coordinates":[[[126.7706,37.6665],[126.7695,37.66584],[126.76954,37.6658],[126.76958,37.66575],[126.77068,37.66641],[126.77062,37.66647],[126.7706,37.6665]]]}},{"type":"Feature","properties":{"id":657032480},"geometry":{"type":"Polygon","coordinates":[[[126.77168,37.6684],[126.77166,37.66837],[126.77164,37.66834],[126.77194,37.66822],[126.77222,37.66794],[126.77202,37.6678],[126.77229,37.66752],[126.77235,37.66746],[126.77256,37.66759],[126.77269,37.66752],[126.77293,37.6673],[126.77312,37.66743],[126.77322,37.66755],[126.7733,37.66766],[126.77331,37.66769],[126.77256,37.66801],[126.77168,37.6684]]]}},{"type":"Feature","properties":{"id":657207406},"geometry":{"type":"Polygon","coordinates":[[[126.78218,37.66618],[126.78187,37.66667],[126.7818,37.6668],[126.78234,37.66702],[126.78208,37.66753],[126.78199,37.66749],[126.78217,37.66713],[126.78169,37.66698],[126.78152,37.66733],[126.78158,37.66735],[126.7815,37.66751],[126.78126,37.66744],[126.78131,37.66733],[126.7812,37.66617],[126.78218,37.66618]]]}},{"type":"Feature","properties":{"id":657207411},"geometry":{"type":"Polygon","coordinates":[[[126.7811,37.66625],[126.78122,37.66729],[126.78122,37.66734],[126.78118,37.66745],[126.78065,37.66793],[126.78062,37.66793],[126.78061,37.66791],[126.78068,37.6677],[126.78073,37.66731],[126.78078,37.66698],[126.78079,37.66687],[126.78081,37.66679],[126.78087,37.66663],[126.7811,37.66625]]]}},{"type":"Feature","properties":{"id":657207413},"geometry":{"type":"Polygon","coordinates":[[[126.78047,37.66661],[126.78047,37.66656],[126.78019,37.66563],[126.78036,37.66558],[126.78068,37.66582],[126.78115,37.66617],[126.78073,37.66685],[126.7806,37.66771],[126.78038,37.66806],[126.78023,37.66829],[126.78013,37.66825],[126.78049,37.66766],[126.78055,37.66744],[126.78054,37.66725],[126.78053,37.66708],[126.78047,37.66661]]]}},{"type":"Feature","properties":{"id":657304717},"geometry":{"type":"Polygon","coordinates":[[[126.74603,37.67398],[126.74657,37.67375],[126.74645,37.67356],[126.74635,37.67342],[126.74632,37.67336],[126.74604,37.67348],[126.74608,37.67354],[126.74613,37.67352],[126.74619,37.67352],[126.74624,37.67353],[126.74629,37.67356],[126.74632,37.6736],[126.74633,37.67364],[126.74632,37.67368],[126.7463,37.67371],[126.74627,37.67374],[126.74623,37.67376],[126.74618,37.67377],[126.74613,37.67377],[126.74609,37.67376],[126.74605,37.67373],[126.74602,37.67369],[126.74601,37.67365],[126.74601,37.67361],[126.74604,37.67357],[126.74582,37.67366],[126.74603,37.67398]]]}},{"type":"Feature","properties":{"id":657455818},"geometry":{"type":"Polygon","coordinates":[[[126.8424,37.48338],[126.84228,37.48325],[126.84228,37.48323],[126.8423,37.4832],[126.84274,37.48298],[126.84286,37.48291],[126.84511,37.48224],[126.84527,37.48223],[126.8459,37.48204],[126.84598,37.48222],[126.84384,37.48285],[126.843,37.4831],[126.84262,37.48326],[126.8424,37.48338]]]}},{"type":"Feature","properties":{"id":657518976},"geometry":{"type":"Polygon","coordinates":[[[126.84795,37.48322],[126.84799,37.4824],[126.84817,37.48241],[126.84832,37.4824],[126.84851,37.48238],[126.84864,37.48258],[126.84873,37.48255],[126.84899,37.48298],[126.84871,37.48297],[126.84815,37.48314],[126.84796,37.48323],[126.84795,37.48322]]]}},{"type":"Feature","properties":{"id":657646079},"geometry":{"type":"Polygon","coordinates":[[[126.74994,37.68232],[126.75089,37.68192],[126.75093,37.68197],[126.75096,37.68201],[126.75,37.68243],[126.74997,37.68238],[126.74994,37.68232]]]}},{"type":"Feature","properties":{"id":657654833},"geometry":{"type":"Polygon","coordinates":[[[126.76315,37.67245],[126.76296,37.67216],[126.76293,37.67212],[126.76291,37.67208],[126.76279,37.6719],[126.76274,37.67182],[126.76236,37.67126],[126.76217,37.67096],[126.762,37.67103],[126.76185,37.67109],[126.76181,37.6711],[126.76159,37.67119],[126.76211,37.67196],[126.76213,37.67199],[126.76216,37.67203],[126.7622,37.67209],[126.76242,37.67241],[126.7626,37.67268],[126.75995,37.67384],[126.76002,37.67392],[126.76004,37.67397],[126.76041,37.67381],[126.76076,37.67365],[126.76151,37.6733],[126.76218,37.67302],[126.76248,37.67347],[126.76275,37.67387],[126.76276,37.67388],[126.76278,37.67391],[126.7628,37.67394],[126.76288,37.67406],[126.76309,37.67437],[126.76364,37.67413],[126.76379,37.67435],[126.76392,37.67429],[126.764,37.67426],[126.76408,37.67423],[126.76419,37.67418],[126.76423,37.67416],[126.76408,37.67392],[126.76465,37.67369],[126.76461,37.67364],[126.76432,37.67325],[126.76423,37.67312],[126.7642,37.67309],[126.76418,37.67306],[126.76371,37.67239],[126.76594,37.6714],[126.76585,37.67127],[126.76472,37.67176],[126.76466,37.67178],[126.76362,37.67225],[126.76315,37.67245]]]}},{"type":"Feature","properties":{"id":657654834},"geometry":{"type":"Polygon","coordinates":[[[126.7644,37.67426],[126.76424,37.67433],[126.76424,37.67434],[126.7642,37.67435],[126.76417,37.67437],[126.76409,37.67439],[126.76403,37.67442],[126.76391,37.67447],[126.76411,37.67475],[126.76352,37.67501],[126.76368,37.67523],[126.76401,37.67572],[126.76424,37.67604],[126.76439,37.67626],[126.76456,37.67651],[126.76466,37.67665],[126.7639,37.67697],[126.76356,37.67712],[126.76253,37.67755],[126.76255,37.67757],[126.76258,37.67761],[126.76262,37.67766],[126.76263,37.67768],[126.76379,37.67718],[126.76474,37.67677],[126.76528,37.67655],[126.76536,37.67651],[126.76553,37.67675],[126.76554,37.67678],[126.76555,37.67679],[126.7658,37.67716],[126.7662,37.67777],[126.76627,37.67786],[126.76624,37.67787],[126.76643,37.67813],[126.76653,37.67808],[126.76654,37.67808],[126.76656,37.67807],[126.76657,37.67806],[126.76659,37.67806],[126.76664,37.67803],[126.76671,37.678],[126.76679,37.67797],[126.76681,37.67796],[126.76683,37.67795],[126.76686,37.67794],[126.76682,37.67789],[126.76681,37.67787],[126.76667,37.67768],[126.76664,37.67762],[126.76646,37.67735],[126.76643,37.67732],[126.76623,37.67704],[126.76606,37.67679],[126.76595,37.67663],[126.76593,37.67661],[126.76593,37.6766],[126.76575,37.67635],[126.7659,37.67629],[126.76624,37.67615],[126.76631,37.67613],[126.76635,37.67611],[126.76649,37.67605],[126.76653,37.67603],[126.76659,37.67601],[126.76662,37.676],[126.76667,37.67598],[126.76674,37.67595],[126.7668,37.67592],[126.76689,37.67588],[126.76695,37.67586],[126.76704,37.67582],[126.76713,37.67578],[126.76723,37.67574],[126.76731,37.6757],[126.76736,37.67568],[126.76741,37.67566],[126.76746,37.67564],[126.76752,37.67561],[126.76759,37.67558],[126.76766,37.67555],[126.7679,37.67545],[126.76812,37.67535],[126.76851,37.67519],[126.76838,37.675],[126.76753,37.67537],[126.7673,37.67546],[126.76726,37.67548],[126.76678,37.67569],[126.7665,37.67582],[126.76633,37.67589],[126.76612,37.67599],[126.76588,37.67563],[126.76579,37.67549],[126.76567,37.67529],[126.76537,37.67481],[126.76529,37.67469],[126.76512,37.67442],[126.76509,37.67437],[126.76462,37.67457],[126.7644,37.67426]]]}},{"type":"Feature","properties":{"id":657924240},"geometry":{"type":"Polygon","coordinates":[[[126.7023,37.63446],[126.70223,37.63456],[126.70217,37.63461],[126.70212,37.63464],[126.70207,37.63464],[126.70202,37.63462],[126.70197,37.63458],[126.70193,37.63452],[126.70158,37.63421],[126.70149,37.63409],[126.70123,37.63386],[126.7012,37.63381],[126.70119,37.63377],[126.7012,37.63374],[126.70124,37.6337],[126.70132,37.63364],[126.70151,37.63352],[126.70169,37.63336],[126.70208,37.6331],[126.70252,37.63282],[126.70267,37.63274],[126.70282,37.63269],[126.703,37.63267],[126.70315,37.63267],[126.70324,37.63268],[126.70335,37.63271],[126.70347,37.63275],[126.7036,37.63282],[126.70368,37.63288],[126.70371,37.63294],[126.7037,37.63298],[126.70364,37.63303],[126.70347,37.63315],[126.70328,37.63333],[126.70297,37.63363],[126.70266,37.63397],[126.70248,37.63421],[126.7023,37.63446]]]}},{"type":"Feature","properties":{"id":657924245},"geometry":{"type":"Polygon","coordinates":[[[126.70935,37.63375],[126.70939,37.63365],[126.70937,37.63347],[126.7094,37.63337],[126.70938,37.6333],[126.70951,37.63312],[126.70944,37.63287],[126.70948,37.6326],[126.7095,37.63222],[126.70938,37.6321],[126.70919,37.63202],[126.70903,37.6319],[126.70895,37.63186],[126.7088,37.63189],[126.70882,37.63192],[126.7089,37.63197],[126.70902,37.63204],[126.70912,37.6321],[126.70924,37.63219],[126.70934,37.63226],[126.70936,37.63237],[126.70931,37.63259],[126.70923,37.63273],[126.70914,37.6328],[126.70891,37.63279],[126.70868,37.63265],[126.7086,37.63265],[126.70855,37.63266],[126.70851,37.63269],[126.70838,37.63281],[126.7083,37.63288],[126.70822,37.63293],[126.70812,37.63299],[126.70805,37.63323],[126.70804,37.63344],[126.7081,37.63365],[126.70815,37.63369],[126.70828,37.63378],[126.70847,37.63381],[126.70862,37.63381],[126.70868,37.6338],[126.70885,37.63373],[126.70896,37.63371],[126.70905,37.63372],[126.7093,37.63375],[126.70935,37.63375]]]}},{"type":"Feature","properties":{"id":657924524},"geometry":{"type":"Polygon","coordinates":[[[126.77274,37.68294],[126.7725,37.68252],[126.77277,37.68242],[126.77257,37.68209],[126.77273,37.68202],[126.7727,37.68196],[126.7727,37.68186],[126.77281,37.68181],[126.77286,37.6818],[126.77309,37.68217],[126.77306,37.68258],[126.77303,37.68269],[126.77299,37.68278],[126.7729,37.68287],[126.77274,37.68294]]]}},{"type":"Feature","properties":{"id":658707970},"geometry":{"type":"Polygon","coordinates":[[[126.77707,37.66605],[126.77731,37.66554],[126.77742,37.66542],[126.77757,37.66533],[126.7777,37.66525],[126.77789,37.66516],[126.77798,37.66507],[126.77806,37.66497],[126.77809,37.66486],[126.77803,37.66474],[126.77789,37.66468],[126.77776,37.66463],[126.77767,37.66457],[126.77758,37.66449],[126.77749,37.66437],[126.77742,37.66427],[126.77736,37.66422],[126.77729,37.66421],[126.7772,37.66423],[126.7771,37.66427],[126.77693,37.66433],[126.77678,37.66437],[126.77599,37.66469],[126.77605,37.66476],[126.7762,37.66492],[126.77632,37.66507],[126.7764,37.66522],[126.77643,37.66526],[126.77655,37.66539],[126.77698,37.66593],[126.77707,37.66605]]]}},{"type":"Feature","properties":{"id":658707971},"geometry":{"type":"Polygon","coordinates":[[[126.7829,37.66191],[126.78188,37.66223],[126.78127,37.6621],[126.78085,37.66132],[126.78217,37.66085],[126.78222,37.66088],[126.78226,37.6611],[126.78235,37.66109],[126.78244,37.66128],[126.78247,37.66135],[126.78272,37.66146],[126.7829,37.66191]]]}},{"type":"Feature","properties":{"id":659083378},"geometry":{"type":"Polygon","coordinates":[[[126.75151,37.68233],[126.75147,37.68233],[126.7513,37.68227],[126.75124,37.68223],[126.75117,37.68218],[126.75113,37.68212],[126.75104,37.68194],[126.75101,37.6819],[126.75103,37.68185],[126.75262,37.68118],[126.75266,37.68119],[126.7527,37.68124],[126.75271,37.68127],[126.75272,37.6813],[126.75271,37.68132],[126.75269,37.68134],[126.75189,37.68168],[126.75186,37.68172],[126.75187,37.68178],[126.75207,37.68207],[126.75206,37.68208],[126.75151,37.68233]]]}},{"type":"Feature","properties":{"id":659099392},"geometry":{"type":"Polygon","coordinates":[[[126.7693,37.67194],[126.76946,37.67187],[126.76895,37.67109],[126.76839,37.67026],[126.76815,37.66987],[126.76917,37.66945],[126.7701,37.66907],[126.77018,37.66904],[126.77022,37.66902],[126.77018,37.66897],[126.77013,37.6689],[126.77009,37.66892],[126.76999,37.66896],[126.76801,37.66979],[126.76763,37.66931],[126.76686,37.66835],[126.76682,37.6684],[126.76677,37.66845],[126.76749,37.66939],[126.76789,37.66992],[126.76814,37.6703],[126.76614,37.67115],[126.76608,37.67118],[126.76617,37.67131],[126.76624,37.67127],[126.76822,37.67044],[126.76874,37.67116],[126.76918,37.67177],[126.7693,37.67194]]]}},{"type":"Feature","properties":{"id":659130145},"geometry":{"type":"Polygon","coordinates":[[[126.74425,37.67501],[126.74441,37.67527],[126.74449,37.67533],[126.74515,37.6763],[126.74525,37.67645],[126.74545,37.67672],[126.74541,37.67688],[126.74487,37.6771],[126.7445,37.67695],[126.74458,37.67678],[126.74461,37.67667],[126.74463,37.67654],[126.7446,37.67631],[126.74507,37.67632],[126.7445,37.67539],[126.74437,37.6753],[126.74422,37.67542],[126.74404,37.67557],[126.74383,37.67542],[126.74371,37.67538],[126.74372,37.67532],[126.74388,37.6753],[126.74406,37.67522],[126.7442,37.67511],[126.74425,37.67501]]]}},{"type":"Feature","properties":{"id":662777836},"geometry":{"type":"Polygon","coordinates":[[[126.89211,37.42115],[126.88971,37.42112],[126.88974,37.42131],[126.89205,37.42131],[126.89211,37.42115]]]}},{"type":"Feature","properties":{"id":663175761},"geometry":{"type":"Polygon","coordinates":[[[126.99203,37.48564],[126.99228,37.48524],[126.99266,37.48543],[126.9927,37.48555],[126.99255,37.48584],[126.99203,37.48564]]]}},{"type":"Feature","properties":{"id":664092421},"geometry":{"type":"Polygon","coordinates":[[[127.14049,37.47787],[127.14081,37.47786],[127.14112,37.47785],[127.14139,37.47784],[127.14142,37.47815],[127.14143,37.47815],[127.14148,37.47814],[127.14157,37.47807],[127.14157,37.47801],[127.14155,37.47771],[127.14154,37.47754],[127.14154,37.47749],[127.14154,37.47745],[127.14153,37.4772],[127.14152,37.47709],[127.14047,37.47714],[127.14039,37.47715],[127.1404,37.47718],[127.1404,37.4772],[127.1404,37.47723],[127.14043,37.47786],[127.14044,37.47821],[127.14046,37.47821],[127.14048,37.4782],[127.14051,37.4782],[127.14049,37.47787]]]}},{"type":"Feature","properties":{"id":664989827},"geometry":{"type":"Polygon","coordinates":[[[127.107,37.5001],[127.10296,37.49888],[127.10334,37.49812],[127.10335,37.49808],[127.10337,37.49806],[127.10738,37.49928],[127.107,37.5001]]]}},{"type":"Feature","properties":{"id":665763105},"geometry":{"type":"Polygon","coordinates":[[[126.70272,37.48319],[126.70183,37.4827],[126.7013,37.48241],[126.70155,37.48198],[126.70158,37.4818],[126.70155,37.4816],[126.70234,37.48141],[126.70236,37.48141],[126.70318,37.48121],[126.70348,37.48113],[126.70355,37.48112],[126.70395,37.48119],[126.70443,37.48168],[126.70272,37.48319]]]}},{"type":"Feature","properties":{"id":665777115},"geometry":{"type":"Polygon","coordinates":[[[126.74635,37.42862],[126.74509,37.42842],[126.74475,37.42908],[126.74466,37.42944],[126.74438,37.42941],[126.74448,37.42904],[126.74467,37.4286],[126.745,37.42802],[126.74515,37.42761],[126.74518,37.42712],[126.74535,37.42639],[126.74804,37.42694],[126.748,37.42713],[126.74661,37.42686],[126.7464,37.42736],[126.7464,37.4274],[126.74643,37.42757],[126.74652,37.42774],[126.74673,37.42793],[126.74704,37.42807],[126.74774,37.42813],[126.74772,37.42817],[126.74768,37.42827],[126.74646,37.42808],[126.74635,37.42862]]]}},{"type":"Feature","properties":{"id":665998038},"geometry":{"type":"Polygon","coordinates":[[[127.05798,37.66939],[127.05831,37.66943],[127.05871,37.66963],[127.05899,37.66986],[127.05931,37.66959],[127.05887,37.66926],[127.05873,37.66929],[127.05815,37.66889],[127.05798,37.66939]]]}},{"type":"Feature","properties":{"id":665998678},"geometry":{"type":"Polygon","coordinates":[[[127.0689,37.65011],[127.06918,37.65022],[127.06986,37.64952],[127.06979,37.64948],[127.06967,37.6494],[127.06953,37.64945],[127.0692,37.6498],[127.0689,37.65011]]]}},{"type":"Feature","properties":{"id":666021764},"geometry":{"type":"Polygon","coordinates":[[[126.74305,37.42527],[126.74346,37.4244],[126.74476,37.4247],[126.74451,37.42541],[126.74453,37.42563],[126.74426,37.42568],[126.74405,37.42553],[126.74369,37.42546],[126.74335,37.4254],[126.74305,37.42527]]]}},{"type":"Feature","properties":{"id":666419589},"geometry":{"type":"Polygon","coordinates":[[[126.74822,37.69628],[126.74808,37.69598],[126.74866,37.69585],[126.74933,37.69586],[126.74936,37.69586],[126.74948,37.69589],[126.74991,37.696],[126.75002,37.6955],[126.7501,37.69549],[126.75063,37.6954],[126.75098,37.69565],[126.7512,37.69571],[126.75123,37.69576],[126.75147,37.69575],[126.75149,37.69567],[126.75155,37.69572],[126.75164,37.69569],[126.75179,37.69571],[126.75189,37.69572],[126.75205,37.69579],[126.75216,37.69588],[126.75253,37.69589],[126.75271,37.6959],[126.75274,37.6959],[126.75274,37.69608],[126.75272,37.6961],[126.75267,37.69612],[126.75171,37.69612],[126.75165,37.69612],[126.75046,37.69614],[126.75002,37.69616],[126.74822,37.69628]]]}},{"type":"Feature","properties":{"id":666429084},"geometry":{"type":"Polygon","coordinates":[[[127.05189,37.66834],[127.05195,37.66883],[127.05341,37.66868],[127.05352,37.66879],[127.05465,37.66867],[127.05449,37.66862],[127.05346,37.66847],[127.05296,37.66839],[127.05287,37.6685],[127.05189,37.66834]]]}},{"type":"Feature","properties":{"id":667507521},"geometry":{"type":"Polygon","coordinates":[[[127.0556,37.68946],[127.05574,37.68887],[127.05574,37.6886],[127.05574,37.68844],[127.05624,37.68877],[127.05629,37.68899],[127.05695,37.68948],[127.05784,37.68923],[127.05838,37.68881],[127.05886,37.68888],[127.05875,37.68918],[127.05857,37.68919],[127.05834,37.68933],[127.05835,37.68964],[127.05791,37.68962],[127.05795,37.68979],[127.05754,37.68995],[127.05723,37.68996],[127.05698,37.69005],[127.05681,37.69001],[127.05681,37.68975],[127.0556,37.68946]]]}},{"type":"Feature","properties":{"id":667507522},"geometry":{"type":"Polygon","coordinates":[[[127.05195,37.68689],[127.05229,37.68703],[127.05247,37.68714],[127.05227,37.68736],[127.0525,37.68748],[127.05273,37.68771],[127.05295,37.6876],[127.05314,37.68791],[127.05378,37.68829],[127.05478,37.68888],[127.05518,37.68901],[127.05512,37.68952],[127.05391,37.68876],[127.05333,37.68845],[127.05315,37.68871],[127.05252,37.68867],[127.05248,37.68803],[127.05226,37.68784],[127.05142,37.68761],[127.05169,37.68717],[127.05195,37.68689]]]}},{"type":"Feature","properties":{"id":667606876},"geometry":{"type":"Polygon","coordinates":[[[126.82879,37.66297],[126.82944,37.66244],[126.82955,37.66262],[126.82965,37.66307],[126.82939,37.66331],[126.8293,37.66329],[126.82879,37.66297]]]}},{"type":"Feature","properties":{"id":667714285},"geometry":{"type":"Polygon","coordinates":[[[126.80132,37.4384],[126.80424,37.43783],[126.8042,37.43766],[126.80146,37.43817],[126.80132,37.43832],[126.80132,37.4384]]]}},{"type":"Feature","properties":{"id":667840917},"geometry":{"type":"Polygon","coordinates":[[[126.8017,37.44204],[126.80151,37.44158],[126.80426,37.44222],[126.80418,37.44249],[126.80404,37.44246],[126.80382,37.44243],[126.80356,37.44242],[126.8032,37.44229],[126.80296,37.4422],[126.80262,37.44216],[126.8017,37.44204]]]}},{"type":"Feature","properties":{"id":667840919},"geometry":{"type":"Polygon","coordinates":[[[126.79886,37.43912],[126.79891,37.43928],[126.7991,37.43919],[126.79922,37.43911],[126.79929,37.43906],[126.79935,37.439],[126.79937,37.43898],[126.79939,37.43889],[126.7993,37.43879],[126.7992,37.4387],[126.79911,37.43863],[126.79873,37.43871],[126.79886,37.43912]]]}},{"type":"Feature","properties":{"id":667840920},"geometry":{"type":"Polygon","coordinates":[[[126.79911,37.44055],[126.80006,37.4401],[126.8002,37.44028],[126.80025,37.44113],[126.80032,37.44126],[126.80085,37.44148],[126.801,37.44153],[126.80109,37.44158],[126.80077,37.44172],[126.80072,37.44181],[126.80025,37.44164],[126.79931,37.44114],[126.79913,37.44087],[126.79902,37.44057],[126.79911,37.44055]]]}},{"type":"Feature","properties":{"id":667851988},"geometry":{"type":"Polygon","coordinates":[[[126.80473,37.43775],[126.80608,37.43742],[126.80747,37.43719],[126.80758,37.43717],[126.8074,37.43703],[126.80473,37.43761],[126.80473,37.43775]]]}},{"type":"Feature","properties":{"id":667851989},"geometry":{"type":"Polygon","coordinates":[[[126.80747,37.43719],[126.80758,37.43717],[126.80848,37.43994],[126.80834,37.43996],[126.80827,37.43952],[126.8081,37.43911],[126.80805,37.43897],[126.80795,37.43863],[126.8079,37.43855],[126.80773,37.43789],[126.80755,37.43739],[126.80747,37.43719]]]}},{"type":"Feature","properties":{"id":668066106},"geometry":{"type":"Polygon","coordinates":[[[127.18591,37.55579],[127.18651,37.55583],[127.18656,37.55593],[127.18593,37.55588],[127.18432,37.55577],[127.18431,37.55572],[127.18421,37.5554],[127.18516,37.55547],[127.18559,37.5555],[127.18565,37.55551],[127.18572,37.55554],[127.18577,37.55557],[127.18582,37.55561],[127.18584,37.55563],[127.18587,37.55568],[127.18589,37.55572],[127.18591,37.55579]]]}},{"type":"Feature","properties":{"id":668465876},"geometry":{"type":"Polygon","coordinates":[[[127.05819,37.63956],[127.05881,37.63909],[127.05932,37.63863],[127.05973,37.6391],[127.05999,37.63965],[127.06007,37.63989],[127.05993,37.63992],[127.06028,37.6406],[127.06031,37.64067],[127.06036,37.64079],[127.05991,37.6407],[127.05908,37.64013],[127.05819,37.63956]]]}},{"type":"Feature","properties":{"id":668729626},"geometry":{"type":"Polygon","coordinates":[[[126.78219,37.69319],[126.7824,37.69305],[126.78259,37.69292],[126.78279,37.69304],[126.78295,37.69313],[126.78279,37.69332],[126.78261,37.69351],[126.78252,37.69345],[126.78228,37.69329],[126.78219,37.69319]]]}},{"type":"Feature","properties":{"id":669170893},"geometry":{"type":"Polygon","coordinates":[[[126.80451,37.44267],[126.80461,37.44241],[126.80467,37.44221],[126.80464,37.44212],[126.80475,37.44179],[126.80482,37.44136],[126.80482,37.44088],[126.80488,37.44065],[126.80487,37.44052],[126.80569,37.44046],[126.80624,37.44065],[126.80655,37.44075],[126.80684,37.4408],[126.80735,37.44103],[126.80764,37.44104],[126.80804,37.44094],[126.8083,37.44086],[126.80834,37.44099],[126.80837,37.44112],[126.80841,37.4415],[126.80843,37.44174],[126.80842,37.44197],[126.80838,37.44218],[126.8083,37.44239],[126.80819,37.44261],[126.80812,37.44271],[126.80792,37.44292],[126.80768,37.44311],[126.80753,37.4432],[126.80735,37.44328],[126.80709,37.44339],[126.80684,37.44345],[126.8063,37.44355],[126.80563,37.44367],[126.80554,37.44364],[126.80544,37.44346],[126.80532,37.4433],[126.80517,37.44314],[126.805,37.44299],[126.8048,37.44287],[126.80456,37.44276],[126.80451,37.44267]]]}},{"type":"Feature","properties":{"id":670851632},"geometry":{"type":"Polygon","coordinates":[[[126.88132,37.42738],[126.88135,37.42701],[126.88162,37.42694],[126.88162,37.42671],[126.88137,37.4267],[126.88139,37.42632],[126.88171,37.42632],[126.88206,37.42648],[126.88242,37.42657],[126.88273,37.42655],[126.88361,37.42632],[126.88372,37.42611],[126.88367,37.42573],[126.88461,37.42575],[126.88484,37.42568],[126.88589,37.42535],[126.88598,37.42551],[126.88475,37.42594],[126.88337,37.42654],[126.88299,37.42669],[126.88132,37.42738]]]}},{"type":"Feature","properties":{"id":672784456},"geometry":{"type":"Polygon","coordinates":[[[127.19824,37.54587],[127.19904,37.54535],[127.19902,37.54529],[127.19894,37.54526],[127.19805,37.54524],[127.19803,37.54571],[127.19804,37.54575],[127.19816,37.54586],[127.19824,37.54587]]]}},{"type":"Feature","properties":{"id":672784474},"geometry":{"type":"Polygon","coordinates":[[[127.15239,37.5379],[127.15246,37.53803],[127.15262,37.53814],[127.15934,37.54093],[127.15742,37.53903],[127.15737,37.5387],[127.15721,37.53853],[127.15687,37.5383],[127.15676,37.53779],[127.15655,37.53755],[127.15626,37.53744],[127.15608,37.53747],[127.15586,37.53747],[127.15559,37.53736],[127.15544,37.53725],[127.15541,37.53715],[127.15474,37.53653],[127.1545,37.53647],[127.15426,37.53643],[127.1536,37.53644],[127.15332,37.53639],[127.15268,37.53648],[127.15221,37.53656],[127.15204,37.53664],[127.152,37.53669],[127.15197,37.53675],[127.15235,37.53778],[127.15239,37.5379]]]}},{"type":"Feature","properties":{"id":672784475},"geometry":{"type":"Polygon","coordinates":[[[127.1529,37.53861],[127.15281,37.53865],[127.15275,37.53872],[127.15277,37.53891],[127.15294,37.53926],[127.15354,37.54045],[127.15363,37.54063],[127.15382,37.54078],[127.15404,37.54095],[127.1541,37.541],[127.15442,37.5411],[127.15473,37.5412],[127.15481,37.54121],[127.15498,37.54124],[127.1551,37.54126],[127.15539,37.5413],[127.15565,37.54141],[127.15579,37.54147],[127.15601,37.54155],[127.15613,37.5416],[127.15695,37.54182],[127.15777,37.54192],[127.15847,37.54201],[127.15902,37.54196],[127.15939,37.54169],[127.15985,37.54137],[127.15694,37.54013],[127.15383,37.53895],[127.15311,37.53866],[127.1529,37.53861]]]}},{"type":"Feature","properties":{"id":672814432},"geometry":{"type":"Polygon","coordinates":[[[127.15134,37.53528],[127.15073,37.53379],[127.15076,37.53373],[127.15082,37.5337],[127.15134,37.53357],[127.15181,37.53339],[127.15268,37.53297],[127.15326,37.53277],[127.1539,37.53268],[127.15364,37.53368],[127.15393,37.53403],[127.15406,37.53414],[127.15413,37.53425],[127.15457,37.53459],[127.15134,37.53528]]]}},{"type":"Feature","properties":{"id":672814444},"geometry":{"type":"Polygon","coordinates":[[[127.15073,37.53379],[127.15076,37.53373],[127.15082,37.5337],[127.15134,37.53357],[127.15181,37.53339],[127.15268,37.53297],[127.15326,37.53277],[127.1539,37.53268],[127.15405,37.53234],[127.15397,37.53194],[127.15367,37.53169],[127.15333,37.53131],[127.15348,37.53061],[127.15314,37.53011],[127.15303,37.52944],[127.15299,37.52925],[127.1519,37.52814],[127.14944,37.52605],[127.14919,37.52555],[127.14891,37.5248],[127.1488,37.52404],[127.14778,37.52235],[127.14597,37.52217],[127.14677,37.52408],[127.14745,37.52586],[127.148,37.52709],[127.14831,37.52778],[127.15073,37.53379]]]}},{"type":"Feature","properties":{"id":673834756},"geometry":{"type":"Polygon","coordinates":[[[126.83966,37.47694],[126.84001,37.47666],[126.84002,37.47661],[126.83946,37.47618],[126.83945,37.47613],[126.83915,37.47618],[126.8393,37.4769],[126.83929,37.47691],[126.83924,37.47693],[126.83929,37.47719],[126.83935,37.47719],[126.8394,37.47715],[126.83946,37.47707],[126.83949,37.47708],[126.83954,37.47705],[126.83953,37.477],[126.83948,37.47696],[126.83946,37.47687],[126.83942,37.47688],[126.83927,37.47623],[126.83946,37.4762],[126.8395,37.4764],[126.83964,37.47638],[126.83966,37.47642],[126.83972,37.47641],[126.83981,37.4768],[126.83957,37.47685],[126.83957,37.47686],[126.83957,37.47688],[126.83959,37.47691],[126.83963,37.47694],[126.83966,37.47694]]]}},{"type":"Feature","properties":{"id":675374834},"geometry":{"type":"Polygon","coordinates":[[[126.83929,37.4819],[126.83897,37.4819],[126.83896,37.48189],[126.83908,37.48149],[126.83941,37.48126],[126.83944,37.48126],[126.83974,37.4815],[126.83998,37.48131],[126.84,37.4813],[126.84001,37.48131],[126.84,37.48154],[126.84214,37.48156],[126.84218,37.48156],[126.84207,37.48168],[126.83987,37.48164],[126.83952,37.48186],[126.83931,37.48187],[126.83929,37.4819]]]}},{"type":"Feature","properties":{"id":675752008},"geometry":{"type":"Polygon","coordinates":[[[126.88526,37.42359],[126.88544,37.42305],[126.88544,37.4227],[126.88541,37.42262],[126.88537,37.42258],[126.8853,37.42257],[126.8852,37.42262],[126.88455,37.4229],[126.88345,37.42305],[126.88235,37.42306],[126.88213,37.42316],[126.88207,37.42321],[126.88198,37.42346],[126.88213,37.42344],[126.88231,37.42345],[126.88237,37.42334],[126.88252,37.4234],[126.88268,37.42346],[126.88279,37.42351],[126.88388,37.42375],[126.88409,37.42349],[126.88422,37.4234],[126.88441,37.42331],[126.88472,37.4232],[126.88513,37.42328],[126.88526,37.42359]]]}},{"type":"Feature","properties":{"id":675752013},"geometry":{"type":"Polygon","coordinates":[[[126.88589,37.42287],[126.88582,37.42251],[126.88589,37.42224],[126.88617,37.42211],[126.88625,37.4222],[126.8864,37.42251],[126.88628,37.42269],[126.88589,37.42287]]]}},{"type":"Feature","properties":{"id":677480333},"geometry":{"type":"Polygon","coordinates":[[[126.81899,37.46846],[126.81908,37.46853],[126.81913,37.46851],[126.81926,37.46833],[126.81936,37.46819],[126.8195,37.46808],[126.8197,37.46794],[126.82002,37.46774],[126.82018,37.46764],[126.82022,37.46761],[126.82098,37.4672],[126.82104,37.46717],[126.82161,37.46691],[126.82165,37.46688],[126.82171,37.46684],[126.82174,37.46676],[126.82167,37.46679],[126.82082,37.46716],[126.82072,37.46707],[126.82052,37.46714],[126.82021,37.46728],[126.82,37.46728],[126.81978,37.46723],[126.81962,37.46732],[126.81957,37.46746],[126.81899,37.46846]]]}},{"type":"Feature","properties":{"id":678113177},"geometry":{"type":"Polygon","coordinates":[[[127.0506,37.47151],[127.0506,37.47141],[127.04912,37.47038],[127.04907,37.47044],[127.0506,37.47151]]]}},{"type":"Feature","properties":{"id":678113179},"geometry":{"type":"Polygon","coordinates":[[[127.04903,37.47033],[127.04721,37.46901],[127.04716,37.46905],[127.04897,37.47037],[127.04903,37.47033]]]}},{"type":"Feature","properties":{"id":678113192},"geometry":{"type":"Polygon","coordinates":[[[127.04982,37.47281],[127.05075,37.4719],[127.05085,37.47196],[127.04993,37.47283],[127.04982,37.47281]]]}},{"type":"Feature","properties":{"id":678113194},"geometry":{"type":"Polygon","coordinates":[[[127.05116,37.47188],[127.05127,37.47178],[127.05471,37.47403],[127.05545,37.47445],[127.05538,37.47455],[127.05458,37.4741],[127.05116,37.47188]]]}},{"type":"Feature","properties":{"id":678882722},"geometry":{"type":"Polygon","coordinates":[[[126.89417,37.50493],[126.8941,37.50455],[126.89547,37.50477],[126.89538,37.50493],[126.89417,37.50493]]]}},{"type":"Feature","properties":{"id":678885760},"geometry":{"type":"Polygon","coordinates":[[[126.89508,37.50804],[126.89742,37.50591],[126.89753,37.50602],[126.89523,37.50811],[126.89508,37.50804]]]}},{"type":"Feature","properties":{"id":678885761},"geometry":{"type":"Polygon","coordinates":[[[126.8978,37.50509],[126.90021,37.50288],[126.90264,37.50084],[126.90276,37.50084],[126.90286,37.50089],[126.90292,37.50108],[126.90285,37.50121],[126.90075,37.503],[126.89954,37.50409],[126.89825,37.5053],[126.8978,37.50509]]]}},{"type":"Feature","properties":{"id":678890326},"geometry":{"type":"Polygon","coordinates":[[[126.89391,37.49812],[126.89399,37.49813],[126.89361,37.50133],[126.89361,37.50196],[126.89349,37.50197],[126.89348,37.50141],[126.8935,37.50122],[126.89391,37.49812]]]}},{"type":"Feature","properties":{"id":679156781},"geometry":{"type":"Polygon","coordinates":[[[127.11775,37.63053],[127.1178,37.63063],[127.11787,37.63075],[127.11772,37.63081],[127.1167,37.6292],[127.11615,37.62943],[127.11592,37.62907],[127.11663,37.62878],[127.11664,37.62878],[127.11664,37.62878],[127.11665,37.62877],[127.11665,37.62877],[127.11666,37.62876],[127.11667,37.62876],[127.11667,37.62876],[127.11667,37.62875],[127.11668,37.62875],[127.11668,37.62874],[127.11668,37.62873],[127.11669,37.62873],[127.11669,37.62872],[127.11669,37.62872],[127.11669,37.62871],[127.11669,37.62871],[127.11669,37.6287],[127.11669,37.62869],[127.11669,37.62869],[127.11658,37.62816],[127.11628,37.62769],[127.11628,37.62769],[127.11627,37.62768],[127.11627,37.62768],[127.11626,37.62767],[127.11626,37.62767],[127.11625,37.62767],[127.11625,37.62766],[127.11624,37.62766],[127.11623,37.62766],[127.11623,37.62765],[127.11622,37.62765],[127.11621,37.62765],[127.1162,37.62765],[127.1162,37.62765],[127.11619,37.62765],[127.11618,37.62765],[127.11617,37.62765],[127.11617,37.62765],[127.11616,37.62765],[127.11615,37.62765],[127.11614,37.62765],[127.11614,37.62765],[127.11613,37.62765],[127.11525,37.62801],[127.11514,37.62785],[127.11605,37.62749],[127.11607,37.62748],[127.11609,37.62747],[127.1161,37.62746],[127.11612,37.62744],[127.11614,37.62743],[127.11615,37.62742],[127.11617,37.6274],[127.11618,37.62739],[127.11619,37.62737],[127.1162,37.62735],[127.11621,37.62734],[127.11683,37.62596],[127.11684,37.62597],[127.11657,37.62657],[127.11652,37.62669],[127.11648,37.62681],[127.11645,37.62693],[127.11644,37.62705],[127.11643,37.62718],[127.11643,37.6273],[127.11644,37.62742],[127.11646,37.62755],[127.11672,37.62876],[127.11674,37.62885],[127.11677,37.62893],[127.1168,37.62902],[127.11684,37.6291],[127.11689,37.62918],[127.11775,37.63053]]]}},{"type":"Feature","properties":{"id":679156783},"geometry":{"type":"Polygon","coordinates":[[[127.1177,37.62651],[127.11691,37.62682],[127.1169,37.62682],[127.11689,37.62683],[127.11689,37.62683],[127.11688,37.62684],[127.11688,37.62684],[127.11687,37.62684],[127.11687,37.62685],[127.11686,37.62685],[127.11686,37.62686],[127.11686,37.62686],[127.11685,37.62687],[127.11685,37.62688],[127.11685,37.62688],[127.11685,37.62689],[127.11685,37.62689],[127.11685,37.6269],[127.11685,37.62691],[127.11685,37.62691],[127.11685,37.62692],[127.11697,37.62748],[127.1172,37.62784],[127.1172,37.62785],[127.1172,37.62785],[127.11721,37.62786],[127.11721,37.62786],[127.11722,37.62786],[127.11723,37.62787],[127.11723,37.62787],[127.11724,37.62788],[127.11724,37.62788],[127.11725,37.62788],[127.11726,37.62788],[127.11727,37.62789],[127.11727,37.62789],[127.11728,37.62789],[127.11729,37.62789],[127.1173,37.62789],[127.1173,37.62789],[127.11731,37.62789],[127.11732,37.62789],[127.11733,37.62789],[127.11733,37.62789],[127.11734,37.62788],[127.11735,37.62788],[127.11842,37.62745],[127.11848,37.62753],[127.11691,37.62816],[127.11677,37.6275],[127.11675,37.6274],[127.11674,37.62729],[127.11674,37.62718],[127.11675,37.62708],[127.11677,37.62697],[127.11679,37.62686],[127.11682,37.62676],[127.11687,37.62666],[127.11711,37.62611],[127.11719,37.62615],[127.1173,37.62621],[127.11741,37.62628],[127.11751,37.62635],[127.11761,37.62642],[127.1177,37.62651]]]}},{"type":"Feature","properties":{"id":679165588},"geometry":{"type":"Polygon","coordinates":[[[127.10929,37.62272],[127.10928,37.62274],[127.10927,37.62276],[127.10925,37.62277],[127.10924,37.62278],[127.10923,37.62279],[127.10921,37.6228],[127.10919,37.62281],[127.10914,37.62283],[127.10911,37.62283],[127.1091,37.62284],[127.10909,37.62284],[127.10907,37.62284],[127.10906,37.62284],[127.10905,37.62283],[127.10904,37.62283],[127.10903,37.62282],[127.10902,37.62281],[127.10882,37.62265],[127.10878,37.62263],[127.10876,37.62262],[127.10873,37.62261],[127.1087,37.62262],[127.10862,37.62263],[127.10845,37.62239],[127.10916,37.62247],[127.10937,37.62254],[127.10929,37.62272]]]}},{"type":"Feature","properties":{"id":679165589},"geometry":{"type":"Polygon","coordinates":[[[127.11775,37.62597],[127.11775,37.626],[127.11776,37.62603],[127.11776,37.62605],[127.11777,37.62608],[127.11784,37.62621],[127.11784,37.62622],[127.11784,37.62623],[127.11784,37.62624],[127.11783,37.62625],[127.11783,37.62626],[127.11782,37.62627],[127.11781,37.62628],[127.1177,37.62619],[127.11759,37.62611],[127.11747,37.62604],[127.11734,37.62597],[127.11719,37.62589],[127.1172,37.62584],[127.1172,37.62579],[127.1172,37.62574],[127.11719,37.62569],[127.11718,37.62565],[127.11717,37.6256],[127.11715,37.62555],[127.11712,37.6255],[127.1171,37.62546],[127.11707,37.62542],[127.11703,37.62537],[127.11699,37.62534],[127.11695,37.6253],[127.11691,37.62526],[127.11554,37.62428],[127.11529,37.62409],[127.1152,37.62401],[127.11508,37.62389],[127.11497,37.62377],[127.11486,37.62364],[127.11477,37.62351],[127.11476,37.62349],[127.11456,37.62315],[127.11448,37.623],[127.11453,37.62304],[127.11464,37.62322],[127.11493,37.62353],[127.11509,37.62366],[127.11524,37.62382],[127.11543,37.62393],[127.11594,37.62431],[127.11601,37.62437],[127.11608,37.62446],[127.11625,37.62458],[127.11645,37.62468],[127.11663,37.62478],[127.11681,37.6249],[127.11695,37.62505],[127.1171,37.62518],[127.11727,37.6253],[127.11746,37.6254],[127.11764,37.62552],[127.11777,37.62559],[127.11779,37.62568],[127.11779,37.62569],[127.11779,37.6257],[127.11779,37.62571],[127.11775,37.62593],[127.11775,37.62597]]]}},{"type":"Feature","properties":{"id":679165590},"geometry":{"type":"Polygon","coordinates":[[[127.11176,37.62323],[127.11205,37.62336],[127.11237,37.62357],[127.11286,37.62363],[127.11308,37.62368],[127.11325,37.62365],[127.11326,37.62367],[127.11326,37.62368],[127.11327,37.6237],[127.11328,37.62371],[127.11329,37.62373],[127.1133,37.62374],[127.11331,37.62375],[127.11346,37.6239],[127.11347,37.62392],[127.11349,37.62393],[127.1135,37.62394],[127.1135,37.62396],[127.11351,37.62397],[127.11352,37.62399],[127.11352,37.62401],[127.11353,37.62402],[127.11353,37.62404],[127.11353,37.62406],[127.11353,37.62407],[127.11353,37.62409],[127.11352,37.6241],[127.11352,37.62412],[127.11351,37.62414],[127.1135,37.62415],[127.11349,37.62417],[127.11348,37.62418],[127.11345,37.62422],[127.11334,37.62432],[127.113,37.6241],[127.11297,37.62408],[127.11294,37.62407],[127.11291,37.62405],[127.11287,37.62404],[127.11284,37.62403],[127.1128,37.62402],[127.11277,37.62401],[127.11273,37.624],[127.11268,37.62399],[127.11263,37.62398],[127.11258,37.62396],[127.11254,37.62394],[127.11249,37.62392],[127.11245,37.6239],[127.1124,37.62387],[127.11236,37.62385],[127.11227,37.62378],[127.11217,37.62371],[127.11206,37.62365],[127.11195,37.6236],[127.11183,37.62355],[127.11171,37.62351],[127.11159,37.62348],[127.11147,37.62345],[127.11134,37.62343],[127.11121,37.62341],[127.11108,37.62341],[127.11095,37.6234],[127.11083,37.62341],[127.11075,37.62341],[127.11068,37.62341],[127.1106,37.62341],[127.11053,37.6234],[127.11046,37.62338],[127.11039,37.62337],[127.11032,37.62335],[127.11025,37.62333],[127.11009,37.62326],[127.11005,37.62325],[127.11002,37.62324],[127.10998,37.62323],[127.10995,37.62323],[127.10991,37.62322],[127.10987,37.62322],[127.10984,37.62322],[127.1098,37.62322],[127.10976,37.62323],[127.10973,37.62323],[127.10969,37.62324],[127.10966,37.62325],[127.10962,37.62326],[127.10959,37.62327],[127.10953,37.62329],[127.10923,37.62341],[127.10899,37.62305],[127.10873,37.62277],[127.10866,37.62268],[127.10872,37.62267],[127.10872,37.62267],[127.10873,37.62267],[127.10874,37.62267],[127.10875,37.62268],[127.10876,37.62268],[127.10877,37.62269],[127.10898,37.62286],[127.10901,37.62288],[127.10904,37.62289],[127.10905,37.62289],[127.10909,37.62289],[127.10911,37.62289],[127.10913,37.62288],[127.10917,37.62288],[127.10919,37.62287],[127.10923,37.62285],[127.10924,37.62285],[127.10926,37.62284],[127.1093,37.62281],[127.10933,37.6228],[127.10937,37.62272],[127.10944,37.62256],[127.10966,37.62263],[127.11004,37.62279],[127.1104,37.62303],[127.11123,37.62293],[127.11143,37.62298],[127.11176,37.62323]]]}},{"type":"Feature","properties":{"id":679165591},"geometry":{"type":"Polygon","coordinates":[[[127.12189,37.62899],[127.1219,37.629],[127.12192,37.62901],[127.12193,37.62902],[127.12193,37.62902],[127.122,37.62908],[127.122,37.62908],[127.12201,37.62909],[127.12202,37.6291],[127.12202,37.6291],[127.12203,37.6291],[127.12204,37.62911],[127.12205,37.62911],[127.12206,37.62912],[127.12206,37.62912],[127.12207,37.62912],[127.12208,37.62912],[127.12209,37.62912],[127.1221,37.62913],[127.12211,37.62913],[127.12212,37.62913],[127.12213,37.62912],[127.12214,37.62912],[127.12215,37.62913],[127.12162,37.6293],[127.12145,37.62899],[127.1212,37.62909],[127.12064,37.6293],[127.12036,37.6294],[127.12027,37.6294],[127.12008,37.62948],[127.11982,37.62912],[127.11958,37.62875],[127.11951,37.62862],[127.11981,37.62851],[127.11945,37.62792],[127.11935,37.62784],[127.11905,37.62759],[127.11889,37.62765],[127.11887,37.62763],[127.11886,37.62761],[127.11884,37.62759],[127.11965,37.62726],[127.11968,37.62725],[127.11971,37.62723],[127.11974,37.62721],[127.11977,37.62719],[127.1198,37.62717],[127.11982,37.62715],[127.11985,37.62713],[127.11987,37.6271],[127.11998,37.62721],[127.12022,37.62736],[127.12031,37.62743],[127.12048,37.62755],[127.12065,37.62767],[127.12082,37.62778],[127.12097,37.62789],[127.12106,37.62795],[127.12105,37.62795],[127.12103,37.62797],[127.12101,37.62799],[127.12101,37.62799],[127.121,37.62799],[127.12098,37.62801],[127.12098,37.62802],[127.12098,37.62805],[127.12099,37.62808],[127.121,37.62811],[127.12102,37.62813],[127.12108,37.62817],[127.12113,37.62822],[127.12118,37.62826],[127.12121,37.62828],[127.12124,37.62829],[127.12127,37.6283],[127.12129,37.6283],[127.12133,37.62829],[127.12135,37.62829],[127.12137,37.62827],[127.12139,37.62826],[127.1214,37.62827],[127.12146,37.62829],[127.12151,37.62842],[127.12152,37.62847],[127.1216,37.62865],[127.12189,37.62899]]]}},{"type":"Feature","properties":{"id":679165592},"geometry":{"type":"Polygon","coordinates":[[[127.11967,37.62694],[127.11985,37.62709],[127.11987,37.6271],[127.11985,37.62713],[127.11982,37.62715],[127.1198,37.62717],[127.11977,37.62719],[127.11974,37.62721],[127.11971,37.62723],[127.11968,37.62725],[127.11965,37.62726],[127.11884,37.62759],[127.11812,37.62662],[127.11804,37.62651],[127.11795,37.62641],[127.11785,37.62632],[127.11787,37.62631],[127.11788,37.6263],[127.1179,37.62627],[127.1179,37.62625],[127.11791,37.62623],[127.11791,37.62622],[127.11792,37.6262],[127.11791,37.62618],[127.11792,37.62616],[127.11792,37.62613],[127.11793,37.62611],[127.11794,37.62609],[127.11794,37.62608],[127.11795,37.62606],[127.11796,37.62605],[127.11797,37.62605],[127.11797,37.62604],[127.11799,37.62604],[127.11802,37.62602],[127.11806,37.62601],[127.11807,37.62601],[127.11811,37.62601],[127.11817,37.62601],[127.11818,37.62601],[127.11819,37.62601],[127.11821,37.62601],[127.11823,37.62601],[127.11824,37.62602],[127.11826,37.62602],[127.11827,37.62603],[127.11828,37.62604],[127.11829,37.62604],[127.11829,37.62605],[127.11831,37.6261],[127.11834,37.62615],[127.11837,37.62621],[127.11841,37.62628],[127.1184,37.62628],[127.11841,37.6263],[127.11846,37.62626],[127.11845,37.62626],[127.11845,37.62626],[127.11845,37.62626],[127.11845,37.62626],[127.11834,37.62606],[127.11833,37.62604],[127.11833,37.62602],[127.11831,37.62599],[127.11831,37.62599],[127.11828,37.62597],[127.11823,37.62596],[127.1182,37.62596],[127.11816,37.62596],[127.11812,37.62597],[127.11807,37.62598],[127.11803,37.62598],[127.11798,37.62599],[127.11797,37.626],[127.11794,37.62601],[127.11793,37.62602],[127.11791,37.62605],[127.11789,37.62606],[127.11788,37.62609],[127.11788,37.62609],[127.11787,37.6261],[127.11787,37.6261],[127.11786,37.6261],[127.11784,37.62605],[127.11783,37.62603],[127.11782,37.62602],[127.11782,37.626],[127.11782,37.62598],[127.11782,37.62596],[127.11782,37.62594],[127.11782,37.62593],[127.11786,37.62571],[127.11786,37.62569],[127.11786,37.62568],[127.11786,37.62563],[127.11825,37.62576],[127.11825,37.62576],[127.11825,37.62577],[127.11827,37.6258],[127.11833,37.62592],[127.11859,37.62604],[127.11863,37.62603],[127.11869,37.62606],[127.11872,37.62616],[127.1188,37.62621],[127.11889,37.62626],[127.119,37.62631],[127.11907,37.62641],[127.1192,37.62656],[127.11938,37.6267],[127.11951,37.62682],[127.11967,37.62694]]]}},{"type":"Feature","properties":{"id":679165593},"geometry":{"type":"Polygon","coordinates":[[[127.11669,37.62545],[127.11672,37.62547],[127.11675,37.6255],[127.11677,37.62552],[127.1168,37.62555],[127.11682,37.62558],[127.11683,37.62561],[127.11685,37.62564],[127.11686,37.62567],[127.11687,37.6257],[127.11688,37.62573],[127.11558,37.62505],[127.11544,37.62498],[127.11529,37.62492],[127.11514,37.62487],[127.11499,37.62483],[127.11484,37.62479],[127.11468,37.62477],[127.11452,37.62475],[127.11435,37.62474],[127.11419,37.62474],[127.11403,37.62475],[127.11387,37.62476],[127.11371,37.62479],[127.11347,37.62442],[127.11344,37.62439],[127.1135,37.62426],[127.11354,37.62421],[127.11356,37.62419],[127.11357,37.62417],[127.11358,37.62415],[127.11358,37.62413],[127.11359,37.62411],[127.11359,37.6241],[127.1136,37.62408],[127.1136,37.62406],[127.1136,37.62404],[127.11359,37.62402],[127.11359,37.624],[127.11358,37.62398],[127.11358,37.62396],[127.11357,37.62394],[127.11356,37.62392],[127.11354,37.6239],[127.11353,37.62389],[127.11352,37.62387],[127.11337,37.62372],[127.11336,37.62371],[127.11335,37.6237],[127.11334,37.62369],[127.11333,37.62367],[127.11333,37.62366],[127.11332,37.62365],[127.11332,37.62364],[127.11359,37.62342],[127.11358,37.62308],[127.11365,37.62274],[127.11341,37.62255],[127.11318,37.62199],[127.11322,37.62189],[127.11351,37.62178],[127.11362,37.62165],[127.11364,37.6217],[127.11367,37.6219],[127.11381,37.62206],[127.11391,37.62223],[127.11392,37.62225],[127.11394,37.62242],[127.11398,37.62258],[127.11403,37.62274],[127.11409,37.6229],[127.11416,37.62305],[127.11426,37.62325],[127.11447,37.6236],[127.11449,37.62363],[127.11459,37.62377],[127.1147,37.62391],[127.11482,37.62404],[127.11496,37.62417],[127.11506,37.62426],[127.11532,37.62447],[127.11669,37.62545]]]}},{"type":"Feature","properties":{"id":679173491},"geometry":{"type":"Polygon","coordinates":[[[127.12001,37.63221],[127.1193,37.6325],[127.11929,37.6325],[127.11928,37.63248],[127.11927,37.63246],[127.11841,37.6311],[127.11835,37.63101],[127.11829,37.63088],[127.11899,37.6306],[127.12001,37.63221]]]}},{"type":"Feature","properties":{"id":679177791},"geometry":{"type":"Polygon","coordinates":[[[127.12375,37.63953],[127.12393,37.63955],[127.12412,37.63956],[127.1243,37.63957],[127.12442,37.63958],[127.12454,37.63959],[127.12466,37.63961],[127.12478,37.63964],[127.12489,37.63967],[127.125,37.63971],[127.12511,37.63975],[127.12521,37.6398],[127.12531,37.63986],[127.1254,37.63992],[127.12669,37.64087],[127.12666,37.64091],[127.12657,37.64089],[127.12642,37.64082],[127.12629,37.64075],[127.12621,37.64067],[127.12613,37.64064],[127.12592,37.64058],[127.12572,37.64049],[127.12558,37.64044],[127.12552,37.64042],[127.1255,37.64041],[127.12549,37.64043],[127.12541,37.64039],[127.1253,37.64035],[127.12508,37.64029],[127.12497,37.64024],[127.12519,37.6399],[127.12448,37.63961],[127.12438,37.6396],[127.12427,37.63979],[127.12402,37.63968],[127.12382,37.6396],[127.12355,37.63968],[127.12338,37.63961],[127.12298,37.63945],[127.12267,37.63932],[127.12237,37.6392],[127.12224,37.63914],[127.12218,37.63912],[127.12211,37.63909],[127.12204,37.63907],[127.12196,37.63904],[127.12189,37.63901],[127.12182,37.63899],[127.12175,37.63896],[127.12167,37.63894],[127.12163,37.63892],[127.12159,37.63891],[127.12142,37.63885],[127.12125,37.63877],[127.12057,37.6386],[127.12055,37.63853],[127.12064,37.63838],[127.12148,37.63868],[127.12185,37.63882],[127.12221,37.63898],[127.12255,37.63915],[127.12271,37.63923],[127.12287,37.63931],[127.12304,37.63937],[127.12321,37.63942],[127.12339,37.63947],[127.12356,37.6395],[127.12375,37.63953]]]}},{"type":"Feature","properties":{"id":679177792},"geometry":{"type":"Polygon","coordinates":[[[127.11828,37.63713],[127.11818,37.63705],[127.11809,37.63696],[127.118,37.63686],[127.11793,37.63676],[127.11786,37.63665],[127.1178,37.63655],[127.11775,37.63643],[127.11772,37.63632],[127.11769,37.6362],[127.11767,37.63609],[127.11766,37.63597],[127.11766,37.63585],[127.11768,37.63574],[127.1177,37.63562],[127.11773,37.6355],[127.11778,37.63539],[127.11783,37.63528],[127.11789,37.63517],[127.11865,37.63398],[127.11863,37.63394],[127.11765,37.63547],[127.11753,37.63565],[127.11738,37.63583],[127.11723,37.636],[127.11705,37.63616],[127.11687,37.63631],[127.1168,37.63636],[127.11692,37.63648],[127.11717,37.63674],[127.11753,37.63705],[127.11774,37.63723],[127.11794,37.63733],[127.11806,37.63742],[127.11826,37.63758],[127.11835,37.63765],[127.11872,37.63787],[127.11909,37.63806],[127.11931,37.63816],[127.11945,37.63822],[127.11956,37.63827],[127.11972,37.6383],[127.11979,37.63833],[127.12014,37.63845],[127.12024,37.63842],[127.12033,37.63827],[127.12033,37.63826],[127.12003,37.63815],[127.11971,37.63802],[127.1194,37.63787],[127.1191,37.63771],[127.11881,37.63753],[127.11854,37.63734],[127.11828,37.63713]]]}},{"type":"Feature","properties":{"id":679177793},"geometry":{"type":"Polygon","coordinates":[[[127.12653,37.63654],[127.12646,37.63658],[127.1264,37.63662],[127.12634,37.63666],[127.12628,37.6367],[127.12623,37.63675],[127.12618,37.6368],[127.12613,37.63686],[127.12609,37.63691],[127.12606,37.63697],[127.12581,37.63741],[127.12524,37.63721],[127.1251,37.63745],[127.12483,37.63736],[127.12532,37.63648],[127.12539,37.63635],[127.12544,37.63622],[127.12548,37.63609],[127.12551,37.63596],[127.12553,37.63582],[127.12554,37.63569],[127.12554,37.63556],[127.12552,37.63542],[127.12549,37.63529],[127.12546,37.63516],[127.12541,37.63503],[127.12535,37.6349],[127.12528,37.63478],[127.12519,37.63466],[127.1251,37.63455],[127.12415,37.63344],[127.12345,37.63233],[127.12346,37.63232],[127.12347,37.63232],[127.12348,37.63231],[127.12349,37.6323],[127.12349,37.6323],[127.1235,37.63229],[127.12351,37.63228],[127.12351,37.63227],[127.12352,37.63226],[127.12352,37.63226],[127.12353,37.63225],[127.12353,37.63224],[127.12353,37.63223],[127.12353,37.63222],[127.12353,37.63221],[127.12353,37.6322],[127.12353,37.6322],[127.12352,37.63216],[127.12352,37.63216],[127.12357,37.63234],[127.12361,37.63242],[127.12365,37.63251],[127.12376,37.63267],[127.12387,37.63282],[127.12388,37.63284],[127.12391,37.63287],[127.12399,37.63298],[127.12409,37.63309],[127.12412,37.63313],[127.12415,37.63316],[127.12426,37.63327],[127.12429,37.63333],[127.12436,37.63338],[127.1244,37.63342],[127.12455,37.63356],[127.12468,37.63371],[127.12468,37.63371],[127.12479,37.63381],[127.12484,37.63385],[127.12491,37.63388],[127.12506,37.63396],[127.12524,37.63409],[127.12528,37.63414],[127.12533,37.63419],[127.12537,37.63424],[127.12549,37.63439],[127.12558,37.63445],[127.12565,37.63453],[127.12575,37.63465],[127.12578,37.63469],[127.12588,37.63485],[127.126,37.635],[127.1261,37.63516],[127.12612,37.63519],[127.12622,37.63532],[127.12634,37.63567],[127.12642,37.63584],[127.12659,37.63597],[127.12681,37.63608],[127.12694,37.63623],[127.12706,37.63638],[127.12704,37.63638],[127.12704,37.63641],[127.12698,37.63641],[127.12692,37.63642],[127.12685,37.63643],[127.12679,37.63645],[127.12676,37.63636],[127.12668,37.63638],[127.12661,37.6364],[127.12653,37.63643],[127.12647,37.63646],[127.12653,37.63654]]]}},{"type":"Feature","properties":{"id":679177794},"geometry":{"type":"Polygon","coordinates":[[[127.11887,37.63355],[127.11883,37.63364],[127.11879,37.63359],[127.11861,37.63331],[127.11866,37.63329],[127.11864,37.63325],[127.11859,37.63327],[127.11824,37.63272],[127.1188,37.6325],[127.11788,37.63105],[127.118,37.631],[127.11806,37.63111],[127.11813,37.63121],[127.11874,37.63218],[127.11877,37.63223],[127.11879,37.63228],[127.11881,37.63232],[127.11889,37.63252],[127.11891,37.63256],[127.11892,37.63261],[127.11893,37.63265],[127.11896,37.63276],[127.11898,37.63287],[127.11898,37.63299],[127.11898,37.6331],[127.11897,37.63322],[127.11895,37.63333],[127.11891,37.63344],[127.11887,37.63355]]]}},{"type":"Feature","properties":{"id":679177879},"geometry":{"type":"Polygon","coordinates":[[[127.12342,37.63169],[127.12342,37.63171],[127.12341,37.63173],[127.12341,37.63175],[127.12341,37.63176],[127.12341,37.63178],[127.12341,37.6318],[127.12346,37.63217],[127.12346,37.63218],[127.12346,37.63218],[127.12346,37.63219],[127.12346,37.6322],[127.12345,37.6322],[127.12345,37.63221],[127.12345,37.63222],[127.12344,37.63223],[127.12344,37.63223],[127.12343,37.63224],[127.12343,37.63224],[127.12342,37.63225],[127.12342,37.63226],[127.12341,37.63226],[127.12323,37.63197],[127.12282,37.63213],[127.12216,37.6324],[127.12187,37.63212],[127.12185,37.63209],[127.12174,37.63194],[127.12163,37.63178],[127.12128,37.63124],[127.12152,37.63114],[127.12134,37.63087],[127.12111,37.63096],[127.12106,37.63088],[127.12107,37.63084],[127.12115,37.6308],[127.12117,37.6308],[127.12119,37.63078],[127.12121,37.63077],[127.12122,37.63076],[127.12124,37.63074],[127.12125,37.63073],[127.12126,37.63071],[127.12144,37.63035],[127.12145,37.63033],[127.12146,37.63032],[127.12147,37.6303],[127.12149,37.63029],[127.1215,37.63028],[127.12152,37.63027],[127.12161,37.63024],[127.12163,37.63027],[127.12178,37.63033],[127.12179,37.63033],[127.1218,37.63034],[127.12181,37.63034],[127.12182,37.63034],[127.12184,37.63034],[127.12185,37.63034],[127.12187,37.63034],[127.1219,37.63033],[127.12204,37.63028],[127.12218,37.63023],[127.12224,37.63021],[127.12225,37.6302],[127.12227,37.63019],[127.12229,37.63018],[127.1223,37.63017],[127.12231,37.63016],[127.12232,37.63015],[127.12233,37.63013],[127.12233,37.63012],[127.12234,37.6301],[127.12234,37.63009],[127.12234,37.63007],[127.12233,37.63006],[127.12233,37.63004],[127.12232,37.63003],[127.12229,37.62999],[127.12221,37.62985],[127.12212,37.62971],[127.12203,37.62958],[127.12195,37.62945],[127.12195,37.62945],[127.12193,37.62941],[127.12228,37.6293],[127.12229,37.6293],[127.12233,37.62934],[127.12231,37.62936],[127.1223,37.62946],[127.12233,37.62951],[127.12239,37.62959],[127.12241,37.62962],[127.12242,37.62964],[127.12244,37.62966],[127.12245,37.62967],[127.12255,37.62978],[127.12267,37.62993],[127.12278,37.63008],[127.1228,37.63009],[127.12281,37.6301],[127.12293,37.63022],[127.12313,37.63036],[127.12313,37.63036],[127.12315,37.63037],[127.12315,37.63052],[127.12325,37.63068],[127.12339,37.63082],[127.12341,37.63084],[127.12339,37.63093],[127.12343,37.63097],[127.12343,37.63097],[127.12343,37.63098],[127.12345,37.63097],[127.12346,37.631],[127.12346,37.63101],[127.12345,37.63102],[127.12345,37.63102],[127.12344,37.63103],[127.12343,37.63104],[127.12343,37.63105],[127.12342,37.63106],[127.12342,37.63107],[127.12342,37.63108],[127.12341,37.63109],[127.12341,37.6311],[127.12341,37.63111],[127.12341,37.63113],[127.12341,37.63114],[127.12343,37.63125],[127.12344,37.63134],[127.12345,37.63143],[127.12345,37.63152],[127.12344,37.63161],[127.12342,37.63169]]]}},{"type":"Feature","properties":{"id":679620518},"geometry":{"type":"Polygon","coordinates":[[[127.03834,37.47439],[127.03838,37.4751],[127.03839,37.47542],[127.03747,37.47495],[127.03607,37.47409],[127.03408,37.47355],[127.03304,37.473],[127.03216,37.47226],[127.03251,37.47188],[127.03491,37.47323],[127.03719,37.47369],[127.03839,37.47398],[127.03834,37.47439]]]}},{"type":"Feature","properties":{"id":680086126},"geometry":{"type":"Polygon","coordinates":[[[126.91049,37.54605],[126.91126,37.54616],[126.91137,37.5461],[126.91167,37.54595],[126.91161,37.54572],[126.9112,37.54499],[126.91067,37.54528],[126.91076,37.54531],[126.91088,37.54547],[126.91085,37.5456],[126.91072,37.54574],[126.91049,37.54605]]]}},{"type":"Feature","properties":{"id":681788283},"geometry":{"type":"Polygon","coordinates":[[[126.93585,37.51993],[126.93563,37.52016],[126.93572,37.52021],[126.93562,37.52031],[126.9366,37.52092],[126.93692,37.52059],[126.93585,37.51993]]]}},{"type":"Feature","properties":{"id":681791467},"geometry":{"type":"Polygon","coordinates":[[[126.93857,37.52133],[126.93832,37.52158],[126.93789,37.52131],[126.93778,37.52124],[126.93787,37.52115],[126.9378,37.52111],[126.93789,37.52102],[126.93795,37.52106],[126.93826,37.52075],[126.93829,37.52072],[126.93857,37.5209],[126.93866,37.52095],[126.93883,37.52106],[126.93857,37.52133]]]}},{"type":"Feature","properties":{"id":682186734},"geometry":{"type":"Polygon","coordinates":[[[126.80172,37.51323],[126.8021,37.51412],[126.80222,37.51437],[126.80288,37.51495],[126.80307,37.51485],[126.80334,37.51403],[126.80338,37.51336],[126.80351,37.51276],[126.80424,37.51145],[126.80366,37.5112],[126.80376,37.51103],[126.80384,37.51088],[126.80518,37.51145],[126.80557,37.51068],[126.80373,37.50991],[126.80297,37.51028],[126.80224,37.51009],[126.80216,37.51045],[126.80289,37.51056],[126.80282,37.51075],[126.80274,37.5109],[126.80208,37.51077],[126.80207,37.51087],[126.802,37.5114],[126.80198,37.51175],[126.80201,37.51216],[126.80205,37.51253],[126.80203,37.51285],[126.80171,37.51305],[126.80172,37.51323]]]}},{"type":"Feature","properties":{"id":682334253},"geometry":{"type":"Polygon","coordinates":[[[126.91735,37.52194],[126.91642,37.52331],[126.91642,37.52333],[126.91642,37.52335],[126.9165,37.52341],[126.9216,37.52657],[126.92231,37.52701],[126.92705,37.52997],[126.92711,37.52999],[126.92714,37.52999],[126.92718,37.52999],[126.92725,37.52995],[126.92868,37.52927],[126.92881,37.52918],[126.92886,37.52912],[126.92886,37.52907],[126.92873,37.52897],[126.92799,37.52849],[126.92756,37.52822],[126.92725,37.52803],[126.92658,37.52761],[126.92567,37.52709],[126.92554,37.52698],[126.9216,37.5245],[126.91982,37.52341],[126.91744,37.52192],[126.91741,37.52191],[126.91738,37.52192],[126.91735,37.52194]]]}},{"type":"Feature","properties":{"id":684769271},"geometry":{"type":"Polygon","coordinates":[[[126.80264,37.47293],[126.80232,37.47272],[126.80193,37.47292],[126.80199,37.47334],[126.80264,37.47293]]]}},{"type":"Feature","properties":{"id":685347509},"geometry":{"type":"Polygon","coordinates":[[[126.78183,37.67901],[126.77962,37.67836],[126.77964,37.6782],[126.78249,37.67705],[126.78274,37.67721],[126.7825,37.67746],[126.78204,37.67741],[126.78159,37.67843],[126.78205,37.67856],[126.78183,37.67901]]]}},{"type":"Feature","properties":{"id":686287637},"geometry":{"type":"Polygon","coordinates":[[[127.01202,37.50424],[127.01208,37.50427],[127.01229,37.50425],[127.01253,37.50412],[127.01246,37.50353],[127.0123,37.50348],[127.01193,37.50422],[127.01202,37.50424]]]}},{"type":"Feature","properties":{"id":687940667},"geometry":{"type":"Polygon","coordinates":[[[127.01255,37.50784],[127.01238,37.50775],[127.01226,37.50756],[127.01231,37.5074],[127.01248,37.50729],[127.01265,37.50721],[127.01288,37.50725],[127.01304,37.50753],[127.01293,37.50777],[127.01279,37.50783],[127.01255,37.50784]]]}},{"type":"Feature","properties":{"id":689572153},"geometry":{"type":"Polygon","coordinates":[[[127.10255,37.49626],[127.10604,37.49733],[127.10808,37.49794],[127.10858,37.49809],[127.10895,37.4982],[127.10932,37.49832],[127.10986,37.49848],[127.11145,37.49895],[127.1116,37.49863],[127.11003,37.49817],[127.10973,37.49808],[127.10948,37.498],[127.1091,37.49789],[127.10896,37.49785],[127.10822,37.49763],[127.10777,37.49749],[127.10746,37.4974],[127.10716,37.49731],[127.1066,37.49714],[127.10598,37.49696],[127.10585,37.49692],[127.10538,37.49682],[127.1048,37.49664],[127.10433,37.4965],[127.10403,37.49641],[127.10358,37.49628],[127.10267,37.496],[127.10255,37.49626]]]}},{"type":"Feature","properties":{"id":690392162},"geometry":{"type":"Polygon","coordinates":[[[126.88361,37.58477],[126.88297,37.5843],[126.88283,37.58439],[126.88276,37.58444],[126.88277,37.58445],[126.88279,37.58451],[126.88282,37.58456],[126.88284,37.58461],[126.88286,37.58467],[126.88287,37.58475],[126.88288,37.58483],[126.88288,37.58491],[126.88287,37.585],[126.88284,37.5852],[126.88283,37.58527],[126.88283,37.58535],[126.88284,37.58544],[126.88285,37.58552],[126.88287,37.58559],[126.88291,37.58567],[126.88295,37.58574],[126.88306,37.58591],[126.88313,37.58602],[126.88319,37.58618],[126.88321,37.58622],[126.88324,37.58628],[126.88328,37.58632],[126.88337,37.58627],[126.88336,37.58626],[126.88396,37.5859],[126.88457,37.58555],[126.88398,37.58512],[126.88361,37.58477]]]}},{"type":"Feature","properties":{"id":690405459},"geometry":{"type":"Polygon","coordinates":[[[126.88406,37.58236],[126.88397,37.58235],[126.88246,37.58324],[126.88246,37.58331],[126.88269,37.58348],[126.88272,37.58348],[126.88287,37.58347],[126.8831,37.58345],[126.88333,37.58343],[126.88356,37.58341],[126.88378,37.58338],[126.88401,37.58335],[126.88424,37.58332],[126.88446,37.58328],[126.88469,37.58324],[126.88491,37.5832],[126.88406,37.58236]]]}},{"type":"Feature","properties":{"id":690412540},"geometry":{"type":"Polygon","coordinates":[[[126.89532,37.57163],[126.89541,37.57157],[126.89562,37.57132],[126.89545,37.57075],[126.89543,37.57052],[126.89529,37.57036],[126.89529,37.57036],[126.89543,37.57033],[126.89557,37.57038],[126.89566,37.57036],[126.89556,37.57021],[126.89551,37.57014],[126.89548,37.57009],[126.89546,37.57007],[126.8954,37.56999],[126.89536,37.56994],[126.89532,37.56996],[126.89527,37.5699],[126.89523,37.56986],[126.895,37.5696],[126.89485,37.56942],[126.89479,37.56932],[126.89473,37.56926],[126.89465,37.56916],[126.89454,37.56905],[126.89442,37.56891],[126.89405,37.56913],[126.89404,37.56916],[126.89402,37.56919],[126.89395,37.56929],[126.89392,37.56944],[126.89387,37.56992],[126.89385,37.56998],[126.89282,37.57064],[126.89277,37.57137],[126.89266,37.57139],[126.89265,37.57131],[126.89256,37.57132],[126.89255,37.57141],[126.89234,37.57141],[126.89229,37.57135],[126.89217,37.57134],[126.8921,37.57137],[126.89208,37.57139],[126.89207,37.57143],[126.89207,37.57146],[126.89209,37.57155],[126.89218,37.57194],[126.89226,37.57218],[126.89236,37.5723],[126.89251,37.57238],[126.89267,37.57241],[126.89348,37.57264],[126.89357,37.57265],[126.89366,37.57263],[126.89458,37.5723],[126.89473,37.5722],[126.89486,37.5722],[126.89516,37.57226],[126.8953,37.57227],[126.89549,37.57214],[126.89554,37.57199],[126.89551,37.57183],[126.89532,37.57163]]]}},{"type":"Feature","properties":{"id":690412541},"geometry":{"type":"Polygon","coordinates":[[[126.8939,37.57431],[126.89412,37.57419],[126.89431,37.57442],[126.89432,37.57441],[126.89438,37.57438],[126.89445,37.57434],[126.89452,37.57431],[126.89452,37.5743],[126.89455,37.5743],[126.89462,37.57426],[126.89472,37.5742],[126.89477,37.57417],[126.89467,37.57405],[126.89482,37.57396],[126.89493,37.57409],[126.89502,37.57419],[126.89504,37.57422],[126.89551,37.57394],[126.89555,37.57394],[126.89562,37.57396],[126.89568,37.57399],[126.89574,37.57403],[126.89585,37.57413],[126.89623,37.57405],[126.8967,37.57377],[126.89671,37.57376],[126.89657,37.57364],[126.89638,37.57361],[126.89625,37.57359],[126.89598,37.57354],[126.89588,37.57375],[126.89582,37.57374],[126.89582,37.57374],[126.89573,37.57373],[126.89571,37.57373],[126.89557,37.57372],[126.89538,37.5737],[126.89534,37.5737],[126.8953,37.5737],[126.89521,37.5737],[126.89523,37.57365],[126.89513,37.57347],[126.89508,37.57332],[126.89503,37.57318],[126.89515,37.57311],[126.89498,37.57299],[126.89492,37.57301],[126.89493,37.57314],[126.89491,37.57313],[126.89488,37.57314],[126.89488,37.57317],[126.89481,37.57315],[126.8948,37.57315],[126.89477,37.57328],[126.89477,37.57329],[126.89481,37.57332],[126.89481,37.57335],[126.89482,37.57347],[126.8948,37.5736],[126.89481,37.57367],[126.89476,37.57367],[126.89475,37.57367],[126.89473,37.57369],[126.89473,37.57369],[126.89472,37.57369],[126.89446,37.57384],[126.89443,37.57386],[126.89409,37.57406],[126.89393,37.57415],[126.89393,37.57415],[126.89388,37.57414],[126.89372,37.57411],[126.8937,37.57417],[126.89367,37.5743],[126.89385,37.57439],[126.89388,37.57441],[126.89391,37.57442],[126.894,37.57447],[126.89401,37.57457],[126.89407,37.57454],[126.89409,37.57453],[126.8939,37.57431]]]}},{"type":"Feature","properties":{"id":690431884},"geometry":{"type":"Polygon","coordinates":[[[126.89262,37.57764],[126.89261,37.57763],[126.89186,37.57808],[126.89233,37.57854],[126.89241,37.57842],[126.89252,37.57826],[126.89262,37.57809],[126.89271,37.57793],[126.8928,37.57777],[126.89275,37.57773],[126.89262,37.57764]]]}},{"type":"Feature","properties":{"id":690431890},"geometry":{"type":"Polygon","coordinates":[[[126.8944,37.57935],[126.89421,37.57916],[126.89346,37.57965],[126.89374,37.57993],[126.89376,37.57991],[126.89403,37.57973],[126.89414,37.57962],[126.89439,37.57944],[126.8944,37.57935]]]}},{"type":"Feature","properties":{"id":690432465},"geometry":{"type":"Polygon","coordinates":[[[126.88818,37.58181],[126.8878,37.58144],[126.88742,37.58166],[126.88703,37.58189],[126.88735,37.5822],[126.88744,37.58222],[126.88816,37.58188],[126.88818,37.58181]]]}},{"type":"Feature","properties":{"id":691388372},"geometry":{"type":"Polygon","coordinates":[[[126.82456,37.5642],[126.82454,37.56402],[126.82444,37.56347],[126.82645,37.56456],[126.82743,37.56449],[126.82766,37.56654],[126.82652,37.56669],[126.82631,37.56512],[126.82456,37.5642]]]}},{"type":"Feature","properties":{"id":691836449},"geometry":{"type":"Polygon","coordinates":[[[126.89911,37.65014],[126.8993,37.65026],[126.89992,37.65014],[126.89975,37.6497],[126.89937,37.64989],[126.8991,37.65012],[126.89911,37.65014]]]}},{"type":"Feature","properties":{"id":691838746},"geometry":{"type":"Polygon","coordinates":[[[126.88097,37.65177],[126.88128,37.65186],[126.88137,37.65201],[126.88128,37.65218],[126.88111,37.65226],[126.88105,37.6524],[126.88075,37.65243],[126.88062,37.65242],[126.88061,37.65232],[126.88052,37.6522],[126.88071,37.65184],[126.8809,37.65175],[126.88097,37.65177]]]}},{"type":"Feature","properties":{"id":691912367},"geometry":{"type":"Polygon","coordinates":[[[127.10468,37.49689],[127.10474,37.49678],[127.10571,37.49706],[127.10566,37.49718],[127.10468,37.49689]]]}},{"type":"Feature","properties":{"id":693489872},"geometry":{"type":"Polygon","coordinates":[[[127.14685,37.4925],[127.14684,37.49202],[127.14599,37.49253],[127.14685,37.4925]]]}},{"type":"Feature","properties":{"id":694055302},"geometry":{"type":"Polygon","coordinates":[[[126.78805,37.66161],[126.78825,37.66129],[126.78826,37.66125],[126.78828,37.66126],[126.78913,37.66153],[126.78911,37.66157],[126.78884,37.66203],[126.78864,37.66195],[126.78854,37.66214],[126.78837,37.66208],[126.78852,37.66179],[126.78807,37.66162],[126.78805,37.66161]]]}},{"type":"Feature","properties":{"id":694338877},"geometry":{"type":"Polygon","coordinates":[[[126.78617,37.66428],[126.78642,37.66437],[126.78643,37.66437],[126.78644,37.66439],[126.78625,37.66471],[126.78656,37.66482],[126.78645,37.66501],[126.78636,37.66517],[126.7859,37.665],[126.78571,37.66534],[126.78568,37.66535],[126.78557,37.6653],[126.78556,37.66529],[126.78589,37.66472],[126.78615,37.66428],[126.78617,37.66428]]]}},{"type":"Feature","properties":{"id":694887687},"geometry":{"type":"Polygon","coordinates":[[[127.1437,37.48866],[127.14361,37.48869],[127.14411,37.48814],[127.1442,37.48808],[127.14439,37.48843],[127.1437,37.48866]]]}},{"type":"Feature","properties":{"id":695958857},"geometry":{"type":"Polygon","coordinates":[[[127.15258,37.55884],[127.1524,37.55877],[127.15162,37.55872],[127.15165,37.55826],[127.15179,37.55779],[127.15239,37.55724],[127.15312,37.55747],[127.15288,37.55798],[127.15258,37.55884]]]}},{"type":"Feature","properties":{"id":695958858},"geometry":{"type":"Polygon","coordinates":[[[127.15494,37.55523],[127.15493,37.55545],[127.15525,37.5558],[127.1544,37.55584],[127.15401,37.55624],[127.15314,37.55629],[127.15342,37.55504],[127.15494,37.55523]]]}},{"type":"Feature","properties":{"id":695958859},"geometry":{"type":"Polygon","coordinates":[[[127.15113,37.5568],[127.14978,37.55634],[127.14904,37.55635],[127.1489,37.55798],[127.15113,37.5568]]]}},{"type":"Feature","properties":{"id":696300753},"geometry":{"type":"Polygon","coordinates":[[[126.86987,37.45956],[126.86982,37.45951],[126.8697,37.45956],[126.86932,37.45914],[126.86891,37.45886],[126.86854,37.45866],[126.86854,37.45859],[126.86862,37.45857],[126.8688,37.4586],[126.86896,37.45859],[126.86908,37.45862],[126.8692,37.45871],[126.86934,37.45876],[126.86939,37.4584],[126.86969,37.45807],[126.86989,37.45767],[126.86987,37.45732],[126.87014,37.45747],[126.87027,37.45769],[126.87054,37.45798],[126.87087,37.4583],[126.87099,37.45839],[126.87101,37.4585],[126.87092,37.45869],[126.87033,37.45934],[126.87009,37.45954],[126.87,37.45949],[126.86997,37.4595],[126.86987,37.45956]]]}},{"type":"Feature","properties":{"id":696604699},"geometry":{"type":"Polygon","coordinates":[[[127.06929,37.60403],[127.06986,37.60404],[127.06924,37.60275],[127.06925,37.6036],[127.06929,37.60403]]]}},{"type":"Feature","properties":{"id":696608193},"geometry":{"type":"Polygon","coordinates":[[[127.07241,37.60645],[127.07241,37.6065],[127.07244,37.60654],[127.07247,37.60657],[127.07251,37.60658],[127.07256,37.60658],[127.07261,37.60658],[127.07266,37.60655],[127.07268,37.60652],[127.0729,37.6056],[127.07298,37.60533],[127.07307,37.60495],[127.07321,37.60427],[127.07333,37.60375],[127.0734,37.60337],[127.0734,37.60334],[127.07338,37.60331],[127.07335,37.60328],[127.07332,37.60327],[127.07329,37.60326],[127.07326,37.60326],[127.07323,37.60326],[127.07319,37.60327],[127.07316,37.60328],[127.07313,37.6033],[127.07311,37.60333],[127.07275,37.60491],[127.07257,37.60569],[127.07249,37.60609],[127.07244,37.6063],[127.07241,37.60645]]]}},{"type":"Feature","properties":{"id":697322580},"geometry":{"type":"Polygon","coordinates":[[[127.03505,37.66027],[127.03503,37.66064],[127.03515,37.66067],[127.03525,37.66072],[127.03533,37.66075],[127.03541,37.66078],[127.03547,37.66081],[127.0356,37.66085],[127.03563,37.66087],[127.03565,37.6609],[127.03572,37.66092],[127.03578,37.66094],[127.03587,37.66097],[127.03594,37.661],[127.036,37.66102],[127.03605,37.66103],[127.03604,37.66105],[127.03604,37.66108],[127.03611,37.66109],[127.03615,37.6611],[127.03625,37.66112],[127.03631,37.66114],[127.03644,37.66115],[127.03655,37.66117],[127.03665,37.66119],[127.03669,37.66121],[127.03671,37.66125],[127.03674,37.66126],[127.03681,37.66126],[127.0369,37.66128],[127.03698,37.66129],[127.03705,37.66131],[127.0371,37.66136],[127.03708,37.66147],[127.03708,37.66156],[127.0371,37.66162],[127.03714,37.66165],[127.0372,37.66166],[127.03731,37.66166],[127.0375,37.66166],[127.03742,37.66157],[127.03735,37.66146],[127.03727,37.6613],[127.03723,37.66122],[127.03721,37.66119],[127.03717,37.66116],[127.03712,37.66113],[127.03701,37.66109],[127.03675,37.661],[127.03668,37.66098],[127.0366,37.66096],[127.03647,37.66094],[127.03622,37.66091],[127.03611,37.66086],[127.03608,37.66084],[127.03602,37.66078],[127.03589,37.66069],[127.03584,37.66067],[127.03579,37.66063],[127.03579,37.6606],[127.03581,37.66047],[127.03567,37.66045],[127.03558,37.66042],[127.03539,37.66037],[127.03505,37.66027]]]}},{"type":"Feature","properties":{"id":699369531},"geometry":{"type":"Polygon","coordinates":[[[127.1127,37.49881],[127.11263,37.49861],[127.11263,37.49837],[127.11266,37.49783],[127.11256,37.49746],[127.11248,37.49727],[127.11236,37.49716],[127.11246,37.49721],[127.11277,37.49739],[127.11306,37.4977],[127.11307,37.49775],[127.11308,37.49804],[127.11299,37.49833],[127.11285,37.49849],[127.11287,37.49855],[127.1127,37.49881]]]}},{"type":"Feature","properties":{"id":700471384},"geometry":{"type":"Polygon","coordinates":[[[127.06113,37.51962],[127.06188,37.5191],[127.06197,37.5191],[127.06259,37.51961],[127.06266,37.51967],[127.06275,37.51963],[127.06291,37.51993],[127.06201,37.52078],[127.06138,37.52168],[127.06,37.52118],[127.06015,37.52093],[127.06089,37.5212],[127.06131,37.52052],[127.06162,37.52026],[127.06157,37.52],[127.06114,37.51966],[127.0611,37.51965],[127.06113,37.51962]]]}},{"type":"Feature","properties":{"id":701121359},"geometry":{"type":"Polygon","coordinates":[[[127.02419,37.46338],[127.02442,37.46359],[127.02469,37.46342],[127.02504,37.46335],[127.02534,37.46335],[127.02554,37.46347],[127.02674,37.46269],[127.02655,37.46251],[127.02645,37.46242],[127.02547,37.46298],[127.02529,37.46305],[127.02508,37.46312],[127.02486,37.46316],[127.02466,37.46315],[127.02452,37.46315],[127.02419,37.46338]]]}},{"type":"Feature","properties":{"id":701304223},"geometry":{"type":"Polygon","coordinates":[[[127.03584,37.6411],[127.03623,37.64087],[127.03662,37.6413],[127.03673,37.64141],[127.03669,37.64144],[127.03652,37.64148],[127.03637,37.64154],[127.03633,37.6415],[127.03625,37.64155],[127.03584,37.6411]]]}},{"type":"Feature","properties":{"id":702245735},"geometry":{"type":"Polygon","coordinates":[[[127.0507,37.66217],[127.05069,37.66204],[127.05076,37.66203],[127.0508,37.66203],[127.05085,37.66202],[127.05113,37.662],[127.05114,37.66226],[127.05113,37.6625],[127.05113,37.66267],[127.05113,37.66279],[127.0511,37.66301],[127.05107,37.66328],[127.05107,37.66333],[127.05102,37.66363],[127.05099,37.66382],[127.05097,37.664],[127.05095,37.6641],[127.05091,37.66423],[127.05078,37.66422],[127.05074,37.66422],[127.0507,37.66422],[127.05066,37.66422],[127.05064,37.66422],[127.05061,37.66421],[127.05058,37.66421],[127.05052,37.66419],[127.05046,37.66414],[127.05044,37.66412],[127.05047,37.66387],[127.0505,37.66365],[127.05053,37.66345],[127.05056,37.66325],[127.05059,37.66306],[127.05062,37.66282],[127.05066,37.6624],[127.0507,37.66217]]]}},{"type":"Feature","properties":{"id":702245736},"geometry":{"type":"Polygon","coordinates":[[[127.04836,37.6716],[127.04838,37.67173],[127.0484,37.67192],[127.04844,37.67221],[127.04855,37.6722],[127.04856,37.67227],[127.04858,37.67239],[127.04848,37.67244],[127.04848,37.67247],[127.04858,37.67242],[127.04868,37.67237],[127.04875,37.67234],[127.04876,37.67243],[127.0488,37.67266],[127.04879,37.67269],[127.04879,37.67274],[127.04881,37.67276],[127.04882,37.67289],[127.04886,37.67323],[127.04889,37.67343],[127.04889,37.67345],[127.04885,37.67347],[127.0488,37.67349],[127.04872,37.67354],[127.04864,37.67356],[127.04865,37.6736],[127.04869,37.67359],[127.04873,37.67357],[127.04883,37.67352],[127.0489,37.6735],[127.04893,37.6736],[127.04895,37.67368],[127.04896,37.67375],[127.04898,37.67378],[127.04899,37.67384],[127.04892,37.67385],[127.04888,37.67382],[127.0488,37.67383],[127.04881,37.67387],[127.04869,37.67388],[127.04865,37.67389],[127.04864,37.67387],[127.0486,37.67373],[127.04858,37.6736],[127.04856,37.67355],[127.04853,37.67344],[127.04843,37.67287],[127.04839,37.67253],[127.0483,37.67183],[127.04826,37.67145],[127.04823,37.6712],[127.04832,37.6712],[127.04835,37.67148],[127.04836,37.6716]]]}},{"type":"Feature","properties":{"id":703087394},"geometry":{"type":"Polygon","coordinates":[[[127.07791,37.49049],[127.0773,37.49051],[127.0767,37.49026],[127.07733,37.48935],[127.07822,37.48976],[127.07791,37.49049]]]}},{"type":"Feature","properties":{"id":703103772},"geometry":{"type":"Polygon","coordinates":[[[127.1467,37.47796],[127.14703,37.47785],[127.14702,37.47755],[127.14702,37.47748],[127.14703,37.47745],[127.14701,37.47724],[127.14443,37.47732],[127.14443,37.47751],[127.145,37.47749],[127.14502,37.47749],[127.14543,37.47748],[127.14567,37.47747],[127.14569,37.47778],[127.14602,37.47777],[127.14603,37.47798],[127.1467,37.47796]]]}},{"type":"Feature","properties":{"id":704320684},"geometry":{"type":"Polygon","coordinates":[[[126.7918,37.52965],[126.79095,37.52916],[126.79108,37.52909],[126.79119,37.52906],[126.79212,37.52887],[126.79217,37.52887],[126.79221,37.5289],[126.79245,37.52943],[126.79185,37.52966],[126.7918,37.52965]]]}},{"type":"Feature","properties":{"id":704782047},"geometry":{"type":"Polygon","coordinates":[[[126.84385,37.49517],[126.84362,37.49508],[126.84362,37.49507],[126.84364,37.49502],[126.84375,37.49469],[126.8438,37.49454],[126.84388,37.49456],[126.84386,37.49462],[126.84432,37.49472],[126.84498,37.49489],[126.84529,37.49496],[126.84528,37.49499],[126.84521,37.49517],[126.84528,37.49518],[126.84528,37.4952],[126.84524,37.49521],[126.8452,37.49523],[126.84518,37.49525],[126.84516,37.49528],[126.84506,37.49556],[126.84505,37.49559],[126.84498,37.49561],[126.84461,37.49549],[126.84429,37.49538],[126.844,37.49528],[126.84402,37.49525],[126.84402,37.49522],[126.84401,37.49519],[126.84398,37.49516],[126.84395,37.49515],[126.84391,37.49515],[126.84388,37.49516],[126.84385,37.49517]]]}},{"type":"Feature","properties":{"id":705245458},"geometry":{"type":"Polygon","coordinates":[[[127.02415,37.57285],[127.02449,37.5731],[127.02475,37.5733],[127.02472,37.57368],[127.02446,37.5738],[127.0241,37.57396],[127.02415,37.57285]]]}},{"type":"Feature","properties":{"id":705689835},"geometry":{"type":"Polygon","coordinates":[[[127.08018,37.48154],[127.08011,37.48147],[127.08059,37.48085],[127.08078,37.48046],[127.08098,37.48048],[127.08098,37.48088],[127.08064,37.48099],[127.08041,37.4812],[127.08018,37.48154]]]}},{"type":"Feature","properties":{"id":713720047},"geometry":{"type":"Polygon","coordinates":[[[127.05626,37.66933],[127.05649,37.66852],[127.05617,37.6685],[127.05594,37.66862],[127.05578,37.66906],[127.05591,37.66923],[127.05626,37.66933]]]}},{"type":"Feature","properties":{"id":715296745},"geometry":{"type":"Polygon","coordinates":[[[127.20222,37.53244],[127.202,37.53189],[127.20137,37.53085],[127.20038,37.52907],[127.19989,37.52832],[127.19932,37.52733],[127.19892,37.52639],[127.19853,37.52564],[127.19849,37.52539],[127.1985,37.52521],[127.19866,37.52489],[127.19906,37.52391],[127.19924,37.52338],[127.19931,37.52308],[127.19938,37.52263],[127.19938,37.52237],[127.1993,37.5215],[127.19923,37.52074],[127.19922,37.52038],[127.19925,37.52023],[127.1996,37.51949],[127.19972,37.5193],[127.1998,37.5191],[127.19985,37.51892],[127.19988,37.51876],[127.19987,37.51859],[127.19982,37.51839],[127.19974,37.51821],[127.19932,37.51756],[127.19916,37.51717],[127.19842,37.51596],[127.19815,37.51538],[127.19858,37.5159],[127.19936,37.5171],[127.19963,37.5174],[127.20016,37.51811],[127.20033,37.51836],[127.20042,37.51863],[127.20046,37.51881],[127.2005,37.51904],[127.20021,37.51943],[127.20004,37.51971],[127.19983,37.5198],[127.19964,37.52021],[127.19961,37.52053],[127.19962,37.52085],[127.19969,37.52152],[127.19981,37.52241],[127.1998,37.52256],[127.1998,37.52273],[127.19958,37.52382],[127.19923,37.52456],[127.19908,37.52496],[127.19896,37.52531],[127.19896,37.52544],[127.19897,37.52554],[127.1991,37.52588],[127.19946,37.52661],[127.1998,37.52723],[127.20031,37.52822],[127.20048,37.52842],[127.20145,37.5299],[127.20177,37.53055],[127.20213,37.53137],[127.20247,37.53218],[127.20278,37.53258],[127.20222,37.53244]]]}},{"type":"Feature","properties":{"id":721514786},"geometry":{"type":"Polygon","coordinates":[[[127.07197,37.6018],[127.07214,37.6018],[127.07221,37.60216],[127.07222,37.60245],[127.07219,37.60296],[127.07195,37.60413],[127.07162,37.60584],[127.07141,37.60724],[127.07131,37.60739],[127.0711,37.60742],[127.07092,37.60743],[127.07097,37.60635],[127.07104,37.60569],[127.0714,37.60393],[127.0716,37.60284],[127.07182,37.60286],[127.07197,37.6018]]]}},{"type":"Feature","properties":{"id":721516657},"geometry":{"type":"Polygon","coordinates":[[[127.06823,37.60221],[127.06849,37.60222],[127.0685,37.60206],[127.06899,37.60207],[127.06902,37.60161],[127.06919,37.60114],[127.06961,37.60066],[127.06999,37.60035],[127.06995,37.60032],[127.06946,37.60064],[127.06899,37.60104],[127.06857,37.60153],[127.06829,37.60199],[127.06823,37.60221]]]}},{"type":"Feature","properties":{"id":721842605},"geometry":{"type":"Polygon","coordinates":[[[127.07126,37.60179],[127.07145,37.60179],[127.07138,37.60264],[127.07082,37.60597],[127.07067,37.60855],[127.07063,37.6093],[127.07058,37.60983],[127.07048,37.61049],[127.07042,37.61137],[127.07042,37.61148],[127.07041,37.61158],[127.07041,37.61171],[127.07042,37.61182],[127.07043,37.61192],[127.07048,37.61227],[127.07048,37.6123],[127.0704,37.61282],[127.07034,37.61321],[127.07022,37.61333],[127.07011,37.6135],[127.0694,37.61413],[127.06897,37.61433],[127.06846,37.61439],[127.06793,37.61445],[127.06726,37.61439],[127.06633,37.61412],[127.06647,37.61386],[127.0672,37.61422],[127.06779,37.61429],[127.06842,37.61418],[127.06942,37.61382],[127.0697,37.61361],[127.07015,37.61315],[127.07028,37.61279],[127.07036,37.60999],[127.07027,37.60745],[127.07036,37.60673],[127.07079,37.60486],[127.07098,37.60409],[127.07123,37.60269],[127.0713,37.60213],[127.07126,37.60179]]]}},{"type":"Feature","properties":{"id":721845672},"geometry":{"type":"Polygon","coordinates":[[[127.06754,37.60308],[127.06761,37.60311],[127.06765,37.60311],[127.06775,37.60408],[127.06768,37.60642],[127.06768,37.60719],[127.06742,37.60715],[127.06741,37.60504],[127.0674,37.60459],[127.06754,37.60308]]]}},{"type":"Feature","properties":{"id":724284515},"geometry":{"type":"Polygon","coordinates":[[[127.04765,37.69809],[127.04892,37.69699],[127.04947,37.69669],[127.04954,37.69672],[127.04944,37.69745],[127.04937,37.69792],[127.0493,37.69854],[127.04932,37.69934],[127.04943,37.69999],[127.04947,37.70043],[127.04969,37.70087],[127.04989,37.70119],[127.04797,37.70087],[127.04781,37.70053],[127.04772,37.70008],[127.04767,37.69955],[127.04765,37.69809]]]}},{"type":"Feature","properties":{"id":724518820},"geometry":{"type":"Polygon","coordinates":[[[127.18025,37.57625],[127.18019,37.57638],[127.18009,37.57658],[127.18007,37.57663],[127.18004,37.57669],[127.17963,37.57754],[127.17958,37.57755],[127.17931,37.57749],[127.17933,37.5774],[127.17908,37.57737],[127.17907,37.57741],[127.17879,37.57737],[127.17873,37.57763],[127.1792,37.57769],[127.17922,37.57759],[127.17928,37.5776],[127.1793,37.57755],[127.17935,37.57756],[127.17956,37.57761],[127.17957,37.57765],[127.17937,37.57809],[127.1793,37.57814],[127.17922,37.57816],[127.17923,37.57819],[127.17912,37.57819],[127.17862,37.5781],[127.17832,37.57808],[127.17744,37.578],[127.17718,37.57794],[127.17647,37.57778],[127.17539,37.57752],[127.17559,37.57714],[127.17561,37.57706],[127.17568,37.57668],[127.17569,37.57666],[127.17569,37.57664],[127.17577,37.57619],[127.17577,37.57615],[127.17578,37.57613],[127.17587,37.57559],[127.17588,37.57556],[127.17589,37.57553],[127.17591,37.57541],[127.17594,37.57525],[127.17597,37.57508],[127.17608,37.57504],[127.17669,37.5752],[127.17666,37.57527],[127.17652,37.57563],[127.1765,37.57569],[127.17636,37.57605],[127.1764,37.57613],[127.17758,37.57644],[127.17767,37.5764],[127.17806,37.57558],[127.17816,37.5756],[127.17825,37.57563],[127.17941,37.57593],[127.17953,37.576],[127.1797,37.57604],[127.17982,37.57605],[127.17997,37.57609],[127.18,37.5761],[127.18019,37.57615],[127.18024,37.57617],[127.18026,37.57621],[127.18025,37.57625]]]}},{"type":"Feature","properties":{"id":724520855},"geometry":{"type":"Polygon","coordinates":[[[127.18561,37.56657],[127.18724,37.56663],[127.1875,37.56665],[127.1876,37.56666],[127.18773,37.56666],[127.18786,37.56668],[127.18814,37.56673],[127.18839,37.56605],[127.18849,37.5658],[127.18858,37.56553],[127.18901,37.56564],[127.18914,37.56532],[127.18959,37.56423],[127.18965,37.56408],[127.18943,37.56402],[127.18944,37.56305],[127.18954,37.56268],[127.18982,37.56216],[127.19038,37.56159],[127.19049,37.5614],[127.19053,37.56115],[127.19055,37.56076],[127.19054,37.56046],[127.19092,37.56043],[127.19094,37.56022],[127.19079,37.56016],[127.19047,37.56014],[127.19031,37.56012],[127.19024,37.56012],[127.19009,37.56011],[127.1895,37.56012],[127.18862,37.56019],[127.18842,37.56022],[127.18821,37.56022],[127.18804,37.56021],[127.18777,37.5602],[127.18771,37.56023],[127.18769,37.56025],[127.18768,37.56029],[127.18766,37.56043],[127.18761,37.56061],[127.18759,37.56067],[127.18758,37.5607],[127.18753,37.56087],[127.1874,37.56115],[127.18735,37.56126],[127.18733,37.56132],[127.18711,37.56175],[127.18703,37.56188],[127.18686,37.56222],[127.18678,37.56237],[127.1867,37.56252],[127.1864,37.5631],[127.18617,37.56353],[127.18616,37.56371],[127.18605,37.56397],[127.18594,37.56413],[127.18589,37.56421],[127.18583,37.56449],[127.18581,37.5647],[127.18575,37.56515],[127.1857,37.56552],[127.18569,37.56566],[127.18566,37.56611],[127.18561,37.56657]]]}},{"type":"Feature","properties":{"id":724520856},"geometry":{"type":"Polygon","coordinates":[[[127.17853,37.57071],[127.17885,37.57077],[127.17896,37.57061],[127.17977,37.57045],[127.18009,37.57054],[127.18031,37.57012],[127.18207,37.56937],[127.18264,37.56906],[127.18282,37.56911],[127.1836,37.56796],[127.18407,37.56816],[127.18423,37.56787],[127.18447,37.56776],[127.18471,37.56784],[127.18496,37.56718],[127.18504,37.56696],[127.18491,37.5669],[127.18249,37.56686],[127.18245,37.56829],[127.18209,37.5687],[127.18128,37.56907],[127.17914,37.569],[127.17896,37.56936],[127.17873,37.56976],[127.17861,37.57001],[127.17857,37.57015],[127.17852,37.57042],[127.1785,37.57048],[127.17848,37.57062],[127.17853,37.57071]]]}},{"type":"Feature","properties":{"id":725217523},"geometry":{"type":"Polygon","coordinates":[[[126.82426,37.49628],[126.82469,37.49673],[126.82491,37.49656],[126.82501,37.49653],[126.82548,37.49651],[126.82548,37.49641],[126.82561,37.49641],[126.82576,37.49641],[126.82575,37.4965],[126.82581,37.49659],[126.82578,37.49668],[126.82568,37.4967],[126.82536,37.4967],[126.82519,37.49669],[126.82501,37.49667],[126.825,37.49659],[126.82479,37.49671],[126.82471,37.49674],[126.82478,37.49677],[126.82506,37.49671],[126.82509,37.49675],[126.82557,37.49675],[126.82573,37.49673],[126.82586,37.49672],[126.826,37.4967],[126.826,37.49665],[126.82601,37.49662],[126.82592,37.49662],[126.82583,37.49643],[126.82582,37.49639],[126.82576,37.49631],[126.8258,37.49625],[126.82571,37.49618],[126.82571,37.49614],[126.82557,37.49603],[126.82523,37.49624],[126.82523,37.49629],[126.82483,37.49654],[126.82442,37.49618],[126.82426,37.49628]]]}},{"type":"Feature","properties":{"id":725217531},"geometry":{"type":"Polygon","coordinates":[[[126.82794,37.49582],[126.82799,37.49572],[126.828,37.4957],[126.82796,37.49568],[126.82797,37.49567],[126.82804,37.49568],[126.82805,37.49565],[126.82782,37.49555],[126.82788,37.49545],[126.82791,37.4954],[126.82797,37.49528],[126.82804,37.49519],[126.8281,37.4951],[126.82812,37.49505],[126.82819,37.49495],[126.82825,37.49485],[126.82829,37.49478],[126.82836,37.49468],[126.82839,37.49461],[126.8284,37.49458],[126.82848,37.49451],[126.82851,37.49446],[126.82852,37.49445],[126.82858,37.49447],[126.82865,37.49437],[126.82868,37.49431],[126.82882,37.49433],[126.82887,37.49429],[126.82892,37.49421],[126.82894,37.4942],[126.82904,37.49422],[126.8291,37.49416],[126.82917,37.49407],[126.82927,37.49408],[126.82932,37.49404],[126.82939,37.49394],[126.82975,37.49408],[126.82981,37.49407],[126.82985,37.49407],[126.82989,37.49402],[126.82997,37.49406],[126.83001,37.49403],[126.83006,37.49395],[126.83007,37.49393],[126.82984,37.49386],[126.82982,37.49383],[126.82918,37.49377],[126.82843,37.49417],[126.82746,37.49545],[126.82763,37.49552],[126.82774,37.49566],[126.82775,37.49579],[126.82793,37.49586],[126.82835,37.49601],[126.82837,37.49597],[126.82794,37.49582]]]}},{"type":"Feature","properties":{"id":725217533},"geometry":{"type":"Polygon","coordinates":[[[126.82385,37.4962],[126.82347,37.49587],[126.82384,37.49576],[126.82429,37.49568],[126.82463,37.49563],[126.82481,37.49558],[126.8252,37.49521],[126.82533,37.49537],[126.82534,37.4954],[126.82385,37.4962]]]}},{"type":"Feature","properties":{"id":729438785},"geometry":{"type":"Polygon","coordinates":[[[127.07899,37.66208],[127.07936,37.66184],[127.08014,37.66186],[127.08051,37.66247],[127.08075,37.66349],[127.08008,37.66371],[127.07927,37.66327],[127.07911,37.66285],[127.07905,37.6627],[127.07912,37.6625],[127.0791,37.66245],[127.07899,37.66208]]]}},{"type":"Feature","properties":{"id":733620651},"geometry":{"type":"Polygon","coordinates":[[[126.94926,37.45597],[126.9494,37.45551],[126.94963,37.45554],[126.94972,37.45527],[126.94961,37.45524],[126.94918,37.45545],[126.94908,37.45594],[126.94926,37.45597]]]}},{"type":"Feature","properties":{"id":739461900},"geometry":{"type":"Polygon","coordinates":[[[126.89711,37.48397],[126.89663,37.48418],[126.89674,37.48445],[126.89684,37.4846],[126.8969,37.48463],[126.89671,37.48472],[126.89677,37.48481],[126.89712,37.48466],[126.89716,37.4847],[126.89751,37.48454],[126.89711,37.48397]]]}},{"type":"Feature","properties":{"id":742756292},"geometry":{"type":"Polygon","coordinates":[[[126.84175,37.47623],[126.84217,37.47657],[126.84177,37.47688],[126.84047,37.47589],[126.84035,37.47576],[126.84024,37.47561],[126.84017,37.47541],[126.84013,37.47486],[126.84058,37.47475],[126.84098,37.47468],[126.84187,37.47491],[126.84251,37.47492],[126.84295,37.47612],[126.84266,37.4762],[126.84225,37.47584],[126.84175,37.47623]]]}},{"type":"Feature","properties":{"id":744234655},"geometry":{"type":"Polygon","coordinates":[[[126.71481,37.62212],[126.71457,37.62183],[126.71515,37.62152],[126.71536,37.6218],[126.71481,37.62212]]]}},{"type":"Feature","properties":{"id":748894928},"geometry":{"type":"Polygon","coordinates":[[[126.88139,37.54677],[126.88177,37.54724],[126.88219,37.54775],[126.88296,37.54747],[126.88603,37.54599],[126.88653,37.5454],[126.88671,37.54443],[126.88888,37.54022],[126.89099,37.53619],[126.89111,37.53591],[126.89121,37.53564],[126.8913,37.53502],[126.89134,37.53429],[126.89106,37.53318],[126.88954,37.53078],[126.88934,37.53032],[126.88901,37.53006],[126.88805,37.52879],[126.88667,37.52789],[126.88316,37.52665],[126.88272,37.52639],[126.8821,37.52589],[126.88178,37.52556],[126.88129,37.52482],[126.88108,37.52416],[126.88116,37.5235],[126.88106,37.52337],[126.8811,37.52299],[126.88148,37.5203],[126.88157,37.51978],[126.88175,37.51841],[126.88204,37.51778],[126.88207,37.51708],[126.88195,37.51654],[126.88177,37.51642],[126.88172,37.5163],[126.88169,37.51623],[126.88165,37.51615],[126.88127,37.5153],[126.88005,37.51389],[126.87844,37.51209],[126.87831,37.51189],[126.87623,37.50955],[126.87465,37.50774],[126.8744,37.50737],[126.87445,37.50712],[126.8742,37.50664],[126.87363,37.50482],[126.87168,37.49925],[126.87136,37.49819],[126.87121,37.49769],[126.87111,37.49699],[126.86834,37.4958],[126.86818,37.49686],[126.86838,37.49787],[126.86857,37.4983],[126.86895,37.49912],[126.86952,37.50065],[126.87029,37.50254],[126.87093,37.50478],[126.87157,37.50665],[126.87246,37.50906],[126.87277,37.50968],[126.873,37.50997],[126.87565,37.51291],[126.87707,37.51442],[126.87729,37.51527],[126.87762,37.51814],[126.87772,37.51969],[126.87817,37.52071],[126.87859,37.52166],[126.87856,37.5221],[126.8783,37.52391],[126.87811,37.52506],[126.87815,37.5255],[126.87825,37.52576],[126.87874,37.52636],[126.87952,37.52723],[126.88026,37.52822],[126.88038,37.5284],[126.88086,37.52881],[126.88113,37.52894],[126.88162,37.52901],[126.88227,37.52894],[126.88257,37.52892],[126.88315,37.52898],[126.88352,37.52909],[126.88415,37.52932],[126.88527,37.52976],[126.88617,37.53027],[126.88666,37.53082],[126.88692,37.5313],[126.88755,37.53259],[126.88821,37.53368],[126.88849,37.53424],[126.88863,37.53465],[126.88861,37.5351],[126.88845,37.53555],[126.88797,37.5363],[126.88687,37.53804],[126.88625,37.53904],[126.88594,37.53959],[126.88467,37.54248],[126.88375,37.54371],[126.88286,37.54513],[126.88245,37.54563],[126.88139,37.54677]]]}},{"type":"Feature","properties":{"id":750361672},"geometry":{"type":"Polygon","coordinates":[[[127.04055,37.60129],[127.04036,37.60155],[127.03999,37.60187],[127.03994,37.60183],[127.04,37.60178],[127.04011,37.60168],[127.04019,37.6016],[127.04029,37.6015],[127.04036,37.60138],[127.04043,37.60127],[127.04047,37.60117],[127.04054,37.6011],[127.0406,37.60103],[127.04069,37.60104],[127.04076,37.60101],[127.0408,37.60102],[127.04084,37.60105],[127.04123,37.60178],[127.04113,37.6018],[127.04097,37.60156],[127.04087,37.60148],[127.04055,37.60129]]]}},{"type":"Feature","properties":{"id":750362083},"geometry":{"type":"Polygon","coordinates":[[[127.04326,37.61006],[127.04335,37.61015],[127.04362,37.61016],[127.04372,37.61009],[127.04375,37.60989],[127.0438,37.60954],[127.04377,37.60943],[127.0437,37.60938],[127.04357,37.60935],[127.04343,37.60936],[127.04336,37.60942],[127.04329,37.60956],[127.04326,37.60988],[127.04326,37.61006]]]}},{"type":"Feature","properties":{"id":750669168},"geometry":{"type":"Polygon","coordinates":[[[127.04191,37.59204],[127.0419,37.59144],[127.0425,37.59151],[127.04365,37.59184],[127.04377,37.59187],[127.04388,37.59187],[127.04503,37.59183],[127.04516,37.5929],[127.04536,37.59349],[127.04575,37.59359],[127.04591,37.59403],[127.04588,37.59442],[127.04583,37.59488],[127.04576,37.5954],[127.04664,37.59583],[127.04721,37.59561],[127.04744,37.59526],[127.04763,37.59589],[127.04731,37.59616],[127.04737,37.59652],[127.04781,37.59674],[127.04789,37.59731],[127.04828,37.59743],[127.04862,37.5978],[127.04881,37.59788],[127.04909,37.59841],[127.04907,37.59879],[127.0495,37.5991],[127.04969,37.59966],[127.05039,37.60012],[127.05042,37.60059],[127.05137,37.60132],[127.05145,37.60111],[127.0529,37.60254],[127.05258,37.60293],[127.05244,37.60472],[127.0519,37.60504],[127.05162,37.60474],[127.05133,37.60491],[127.05149,37.60528],[127.05132,37.6051],[127.05099,37.60495],[127.05064,37.6047],[127.05041,37.6042],[127.05009,37.60407],[127.04917,37.605],[127.04909,37.6051],[127.04824,37.60502],[127.04836,37.60446],[127.04886,37.60435],[127.04834,37.60388],[127.04775,37.60337],[127.04729,37.60212],[127.04753,37.60208],[127.04644,37.59897],[127.0459,37.59882],[127.04536,37.59747],[127.04412,37.59762],[127.04264,37.59788],[127.04187,37.5965],[127.04156,37.59593],[127.04134,37.59535],[127.04114,37.59482],[127.04066,37.59384],[127.04157,37.59379],[127.04179,37.59327],[127.04189,37.59275],[127.0419,37.59248],[127.04191,37.59204]]]}},{"type":"Feature","properties":{"id":750681079},"geometry":{"type":"Polygon","coordinates":[[[127.03637,37.59966],[127.03676,37.59936],[127.03709,37.59967],[127.03673,37.59994],[127.03637,37.59966]]]}},{"type":"Feature","properties":{"id":750683195},"geometry":{"type":"Polygon","coordinates":[[[127.03805,37.61017],[127.03766,37.60999],[127.03783,37.60977],[127.03779,37.60958],[127.03885,37.60944],[127.03836,37.60989],[127.03805,37.61017]]]}},{"type":"Feature","properties":{"id":751010669},"geometry":{"type":"Polygon","coordinates":[[[127.03978,37.61178],[127.04023,37.61196],[127.04048,37.61198],[127.04053,37.61186],[127.0404,37.61118],[127.04012,37.61125],[127.03978,37.61178]]]}},{"type":"Feature","properties":{"id":751219827},"geometry":{"type":"Polygon","coordinates":[[[126.93243,37.60792],[126.93268,37.60807],[126.93285,37.60799],[126.93296,37.60787],[126.93304,37.60768],[126.93308,37.60751],[126.93305,37.60743],[126.93289,37.60732],[126.9325,37.60783],[126.93243,37.60792]]]}},{"type":"Feature","properties":{"id":751537261},"geometry":{"type":"Polygon","coordinates":[[[127.05359,37.60695],[127.05377,37.60686],[127.05395,37.60676],[127.05416,37.60668],[127.05438,37.60661],[127.05524,37.60732],[127.05528,37.60737],[127.05537,37.60758],[127.05535,37.60762],[127.05528,37.60753],[127.055,37.60738],[127.05489,37.60738],[127.05475,37.60737],[127.0546,37.60736],[127.05453,37.60728],[127.05426,37.60695],[127.05359,37.60695]]]}},{"type":"Feature","properties":{"id":754149193},"geometry":{"type":"Polygon","coordinates":[[[126.82433,37.47778],[126.82421,37.47772],[126.82469,37.47671],[126.82482,37.47677],[126.82461,37.47719],[126.82433,37.47778]]]}},{"type":"Feature","properties":{"id":755916880},"geometry":{"type":"Polygon","coordinates":[[[126.89896,37.42717],[126.89886,37.42714],[126.89857,37.42708],[126.89838,37.42689],[126.89817,37.42687],[126.89799,37.42833],[126.89856,37.42834],[126.8987,37.42788],[126.89889,37.42747],[126.89896,37.42717]]]}},{"type":"Feature","properties":{"id":760728408},"geometry":{"type":"Polygon","coordinates":[[[127.16227,37.56025],[127.1614,37.5581],[127.16235,37.5581],[127.16235,37.56023],[127.16227,37.56025]]]}},{"type":"Feature","properties":{"id":761124442},"geometry":{"type":"Polygon","coordinates":[[[127.1662,37.55782],[127.16596,37.55757],[127.16658,37.55743],[127.1675,37.55755],[127.16704,37.55788],[127.16678,37.55766],[127.1666,37.55757],[127.16648,37.55763],[127.16637,37.55771],[127.1662,37.55782]]]}},{"type":"Feature","properties":{"id":761124449},"geometry":{"type":"Polygon","coordinates":[[[127.16222,37.55688],[127.16024,37.55659],[127.16021,37.55659],[127.16022,37.55661],[127.16053,37.55689],[127.16056,37.5569],[127.1606,37.55688],[127.16078,37.55677],[127.16084,37.55676],[127.1609,37.55677],[127.16099,37.5568],[127.16119,37.55697],[127.16122,37.55699],[127.16127,37.55699],[127.16131,37.55698],[127.16134,37.55696],[127.16143,37.55691],[127.1615,37.55688],[127.16156,37.55688],[127.16163,37.55689],[127.16168,37.55692],[127.16173,37.55696],[127.16177,37.55701],[127.16182,37.55705],[127.16191,37.55711],[127.16197,37.55712],[127.16203,37.55709],[127.16228,37.55693],[127.16222,37.55688]]]}},{"type":"Feature","properties":{"id":761504055},"geometry":{"type":"Polygon","coordinates":[[[127.09119,37.60665],[127.09099,37.60683],[127.09082,37.60702],[127.09067,37.60713],[127.09041,37.6074],[127.09037,37.60753],[127.09035,37.60771],[127.09048,37.60799],[127.09064,37.60813],[127.09074,37.60823],[127.09107,37.6083],[127.09145,37.60834],[127.09189,37.60841],[127.09227,37.6084],[127.09254,37.6083],[127.0929,37.60805],[127.0929,37.60761],[127.09287,37.60735],[127.09264,37.60707],[127.09239,37.6069],[127.09227,37.60681],[127.09218,37.60674],[127.09211,37.60669],[127.09206,37.60665],[127.09197,37.60658],[127.09164,37.60624],[127.09153,37.60641],[127.09119,37.60665]]]}},{"type":"Feature","properties":{"id":761507108},"geometry":{"type":"Polygon","coordinates":[[[127.08879,37.61491],[127.0901,37.61401],[127.09025,37.61316],[127.09031,37.613],[127.09029,37.61252],[127.09013,37.61237],[127.09006,37.61227],[127.08996,37.61221],[127.09003,37.61184],[127.09001,37.61169],[127.08995,37.61154],[127.09006,37.61137],[127.09013,37.61124],[127.0901,37.611],[127.08995,37.61085],[127.08964,37.61085],[127.08937,37.61084],[127.08908,37.61086],[127.08895,37.61083],[127.08872,37.61082],[127.08829,37.61081],[127.08821,37.61095],[127.0881,37.61107],[127.08789,37.61154],[127.08759,37.61185],[127.08754,37.61196],[127.08744,37.61219],[127.08731,37.61247],[127.08724,37.61267],[127.08714,37.61285],[127.08703,37.61299],[127.08689,37.61313],[127.0867,37.61326],[127.08656,37.61331],[127.08624,37.61342],[127.08615,37.6135],[127.08621,37.6148],[127.08769,37.61485],[127.08868,37.61497],[127.08879,37.61491]]]}},{"type":"Feature","properties":{"id":761518207},"geometry":{"type":"Polygon","coordinates":[[[127.10238,37.59554],[127.10245,37.59567],[127.10267,37.5959],[127.10293,37.59617],[127.1031,37.5962],[127.10341,37.59622],[127.10346,37.59595],[127.10378,37.59564],[127.10415,37.59564],[127.10461,37.59536],[127.10481,37.59524],[127.10557,37.59606],[127.10653,37.5963],[127.10736,37.59613],[127.10818,37.59455],[127.10833,37.59339],[127.10786,37.59292],[127.10595,37.59205],[127.10476,37.59237],[127.10382,37.59261],[127.10357,37.59268],[127.1034,37.59328],[127.10374,37.59356],[127.10393,37.59382],[127.10392,37.59386],[127.10379,37.59478],[127.10356,37.59486],[127.10335,37.59488],[127.10303,37.59482],[127.10294,37.59509],[127.1025,37.59526],[127.10248,37.59539],[127.10241,37.59548],[127.10241,37.59549],[127.10238,37.59554]]]}},{"type":"Feature","properties":{"id":761518431},"geometry":{"type":"Polygon","coordinates":[[[127.1102,37.60015],[127.11081,37.59953],[127.11083,37.59883],[127.11106,37.59834],[127.11141,37.59854],[127.11196,37.59861],[127.11241,37.59885],[127.11244,37.59951],[127.1128,37.60022],[127.11295,37.60045],[127.11236,37.60024],[127.11183,37.60012],[127.11115,37.60011],[127.11058,37.60014],[127.1102,37.60015]]]}},{"type":"Feature","properties":{"id":761521223},"geometry":{"type":"Polygon","coordinates":[[[127.0967,37.61229],[127.0979,37.61232],[127.09782,37.61096],[127.098,37.61048],[127.09873,37.60941],[127.09974,37.60939],[127.10084,37.60941],[127.10094,37.61039],[127.10092,37.61071],[127.10093,37.61089],[127.10101,37.61218],[127.10104,37.61242],[127.10015,37.61242],[127.09996,37.61242],[127.09985,37.61237],[127.09987,37.61295],[127.09987,37.61298],[127.1003,37.61287],[127.10122,37.61288],[127.10096,37.60918],[127.10078,37.60898],[127.10025,37.60838],[127.0999,37.60833],[127.09976,37.60831],[127.09963,37.60845],[127.09901,37.60896],[127.09867,37.60933],[127.09768,37.61076],[127.09774,37.61097],[127.09745,37.61118],[127.09711,37.61143],[127.09685,37.61179],[127.09662,37.61192],[127.0967,37.61229]]]}},{"type":"Feature","properties":{"id":761522382},"geometry":{"type":"Polygon","coordinates":[[[127.08889,37.62262],[127.08861,37.62304],[127.08863,37.62311],[127.08802,37.62403],[127.08771,37.62391],[127.08757,37.62384],[127.08761,37.62377],[127.0874,37.62367],[127.08757,37.62331],[127.0878,37.62296],[127.0882,37.62233],[127.08889,37.62262]]]}},{"type":"Feature","properties":{"id":761522598},"geometry":{"type":"Polygon","coordinates":[[[127.08702,37.62129],[127.08695,37.6213],[127.08499,37.62051],[127.08498,37.62049],[127.08497,37.62046],[127.085,37.62041],[127.08504,37.62038],[127.08513,37.62031],[127.08524,37.62027],[127.08596,37.6203],[127.08661,37.62028],[127.08748,37.62017],[127.0873,37.62064],[127.08707,37.62125],[127.08702,37.62129]]]}},{"type":"Feature","properties":{"id":761523644},"geometry":{"type":"Polygon","coordinates":[[[127.10366,37.59127],[127.10366,37.59136],[127.10358,37.59137],[127.10347,37.59147],[127.10394,37.59183],[127.10428,37.59165],[127.10451,37.59151],[127.10463,37.59124],[127.10468,37.59101],[127.10457,37.59083],[127.10434,37.59072],[127.10382,37.59078],[127.10346,37.59088],[127.10335,37.59099],[127.10354,37.59103],[127.10351,37.59124],[127.10366,37.59127]]]}},{"type":"Feature","properties":{"id":761529115},"geometry":{"type":"Polygon","coordinates":[[[127.08352,37.5834],[127.08366,37.58344],[127.08354,37.58376],[127.08347,37.584],[127.08342,37.58434],[127.08341,37.58465],[127.08318,37.58464],[127.08318,37.58443],[127.0832,37.58417],[127.08335,37.58362],[127.08352,37.5834]]]}},{"type":"Feature","properties":{"id":761530207},"geometry":{"type":"Polygon","coordinates":[[[127.08374,37.58762],[127.08399,37.58769],[127.08404,37.58779],[127.08436,37.5887],[127.08418,37.58886],[127.08392,37.5882],[127.08374,37.58762]]]}},{"type":"Feature","properties":{"id":761530208},"geometry":{"type":"Polygon","coordinates":[[[127.08426,37.58895],[127.08442,37.58884],[127.08462,37.5893],[127.08497,37.59012],[127.08522,37.59057],[127.08528,37.59064],[127.08521,37.59067],[127.08489,37.59015],[127.08426,37.58895]]]}},{"type":"Feature","properties":{"id":761530209},"geometry":{"type":"Polygon","coordinates":[[[127.0853,37.59082],[127.08536,37.59074],[127.08605,37.59178],[127.08603,37.59184],[127.0853,37.59082]]]}},{"type":"Feature","properties":{"id":761530210},"geometry":{"type":"Polygon","coordinates":[[[127.08652,37.59243],[127.08673,37.59172],[127.08631,37.59161],[127.08606,37.59151],[127.08587,37.59139],[127.08617,37.59185],[127.08652,37.59243]]]}},{"type":"Feature","properties":{"id":761532343},"geometry":{"type":"Polygon","coordinates":[[[127.0723,37.58811],[127.07225,37.58817],[127.07201,37.58806],[127.07259,37.58735],[127.07281,37.58709],[127.0731,37.58673],[127.07331,37.58648],[127.07363,37.58608],[127.07411,37.5855],[127.07502,37.58439],[127.07523,37.58415],[127.07549,37.58427],[127.0753,37.5845],[127.07321,37.58703],[127.07233,37.58813],[127.0723,37.58811]]]}},{"type":"Feature","properties":{"id":761532703},"geometry":{"type":"Polygon","coordinates":[[[127.08079,37.58828],[127.08147,37.5889],[127.08083,37.58921],[127.08082,37.58909],[127.08079,37.58828]]]}},{"type":"Feature","properties":{"id":761550520},"geometry":{"type":"Polygon","coordinates":[[[127.09523,37.60352],[127.09546,37.60253],[127.09583,37.60256],[127.09556,37.60354],[127.09523,37.60352]]]}},{"type":"Feature","properties":{"id":765423056},"geometry":{"type":"Polygon","coordinates":[[[126.78691,37.6546],[126.78712,37.65425],[126.7874,37.65377],[126.78744,37.65369],[126.78821,37.6524],[126.78811,37.65237],[126.78801,37.65233],[126.78799,37.65232],[126.78793,37.6523],[126.78782,37.65248],[126.78773,37.65264],[126.78759,37.65287],[126.78734,37.6533],[126.7871,37.65367],[126.7868,37.65418],[126.78661,37.6545],[126.78669,37.65453],[126.78671,37.65453],[126.78677,37.65456],[126.78684,37.65458],[126.78691,37.6546]]]}},{"type":"Feature","properties":{"id":765423057},"geometry":{"type":"Polygon","coordinates":[[[126.78583,37.65575],[126.78596,37.6558],[126.78608,37.65584],[126.78616,37.65587],[126.78597,37.6562],[126.78567,37.65673],[126.78539,37.65721],[126.785,37.65789],[126.78497,37.65794],[126.78495,37.65798],[126.78494,37.65797],[126.78486,37.65795],[126.78481,37.65793],[126.78479,37.65792],[126.78474,37.6579],[126.78461,37.65785],[126.78466,37.65775],[126.78502,37.65713],[126.78531,37.65664],[126.7856,37.65615],[126.78583,37.65575]]]}},{"type":"Feature","properties":{"id":765883810},"geometry":{"type":"Polygon","coordinates":[[[127.06287,37.63744],[127.0634,37.63759],[127.06383,37.6367],[127.0633,37.63654],[127.06287,37.63744]]]}},{"type":"Feature","properties":{"id":765941444},"geometry":{"type":"Polygon","coordinates":[[[127.11659,37.48952],[127.11649,37.48977],[127.11732,37.49],[127.11742,37.48976],[127.11659,37.48952]]]}},{"type":"Feature","properties":{"id":766905412},"geometry":{"type":"Polygon","coordinates":[[[126.99425,37.56036],[126.99426,37.56037],[126.99429,37.56043],[126.99435,37.56036],[126.9943,37.56022],[126.99438,37.5602],[126.99443,37.56018],[126.99442,37.56015],[126.99436,37.56017],[126.99434,37.56013],[126.99434,37.56013],[126.99431,37.56008],[126.99448,37.56003],[126.99449,37.56003],[126.99464,37.55998],[126.99464,37.55998],[126.99466,37.55997],[126.99468,37.55996],[126.99468,37.55996],[126.99468,37.55997],[126.99471,37.56002],[126.99474,37.56008],[126.99476,37.56007],[126.99477,37.56007],[126.9948,37.56007],[126.99481,37.56007],[126.99493,37.56002],[126.99493,37.56002],[126.99483,37.55977],[126.99473,37.55976],[126.99471,37.55985],[126.99452,37.55983],[126.99455,37.55972],[126.9945,37.55971],[126.9945,37.55979],[126.99445,37.55982],[126.99439,37.55984],[126.99434,37.55985],[126.99431,37.55985],[126.99431,37.55972],[126.99425,37.55972],[126.99424,37.55972],[126.99419,37.55974],[126.99421,37.55993],[126.99421,37.55994],[126.99424,37.55998],[126.99426,37.56033],[126.99425,37.56036]]]}},{"type":"Feature","properties":{"id":767063622},"geometry":{"type":"Polygon","coordinates":[[[126.98791,37.56098],[126.98797,37.56097],[126.98798,37.56097],[126.98802,37.56095],[126.98805,37.56094],[126.98818,37.56088],[126.98821,37.56086],[126.98828,37.56082],[126.9883,37.5608],[126.98836,37.56074],[126.9884,37.56068],[126.98842,37.56062],[126.98845,37.56055],[126.98846,37.56046],[126.98847,37.56034],[126.98848,37.56017],[126.98847,37.56012],[126.98836,37.55987],[126.98834,37.55983],[126.98835,37.55978],[126.98838,37.55974],[126.98852,37.55961],[126.98871,37.55953],[126.98897,37.55943],[126.98915,37.55934],[126.98921,37.5593],[126.98925,37.55924],[126.98925,37.55923],[126.98926,37.55919],[126.98924,37.55915],[126.98926,37.55915],[126.9893,37.55912],[126.98936,37.5591],[126.98937,37.55909],[126.98941,37.55918],[126.98945,37.55925],[126.98952,37.55925],[126.98956,37.55926],[126.9896,37.55927],[126.98967,37.55934],[126.98974,37.55945],[126.98979,37.55954],[126.98982,37.5596],[126.98986,37.55954],[126.98988,37.5595],[126.98989,37.55946],[126.98995,37.55941],[126.99004,37.55957],[126.9901,37.55965],[126.99007,37.55969],[126.99005,37.55971],[126.99003,37.55974],[126.99,37.55978],[126.98997,37.55981],[126.98993,37.55984],[126.98991,37.55986],[126.98987,37.5599],[126.98984,37.55993],[126.98978,37.55995],[126.98974,37.55997],[126.98968,37.56001],[126.98957,37.56006],[126.98947,37.56013],[126.98938,37.56023],[126.98922,37.56041],[126.98916,37.56048],[126.98913,37.56053],[126.989,37.56077],[126.98892,37.56094],[126.9889,37.56098],[126.98889,37.561],[126.98887,37.56103],[126.98883,37.56106],[126.98881,37.56107],[126.98877,37.56108],[126.98872,37.56108],[126.98867,37.56108],[126.98842,37.56105],[126.9882,37.56103],[126.98816,37.56102],[126.98807,37.56101],[126.98798,37.56099],[126.98791,37.56098]]]}},{"type":"Feature","properties":{"id":767748670},"geometry":{"type":"Polygon","coordinates":[[[127.16521,37.54981],[127.16462,37.54953],[127.16554,37.54838],[127.16592,37.54849],[127.16621,37.54856],[127.16567,37.54909],[127.1655,37.54926],[127.16538,37.54944],[127.16528,37.54961],[127.16521,37.54981]]]}},{"type":"Feature","properties":{"id":767761517},"geometry":{"type":"Polygon","coordinates":[[[126.82412,37.48204],[126.82209,37.48052],[126.82212,37.48048],[126.82214,37.48044],[126.82224,37.4803],[126.8224,37.48009],[126.8225,37.48006],[126.82454,37.48169],[126.82447,37.48174],[126.82423,37.48195],[126.82419,37.48198],[126.82416,37.48201],[126.82412,37.48204]]]}},{"type":"Feature","properties":{"id":767806599},"geometry":{"type":"Polygon","coordinates":[[[127.16724,37.54734],[127.16722,37.54699],[127.16804,37.54692],[127.16806,37.54717],[127.16811,37.54733],[127.16819,37.54746],[127.16834,37.54761],[127.16848,37.54774],[127.16875,37.54795],[127.16854,37.54787],[127.16841,37.54783],[127.1683,37.5478],[127.16822,37.54777],[127.16812,37.54772],[127.16798,37.54762],[127.16769,37.54745],[127.16724,37.54734]]]}},{"type":"Feature","properties":{"id":767809743},"geometry":{"type":"Polygon","coordinates":[[[127.16798,37.55141],[127.16786,37.55147],[127.16752,37.55148],[127.16731,37.55127],[127.16714,37.5511],[127.16712,37.55102],[127.16743,37.55084],[127.16749,37.55085],[127.16763,37.55076],[127.16742,37.55057],[127.16734,37.55055],[127.16735,37.55047],[127.16773,37.55046],[127.16801,37.55045],[127.16816,37.55045],[127.16822,37.55045],[127.16845,37.55047],[127.16848,37.55048],[127.1685,37.5505],[127.16851,37.55052],[127.16818,37.55157],[127.16798,37.55141]]]}},{"type":"Feature","properties":{"id":767813121},"geometry":{"type":"Polygon","coordinates":[[[127.14177,37.55691],[127.14114,37.55624],[127.14236,37.55623],[127.14177,37.55691]]]}},{"type":"Feature","properties":{"id":767813454},"geometry":{"type":"Polygon","coordinates":[[[127.0948,37.48397],[127.09514,37.48397],[127.09536,37.48421],[127.09583,37.48429],[127.09621,37.48445],[127.09618,37.48436],[127.09628,37.48431],[127.09618,37.48425],[127.09602,37.48426],[127.09572,37.48382],[127.09588,37.48348],[127.09594,37.48331],[127.09584,37.48319],[127.09472,37.48313],[127.09473,37.48351],[127.0948,37.48397]]]}},{"type":"Feature","properties":{"id":767865947},"geometry":{"type":"Polygon","coordinates":[[[126.98943,37.55928],[126.98951,37.55927],[126.98955,37.55928],[126.98959,37.5593],[126.98964,37.55934],[126.98971,37.55946],[126.98972,37.55953],[126.9897,37.55959],[126.98965,37.55966],[126.98952,37.55978],[126.98938,37.55987],[126.98918,37.55997],[126.98913,37.55998],[126.9891,37.55997],[126.98908,37.55996],[126.98907,37.55994],[126.98906,37.55991],[126.98907,37.55988],[126.98916,37.55978],[126.98927,37.55967],[126.98932,37.55961],[126.98938,37.55949],[126.9894,37.55944],[126.98943,37.55932],[126.98943,37.55928]]]}},{"type":"Feature","properties":{"id":767869618},"geometry":{"type":"Polygon","coordinates":[[[126.97889,37.56524],[126.97888,37.56523],[126.97899,37.56519],[126.97891,37.56502],[126.97883,37.56505],[126.9788,37.56506],[126.97879,37.56504],[126.97882,37.56503],[126.97909,37.56495],[126.97913,37.56494],[126.97905,37.56473],[126.97943,37.56465],[126.97949,37.56464],[126.97952,37.56464],[126.97958,37.56464],[126.97963,37.56465],[126.97969,37.56466],[126.98038,37.56489],[126.98033,37.56496],[126.98013,37.5649],[126.9801,37.56498],[126.98005,37.56505],[126.97997,37.56512],[126.97991,37.56515],[126.97988,37.56515],[126.97988,37.56521],[126.97989,37.56524],[126.9797,37.56522],[126.97966,37.56532],[126.97964,37.56536],[126.97959,37.56534],[126.97954,37.56533],[126.9795,37.56531],[126.97946,37.56529],[126.97943,37.56527],[126.9794,37.56525],[126.97938,37.56523],[126.97937,37.56522],[126.97935,37.56521],[126.97932,37.56519],[126.9793,37.56517],[126.97928,37.56515],[126.97925,37.56512],[126.97924,37.56511],[126.97898,37.56521],[126.97891,37.56524],[126.97889,37.56524]]]}},{"type":"Feature","properties":{"id":767889286},"geometry":{"type":"Polygon","coordinates":[[[126.97255,37.56767],[126.97253,37.56732],[126.97247,37.56731],[126.97246,37.56715],[126.97267,37.56714],[126.97266,37.5672],[126.97274,37.56722],[126.97309,37.56726],[126.9732,37.56727],[126.97319,37.56727],[126.97315,37.56746],[126.97276,37.56763],[126.97257,37.56769],[126.97255,37.56767]]]}},{"type":"Feature","properties":{"id":767889287},"geometry":{"type":"Polygon","coordinates":[[[126.97319,37.56727],[126.97335,37.56656],[126.97284,37.56659],[126.97284,37.56639],[126.97269,37.5664],[126.97271,37.56654],[126.97275,37.56678],[126.97318,37.56681],[126.97316,37.56693],[126.97309,37.56726],[126.97319,37.56727]]]}},{"type":"Feature","properties":{"id":767889300},"geometry":{"type":"Polygon","coordinates":[[[126.97489,37.56732],[126.97475,37.56718],[126.97475,37.56716],[126.97475,37.56714],[126.97487,37.56706],[126.97489,37.56706],[126.97492,37.56709],[126.97499,37.5673],[126.97501,37.56731],[126.97513,37.56728],[126.97515,37.56729],[126.97505,37.56745],[126.97504,37.56746],[126.97492,37.56748],[126.9749,37.5675],[126.97477,37.5677],[126.9747,37.56794],[126.97469,37.56796],[126.97467,37.56795],[126.97463,37.56787],[126.97461,37.56788],[126.97443,37.56796],[126.97442,37.56796],[126.97441,37.56795],[126.97462,37.56781],[126.97455,37.56774],[126.97455,37.56772],[126.97458,37.56769],[126.97469,37.56778],[126.97473,37.56769],[126.97467,37.56763],[126.9746,37.56753],[126.97468,37.56747],[126.97489,37.56734],[126.97489,37.56732]]]}},{"type":"Feature","properties":{"id":767914937},"geometry":{"type":"Polygon","coordinates":[[[126.96676,37.572],[126.96682,37.57203],[126.96699,37.57213],[126.96708,37.5722],[126.96718,37.57232],[126.96726,37.57246],[126.96729,37.57252],[126.96734,37.57256],[126.9674,37.57259],[126.96767,37.57265],[126.96784,37.57268],[126.96812,37.57215],[126.96832,37.57196],[126.96845,37.57194],[126.96856,37.57194],[126.96944,37.57196],[126.96956,37.57171],[126.96953,37.57172],[126.96941,37.57153],[126.96903,37.5715],[126.96895,37.57147],[126.96907,37.57124],[126.96918,37.57124],[126.9692,37.5711],[126.96937,37.57102],[126.96949,37.57076],[126.9695,37.57073],[126.9697,37.5703],[126.96978,37.57012],[126.96982,37.57001],[126.96985,37.56988],[126.96987,37.56975],[126.96986,37.56962],[126.96977,37.56953],[126.96959,37.5694],[126.96943,37.56938],[126.96924,37.56936],[126.96921,37.56936],[126.96893,37.56932],[126.9686,37.56925],[126.96818,37.56913],[126.96809,37.56924],[126.96807,37.56926],[126.96803,37.5693],[126.96796,37.56934],[126.96786,37.56939],[126.96776,37.5694],[126.96724,37.56942],[126.96732,37.56952],[126.96732,37.56958],[126.96736,37.5696],[126.96747,37.56952],[126.96786,37.56971],[126.96785,37.56976],[126.96782,37.56986],[126.96779,37.56995],[126.96762,37.5704],[126.96704,37.57059],[126.96669,37.57069],[126.96682,37.57086],[126.96677,37.57105],[126.96669,37.5713],[126.96668,37.57133],[126.96654,37.57153],[126.96638,37.57177],[126.96676,37.572]]]}},{"type":"Feature","properties":{"id":768396108},"geometry":{"type":"Polygon","coordinates":[[[126.98083,37.56409],[126.98095,37.56405],[126.98103,37.56426],[126.98112,37.56424],[126.98123,37.56456],[126.98136,37.56495],[126.98139,37.56513],[126.98132,37.56513],[126.98126,37.56485],[126.98109,37.56428],[126.98091,37.56432],[126.98083,37.56409]]]}},{"type":"Feature","properties":{"id":768422600},"geometry":{"type":"Polygon","coordinates":[[[126.98824,37.57616],[126.98819,37.57617],[126.98815,37.57616],[126.98815,37.57614],[126.98794,37.57609],[126.98795,37.57606],[126.98791,37.57606],[126.98793,37.57597],[126.98795,37.57589],[126.98797,37.57583],[126.98797,37.57576],[126.98797,37.57571],[126.98795,37.57566],[126.98791,37.57562],[126.98782,37.57559],[126.9878,37.57557],[126.98779,37.57555],[126.98778,37.57552],[126.98775,37.57551],[126.98756,37.57547],[126.98757,37.57539],[126.9876,37.5753],[126.98787,37.57533],[126.98784,37.57543],[126.98841,37.57552],[126.9884,37.57564],[126.98859,37.57565],[126.98858,37.57583],[126.98847,37.57586],[126.98849,37.57596],[126.98838,37.57599],[126.98842,37.57608],[126.98835,37.57609],[126.98832,37.57593],[126.9882,37.57594],[126.98824,37.57616]]]}},{"type":"Feature","properties":{"id":768444909},"geometry":{"type":"Polygon","coordinates":[[[126.97131,37.57045],[126.97131,37.57049],[126.97114,37.57048],[126.97114,37.57056],[126.97102,37.57056],[126.97102,37.57065],[126.97094,37.57065],[126.97094,37.5707],[126.97081,37.5707],[126.97081,37.5708],[126.97085,37.57083],[126.97069,37.57095],[126.97048,37.57119],[126.97025,37.57142],[126.97017,37.57147],[126.96944,37.57145],[126.96934,37.57144],[126.96943,37.57149],[126.96945,37.57151],[126.96944,37.57155],[126.96946,37.57159],[126.96963,37.57164],[126.96966,37.57151],[126.97004,37.57155],[126.97018,37.57156],[126.97027,37.57146],[126.9705,37.57129],[126.97052,37.57127],[126.97058,37.57121],[126.97065,37.57113],[126.97078,37.571],[126.97087,37.57093],[126.97086,37.57091],[126.97096,37.57083],[126.97109,37.57071],[126.97121,37.5706],[126.97125,37.57062],[126.97138,37.57056],[126.97141,37.57054],[126.97149,37.57052],[126.97157,37.57052],[126.97169,37.57052],[126.97175,37.57054],[126.97179,37.57056],[126.97179,37.57058],[126.97183,37.57058],[126.97181,37.57046],[126.97163,37.57046],[126.97163,37.57051],[126.97148,37.57051],[126.97148,37.57046],[126.97131,37.57045]]]}},{"type":"Feature","properties":{"id":768469011},"geometry":{"type":"Polygon","coordinates":[[[126.96984,37.56952],[126.9701,37.56927],[126.97016,37.56924],[126.97022,37.56923],[126.97148,37.57013],[126.97135,37.57026],[126.9708,37.57025],[126.97079,37.57078],[126.97045,37.5711],[126.96922,37.57113],[126.96922,37.5711],[126.96938,37.57102],[126.96951,37.57073],[126.96971,37.5703],[126.96979,37.57012],[126.96982,37.57001],[126.96985,37.56988],[126.96988,37.56975],[126.96987,37.56962],[126.9698,37.56955],[126.96984,37.56952]]]}},{"type":"Feature","properties":{"id":768471592},"geometry":{"type":"Polygon","coordinates":[[[126.96726,37.57246],[126.96718,37.57232],[126.96708,37.5722],[126.96699,37.57213],[126.96682,37.57203],[126.96676,37.572],[126.96638,37.57177],[126.96654,37.57153],[126.96668,37.57133],[126.96669,37.5713],[126.96677,37.57105],[126.96682,37.57086],[126.96669,37.57069],[126.96704,37.57059],[126.96762,37.5704],[126.96779,37.56995],[126.96782,37.56986],[126.96786,37.56971],[126.96747,37.56952],[126.96736,37.5696],[126.96732,37.56958],[126.96732,37.56952],[126.96724,37.56942],[126.96776,37.5694],[126.96786,37.56939],[126.96796,37.56934],[126.96803,37.5693],[126.96807,37.56926],[126.96809,37.56924],[126.96818,37.56913],[126.9686,37.56925],[126.96893,37.56932],[126.96921,37.56936],[126.96924,37.56936],[126.96943,37.56938],[126.96959,37.5694],[126.96977,37.56953],[126.96986,37.56962],[126.96987,37.56975],[126.96985,37.56988],[126.96982,37.57001],[126.96979,37.57012],[126.9697,37.5703],[126.96957,37.57057],[126.9695,37.57073],[126.96949,37.57076],[126.96937,37.57102],[126.9692,37.5711],[126.96918,37.57124],[126.96907,37.57124],[126.96895,37.57147],[126.96903,37.5715],[126.96941,37.57153],[126.96953,37.57172],[126.96944,37.57196],[126.96856,37.57194],[126.96845,37.57194],[126.96832,37.57196],[126.96812,37.57215],[126.96784,37.57268],[126.96767,37.57265],[126.9674,37.57259],[126.96734,37.57256],[126.96729,37.57252],[126.96726,37.57246]]]}},{"type":"Feature","properties":{"id":768475227},"geometry":{"type":"Polygon","coordinates":[[[126.97633,37.56654],[126.97584,37.56653],[126.97553,37.56658],[126.9755,37.56658],[126.97549,37.56658],[126.9752,37.56664],[126.97485,37.56675],[126.97476,37.56677],[126.97464,37.5669],[126.97461,37.56693],[126.97445,37.56694],[126.97426,37.56695],[126.97414,37.56719],[126.97404,37.56735],[126.97389,37.56745],[126.97336,37.56746],[126.97328,37.56742],[126.97351,37.56669],[126.97355,37.56653],[126.97354,37.56644],[126.97352,37.5659],[126.97352,37.56538],[126.97353,37.56535],[126.97356,37.56532],[126.97364,37.56527],[126.97372,37.56521],[126.97375,37.56518],[126.97377,37.56509],[126.9739,37.56491],[126.97396,37.56484],[126.97399,37.56482],[126.97407,37.56481],[126.9746,37.56484],[126.97562,37.56496],[126.97583,37.56497],[126.97597,37.56496],[126.97612,37.56494],[126.97655,37.56489],[126.9766,37.56512],[126.9767,37.5651],[126.97682,37.56551],[126.9768,37.56654],[126.97633,37.56654]]]}},{"type":"Feature","properties":{"id":768693463},"geometry":{"type":"Polygon","coordinates":[[[126.97381,37.56816],[126.97385,37.56814],[126.97421,37.56798],[126.97425,37.56802],[126.97438,37.56797],[126.97392,37.56752],[126.97356,37.56755],[126.9734,37.56757],[126.97334,37.5676],[126.97337,37.56766],[126.97374,37.56808],[126.97381,37.56816]]]}},{"type":"Feature","properties":{"id":768693988},"geometry":{"type":"Polygon","coordinates":[[[126.81067,37.52136],[126.8097,37.52127],[126.80955,37.52085],[126.80957,37.52032],[126.81001,37.5201],[126.81013,37.51999],[126.81115,37.52004],[126.8125,37.51981],[126.81239,37.51994],[126.81215,37.51997],[126.81203,37.52014],[126.81191,37.52022],[126.81192,37.52051],[126.81136,37.52113],[126.81085,37.52138],[126.81067,37.52136]]]}},{"type":"Feature","properties":{"id":768693989},"geometry":{"type":"Polygon","coordinates":[[[126.8192,37.52583],[126.8191,37.52572],[126.81876,37.52568],[126.81847,37.52551],[126.81846,37.52537],[126.81822,37.52526],[126.81813,37.52535],[126.81768,37.52531],[126.81755,37.52523],[126.81758,37.52516],[126.81739,37.52505],[126.81702,37.525],[126.81663,37.52502],[126.81659,37.52486],[126.81651,37.52402],[126.81683,37.52376],[126.81668,37.52335],[126.81669,37.52322],[126.81671,37.52306],[126.81702,37.52311],[126.81766,37.52334],[126.81802,37.52345],[126.81843,37.52352],[126.81941,37.52348],[126.8193,37.52395],[126.82036,37.52412],[126.82063,37.52463],[126.82041,37.52477],[126.82048,37.52488],[126.82044,37.5249],[126.82049,37.52506],[126.82034,37.52503],[126.81985,37.5255],[126.81986,37.5256],[126.81962,37.52569],[126.8192,37.52583]]]}},{"type":"Feature","properties":{"id":768693991},"geometry":{"type":"Polygon","coordinates":[[[126.79759,37.50516],[126.79778,37.50535],[126.79846,37.50545],[126.79888,37.50546],[126.79888,37.50528],[126.79887,37.50434],[126.79912,37.50415],[126.7992,37.50408],[126.7997,37.50401],[126.79995,37.50414],[126.80006,37.5036],[126.79948,37.50391],[126.79897,37.50398],[126.79823,37.50386],[126.79819,37.50382],[126.79794,37.50359],[126.79789,37.50392],[126.79788,37.50398],[126.79775,37.5042],[126.79779,37.50442],[126.79759,37.50485],[126.79759,37.50516]]]}},{"type":"Feature","properties":{"id":768822765},"geometry":{"type":"Polygon","coordinates":[[[126.8031,37.51487],[126.80339,37.51404],[126.80342,37.5139],[126.80396,37.514],[126.80472,37.51419],[126.80487,37.51415],[126.80497,37.51415],[126.80478,37.51463],[126.80464,37.51467],[126.80411,37.51479],[126.804,37.51484],[126.8035,37.51483],[126.80318,37.5149],[126.8031,37.51487]]]}},{"type":"Feature","properties":{"id":768822769},"geometry":{"type":"Polygon","coordinates":[[[126.805,37.5143],[126.80508,37.51442],[126.80505,37.51426],[126.8052,37.51406],[126.80543,37.51391],[126.80565,37.51371],[126.80583,37.51357],[126.80615,37.51338],[126.80632,37.51322],[126.8065,37.51288],[126.80654,37.51256],[126.80656,37.51247],[126.8065,37.51245],[126.8062,37.51305],[126.80602,37.5133],[126.80576,37.51346],[126.80532,37.51387],[126.80502,37.5141],[126.805,37.5143]]]}},{"type":"Feature","properties":{"id":768822770},"geometry":{"type":"Polygon","coordinates":[[[126.80674,37.51256],[126.80679,37.51259],[126.80687,37.5126],[126.80648,37.51357],[126.80615,37.51372],[126.80602,37.51375],[126.80585,37.51426],[126.805,37.51457],[126.80508,37.51442],[126.80515,37.51437],[126.80539,37.51429],[126.80559,37.51424],[126.80567,37.51418],[126.80574,37.51407],[126.80581,37.51392],[126.80583,37.51383],[126.80587,37.51376],[126.80595,37.51365],[126.80596,37.51364],[126.80603,37.5136],[126.80615,37.51356],[126.80618,37.51355],[126.80624,37.51352],[126.80631,37.51347],[126.8063,37.51341],[126.80632,37.51337],[126.80637,37.51335],[126.80641,37.51336],[126.80641,37.51336],[126.80642,37.51331],[126.80642,37.5133],[126.80639,37.51329],[126.80641,37.51325],[126.80645,37.51324],[126.80647,37.51322],[126.80661,37.51279],[126.80667,37.51264],[126.80672,37.51259],[126.80673,37.51256],[126.80674,37.51256]]]}},{"type":"Feature","properties":{"id":768822774},"geometry":{"type":"Polygon","coordinates":[[[126.82044,37.52731],[126.82097,37.52724],[126.82086,37.52659],[126.82034,37.52679],[126.82044,37.52731]]]}},{"type":"Feature","properties":{"id":769024701},"geometry":{"type":"Polygon","coordinates":[[[126.97304,37.56933],[126.9728,37.56937],[126.9727,37.56936],[126.97261,37.56933],[126.97257,37.56931],[126.97247,37.56923],[126.97236,37.56912],[126.97232,37.56908],[126.97248,37.56871],[126.9726,37.56899],[126.97267,37.5692],[126.97296,37.56917],[126.97304,37.56933]]]}},{"type":"Feature","properties":{"id":769411790},"geometry":{"type":"Polygon","coordinates":[[[127.00481,37.58207],[127.00481,37.58171],[127.00478,37.58169],[127.00477,37.58162],[127.00473,37.5816],[127.00472,37.58148],[127.00464,37.58149],[127.00456,37.58133],[127.00451,37.58122],[127.0047,37.58122],[127.00495,37.58121],[127.00505,37.58126],[127.00518,37.58129],[127.00524,37.58129],[127.00535,37.58128],[127.00539,37.58124],[127.00553,37.58124],[127.0057,37.58121],[127.00575,37.58127],[127.00577,37.58135],[127.00574,37.58156],[127.00572,37.5817],[127.00564,37.58203],[127.00535,37.58202],[127.00535,37.58209],[127.00481,37.58207]]]}},{"type":"Feature","properties":{"id":769559677},"geometry":{"type":"Polygon","coordinates":[[[126.84784,37.49585],[126.84742,37.49576],[126.84692,37.49564],[126.8469,37.49562],[126.84694,37.49548],[126.84695,37.49543],[126.847,37.49541],[126.8474,37.49549],[126.84745,37.49556],[126.84748,37.49557],[126.84792,37.49566],[126.84794,37.49567],[126.84796,37.4957],[126.84796,37.49573],[126.84793,37.49583],[126.8479,37.49585],[126.84788,37.49586],[126.84784,37.49585]]]}},{"type":"Feature","properties":{"id":770097434},"geometry":{"type":"Polygon","coordinates":[[[126.72634,37.53059],[126.72636,37.53012],[126.72737,37.53012],[126.72814,37.53023],[126.728,37.53052],[126.72739,37.5306],[126.72644,37.5306],[126.72634,37.53059]]]}},{"type":"Feature","properties":{"id":770899856},"geometry":{"type":"Polygon","coordinates":[[[126.99191,37.57743],[126.99187,37.57702],[126.99183,37.57683],[126.99178,37.57674],[126.99204,37.57699],[126.9924,37.5773],[126.99277,37.57752],[126.99295,37.57734],[126.9931,37.57723],[126.99337,37.57712],[126.99358,37.57704],[126.99411,37.5769],[126.99442,37.57686],[126.99471,37.57686],[126.99476,37.57686],[126.99479,37.57686],[126.99482,37.57686],[126.99495,37.57685],[126.99511,37.57683],[126.99526,37.57677],[126.99538,37.57671],[126.99543,37.57666],[126.99553,37.57639],[126.99557,37.57629],[126.99562,37.57635],[126.9958,37.5766],[126.99573,37.57665],[126.99568,37.5767],[126.99548,37.57681],[126.99529,37.57687],[126.99512,37.57691],[126.99468,37.57711],[126.99379,37.57746],[126.99317,37.5777],[126.99306,37.57772],[126.99303,37.5777],[126.99289,37.57758],[126.99274,37.5776],[126.9927,37.57765],[126.99259,37.57777],[126.99259,37.5777],[126.99246,37.5777],[126.99242,37.57743],[126.99191,37.57743]]]}},{"type":"Feature","properties":{"id":772397495},"geometry":{"type":"Polygon","coordinates":[[[126.99227,37.55931],[126.99228,37.55933],[126.99224,37.55939],[126.99215,37.55951],[126.99213,37.55954],[126.99205,37.55958],[126.99205,37.5596],[126.99218,37.55961],[126.99218,37.55964],[126.99225,37.55964],[126.99226,37.55964],[126.99226,37.55962],[126.99229,37.55953],[126.99232,37.55953],[126.99238,37.55936],[126.99235,37.55935],[126.99236,37.55934],[126.99237,37.55933],[126.9924,37.55932],[126.99243,37.55933],[126.99245,37.55924],[126.99242,37.55924],[126.99241,37.55923],[126.99246,37.55908],[126.99245,37.55907],[126.99248,37.55896],[126.99249,37.55896],[126.99262,37.55898],[126.99265,37.55898],[126.99269,37.55899],[126.99274,37.559],[126.99277,37.559],[126.99281,37.559],[126.99284,37.55899],[126.99243,37.55893],[126.99236,37.55918],[126.99227,37.55931]]]}},{"type":"Feature","properties":{"id":772402661},"geometry":{"type":"Polygon","coordinates":[[[126.97997,37.56296],[126.9798,37.56315],[126.97954,37.56302],[126.97895,37.5631],[126.97896,37.56313],[126.97888,37.56337],[126.97885,37.56337],[126.9789,37.5631],[126.97893,37.56307],[126.97997,37.56296]]]}},{"type":"Feature","properties":{"id":772987915},"geometry":{"type":"Polygon","coordinates":[[[126.97238,37.5648],[126.97237,37.56478],[126.97227,37.56525],[126.97204,37.56545],[126.9724,37.56576],[126.97242,37.56574],[126.97256,37.56565],[126.97261,37.56562],[126.9726,37.56562],[126.97259,37.56562],[126.97259,37.56562],[126.97252,37.56566],[126.97241,37.56573],[126.97227,37.56559],[126.97224,37.5656],[126.97224,37.5656],[126.97224,37.56554],[126.97214,37.56547],[126.97222,37.5654],[126.97221,37.56536],[126.97221,37.56536],[126.97228,37.56535],[126.97234,37.56528],[126.97235,37.56528],[126.97228,37.56523],[126.97234,37.565],[126.97237,37.56487],[126.97238,37.5648]]]}},{"type":"Feature","properties":{"id":773141740},"geometry":{"type":"Polygon","coordinates":[[[126.72899,37.61179],[126.72829,37.61204],[126.72832,37.61234],[126.72832,37.61335],[126.72844,37.61347],[126.72884,37.61386],[126.72887,37.61388],[126.72891,37.61388],[126.72895,37.61386],[126.72906,37.61379],[126.72933,37.61361],[126.72991,37.61322],[126.72985,37.61218],[126.72975,37.61215],[126.72965,37.61212],[126.72959,37.61209],[126.72952,37.61205],[126.72947,37.612],[126.72941,37.61195],[126.72937,37.61189],[126.72932,37.61179],[126.72929,37.61174],[126.72926,37.61172],[126.72922,37.61172],[126.72917,37.61173],[126.72899,37.61179]]]}},{"type":"Feature","properties":{"id":774616374},"geometry":{"type":"Polygon","coordinates":[[[127.12992,37.53188],[127.12961,37.53123],[127.13002,37.53112],[127.13033,37.53177],[127.12992,37.53188]]]}},{"type":"Feature","properties":{"id":775099855},"geometry":{"type":"Polygon","coordinates":[[[126.98787,37.557],[126.98785,37.55699],[126.98784,37.557],[126.98783,37.557],[126.98782,37.55701],[126.98767,37.55705],[126.98762,37.55714],[126.98756,37.55711],[126.98729,37.55752],[126.98728,37.55747],[126.9875,37.55712],[126.98767,37.55705],[126.98783,37.55698],[126.98788,37.55696],[126.98795,37.55688],[126.98798,37.55687],[126.98797,37.55689],[126.98792,37.55696],[126.9879,37.55696],[126.98787,37.557]]]}},{"type":"Feature","properties":{"id":775600720},"geometry":{"type":"Polygon","coordinates":[[[127.04324,37.65691],[127.04315,37.65728],[127.04374,37.65737],[127.04368,37.65762],[127.04308,37.65753],[127.04302,37.65783],[127.04313,37.65784],[127.04311,37.65797],[127.04333,37.65799],[127.04331,37.65807],[127.04357,37.6581],[127.04353,37.65829],[127.04296,37.65821],[127.04286,37.65864],[127.04329,37.65871],[127.04334,37.65849],[127.04364,37.65853],[127.04379,37.65855],[127.04373,37.6588],[127.04424,37.65886],[127.04427,37.6587],[127.04431,37.65852],[127.04367,37.65843],[127.04372,37.65819],[127.04438,37.65828],[127.04448,37.65778],[127.04382,37.65769],[127.04388,37.65741],[127.04456,37.65751],[127.04463,37.6572],[127.04388,37.65709],[127.0439,37.657],[127.04324,37.65691]]]}},{"type":"Feature","properties":{"id":775647809},"geometry":{"type":"Polygon","coordinates":[[[127.16962,37.55047],[127.16966,37.55021],[127.16973,37.54985],[127.17003,37.54996],[127.17076,37.54971],[127.17053,37.5506],[127.17052,37.55061],[127.17049,37.55061],[127.16987,37.55051],[127.16962,37.55047]]]}},{"type":"Feature","properties":{"id":776557679},"geometry":{"type":"Polygon","coordinates":[[[126.9822,37.58105],[126.98223,37.58093],[126.98218,37.58081],[126.98222,37.5806],[126.9825,37.58057],[126.98246,37.58037],[126.98255,37.58035],[126.98256,37.58033],[126.98247,37.58012],[126.98249,37.58009],[126.98269,37.58008],[126.98274,37.58008],[126.98261,37.58075],[126.9826,37.58077],[126.98246,37.58076],[126.98241,37.58077],[126.98238,37.58079],[126.98236,37.58082],[126.98233,37.58098],[126.98226,37.58106],[126.9822,37.58105]]]}},{"type":"Feature","properties":{"id":776557696},"geometry":{"type":"Polygon","coordinates":[[[126.98365,37.58166],[126.98347,37.58164],[126.98347,37.58168],[126.9831,37.58166],[126.98308,37.58178],[126.98253,37.58176],[126.98253,37.58178],[126.98271,37.58186],[126.98266,37.58195],[126.98274,37.58199],[126.983,37.582],[126.98323,37.58204],[126.9834,37.58191],[126.98343,37.58191],[126.98349,37.5818],[126.98361,37.58168],[126.98365,37.58168],[126.98365,37.58166]]]}},{"type":"Feature","properties":{"id":776625383},"geometry":{"type":"Polygon","coordinates":[[[126.96661,37.57009],[126.96658,37.57008],[126.96674,37.5696],[126.96676,37.56955],[126.96685,37.5695],[126.96681,37.56946],[126.96668,37.56952],[126.96665,37.56953],[126.96664,37.56956],[126.96664,37.5696],[126.96664,37.56964],[126.96663,37.56969],[126.96647,37.57018],[126.96636,37.57055],[126.96638,37.5706],[126.96676,37.57088],[126.96678,37.57092],[126.96675,37.57102],[126.96677,37.57105],[126.96682,37.57086],[126.96669,37.57069],[126.96704,37.57059],[126.96649,37.57046],[126.9665,37.57041],[126.96656,37.57025],[126.96661,37.57009]]]}},{"type":"Feature","properties":{"id":777222926},"geometry":{"type":"Polygon","coordinates":[[[126.94965,37.50655],[126.94946,37.50647],[126.94968,37.5062],[126.94972,37.50608],[126.94964,37.50592],[126.94939,37.50579],[126.94965,37.50551],[126.94984,37.50565],[126.94997,37.50592],[126.94999,37.50612],[126.94965,37.50655]]]}},{"type":"Feature","properties":{"id":777427332},"geometry":{"type":"Polygon","coordinates":[[[126.97276,37.56479],[126.97245,37.56477],[126.97253,37.56436],[126.97201,37.56429],[126.97197,37.5645],[126.97222,37.56452],[126.97219,37.5647],[126.97188,37.56466],[126.97173,37.56453],[126.97178,37.56433],[126.97155,37.56428],[126.97158,37.56419],[126.97164,37.56402],[126.97167,37.56403],[126.97282,37.56426],[126.97276,37.56479]]]}},{"type":"Feature","properties":{"id":777448078},"geometry":{"type":"Polygon","coordinates":[[[126.69988,37.51416],[126.69994,37.51422],[126.7003,37.5142],[126.70034,37.51427],[126.70171,37.51414],[126.70171,37.51402],[126.70143,37.51395],[126.70141,37.51345],[126.70103,37.51352],[126.7005,37.51373],[126.69988,37.51416]]]}},{"type":"Feature","properties":{"id":777501060},"geometry":{"type":"Polygon","coordinates":[[[126.95224,37.45054],[126.95222,37.45018],[126.95221,37.44948],[126.95221,37.44934],[126.95221,37.44931],[126.9522,37.44879],[126.95221,37.44811],[126.95197,37.4481],[126.95197,37.44914],[126.95196,37.45027],[126.952,37.45044],[126.95224,37.45054]]]}},{"type":"Feature","properties":{"id":777501061},"geometry":{"type":"Polygon","coordinates":[[[126.9527,37.4519],[126.95266,37.45176],[126.95245,37.45131],[126.95231,37.451],[126.952,37.45055],[126.95194,37.45046],[126.95191,37.45034],[126.95184,37.45033],[126.95186,37.45057],[126.95152,37.45057],[126.95154,37.45072],[126.95187,37.4507],[126.95191,37.45083],[126.95198,37.45082],[126.95202,37.45097],[126.95185,37.451],[126.95186,37.45108],[126.95206,37.45104],[126.95215,37.45139],[126.95226,37.45136],[126.95231,37.45146],[126.95236,37.45145],[126.95266,37.4521],[126.9528,37.45207],[126.9527,37.4519]]]}},{"type":"Feature","properties":{"id":777501062},"geometry":{"type":"Polygon","coordinates":[[[126.95242,37.45122],[126.9526,37.45121],[126.95261,37.45097],[126.95253,37.45083],[126.9524,37.45075],[126.95239,37.45069],[126.9524,37.4506],[126.95228,37.45059],[126.95199,37.45048],[126.95221,37.4508],[126.95235,37.45106],[126.95242,37.45122]]]}},{"type":"Feature","properties":{"id":777513519},"geometry":{"type":"Polygon","coordinates":[[[126.9201,37.48965],[126.92054,37.4895],[126.92095,37.48934],[126.9215,37.48903],[126.92189,37.48874],[126.92233,37.48831],[126.92269,37.48792],[126.92322,37.48724],[126.92371,37.48663],[126.92511,37.48521],[126.92514,37.48502],[126.92562,37.48461],[126.92606,37.48439],[126.92632,37.48428],[126.92663,37.4842],[126.9267,37.48409],[126.9267,37.48394],[126.92662,37.48376],[126.9278,37.48284],[126.92897,37.48194],[126.92904,37.48186],[126.92913,37.48168],[126.92926,37.48151],[126.92973,37.48106],[126.93,37.48113],[126.92997,37.48093],[126.92989,37.48083],[126.92964,37.48069],[126.92867,37.48157],[126.92613,37.48364],[126.92466,37.48491],[126.92344,37.48594],[126.92293,37.48654],[126.92248,37.48726],[126.92189,37.48811],[126.92166,37.48833],[126.92086,37.48885],[126.92031,37.4891],[126.91948,37.48927],[126.91972,37.48973],[126.91993,37.48973],[126.9201,37.48965]]]}},{"type":"Feature","properties":{"id":777624719},"geometry":{"type":"Polygon","coordinates":[[[126.97157,37.56596],[126.97168,37.56609],[126.972,37.56592],[126.97201,37.56592],[126.97233,37.56575],[126.97221,37.56562],[126.97222,37.56561],[126.97239,37.56576],[126.97183,37.56609],[126.97166,37.56616],[126.97163,37.56612],[126.97151,37.56597],[126.97151,37.56597],[126.97153,37.56596],[126.97157,37.56596]]]}},{"type":"Feature","properties":{"id":777882485},"geometry":{"type":"Polygon","coordinates":[[[126.95794,37.57417],[126.95767,37.57399],[126.95761,37.57406],[126.95751,37.57413],[126.95719,37.57435],[126.95747,37.57458],[126.95794,37.57417]]]}},{"type":"Feature","properties":{"id":777884212},"geometry":{"type":"Polygon","coordinates":[[[126.95954,37.57398],[126.95943,37.57391],[126.9593,37.57392],[126.95924,37.57394],[126.95857,37.57459],[126.95859,37.57461],[126.95921,37.57403],[126.95954,37.57398]]]}},{"type":"Feature","properties":{"id":777899519},"geometry":{"type":"Polygon","coordinates":[[[126.96539,37.57332],[126.96537,37.57322],[126.96535,37.57316],[126.96544,37.57302],[126.96543,37.5729],[126.9655,37.57284],[126.96551,37.5728],[126.96563,37.57256],[126.96577,37.57259],[126.9658,37.5725],[126.96593,37.57253],[126.96593,37.57255],[126.9659,37.57263],[126.96603,37.57266],[126.96604,37.57261],[126.96609,37.57262],[126.9661,37.57281],[126.96607,37.57282],[126.96607,37.57292],[126.96604,37.57293],[126.96603,37.5731],[126.96601,37.57312],[126.96601,37.57328],[126.96598,37.5733],[126.96598,37.57331],[126.96596,37.57338],[126.96591,37.57338],[126.96583,37.57335],[126.96582,37.57337],[126.96578,37.57336],[126.96569,37.57332],[126.96566,37.5733],[126.96568,37.57329],[126.9656,37.57322],[126.96557,37.57325],[126.96556,37.57323],[126.96555,37.57322],[126.96557,37.5732],[126.96546,37.57311],[126.96538,37.57318],[126.96545,37.57323],[126.9654,37.57332],[126.96539,37.57332]]]}},{"type":"Feature","properties":{"id":777900307},"geometry":{"type":"Polygon","coordinates":[[[126.96593,37.57011],[126.96591,37.57008],[126.96588,37.57009],[126.96491,37.57108],[126.96496,37.57111],[126.96496,37.57111],[126.96498,37.57111],[126.96498,37.57111],[126.96514,37.57095],[126.96514,37.57094],[126.96519,37.57092],[126.96521,37.57092],[126.96528,37.57095],[126.96528,37.57096],[126.96521,37.57106],[126.96522,37.57106],[126.96525,37.57108],[126.96558,37.57053],[126.9657,37.57035],[126.96576,37.57029],[126.96582,37.57024],[126.96591,37.57018],[126.96593,37.57014],[126.96593,37.57011]]]}},{"type":"Feature","properties":{"id":777900308},"geometry":{"type":"Polygon","coordinates":[[[126.9652,37.57115],[126.96516,37.57113],[126.96514,37.57112],[126.96513,37.57112],[126.96513,37.57111],[126.96513,37.5711],[126.96523,37.57097],[126.96523,37.57097],[126.96521,37.57096],[126.96521,37.57096],[126.96496,37.57119],[126.96487,37.57117],[126.96481,37.57125],[126.96489,37.57129],[126.96488,37.57135],[126.96479,37.57145],[126.96487,37.57151],[126.96473,37.57165],[126.9647,37.57163],[126.96468,37.57165],[126.9646,37.57159],[126.96457,37.57159],[126.96455,37.57158],[126.96448,37.57154],[126.96439,37.57158],[126.96462,37.57176],[126.96471,37.57176],[126.96471,37.57174],[126.96475,37.57174],[126.96475,37.57176],[126.96477,37.57176],[126.96488,37.57175],[126.96495,37.57175],[126.96494,37.57165],[126.96495,37.57158],[126.965,37.57147],[126.9652,37.57115]]]}},{"type":"Feature","properties":{"id":777927838},"geometry":{"type":"Polygon","coordinates":[[[126.98289,37.55954],[126.98293,37.55942],[126.98293,37.5594],[126.98289,37.55939],[126.98284,37.55951],[126.98275,37.55949],[126.98291,37.55908],[126.98307,37.55902],[126.9837,37.55918],[126.98372,37.5592],[126.98368,37.55931],[126.98363,37.5593],[126.98364,37.55926],[126.98313,37.55913],[126.98312,37.55918],[126.98305,37.55916],[126.98299,37.55931],[126.98308,37.55933],[126.98307,37.55937],[126.98313,37.55939],[126.98311,37.55944],[126.98289,37.55954]]]}},{"type":"Feature","properties":{"id":778423213},"geometry":{"type":"Polygon","coordinates":[[[126.95276,37.45212],[126.95324,37.45315],[126.95319,37.45317],[126.95316,37.45324],[126.95304,37.45322],[126.95279,37.45319],[126.95245,37.45325],[126.95221,37.45339],[126.95221,37.4532],[126.9522,37.45297],[126.95215,37.45258],[126.95215,37.45248],[126.95221,37.45237],[126.95226,37.45226],[126.95276,37.45212]]]}},{"type":"Feature","properties":{"id":778427932},"geometry":{"type":"Polygon","coordinates":[[[126.87194,37.48494],[126.87233,37.48369],[126.87255,37.48313],[126.87304,37.48185],[126.87316,37.48159],[126.87458,37.47879],[126.87504,37.47789],[126.87622,37.47562],[126.87651,37.47518],[126.8767,37.47488],[126.87614,37.47474],[126.87589,37.47512],[126.87432,37.47773],[126.87403,37.47824],[126.87396,37.47827],[126.87261,37.48106],[126.8721,37.48223],[126.87177,37.48361],[126.87137,37.4849],[126.87194,37.48494]]]}},{"type":"Feature","properties":{"id":778429279},"geometry":{"type":"Polygon","coordinates":[[[126.86842,37.49544],[126.87098,37.49658],[126.87118,37.49541],[126.87137,37.49415],[126.87211,37.49065],[126.87258,37.48813],[126.87314,37.48532],[126.87122,37.48519],[126.87084,37.48638],[126.87029,37.48767],[126.86995,37.48978],[126.86948,37.49205],[126.8688,37.49425],[126.86842,37.49544]]]}},{"type":"Feature","properties":{"id":778430699},"geometry":{"type":"Polygon","coordinates":[[[126.87623,37.47453],[126.87843,37.47509],[126.87898,37.47407],[126.88006,37.47267],[126.88127,37.47126],[126.88141,37.47114],[126.88276,37.46955],[126.88298,37.46925],[126.8831,37.46914],[126.88391,37.46816],[126.88433,37.46761],[126.8851,37.46664],[126.88564,37.46601],[126.88576,37.46589],[126.8858,37.46591],[126.88602,37.46567],[126.88426,37.46516],[126.88413,37.46515],[126.88403,37.46517],[126.88356,37.4657],[126.88125,37.4683],[126.87891,37.471],[126.87777,37.47231],[126.8773,37.47299],[126.87623,37.47453]]]}},{"type":"Feature","properties":{"id":778430872},"geometry":{"type":"Polygon","coordinates":[[[126.88435,37.46489],[126.88617,37.46545],[126.88697,37.46451],[126.88872,37.46244],[126.89062,37.46],[126.89105,37.4594],[126.89112,37.4592],[126.89114,37.45901],[126.89111,37.45874],[126.89104,37.45852],[126.89059,37.45733],[126.89055,37.45713],[126.89056,37.45678],[126.89021,37.45736],[126.88943,37.45853],[126.88838,37.45998],[126.88771,37.4608],[126.88641,37.46236],[126.88435,37.46489]]]}},{"type":"Feature","properties":{"id":778512175},"geometry":{"type":"Polygon","coordinates":[[[126.90309,37.57409],[126.90326,37.57423],[126.90532,37.57308],[126.90599,37.57276],[126.90698,37.57225],[126.90666,37.57202],[126.90309,37.57409]]]}},{"type":"Feature","properties":{"id":779347590},"geometry":{"type":"Polygon","coordinates":[[[126.97849,37.55604],[126.97852,37.55602],[126.97852,37.55599],[126.97849,37.55596],[126.9784,37.55587],[126.9783,37.55576],[126.97824,37.55567],[126.97815,37.55559],[126.97805,37.55556],[126.97797,37.55556],[126.97791,37.55552],[126.97783,37.55546],[126.97775,37.55543],[126.97764,37.55548],[126.97749,37.55561],[126.9774,37.55572],[126.97738,37.55579],[126.9774,37.55585],[126.97746,37.55589],[126.97756,37.55594],[126.97765,37.55597],[126.97774,37.55598],[126.97849,37.55604]]]}},{"type":"Feature","properties":{"id":781191192},"geometry":{"type":"Polygon","coordinates":[[[126.9751,37.55515],[126.97508,37.55493],[126.97508,37.55488],[126.97508,37.55474],[126.97517,37.55459],[126.97516,37.55451],[126.97507,37.5545],[126.97493,37.5545],[126.97487,37.55458],[126.97476,37.55467],[126.97466,37.55486],[126.97441,37.55477],[126.97428,37.55479],[126.97424,37.55488],[126.97421,37.555],[126.97421,37.55577],[126.97439,37.55572],[126.97453,37.55567],[126.97456,37.55563],[126.97461,37.55557],[126.97483,37.5554],[126.97488,37.55537],[126.97495,37.55532],[126.97498,37.5553],[126.97503,37.55527],[126.9751,37.55515]]]}},{"type":"Feature","properties":{"id":781495410},"geometry":{"type":"Polygon","coordinates":[[[127.15769,37.57064],[127.15771,37.57068],[127.15751,37.57084],[127.15665,37.5715],[127.15618,37.57165],[127.15575,37.5716],[127.15563,37.57166],[127.1555,37.57165],[127.15536,37.57149],[127.15541,37.57139],[127.15339,37.57017],[127.15335,37.56975],[127.1535,37.56945],[127.15362,37.56924],[127.15359,37.56885],[127.15357,37.56856],[127.1544,37.56899],[127.15487,37.5692],[127.15535,37.56941],[127.15609,37.56981],[127.15641,37.56996],[127.1565,37.56997],[127.15666,37.56998],[127.15681,37.56998],[127.15711,37.57008],[127.15748,37.57024],[127.15768,37.57033],[127.15771,37.57039],[127.15769,37.57064]]]}},{"type":"Feature","properties":{"id":782903342},"geometry":{"type":"Polygon","coordinates":[[[127.02452,37.60268],[127.02481,37.60258],[127.02538,37.60372],[127.02545,37.60389],[127.02519,37.60399],[127.02502,37.60366],[127.02452,37.60268]]]}},{"type":"Feature","properties":{"id":783533925},"geometry":{"type":"Polygon","coordinates":[[[127.03893,37.62982],[127.0398,37.62944],[127.03996,37.62929],[127.04057,37.62985],[127.04023,37.63008],[127.04006,37.62992],[127.03893,37.62982]]]}},{"type":"Feature","properties":{"id":785748494},"geometry":{"type":"Polygon","coordinates":[[[127.03426,37.59032],[127.03453,37.59011],[127.03482,37.58989],[127.03525,37.59023],[127.0347,37.59063],[127.03481,37.59073],[127.03469,37.59081],[127.03442,37.59056],[127.03445,37.59054],[127.03431,37.59041],[127.03428,37.59043],[127.03424,37.59038],[127.03423,37.59036],[127.03423,37.59034],[127.03426,37.59032]]]}},{"type":"Feature","properties":{"id":786081238},"geometry":{"type":"Polygon","coordinates":[[[127.02744,37.58368],[127.02753,37.58373],[127.0276,37.58379],[127.02761,37.58384],[127.02761,37.58388],[127.02759,37.58398],[127.02755,37.58405],[127.02741,37.58413],[127.0273,37.58416],[127.02714,37.58424],[127.02702,37.58446],[127.02694,37.58457],[127.02683,37.58452],[127.02639,37.58434],[127.02645,37.58425],[127.02603,37.58408],[127.02625,37.58364],[127.02633,37.58368],[127.02663,37.58381],[127.02672,37.58369],[127.02683,37.58372],[127.02692,37.58375],[127.02705,37.58365],[127.0272,37.5836],[127.02732,37.58361],[127.02744,37.58368]]]}},{"type":"Feature","properties":{"id":786437761},"geometry":{"type":"Polygon","coordinates":[[[126.76489,37.69087],[126.7651,37.6898],[126.76569,37.6899],[126.76564,37.6901],[126.76561,37.69027],[126.76563,37.69027],[126.76603,37.69035],[126.76595,37.69088],[126.76593,37.69101],[126.76517,37.69091],[126.76489,37.69087]]]}},{"type":"Feature","properties":{"id":788618203},"geometry":{"type":"Polygon","coordinates":[[[127.07243,37.65948],[127.07234,37.65952],[127.07188,37.65906],[127.07172,37.65872],[127.07169,37.65837],[127.0717,37.65791],[127.07183,37.65738],[127.07191,37.65638],[127.07194,37.65534],[127.07185,37.65462],[127.07166,37.65393],[127.07133,37.65336],[127.07047,37.65239],[127.06957,37.65145],[127.06916,37.65113],[127.06769,37.65031],[127.06591,37.6497],[127.06543,37.64935],[127.06512,37.64889],[127.06461,37.64807],[127.06381,37.64722],[127.06334,37.64678],[127.06233,37.6462],[127.06175,37.64582],[127.06111,37.6452],[127.06093,37.64488],[127.06081,37.64411],[127.06078,37.64336],[127.06075,37.64231],[127.06073,37.6418],[127.06049,37.6411],[127.06031,37.64067],[127.06,37.63995],[127.05997,37.63949],[127.05987,37.63932],[127.05955,37.63877],[127.05924,37.63823],[127.05949,37.63786],[127.05976,37.63838],[127.06001,37.63894],[127.06019,37.63937],[127.06058,37.63994],[127.06114,37.64146],[127.06121,37.64235],[127.06119,37.64324],[127.06117,37.64377],[127.0613,37.64465],[127.06137,37.64473],[127.06155,37.645],[127.06234,37.64577],[127.06314,37.64622],[127.0637,37.6465],[127.06459,37.6473],[127.06495,37.64779],[127.06593,37.64899],[127.06619,37.64921],[127.06702,37.64954],[127.06816,37.65002],[127.06889,37.65033],[127.07034,37.65171],[127.07109,37.65253],[127.07163,37.65316],[127.07212,37.65416],[127.07224,37.65464],[127.07229,37.65518],[127.07221,37.65692],[127.07208,37.65793],[127.07204,37.65827],[127.07214,37.65876],[127.07243,37.65948]]]}},{"type":"Feature","properties":{"id":789175761},"geometry":{"type":"Polygon","coordinates":[[[126.99515,37.58133],[126.99536,37.58146],[126.99552,37.5816],[126.99532,37.58181],[126.99526,37.58193],[126.99515,37.58203],[126.99508,37.58221],[126.99496,37.58229],[126.99475,37.58228],[126.99462,37.58225],[126.99456,37.58236],[126.99418,37.58258],[126.99405,37.58257],[126.9939,37.58244],[126.99397,37.58227],[126.99414,37.58222],[126.99432,37.58226],[126.99443,37.58221],[126.99449,37.58207],[126.99446,37.58179],[126.99464,37.58156],[126.99474,37.58139],[126.99485,37.58129],[126.99515,37.58133]]]}},{"type":"Feature","properties":{"id":791182160},"geometry":{"type":"Polygon","coordinates":[[[126.76993,37.47297],[126.77001,37.47298],[126.7707,37.47313],[126.77088,37.47263],[126.7701,37.4725],[126.76993,37.47297]]]}},{"type":"Feature","properties":{"id":791772487},"geometry":{"type":"Polygon","coordinates":[[[126.77069,37.47372],[126.77091,37.4732],[126.77157,37.47337],[126.77136,37.47386],[126.77069,37.47372]]]}},{"type":"Feature","properties":{"id":793706549},"geometry":{"type":"Polygon","coordinates":[[[127.15771,37.57039],[127.15843,37.56993],[127.15905,37.56951],[127.15991,37.5689],[127.16157,37.56768],[127.16209,37.5673],[127.16249,37.56703],[127.16334,37.56665],[127.16443,37.56626],[127.16597,37.56573],[127.16724,37.56527],[127.16861,37.56486],[127.17013,37.56446],[127.17107,37.56423],[127.17156,37.56405],[127.1719,37.56387],[127.17231,37.56356],[127.17265,37.56303],[127.17283,37.56242],[127.17273,37.56179],[127.17228,37.56105],[127.17194,37.56033],[127.17173,37.55922],[127.17165,37.55848],[127.17137,37.5584],[127.17153,37.55767],[127.17145,37.55648],[127.17157,37.55603],[127.17196,37.5551],[127.17227,37.55391],[127.17254,37.5527],[127.17281,37.5513],[127.17311,37.54977],[127.17335,37.54863],[127.17356,37.54771],[127.17378,37.54672],[127.17361,37.5457],[127.17429,37.54573],[127.1742,37.54748],[127.17417,37.54812],[127.174,37.54914],[127.17397,37.54933],[127.17394,37.54949],[127.1739,37.5497],[127.17364,37.55095],[127.1736,37.5514],[127.17344,37.55235],[127.17311,37.55364],[127.17296,37.55428],[127.17277,37.55491],[127.17245,37.55568],[127.17224,37.55612],[127.17216,37.55635],[127.17216,37.55701],[127.17213,37.55771],[127.17219,37.55873],[127.17233,37.55972],[127.17252,37.56034],[127.17282,37.56099],[127.17313,37.56144],[127.17336,37.5619],[127.1734,37.56231],[127.1733,37.56265],[127.17297,37.56326],[127.17282,37.56355],[127.1726,37.56382],[127.17228,37.56415],[127.1717,37.56441],[127.17041,37.56477],[127.16915,37.56509],[127.16861,37.56525],[127.16754,37.56561],[127.16695,37.56585],[127.1663,37.56609],[127.16511,37.56651],[127.16411,37.56684],[127.16339,37.56708],[127.16241,37.56766],[127.16166,37.56824],[127.16099,37.56869],[127.16051,37.56903],[127.15965,37.56969],[127.15903,37.57009],[127.15842,37.57057],[127.1579,37.57102],[127.15771,37.57068],[127.15769,37.57064],[127.15771,37.57039]]]}},{"type":"Feature","properties":{"id":795850092},"geometry":{"type":"Polygon","coordinates":[[[126.92096,37.58925],[126.92089,37.58891],[126.9214,37.58885],[126.92212,37.58886],[126.92209,37.58902],[126.92146,37.58905],[126.92096,37.58925]]]}},{"type":"Feature","properties":{"id":798347343},"geometry":{"type":"Polygon","coordinates":[[[126.78457,37.47871],[126.78465,37.47874],[126.78498,37.47895],[126.78535,37.47909],[126.78563,37.47926],[126.7857,37.47931],[126.78565,37.47936],[126.78578,37.47946],[126.78591,37.47944],[126.78604,37.47948],[126.78618,37.47949],[126.78631,37.47948],[126.78638,37.47927],[126.78644,37.47912],[126.78476,37.47844],[126.78457,37.47871]]]}},{"type":"Feature","properties":{"id":798348090},"geometry":{"type":"Polygon","coordinates":[[[126.78465,37.47962],[126.78541,37.48015],[126.7859,37.47955],[126.78492,37.47907],[126.78465,37.47962]]]}},{"type":"Feature","properties":{"id":798348476},"geometry":{"type":"Polygon","coordinates":[[[126.78423,37.479],[126.78473,37.47937],[126.78498,37.47895],[126.78442,37.47875],[126.78423,37.479]]]}},{"type":"Feature","properties":{"id":799543850},"geometry":{"type":"Polygon","coordinates":[[[127.1504,37.54845],[127.15102,37.54843],[127.15099,37.54821],[127.15146,37.5482],[127.15144,37.54753],[127.15061,37.54756],[127.15065,37.54808],[127.15038,37.54809],[127.1504,37.54845]]]}},{"type":"Feature","properties":{"id":800235370},"geometry":{"type":"Polygon","coordinates":[[[127.05795,37.52306],[127.05827,37.52281],[127.05891,37.52335],[127.05859,37.52359],[127.05795,37.52306]]]}},{"type":"Feature","properties":{"id":801851209},"geometry":{"type":"Polygon","coordinates":[[[127.08746,37.51767],[127.08727,37.5185],[127.08724,37.5186],[127.0884,37.51878],[127.08863,37.51828],[127.08881,37.51789],[127.08862,37.51784],[127.08853,37.51782],[127.08826,37.51768],[127.08822,37.51781],[127.08758,37.51769],[127.08746,37.51767]]]}},{"type":"Feature","properties":{"id":802436830},"geometry":{"type":"Polygon","coordinates":[[[127.16949,37.55146],[127.16962,37.55067],[127.17041,37.55081],[127.17027,37.55136],[127.17034,37.55143],[127.1703,37.55147],[127.16964,37.55141],[127.16949,37.55146]]]}},{"type":"Feature","properties":{"id":802936061},"geometry":{"type":"Polygon","coordinates":[[[127.0329,37.59114],[127.03308,37.59102],[127.03253,37.59049],[127.03234,37.59061],[127.03252,37.59078],[127.03272,37.59097],[127.0329,37.59114]]]}},{"type":"Feature","properties":{"id":802936069},"geometry":{"type":"Polygon","coordinates":[[[127.03342,37.58726],[127.03321,37.5874],[127.03336,37.58752],[127.03342,37.58759],[127.03349,37.58767],[127.03343,37.5877],[127.03333,37.58756],[127.0333,37.58754],[127.03325,37.58754],[127.03321,37.58756],[127.03319,37.5876],[127.03321,37.58764],[127.03365,37.58803],[127.0337,37.58806],[127.03375,37.58809],[127.03381,37.5881],[127.03386,37.5881],[127.03389,37.5881],[127.03392,37.5881],[127.03396,37.5881],[127.03395,37.58809],[127.03399,37.58808],[127.03401,37.58806],[127.03404,37.58804],[127.03406,37.58801],[127.03408,37.58797],[127.03409,37.58793],[127.03409,37.58791],[127.03407,37.58789],[127.03342,37.58726]]]}},{"type":"Feature","properties":{"id":802936073},"geometry":{"type":"Polygon","coordinates":[[[127.03467,37.58846],[127.0346,37.5884],[127.03448,37.58835],[127.03442,37.58836],[127.03438,37.58839],[127.03435,37.58846],[127.03433,37.58852],[127.03433,37.58857],[127.03434,37.58861],[127.03436,37.58866],[127.03492,37.58918],[127.03495,37.58916],[127.03499,37.58913],[127.035,37.58911],[127.03501,37.58909],[127.03501,37.58907],[127.035,37.58905],[127.03499,37.58903],[127.03498,37.58902],[127.03482,37.58892],[127.03479,37.58892],[127.03478,37.5889],[127.03478,37.58889],[127.0348,37.58888],[127.03483,37.58889],[127.03485,37.58891],[127.03498,37.58898],[127.035,37.589],[127.03507,37.58908],[127.03508,37.58912],[127.03507,37.58915],[127.03505,37.58918],[127.03501,37.5892],[127.03517,37.58936],[127.03519,37.58936],[127.03521,37.58936],[127.03524,37.58936],[127.03526,37.58936],[127.03529,37.58935],[127.03532,37.58934],[127.03535,37.58932],[127.03538,37.58929],[127.03561,37.58956],[127.0357,37.5895],[127.03554,37.58928],[127.0355,37.58922],[127.03545,37.58918],[127.03467,37.58846]]]}},{"type":"Feature","properties":{"id":803731886},"geometry":{"type":"Polygon","coordinates":[[[127.03436,37.59007],[127.03498,37.5896],[127.03499,37.58958],[127.035,37.58956],[127.035,37.58954],[127.03501,37.58953],[127.03501,37.58951],[127.035,37.58949],[127.03499,37.58947],[127.03497,37.58945],[127.03423,37.58995],[127.03436,37.59007]]]}},{"type":"Feature","properties":{"id":803736388},"geometry":{"type":"Polygon","coordinates":[[[127.03118,37.59003],[127.03115,37.59002],[127.031,37.59002],[127.03091,37.59003],[127.03085,37.59011],[127.03085,37.59015],[127.03097,37.59031],[127.03096,37.59045],[127.03094,37.59051],[127.0308,37.59063],[127.03087,37.59072],[127.03107,37.59061],[127.0311,37.59062],[127.03123,37.59081],[127.03112,37.59095],[127.03115,37.59113],[127.03126,37.59108],[127.03142,37.59097],[127.03153,37.59092],[127.03138,37.59042],[127.03119,37.59016],[127.03118,37.5901],[127.03118,37.59003]]]}},{"type":"Feature","properties":{"id":804507116},"geometry":{"type":"Polygon","coordinates":[[[126.78885,37.47189],[126.78882,37.47194],[126.78878,37.47199],[126.78876,37.47207],[126.78878,37.47213],[126.78883,37.47217],[126.78884,37.47218],[126.78892,37.47223],[126.789,37.47227],[126.78905,37.4723],[126.78907,37.47236],[126.7897,37.47227],[126.78968,37.47219],[126.7897,37.47217],[126.78974,37.47213],[126.78976,37.47209],[126.78977,37.47205],[126.78978,37.47198],[126.78976,37.47193],[126.78971,37.47185],[126.78965,37.4718],[126.78957,37.47177],[126.78952,37.47179],[126.78925,37.47183],[126.78885,37.47189]]]}},{"type":"Feature","properties":{"id":806079665},"geometry":{"type":"Polygon","coordinates":[[[127.17335,37.59866],[127.17348,37.59989],[127.1731,37.59991],[127.17296,37.59868],[127.17335,37.59866]]]}},{"type":"Feature","properties":{"id":807015443},"geometry":{"type":"Polygon","coordinates":[[[126.75373,37.50119],[126.75463,37.50107],[126.75457,37.50074],[126.75367,37.50086],[126.75373,37.50119]]]}},{"type":"Feature","properties":{"id":807102953},"geometry":{"type":"Polygon","coordinates":[[[127.13156,37.50315],[127.13126,37.50308],[127.13081,37.50287],[127.13076,37.50284],[127.13069,37.50273],[127.13077,37.50259],[127.13101,37.50229],[127.13117,37.50222],[127.13135,37.50222],[127.132,37.50254],[127.13204,37.50265],[127.132,37.50278],[127.13195,37.50298],[127.1318,37.50309],[127.13156,37.50315]]]}},{"type":"Feature","properties":{"id":807401046},"geometry":{"type":"Polygon","coordinates":[[[126.9349,37.41914],[126.93486,37.4194],[126.9349,37.41959],[126.93509,37.41975],[126.93541,37.41986],[126.93563,37.42004],[126.93577,37.42035],[126.93607,37.42114],[126.93668,37.42146],[126.93756,37.42158],[126.93851,37.42164],[126.93977,37.42279],[126.94141,37.42357],[126.94193,37.42362],[126.94269,37.42352],[126.94412,37.42287],[126.94466,37.42296],[126.94518,37.42299],[126.94595,37.42329],[126.94629,37.42365],[126.94635,37.42379],[126.94671,37.42404],[126.94716,37.42433],[126.94736,37.42463],[126.94747,37.42482],[126.94782,37.42507],[126.94877,37.42557],[126.94955,37.42557],[126.94998,37.42505],[126.95025,37.42487],[126.95059,37.42441],[126.95088,37.42389],[126.95105,37.42343],[126.95116,37.42281],[126.95115,37.42236],[126.95115,37.42181],[126.95073,37.42134],[126.95007,37.4207],[126.94942,37.4202],[126.9486,37.42014],[126.94758,37.42079],[126.94657,37.42094],[126.9461,37.42042],[126.94614,37.41989],[126.94567,37.41957],[126.9452,37.4193],[126.94429,37.41906],[126.94302,37.4191],[126.94222,37.41954],[126.94111,37.41956],[126.93974,37.41886],[126.93903,37.4189],[126.93739,37.41838],[126.93597,37.418],[126.93557,37.418],[126.93521,37.41812],[126.93513,37.41889],[126.9349,37.41914]]]}},{"type":"Feature","properties":{"id":808268486},"geometry":{"type":"Polygon","coordinates":[[[126.99694,37.58481],[126.99692,37.58463],[126.99685,37.58455],[126.9968,37.58443],[126.99638,37.58451],[126.9958,37.58466],[126.99565,37.58473],[126.99549,37.58484],[126.99544,37.58489],[126.99544,37.58501],[126.99553,37.58492],[126.99569,37.58481],[126.99578,37.58478],[126.99584,37.58476],[126.99592,37.58477],[126.99633,37.58482],[126.99677,37.58486],[126.99698,37.58489],[126.99699,37.58483],[126.99694,37.58481]]]}},{"type":"Feature","properties":{"id":808268490},"geometry":{"type":"Polygon","coordinates":[[[126.99541,37.58501],[126.99541,37.58487],[126.9953,37.58495],[126.99513,37.58523],[126.99512,37.58536],[126.9947,37.58597],[126.99475,37.58599],[126.99505,37.58557],[126.99541,37.58501]]]}},{"type":"Feature","properties":{"id":809937066},"geometry":{"type":"Polygon","coordinates":[[[127.05374,37.62848],[127.05388,37.62835],[127.05295,37.62778],[127.05282,37.62791],[127.05374,37.62848]]]}},{"type":"Feature","properties":{"id":813031783},"geometry":{"type":"Polygon","coordinates":[[[127.14262,37.50204],[127.14177,37.50264],[127.14181,37.50285],[127.14193,37.50318],[127.14204,37.50343],[127.14164,37.50354],[127.14177,37.50395],[127.1414,37.50405],[127.14141,37.50437],[127.14145,37.5047],[127.14155,37.5053],[127.1415,37.50549],[127.14161,37.50566],[127.1418,37.50556],[127.14178,37.50528],[127.14279,37.50522],[127.14293,37.50481],[127.14322,37.50464],[127.14372,37.50445],[127.14262,37.50204]]]}},{"type":"Feature","properties":{"id":814300049},"geometry":{"type":"Polygon","coordinates":[[[126.85131,37.61948],[126.85152,37.61936],[126.85298,37.62094],[126.85304,37.621],[126.85335,37.62081],[126.85349,37.62084],[126.85375,37.62114],[126.85371,37.62126],[126.85365,37.62133],[126.85341,37.62148],[126.85404,37.62223],[126.85375,37.62234],[126.85315,37.62161],[126.85284,37.62173],[126.85259,37.62175],[126.85245,37.62161],[126.85261,37.62111],[126.85252,37.62096],[126.85233,37.62076],[126.85202,37.62067],[126.85196,37.62065],[126.85168,37.6207],[126.85151,37.62062],[126.85146,37.62039],[126.85154,37.62019],[126.85178,37.61999],[126.85131,37.61948]]]}},{"type":"Feature","properties":{"id":814472777},"geometry":{"type":"Polygon","coordinates":[[[126.79032,37.49671],[126.79027,37.49651],[126.79018,37.49615],[126.79081,37.49606],[126.79103,37.49602],[126.79107,37.49618],[126.79117,37.49658],[126.79056,37.49667],[126.79032,37.49671]]]}},{"type":"Feature","properties":{"id":815751336},"geometry":{"type":"Polygon","coordinates":[[[126.9821,37.51524],[126.9821,37.51562],[126.98165,37.51574],[126.98145,37.51576],[126.97983,37.5158],[126.97906,37.5158],[126.97865,37.51585],[126.97711,37.51588],[126.97686,37.51589],[126.97582,37.51609],[126.9752,37.51621],[126.97517,37.5162],[126.97516,37.51616],[126.97502,37.51581],[126.97502,37.51577],[126.97503,37.51574],[126.97505,37.51572],[126.97509,37.5157],[126.97559,37.51569],[126.97668,37.51552],[126.97743,37.51542],[126.97906,37.51528],[126.97988,37.51523],[126.98056,37.51521],[126.98126,37.51521],[126.9821,37.51524]]]}},{"type":"Feature","properties":{"id":815830717},"geometry":{"type":"Polygon","coordinates":[[[126.80408,37.48291],[126.80413,37.4828],[126.80543,37.48321],[126.8054,37.48333],[126.80518,37.48326],[126.80489,37.48317],[126.80477,37.48313],[126.80408,37.48291]]]}},{"type":"Feature","properties":{"id":815832011},"geometry":{"type":"Polygon","coordinates":[[[126.79444,37.48423],[126.79475,37.48422],[126.79483,37.48421],[126.79502,37.48421],[126.79507,37.48371],[126.79481,37.48362],[126.79465,37.48375],[126.7945,37.48388],[126.79434,37.48402],[126.79444,37.48423]]]}},{"type":"Feature","properties":{"id":815833934},"geometry":{"type":"Polygon","coordinates":[[[126.77974,37.496],[126.78157,37.49634],[126.78152,37.49587],[126.78048,37.49494],[126.78017,37.49512],[126.78005,37.49524],[126.78001,37.49528],[126.77992,37.49546],[126.77979,37.49582],[126.77974,37.496]]]}},{"type":"Feature","properties":{"id":815847415},"geometry":{"type":"Polygon","coordinates":[[[126.77995,37.49386],[126.78009,37.49377],[126.78018,37.49371],[126.7802,37.4937],[126.78044,37.49356],[126.78085,37.49323],[126.78097,37.49309],[126.78082,37.49313],[126.78054,37.49324],[126.78037,37.49337],[126.7802,37.49349],[126.77993,37.49361],[126.77982,37.49366],[126.77995,37.49386]]]}},{"type":"Feature","properties":{"id":815847418},"geometry":{"type":"Polygon","coordinates":[[[126.7787,37.49559],[126.77889,37.49508],[126.77911,37.49486],[126.77938,37.49469],[126.77979,37.49439],[126.7798,37.49433],[126.77891,37.49451],[126.77873,37.49458],[126.77845,37.49555],[126.77852,37.49562],[126.77867,37.49564],[126.7787,37.49559]]]}},{"type":"Feature","properties":{"id":815852957},"geometry":{"type":"Polygon","coordinates":[[[126.74251,37.48821],[126.74363,37.48815],[126.74429,37.48808],[126.74428,37.488],[126.745,37.48795],[126.74525,37.48793],[126.74595,37.48765],[126.74675,37.48752],[126.74648,37.48709],[126.74563,37.48742],[126.74501,37.48765],[126.74468,37.48779],[126.7439,37.48785],[126.74335,37.48788],[126.7429,37.4879],[126.7428,37.48792],[126.7425,37.4879],[126.74251,37.48821]]]}},{"type":"Feature","properties":{"id":815852958},"geometry":{"type":"Polygon","coordinates":[[[126.74972,37.48713],[126.75022,37.48707],[126.75023,37.4862],[126.75025,37.4861],[126.75044,37.48532],[126.74998,37.48555],[126.74979,37.48626],[126.74965,37.48684],[126.74969,37.48708],[126.74972,37.48713]]]}},{"type":"Feature","properties":{"id":817861929},"geometry":{"type":"Polygon","coordinates":[[[127.14508,37.50123],[127.14538,37.50117],[127.1459,37.50122],[127.14627,37.50122],[127.14654,37.50188],[127.14638,37.5019],[127.1455,37.50238],[127.14539,37.50216],[127.14508,37.50123]]]}},{"type":"Feature","properties":{"id":819713867},"geometry":{"type":"Polygon","coordinates":[[[127.16411,37.51046],[127.16409,37.51052],[127.16381,37.51078],[127.16372,37.51086],[127.1637,37.51094],[127.16372,37.51102],[127.16369,37.51109],[127.16362,37.51116],[127.16343,37.51118],[127.16321,37.51115],[127.1629,37.51095],[127.16287,37.51094],[127.16262,37.51084],[127.16251,37.51085],[127.16208,37.51095],[127.16205,37.51094],[127.1619,37.51059],[127.16186,37.51057],[127.16175,37.51056],[127.16169,37.51055],[127.16162,37.51052],[127.16131,37.51034],[127.16123,37.51031],[127.16083,37.51039],[127.16038,37.51053],[127.15994,37.51068],[127.15969,37.51077],[127.15933,37.51111],[127.15928,37.51144],[127.15909,37.51175],[127.15899,37.51182],[127.15909,37.51235],[127.15893,37.5129],[127.15894,37.51292],[127.16116,37.51331],[127.16134,37.51331],[127.16138,37.51327],[127.16139,37.5132],[127.16143,37.51315],[127.16151,37.51314],[127.16241,37.51318],[127.1625,37.51323],[127.16259,37.51338],[127.16274,37.51351],[127.16289,37.51359],[127.16554,37.51413],[127.1656,37.51419],[127.16564,37.51428],[127.1652,37.51432],[127.16125,37.51389],[127.16107,37.51387],[127.15609,37.51306],[127.15522,37.51163],[127.15538,37.51158],[127.15592,37.51245],[127.15859,37.51287],[127.15862,37.51285],[127.15879,37.51235],[127.15871,37.51197],[127.15871,37.51187],[127.15875,37.51177],[127.15882,37.51167],[127.15902,37.51137],[127.15904,37.51126],[127.15907,37.51112],[127.15908,37.51104],[127.15911,37.51098],[127.15915,37.51093],[127.15937,37.51073],[127.15936,37.51061],[127.15934,37.51057],[127.15935,37.51054],[127.16012,37.51025],[127.16235,37.50947],[127.16249,37.50937],[127.16322,37.50907],[127.16329,37.50907],[127.16335,37.5091],[127.16411,37.51046]]]}},{"type":"Feature","properties":{"id":819729397},"geometry":{"type":"Polygon","coordinates":[[[127.15624,37.49846],[127.15512,37.49908],[127.15503,37.49918],[127.15481,37.49964],[127.15487,37.49987],[127.1554,37.50031],[127.15509,37.50068],[127.15376,37.50209],[127.15411,37.5028],[127.15505,37.50248],[127.15591,37.50228],[127.15721,37.50336],[127.15784,37.50388],[127.15809,37.50383],[127.15896,37.50269],[127.15921,37.50183],[127.15986,37.50164],[127.16029,37.50136],[127.16054,37.50117],[127.16091,37.50072],[127.16106,37.50008],[127.16096,37.4993],[127.16084,37.49906],[127.16069,37.49903],[127.15981,37.49936],[127.15977,37.49946],[127.15986,37.49963],[127.15983,37.49974],[127.15967,37.49984],[127.15859,37.50034],[127.1584,37.50034],[127.15653,37.49845],[127.15624,37.49846]]]}},{"type":"Feature","properties":{"id":825134144},"geometry":{"type":"Polygon","coordinates":[[[126.83046,37.56142],[126.83034,37.56067],[126.83118,37.56059],[126.83122,37.56079],[126.83131,37.56134],[126.83079,37.56139],[126.83046,37.56142]]]}},{"type":"Feature","properties":{"id":826914452},"geometry":{"type":"Polygon","coordinates":[[[127.05879,37.60464],[127.0594,37.60432],[127.05989,37.60455],[127.05999,37.60469],[127.05969,37.60508],[127.05948,37.60489],[127.05913,37.60506],[127.05879,37.60464]]]}},{"type":"Feature","properties":{"id":826963711},"geometry":{"type":"Polygon","coordinates":[[[126.75433,37.47865],[126.75389,37.47754],[126.75404,37.4775],[126.75449,37.47861],[126.75433,37.47865]]]}},{"type":"Feature","properties":{"id":829961562},"geometry":{"type":"Polygon","coordinates":[[[126.83039,37.55783],[126.82981,37.55788],[126.82992,37.55861],[126.8305,37.55856],[126.83039,37.55783]]]}},{"type":"Feature","properties":{"id":833117712},"geometry":{"type":"Polygon","coordinates":[[[126.9159,37.56661],[126.9169,37.56721],[126.91693,37.56703],[126.91625,37.56655],[126.91599,37.56647],[126.9159,37.56661]]]}},{"type":"Feature","properties":{"id":833234171},"geometry":{"type":"Polygon","coordinates":[[[126.83795,37.56778],[126.83769,37.56747],[126.83831,37.56715],[126.83857,37.56746],[126.83795,37.56778]]]}},{"type":"Feature","properties":{"id":835514693},"geometry":{"type":"Polygon","coordinates":[[[126.9444,37.49307],[126.94416,37.49286],[126.94408,37.49235],[126.94495,37.4922],[126.94501,37.49221],[126.94526,37.49282],[126.94525,37.49288],[126.94506,37.49297],[126.94482,37.49303],[126.9444,37.49307]]]}},{"type":"Feature","properties":{"id":836252260},"geometry":{"type":"Polygon","coordinates":[[[126.89978,37.57296],[126.89992,37.57382],[126.90053,37.57462],[126.90107,37.57509],[126.90081,37.57524],[126.89921,37.57352],[126.89927,37.57329],[126.89978,37.57296]]]}},{"type":"Feature","properties":{"id":836755635},"geometry":{"type":"Polygon","coordinates":[[[127.04262,37.50363],[127.0425,37.50359],[127.04226,37.50407],[127.04224,37.50411],[127.04226,37.50417],[127.0423,37.5042],[127.04279,37.50434],[127.04285,37.50435],[127.04361,37.50422],[127.04367,37.50419],[127.0437,37.50414],[127.04381,37.50394],[127.04371,37.50392],[127.04361,37.50412],[127.04356,37.50418],[127.04352,37.50421],[127.04334,37.50424],[127.04286,37.50432],[127.0428,37.50431],[127.04238,37.50418],[127.04237,37.50416],[127.04246,37.50398],[127.04262,37.50363]]]}},{"type":"Feature","properties":{"id":837208911},"geometry":{"type":"Polygon","coordinates":[[[127.00398,37.56745],[127.004,37.5674],[127.00405,37.56737],[127.00409,37.56737],[127.00414,37.56739],[127.00437,37.56751],[127.00441,37.56752],[127.00447,37.56752],[127.00469,37.56746],[127.00476,37.56755],[127.00453,37.56763],[127.00431,37.56767],[127.00413,37.5677],[127.00371,37.56779],[127.00364,37.56765],[127.00385,37.56754],[127.00392,37.56755],[127.00389,37.56758],[127.00407,37.56766],[127.00416,37.56752],[127.00398,37.56745]]]}},{"type":"Feature","properties":{"id":837404582},"geometry":{"type":"Polygon","coordinates":[[[127.09494,37.47135],[127.09461,37.47128],[127.09417,37.47131],[127.09363,37.47123],[127.09305,37.47116],[127.09282,37.47102],[127.09272,37.47047],[127.09226,37.46968],[127.0922,37.46952],[127.09216,37.46941],[127.09194,37.46951],[127.09194,37.4699],[127.09224,37.47057],[127.09244,37.47086],[127.09284,37.47114],[127.09353,37.4715],[127.09402,37.47172],[127.09458,37.47197],[127.09494,37.47135]]]}},{"type":"Feature","properties":{"id":838979460},"geometry":{"type":"Polygon","coordinates":[[[126.77239,37.60776],[126.77175,37.60747],[126.7717,37.60745],[126.77166,37.60743],[126.77164,37.6074],[126.77157,37.6073],[126.7714,37.60705],[126.77139,37.60702],[126.77139,37.607],[126.7714,37.60698],[126.77144,37.60697],[126.77161,37.60694],[126.77252,37.60676],[126.77307,37.60806],[126.77288,37.60797],[126.77263,37.60787],[126.77239,37.60776]]]}},{"type":"Feature","properties":{"id":840720208},"geometry":{"type":"Polygon","coordinates":[[[127.11667,37.63498],[127.11707,37.63516],[127.11732,37.63502],[127.11721,37.63485],[127.11728,37.63474],[127.11758,37.63462],[127.11747,37.63441],[127.11659,37.63476],[127.11667,37.63498]]]}},{"type":"Feature","properties":{"id":842817296},"geometry":{"type":"Polygon","coordinates":[[[127.17907,37.56335],[127.17922,37.56317],[127.18041,37.56359],[127.1803,37.56379],[127.17907,37.56335]]]}},{"type":"Feature","properties":{"id":842817298},"geometry":{"type":"Polygon","coordinates":[[[127.17798,37.55781],[127.17802,37.5577],[127.17817,37.55761],[127.17836,37.55753],[127.17855,37.55753],[127.17891,37.5577],[127.17917,37.55773],[127.17913,37.55724],[127.17964,37.55704],[127.1794,37.55643],[127.1792,37.55596],[127.17903,37.55589],[127.17877,37.55589],[127.17847,37.55589],[127.17816,37.55584],[127.17806,37.55568],[127.17801,37.55547],[127.17801,37.55508],[127.17806,37.5548],[127.17792,37.55481],[127.17774,37.55477],[127.17759,37.55477],[127.17777,37.55445],[127.1779,37.55424],[127.17807,37.55386],[127.17848,37.55317],[127.17861,37.55292],[127.17877,37.55268],[127.17899,37.5525],[127.17946,37.55212],[127.17967,37.55187],[127.17976,37.55173],[127.18048,37.55079],[127.18041,37.55077],[127.18036,37.55072],[127.18033,37.55067],[127.18034,37.5506],[127.18037,37.55056],[127.18041,37.55053],[127.18046,37.5505],[127.18052,37.55051],[127.18057,37.55052],[127.18059,37.55051],[127.18062,37.5505],[127.18087,37.55016],[127.18097,37.55009],[127.18107,37.55004],[127.18117,37.55],[127.18129,37.54997],[127.18144,37.54997],[127.18212,37.55002],[127.18279,37.55007],[127.1828,37.54977],[127.18178,37.54962],[127.18152,37.54957],[127.18109,37.54953],[127.18076,37.54958],[127.18054,37.54964],[127.18036,37.54973],[127.18011,37.54991],[127.17996,37.55004],[127.17974,37.55026],[127.17955,37.55049],[127.17939,37.55074],[127.17864,37.55181],[127.17816,37.55257],[127.17775,37.55339],[127.17691,37.55506],[127.17678,37.55544],[127.17663,37.55576],[127.17661,37.55599],[127.1763,37.55686],[127.17627,37.55695],[127.1764,37.55719],[127.17702,37.55732],[127.1771,37.55762],[127.17798,37.55781]]]}},{"type":"Feature","properties":{"id":843329415},"geometry":{"type":"Polygon","coordinates":[[[126.91899,37.41903],[126.91902,37.41891],[126.91903,37.41885],[126.919,37.41874],[126.91898,37.41867],[126.91894,37.41856],[126.91896,37.4185],[126.91899,37.41847],[126.91913,37.41825],[126.91916,37.4182],[126.91931,37.41827],[126.91951,37.41832],[126.91978,37.41839],[126.91987,37.41841],[126.92049,37.41852],[126.9206,37.41853],[126.92087,37.41855],[126.92116,37.41852],[126.9213,37.4185],[126.92291,37.41892],[126.92493,37.41953],[126.92507,37.41958],[126.92531,37.41966],[126.92548,37.4197],[126.92561,37.41981],[126.92643,37.42],[126.92706,37.42018],[126.92734,37.42023],[126.92848,37.42027],[126.92895,37.42003],[126.93026,37.41942],[126.93033,37.41937],[126.9304,37.41927],[126.93048,37.41904],[126.93065,37.41877],[126.93092,37.41852],[126.93118,37.41835],[126.93147,37.41827],[126.93169,37.41825],[126.93226,37.41823],[126.9329,37.41813],[126.93371,37.41818],[126.93455,37.41854],[126.935,37.41894],[126.93468,37.41914],[126.9346,37.41916],[126.9334,37.41871],[126.93265,37.41847],[126.93234,37.41852],[126.93146,37.41884],[126.93121,37.41901],[126.93132,37.41908],[126.93088,37.41983],[126.93032,37.42026],[126.93016,37.42048],[126.92972,37.4212],[126.92908,37.4213],[126.92825,37.42055],[126.9275,37.42053],[126.92576,37.42017],[126.92533,37.42016],[126.92507,37.42015],[126.9248,37.42007],[126.92458,37.42004],[126.92424,37.42],[126.92372,37.41984],[126.9235,37.4197],[126.92329,37.41957],[126.92274,37.41926],[126.92124,37.41879],[126.92078,37.41878],[126.92063,37.41882],[126.9207,37.41891],[126.92053,37.41905],[126.92046,37.41917],[126.91972,37.41917],[126.91899,37.41903]]]}},{"type":"Feature","properties":{"id":846071624},"geometry":{"type":"Polygon","coordinates":[[[126.75836,37.69447],[126.75872,37.69451],[126.75916,37.69455],[126.75946,37.69455],[126.75944,37.69425],[126.75941,37.69398],[126.75923,37.69398],[126.75908,37.69399],[126.75907,37.69345],[126.75907,37.69342],[126.75882,37.69341],[126.75883,37.6932],[126.75884,37.69315],[126.75859,37.69315],[126.75803,37.69358],[126.75836,37.69447]]]}},{"type":"Feature","properties":{"id":850678256},"geometry":{"type":"Polygon","coordinates":[[[127.1648,37.62206],[127.16535,37.62206],[127.16548,37.62204],[127.16598,37.62184],[127.16596,37.62178],[127.16573,37.62174],[127.16531,37.62171],[127.16519,37.62163],[127.16514,37.62152],[127.16482,37.62],[127.16454,37.62004],[127.16451,37.62008],[127.16464,37.62077],[127.1648,37.62206]]]}},{"type":"Feature","properties":{"id":850678261},"geometry":{"type":"Polygon","coordinates":[[[127.15821,37.61828],[127.15821,37.61802],[127.15888,37.61801],[127.1598,37.618],[127.16173,37.61797],[127.16173,37.61803],[127.16206,37.61854],[127.16228,37.6189],[127.16245,37.61921],[127.16252,37.61956],[127.16215,37.61959],[127.16224,37.62003],[127.1618,37.62006],[127.16135,37.62012],[127.16052,37.62026],[127.16019,37.62029],[127.16009,37.61985],[127.15978,37.61986],[127.15976,37.61938],[127.15976,37.6193],[127.15976,37.61863],[127.15902,37.61829],[127.15821,37.61828]]]}},{"type":"Feature","properties":{"id":850678268},"geometry":{"type":"Polygon","coordinates":[[[127.15635,37.61561],[127.15677,37.61581],[127.15687,37.61568],[127.15714,37.61581],[127.15733,37.61584],[127.15775,37.61583],[127.15775,37.61534],[127.15771,37.61515],[127.15774,37.61512],[127.15778,37.61511],[127.15783,37.61523],[127.15786,37.61558],[127.15787,37.61602],[127.15779,37.61609],[127.15729,37.61609],[127.15698,37.61601],[127.15664,37.61584],[127.15639,37.6157],[127.15633,37.61564],[127.15635,37.61561]]]}},{"type":"Feature","properties":{"id":850682157},"geometry":{"type":"Polygon","coordinates":[[[127.17797,37.60176],[127.17824,37.60206],[127.17841,37.60232],[127.17849,37.60275],[127.17863,37.60334],[127.17875,37.60362],[127.17873,37.60431],[127.17807,37.60427],[127.17743,37.60421],[127.17737,37.60424],[127.17735,37.60432],[127.17712,37.60431],[127.17691,37.60433],[127.17666,37.60448],[127.17654,37.60459],[127.17648,37.60464],[127.17631,37.60457],[127.17615,37.60481],[127.17541,37.60467],[127.17538,37.60481],[127.17461,37.60466],[127.1745,37.60464],[127.17447,37.60449],[127.17448,37.60433],[127.17402,37.60433],[127.17403,37.60462],[127.17354,37.60465],[127.17299,37.60468],[127.17287,37.60471],[127.17207,37.60431],[127.17153,37.60413],[127.17115,37.60331],[127.1711,37.60301],[127.17062,37.60285],[127.17042,37.60272],[127.17034,37.60266],[127.17065,37.60248],[127.17087,37.60223],[127.17131,37.60175],[127.17115,37.60148],[127.17146,37.60092],[127.17135,37.6007],[127.17141,37.60056],[127.17136,37.60048],[127.17109,37.60035],[127.17108,37.60031],[127.17114,37.60029],[127.1719,37.60025],[127.17203,37.60205],[127.17258,37.60202],[127.17329,37.60199],[127.17331,37.60233],[127.17378,37.60231],[127.1738,37.60257],[127.17386,37.60269],[127.17402,37.6041],[127.17449,37.60409],[127.1745,37.60404],[127.17468,37.60401],[127.17818,37.60378],[127.17797,37.60176]]]}},{"type":"Feature","properties":{"id":850701975},"geometry":{"type":"Polygon","coordinates":[[[127.19402,37.54316],[127.19408,37.54316],[127.19415,37.54315],[127.19421,37.54312],[127.19424,37.54308],[127.19425,37.54304],[127.19426,37.54297],[127.19426,37.54293],[127.1943,37.54285],[127.19435,37.54279],[127.19441,37.54276],[127.19448,37.54273],[127.19459,37.5427],[127.19466,37.54268],[127.19468,37.54267],[127.19469,37.54266],[127.19469,37.54265],[127.19467,37.54264],[127.1944,37.54256],[127.19425,37.54252],[127.19419,37.54251],[127.19414,37.54255],[127.19404,37.54276],[127.19396,37.54299],[127.19395,37.5431],[127.19398,37.54313],[127.19402,37.54316]]]}},{"type":"Feature","properties":{"id":850701997},"geometry":{"type":"Polygon","coordinates":[[[127.19494,37.54668],[127.19487,37.54664],[127.19488,37.54656],[127.19477,37.54652],[127.19479,37.5461],[127.19478,37.54603],[127.19482,37.54588],[127.19481,37.54578],[127.19476,37.54567],[127.19467,37.54554],[127.19456,37.54542],[127.19451,37.54533],[127.19447,37.54527],[127.19438,37.54521],[127.19431,37.54517],[127.19422,37.54517],[127.19414,37.54517],[127.19401,37.54517],[127.19397,37.54511],[127.19399,37.54505],[127.19401,37.54501],[127.19404,37.54498],[127.19408,37.54495],[127.19413,37.54495],[127.19427,37.54494],[127.19444,37.54492],[127.19458,37.54489],[127.19468,37.54485],[127.19475,37.54482],[127.1948,37.54481],[127.19485,37.54483],[127.19481,37.54489],[127.19478,37.54497],[127.19487,37.545],[127.19504,37.54513],[127.19524,37.54534],[127.19531,37.54553],[127.19531,37.54572],[127.19535,37.54586],[127.19542,37.54612],[127.19547,37.54637],[127.19547,37.54654],[127.19545,37.54671],[127.19532,37.5467],[127.19494,37.54668]]]}},{"type":"Feature","properties":{"id":854222064},"geometry":{"type":"Polygon","coordinates":[[[126.96586,37.52857],[126.96649,37.5282],[126.96598,37.52766],[126.96535,37.52803],[126.96586,37.52857]]]}},{"type":"Feature","properties":{"id":854411300},"geometry":{"type":"Polygon","coordinates":[[[127.1212,37.53924],[127.12213,37.53882],[127.12143,37.53765],[127.12146,37.53773],[127.12154,37.53802],[127.12161,37.53857],[127.1216,37.5388],[127.12143,37.53906],[127.1212,37.53924]]]}},{"type":"Feature","properties":{"id":854588900},"geometry":{"type":"Polygon","coordinates":[[[126.82986,37.5286],[126.83012,37.52842],[126.83036,37.52838],[126.83065,37.52843],[126.8308,37.52842],[126.83131,37.52809],[126.83137,37.52806],[126.8314,37.52807],[126.8314,37.52811],[126.83128,37.52877],[126.83113,37.52875],[126.83111,37.52878],[126.83109,37.5288],[126.8311,37.52887],[126.83056,37.52885],[126.83036,37.52883],[126.83021,37.52881],[126.83005,37.52877],[126.83001,37.52874],[126.82989,37.52868],[126.82986,37.5286]]]}},{"type":"Feature","properties":{"id":856163030},"geometry":{"type":"Polygon","coordinates":[[[126.73975,37.67634],[126.73818,37.6745],[126.73749,37.67436],[126.73766,37.67385],[126.7377,37.67326],[126.73758,37.67288],[126.73754,37.67276],[126.73822,37.67245],[126.73832,37.6724],[126.73918,37.67475],[126.73923,37.67485],[126.73981,37.67632],[126.73975,37.67634]]]}},{"type":"Feature","properties":{"id":856787912},"geometry":{"type":"Polygon","coordinates":[[[127.16395,37.55084],[127.16441,37.55068],[127.16456,37.55064],[127.16486,37.5506],[127.16495,37.5506],[127.16503,37.55061],[127.16507,37.55063],[127.16509,37.55063],[127.1651,37.55066],[127.1651,37.5507],[127.16507,37.55105],[127.16472,37.55091],[127.16458,37.55084],[127.16395,37.55084]]]}},{"type":"Feature","properties":{"id":864931857},"geometry":{"type":"Polygon","coordinates":[[[127.17085,37.55606],[127.17131,37.5561],[127.17179,37.55487],[127.17092,37.55485],[127.1709,37.55529],[127.17087,37.55577],[127.17085,37.55606]]]}},{"type":"Feature","properties":{"id":864934046},"geometry":{"type":"Polygon","coordinates":[[[127.16588,37.55539],[127.16586,37.55519],[127.16583,37.555],[127.16574,37.55474],[127.16588,37.55474],[127.16611,37.55474],[127.16612,37.5545],[127.16632,37.55451],[127.16645,37.55454],[127.16642,37.5554],[127.16588,37.55539]]]}},{"type":"Feature","properties":{"id":867062859},"geometry":{"type":"Polygon","coordinates":[[[127.10006,37.52151],[127.10019,37.52141],[127.09832,37.52045],[127.09825,37.52053],[127.10006,37.52151]]]}},{"type":"Feature","properties":{"id":868514077},"geometry":{"type":"Polygon","coordinates":[[[127.02663,37.58034],[127.02596,37.57989],[127.02613,37.57973],[127.02681,37.58018],[127.02663,37.58034]]]}},{"type":"Feature","properties":{"id":871411648},"geometry":{"type":"Polygon","coordinates":[[[127.16277,37.46378],[127.1628,37.46362],[127.16231,37.46309],[127.16371,37.46276],[127.16362,37.46297],[127.16449,37.46452],[127.16471,37.46518],[127.1639,37.46554],[127.16363,37.46524],[127.16298,37.46421],[127.16277,37.46378]]]}},{"type":"Feature","properties":{"id":872191519},"geometry":{"type":"Polygon","coordinates":[[[127.18312,37.4775],[127.18386,37.47749],[127.18394,37.47788],[127.18387,37.47802],[127.18313,37.47802],[127.18312,37.4775]]]}},{"type":"Feature","properties":{"id":874577113},"geometry":{"type":"Polygon","coordinates":[[[127.03888,37.55783],[127.03884,37.55782],[127.03871,37.5575],[127.03859,37.55736],[127.03834,37.55708],[127.038,37.55664],[127.03792,37.55658],[127.03896,37.5566],[127.03905,37.55669],[127.0389,37.55782],[127.03888,37.55783]]]}},{"type":"Feature","properties":{"id":874583386},"geometry":{"type":"Polygon","coordinates":[[[127.04006,37.55488],[127.03992,37.55487],[127.0398,37.55477],[127.03965,37.55434],[127.03995,37.55379],[127.04045,37.55398],[127.04026,37.55434],[127.04017,37.55453],[127.04006,37.55488]]]}},{"type":"Feature","properties":{"id":877805476},"geometry":{"type":"Polygon","coordinates":[[[126.87837,37.53359],[126.87822,37.53302],[126.87859,37.53313],[126.87893,37.53345],[126.87901,37.5338],[126.87837,37.53359]]]}},{"type":"Feature","properties":{"id":879314851},"geometry":{"type":"Polygon","coordinates":[[[126.93458,37.54375],[126.93474,37.54315],[126.93473,37.54227],[126.93441,37.54222],[126.93421,37.54225],[126.93422,37.5425],[126.93426,37.54378],[126.9344,37.54375],[126.93458,37.54375]]]}},{"type":"Feature","properties":{"id":880323075},"geometry":{"type":"Polygon","coordinates":[[[126.93761,37.56585],[126.93773,37.56587],[126.93773,37.56581],[126.93776,37.56571],[126.93781,37.56554],[126.9379,37.56537],[126.93799,37.56525],[126.93804,37.5652],[126.938,37.56516],[126.93796,37.56513],[126.93781,37.56513],[126.93777,37.56511],[126.93773,37.56508],[126.93729,37.56516],[126.93728,37.56519],[126.93733,37.56521],[126.93736,37.56522],[126.93739,37.56525],[126.93742,37.56531],[126.93744,37.56537],[126.93745,37.56539],[126.93761,37.56585]]]}},{"type":"Feature","properties":{"id":880659983},"geometry":{"type":"Polygon","coordinates":[[[127.16987,37.61164],[127.1699,37.61159],[127.16998,37.61145],[127.17046,37.61063],[127.17073,37.61073],[127.17014,37.61174],[127.16987,37.61164]]]}},{"type":"Feature","properties":{"id":880708987},"geometry":{"type":"Polygon","coordinates":[[[126.95146,37.59466],[126.95136,37.59447],[126.95159,37.59429],[126.95178,37.59399],[126.95205,37.59347],[126.95211,37.59333],[126.95224,37.59319],[126.95265,37.59326],[126.95272,37.59347],[126.95279,37.59375],[126.95294,37.59433],[126.95268,37.59441],[126.95258,37.59433],[126.95247,37.59431],[126.95234,37.59433],[126.95218,37.59443],[126.95195,37.59451],[126.95146,37.59466]]]}},{"type":"Feature","properties":{"id":880756653},"geometry":{"type":"Polygon","coordinates":[[[126.73266,37.44732],[126.73226,37.44653],[126.7327,37.44637],[126.73278,37.44655],[126.73283,37.44671],[126.73305,37.4471],[126.73266,37.44732]]]}},{"type":"Feature","properties":{"id":880756656},"geometry":{"type":"Polygon","coordinates":[[[126.73903,37.45063],[126.73944,37.45061],[126.73938,37.45004],[126.73952,37.45003],[126.73948,37.44956],[126.73896,37.4496],[126.73903,37.45063]]]}},{"type":"Feature","properties":{"id":880851556},"geometry":{"type":"Polygon","coordinates":[[[126.95261,37.58896],[126.95282,37.58891],[126.95323,37.58894],[126.95324,37.58906],[126.9533,37.58915],[126.95348,37.58935],[126.95355,37.58943],[126.95364,37.5895],[126.95367,37.58952],[126.95304,37.5896],[126.95297,37.58935],[126.9528,37.58922],[126.95257,37.5893],[126.95261,37.58896]]]}},{"type":"Feature","properties":{"id":881216159},"geometry":{"type":"Polygon","coordinates":[[[126.86453,37.51991],[126.86496,37.52006],[126.86464,37.52063],[126.86421,37.52048],[126.86453,37.51991]]]}},{"type":"Feature","properties":{"id":881216160},"geometry":{"type":"Polygon","coordinates":[[[126.86125,37.5176],[126.86197,37.51782],[126.86242,37.51774],[126.86308,37.51796],[126.86326,37.51762],[126.86277,37.51746],[126.86278,37.51752],[126.86205,37.51761],[126.86136,37.51739],[126.86125,37.5176]]]}},{"type":"Feature","properties":{"id":881262241},"geometry":{"type":"Polygon","coordinates":[[[126.84498,37.49489],[126.8457,37.49503],[126.8461,37.4951],[126.84611,37.49509],[126.84635,37.49443],[126.84526,37.49419],[126.84501,37.49482],[126.845,37.49485],[126.84499,37.49487],[126.84498,37.49489]]]}},{"type":"Feature","properties":{"id":882019239},"geometry":{"type":"Polygon","coordinates":[[[127.1938,37.50469],[127.1937,37.50475],[127.1938,37.50494],[127.19398,37.50505],[127.19433,37.50521],[127.19474,37.5054],[127.19508,37.50556],[127.19531,37.50572],[127.1956,37.50581],[127.19567,37.50565],[127.19511,37.50537],[127.19457,37.50509],[127.19414,37.50488],[127.1938,37.50469]]]}},{"type":"Feature","properties":{"id":882019244},"geometry":{"type":"Polygon","coordinates":[[[127.19245,37.50452],[127.19261,37.50449],[127.1928,37.50452],[127.19303,37.50461],[127.19322,37.50467],[127.1934,37.50467],[127.19348,37.50454],[127.19329,37.50445],[127.19294,37.50427],[127.19274,37.50422],[127.19255,37.50434],[127.1924,37.50441],[127.19245,37.50452]]]}},{"type":"Feature","properties":{"id":883210549},"geometry":{"type":"Polygon","coordinates":[[[127.02049,37.56044],[127.02069,37.56042],[127.02069,37.56038],[127.02096,37.56048],[127.02098,37.56056],[127.02063,37.56087],[127.02055,37.56083],[127.02041,37.56096],[127.02036,37.56093],[127.02045,37.56082],[127.02036,37.56074],[127.02018,37.56085],[127.0201,37.56074],[127.01997,37.56077],[127.01991,37.56072],[127.02032,37.5606],[127.02051,37.56052],[127.02049,37.56044]]]}},{"type":"Feature","properties":{"id":884158831},"geometry":{"type":"Polygon","coordinates":[[[126.91409,37.65232],[126.91427,37.65191],[126.91347,37.6517],[126.91341,37.65168],[126.91343,37.65153],[126.91355,37.6513],[126.91364,37.65103],[126.91363,37.65092],[126.91353,37.65075],[126.91366,37.65071],[126.91381,37.65067],[126.91393,37.65086],[126.91421,37.65106],[126.9146,37.65113],[126.9149,37.65124],[126.91511,37.6516],[126.91528,37.65176],[126.91546,37.65182],[126.91594,37.65186],[126.91659,37.65154],[126.91655,37.65165],[126.91642,37.652],[126.91638,37.65208],[126.91528,37.65207],[126.91529,37.65245],[126.91522,37.65245],[126.91437,37.65227],[126.91434,37.65238],[126.91421,37.65235],[126.91409,37.65232]]]}},{"type":"Feature","properties":{"id":885223841},"geometry":{"type":"Polygon","coordinates":[[[126.88718,37.59468],[126.8864,37.595],[126.88639,37.59512],[126.88667,37.59551],[126.88688,37.5958],[126.88696,37.596],[126.8871,37.59623],[126.88791,37.59761],[126.88799,37.59748],[126.8886,37.59669],[126.88902,37.59672],[126.88927,37.59673],[126.88933,37.59674],[126.88924,37.59659],[126.88916,37.59647],[126.88898,37.59627],[126.88874,37.59607],[126.88862,37.59596],[126.88845,37.59586],[126.88813,37.59566],[126.88763,37.59505],[126.88741,37.59478],[126.88718,37.59468]]]}},{"type":"Feature","properties":{"id":885224172},"geometry":{"type":"Polygon","coordinates":[[[126.89357,37.60651],[126.89327,37.60602],[126.89326,37.60596],[126.8932,37.60562],[126.89324,37.60562],[126.89335,37.60562],[126.8935,37.60561],[126.89356,37.6056],[126.89361,37.6056],[126.89364,37.60593],[126.89369,37.60616],[126.89417,37.60671],[126.89452,37.60689],[126.89508,37.60669],[126.89558,37.60647],[126.89534,37.60664],[126.89508,37.60682],[126.89448,37.60705],[126.89436,37.6071],[126.8934,37.60748],[126.89323,37.60745],[126.89315,37.60715],[126.89309,37.6069],[126.89307,37.60684],[126.89347,37.60669],[126.89357,37.60651]]]}},{"type":"Feature","properties":{"id":885797540},"geometry":{"type":"Polygon","coordinates":[[[127.12058,37.66662],[127.12018,37.6663],[127.12015,37.66623],[127.12021,37.66608],[127.12028,37.66591],[127.12036,37.66593],[127.12084,37.66618],[127.12058,37.66662]]]}},{"type":"Feature","properties":{"id":886167396},"geometry":{"type":"Polygon","coordinates":[[[126.79862,37.47596],[126.79989,37.47591],[126.79986,37.47548],[126.79859,37.47554],[126.79862,37.47596]]]}},{"type":"Feature","properties":{"id":886167398},"geometry":{"type":"Polygon","coordinates":[[[126.79402,37.47417],[126.79478,37.47417],[126.79478,37.47361],[126.79402,37.47359],[126.79402,37.47417]]]}},{"type":"Feature","properties":{"id":887712955},"geometry":{"type":"Polygon","coordinates":[[[127.16063,37.55034],[127.16085,37.55045],[127.16119,37.55066],[127.16161,37.55094],[127.1617,37.551],[127.16156,37.55112],[127.16147,37.55123],[127.1613,37.55134],[127.16112,37.55144],[127.16093,37.5515],[127.16048,37.55155],[127.16045,37.55167],[127.1604,37.55176],[127.16045,37.55192],[127.16065,37.55193],[127.16086,37.5519],[127.16131,37.5518],[127.16162,37.55167],[127.16207,37.55147],[127.16227,37.55119],[127.16256,37.55118],[127.16284,37.55116],[127.16319,37.55109],[127.16366,37.55095],[127.16365,37.55106],[127.16364,37.55109],[127.16364,37.55139],[127.16386,37.55139],[127.16387,37.55145],[127.16407,37.55145],[127.16408,37.55139],[127.16461,37.55139],[127.16461,37.55161],[127.16462,37.55187],[127.16505,37.55187],[127.16504,37.55215],[127.16504,37.55243],[127.1647,37.55235],[127.16451,37.5524],[127.16436,37.55235],[127.1642,37.55236],[127.16383,37.55257],[127.16376,37.5527],[127.16375,37.55278],[127.16386,37.5529],[127.16402,37.55293],[127.1642,37.55301],[127.16428,37.55308],[127.16433,37.55321],[127.16436,37.55332],[127.16451,37.55343],[127.16464,37.55349],[127.16472,37.55355],[127.16478,37.5536],[127.165,37.55364],[127.165,37.55383],[127.16504,37.55408],[127.16518,37.55437],[127.16534,37.55461],[127.16546,37.55478],[127.16549,37.55494],[127.16556,37.55526],[127.16552,37.55543],[127.16549,37.55545],[127.16495,37.55533],[127.16438,37.55499],[127.16397,37.55481],[127.16373,37.55506],[127.16351,37.55495],[127.16331,37.55516],[127.16337,37.55552],[127.16409,37.55579],[127.1639,37.55601],[127.16409,37.55631],[127.16026,37.55579],[127.16005,37.55576],[127.15986,37.55574],[127.15955,37.5557],[127.15699,37.55535],[127.15689,37.55391],[127.15745,37.554],[127.1576,37.55405],[127.15791,37.55421],[127.15799,37.55415],[127.15801,37.55414],[127.15802,37.55413],[127.15807,37.55403],[127.15798,37.553],[127.15782,37.55303],[127.15755,37.55299],[127.15736,37.55297],[127.15727,37.55287],[127.1572,37.55276],[127.15717,37.55205],[127.15717,37.55194],[127.15712,37.5519],[127.15697,37.55188],[127.15677,37.55188],[127.15669,37.55047],[127.15689,37.55048],[127.15705,37.55053],[127.15718,37.55026],[127.15739,37.55018],[127.15742,37.55001],[127.1572,37.54982],[127.15725,37.54944],[127.15722,37.54941],[127.15669,37.54926],[127.15661,37.54935],[127.15661,37.54924],[127.15665,37.54923],[127.15737,37.54942],[127.15814,37.54964],[127.15896,37.54987],[127.15895,37.55011],[127.15907,37.55013],[127.15904,37.55028],[127.15924,37.55031],[127.15922,37.55044],[127.15929,37.5505],[127.15942,37.55051],[127.1594,37.55065],[127.1594,37.55068],[127.15941,37.55071],[127.15944,37.55073],[127.15949,37.55074],[127.1594,37.55116],[127.15942,37.55122],[127.1597,37.55127],[127.16002,37.55131],[127.16034,37.5512],[127.16042,37.551],[127.16048,37.55072],[127.16054,37.55068],[127.16063,37.55034]]]}},{"type":"Feature","properties":{"id":888809617},"geometry":{"type":"Polygon","coordinates":[[[126.98031,37.49356],[126.98064,37.49353],[126.98081,37.49355],[126.98091,37.49372],[126.97951,37.4941],[126.98009,37.49373],[126.98031,37.49356]]]}},{"type":"Feature","properties":{"id":889571140},"geometry":{"type":"Polygon","coordinates":[[[127.01128,37.45653],[127.01068,37.45622],[127.01096,37.45565],[127.01116,37.4556],[127.01322,37.45579],[127.01431,37.45567],[127.01466,37.45564],[127.01594,37.45564],[127.0163,37.45567],[127.01669,37.4557],[127.01687,37.45586],[127.01628,37.45578],[127.01566,37.45585],[127.01535,37.45607],[127.01474,37.45601],[127.01429,37.45601],[127.01378,37.45584],[127.01272,37.45588],[127.01142,37.45574],[127.01128,37.45653]]]}},{"type":"Feature","properties":{"id":890010045},"geometry":{"type":"Polygon","coordinates":[[[127.15187,37.5098],[127.15258,37.50952],[127.15284,37.50991],[127.15371,37.5096],[127.15398,37.50996],[127.15424,37.51042],[127.15333,37.51073],[127.15306,37.5108],[127.15265,37.51065],[127.15275,37.51047],[127.15248,37.51026],[127.15218,37.51036],[127.15187,37.5098]]]}},{"type":"Feature","properties":{"id":890010050},"geometry":{"type":"Polygon","coordinates":[[[127.1545,37.50848],[127.15431,37.50812],[127.15432,37.50803],[127.15569,37.50758],[127.15582,37.50785],[127.15609,37.50799],[127.15638,37.50804],[127.15665,37.50819],[127.1569,37.50844],[127.15715,37.50878],[127.15823,37.50853],[127.15866,37.50838],[127.15875,37.50856],[127.15825,37.50869],[127.15716,37.50889],[127.15619,37.5091],[127.15563,37.50928],[127.15554,37.50914],[127.15567,37.50908],[127.15591,37.50898],[127.15556,37.5087],[127.15521,37.50853],[127.15484,37.50838],[127.1545,37.50848]]]}},{"type":"Feature","properties":{"id":890010053},"geometry":{"type":"Polygon","coordinates":[[[127.15898,37.50851],[127.15983,37.50818],[127.16016,37.50874],[127.16031,37.50869],[127.16095,37.50978],[127.16119,37.50968],[127.16021,37.50799],[127.1623,37.50723],[127.16223,37.50706],[127.1601,37.50785],[127.15915,37.50613],[127.1589,37.50628],[127.15953,37.50731],[127.15911,37.50747],[127.15931,37.50786],[127.15873,37.50806],[127.15898,37.50851]]]}},{"type":"Feature","properties":{"id":890010054},"geometry":{"type":"Polygon","coordinates":[[[127.16251,37.50699],[127.1631,37.50676],[127.16376,37.50649],[127.16488,37.50675],[127.1649,37.50682],[127.16422,37.50707],[127.16287,37.50757],[127.16251,37.50699]]]}},{"type":"Feature","properties":{"id":890208928},"geometry":{"type":"Polygon","coordinates":[[[126.86569,37.51354],[126.86626,37.51374],[126.8665,37.51334],[126.86592,37.51314],[126.86569,37.51354]]]}},{"type":"Feature","properties":{"id":890918935},"geometry":{"type":"Polygon","coordinates":[[[127.14669,37.47009],[127.14611,37.46928],[127.14626,37.46929],[127.14642,37.46928],[127.14657,37.46926],[127.14672,37.46924],[127.14788,37.46902],[127.14801,37.46902],[127.14801,37.46916],[127.14802,37.46951],[127.1476,37.46952],[127.14761,37.46991],[127.14721,37.47001],[127.14682,37.47012],[127.14669,37.47009]]]}},{"type":"Feature","properties":{"id":890918938},"geometry":{"type":"Polygon","coordinates":[[[127.1476,37.47658],[127.14758,37.47622],[127.14772,37.47621],[127.14894,37.47617],[127.14917,37.47614],[127.14941,37.4761],[127.14961,37.47607],[127.14981,37.47601],[127.15001,37.47596],[127.1502,37.47589],[127.1504,37.47579],[127.15059,37.47568],[127.1508,37.47601],[127.1506,37.47612],[127.15039,37.47622],[127.15018,37.47631],[127.14997,37.4764],[127.14995,37.47641],[127.14982,37.47643],[127.14969,37.47646],[127.14954,37.47648],[127.14938,37.47649],[127.14918,37.47651],[127.14877,37.47653],[127.14875,37.47653],[127.14772,37.47657],[127.1476,37.47658]]]}},{"type":"Feature","properties":{"id":892201102},"geometry":{"type":"Polygon","coordinates":[[[127.03014,37.50097],[127.0309,37.50121],[127.03082,37.5014],[127.03112,37.50149],[127.03103,37.50174],[127.03098,37.50172],[127.03099,37.50169],[127.03084,37.50165],[127.0308,37.50172],[127.03017,37.50155],[127.02993,37.50198],[127.02983,37.50195],[127.02985,37.5016],[127.03014,37.50097]]]}},{"type":"Feature","properties":{"id":892202091},"geometry":{"type":"Polygon","coordinates":[[[127.02991,37.50123],[127.02922,37.501],[127.02914,37.50114],[127.02935,37.50147],[127.02951,37.50176],[127.02957,37.50199],[127.02946,37.50226],[127.0293,37.50258],[127.02941,37.5027],[127.02965,37.50298],[127.02976,37.50291],[127.02948,37.50266],[127.02945,37.50257],[127.02961,37.50205],[127.02963,37.50182],[127.02991,37.50123]]]}},{"type":"Feature","properties":{"id":893207875},"geometry":{"type":"Polygon","coordinates":[[[127.13281,37.45088],[127.13377,37.45125],[127.13409,37.45158],[127.13435,37.45162],[127.13446,37.45161],[127.13456,37.45155],[127.13478,37.45141],[127.1347,37.45125],[127.1347,37.45116],[127.1347,37.45104],[127.13469,37.45092],[127.13465,37.45078],[127.13309,37.4503],[127.13281,37.45088]]]}},{"type":"Feature","properties":{"id":894634600},"geometry":{"type":"Polygon","coordinates":[[[127.05752,37.55504],[127.05751,37.55509],[127.05715,37.55512],[127.0571,37.55506],[127.05647,37.55511],[127.0561,37.55522],[127.0556,37.55518],[127.05559,37.55548],[127.05547,37.55723],[127.05566,37.55736],[127.05589,37.55735],[127.05586,37.55751],[127.05598,37.55789],[127.05636,37.55805],[127.05668,37.55803],[127.0569,37.55833],[127.05844,37.55831],[127.05829,37.55556],[127.05805,37.55497],[127.05752,37.55504]]]}},{"type":"Feature","properties":{"id":894806073},"geometry":{"type":"Polygon","coordinates":[[[126.76384,37.47861],[126.76387,37.47846],[126.76365,37.47818],[126.76367,37.47798],[126.76405,37.47732],[126.76398,37.47714],[126.76434,37.47687],[126.76479,37.47689],[126.76512,37.47725],[126.76537,37.47745],[126.76549,37.47755],[126.76583,37.47776],[126.76606,37.47795],[126.76386,37.47861],[126.76384,37.47861]]]}},{"type":"Feature","properties":{"id":895427759},"geometry":{"type":"Polygon","coordinates":[[[126.83776,37.51761],[126.8375,37.51822],[126.83732,37.51846],[126.83717,37.51859],[126.83708,37.51852],[126.83706,37.51846],[126.83707,37.51839],[126.83708,37.51836],[126.83743,37.51766],[126.83743,37.51761],[126.83678,37.51716],[126.83652,37.51705],[126.83654,37.51701],[126.83683,37.5171],[126.83751,37.51752],[126.83773,37.51758],[126.83776,37.51761]]]}},{"type":"Feature","properties":{"id":895482723},"geometry":{"type":"Polygon","coordinates":[[[127.13118,37.55955],[127.13089,37.559],[127.12999,37.55643],[127.12998,37.55636],[127.13001,37.55631],[127.13006,37.55626],[127.13011,37.55623],[127.13023,37.55622],[127.13033,37.55624],[127.1309,37.55637],[127.13218,37.55655],[127.13348,37.55669],[127.13462,37.55686],[127.13464,37.55689],[127.13255,37.55853],[127.13118,37.55955]]]}},{"type":"Feature","properties":{"id":896099312},"geometry":{"type":"Polygon","coordinates":[[[127.05113,37.4559],[127.05044,37.45541],[127.0509,37.455],[127.05145,37.45389],[127.05163,37.45344],[127.05092,37.45309],[127.05056,37.4533],[127.05035,37.45337],[127.05026,37.45332],[127.05087,37.45268],[127.05184,37.45158],[127.05322,37.45],[127.05341,37.44997],[127.0539,37.45026],[127.05413,37.45122],[127.05408,37.45157],[127.05394,37.45202],[127.05376,37.45226],[127.05315,37.45265],[127.05293,37.45293],[127.05282,37.45334],[127.05251,37.45375],[127.05229,37.45401],[127.05179,37.45472],[127.05168,37.45482],[127.05149,37.45574],[127.05113,37.4559]]]}},{"type":"Feature","properties":{"id":897758496},"geometry":{"type":"Polygon","coordinates":[[[127.1593,37.6265],[127.15929,37.62613],[127.15948,37.62619],[127.15974,37.62631],[127.15996,37.62647],[127.16012,37.62666],[127.1602,37.62683],[127.16028,37.62704],[127.16028,37.62706],[127.16023,37.62708],[127.16012,37.6271],[127.16009,37.62711],[127.16007,37.62711],[127.16003,37.62711],[127.16003,37.62668],[127.15979,37.6265],[127.1593,37.6265]]]}},{"type":"Feature","properties":{"id":897758497},"geometry":{"type":"Polygon","coordinates":[[[127.15922,37.62834],[127.15937,37.62832],[127.1597,37.62827],[127.16,37.62822],[127.16035,37.62815],[127.16062,37.62809],[127.16067,37.62807],[127.16035,37.62719],[127.16033,37.62718],[127.16031,37.62718],[127.16015,37.62722],[127.16007,37.62724],[127.1593,37.62724],[127.15922,37.62724],[127.15922,37.62823],[127.15922,37.62834]]]}},{"type":"Feature","properties":{"id":897991463},"geometry":{"type":"Polygon","coordinates":[[[126.99064,37.5234],[126.9906,37.52156],[126.99034,37.52124],[126.9894,37.52044],[126.9876,37.5204],[126.98747,37.52046],[126.98776,37.5207],[126.98808,37.52139],[126.98858,37.52242],[126.98875,37.52296],[126.98882,37.52323],[126.99054,37.52339],[126.99064,37.5234]]]}},{"type":"Feature","properties":{"id":899355026},"geometry":{"type":"Polygon","coordinates":[[[127.16479,37.61972],[127.16452,37.61975],[127.16446,37.61969],[127.16391,37.6182],[127.16405,37.61817],[127.16426,37.61813],[127.16479,37.61972]]]}},{"type":"Feature","properties":{"id":899771698},"geometry":{"type":"Polygon","coordinates":[[[126.89111,37.44858],[126.89209,37.449],[126.89221,37.44881],[126.89117,37.44839],[126.89111,37.44858]]]}},{"type":"Feature","properties":{"id":900203756},"geometry":{"type":"Polygon","coordinates":[[[127.06152,37.50232],[127.06153,37.50227],[127.06158,37.50205],[127.0623,37.50135],[127.06269,37.50161],[127.06272,37.50163],[127.06199,37.50234],[127.06152,37.50232]]]}},{"type":"Feature","properties":{"id":900582414},"geometry":{"type":"Polygon","coordinates":[[[127.03226,37.47041],[127.0325,37.47056],[127.03328,37.46977],[127.03305,37.46962],[127.03226,37.47041]]]}},{"type":"Feature","properties":{"id":901455442},"geometry":{"type":"Polygon","coordinates":[[[127.17063,37.57353],[127.17063,37.57364],[127.16947,37.57529],[127.16857,37.57464],[127.16824,37.57407],[127.16813,37.57357],[127.16824,37.57292],[127.16861,37.57301],[127.17063,37.57353]]]}},{"type":"Feature","properties":{"id":902158869},"geometry":{"type":"Polygon","coordinates":[[[127.16514,37.61297],[127.16565,37.61318],[127.16571,37.61317],[127.16596,37.61275],[127.16595,37.61272],[127.16542,37.61253],[127.16541,37.61255],[127.16515,37.61296],[127.16514,37.61297]]]}},{"type":"Feature","properties":{"id":903620068},"geometry":{"type":"Polygon","coordinates":[[[126.89812,37.53851],[126.89822,37.5385],[126.89853,37.53777],[126.89849,37.53773],[126.89776,37.53807],[126.89777,37.53817],[126.89812,37.53851]]]}},{"type":"Feature","properties":{"id":903979740},"geometry":{"type":"Polygon","coordinates":[[[126.7304,37.67105],[126.73008,37.6709],[126.72997,37.67075],[126.72992,37.67063],[126.72987,37.67049],[126.72981,37.67034],[126.72966,37.66997],[126.7296,37.66977],[126.73049,37.67002],[126.731,37.67012],[126.7304,37.67105]]]}},{"type":"Feature","properties":{"id":905733587},"geometry":{"type":"Polygon","coordinates":[[[127.13778,37.49846],[127.13826,37.49891],[127.13931,37.49825],[127.13922,37.49817],[127.13786,37.49841],[127.13778,37.49846]]]}},{"type":"Feature","properties":{"id":906958778},"geometry":{"type":"Polygon","coordinates":[[[127.17369,37.59564],[127.17498,37.59556],[127.17511,37.59641],[127.17546,37.59639],[127.17698,37.59624],[127.17722,37.59628],[127.17733,37.59631],[127.17742,37.59634],[127.17751,37.59628],[127.17714,37.59598],[127.17674,37.59577],[127.17638,37.59552],[127.17571,37.59513],[127.17552,37.59506],[127.17525,37.595],[127.17479,37.59498],[127.17424,37.59496],[127.17412,37.59497],[127.17403,37.59498],[127.17389,37.59499],[127.17376,37.59506],[127.17365,37.59519],[127.17365,37.59533],[127.17365,37.59543],[127.17369,37.59564]]]}},{"type":"Feature","properties":{"id":906958796},"geometry":{"type":"Polygon","coordinates":[[[127.17382,37.59712],[127.17378,37.59681],[127.17378,37.59675],[127.17382,37.59671],[127.17385,37.59668],[127.17418,37.59666],[127.17435,37.59662],[127.17499,37.59656],[127.17574,37.59651],[127.17688,37.59646],[127.17704,37.59647],[127.17718,37.59649],[127.17732,37.59654],[127.17749,37.59665],[127.1776,37.59671],[127.17778,37.59685],[127.1779,37.59697],[127.17795,37.5971],[127.17662,37.5972],[127.1767,37.59815],[127.17501,37.59828],[127.17486,37.59829],[127.17476,37.59712],[127.17468,37.59705],[127.17457,37.59703],[127.17435,37.59704],[127.17382,37.59712]]]}},{"type":"Feature","properties":{"id":907615013},"geometry":{"type":"Polygon","coordinates":[[[127.21793,37.54952],[127.21779,37.54954],[127.21771,37.54962],[127.21747,37.54971],[127.2173,37.54972],[127.21714,37.54972],[127.21702,37.54972],[127.21691,37.54974],[127.21678,37.54978],[127.21665,37.54982],[127.21625,37.55006],[127.21573,37.55039],[127.21499,37.55085],[127.21479,37.551],[127.21466,37.55112],[127.21459,37.55107],[127.21445,37.55119],[127.21429,37.55131],[127.21404,37.5515],[127.21386,37.55165],[127.21327,37.55216],[127.21273,37.55262],[127.21237,37.55293],[127.21122,37.55393],[127.21065,37.55448],[127.21029,37.55481],[127.21034,37.55486],[127.21,37.55509],[127.20968,37.55533],[127.20809,37.55671],[127.20448,37.55988],[127.20411,37.56029],[127.20406,37.56039],[127.2041,37.56048],[127.20388,37.56067],[127.20373,37.56066],[127.20363,37.56069],[127.20353,37.56074],[127.20309,37.5611],[127.2029,37.56127],[127.20251,37.56159],[127.2021,37.56198],[127.20168,37.5624],[127.201,37.56309],[127.20073,37.56343],[127.20013,37.56418],[127.19974,37.56468],[127.19918,37.56543],[127.19895,37.56578],[127.19872,37.56615],[127.19862,37.56635],[127.19846,37.56668],[127.19832,37.56696],[127.19781,37.56799],[127.19778,37.56816],[127.19744,37.56893],[127.19744,37.56904],[127.1975,37.56913],[127.19833,37.56944],[127.1989,37.56965],[127.19923,37.56977],[127.19929,37.5698],[127.19934,37.56978],[127.19946,37.56982],[127.19959,37.56987],[127.1996,37.56989],[127.20063,37.57029],[127.20083,37.56992],[127.20276,37.56787],[127.20371,37.56693],[127.20432,37.56635],[127.20607,37.5642],[127.20683,37.5631],[127.2079,37.56176],[127.20874,37.56121],[127.21035,37.56068],[127.21082,37.56033],[127.21202,37.55835],[127.21718,37.55306],[127.21826,37.55019],[127.21812,37.5496],[127.21793,37.54952]]]}},{"type":"Feature","properties":{"id":908317180},"geometry":{"type":"Polygon","coordinates":[[[127.14871,37.49414],[127.14786,37.49349],[127.14785,37.49343],[127.1479,37.49339],[127.14899,37.49334],[127.1491,37.49325],[127.14902,37.49364],[127.14894,37.49379],[127.14871,37.49414]]]}},{"type":"Feature","properties":{"id":910465715},"geometry":{"type":"Polygon","coordinates":[[[127.03716,37.48063],[127.03685,37.48047],[127.03643,37.48031],[127.03639,37.48017],[127.03625,37.48006],[127.03609,37.47969],[127.03567,37.47956],[127.03567,37.47938],[127.03659,37.47954],[127.0367,37.47971],[127.03657,37.47987],[127.03659,37.47996],[127.03695,37.48004],[127.03708,37.47989],[127.03713,37.47958],[127.03736,37.4795],[127.03747,37.4794],[127.03749,37.47929],[127.03799,37.47937],[127.03789,37.47963],[127.0379,37.47981],[127.03786,37.47991],[127.03768,37.48026],[127.03759,37.48042],[127.03734,37.48086],[127.03716,37.48063]]]}},{"type":"Feature","properties":{"id":910553048},"geometry":{"type":"Polygon","coordinates":[[[126.86543,37.55893],[126.86573,37.55917],[126.86716,37.55959],[126.86777,37.55991],[126.86809,37.55989],[126.86892,37.55931],[126.8697,37.55866],[126.87127,37.55719],[126.87245,37.55625],[126.87238,37.55618],[126.87221,37.55622],[126.87177,37.55652],[126.87175,37.55662],[126.87115,37.55711],[126.87059,37.55762],[126.87033,37.55771],[126.86989,37.55748],[126.86942,37.55757],[126.86911,37.55782],[126.86901,37.55757],[126.86893,37.55698],[126.86897,37.55648],[126.86849,37.55624],[126.86828,37.55606],[126.8678,37.55631],[126.86794,37.55703],[126.86801,37.55727],[126.86732,37.55742],[126.86717,37.55728],[126.86713,37.55756],[126.86707,37.55766],[126.86678,37.55778],[126.86634,37.55829],[126.86583,37.5586],[126.86561,37.55866],[126.86543,37.55893]]]}},{"type":"Feature","properties":{"id":912229655},"geometry":{"type":"Polygon","coordinates":[[[127.13036,37.50352],[127.13072,37.503],[127.13143,37.50335],[127.13149,37.50345],[127.13094,37.50389],[127.13036,37.50352]]]}},{"type":"Feature","properties":{"id":913035662},"geometry":{"type":"Polygon","coordinates":[[[127.02158,37.50229],[127.0205,37.50199],[127.02042,37.50196],[127.02055,37.50165],[127.02173,37.50197],[127.02158,37.50229]]]}},{"type":"Feature","properties":{"id":914567852},"geometry":{"type":"Polygon","coordinates":[[[127.12238,37.64931],[127.12221,37.64917],[127.12289,37.64875],[127.12307,37.64888],[127.12284,37.64908],[127.12238,37.64931]]]}},{"type":"Feature","properties":{"id":915470883},"geometry":{"type":"Polygon","coordinates":[[[127.01334,37.56099],[127.01348,37.56094],[127.01341,37.56081],[127.01359,37.56074],[127.01356,37.56067],[127.01382,37.56057],[127.01374,37.56041],[127.01368,37.5604],[127.01307,37.56063],[127.01334,37.56099]]]}},{"type":"Feature","properties":{"id":915761312},"geometry":{"type":"Polygon","coordinates":[[[126.91595,37.5992],[126.91598,37.59922],[126.91618,37.5993],[126.91641,37.59947],[126.91643,37.59949],[126.91642,37.59952],[126.91641,37.59955],[126.91633,37.59961],[126.91626,37.59966],[126.91623,37.59973],[126.91621,37.59985],[126.9162,37.59998],[126.91619,37.59999],[126.91616,37.6],[126.91608,37.59996],[126.91588,37.59923],[126.91588,37.5992],[126.9159,37.59919],[126.91595,37.5992]]]}},{"type":"Feature","properties":{"id":916132637},"geometry":{"type":"Polygon","coordinates":[[[127.13613,37.4818],[127.13681,37.48192],[127.13699,37.48313],[127.13705,37.48331],[127.13657,37.48335],[127.13651,37.48329],[127.13646,37.4831],[127.13641,37.48301],[127.13632,37.48256],[127.13626,37.48237],[127.13612,37.48184],[127.13613,37.4818]]]}},{"type":"Feature","properties":{"id":916186719},"geometry":{"type":"Polygon","coordinates":[[[126.90513,37.59899],[126.90532,37.59903],[126.90546,37.5987],[126.90565,37.59841],[126.90571,37.59835],[126.90567,37.5983],[126.9056,37.59829],[126.90545,37.59846],[126.90525,37.59867],[126.90522,37.59872],[126.90518,37.59881],[126.90513,37.59899]]]}},{"type":"Feature","properties":{"id":917766166},"geometry":{"type":"Polygon","coordinates":[[[126.92335,37.67554],[126.92381,37.67425],[126.92449,37.67463],[126.92484,37.67472],[126.92515,37.6751],[126.92511,37.67532],[126.92468,37.67546],[126.92441,37.67563],[126.92335,37.67554]]]}},{"type":"Feature","properties":{"id":917766168},"geometry":{"type":"Polygon","coordinates":[[[126.91911,37.68924],[126.91848,37.68816],[126.92021,37.68765],[126.92064,37.6876],[126.92173,37.68807],[126.92175,37.68821],[126.92107,37.68892],[126.91911,37.68924]]]}},{"type":"Feature","properties":{"id":919220799},"geometry":{"type":"Polygon","coordinates":[[[126.85786,37.5642],[126.85778,37.56401],[126.8579,37.56405],[126.85792,37.56412],[126.858,37.56412],[126.85995,37.56422],[126.86118,37.56348],[126.86416,37.56167],[126.86424,37.56171],[126.86642,37.56043],[126.86719,37.55995],[126.86719,37.55982],[126.8673,37.55985],[126.86735,37.55987],[126.86739,37.55991],[126.86649,37.56046],[126.86673,37.56071],[126.8655,37.56147],[126.86365,37.56253],[126.86096,37.564],[126.86057,37.56414],[126.85995,37.56429],[126.85963,37.56433],[126.85925,37.56436],[126.85832,37.56429],[126.85801,37.56425],[126.85786,37.5642]]]}},{"type":"Feature","properties":{"id":919225543},"geometry":{"type":"Polygon","coordinates":[[[126.86338,37.56207],[126.86277,37.56138],[126.86246,37.56155],[126.86307,37.56224],[126.86338,37.56207]]]}},{"type":"Feature","properties":{"id":921902039},"geometry":{"type":"Polygon","coordinates":[[[126.98481,37.52479],[126.98445,37.52482],[126.98308,37.52491],[126.98312,37.52309],[126.98262,37.52304],[126.98192,37.52235],[126.98165,37.52183],[126.98177,37.52098],[126.98123,37.52054],[126.98089,37.52056],[126.98251,37.52007],[126.98291,37.51999],[126.983,37.51998],[126.98336,37.51997],[126.98438,37.51995],[126.98477,37.51999],[126.98529,37.52006],[126.98474,37.52119],[126.9848,37.52305],[126.98463,37.52351],[126.98476,37.52456],[126.98481,37.52479]]]}},{"type":"Feature","properties":{"id":923322713},"geometry":{"type":"Polygon","coordinates":[[[126.93355,37.55068],[126.93358,37.5501],[126.93364,37.55006],[126.93428,37.55004],[126.9343,37.55067],[126.93355,37.55068]]]}},{"type":"Feature","properties":{"id":927483071},"geometry":{"type":"Polygon","coordinates":[[[127.04767,37.56937],[127.04823,37.56975],[127.04825,37.56983],[127.04809,37.56994],[127.04649,37.5707],[127.04617,37.57084],[127.04648,37.57054],[127.04682,37.57026],[127.04709,37.56996],[127.04721,37.57002],[127.04747,37.5697],[127.04744,37.56966],[127.04748,37.56963],[127.04767,37.56937]]]}},{"type":"Feature","properties":{"id":934528529},"geometry":{"type":"Polygon","coordinates":[[[127.16715,37.60231],[127.1669,37.60239],[127.16666,37.60242],[127.16657,37.60231],[127.16644,37.60217],[127.16647,37.60181],[127.16662,37.60161],[127.16787,37.60163],[127.16791,37.60147],[127.168,37.60146],[127.1678,37.60195],[127.16769,37.60202],[127.16732,37.60213],[127.16715,37.60231]]]}},{"type":"Feature","properties":{"id":935013459},"geometry":{"type":"Polygon","coordinates":[[[127.11973,37.48486],[127.11694,37.48384],[127.11688,37.48372],[127.11696,37.4836],[127.11709,37.48358],[127.11975,37.48454],[127.11998,37.48466],[127.11973,37.48486]]]}},{"type":"Feature","properties":{"id":935744265},"geometry":{"type":"Polygon","coordinates":[[[127.16582,37.60716],[127.16638,37.6074],[127.16661,37.60741],[127.16662,37.6076],[127.16659,37.60766],[127.16621,37.60784],[127.16619,37.60783],[127.16615,37.60782],[127.16582,37.60716]]]}},{"type":"Feature","properties":{"id":935744277},"geometry":{"type":"Polygon","coordinates":[[[127.16523,37.60523],[127.1657,37.60511],[127.16615,37.60512],[127.16655,37.60519],[127.16734,37.60547],[127.16793,37.60568],[127.16822,37.60581],[127.16847,37.60599],[127.1686,37.60612],[127.16878,37.60638],[127.16891,37.60661],[127.16905,37.6063],[127.16903,37.60608],[127.16897,37.60589],[127.16914,37.60573],[127.16922,37.60553],[127.16919,37.6053],[127.16923,37.60517],[127.16934,37.60505],[127.16934,37.60493],[127.16925,37.60475],[127.16906,37.60463],[127.16865,37.60467],[127.16829,37.60468],[127.16775,37.60448],[127.16757,37.60422],[127.16756,37.60392],[127.16744,37.60391],[127.16718,37.60425],[127.16694,37.60437],[127.16656,37.60444],[127.16636,37.60458],[127.16593,37.60463],[127.16548,37.60458],[127.16519,37.60477],[127.16523,37.60523]]]}},{"type":"Feature","properties":{"id":946212068},"geometry":{"type":"Polygon","coordinates":[[[126.76597,37.59972],[126.76594,37.59835],[126.76622,37.59831],[126.76639,37.59736],[126.76734,37.59668],[126.76758,37.59692],[126.76809,37.59703],[126.76834,37.59723],[126.76843,37.59747],[126.76832,37.59779],[126.76753,37.59887],[126.76736,37.59927],[126.76671,37.59948],[126.76669,37.59973],[126.76597,37.59972]]]}},{"type":"Feature","properties":{"id":946656575},"geometry":{"type":"Polygon","coordinates":[[[127.08121,37.53835],[127.08171,37.53815],[127.08176,37.53839],[127.08185,37.53865],[127.08198,37.53877],[127.08178,37.53871],[127.08134,37.53844],[127.08121,37.53835]]]}},{"type":"Feature","properties":{"id":949907724},"geometry":{"type":"Polygon","coordinates":[[[126.72102,37.53491],[126.72082,37.53492],[126.72052,37.53512],[126.72046,37.53538],[126.72041,37.53542],[126.72006,37.53542],[126.71992,37.53554],[126.71983,37.53566],[126.71943,37.53566],[126.71843,37.53481],[126.71864,37.53471],[126.7193,37.53463],[126.7195,37.53468],[126.72024,37.53377],[126.72037,37.53379],[126.72101,37.53378],[126.72104,37.53381],[126.72102,37.53491]]]}},{"type":"Feature","properties":{"id":954120866},"geometry":{"type":"Polygon","coordinates":[[[127.11111,37.53545],[127.1107,37.53494],[127.11035,37.53447],[127.11003,37.53398],[127.1097,37.53333],[127.10945,37.53268],[127.10908,37.53164],[127.10881,37.53073],[127.10865,37.53025],[127.10852,37.52994],[127.10817,37.5293],[127.10789,37.52888],[127.10751,37.52846],[127.10702,37.52802],[127.10651,37.5275],[127.10601,37.527],[127.10514,37.52622],[127.1044,37.52556],[127.10362,37.52492],[127.10318,37.52456],[127.10248,37.52403],[127.10226,37.52408],[127.10206,37.52412],[127.10035,37.52409],[127.10031,37.52411],[127.10029,37.52412],[127.10029,37.52416],[127.10042,37.52424],[127.10049,37.52428],[127.10061,37.52434],[127.1012,37.52457],[127.10165,37.52478],[127.10182,37.52494],[127.10287,37.52592],[127.10336,37.5264],[127.10465,37.52762],[127.10553,37.52844],[127.10667,37.52962],[127.10694,37.5299],[127.10739,37.53037],[127.10752,37.53057],[127.10758,37.53067],[127.10761,37.5308],[127.10763,37.53094],[127.10765,37.53103],[127.1077,37.53111],[127.10816,37.5318],[127.10845,37.53234],[127.10927,37.53395],[127.10973,37.53482],[127.10993,37.53513],[127.11044,37.53583],[127.113,37.53907],[127.11652,37.54361],[127.11714,37.54451],[127.11735,37.5448],[127.11788,37.54575],[127.11815,37.5464],[127.1183,37.5468],[127.11986,37.54642],[127.12013,37.54715],[127.1203,37.54832],[127.1205,37.54818],[127.12063,37.54803],[127.12124,37.54973],[127.12177,37.5512],[127.12241,37.55292],[127.12277,37.55362],[127.12304,37.55414],[127.12308,37.55421],[127.12319,37.55435],[127.12337,37.55458],[127.12368,37.55496],[127.12381,37.55512],[127.12404,37.55532],[127.12392,37.55504],[127.12378,37.55448],[127.12364,37.55399],[127.12256,37.55049],[127.1223,37.54962],[127.12204,37.54902],[127.12154,37.54752],[127.11891,37.54267],[127.11111,37.53545]]]}},{"type":"Feature","properties":{"id":959050094},"geometry":{"type":"Polygon","coordinates":[[[127.15032,37.46893],[127.15086,37.46885],[127.15202,37.4686],[127.15245,37.46853],[127.15253,37.46838],[127.15429,37.46829],[127.15469,37.46832],[127.15445,37.46815],[127.15446,37.46807],[127.15471,37.46778],[127.15476,37.46771],[127.15472,37.46748],[127.15435,37.46716],[127.15405,37.46699],[127.15364,37.46687],[127.15344,37.46708],[127.15327,37.46716],[127.15315,37.46719],[127.15227,37.4673],[127.15158,37.4674],[127.15149,37.46743],[127.15138,37.46749],[127.15128,37.46757],[127.15109,37.46779],[127.1507,37.46796],[127.15073,37.46803],[127.15072,37.46806],[127.15048,37.46821],[127.15033,37.46832],[127.15025,37.46833],[127.15017,37.46833],[127.15023,37.46845],[127.15028,37.46865],[127.15032,37.46893]]]}},{"type":"Feature","properties":{"id":961506477},"geometry":{"type":"Polygon","coordinates":[[[127.09999,37.52362],[127.10054,37.52365],[127.10176,37.52367],[127.10106,37.52313],[127.09908,37.52197],[127.09836,37.52155],[127.09819,37.52156],[127.09793,37.52147],[127.09732,37.5212],[127.09666,37.52096],[127.09635,37.52091],[127.09534,37.5204],[127.09482,37.51967],[127.09407,37.51937],[127.09401,37.51944],[127.09372,37.51929],[127.09315,37.51903],[127.09282,37.51889],[127.09226,37.51872],[127.0915,37.51845],[127.09129,37.51827],[127.08964,37.51772],[127.08711,37.51733],[127.08455,37.51709],[127.08311,37.51702],[127.08175,37.51702],[127.08026,37.51721],[127.07833,37.51746],[127.07727,37.51763],[127.07434,37.51819],[127.07284,37.51842],[127.07178,37.51848],[127.07094,37.5185],[127.07044,37.51852],[127.06989,37.51855],[127.06922,37.51859],[127.06853,37.51859],[127.06791,37.51862],[127.06769,37.51986],[127.06768,37.51994],[127.06769,37.52],[127.06769,37.52004],[127.06771,37.52008],[127.06773,37.52012],[127.06775,37.52015],[127.06779,37.52019],[127.06783,37.52022],[127.06788,37.52024],[127.06792,37.52027],[127.06796,37.52028],[127.06802,37.52031],[127.06807,37.52031],[127.06813,37.52032],[127.0682,37.52032],[127.06904,37.52018],[127.07009,37.52001],[127.07106,37.51986],[127.07271,37.51966],[127.07416,37.51942],[127.07652,37.51904],[127.07746,37.51888],[127.07832,37.51874],[127.07985,37.51857],[127.08072,37.51848],[127.08103,37.51847],[127.08128,37.51846],[127.08163,37.51846],[127.08192,37.51845],[127.08307,37.51844],[127.08389,37.51847],[127.08482,37.51854],[127.0855,37.51863],[127.08624,37.51873],[127.08725,37.51885],[127.08801,37.51895],[127.08884,37.51906],[127.08967,37.5192],[127.0903,37.51933],[127.09091,37.51948],[127.09161,37.51969],[127.09244,37.51998],[127.09284,37.52016],[127.0935,37.52043],[127.09391,37.52063],[127.09403,37.52069],[127.09463,37.5211],[127.09563,37.52161],[127.09612,37.52188],[127.09796,37.52289],[127.09819,37.52302],[127.09841,37.52312],[127.0987,37.52325],[127.09922,37.52343],[127.09949,37.52351],[127.09969,37.52356],[127.09985,37.5236],[127.09999,37.52362]]]}},{"type":"Feature","properties":{"id":962091532},"geometry":{"type":"Polygon","coordinates":[[[126.89066,37.50815],[126.89109,37.50763],[126.89169,37.50781],[126.89232,37.508],[126.89185,37.50859],[126.89066,37.50815]]]}},{"type":"Feature","properties":{"id":962091533},"geometry":{"type":"Polygon","coordinates":[[[126.88967,37.50966],[126.89013,37.50911],[126.89125,37.50951],[126.89075,37.51023],[126.88985,37.50975],[126.88967,37.50966]]]}},{"type":"Feature","properties":{"id":963365097},"geometry":{"type":"Polygon","coordinates":[[[126.86878,37.64887],[126.86875,37.6487],[126.87022,37.64853],[126.87025,37.64869],[126.86878,37.64887]]]}},{"type":"Feature","properties":{"id":963418699},"geometry":{"type":"Polygon","coordinates":[[[127.09452,37.52103],[127.09512,37.52038],[127.09522,37.52043],[127.09587,37.52075],[127.09647,37.52101],[127.09719,37.52124],[127.098,37.52159],[127.09933,37.52229],[127.10003,37.5227],[127.10069,37.5231],[127.10147,37.52367],[127.09999,37.52362],[127.09841,37.52312],[127.09612,37.52188],[127.09563,37.52161],[127.09452,37.52103]]]}},{"type":"Feature","properties":{"id":964185920},"geometry":{"type":"Polygon","coordinates":[[[126.74856,37.53051],[126.7485,37.53059],[126.74571,37.53051],[126.74685,37.52941],[126.74696,37.52932],[126.74707,37.52928],[126.74763,37.52925],[126.7478,37.52924],[126.74782,37.5294],[126.74846,37.52936],[126.74856,37.53051]]]}},{"type":"Feature","properties":{"id":966334920},"geometry":{"type":"Polygon","coordinates":[[[126.75623,37.53453],[126.75618,37.53447],[126.75614,37.53442],[126.75615,37.53434],[126.75619,37.53421],[126.7562,37.53412],[126.7562,37.53402],[126.75618,37.53397],[126.75616,37.53391],[126.75615,37.53381],[126.75615,37.53372],[126.75616,37.53364],[126.75619,37.53361],[126.75622,37.53358],[126.75627,37.53356],[126.75638,37.53355],[126.75647,37.53355],[126.75714,37.53355],[126.7573,37.53355],[126.75732,37.53452],[126.75705,37.53452],[126.75623,37.53453]]]}},{"type":"Feature","properties":{"id":966335483},"geometry":{"type":"Polygon","coordinates":[[[126.74883,37.53062],[126.74873,37.53061],[126.74866,37.53055],[126.74862,37.52995],[126.74856,37.52915],[126.74871,37.52914],[126.74879,37.52914],[126.74888,37.52914],[126.74895,37.52916],[126.74901,37.52923],[126.74907,37.52939],[126.74913,37.52953],[126.74917,37.52964],[126.74924,37.52971],[126.74931,37.52976],[126.75019,37.53002],[126.75026,37.53003],[126.7516,37.5307],[126.75161,37.53087],[126.74883,37.53062]]]}},{"type":"Feature","properties":{"id":968763365},"geometry":{"type":"Polygon","coordinates":[[[127.10466,37.47064],[127.10423,37.47035],[127.10452,37.47008],[127.10495,37.47038],[127.10466,37.47064]]]}},{"type":"Feature","properties":{"id":968763383},"geometry":{"type":"Polygon","coordinates":[[[127.10323,37.46056],[127.1032,37.46031],[127.1034,37.46001],[127.10367,37.46001],[127.10392,37.46013],[127.10395,37.46023],[127.10396,37.46045],[127.104,37.46057],[127.10411,37.46073],[127.1041,37.46079],[127.10368,37.46063],[127.10345,37.46058],[127.10323,37.46056]]]}},{"type":"Feature","properties":{"id":969372780},"geometry":{"type":"Polygon","coordinates":[[[127.09613,37.54808],[127.09613,37.54783],[127.09688,37.54755],[127.09708,37.54739],[127.09739,37.54729],[127.09775,37.54729],[127.09807,37.54741],[127.09819,37.54757],[127.09826,37.5478],[127.0982,37.54777],[127.09788,37.54762],[127.0976,37.54767],[127.09721,37.54773],[127.0968,37.54797],[127.09632,37.54802],[127.09613,37.54808]]]}},{"type":"Feature","properties":{"id":969947143},"geometry":{"type":"Polygon","coordinates":[[[126.75375,37.53665],[126.75364,37.53664],[126.75349,37.53661],[126.75341,37.53658],[126.75332,37.53653],[126.75321,37.53644],[126.75316,37.53634],[126.75312,37.53625],[126.75311,37.53616],[126.75312,37.53608],[126.7532,37.53574],[126.75323,37.53572],[126.7537,37.53572],[126.75375,37.53572],[126.75375,37.53665]]]}},{"type":"Feature","properties":{"id":969948240},"geometry":{"type":"Polygon","coordinates":[[[126.75536,37.5307],[126.75515,37.53075],[126.75497,37.5308],[126.75415,37.53085],[126.75418,37.531],[126.75433,37.531],[126.75446,37.531],[126.75455,37.531],[126.75459,37.53101],[126.75463,37.53102],[126.75471,37.53106],[126.75497,37.53109],[126.75519,37.53111],[126.75538,37.53111],[126.75537,37.5308],[126.75536,37.5307]]]}},{"type":"Feature","properties":{"id":969948679},"geometry":{"type":"Polygon","coordinates":[[[126.74736,37.52796],[126.74662,37.52797],[126.74647,37.52798],[126.74635,37.52797],[126.74632,37.52797],[126.74626,37.52797],[126.74621,37.52798],[126.74612,37.52797],[126.74604,37.52796],[126.74593,37.52795],[126.74579,37.52798],[126.74565,37.52797],[126.74551,37.52795],[126.74539,37.52796],[126.7453,37.52794],[126.74522,37.52794],[126.74462,37.52794],[126.74422,37.52794],[126.74398,37.52794],[126.74392,37.52794],[126.74387,37.52795],[126.74384,37.52761],[126.74384,37.52754],[126.74387,37.52753],[126.74389,37.52749],[126.74473,37.52752],[126.74534,37.52753],[126.74557,37.52754],[126.74574,37.52754],[126.74624,37.52755],[126.74673,37.52757],[126.74695,37.52776],[126.74705,37.52783],[126.74736,37.52796]]]}},{"type":"Feature","properties":{"id":971571763},"geometry":{"type":"Polygon","coordinates":[[[127.14902,37.48571],[127.14905,37.48571],[127.14908,37.48571],[127.14944,37.48533],[127.14944,37.48531],[127.14944,37.4853],[127.14922,37.48509],[127.14921,37.48509],[127.14919,37.48509],[127.14872,37.48542],[127.14871,37.48544],[127.14871,37.48546],[127.14873,37.48549],[127.14899,37.48569],[127.14902,37.48571]]]}},{"type":"Feature","properties":{"id":972484772},"geometry":{"type":"Polygon","coordinates":[[[126.89172,37.59887],[126.89151,37.59878],[126.89134,37.59867],[126.89064,37.59811],[126.89057,37.59804],[126.89049,37.59796],[126.8907,37.598],[126.8911,37.59806],[126.89189,37.59804],[126.89254,37.59797],[126.89254,37.59799],[126.89254,37.59816],[126.89255,37.59836],[126.89223,37.59852],[126.89199,37.5987],[126.89172,37.59887]]]}},{"type":"Feature","properties":{"id":972722125},"geometry":{"type":"Polygon","coordinates":[[[127.12653,37.42795],[127.12639,37.42804],[127.12628,37.4295],[127.12641,37.42956],[127.12653,37.42795]]]}},{"type":"Feature","properties":{"id":972722142},"geometry":{"type":"Polygon","coordinates":[[[127.12477,37.42974],[127.12481,37.4323],[127.12474,37.43261],[127.12394,37.43255],[127.12392,37.43231],[127.12389,37.4298],[127.12477,37.42974]]]}},{"type":"Feature","properties":{"id":972766358},"geometry":{"type":"Polygon","coordinates":[[[127.05124,37.63416],[127.05106,37.63418],[127.05099,37.63422],[127.05093,37.63429],[127.05085,37.6344],[127.05073,37.63446],[127.05064,37.6342],[127.0505,37.63422],[127.05045,37.63405],[127.05062,37.634],[127.05059,37.63391],[127.0508,37.63385],[127.05099,37.63374],[127.05113,37.63389],[127.05124,37.63416]]]}},{"type":"Feature","properties":{"id":974855477},"geometry":{"type":"Polygon","coordinates":[[[127.13347,37.48293],[127.13411,37.48288],[127.13456,37.48286],[127.1348,37.48286],[127.13465,37.48317],[127.13457,37.48345],[127.13466,37.48362],[127.13484,37.48384],[127.13506,37.48395],[127.13546,37.48403],[127.13579,37.48591],[127.13615,37.48782],[127.13654,37.48905],[127.13715,37.49061],[127.13786,37.49199],[127.13839,37.4931],[127.13802,37.49325],[127.13799,37.49306],[127.13742,37.49305],[127.13739,37.49153],[127.13671,37.49085],[127.13594,37.49018],[127.13589,37.48955],[127.13586,37.48943],[127.13581,37.48934],[127.13572,37.48916],[127.13561,37.48894],[127.13519,37.4882],[127.13538,37.48812],[127.13527,37.48788],[127.13548,37.48774],[127.13555,37.48773],[127.13556,37.48766],[127.1356,37.48755],[127.13564,37.48744],[127.13555,37.48721],[127.13547,37.48693],[127.13536,37.48635],[127.13471,37.48582],[127.1342,37.48543],[127.13425,37.48539],[127.13392,37.48514],[127.13418,37.48484],[127.13401,37.48468],[127.13359,37.48428],[127.13355,37.48425],[127.13379,37.4841],[127.13394,37.48399],[127.1341,37.48375],[127.13407,37.4836],[127.13402,37.4835],[127.13393,37.48338],[127.13389,37.48336],[127.13375,37.48328],[127.13349,37.48318],[127.13215,37.483],[127.13179,37.48297],[127.13167,37.483],[127.1316,37.48308],[127.13158,37.48321],[127.13144,37.48298],[127.13118,37.48254],[127.13109,37.48229],[127.13099,37.48208],[127.13095,37.48202],[127.13097,37.48198],[127.13098,37.48192],[127.13102,37.48189],[127.13109,37.48185],[127.13112,37.48189],[127.1312,37.48184],[127.13125,37.48187],[127.13125,37.48208],[127.13128,37.48226],[127.13139,37.48246],[127.13155,37.48262],[127.13175,37.48273],[127.13203,37.48279],[127.1323,37.48283],[127.13271,37.48287],[127.13293,37.48289],[127.13318,37.48292],[127.13347,37.48293]]]}},{"type":"Feature","properties":{"id":976894516},"geometry":{"type":"Polygon","coordinates":[[[127.03643,37.54654],[127.03644,37.54675],[127.03638,37.54682],[127.03631,37.54684],[127.03618,37.54681],[127.03503,37.54578],[127.03396,37.54513],[127.03388,37.54506],[127.03386,37.54504],[127.03386,37.54501],[127.03391,37.54494],[127.03405,37.54486],[127.03509,37.54451],[127.03574,37.5443],[127.03586,37.54431],[127.03595,37.54435],[127.03605,37.54444],[127.03643,37.54654]]]}},{"type":"Feature","properties":{"id":979738102},"geometry":{"type":"Polygon","coordinates":[[[126.75999,37.67815],[126.76003,37.67813],[126.7601,37.6781],[126.75964,37.67747],[126.75903,37.67662],[126.75897,37.67665],[126.75892,37.67668],[126.75954,37.67753],[126.75999,37.67815]]]}},{"type":"Feature","properties":{"id":979738103},"geometry":{"type":"Polygon","coordinates":[[[126.75597,37.67606],[126.75589,37.67594],[126.75685,37.67554],[126.75786,37.67512],[126.7579,37.67519],[126.75794,37.67526],[126.75755,37.67542],[126.75597,37.67606]]]}},{"type":"Feature","properties":{"id":979738104},"geometry":{"type":"Polygon","coordinates":[[[126.7585,37.6746],[126.75846,37.67455],[126.75842,37.67448],[126.75869,37.67436],[126.75965,37.67396],[126.7597,37.67403],[126.75974,37.67408],[126.7588,37.67448],[126.7585,37.6746]]]}},{"type":"Feature","properties":{"id":979738105},"geometry":{"type":"Polygon","coordinates":[[[126.75765,37.6748],[126.75774,37.67476],[126.75779,37.67474],[126.75681,37.6733],[126.75669,37.67337],[126.75664,37.67339],[126.75765,37.6748]]]}},{"type":"Feature","properties":{"id":979782287},"geometry":{"type":"Polygon","coordinates":[[[126.76164,37.68055],[126.76167,37.68054],[126.76171,37.68052],[126.76177,37.6805],[126.76182,37.68048],[126.76187,37.68047],[126.76191,37.68053],[126.76235,37.68114],[126.76288,37.68188],[126.76277,37.68193],[126.76264,37.68198],[126.76212,37.68124],[126.76164,37.68055]]]}},{"type":"Feature","properties":{"id":981963451},"geometry":{"type":"Polygon","coordinates":[[[127.0057,37.51485],[127.0075,37.5163],[127.00883,37.51743],[127.01042,37.51879],[127.01083,37.51915],[127.01191,37.5202],[127.01274,37.52105],[127.0134,37.52185],[127.01412,37.52269],[127.01502,37.52366],[127.01547,37.524],[127.01618,37.52451],[127.01793,37.52568],[127.01896,37.5263],[127.02,37.52694],[127.02032,37.52725],[127.02092,37.52784],[127.02156,37.52877],[127.02247,37.53012],[127.02293,37.53071],[127.02349,37.53138],[127.02441,37.53236],[127.0248,37.53286],[127.02534,37.53333],[127.0258,37.53364],[127.02647,37.53396],[127.02716,37.53423],[127.0278,37.53437],[127.02856,37.53448],[127.02916,37.5345],[127.03016,37.53439],[127.03098,37.5342],[127.03281,37.53364],[127.03534,37.53296],[127.03674,37.53262],[127.03791,37.5323],[127.03926,37.53201],[127.04122,37.53154],[127.04157,37.53142],[127.04235,37.53124],[127.04352,37.53088],[127.0451,37.53036],[127.04569,37.5302],[127.04658,37.52996],[127.04817,37.52955],[127.05071,37.52895],[127.05076,37.52919],[127.05045,37.52925],[127.04933,37.52949],[127.04823,37.52977],[127.04671,37.53013],[127.046,37.53031],[127.0455,37.53046],[127.0445,37.53076],[127.04275,37.53132],[127.04172,37.5316],[127.04095,37.5318],[127.04067,37.5319],[127.03962,37.53213],[127.03857,37.53237],[127.03792,37.53252],[127.03763,37.53263],[127.03691,37.53283],[127.03636,37.53301],[127.03614,37.5331],[127.03554,37.53328],[127.03534,37.53335],[127.03523,37.53341],[127.03492,37.53366],[127.0347,37.53384],[127.03453,37.53398],[127.03437,37.53412],[127.03429,37.53419],[127.03411,37.53426],[127.03397,37.5343],[127.03282,37.53454],[127.03176,37.53479],[127.03137,37.53485],[127.0302,37.53479],[127.02895,37.53483],[127.02828,37.5348],[127.02752,37.53468],[127.02688,37.53452],[127.0263,37.5343],[127.0257,37.53405],[127.02497,37.53381],[127.02445,37.5334],[127.02395,37.53302],[127.02315,37.53228],[127.02258,37.53189],[127.02246,37.53188],[127.02232,37.53192],[127.0222,37.53187],[127.02193,37.53169],[127.02128,37.531],[127.02094,37.53058],[127.02074,37.53021],[127.02052,37.52993],[127.02023,37.52965],[127.01996,37.52933],[127.01972,37.5291],[127.01949,37.52885],[127.01943,37.52879],[127.01928,37.52863],[127.01907,37.52847],[127.01791,37.5275],[127.01789,37.52748],[127.01724,37.52698],[127.01567,37.52564],[127.01565,37.52563],[127.01408,37.52436],[127.01252,37.52299],[127.01152,37.52213],[127.00981,37.52057],[127.00979,37.52055],[127.00847,37.51941],[127.00811,37.51908],[127.00794,37.51892],[127.0071,37.51819],[127.00658,37.51778],[127.00648,37.51771],[127.00629,37.51764],[127.0061,37.51761],[127.00569,37.51758],[127.00547,37.51755],[127.00528,37.5175],[127.00508,37.51742],[127.00489,37.51729],[127.0048,37.51718],[127.00476,37.51706],[127.00468,37.51636],[127.00462,37.51613],[127.00454,37.51596],[127.00418,37.5155],[127.0057,37.51485]]]}},{"type":"Feature","properties":{"id":984878812},"geometry":{"type":"Polygon","coordinates":[[[127.11269,37.4967],[127.11287,37.49686],[127.11331,37.497],[127.1136,37.49704],[127.11389,37.49702],[127.11417,37.49695],[127.11448,37.49677],[127.1147,37.4966],[127.11476,37.49644],[127.11442,37.49654],[127.1132,37.4967],[127.11269,37.4967]]]}},{"type":"Feature","properties":{"id":986525123},"geometry":{"type":"Polygon","coordinates":[[[126.82186,37.48038],[126.82189,37.48035],[126.822,37.48016],[126.82217,37.47987],[126.82157,37.4793],[126.82146,37.4792],[126.82143,37.47918],[126.82088,37.47967],[126.82092,37.47968],[126.82186,37.48038]]]}},{"type":"Feature","properties":{"id":986525124},"geometry":{"type":"Polygon","coordinates":[[[126.82073,37.47954],[126.82101,37.47928],[126.82127,37.47902],[126.82065,37.47846],[126.81981,37.47772],[126.81955,37.47751],[126.81943,37.47742],[126.81927,37.47729],[126.8193,37.47757],[126.81934,37.47781],[126.81935,37.47785],[126.81938,37.47798],[126.81948,37.47822],[126.81953,37.47832],[126.81957,37.4784],[126.8197,37.47862],[126.81981,37.47876],[126.81995,37.47893],[126.82014,37.47909],[126.8203,37.47922],[126.82044,37.47934],[126.8206,37.47946],[126.82073,37.47954]]]}},{"type":"Feature","properties":{"id":986525125},"geometry":{"type":"Polygon","coordinates":[[[126.82426,37.48213],[126.82432,37.48207],[126.82459,37.48183],[126.82466,37.48178],[126.82539,37.48233],[126.82549,37.48237],[126.82589,37.48267],[126.82595,37.48277],[126.82679,37.48337],[126.8268,37.48343],[126.82661,37.48362],[126.82672,37.48369],[126.82682,37.4836],[126.82688,37.48374],[126.8269,37.48378],[126.82703,37.48398],[126.82707,37.48404],[126.82719,37.48413],[126.82735,37.48447],[126.82688,37.48412],[126.82621,37.48362],[126.82579,37.4833],[126.82426,37.48213]]]}},{"type":"Feature","properties":{"id":986892844},"geometry":{"type":"Polygon","coordinates":[[[127.04638,37.69084],[127.04902,37.69099],[127.04852,37.69192],[127.04822,37.69285],[127.04804,37.69351],[127.04783,37.69331],[127.04752,37.69329],[127.04727,37.69303],[127.04726,37.69273],[127.04692,37.69254],[127.04626,37.69253],[127.04624,37.69237],[127.04628,37.69169],[127.04628,37.69161],[127.04632,37.69109],[127.04638,37.69084]]]}},{"type":"Feature","properties":{"id":987037925},"geometry":{"type":"Polygon","coordinates":[[[127.0264,37.57931],[127.02658,37.57936],[127.02711,37.57877],[127.02679,37.57863],[127.02642,37.57884],[127.0264,37.57931]]]}},{"type":"Feature","properties":{"id":992533126},"geometry":{"type":"Polygon","coordinates":[[[126.77786,37.67564],[126.77788,37.67563],[126.77843,37.6754],[126.77831,37.67499],[126.77826,37.67501],[126.77791,37.67516],[126.77798,37.6753],[126.77771,37.67541],[126.77769,37.67541],[126.77773,37.67547],[126.77786,37.67564]]]}},{"type":"Feature","properties":{"id":993207232},"geometry":{"type":"Polygon","coordinates":[[[126.74866,37.67789],[126.74871,37.67786],[126.74875,37.67785],[126.74818,37.67706],[126.74813,37.67707],[126.74808,37.67709],[126.74866,37.67789]]]}},{"type":"Feature","properties":{"id":995983276},"geometry":{"type":"Polygon","coordinates":[[[126.89244,37.59562],[126.89254,37.59577],[126.89306,37.59564],[126.89319,37.59547],[126.89323,37.59524],[126.89349,37.59515],[126.89349,37.59504],[126.89345,37.59495],[126.89348,37.59485],[126.89361,37.5947],[126.89354,37.59457],[126.89311,37.59442],[126.89265,37.59435],[126.89239,37.59449],[126.89227,37.59467],[126.89233,37.59486],[126.89251,37.59511],[126.89271,37.59534],[126.89272,37.59548],[126.89244,37.59562]]]}},{"type":"Feature","properties":{"id":996024310},"geometry":{"type":"Polygon","coordinates":[[[126.75443,37.66292],[126.7544,37.66289],[126.75434,37.6628],[126.75539,37.66233],[126.75547,37.66246],[126.75443,37.66292]]]}},{"type":"Feature","properties":{"id":996255291},"geometry":{"type":"Polygon","coordinates":[[[126.78543,37.65561],[126.78548,37.6555],[126.78562,37.65528],[126.78577,37.65501],[126.78584,37.65505],[126.78588,37.65507],[126.78623,37.65519],[126.78623,37.65524],[126.78625,37.65527],[126.78627,37.6553],[126.78629,37.65532],[126.78632,37.65534],[126.78635,37.65535],[126.78638,37.65536],[126.78642,37.65537],[126.78645,37.65537],[126.78644,37.65539],[126.78638,37.65548],[126.78616,37.65587],[126.78613,37.65586],[126.78608,37.65584],[126.78596,37.6558],[126.78583,37.65575],[126.7856,37.65567],[126.78543,37.65561]]]}},{"type":"Feature","properties":{"id":996774674},"geometry":{"type":"Polygon","coordinates":[[[126.74086,37.66926],[126.74058,37.6689],[126.74058,37.66885],[126.7406,37.66881],[126.74239,37.66805],[126.74258,37.6681],[126.74268,37.66817],[126.74273,37.66823],[126.7428,37.66831],[126.74086,37.66926]]]}},{"type":"Feature","properties":{"id":997811101},"geometry":{"type":"Polygon","coordinates":[[[126.77955,37.65605],[126.77958,37.65606],[126.77961,37.65607],[126.77964,37.65608],[126.77967,37.65609],[126.7797,37.65611],[126.77974,37.65612],[126.77975,37.65609],[126.77979,37.65602],[126.77989,37.65586],[126.78037,37.65502],[126.78096,37.65402],[126.7808,37.65396],[126.78062,37.65427],[126.7802,37.65497],[126.7796,37.65596],[126.77955,37.65605]]]}},{"type":"Feature","properties":{"id":997811102},"geometry":{"type":"Polygon","coordinates":[[[126.78177,37.65271],[126.78166,37.65266],[126.78158,37.65263],[126.78183,37.6522],[126.78226,37.65146],[126.78239,37.65125],[126.78256,37.65095],[126.783,37.65022],[126.7831,37.65029],[126.78318,37.65035],[126.78264,37.65129],[126.78257,37.65133],[126.78177,37.65271]]]}},{"type":"Feature","properties":{"id":997811514},"geometry":{"type":"Polygon","coordinates":[[[126.77884,37.65255],[126.77889,37.65246],[126.77892,37.65241],[126.77892,37.6524],[126.77895,37.65236],[126.77902,37.65226],[126.7795,37.65241],[126.77999,37.65258],[126.78029,37.65268],[126.78039,37.65272],[126.78072,37.65283],[126.78133,37.65306],[126.78158,37.65263],[126.78183,37.6522],[126.78226,37.65146],[126.78239,37.65125],[126.78256,37.65095],[126.783,37.65022],[126.7831,37.65029],[126.78318,37.65035],[126.78264,37.65129],[126.78257,37.65133],[126.78177,37.65271],[126.78236,37.65293],[126.78274,37.65308],[126.78288,37.65313],[126.78292,37.65315],[126.78296,37.65316],[126.78364,37.65342],[126.78338,37.65385],[126.78372,37.65397],[126.78366,37.65409],[126.78365,37.6541],[126.78357,37.65423],[126.78355,37.65426],[126.78349,37.65436],[126.78315,37.65424],[126.78289,37.65471],[126.78263,37.65462],[126.78259,37.65461],[126.78256,37.6546],[126.78212,37.65443],[126.78209,37.65442],[126.78205,37.65441],[126.78096,37.65402],[126.77979,37.65602],[126.77975,37.65609],[126.77974,37.65612],[126.7797,37.65611],[126.77967,37.65609],[126.77964,37.65608],[126.77961,37.65607],[126.77958,37.65606],[126.77955,37.65605],[126.77956,37.65602],[126.7796,37.65596],[126.78062,37.65427],[126.7808,37.65396],[126.78112,37.6534],[126.78098,37.65335],[126.78,37.65299],[126.78001,37.65298],[126.77992,37.65294],[126.77968,37.65286],[126.77884,37.65255]]]}},{"type":"Feature","properties":{"id":998065954},"geometry":{"type":"Polygon","coordinates":[[[127.01525,37.50997],[127.01544,37.51001],[127.01504,37.51177],[127.01494,37.51289],[127.01499,37.51393],[127.01463,37.51395],[127.01468,37.51352],[127.01443,37.51351],[127.01461,37.51184],[127.0148,37.51186],[127.01479,37.5116],[127.01525,37.50997]]]}},{"type":"Feature","properties":{"id":998089869},"geometry":{"type":"Polygon","coordinates":[[[126.76551,37.66761],[126.7656,37.66755],[126.76564,37.66752],[126.76568,37.66749],[126.76572,37.66745],[126.76574,37.66743],[126.76509,37.66694],[126.76501,37.66701],[126.76492,37.66708],[126.76551,37.66761]]]}},{"type":"Feature","properties":{"id":998089870},"geometry":{"type":"Polygon","coordinates":[[[126.76595,37.66787],[126.76599,37.66784],[126.76602,37.66781],[126.76606,37.66778],[126.76612,37.66774],[126.76615,37.66772],[126.76682,37.66818],[126.7667,37.66828],[126.76658,37.66836],[126.76595,37.66787]]]}},{"type":"Feature","properties":{"id":998347078},"geometry":{"type":"Polygon","coordinates":[[[126.78189,37.67271],[126.78196,37.67258],[126.78202,37.6726],[126.78206,37.67262],[126.78157,37.67342],[126.78158,37.67345],[126.78189,37.67356],[126.7819,37.67359],[126.78189,37.67361],[126.78176,37.67377],[126.78152,37.67363],[126.78146,37.67361],[126.78096,37.67294],[126.78079,37.67284],[126.7808,37.67278],[126.78083,37.67274],[126.78084,37.67273],[126.78152,37.67296],[126.78173,37.67265],[126.78189,37.67271]]]}},{"type":"Feature","properties":{"id":998700384},"geometry":{"type":"Polygon","coordinates":[[[126.79379,37.65909],[126.79366,37.65904],[126.79331,37.65891],[126.79364,37.65826],[126.79365,37.65815],[126.79375,37.65798],[126.79402,37.65755],[126.79406,37.65748],[126.79419,37.65728],[126.79448,37.65676],[126.79462,37.6566],[126.79489,37.65629],[126.79518,37.65595],[126.79542,37.65565],[126.79568,37.6552],[126.796,37.65533],[126.79494,37.65715],[126.79449,37.65789],[126.79435,37.65792],[126.79422,37.65799],[126.79411,37.65809],[126.79403,37.65837],[126.79398,37.65868],[126.79387,37.65891],[126.79379,37.65909]]]}},{"type":"Feature","properties":{"id":1003891819},"geometry":{"type":"Polygon","coordinates":[[[126.77442,37.6725],[126.77361,37.67284],[126.77345,37.67292],[126.77344,37.6729],[126.77343,37.67288],[126.77341,37.67286],[126.7734,37.67284],[126.77339,37.67281],[126.77337,37.67278],[126.77349,37.67271],[126.77368,37.67264],[126.77432,37.67238],[126.77436,37.67243],[126.77442,37.6725]]]}},{"type":"Feature","properties":{"id":1003891820},"geometry":{"type":"Polygon","coordinates":[[[126.7745,37.67246],[126.77445,37.67239],[126.77441,37.67234],[126.77527,37.67198],[126.7753,37.67203],[126.77535,37.6721],[126.7745,37.67246]]]}},{"type":"Feature","properties":{"id":1003891821},"geometry":{"type":"Polygon","coordinates":[[[126.7765,37.6716],[126.77646,37.67153],[126.77631,37.6713],[126.77666,37.67115],[126.77679,37.67107],[126.777,37.67071],[126.77753,37.66979],[126.77762,37.66981],[126.77766,37.66983],[126.77716,37.67072],[126.77686,37.67126],[126.77676,37.67146],[126.77668,37.67152],[126.7765,37.6716]]]}},{"type":"Feature","properties":{"id":1003893861},"geometry":{"type":"Polygon","coordinates":[[[126.78272,37.66986],[126.78292,37.66978],[126.78307,37.66974],[126.78329,37.67009],[126.78483,37.67061],[126.7847,37.67084],[126.78466,37.6709],[126.78329,37.67038],[126.78322,37.67035],[126.78307,37.67029],[126.78298,37.67023],[126.78294,37.67018],[126.78272,37.66986]]]}},{"type":"Feature","properties":{"id":1003893862},"geometry":{"type":"Polygon","coordinates":[[[126.78484,37.67089],[126.78488,37.67081],[126.78496,37.67066],[126.7853,37.67078],[126.78562,37.67089],[126.78594,37.67101],[126.78593,37.67104],[126.78584,37.67116],[126.7858,37.67121],[126.78484,37.67089]]]}},{"type":"Feature","properties":{"id":1003893863},"geometry":{"type":"Polygon","coordinates":[[[126.78361,37.65975],[126.78392,37.65923],[126.78408,37.65896],[126.78427,37.65866],[126.78443,37.65837],[126.78445,37.65834],[126.78446,37.65833],[126.78449,37.65828],[126.78458,37.65832],[126.78461,37.65833],[126.78464,37.65834],[126.78467,37.65835],[126.78464,37.6584],[126.78462,37.65844],[126.78453,37.65856],[126.78443,37.65877],[126.78425,37.65908],[126.78408,37.65938],[126.78384,37.65983],[126.78375,37.6598],[126.78365,37.65976],[126.78361,37.65975]]]}},{"type":"Feature","properties":{"id":1003893864},"geometry":{"type":"Polygon","coordinates":[[[126.7782,37.6687],[126.77818,37.66872],[126.77769,37.66958],[126.77774,37.6696],[126.77784,37.66963],[126.77838,37.66879],[126.7783,37.66875],[126.7782,37.6687]]]}},{"type":"Feature","properties":{"id":1004244671},"geometry":{"type":"Polygon","coordinates":[[[126.77065,37.66885],[126.7706,37.6688],[126.77054,37.66874],[126.77064,37.6687],[126.77151,37.66836],[126.77155,37.66841],[126.77158,37.66845],[126.77079,37.66879],[126.77065,37.66885]]]}},{"type":"Feature","properties":{"id":1004653946},"geometry":{"type":"Polygon","coordinates":[[[126.79364,37.65296],[126.79305,37.65391],[126.79338,37.65401],[126.79394,37.6531],[126.79443,37.65328],[126.79589,37.65384],[126.79603,37.65361],[126.79454,37.65306],[126.79489,37.65249],[126.79546,37.65154],[126.7953,37.65149],[126.79476,37.65243],[126.79411,37.6522],[126.79371,37.65284],[126.7917,37.65209],[126.79162,37.65221],[126.79364,37.65296]]]}},{"type":"Feature","properties":{"id":1004876847},"geometry":{"type":"Polygon","coordinates":[[[127.06557,37.49064],[127.06598,37.48973],[127.06726,37.48994],[127.0685,37.49043],[127.07002,37.49131],[127.07163,37.49276],[127.07103,37.49391],[127.06991,37.49263],[127.06837,37.49152],[127.06698,37.49093],[127.06557,37.49064]]]}},{"type":"Feature","properties":{"id":1004876848},"geometry":{"type":"Polygon","coordinates":[[[127.07328,37.49734],[127.07325,37.49669],[127.07305,37.49571],[127.07238,37.49474],[127.07185,37.49411],[127.07176,37.494],[127.07226,37.49307],[127.07343,37.49403],[127.07424,37.49497],[127.0746,37.49582],[127.07427,37.49643],[127.07428,37.49703],[127.07421,37.49757],[127.07328,37.49734]]]}},{"type":"Feature","properties":{"id":1004877289},"geometry":{"type":"Polygon","coordinates":[[[127.07058,37.50185],[127.06908,37.50138],[127.06974,37.50078],[127.07037,37.50055],[127.07088,37.50041],[127.07124,37.50063],[127.07129,37.50098],[127.07058,37.50185]]]}},{"type":"Feature","properties":{"id":1004913225},"geometry":{"type":"Polygon","coordinates":[[[127.09918,37.46752],[127.09933,37.46746],[127.09933,37.46714],[127.09797,37.46713],[127.09797,37.46735],[127.09918,37.46752]]]}},{"type":"Feature","properties":{"id":1004913226},"geometry":{"type":"Polygon","coordinates":[[[127.10008,37.46819],[127.10011,37.46787],[127.10106,37.46793],[127.10111,37.46797],[127.10087,37.46828],[127.10008,37.46819]]]}},{"type":"Feature","properties":{"id":1004913248},"geometry":{"type":"Polygon","coordinates":[[[127.10092,37.46325],[127.10089,37.46317],[127.10105,37.46289],[127.10168,37.46315],[127.10169,37.46317],[127.10147,37.46349],[127.10092,37.46325]]]}},{"type":"Feature","properties":{"id":1006322744},"geometry":{"type":"Polygon","coordinates":[[[127.0545,37.45333],[127.05438,37.45346],[127.0539,37.45373],[127.05326,37.45402],[127.05282,37.45427],[127.05259,37.45384],[127.05291,37.45346],[127.05299,37.45328],[127.05308,37.45293],[127.05335,37.45267],[127.0545,37.45333]]]}},{"type":"Feature","properties":{"id":1007301168},"geometry":{"type":"Polygon","coordinates":[[[126.75039,37.67246],[126.75013,37.6721],[126.75016,37.67209],[126.75033,37.67201],[126.75032,37.672],[126.75085,37.67176],[126.75094,37.67178],[126.75102,37.67189],[126.75071,37.67203],[126.75076,37.67212],[126.75063,37.67217],[126.75073,37.67231],[126.75042,37.67245],[126.75039,37.67246]]]}},{"type":"Feature","properties":{"id":1007537417},"geometry":{"type":"Polygon","coordinates":[[[126.74589,37.67405],[126.74603,37.67398],[126.74657,37.67375],[126.74645,37.67356],[126.74635,37.67342],[126.74632,37.67336],[126.74629,37.67332],[126.74626,37.67327],[126.74571,37.67349],[126.74566,37.6735],[126.74555,37.67354],[126.74582,37.67393],[126.74589,37.67405]]]}},{"type":"Feature","properties":{"id":1007538255},"geometry":{"type":"Polygon","coordinates":[[[126.7446,37.67215],[126.74481,37.67206],[126.74489,37.67203],[126.74497,37.67216],[126.74484,37.67222],[126.74571,37.67349],[126.74566,37.6735],[126.74555,37.67354],[126.74517,37.67297],[126.74468,37.67228],[126.74464,37.67221],[126.7446,37.67215]]]}},{"type":"Feature","properties":{"id":1007538256},"geometry":{"type":"Polygon","coordinates":[[[126.7445,37.67463],[126.74446,37.67458],[126.74442,37.67452],[126.74582,37.67393],[126.74589,37.67405],[126.7445,37.67463]]]}},{"type":"Feature","properties":{"id":1007538257},"geometry":{"type":"Polygon","coordinates":[[[126.74674,37.67528],[126.74681,37.67524],[126.7469,37.67521],[126.74603,37.67398],[126.74589,37.67405],[126.74674,37.67528]]]}},{"type":"Feature","properties":{"id":1007538258},"geometry":{"type":"Polygon","coordinates":[[[126.748,37.67943],[126.74796,37.67937],[126.74792,37.6793],[126.74924,37.67872],[126.74926,37.67878],[126.74928,37.67886],[126.748,37.67943]]]}},{"type":"Feature","properties":{"id":1007538259},"geometry":{"type":"Polygon","coordinates":[[[126.75025,37.68027],[126.75031,37.68024],[126.75036,37.68021],[126.74943,37.6788],[126.74936,37.67882],[126.74928,37.67886],[126.75025,37.68027]]]}},{"type":"Feature","properties":{"id":1007538260},"geometry":{"type":"Polygon","coordinates":[[[126.75099,37.67812],[126.75093,37.67803],[126.7509,37.67799],[126.74981,37.67848],[126.74983,37.67852],[126.74989,37.6786],[126.75099,37.67812]]]}},{"type":"Feature","properties":{"id":1008056993},"geometry":{"type":"Polygon","coordinates":[[[126.75377,37.67746],[126.75343,37.67693],[126.75341,37.67688],[126.75343,37.67687],[126.75389,37.67668],[126.75403,37.67689],[126.75438,37.67674],[126.7544,37.67676],[126.75441,37.67679],[126.75432,37.6772],[126.75382,37.67744],[126.75377,37.67746]]]}},{"type":"Feature","properties":{"id":1008494316},"geometry":{"type":"Polygon","coordinates":[[[126.75429,37.68456],[126.75426,37.68456],[126.75376,37.6845],[126.75352,37.68415],[126.75353,37.68415],[126.75381,37.68404],[126.75441,37.68417],[126.75443,37.68418],[126.75429,37.68456]]]}},{"type":"Feature","properties":{"id":1008531699},"geometry":{"type":"Polygon","coordinates":[[[126.75785,37.68466],[126.75762,37.68431],[126.7576,37.68427],[126.75758,37.68424],[126.75824,37.68397],[126.75826,37.68396],[126.75827,37.68398],[126.75854,37.68437],[126.75788,37.68464],[126.75785,37.68466]]]}},{"type":"Feature","properties":{"id":1008818201},"geometry":{"type":"Polygon","coordinates":[[[126.75938,37.68616],[126.7594,37.68613],[126.75943,37.68608],[126.75882,37.68591],[126.75836,37.68524],[126.75828,37.68526],[126.75825,37.68527],[126.75878,37.68601],[126.75938,37.68616]]]}},{"type":"Feature","properties":{"id":1009552487},"geometry":{"type":"Polygon","coordinates":[[[126.70942,37.58866],[126.70932,37.58858],[126.70936,37.58811],[126.70932,37.58763],[126.71184,37.58753],[126.71216,37.58751],[126.71347,37.58746],[126.71371,37.58745],[126.71372,37.58769],[126.71371,37.58812],[126.71356,37.58895],[126.71347,37.58901],[126.70942,37.58866]]]}},{"type":"Feature","properties":{"id":1009552489},"geometry":{"type":"Polygon","coordinates":[[[126.70977,37.60066],[126.70941,37.60042],[126.70941,37.60018],[126.71158,37.59827],[126.7118,37.59813],[126.71207,37.5979],[126.7121,37.59785],[126.71248,37.59747],[126.71259,37.59746],[126.71291,37.5976],[126.71306,37.59774],[126.71337,37.5979],[126.71351,37.59795],[126.71392,37.59822],[126.71392,37.59831],[126.71365,37.5986],[126.71263,37.59798],[126.71177,37.59882],[126.71173,37.59886],[126.71083,37.59971],[126.71078,37.59976],[126.70977,37.60066]]]}},{"type":"Feature","properties":{"id":1010028774},"geometry":{"type":"Polygon","coordinates":[[[126.99519,37.56834],[126.99509,37.56834],[126.99512,37.56797],[126.99518,37.56747],[126.99524,37.56704],[126.99526,37.56665],[126.99527,37.56657],[126.99537,37.56657],[126.99536,37.56672],[126.99528,37.56746],[126.9952,37.56828],[126.99519,37.56834]]]}},{"type":"Feature","properties":{"id":1010028775},"geometry":{"type":"Polygon","coordinates":[[[126.99554,37.56836],[126.99519,37.56834],[126.99509,37.56834],[126.99509,37.5684],[126.99519,37.5684],[126.9955,37.56842],[126.9956,37.56843],[126.99564,37.56808],[126.99567,37.56775],[126.99571,37.56737],[126.99577,37.56684],[126.99579,37.5666],[126.99537,37.56657],[126.99536,37.56672],[126.99538,37.56672],[126.99539,37.56663],[126.99559,37.56665],[126.99567,37.56665],[126.99566,37.56674],[126.99568,37.56674],[126.99567,37.56688],[126.99565,37.56705],[126.99562,37.5675],[126.99559,37.56784],[126.99555,37.56822],[126.99554,37.56836]]]}},{"type":"Feature","properties":{"id":1010028776},"geometry":{"type":"Polygon","coordinates":[[[126.9956,37.56843],[126.99558,37.56873],[126.99558,37.56887],[126.99554,37.56922],[126.99552,37.56937],[126.99549,37.56963],[126.99546,37.56989],[126.99539,37.57026],[126.99537,37.57043],[126.99533,37.57043],[126.99526,37.57042],[126.99534,37.56988],[126.99537,37.56972],[126.9954,37.56968],[126.99545,37.5692],[126.99549,37.56884],[126.99549,37.56875],[126.9955,37.56842],[126.9956,37.56843]]]}},{"type":"Feature","properties":{"id":1010028777},"geometry":{"type":"Polygon","coordinates":[[[126.99519,37.5684],[126.99509,37.5684],[126.99503,37.56868],[126.99503,37.56899],[126.99502,37.56909],[126.99498,37.56939],[126.99491,37.56982],[126.99496,37.56984],[126.99498,37.5697],[126.99537,37.56972],[126.9954,37.56968],[126.99528,37.56967],[126.99527,37.56971],[126.99522,37.56971],[126.99523,37.56967],[126.99506,37.56966],[126.99502,37.56966],[126.99503,37.56959],[126.99507,37.56959],[126.99508,37.56941],[126.99512,37.56883],[126.99515,37.56883],[126.99516,37.56866],[126.99519,37.5684]]]}},{"type":"Feature","properties":{"id":1010028778},"geometry":{"type":"Polygon","coordinates":[[[126.99527,37.56657],[126.99534,37.56642],[126.99539,37.56584],[126.99542,37.56538],[126.99545,37.56497],[126.9955,37.5644],[126.9955,37.56433],[126.99554,37.5641],[126.99561,37.56414],[126.99555,37.56434],[126.99549,37.5651],[126.99546,37.56542],[126.99543,37.56586],[126.99542,37.56603],[126.99538,37.56641],[126.99537,37.56654],[126.99574,37.56656],[126.99578,37.56643],[126.99585,37.56581],[126.99589,37.56542],[126.99594,37.56504],[126.996,37.5644],[126.99593,37.56416],[126.99592,37.56413],[126.99604,37.56412],[126.99603,37.56432],[126.99604,37.56435],[126.99605,37.56441],[126.996,37.56485],[126.99595,37.56529],[126.99592,37.56564],[126.99587,37.56623],[126.99585,37.56636],[126.99584,37.56642],[126.99583,37.56643],[126.99579,37.5666],[126.99527,37.56657]]]}},{"type":"Feature","properties":{"id":1010028779},"geometry":{"type":"Polygon","coordinates":[[[126.99583,37.5619],[126.9957,37.56189],[126.99568,37.56214],[126.99566,37.56248],[126.99562,37.56283],[126.99558,37.56322],[126.99554,37.56364],[126.99551,37.56407],[126.99554,37.5641],[126.99561,37.56414],[126.99593,37.56416],[126.99592,37.56413],[126.99594,37.56406],[126.99561,37.56404],[126.99568,37.56344],[126.99568,37.56337],[126.99579,37.56228],[126.99582,37.56197],[126.99583,37.5619]]]}},{"type":"Feature","properties":{"id":1010028780},"geometry":{"type":"Polygon","coordinates":[[[126.99616,37.56193],[126.99629,37.56194],[126.99625,37.56227],[126.99623,37.56238],[126.99622,37.56246],[126.99619,37.56283],[126.99615,37.56321],[126.99611,37.56357],[126.99604,37.56412],[126.99592,37.56413],[126.99594,37.56406],[126.99599,37.5636],[126.99605,37.56307],[126.99609,37.56266],[126.99615,37.56217],[126.99615,37.56208],[126.99615,37.562],[126.99616,37.56193]]]}},{"type":"Feature","properties":{"id":1010035885},"geometry":{"type":"Polygon","coordinates":[[[126.98512,37.58583],[126.9854,37.58575],[126.9852,37.58535],[126.98509,37.58504],[126.98509,37.58494],[126.98475,37.58495],[126.98477,37.58499],[126.98474,37.58503],[126.9846,37.58534],[126.98509,37.58568],[126.98512,37.58583]]]}},{"type":"Feature","properties":{"id":1010035898},"geometry":{"type":"Polygon","coordinates":[[[126.98479,37.58584],[126.9851,37.586],[126.98537,37.58616],[126.98529,37.58628],[126.9853,37.58632],[126.98491,37.5865],[126.98481,37.58643],[126.98481,37.5864],[126.98451,37.58622],[126.98462,37.58618],[126.98458,37.58617],[126.98479,37.58584]]]}},{"type":"Feature","properties":{"id":1010035902},"geometry":{"type":"Polygon","coordinates":[[[126.98493,37.58654],[126.98449,37.58628],[126.98433,37.5865],[126.98431,37.58652],[126.98426,37.58652],[126.98421,37.58652],[126.98368,37.58628],[126.98364,37.58637],[126.98367,37.58673],[126.98379,37.58671],[126.98384,37.58671],[126.9842,37.58677],[126.98428,37.58678],[126.98435,37.58677],[126.98456,37.58671],[126.98467,37.58667],[126.98493,37.58654]]]}},{"type":"Feature","properties":{"id":1010949198},"geometry":{"type":"Polygon","coordinates":[[[126.73401,37.67216],[126.7339,37.67193],[126.73484,37.67164],[126.73499,37.67157],[126.73512,37.67147],[126.73515,37.67144],[126.73541,37.67164],[126.73552,37.67165],[126.7357,37.6719],[126.73583,37.67185],[126.736,37.67209],[126.73607,37.67218],[126.73401,37.67216]]]}},{"type":"Feature","properties":{"id":1011006722},"geometry":{"type":"Polygon","coordinates":[[[127.11241,37.47348],[127.11216,37.47338],[127.11079,37.47551],[127.11009,37.47653],[127.11044,37.47666],[127.1109,37.47585],[127.11145,37.47498],[127.11241,37.47348]]]}},{"type":"Feature","properties":{"id":1011007049},"geometry":{"type":"Polygon","coordinates":[[[126.98315,37.56282],[126.98319,37.56279],[126.98321,37.56239],[126.98355,37.56253],[126.98364,37.56238],[126.98373,37.56241],[126.9836,37.56256],[126.98362,37.56257],[126.98356,37.5627],[126.98365,37.56272],[126.98347,37.5631],[126.98344,37.56309],[126.98344,37.56282],[126.98315,37.56282]]]}},{"type":"Feature","properties":{"id":1012565473},"geometry":{"type":"Polygon","coordinates":[[[126.99922,37.59609],[126.99892,37.59604],[126.99887,37.59603],[126.99876,37.59602],[126.99857,37.59602],[126.99853,37.59626],[126.9985,37.59635],[126.9985,37.59637],[126.99841,37.59645],[126.99827,37.59665],[126.99824,37.59674],[126.99802,37.59672],[126.99795,37.59679],[126.99792,37.5969],[126.99798,37.59697],[126.99803,37.59706],[126.99801,37.59721],[126.99816,37.59732],[126.99821,37.59738],[126.99824,37.59748],[126.9983,37.59752],[126.99841,37.5975],[126.99853,37.59744],[126.99863,37.59738],[126.99879,37.59738],[126.99898,37.59744],[126.99904,37.5975],[126.99907,37.59756],[126.99912,37.5976],[126.99916,37.59764],[126.99923,37.59768],[126.99932,37.59772],[126.99939,37.59778],[126.99945,37.59763],[126.99944,37.59752],[126.99941,37.59738],[126.99946,37.59723],[126.99948,37.59706],[126.99945,37.5968],[126.99947,37.59667],[126.99952,37.59653],[126.99955,37.59643],[126.99952,37.59636],[126.99945,37.59629],[126.99939,37.59627],[126.99936,37.59626],[126.99933,37.59621],[126.99924,37.59611],[126.99923,37.5961],[126.99922,37.59609]]]}},{"type":"Feature","properties":{"id":1012721215},"geometry":{"type":"Polygon","coordinates":[[[126.7635,37.69376],[126.76372,37.69375],[126.7631,37.69253],[126.7627,37.69253],[126.7635,37.69376]]]}},{"type":"Feature","properties":{"id":1012921597},"geometry":{"type":"Polygon","coordinates":[[[126.9961,37.56642],[126.99612,37.56596],[126.99605,37.56596],[126.99615,37.56481],[126.99625,37.56476],[126.99619,37.56468],[126.99619,37.56467],[126.99622,37.56433],[126.99603,37.56432],[126.99604,37.56435],[126.99605,37.56441],[126.99587,37.56623],[126.99585,37.56636],[126.99591,37.56641],[126.9961,37.56642]]]}},{"type":"Feature","properties":{"id":1013226168},"geometry":{"type":"Polygon","coordinates":[[[126.77717,37.69472],[126.77766,37.69465],[126.77749,37.694],[126.7771,37.69405],[126.77686,37.69408],[126.77653,37.69412],[126.77717,37.69472]]]}},{"type":"Feature","properties":{"id":1016775303},"geometry":{"type":"Polygon","coordinates":[[[127.1528,37.56015],[127.15291,37.55998],[127.15295,37.55983],[127.15308,37.55962],[127.15242,37.5593],[127.15221,37.5592],[127.15209,37.55918],[127.15199,37.55919],[127.15195,37.55958],[127.15194,37.56003],[127.1525,37.5601],[127.1528,37.56015]]]}},{"type":"Feature","properties":{"id":1017094861},"geometry":{"type":"Polygon","coordinates":[[[126.78234,37.68475],[126.78245,37.68398],[126.78322,37.68379],[126.78353,37.68375],[126.78409,37.68372],[126.78453,37.68378],[126.78466,37.6838],[126.78493,37.68384],[126.78479,37.68432],[126.78398,37.68449],[126.78366,37.6849],[126.78399,37.68545],[126.78355,37.68556],[126.7833,37.68516],[126.78309,37.68497],[126.78293,37.68484],[126.78263,37.68478],[126.78234,37.68475]]]}},{"type":"Feature","properties":{"id":1017094863},"geometry":{"type":"Polygon","coordinates":[[[126.78851,37.67896],[126.78901,37.67918],[126.78919,37.67906],[126.78936,37.67899],[126.79012,37.67792],[126.78924,37.67762],[126.7892,37.67769],[126.78917,37.67774],[126.78873,37.67856],[126.78851,37.67896]]]}},{"type":"Feature","properties":{"id":1017094864},"geometry":{"type":"Polygon","coordinates":[[[126.78314,37.67722],[126.78339,37.67697],[126.78343,37.67693],[126.78469,37.67737],[126.78569,37.67772],[126.78592,37.6778],[126.78653,37.67802],[126.787,37.67819],[126.78761,37.67842],[126.78784,37.6785],[126.78764,37.67879],[126.78722,37.67863],[126.78673,37.67815],[126.78627,37.67824],[126.78566,37.67797],[126.78541,37.67775],[126.78477,37.67751],[126.78433,37.67752],[126.78314,37.67722]]]}},{"type":"Feature","properties":{"id":1017094865},"geometry":{"type":"Polygon","coordinates":[[[126.78146,37.68389],[126.78172,37.68393],[126.78219,37.68383],[126.78246,37.68375],[126.78287,37.68366],[126.78325,37.6836],[126.78353,37.68357],[126.78393,37.68356],[126.78426,37.68357],[126.78453,37.68359],[126.78505,37.68372],[126.7856,37.68386],[126.78608,37.68397],[126.78638,37.68399],[126.78666,37.68397],[126.78698,37.68392],[126.78725,37.68383],[126.78753,37.68371],[126.78703,37.68308],[126.78645,37.68335],[126.78562,37.68332],[126.7846,37.68323],[126.78347,37.68312],[126.78349,37.68228],[126.78171,37.68231],[126.78159,37.6829],[126.78146,37.68389]]]}},{"type":"Feature","properties":{"id":1019268182},"geometry":{"type":"Polygon","coordinates":[[[127.0354,37.47876],[127.03468,37.47825],[127.03539,37.47764],[127.03613,37.47816],[127.0354,37.47876]]]}},{"type":"Feature","properties":{"id":1019908195},"geometry":{"type":"Polygon","coordinates":[[[127.13458,37.48122],[127.13337,37.48084],[127.1333,37.48081],[127.13321,37.48061],[127.13425,37.48028],[127.13434,37.48025],[127.13458,37.4807],[127.13467,37.48097],[127.13474,37.48115],[127.13471,37.48118],[127.13463,37.48122],[127.13458,37.48122]]]}},{"type":"Feature","properties":{"id":1021022637},"geometry":{"type":"Polygon","coordinates":[[[127.14919,37.48358],[127.14893,37.48321],[127.14891,37.48321],[127.14876,37.48327],[127.14864,37.4831],[127.14906,37.4831],[127.14913,37.4831],[127.14951,37.48302],[127.14955,37.48306],[127.14956,37.48315],[127.14946,37.48328],[127.14939,37.48341],[127.14926,37.48355],[127.14921,37.48363],[127.14922,37.48369],[127.14924,37.48377],[127.14925,37.4838],[127.14913,37.48385],[127.14901,37.48367],[127.14918,37.4836],[127.14919,37.48358]]]}},{"type":"Feature","properties":{"id":1021351902},"geometry":{"type":"Polygon","coordinates":[[[126.79779,37.6705],[126.79903,37.67045],[126.79907,37.67045],[126.79905,37.67011],[126.7988,37.67011],[126.79792,37.67015],[126.79776,37.67015],[126.79777,37.67018],[126.79779,37.6705]]]}},{"type":"Feature","properties":{"id":1021541896},"geometry":{"type":"Polygon","coordinates":[[[126.80362,37.66489],[126.80331,37.66469],[126.80309,37.66431],[126.80356,37.6641],[126.80389,37.66406],[126.80402,37.66407],[126.80362,37.66489]]]}},{"type":"Feature","properties":{"id":1021541901},"geometry":{"type":"Polygon","coordinates":[[[126.8061,37.67095],[126.80601,37.67082],[126.80599,37.67072],[126.80583,37.67003],[126.80585,37.6698],[126.80652,37.66973],[126.8068,37.66971],[126.80692,37.66964],[126.80697,37.6696],[126.80725,37.66976],[126.8061,37.67095]]]}},{"type":"Feature","properties":{"id":1021832862},"geometry":{"type":"Polygon","coordinates":[[[127.14948,37.48293],[127.14935,37.48298],[127.14924,37.48301],[127.14908,37.48303],[127.14883,37.48304],[127.14861,37.48304],[127.14845,37.48303],[127.1483,37.48302],[127.14815,37.48278],[127.14802,37.48256],[127.14828,37.48257],[127.1482,37.48245],[127.14816,37.48236],[127.14815,37.48234],[127.14826,37.48234],[127.14827,37.4824],[127.1485,37.4824],[127.14853,37.48238],[127.14857,37.48238],[127.14859,37.48237],[127.14862,37.48235],[127.14863,37.48232],[127.14862,37.48228],[127.1486,37.48225],[127.14858,37.48224],[127.14856,37.48221],[127.14856,37.48217],[127.14855,37.48206],[127.14854,37.48201],[127.14853,37.4819],[127.14989,37.48184],[127.15003,37.48183],[127.15008,37.48188],[127.1499,37.48195],[127.14972,37.48203],[127.14963,37.48215],[127.14959,37.4823],[127.14959,37.48251],[127.14958,37.48271],[127.14956,37.48287],[127.14948,37.48293]]]}},{"type":"Feature","properties":{"id":1022744839},"geometry":{"type":"Polygon","coordinates":[[[127.14699,37.46142],[127.14663,37.46105],[127.14652,37.46101],[127.14606,37.4605],[127.14713,37.45991],[127.14743,37.46],[127.14757,37.46009],[127.14784,37.46042],[127.14821,37.46072],[127.14852,37.46081],[127.14875,37.46114],[127.14859,37.46145],[127.14824,37.46146],[127.14812,37.46139],[127.14807,37.46138],[127.14796,37.46147],[127.14793,37.4615],[127.14766,37.46155],[127.14746,37.46155],[127.14699,37.46142]]]}},{"type":"Feature","properties":{"id":1024129581},"geometry":{"type":"Polygon","coordinates":[[[127.15561,37.47259],[127.1556,37.47235],[127.15558,37.47228],[127.15543,37.47219],[127.15542,37.47215],[127.15553,37.47198],[127.15557,37.47195],[127.15563,37.47205],[127.15575,37.47212],[127.15601,37.47217],[127.15607,37.47221],[127.15614,37.47239],[127.15577,37.47277],[127.15576,37.47259],[127.15561,37.47259]]]}},{"type":"Feature","properties":{"id":1024426517},"geometry":{"type":"Polygon","coordinates":[[[127.10816,37.60624],[127.10819,37.60627],[127.10824,37.6063],[127.10837,37.60632],[127.10851,37.60637],[127.10867,37.60643],[127.10892,37.60656],[127.10905,37.60662],[127.10918,37.60665],[127.10928,37.60667],[127.10942,37.60633],[127.10943,37.60631],[127.1095,37.60601],[127.10893,37.6059],[127.10888,37.60589],[127.10884,37.60588],[127.1088,37.60587],[127.10877,37.60587],[127.10868,37.60585],[127.10851,37.6058],[127.10839,37.60576],[127.10816,37.60624]]]}},{"type":"Feature","properties":{"id":1029188660},"geometry":{"type":"Polygon","coordinates":[[[126.70501,37.48114],[126.70608,37.48213],[126.70581,37.48238],[126.70483,37.4815],[126.70501,37.48114]]]}},{"type":"Feature","properties":{"id":1029933650},"geometry":{"type":"Polygon","coordinates":[[[127.15614,37.48516],[127.15575,37.48517],[127.1557,37.48518],[127.15566,37.48519],[127.15565,37.48521],[127.15564,37.48525],[127.15565,37.48541],[127.15566,37.48543],[127.15569,37.48544],[127.15573,37.48545],[127.1561,37.48543],[127.15617,37.48543],[127.1562,37.48545],[127.15623,37.48548],[127.15633,37.48569],[127.15635,37.4858],[127.15636,37.4858],[127.15638,37.48579],[127.15666,37.48549],[127.15665,37.48547],[127.15654,37.48539],[127.15651,37.48538],[127.15648,37.48537],[127.15621,37.48538],[127.15615,37.4853],[127.15614,37.48516]]]}},{"type":"Feature","properties":{"id":1030352601},"geometry":{"type":"Polygon","coordinates":[[[126.88835,37.46388],[126.88866,37.46352],[126.88872,37.46354],[126.88951,37.46383],[126.88933,37.46421],[126.88925,37.4642],[126.88835,37.46388]]]}},{"type":"Feature","properties":{"id":1031110571},"geometry":{"type":"Polygon","coordinates":[[[127.15994,37.49505],[127.15981,37.49505],[127.15936,37.49451],[127.1593,37.49448],[127.15848,37.4943],[127.15859,37.49397],[127.15861,37.49392],[127.15917,37.49399],[127.1593,37.49392],[127.15944,37.49355],[127.15948,37.49355],[127.15956,37.49362],[127.15968,37.49377],[127.15984,37.49402],[127.15993,37.49427],[127.15999,37.49456],[127.15998,37.49491],[127.15994,37.49505]]]}},{"type":"Feature","properties":{"id":1033794341},"geometry":{"type":"Polygon","coordinates":[[[126.90515,37.45267],[126.90416,37.45234],[126.9041,37.45236],[126.90397,37.45339],[126.90515,37.45267]]]}},{"type":"Feature","properties":{"id":1034385045},"geometry":{"type":"Polygon","coordinates":[[[127.15953,37.49986],[127.15912,37.49931],[127.15942,37.49915],[127.15956,37.4992],[127.15977,37.49946],[127.15984,37.49962],[127.15983,37.49973],[127.15966,37.49983],[127.15953,37.49986]]]}},{"type":"Feature","properties":{"id":1034532174},"geometry":{"type":"Polygon","coordinates":[[[126.74845,37.52921],[126.74763,37.52925],[126.74761,37.52866],[126.74781,37.52866],[126.74813,37.52865],[126.74813,37.52887],[126.7483,37.52887],[126.7484,37.52887],[126.74841,37.52895],[126.74845,37.52921]]]}},{"type":"Feature","properties":{"id":1044574373},"geometry":{"type":"Polygon","coordinates":[[[126.81542,37.47222],[126.81605,37.47359],[126.81627,37.47403],[126.81587,37.4742],[126.8154,37.47354],[126.81512,37.47294],[126.8155,37.47283],[126.8152,37.47228],[126.81542,37.47222]]]}},{"type":"Feature","properties":{"id":1044574397},"geometry":{"type":"Polygon","coordinates":[[[126.81348,37.46257],[126.81371,37.46253],[126.81404,37.46251],[126.81426,37.46248],[126.81438,37.46239],[126.81466,37.46248],[126.81477,37.46257],[126.81504,37.46279],[126.81564,37.46279],[126.81578,37.46241],[126.8158,37.46215],[126.81607,37.46164],[126.81597,37.4616],[126.8157,37.46212],[126.81494,37.46193],[126.81481,37.46213],[126.81454,37.46225],[126.81432,37.46231],[126.81415,37.46228],[126.81366,37.46215],[126.81348,37.46257]]]}},{"type":"Feature","properties":{"id":1044585921},"geometry":{"type":"Polygon","coordinates":[[[126.81618,37.46668],[126.8164,37.46637],[126.81653,37.46627],[126.81597,37.46578],[126.81559,37.46558],[126.81469,37.46588],[126.81502,37.46635],[126.81521,37.46668],[126.81538,37.46678],[126.8156,37.46682],[126.81586,37.46683],[126.81606,37.46677],[126.81618,37.46668]]]}},{"type":"Feature","properties":{"id":1044585923},"geometry":{"type":"Polygon","coordinates":[[[126.81414,37.46783],[126.8145,37.4685],[126.81499,37.46834],[126.81466,37.46766],[126.81414,37.46783]]]}},{"type":"Feature","properties":{"id":1044585925},"geometry":{"type":"Polygon","coordinates":[[[126.81355,37.46788],[126.81357,37.46783],[126.81345,37.46757],[126.81344,37.4674],[126.8135,37.4671],[126.81351,37.4669],[126.81349,37.4667],[126.81345,37.46654],[126.81332,37.46636],[126.81275,37.46677],[126.8132,37.46801],[126.81355,37.46788]]]}},{"type":"Feature","properties":{"id":1047544545},"geometry":{"type":"Polygon","coordinates":[[[127.02684,37.48372],[127.02695,37.48373],[127.02703,37.48374],[127.02708,37.48376],[127.02711,37.48378],[127.02717,37.48382],[127.02722,37.48386],[127.02725,37.4839],[127.02728,37.48393],[127.0273,37.48398],[127.02731,37.48401],[127.02731,37.48405],[127.0273,37.48411],[127.02728,37.48414],[127.02727,37.48417],[127.02724,37.4842],[127.02649,37.48455],[127.02644,37.48456],[127.02639,37.48457],[127.02634,37.48457],[127.02628,37.48456],[127.0262,37.48454],[127.02612,37.48452],[127.02608,37.48449],[127.02604,37.48446],[127.02603,37.48444],[127.026,37.48441],[127.02598,37.48438],[127.02596,37.48434],[127.02596,37.4843],[127.02597,37.48426],[127.0262,37.48365],[127.02684,37.48372]]]}},{"type":"Feature","properties":{"id":1054139474},"geometry":{"type":"Polygon","coordinates":[[[127.07325,37.49771],[127.07306,37.49824],[127.07292,37.49837],[127.0725,37.49944],[127.07192,37.50062],[127.07101,37.50155],[127.07132,37.50191],[127.0727,37.50144],[127.07374,37.50121],[127.07503,37.50099],[127.07534,37.50084],[127.07453,37.50059],[127.07404,37.50023],[127.07385,37.49978],[127.07384,37.49926],[127.07419,37.49845],[127.07431,37.49802],[127.07325,37.49771]]]}},{"type":"Feature","properties":{"id":1056211770},"geometry":{"type":"Polygon","coordinates":[[[126.90429,37.59787],[126.9045,37.59781],[126.90431,37.59748],[126.90395,37.59735],[126.90392,37.59741],[126.90384,37.59738],[126.9039,37.59728],[126.90376,37.59725],[126.90372,37.59735],[126.90372,37.59737],[126.90373,37.59739],[126.90374,37.59739],[126.90376,37.5974],[126.90372,37.59746],[126.90373,37.5975],[126.90377,37.59752],[126.90374,37.59758],[126.90415,37.59771],[126.9042,37.59775],[126.90428,37.59787],[126.90429,37.59787]]]}},{"type":"Feature","properties":{"id":1058107786},"geometry":{"type":"Polygon","coordinates":[[[127.08326,37.58324],[127.08373,37.58323],[127.08379,37.58303],[127.08379,37.58292],[127.08379,37.58265],[127.08378,37.58258],[127.08377,37.5825],[127.08376,37.58243],[127.08369,37.58221],[127.08367,37.58214],[127.08358,37.58187],[127.08357,37.58184],[127.08355,37.58181],[127.08346,37.58161],[127.08345,37.58159],[127.08342,37.58155],[127.08339,37.58151],[127.08331,37.5814],[127.08327,37.58134],[127.08324,37.58134],[127.08321,37.58134],[127.08316,37.58134],[127.08317,37.5814],[127.08319,37.58182],[127.08319,37.58184],[127.08319,37.58187],[127.0832,37.58198],[127.0832,37.58199],[127.0832,37.58202],[127.08322,37.58249],[127.08322,37.5825],[127.08322,37.58252],[127.08326,37.58324]]]}},{"type":"Feature","properties":{"id":1058903196},"geometry":{"type":"Polygon","coordinates":[[[127.14734,37.63812],[127.14839,37.63803],[127.1481,37.63601],[127.14793,37.63523],[127.14782,37.63479],[127.14761,37.63415],[127.14735,37.63355],[127.14594,37.63425],[127.14651,37.63519],[127.14711,37.63581],[127.14725,37.63602],[127.14714,37.63707],[127.14734,37.63812]]]}},{"type":"Feature","properties":{"id":1058904374},"geometry":{"type":"Polygon","coordinates":[[[127.15034,37.61626],[127.14785,37.61564],[127.14721,37.61688],[127.14718,37.61711],[127.1483,37.61734],[127.14914,37.61745],[127.1495,37.61745],[127.14985,37.61725],[127.1501,37.61677],[127.15034,37.61626]]]}},{"type":"Feature","properties":{"id":1058972066},"geometry":{"type":"Polygon","coordinates":[[[127.14832,37.60464],[127.14849,37.60467],[127.14859,37.60438],[127.14877,37.60385],[127.14885,37.60374],[127.1489,37.60366],[127.14893,37.6036],[127.14923,37.60287],[127.1489,37.60278],[127.14865,37.60335],[127.14858,37.60351],[127.14858,37.60355],[127.14852,37.60371],[127.14843,37.60416],[127.14838,37.60433],[127.14838,37.60434],[127.14837,37.60452],[127.14832,37.60464]]]}},{"type":"Feature","properties":{"id":1059802064},"geometry":{"type":"Polygon","coordinates":[[[127.15204,37.4459],[127.15315,37.44485],[127.15527,37.4463],[127.15412,37.44749],[127.15204,37.4459]]]}},{"type":"Feature","properties":{"id":1061913782},"geometry":{"type":"Polygon","coordinates":[[[127.04392,37.57904],[127.04415,37.57858],[127.04476,37.57928],[127.04473,37.57931],[127.04392,37.57904]]]}},{"type":"Feature","properties":{"id":1061940221},"geometry":{"type":"Polygon","coordinates":[[[127.04267,37.57796],[127.04329,37.57829],[127.04408,37.5778],[127.04408,37.57769],[127.04389,37.57752],[127.04267,37.57796]]]}},{"type":"Feature","properties":{"id":1062088548},"geometry":{"type":"Polygon","coordinates":[[[126.71119,37.53536],[126.7117,37.53531],[126.71213,37.5356],[126.71215,37.53568],[126.71248,37.53595],[126.71236,37.53689],[126.71217,37.5368],[126.71193,37.53661],[126.71175,37.53646],[126.71163,37.53629],[126.71159,37.53606],[126.71164,37.53585],[126.71157,37.53571],[126.71138,37.53565],[126.7112,37.53568],[126.71108,37.53544],[126.71119,37.53536]]]}},{"type":"Feature","properties":{"id":1063324983},"geometry":{"type":"Polygon","coordinates":[[[127.16622,37.43298],[127.16631,37.43304],[127.1664,37.4331],[127.1667,37.43336],[127.16672,37.43338],[127.16674,37.43339],[127.16675,37.4334],[127.16676,37.43341],[127.16677,37.43423],[127.16678,37.43444],[127.16678,37.43446],[127.1668,37.43462],[127.16681,37.43465],[127.16679,37.43541],[127.1668,37.43568],[127.1668,37.43583],[127.16681,37.4362],[127.16683,37.43622],[127.16687,37.43624],[127.16754,37.43652],[127.16757,37.43656],[127.16758,37.43664],[127.16741,37.4369],[127.16733,37.43693],[127.16726,37.43694],[127.1672,37.43693],[127.16695,37.43685],[127.1668,37.43679],[127.16634,37.43662],[127.16623,37.43657],[127.16621,37.43655],[127.16619,37.43479],[127.1662,37.43425],[127.16621,37.43349],[127.16622,37.43298]]]}},{"type":"Feature","properties":{"id":1063476796},"geometry":{"type":"Polygon","coordinates":[[[127.14813,37.48334],[127.14808,37.48314],[127.14773,37.48261],[127.14776,37.48252],[127.14759,37.48211],[127.14756,37.48188],[127.14743,37.48189],[127.1474,37.48189],[127.14739,37.48177],[127.14469,37.48188],[127.14467,37.48187],[127.14465,37.4815],[127.14317,37.48155],[127.14319,37.48188],[127.14136,37.48194],[127.14081,37.48191],[127.14,37.48182],[127.14002,37.48185],[127.14041,37.48279],[127.14044,37.48287],[127.14056,37.48283],[127.14133,37.48281],[127.14323,37.48395],[127.1443,37.48427],[127.14457,37.48494],[127.14471,37.48493],[127.14492,37.48491],[127.14512,37.48487],[127.14527,37.48484],[127.14547,37.48478],[127.14493,37.48377],[127.14487,37.48366],[127.14569,37.48337],[127.14709,37.48323],[127.14758,37.48319],[127.14813,37.48334]]]}},{"type":"Feature","properties":{"id":1063810011},"geometry":{"type":"Polygon","coordinates":[[[127.1447,37.48519],[127.14473,37.48534],[127.14485,37.48556],[127.14498,37.48646],[127.14476,37.48652],[127.14454,37.48647],[127.1443,37.48644],[127.14415,37.48639],[127.14327,37.48659],[127.14347,37.48706],[127.14299,37.48719],[127.14304,37.4873],[127.14277,37.48737],[127.14305,37.48803],[127.14264,37.48814],[127.1428,37.48852],[127.14283,37.48854],[127.14286,37.48861],[127.14314,37.48855],[127.14322,37.48875],[127.14331,37.48879],[127.14362,37.48866],[127.14411,37.48813],[127.14419,37.48807],[127.14433,37.4879],[127.14441,37.48773],[127.14444,37.48749],[127.1444,37.48723],[127.14439,37.48717],[127.14446,37.48715],[127.14464,37.48728],[127.14477,37.48732],[127.14495,37.48732],[127.14506,37.48731],[127.14524,37.48726],[127.14549,37.48713],[127.14569,37.48704],[127.14582,37.48704],[127.14584,37.48708],[127.14601,37.4872],[127.1464,37.4872],[127.14678,37.48728],[127.14684,37.48733],[127.14686,37.48737],[127.14717,37.48712],[127.14713,37.48709],[127.14747,37.48671],[127.14755,37.48662],[127.14685,37.48621],[127.14671,37.48612],[127.14648,37.48592],[127.14626,37.4857],[127.14602,37.48533],[127.1459,37.48506],[127.1458,37.48502],[127.14543,37.4851],[127.14524,37.48514],[127.14498,37.48518],[127.1447,37.48519]]]}},{"type":"Feature","properties":{"id":1063810012},"geometry":{"type":"Polygon","coordinates":[[[127.14713,37.48791],[127.14686,37.48737],[127.14717,37.48712],[127.1476,37.4874],[127.14736,37.48767],[127.14784,37.489],[127.14816,37.48917],[127.14827,37.48905],[127.14843,37.48913],[127.14828,37.48928],[127.14908,37.48971],[127.14922,37.48954],[127.14939,37.48964],[127.14925,37.48979],[127.15079,37.49063],[127.15072,37.49072],[127.15069,37.49084],[127.15068,37.49094],[127.15067,37.49097],[127.15063,37.49104],[127.15057,37.49109],[127.15055,37.49108],[127.1502,37.49072],[127.14996,37.49045],[127.14986,37.49039],[127.14968,37.49034],[127.14948,37.49023],[127.14904,37.48996],[127.14892,37.48988],[127.14884,37.48988],[127.14877,37.48989],[127.14848,37.49004],[127.1474,37.48903],[127.14721,37.48818],[127.14713,37.48791]]]}},{"type":"Feature","properties":{"id":1064332223},"geometry":{"type":"Polygon","coordinates":[[[127.10654,37.46469],[127.10651,37.46448],[127.10722,37.46443],[127.10765,37.46399],[127.10744,37.46295],[127.10766,37.46293],[127.10777,37.4636],[127.10787,37.46365],[127.10792,37.46405],[127.10737,37.46459],[127.10718,37.46465],[127.10654,37.46469]]]}},{"type":"Feature","properties":{"id":1064332224},"geometry":{"type":"Polygon","coordinates":[[[127.10954,37.46506],[127.10961,37.46514],[127.10961,37.46524],[127.1092,37.46518],[127.10884,37.46553],[127.10864,37.46547],[127.10914,37.46504],[127.10954,37.46506]]]}},{"type":"Feature","properties":{"id":1064332225},"geometry":{"type":"Polygon","coordinates":[[[127.10855,37.46763],[127.10882,37.46753],[127.10886,37.46707],[127.10882,37.46565],[127.10868,37.46559],[127.10853,37.46566],[127.1086,37.46709],[127.10855,37.46763]]]}},{"type":"Feature","properties":{"id":1064556420},"geometry":{"type":"Polygon","coordinates":[[[127.06884,37.59324],[127.06906,37.59234],[127.06912,37.59235],[127.0692,37.59239],[127.06924,37.59242],[127.06926,37.59245],[127.06928,37.59248],[127.06903,37.59326],[127.06884,37.59324]]]}},{"type":"Feature","properties":{"id":1065998647},"geometry":{"type":"Polygon","coordinates":[[[127.14559,37.4693],[127.14489,37.46841],[127.14301,37.46854],[127.14281,37.46855],[127.14169,37.4686],[127.13998,37.46859],[127.13899,37.46859],[127.13794,37.46856],[127.13756,37.46848],[127.13742,37.4684],[127.13711,37.4684],[127.13712,37.46888],[127.13727,37.46895],[127.1374,37.46897],[127.13806,37.46925],[127.13913,37.46973],[127.13921,37.46976],[127.13934,37.46979],[127.13946,37.46981],[127.1396,37.46982],[127.14067,37.46978],[127.14076,37.46981],[127.14076,37.46984],[127.14145,37.46997],[127.14167,37.47001],[127.14208,37.47001],[127.14303,37.46997],[127.14308,37.4699],[127.14468,37.46939],[127.14543,37.46939],[127.14559,37.4693]]]}},{"type":"Feature","properties":{"id":1067083846},"geometry":{"type":"Polygon","coordinates":[[[127.08607,37.50395],[127.08591,37.50361],[127.0865,37.50346],[127.08678,37.50377],[127.08607,37.50395]]]}},{"type":"Feature","properties":{"id":1067083857},"geometry":{"type":"Polygon","coordinates":[[[127.08095,37.50311],[127.08065,37.50226],[127.08157,37.50206],[127.08176,37.50222],[127.08157,37.50298],[127.08095,37.50311]]]}},{"type":"Feature","properties":{"id":1068776872},"geometry":{"type":"Polygon","coordinates":[[[127.10625,37.61483],[127.10627,37.61502],[127.10629,37.61505],[127.10632,37.61507],[127.10637,37.61509],[127.1064,37.61509],[127.10866,37.61426],[127.10888,37.6143],[127.10898,37.6143],[127.10902,37.61426],[127.10906,37.61421],[127.10909,37.61417],[127.10914,37.61413],[127.10918,37.61411],[127.10925,37.61412],[127.10936,37.61413],[127.10943,37.61414],[127.10949,37.61413],[127.10953,37.61411],[127.10957,37.61406],[127.1096,37.61402],[127.10965,37.61396],[127.10979,37.61387],[127.1099,37.61385],[127.11005,37.61382],[127.11017,37.61378],[127.11023,37.61375],[127.11029,37.6137],[127.11036,37.61363],[127.11043,37.61357],[127.1106,37.61351],[127.11052,37.61323],[127.10976,37.61357],[127.10894,37.61388],[127.10866,37.61395],[127.10819,37.6141],[127.10633,37.61478],[127.10625,37.61483]]]}},{"type":"Feature","properties":{"id":1068776873},"geometry":{"type":"Polygon","coordinates":[[[127.11187,37.61462],[127.11136,37.61423],[127.11071,37.61343],[127.11068,37.6134],[127.11097,37.61329],[127.11122,37.61338],[127.11129,37.6134],[127.11186,37.61344],[127.11203,37.61349],[127.11222,37.6136],[127.11239,37.6137],[127.11255,37.61385],[127.11263,37.61392],[127.11269,37.614],[127.11274,37.6141],[127.11277,37.61421],[127.11277,37.6143],[127.11273,37.61437],[127.11305,37.61444],[127.11297,37.61466],[127.11265,37.61462],[127.11261,37.61483],[127.1126,37.61487],[127.11287,37.61493],[127.11286,37.61501],[127.11191,37.61467],[127.11187,37.61462]]]}},{"type":"Feature","properties":{"id":1068862845},"geometry":{"type":"Polygon","coordinates":[[[127.12789,37.59786],[127.12777,37.59721],[127.12779,37.59718],[127.12784,37.59716],[127.12794,37.59713],[127.12804,37.59711],[127.12814,37.59713],[127.12829,37.59728],[127.12831,37.59731],[127.12831,37.59735],[127.12831,37.59742],[127.12832,37.5978],[127.12829,37.59787],[127.12823,37.59791],[127.12789,37.59786]]]}},{"type":"Feature","properties":{"id":1074707139},"geometry":{"type":"Polygon","coordinates":[[[127.15066,37.59978],[127.15035,37.59971],[127.15028,37.59982],[127.15006,37.60014],[127.15002,37.60027],[127.14958,37.60102],[127.14959,37.60104],[127.14965,37.60109],[127.14966,37.60113],[127.1496,37.60122],[127.14961,37.60129],[127.14984,37.60135],[127.15007,37.60081],[127.15029,37.60032],[127.15055,37.59993],[127.15066,37.59978]]]}},{"type":"Feature","properties":{"id":1075629215},"geometry":{"type":"Polygon","coordinates":[[[126.79915,37.44916],[126.79949,37.44939],[126.80049,37.44845],[126.80178,37.44929],[126.80237,37.44903],[126.80282,37.44872],[126.80312,37.4484],[126.8018,37.44836],[126.80125,37.44828],[126.80097,37.44824],[126.80081,37.44819],[126.79941,37.44736],[126.79939,37.44734],[126.79939,37.44732],[126.7994,37.44731],[126.79944,37.44728],[126.79938,37.44723],[126.7991,37.44749],[126.79993,37.44802],[126.79997,37.44826],[126.79915,37.44916]]]}},{"type":"Feature","properties":{"id":1075629761},"geometry":{"type":"Polygon","coordinates":[[[126.80401,37.44732],[126.80563,37.44775],[126.8062,37.44721],[126.80666,37.44696],[126.80822,37.44533],[126.80834,37.44526],[126.80855,37.44521],[126.80847,37.44501],[126.80848,37.44484],[126.80852,37.44462],[126.80864,37.44443],[126.80895,37.44412],[126.80914,37.44395],[126.80899,37.44383],[126.80887,37.44369],[126.80885,37.4435],[126.80881,37.44264],[126.80878,37.44252],[126.80867,37.44248],[126.80848,37.4424],[126.80839,37.44265],[126.80819,37.44293],[126.80806,37.44306],[126.80777,37.44329],[126.80747,37.44344],[126.80698,37.44361],[126.80662,37.44369],[126.80605,37.4438],[126.80562,37.44385],[126.80572,37.4442],[126.80507,37.44436],[126.80438,37.44532],[126.80418,37.4461],[126.80401,37.44732]]]}},{"type":"Feature","properties":{"id":1076040152},"geometry":{"type":"Polygon","coordinates":[[[127.15465,37.59583],[127.15544,37.59544],[127.15556,37.59566],[127.15494,37.59591],[127.15488,37.5958],[127.15481,37.59581],[127.15479,37.59592],[127.15471,37.59594],[127.15465,37.59583]]]}},{"type":"Feature","properties":{"id":1076495758},"geometry":{"type":"Polygon","coordinates":[[[127.16285,37.59326],[127.16297,37.59322],[127.16346,37.59246],[127.16348,37.5924],[127.16333,37.59234],[127.16324,37.59247],[127.16301,37.59301],[127.16285,37.59326]]]}},{"type":"Feature","properties":{"id":1077211601},"geometry":{"type":"Polygon","coordinates":[[[127.10352,37.60255],[127.10353,37.60245],[127.10358,37.60235],[127.10369,37.60211],[127.10376,37.60201],[127.10385,37.60193],[127.10398,37.60185],[127.10406,37.60181],[127.10406,37.60235],[127.10406,37.60241],[127.10402,37.60242],[127.10398,37.60245],[127.10394,37.60249],[127.10392,37.60251],[127.10392,37.60252],[127.10392,37.60255],[127.10352,37.60255]]]}},{"type":"Feature","properties":{"id":1077419849},"geometry":{"type":"Polygon","coordinates":[[[127.07323,37.46843],[127.07344,37.46828],[127.07354,37.46838],[127.07362,37.46844],[127.07372,37.4685],[127.07382,37.46857],[127.07392,37.46862],[127.07399,37.46865],[127.07407,37.46869],[127.07397,37.46888],[127.07376,37.46879],[127.07379,37.46873],[127.07379,37.46868],[127.07376,37.46862],[127.07371,37.46856],[127.07366,37.46852],[127.0736,37.46851],[127.07351,37.4685],[127.07343,37.46852],[127.07338,37.46855],[127.07323,37.46843]]]}},{"type":"Feature","properties":{"id":1078416391},"geometry":{"type":"Polygon","coordinates":[[[127.14449,37.47239],[127.14492,37.47237],[127.14494,37.47235],[127.14496,37.47231],[127.14499,37.47222],[127.145,37.47213],[127.14495,37.47202],[127.14486,37.47192],[127.14464,37.4718],[127.14453,37.47178],[127.14443,37.47178],[127.14434,37.47181],[127.14428,37.47184],[127.14423,37.47189],[127.14421,37.47197],[127.14423,37.47207],[127.14429,37.47219],[127.14441,37.47232],[127.14449,37.47239]]]}},{"type":"Feature","properties":{"id":1079154823},"geometry":{"type":"Polygon","coordinates":[[[126.95028,37.59117],[126.95058,37.59098],[126.9503,37.5907],[126.94996,37.59091],[126.94986,37.59091],[126.94986,37.59104],[126.95,37.59123],[126.95005,37.59105],[126.95012,37.59126],[126.95039,37.59135],[126.95064,37.59144],[126.95088,37.5915],[126.95126,37.59155],[126.95128,37.59146],[126.95114,37.59143],[126.95106,37.5914],[126.95087,37.59145],[126.95069,37.59126],[126.95038,37.59128],[126.95028,37.59117]]]}},{"type":"Feature","properties":{"id":1082243550},"geometry":{"type":"Polygon","coordinates":[[[127.13509,37.57491],[127.13507,37.57498],[127.13493,37.57492],[127.13488,37.57505],[127.13509,37.5752],[127.1358,37.57541],[127.13599,37.5755],[127.13708,37.57568],[127.13708,37.57551],[127.13509,37.57491]]]}},{"type":"Feature","properties":{"id":1082243551},"geometry":{"type":"Polygon","coordinates":[[[127.13515,37.5748],[127.13518,37.57472],[127.13535,37.57477],[127.13541,37.57479],[127.13622,37.57503],[127.13628,37.57505],[127.13689,37.57523],[127.13692,37.57524],[127.13696,37.57525],[127.13706,37.57528],[127.13703,37.57536],[127.13693,37.57533],[127.13686,37.57531],[127.13624,37.57512],[127.13618,37.5751],[127.13538,37.57487],[127.13531,37.57484],[127.13515,37.5748]]]}},{"type":"Feature","properties":{"id":1082248340},"geometry":{"type":"Polygon","coordinates":[[[127.06537,37.63116],[127.06538,37.63122],[127.06546,37.63128],[127.06699,37.63155],[127.06811,37.63174],[127.06867,37.6318],[127.06927,37.6318],[127.06973,37.63177],[127.0699,37.63176],[127.0704,37.63167],[127.0712,37.63144],[127.072,37.63109],[127.07252,37.63074],[127.07415,37.62956],[127.07412,37.62955],[127.074,37.62951],[127.07377,37.62946],[127.07373,37.62946],[127.0735,37.62945],[127.07338,37.6295],[127.07196,37.63046],[127.0715,37.63074],[127.07105,37.63095],[127.07071,37.63111],[127.07049,37.63119],[127.07014,37.63127],[127.06997,37.6313],[127.06971,37.63133],[127.06898,37.63133],[127.06855,37.63129],[127.06776,37.63117],[127.06713,37.63104],[127.06616,37.63084],[127.06573,37.63077],[127.06564,37.63078],[127.06557,37.63081],[127.06548,37.63092],[127.06547,37.63094],[127.06538,37.63111],[127.06537,37.63116]]]}},{"type":"Feature","properties":{"id":1083161514},"geometry":{"type":"Polygon","coordinates":[[[127.12233,37.56787],[127.12229,37.56794],[127.12233,37.56805],[127.12241,37.56814],[127.12256,37.56826],[127.1227,37.56834],[127.12297,37.56845],[127.12313,37.56851],[127.12331,37.56857],[127.12336,37.56858],[127.12339,37.56861],[127.12341,37.56868],[127.12346,37.56883],[127.12348,37.56888],[127.12355,37.56893],[127.12367,37.56897],[127.12373,37.56896],[127.12376,37.56895],[127.12379,37.56896],[127.12383,37.56894],[127.12386,37.56887],[127.12384,37.56879],[127.12381,37.56878],[127.12379,37.56874],[127.12375,37.5687],[127.12359,37.56859],[127.12338,37.56845],[127.12321,37.56833],[127.12299,37.56817],[127.12279,37.56799],[127.12269,37.56791],[127.12261,37.56785],[127.12252,37.56783],[127.12245,37.56782],[127.1224,37.56782],[127.12237,37.56783],[127.12233,37.56787]]]}},{"type":"Feature","properties":{"id":1083171431},"geometry":{"type":"Polygon","coordinates":[[[127.16354,37.67786],[127.16417,37.67746],[127.16415,37.67744],[127.16341,37.67678],[127.16287,37.67632],[127.1625,37.67609],[127.16213,37.6759],[127.16193,37.67597],[127.16187,37.67609],[127.16289,37.67709],[127.16327,37.67753],[127.16354,37.67786]]]}},{"type":"Feature","properties":{"id":1083254469},"geometry":{"type":"Polygon","coordinates":[[[127.14891,37.6131],[127.14906,37.61191],[127.14946,37.61221],[127.14945,37.61224],[127.14944,37.61226],[127.15095,37.61259],[127.15097,37.61259],[127.15109,37.61262],[127.1511,37.61262],[127.15105,37.61277],[127.15076,37.61363],[127.14893,37.6133],[127.14891,37.6131]]]}},{"type":"Feature","properties":{"id":1085304262},"geometry":{"type":"Polygon","coordinates":[[[127.07013,37.48691],[127.07084,37.48714],[127.07134,37.4869],[127.07153,37.48683],[127.07181,37.4863],[127.07065,37.48592],[127.07013,37.48691]]]}},{"type":"Feature","properties":{"id":1089005023},"geometry":{"type":"Polygon","coordinates":[[[127.13836,37.57547],[127.13828,37.57589],[127.13829,37.57592],[127.13901,37.57614],[127.13909,37.57616],[127.13909,37.57609],[127.13908,37.57607],[127.13902,37.57606],[127.13903,37.57588],[127.13836,37.57547]]]}},{"type":"Feature","properties":{"id":1090352695},"geometry":{"type":"Polygon","coordinates":[[[126.7662,37.49613],[126.76615,37.49596],[126.76732,37.49579],[126.76737,37.49595],[126.7662,37.49613]]]}},{"type":"Feature","properties":{"id":1092136694},"geometry":{"type":"Polygon","coordinates":[[[126.70823,37.58499],[126.70879,37.5849],[126.70934,37.58482],[126.70915,37.58427],[126.70756,37.58452],[126.7068,37.58467],[126.70685,37.58489],[126.70811,37.58467],[126.70823,37.58499]]]}},{"type":"Feature","properties":{"id":1092373040},"geometry":{"type":"Polygon","coordinates":[[[126.71381,37.59054],[126.715,37.59062],[126.71505,37.5906],[126.71509,37.59058],[126.7151,37.59055],[126.71505,37.59042],[126.71485,37.58998],[126.71473,37.58959],[126.7147,37.58934],[126.71402,37.58927],[126.71395,37.58933],[126.71381,37.59054]]]}},{"type":"Feature","properties":{"id":1092373042},"geometry":{"type":"Polygon","coordinates":[[[126.71722,37.58772],[126.71728,37.58746],[126.71748,37.58718],[126.71761,37.58735],[126.71799,37.58778],[126.71722,37.58772]]]}},{"type":"Feature","properties":{"id":1092611499},"geometry":{"type":"Polygon","coordinates":[[[127.18169,37.44509],[127.18156,37.44549],[127.18176,37.44565],[127.18197,37.44573],[127.18191,37.44582],[127.18181,37.44608],[127.18226,37.44619],[127.18267,37.44607],[127.18294,37.44626],[127.18334,37.44627],[127.18407,37.44629],[127.18427,37.44602],[127.18295,37.44506],[127.1818,37.44488],[127.18169,37.44509]]]}},{"type":"Feature","properties":{"id":1097694396},"geometry":{"type":"Polygon","coordinates":[[[127.14846,37.60839],[127.14849,37.6084],[127.14851,37.60841],[127.14854,37.60841],[127.14855,37.60838],[127.14856,37.60835],[127.14858,37.60832],[127.14859,37.60827],[127.14862,37.60822],[127.14866,37.6082],[127.14871,37.60817],[127.14871,37.60814],[127.14871,37.60811],[127.14871,37.60808],[127.14873,37.60806],[127.14874,37.60803],[127.14877,37.608],[127.14878,37.60799],[127.14876,37.60794],[127.14892,37.6079],[127.14893,37.60795],[127.14896,37.60794],[127.14899,37.60795],[127.14902,37.60795],[127.14906,37.60796],[127.14902,37.60793],[127.14895,37.60788],[127.14888,37.60783],[127.14882,37.60778],[127.14874,37.60774],[127.14868,37.60771],[127.14859,37.60767],[127.14858,37.60767],[127.1485,37.60812],[127.14846,37.60839]]]}},{"type":"Feature","properties":{"id":1097696500},"geometry":{"type":"Polygon","coordinates":[[[127.14822,37.6098],[127.14924,37.60989],[127.15002,37.60493],[127.14983,37.60493],[127.14958,37.60517],[127.1496,37.60521],[127.14956,37.6053],[127.14898,37.60579],[127.14895,37.60593],[127.14891,37.60607],[127.14879,37.60651],[127.14872,37.60682],[127.14867,37.60707],[127.14864,37.60725],[127.14862,37.60742],[127.14857,37.60767],[127.14845,37.60839],[127.14835,37.60897],[127.14828,37.60943],[127.14822,37.6098]]]}},{"type":"Feature","properties":{"id":1101386526},"geometry":{"type":"Polygon","coordinates":[[[126.86818,37.59386],[126.86694,37.5943],[126.86656,37.59369],[126.86783,37.59327],[126.86818,37.59386]]]}},{"type":"Feature","properties":{"id":1101459516},"geometry":{"type":"Polygon","coordinates":[[[127.19052,37.59219],[127.19051,37.59214],[127.19123,37.59206],[127.1932,37.59184],[127.19392,37.59176],[127.19439,37.5917],[127.19478,37.59164],[127.19522,37.59157],[127.19525,37.59156],[127.19527,37.59159],[127.19528,37.59165],[127.19528,37.59168],[127.19525,37.59169],[127.19515,37.59171],[127.19499,37.59174],[127.19486,37.59179],[127.1947,37.59185],[127.19448,37.59191],[127.19438,37.59193],[127.19428,37.59195],[127.19417,37.59197],[127.19404,37.59201],[127.19394,37.59206],[127.19389,37.59209],[127.19384,37.59211],[127.19381,37.59211],[127.19376,37.59209],[127.19366,37.59206],[127.19358,37.59205],[127.19345,37.59204],[127.19329,37.59205],[127.19321,37.59206],[127.19315,37.59207],[127.19307,37.59208],[127.19295,37.59209],[127.19284,37.59208],[127.19275,37.59207],[127.19268,37.59206],[127.19258,37.59204],[127.1925,37.59202],[127.1925,37.59198],[127.1924,37.59198],[127.19223,37.59198],[127.19191,37.59202],[127.19173,37.59206],[127.19154,37.5921],[127.19131,37.59212],[127.19103,37.59213],[127.19084,37.59215],[127.19065,37.59217],[127.19052,37.59219]]]}},{"type":"Feature","properties":{"id":1101459517},"geometry":{"type":"Polygon","coordinates":[[[127.19395,37.59253],[127.19408,37.59248],[127.19426,37.59242],[127.19438,37.59239],[127.19444,37.59237],[127.19442,37.59232],[127.19441,37.59229],[127.1944,37.59226],[127.19436,37.59226],[127.19434,37.59227],[127.1943,37.5923],[127.19425,37.59233],[127.1942,37.59236],[127.19413,37.59237],[127.19408,37.59238],[127.19402,37.59237],[127.19398,37.59236],[127.19395,37.59233],[127.19393,37.59231],[127.19392,37.59227],[127.19392,37.59223],[127.19394,37.5922],[127.19397,37.59216],[127.19402,37.59213],[127.19409,37.59209],[127.19418,37.59206],[127.19425,37.59205],[127.19433,37.59203],[127.19439,37.59203],[127.19442,37.59197],[127.19444,37.59196],[127.19449,37.59196],[127.19452,37.59198],[127.19454,37.59199],[127.19456,37.59199],[127.19458,37.59198],[127.1946,37.59197],[127.19464,37.59198],[127.19466,37.59199],[127.19468,37.59199],[127.19469,37.59199],[127.19469,37.59199],[127.19469,37.59198],[127.19468,37.59197],[127.19467,37.59196],[127.19467,37.59194],[127.19468,37.59192],[127.19469,37.5919],[127.1947,37.59189],[127.19471,37.59188],[127.19474,37.59188],[127.19477,37.59188],[127.19481,37.59189],[127.19484,37.59191],[127.19487,37.59194],[127.19488,37.59197],[127.19488,37.59202],[127.19488,37.59206],[127.19498,37.59206],[127.19497,37.59195],[127.19498,37.59188],[127.19502,37.59182],[127.19508,37.59177],[127.1951,37.59175],[127.19502,37.59177],[127.19495,37.59179],[127.19484,37.59183],[127.1946,37.59191],[127.19437,37.59196],[127.1942,37.592],[127.1941,37.59203],[127.19394,37.5921],[127.19385,37.59214],[127.19354,37.59222],[127.19327,37.59231],[127.19395,37.59253]]]}},{"type":"Feature","properties":{"id":1102587890},"geometry":{"type":"Polygon","coordinates":[[[126.94121,37.50368],[126.94123,37.5037],[126.94122,37.50373],[126.94145,37.50377],[126.94142,37.50362],[126.9414,37.50355],[126.94118,37.50325],[126.94097,37.503],[126.94096,37.50299],[126.94094,37.50299],[126.94092,37.50299],[126.94092,37.503],[126.94088,37.50315],[126.94088,37.50317],[126.94099,37.50335],[126.94102,37.5034],[126.94103,37.50352],[126.94106,37.50361],[126.9411,37.50363],[126.94121,37.50368]]]}},{"type":"Feature","properties":{"id":1104435665},"geometry":{"type":"Polygon","coordinates":[[[126.79819,37.49846],[126.79773,37.49811],[126.79835,37.49762],[126.79891,37.49784],[126.79934,37.49775],[126.79954,37.49756],[126.8004,37.49787],[126.80038,37.49838],[126.79934,37.49841],[126.79911,37.49813],[126.79908,37.49814],[126.79874,37.49825],[126.79819,37.49846]]]}},{"type":"Feature","properties":{"id":1104435666},"geometry":{"type":"Polygon","coordinates":[[[126.7977,37.49811],[126.79741,37.49798],[126.79681,37.49785],[126.79675,37.49783],[126.79677,37.49749],[126.79734,37.49773],[126.79757,37.49752],[126.79834,37.49762],[126.7977,37.49811]]]}},{"type":"Feature","properties":{"id":1105418329},"geometry":{"type":"Polygon","coordinates":[[[127.1373,37.48524],[127.13703,37.4835],[127.13664,37.48353],[127.13656,37.4836],[127.13682,37.48518],[127.1369,37.48524],[127.1373,37.48524]]]}},{"type":"Feature","properties":{"id":1107880833},"geometry":{"type":"Polygon","coordinates":[[[126.82175,37.4755],[126.82175,37.47546],[126.82176,37.4754],[126.82178,37.47534],[126.82187,37.47538],[126.82192,37.47558],[126.8221,37.47579],[126.82233,37.47585],[126.82229,37.47599],[126.8222,37.47616],[126.82209,37.47661],[126.82179,37.47717],[126.82166,37.47684],[126.82164,37.47674],[126.82164,37.47663],[126.82167,37.47653],[126.82175,37.47637],[126.8218,37.47621],[126.82182,37.47607],[126.82181,37.47593],[126.82175,37.4755]]]}},{"type":"Feature","properties":{"id":1107930300},"geometry":{"type":"Polygon","coordinates":[[[126.81183,37.53038],[126.81187,37.53025],[126.81178,37.52982],[126.81206,37.52975],[126.8127,37.52981],[126.81342,37.52994],[126.81302,37.53034],[126.81265,37.53063],[126.81252,37.53074],[126.81183,37.53038]]]}},{"type":"Feature","properties":{"id":1107931354},"geometry":{"type":"Polygon","coordinates":[[[126.83613,37.51575],[126.83631,37.51544],[126.83691,37.51523],[126.83694,37.51534],[126.83639,37.51569],[126.83621,37.51581],[126.83613,37.51575]]]}},{"type":"Feature","properties":{"id":1120083716},"geometry":{"type":"Polygon","coordinates":[[[126.74654,37.50521],[126.74646,37.50515],[126.74633,37.5051],[126.74618,37.50506],[126.74606,37.50506],[126.74594,37.50512],[126.74589,37.50518],[126.74588,37.50524],[126.74589,37.50534],[126.74595,37.50543],[126.74603,37.50552],[126.74617,37.50561],[126.74633,37.50567],[126.74648,37.50568],[126.74661,37.50566],[126.74669,37.50559],[126.74672,37.50551],[126.74671,37.50543],[126.74667,37.50535],[126.74661,37.50527],[126.74654,37.50521]]]}},{"type":"Feature","properties":{"id":1121961787},"geometry":{"type":"Polygon","coordinates":[[[127.12441,37.47594],[127.12389,37.47566],[127.12361,37.47572],[127.12355,37.47567],[127.12358,37.47564],[127.12368,37.47558],[127.12384,37.47555],[127.12399,37.47554],[127.12415,37.47556],[127.12431,37.47562],[127.12475,37.47577],[127.12481,37.47577],[127.12528,37.47572],[127.12534,37.4757],[127.12545,37.47561],[127.12548,37.4756],[127.12559,37.47559],[127.12567,37.47557],[127.1257,37.47555],[127.12571,37.47553],[127.12574,37.47554],[127.12617,37.47497],[127.12612,37.47495],[127.12613,37.47491],[127.12613,37.47487],[127.12612,37.47481],[127.12604,37.47476],[127.12615,37.47468],[127.12654,37.47497],[127.12668,37.47513],[127.12669,37.47522],[127.12674,37.47561],[127.12671,37.47565],[127.12663,37.4757],[127.12659,37.47572],[127.12654,37.47573],[127.12615,37.47574],[127.12608,37.47574],[127.12528,37.47582],[127.12473,37.4759],[127.12465,37.47591],[127.12441,37.47594]]]}},{"type":"Feature","properties":{"id":1122019319},"geometry":{"type":"Polygon","coordinates":[[[126.96019,37.50083],[126.96022,37.50085],[126.96026,37.50085],[126.96033,37.50075],[126.96038,37.50055],[126.96043,37.50027],[126.96044,37.49998],[126.96041,37.49977],[126.95996,37.49975],[126.95996,37.50018],[126.96016,37.50081],[126.96019,37.50083]]]}},{"type":"Feature","properties":{"id":1123783861},"geometry":{"type":"Polygon","coordinates":[[[126.8145,37.4887],[126.81507,37.48888],[126.81533,37.48835],[126.81476,37.48817],[126.8145,37.4887]]]}},{"type":"Feature","properties":{"id":1125640017},"geometry":{"type":"Polygon","coordinates":[[[127.00578,37.56904],[127.00545,37.5684],[127.00549,37.56835],[127.00557,37.56833],[127.00572,37.56867],[127.00573,37.56873],[127.0057,37.56879],[127.00578,37.56894],[127.00581,37.56895],[127.00591,37.5689],[127.00593,37.56889],[127.00593,37.56883],[127.00627,37.56877],[127.00633,37.56876],[127.00633,37.5688],[127.00598,37.56885],[127.00599,37.56892],[127.00578,37.56904]]]}},{"type":"Feature","properties":{"id":1126476684},"geometry":{"type":"Polygon","coordinates":[[[126.88813,37.44957],[126.88823,37.44823],[126.88893,37.44829],[126.88933,37.4477],[126.88949,37.44769],[126.88974,37.44752],[126.88978,37.44752],[126.8898,37.44755],[126.8898,37.44757],[126.88959,37.44782],[126.88946,37.44777],[126.88899,37.44841],[126.88913,37.44846],[126.88902,37.44863],[126.88886,37.44857],[126.88841,37.44923],[126.88855,37.44929],[126.88828,37.44967],[126.88817,37.44962],[126.88814,37.4496],[126.88813,37.44957]]]}},{"type":"Feature","properties":{"id":1133119825},"geometry":{"type":"Polygon","coordinates":[[[126.88836,37.53327],[126.88838,37.53329],[126.88841,37.53332],[126.88844,37.53334],[126.88846,37.53335],[126.8885,37.53337],[126.88853,37.53338],[126.88857,37.53339],[126.88861,37.5334],[126.88865,37.5334],[126.88869,37.5334],[126.88873,37.5334],[126.88877,37.53339],[126.88881,37.53338],[126.88884,37.53337],[126.88888,37.53335],[126.88891,37.53333],[126.88893,37.5333],[126.88896,37.53328],[126.88898,37.53325],[126.889,37.53322],[126.88901,37.53319],[126.88901,37.53315],[126.88902,37.53312],[126.88901,37.53309],[126.88901,37.53306],[126.88899,37.53303],[126.88887,37.53278],[126.88858,37.53219],[126.88837,37.53178],[126.88835,37.53173],[126.88833,37.5317],[126.88832,37.53168],[126.88829,37.53166],[126.88827,37.53164],[126.88824,37.53163],[126.88821,37.53161],[126.88818,37.53159],[126.88815,37.53158],[126.8881,37.53157],[126.88806,37.53157],[126.88802,37.53157],[126.88798,37.53157],[126.88794,37.53158],[126.8879,37.53159],[126.88786,37.53161],[126.88782,37.53163],[126.88778,37.53165],[126.88776,37.53167],[126.88773,37.5317],[126.88771,37.53174],[126.88769,37.53177],[126.88768,37.5318],[126.88768,37.53184],[126.88768,37.53187],[126.88769,37.5319],[126.8877,37.53195],[126.88781,37.53215],[126.88796,37.53246],[126.88812,37.53278],[126.88829,37.53312],[126.88835,37.53324],[126.88836,37.53327]]]}},{"type":"Feature","properties":{"id":1133967485},"geometry":{"type":"Polygon","coordinates":[[[126.87956,37.53967],[126.87984,37.53995],[126.8794,37.54022],[126.8791,37.54011],[126.879,37.54001],[126.87956,37.53967]]]}},{"type":"Feature","properties":{"id":1137536364},"geometry":{"type":"Polygon","coordinates":[[[126.85473,37.54175],[126.85496,37.54145],[126.85555,37.54174],[126.85546,37.54186],[126.85533,37.54203],[126.85473,37.54175]]]}},{"type":"Feature","properties":{"id":1138134488},"geometry":{"type":"Polygon","coordinates":[[[126.99259,37.57777],[126.99259,37.5777],[126.99246,37.5777],[126.99214,37.57773],[126.9917,37.57773],[126.99132,37.57769],[126.99114,37.57767],[126.99107,37.57768],[126.99211,37.57844],[126.99259,37.57777]]]}},{"type":"Feature","properties":{"id":1138173080},"geometry":{"type":"Polygon","coordinates":[[[126.94813,37.46369],[126.94809,37.46335],[126.94805,37.46319],[126.9479,37.46304],[126.94773,37.4628],[126.9476,37.46259],[126.94755,37.46236],[126.94751,37.46195],[126.94748,37.46151],[126.94751,37.46125],[126.94764,37.46099],[126.94774,37.46077],[126.94785,37.46052],[126.94786,37.4604],[126.94782,37.46032],[126.94783,37.4602],[126.94819,37.46051],[126.94857,37.46092],[126.94883,37.46123],[126.94889,37.4616],[126.9488,37.46201],[126.94869,37.46248],[126.94855,37.4629],[126.94847,37.46306],[126.94834,37.46324],[126.94818,37.46394],[126.94813,37.46369]]]}},{"type":"Feature","properties":{"id":1140269327},"geometry":{"type":"Polygon","coordinates":[[[126.82564,37.59886],[126.82563,37.59894],[126.8256,37.59904],[126.82555,37.59911],[126.82548,37.5992],[126.82537,37.59933],[126.82536,37.59923],[126.82536,37.59916],[126.82539,37.59905],[126.82543,37.59898],[126.82548,37.59893],[126.82552,37.59888],[126.82556,37.59882],[126.82562,37.59876],[126.82567,37.5987],[126.82566,37.59844],[126.82569,37.5984],[126.82574,37.5984],[126.82581,37.59848],[126.82581,37.59868],[126.82564,37.59886]]]}},{"type":"Feature","properties":{"id":1143069411},"geometry":{"type":"Polygon","coordinates":[[[126.93018,37.60037],[126.93034,37.60006],[126.93062,37.59966],[126.93102,37.59981],[126.93127,37.59998],[126.93149,37.60021],[126.93129,37.6003],[126.93057,37.60035],[126.93018,37.60037]]]}},{"type":"Feature","properties":{"id":1143941238},"geometry":{"type":"Polygon","coordinates":[[[126.72355,37.62359],[126.72358,37.62358],[126.72361,37.62357],[126.72439,37.62317],[126.72442,37.62313],[126.72425,37.62292],[126.72421,37.62287],[126.72419,37.62283],[126.72419,37.6228],[126.72417,37.62262],[126.72417,37.62253],[126.72415,37.62244],[126.72413,37.62241],[126.7241,37.6224],[126.72342,37.62242],[126.72332,37.62242],[126.72322,37.62242],[126.72313,37.6224],[126.72305,37.62238],[126.72292,37.62233],[126.72244,37.62255],[126.7225,37.62263],[126.72284,37.62254],[126.72295,37.62271],[126.72318,37.62262],[126.72324,37.6227],[126.72336,37.62266],[126.72341,37.62265],[126.72345,37.62268],[126.72351,37.62278],[126.72358,37.62302],[126.7236,37.62324],[126.72358,37.62338],[126.72352,37.62345],[126.72351,37.62349],[126.72352,37.62353],[126.72355,37.62359]]]}},{"type":"Feature","properties":{"id":1144247847},"geometry":{"type":"Polygon","coordinates":[[[126.85182,37.56176],[126.85171,37.56161],[126.85275,37.56116],[126.85285,37.56131],[126.85182,37.56176]]]}},{"type":"Feature","properties":{"id":1145513803},"geometry":{"type":"Polygon","coordinates":[[[126.92033,37.45975],[126.92086,37.45915],[126.92066,37.45904],[126.92016,37.4596],[126.92021,37.45962],[126.92025,37.45965],[126.92021,37.45969],[126.92033,37.45975]]]}},{"type":"Feature","properties":{"id":1146847940},"geometry":{"type":"Polygon","coordinates":[[[126.85634,37.56629],[126.85642,37.5662],[126.8565,37.56606],[126.85661,37.5658],[126.85666,37.56562],[126.85682,37.5649],[126.85687,37.56483],[126.85696,37.56477],[126.85698,37.56467],[126.85697,37.56451],[126.857,37.56447],[126.85708,37.5645],[126.85711,37.56466],[126.85712,37.56487],[126.857,37.56536],[126.8569,37.56579],[126.85673,37.5662],[126.85653,37.56653],[126.85619,37.56678],[126.85585,37.56698],[126.85545,37.56722],[126.85511,37.56752],[126.85496,37.56763],[126.8444,37.57369],[126.84424,37.57374],[126.84407,37.57376],[126.84388,37.57375],[126.84373,37.5737],[126.84367,37.57366],[126.85634,37.56629]]]}},{"type":"Feature","properties":{"id":1147983735},"geometry":{"type":"Polygon","coordinates":[[[126.84603,37.57039],[126.84636,37.57019],[126.84673,37.57059],[126.8464,37.57079],[126.84603,37.57039]]]}},{"type":"Feature","properties":{"id":1155152686},"geometry":{"type":"Polygon","coordinates":[[[126.77016,37.48948],[126.77149,37.48928],[126.77142,37.48896],[126.77129,37.48898],[126.77122,37.48871],[126.77002,37.48889],[126.77016,37.48948]]]}},{"type":"Feature","properties":{"id":1155449706},"geometry":{"type":"Polygon","coordinates":[[[127.07429,37.62939],[127.07402,37.62933],[127.07471,37.6288],[127.07543,37.62828],[127.07605,37.62773],[127.07648,37.62715],[127.0766,37.62718],[127.07632,37.62766],[127.07609,37.62824],[127.07609,37.62863],[127.07562,37.6288],[127.07461,37.62915],[127.07429,37.62939]]]}},{"type":"Feature","properties":{"id":1159986198},"geometry":{"type":"Polygon","coordinates":[[[126.89092,37.53078],[126.8909,37.53086],[126.89094,37.53098],[126.89102,37.53118],[126.89117,37.53142],[126.89131,37.53168],[126.89155,37.53202],[126.89167,37.5322],[126.89178,37.53247],[126.89191,37.53243],[126.89185,37.53232],[126.89163,37.53195],[126.89141,37.53157],[126.89127,37.53132],[126.89108,37.53099],[126.89103,37.5309],[126.89106,37.53082],[126.89148,37.53063],[126.89163,37.53056],[126.89171,37.53055],[126.89182,37.53069],[126.89184,37.53068],[126.89187,37.53067],[126.89169,37.53045],[126.89175,37.53042],[126.89241,37.53022],[126.89279,37.53011],[126.89254,37.53005],[126.89235,37.53008],[126.89188,37.53016],[126.89157,37.53021],[126.8913,37.53036],[126.89114,37.53047],[126.89097,37.53063],[126.89092,37.53078]]]}},{"type":"Feature","properties":{"id":1161226257},"geometry":{"type":"Polygon","coordinates":[[[126.8884,37.5276],[126.8889,37.52732],[126.88979,37.52719],[126.88979,37.52741],[126.88992,37.52789],[126.89002,37.52811],[126.89006,37.52821],[126.89028,37.5285],[126.89061,37.52893],[126.89085,37.52925],[126.89105,37.52952],[126.89114,37.52965],[126.89129,37.52967],[126.89144,37.52961],[126.89157,37.5298],[126.89141,37.52983],[126.89113,37.52978],[126.89088,37.52971],[126.89042,37.52944],[126.88942,37.52887],[126.88919,37.52874],[126.88914,37.52861],[126.88913,37.52842],[126.88911,37.52824],[126.88857,37.52778],[126.8884,37.5276]]]}},{"type":"Feature","properties":{"id":1163127526},"geometry":{"type":"Polygon","coordinates":[[[126.70825,37.63793],[126.70803,37.63763],[126.70794,37.63756],[126.70792,37.63751],[126.70791,37.63746],[126.70793,37.6374],[126.70794,37.63732],[126.70794,37.63726],[126.70793,37.63721],[126.70789,37.63713],[126.70784,37.63713],[126.7078,37.63712],[126.70777,37.6371],[126.70775,37.63708],[126.70775,37.63705],[126.70775,37.63702],[126.70778,37.63699],[126.70781,37.63697],[126.70787,37.63696],[126.70792,37.63697],[126.70794,37.63699],[126.70797,37.63703],[126.70797,37.63708],[126.70794,37.63711],[126.70796,37.63715],[126.70799,37.63717],[126.70803,37.63718],[126.70807,37.63717],[126.70811,37.63722],[126.70805,37.63726],[126.70802,37.63729],[126.70801,37.63732],[126.70802,37.63736],[126.70803,37.63739],[126.70807,37.63742],[126.70802,37.63746],[126.70815,37.63757],[126.7082,37.63753],[126.70826,37.63758],[126.7083,37.6376],[126.70833,37.6376],[126.70838,37.63758],[126.70844,37.63754],[126.70863,37.6374],[126.70867,37.63735],[126.70869,37.63729],[126.70869,37.63722],[126.70866,37.63716],[126.70852,37.63705],[126.70847,37.637],[126.70844,37.63695],[126.7084,37.63689],[126.70835,37.63684],[126.70828,37.63682],[126.70821,37.63682],[126.70816,37.63683],[126.70812,37.63685],[126.7081,37.63685],[126.70808,37.63685],[126.70809,37.63682],[126.70813,37.63674],[126.70819,37.63668],[126.7082,37.63666],[126.70839,37.63671],[126.70844,37.63675],[126.70848,37.63679],[126.70852,37.63685],[126.70855,37.6369],[126.70859,37.63697],[126.70864,37.63703],[126.70872,37.63709],[126.70875,37.63714],[126.70877,37.6372],[126.70878,37.63725],[126.70877,37.63731],[126.70874,37.63739],[126.7087,37.63744],[126.70865,37.63749],[126.70856,37.63755],[126.7085,37.6376],[126.70846,37.63766],[126.70844,37.63772],[126.70844,37.63778],[126.70845,37.63784],[126.70848,37.6379],[126.70849,37.63794],[126.70825,37.63793]]]}},{"type":"Feature","properties":{"id":1163127528},"geometry":{"type":"Polygon","coordinates":[[[126.70815,37.63849],[126.70812,37.63854],[126.70809,37.63858],[126.70801,37.63864],[126.70791,37.63872],[126.70788,37.63876],[126.70786,37.6388],[126.70786,37.63884],[126.70791,37.63884],[126.70792,37.63887],[126.70789,37.63929],[126.70781,37.63928],[126.70778,37.63962],[126.70781,37.63962],[126.70787,37.63959],[126.70794,37.63954],[126.70799,37.63948],[126.70802,37.63943],[126.70804,37.63935],[126.70806,37.63927],[126.70807,37.63921],[126.70806,37.6391],[126.70805,37.63902],[126.7081,37.63889],[126.70818,37.63879],[126.70825,37.6387],[126.70827,37.63867],[126.70829,37.63862],[126.70831,37.6385],[126.70815,37.63849]]]}},{"type":"Feature","properties":{"id":1163127529},"geometry":{"type":"Polygon","coordinates":[[[126.70845,37.63847],[126.70836,37.63847],[126.70835,37.63844],[126.70836,37.63832],[126.70837,37.63827],[126.70839,37.63823],[126.70843,37.63817],[126.70849,37.63811],[126.70853,37.63802],[126.70853,37.63794],[126.70851,37.63787],[126.70849,37.63781],[126.70848,37.63774],[126.70849,37.63769],[126.70852,37.63764],[126.70858,37.63758],[126.70867,37.63751],[126.70873,37.63745],[126.70876,37.63742],[126.70879,37.63743],[126.70875,37.63772],[126.70856,37.63818],[126.70845,37.63847]]]}},{"type":"Feature","properties":{"id":1163127530},"geometry":{"type":"Polygon","coordinates":[[[126.70842,37.63855],[126.7084,37.6386],[126.70827,37.63889],[126.7082,37.63912],[126.70813,37.63935],[126.70798,37.63969],[126.70774,37.64018],[126.70753,37.64009],[126.70748,37.64006],[126.70763,37.6397],[126.70766,37.63968],[126.70776,37.63968],[126.70783,37.63966],[126.7079,37.63961],[126.70799,37.63954],[126.70804,37.63946],[126.70809,37.63935],[126.7081,37.63925],[126.70809,37.63909],[126.70809,37.63901],[126.70812,37.63891],[126.70821,37.63879],[126.70829,37.6387],[126.70832,37.63862],[126.70833,37.63854],[126.70839,37.63854],[126.70842,37.63855]]]}},{"type":"Feature","properties":{"id":1163127533},"geometry":{"type":"Polygon","coordinates":[[[126.70437,37.63801],[126.70437,37.63809],[126.70438,37.63815],[126.70442,37.63822],[126.7045,37.6383],[126.70457,37.63834],[126.70468,37.63838],[126.7048,37.63841],[126.70506,37.63842],[126.70517,37.63843],[126.70527,37.63847],[126.70536,37.63852],[126.70559,37.63871],[126.70564,37.63874],[126.7057,37.63878],[126.70583,37.63884],[126.70603,37.63887],[126.70619,37.63889],[126.70625,37.63891],[126.70641,37.63902],[126.70647,37.63911],[126.70649,37.63918],[126.70651,37.63927],[126.70659,37.63937],[126.70667,37.63945],[126.70689,37.63958],[126.7069,37.6396],[126.7069,37.63962],[126.70689,37.63967],[126.70692,37.63973],[126.70697,37.63977],[126.70706,37.6398],[126.70717,37.63981],[126.70729,37.63983],[126.70739,37.63987],[126.70744,37.63988],[126.70748,37.6399],[126.7075,37.63993],[126.70745,37.64004],[126.70732,37.63997],[126.7069,37.63983],[126.70664,37.63952],[126.70642,37.63926],[126.70615,37.63903],[126.70598,37.63893],[126.70575,37.63883],[126.70522,37.63862],[126.70413,37.63825],[126.70352,37.63806],[126.70342,37.63802],[126.70338,37.63798],[126.70437,37.63801]]]}},{"type":"Feature","properties":{"id":1163127539},"geometry":{"type":"Polygon","coordinates":[[[126.70441,37.63801],[126.7047,37.63803],[126.70487,37.63819],[126.70504,37.63808],[126.70541,37.63843],[126.70545,37.6384],[126.70552,37.63847],[126.70556,37.63844],[126.7056,37.63848],[126.70568,37.63842],[126.70572,37.63846],[126.70576,37.63843],[126.70581,37.63847],[126.70593,37.63839],[126.70588,37.63835],[126.70593,37.63832],[126.70588,37.63827],[126.70593,37.63824],[126.70605,37.63834],[126.70566,37.6386],[126.70581,37.63874],[126.70585,37.63871],[126.70588,37.63875],[126.70594,37.63871],[126.70597,37.63874],[126.70611,37.63864],[126.70608,37.63861],[126.70617,37.63856],[126.70612,37.63851],[126.70625,37.63841],[126.70632,37.63848],[126.70629,37.63851],[126.70627,37.63855],[126.70625,37.63859],[126.70624,37.63864],[126.70625,37.63868],[126.70627,37.63871],[126.70628,37.63875],[126.70628,37.63877],[126.70627,37.6388],[126.70624,37.63883],[126.70619,37.63885],[126.70614,37.63885],[126.70604,37.63884],[126.70584,37.63881],[126.70571,37.63876],[126.70562,37.63869],[126.70548,37.63858],[126.70538,37.6385],[126.70529,37.63844],[126.70519,37.63841],[126.70507,37.63838],[126.7048,37.63838],[126.70468,37.63835],[126.70457,37.6383],[126.70448,37.63824],[126.70444,37.6382],[126.70442,37.63814],[126.70441,37.63809],[126.70441,37.63801]]]}},{"type":"Feature","properties":{"id":1167338021},"geometry":{"type":"Polygon","coordinates":[[[126.93824,37.49839],[126.93807,37.49833],[126.93765,37.49826],[126.93761,37.4983],[126.9376,37.49836],[126.9376,37.4986],[126.93759,37.49867],[126.93757,37.49872],[126.93754,37.49876],[126.93753,37.4988],[126.93812,37.49882],[126.93824,37.49839]]]}},{"type":"Feature","properties":{"id":1169933744},"geometry":{"type":"Polygon","coordinates":[[[126.89823,37.60604],[126.89766,37.60589],[126.89744,37.60579],[126.89734,37.60562],[126.89733,37.60536],[126.8974,37.60515],[126.89756,37.60498],[126.89782,37.60488],[126.89803,37.60489],[126.89814,37.60509],[126.89828,37.60533],[126.89788,37.60523],[126.89774,37.60556],[126.89833,37.60567],[126.89831,37.60589],[126.89827,37.60596],[126.89823,37.60604]]]}},{"type":"Feature","properties":{"id":1173377927},"geometry":{"type":"Polygon","coordinates":[[[126.84898,37.47399],[126.84898,37.47395],[126.84894,37.47388],[126.84915,37.47382],[126.84919,37.47374],[126.84917,37.47361],[126.84926,37.47358],[126.84928,37.47363],[126.84968,37.47351],[126.84974,37.47364],[126.84976,37.4738],[126.84973,37.47383],[126.84976,37.47388],[126.8496,37.47388],[126.8496,37.47398],[126.84952,37.47397],[126.84934,37.47392],[126.8493,37.474],[126.84923,37.47402],[126.84921,37.47398],[126.84912,37.47396],[126.84898,37.47399]]]}},{"type":"Feature","properties":{"id":1174080310},"geometry":{"type":"Polygon","coordinates":[[[127.02074,37.52572],[127.01981,37.52524],[127.01997,37.52504],[127.02091,37.52552],[127.02074,37.52572]]]}},{"type":"Feature","properties":{"id":1175293032},"geometry":{"type":"Polygon","coordinates":[[[127.0337,37.51783],[127.03376,37.5177],[127.03508,37.5179],[127.03503,37.51805],[127.03493,37.51803],[127.0349,37.51811],[127.03425,37.518],[127.03426,37.51795],[127.0337,37.51783]]]}},{"type":"Feature","properties":{"id":1179643615},"geometry":{"type":"Polygon","coordinates":[[[126.9403,37.64345],[126.94061,37.64307],[126.9411,37.64277],[126.94167,37.64272],[126.94187,37.64264],[126.942,37.64259],[126.94204,37.6423],[126.942,37.64217],[126.9419,37.64209],[126.94191,37.64199],[126.94203,37.64182],[126.94208,37.64169],[126.94197,37.6417],[126.94179,37.64182],[126.94165,37.64199],[126.94128,37.6423],[126.94102,37.64242],[126.94061,37.64266],[126.94039,37.6428],[126.94026,37.64308],[126.94026,37.64342],[126.9403,37.64345]]]}},{"type":"Feature","properties":{"id":1180474697},"geometry":{"type":"Polygon","coordinates":[[[126.72102,37.62471],[126.71856,37.6247],[126.72035,37.62382],[126.72102,37.62471]]]}},{"type":"Feature","properties":{"id":1180663347},"geometry":{"type":"Polygon","coordinates":[[[126.86576,37.47215],[126.8659,37.47228],[126.86608,37.47231],[126.86618,37.4723],[126.86639,37.47254],[126.86639,37.47258],[126.86627,37.47267],[126.86585,37.47266],[126.86557,37.47267],[126.86554,37.47263],[126.86555,37.47244],[126.8657,37.47218],[126.86576,37.47215]]]}},{"type":"Feature","properties":{"id":1184398043},"geometry":{"type":"Polygon","coordinates":[[[127.01583,37.46979],[127.01609,37.46979],[127.01629,37.46975],[127.01641,37.46964],[127.01636,37.46944],[127.01643,37.46936],[127.01627,37.46926],[127.01636,37.46914],[127.01666,37.46924],[127.0168,37.46916],[127.01687,37.46892],[127.01717,37.46874],[127.01728,37.46855],[127.01751,37.46843],[127.01759,37.46825],[127.01745,37.46816],[127.01723,37.46808],[127.01716,37.46796],[127.01733,37.46792],[127.0175,37.46804],[127.01786,37.46804],[127.0181,37.46789],[127.01834,37.46769],[127.01869,37.46747],[127.01883,37.46744],[127.01891,37.46741],[127.01881,37.46732],[127.0189,37.46719],[127.01923,37.46694],[127.01933,37.46694],[127.01938,37.46685],[127.01934,37.46676],[127.01936,37.46664],[127.01936,37.46658],[127.01922,37.46653],[127.01883,37.46678],[127.01851,37.46694],[127.01829,37.46705],[127.01825,37.467],[127.01825,37.46686],[127.01837,37.46678],[127.01869,37.46671],[127.01894,37.46662],[127.01905,37.4665],[127.01898,37.46641],[127.01873,37.46634],[127.01841,37.46641],[127.01808,37.46643],[127.01792,37.46642],[127.01799,37.46617],[127.01779,37.46573],[127.01583,37.46979]]]}},{"type":"Feature","properties":{"id":1185665242},"geometry":{"type":"Polygon","coordinates":[[[126.76604,37.48572],[126.76594,37.48602],[126.7648,37.48618],[126.76471,37.48591],[126.76604,37.48572]]]}},{"type":"Feature","properties":{"id":1185665245},"geometry":{"type":"Polygon","coordinates":[[[126.75978,37.48243],[126.75994,37.48156],[126.75948,37.48175],[126.75902,37.48195],[126.75867,37.48209],[126.75842,37.48215],[126.75839,37.48226],[126.75978,37.48243]]]}},{"type":"Feature","properties":{"id":1185917467},"geometry":{"type":"Polygon","coordinates":[[[126.91981,37.47915],[126.91999,37.47866],[126.91968,37.47861],[126.91863,37.47825],[126.91858,37.47844],[126.91789,37.47853],[126.91762,37.47866],[126.91728,37.47918],[126.917,37.47942],[126.9171,37.47955],[126.91707,37.47964],[126.91722,37.47979],[126.91683,37.48003],[126.91663,37.47983],[126.91632,37.47983],[126.91621,37.48025],[126.91551,37.48013],[126.91529,37.48118],[126.91535,37.48124],[126.91789,37.48174],[126.91794,37.48172],[126.91804,37.48137],[126.91799,37.48126],[126.91787,37.48105],[126.91785,37.48086],[126.91786,37.48065],[126.91794,37.48041],[126.91806,37.4803],[126.91838,37.48036],[126.91868,37.48052],[126.9188,37.48062],[126.91885,37.48062],[126.91889,37.48061],[126.91922,37.47909],[126.91981,37.47915]]]}},{"type":"Feature","properties":{"id":1186558959},"geometry":{"type":"Polygon","coordinates":[[[126.7933,37.67087],[126.79423,37.67086],[126.79422,37.67053],[126.794,37.67029],[126.79387,37.67017],[126.79377,37.67003],[126.79328,37.67003],[126.7933,37.67087]]]}},{"type":"Feature","properties":{"id":1187066081},"geometry":{"type":"Polygon","coordinates":[[[127.0841,37.56778],[127.08496,37.56747],[127.08509,37.56767],[127.08445,37.56789],[127.0841,37.56778]]]}},{"type":"Feature","properties":{"id":1187795591},"geometry":{"type":"Polygon","coordinates":[[[127.10187,37.47125],[127.10191,37.47135],[127.1019,37.47143],[127.10171,37.47164],[127.10176,37.47173],[127.1017,37.47195],[127.10168,37.47202],[127.10165,37.47205],[127.10138,37.47218],[127.10133,37.47225],[127.10135,37.47267],[127.10133,37.47275],[127.10135,37.47282],[127.1015,37.47286],[127.1016,37.47285],[127.10171,37.47281],[127.10185,37.47274],[127.10202,37.47268],[127.10237,37.47257],[127.10245,37.47251],[127.10246,37.47247],[127.10248,37.47241],[127.10249,37.4723],[127.10249,37.4722],[127.10253,37.47204],[127.10254,37.47194],[127.10258,37.47185],[127.10264,37.47178],[127.10271,37.47174],[127.10281,37.47175],[127.10284,37.47171],[127.10293,37.47164],[127.10305,37.47162],[127.10215,37.47128],[127.10187,37.47125]]]}},{"type":"Feature","properties":{"id":1187795592},"geometry":{"type":"Polygon","coordinates":[[[126.91186,37.63714],[126.91169,37.63731],[126.91211,37.63784],[126.91327,37.63845],[126.91338,37.6386],[126.91346,37.63863],[126.91352,37.63866],[126.91359,37.63868],[126.91366,37.6387],[126.91374,37.63871],[126.91382,37.63871],[126.91487,37.63873],[126.91474,37.63857],[126.91427,37.63809],[126.91398,37.63793],[126.9135,37.6378],[126.91322,37.63777],[126.91275,37.63756],[126.91254,37.63747],[126.91186,37.63714]]]}},{"type":"Feature","properties":{"id":1187795607},"geometry":{"type":"Polygon","coordinates":[[[127.08253,37.47983],[127.08251,37.47918],[127.08012,37.47914],[127.08005,37.48145],[127.08054,37.48083],[127.08075,37.48044],[127.08095,37.48037],[127.08108,37.48032],[127.0813,37.48025],[127.0815,37.48017],[127.08169,37.48011],[127.08186,37.48005],[127.08209,37.47996],[127.08253,37.47983]]]}},{"type":"Feature","properties":{"id":1187795609},"geometry":{"type":"Polygon","coordinates":[[[127.11921,37.54494],[127.11917,37.54484],[127.11915,37.54474],[127.11913,37.54464],[127.11913,37.54454],[127.11915,37.54444],[127.11915,37.54433],[127.11912,37.54425],[127.11905,37.54423],[127.11897,37.54422],[127.11889,37.54422],[127.11881,37.54423],[127.11874,37.54424],[127.11866,37.54427],[127.1186,37.54431],[127.11854,37.54435],[127.11849,37.5444],[127.11845,37.54445],[127.11841,37.54451],[127.1184,37.54457],[127.11839,37.54463],[127.11839,37.5447],[127.11841,37.54476],[127.11844,37.54482],[127.11847,37.54487],[127.11852,37.54492],[127.11858,37.54497],[127.11865,37.545],[127.11872,37.54503],[127.11878,37.54505],[127.11879,37.54509],[127.11875,37.54514],[127.11872,37.5452],[127.1187,37.54526],[127.11869,37.54532],[127.11869,37.54539],[127.11871,37.54545],[127.11874,37.54551],[127.11878,37.54556],[127.11882,37.54561],[127.11888,37.54566],[127.11895,37.54569],[127.11902,37.54572],[127.11909,37.54574],[127.11917,37.54575],[127.11925,37.54575],[127.11933,37.54575],[127.11941,37.54573],[127.11948,37.5457],[127.11955,37.54567],[127.1196,37.54563],[127.11966,37.54558],[127.1197,37.54552],[127.11973,37.54547],[127.11965,37.54538],[127.11953,37.54531],[127.11943,37.54523],[127.11935,37.54514],[127.11927,37.54504],[127.11921,37.54494]]]}},{"type":"Feature","properties":{"id":1188029609},"geometry":{"type":"Polygon","coordinates":[[[127.08494,37.62776],[127.08435,37.62742],[127.08503,37.62633],[127.08485,37.62618],[127.085,37.62556],[127.08588,37.62568],[127.0855,37.62671],[127.08494,37.62776]]]}},{"type":"Feature","properties":{"id":1188029709},"geometry":{"type":"Polygon","coordinates":[[[126.84022,37.50233],[126.83996,37.50229],[126.83978,37.50209],[126.83942,37.502],[126.83901,37.50197],[126.83948,37.50153],[126.84004,37.50176],[126.84018,37.50201],[126.84053,37.50208],[126.84059,37.50217],[126.84022,37.50233]]]}},{"type":"Feature","properties":{"id":1188680429},"geometry":{"type":"Polygon","coordinates":[[[127.05867,37.59788],[127.05873,37.59722],[127.05873,37.5972],[127.05873,37.59718],[127.05875,37.59716],[127.05877,37.59715],[127.0588,37.59714],[127.05883,37.59714],[127.05885,37.59714],[127.05887,37.59715],[127.05919,37.59763],[127.0592,37.59765],[127.0592,37.59767],[127.0592,37.5977],[127.05919,37.59771],[127.05919,37.59773],[127.05918,37.59774],[127.05918,37.59775],[127.05916,37.59776],[127.05877,37.59793],[127.05876,37.59793],[127.05874,37.59793],[127.05873,37.59793],[127.05871,37.59792],[127.05869,37.5979],[127.05868,37.59789],[127.05867,37.59788]]]}},{"type":"Feature","properties":{"id":1188687530},"geometry":{"type":"Polygon","coordinates":[[[127.09061,37.62336],[127.09055,37.62316],[127.09059,37.62312],[127.0939,37.62425],[127.09408,37.62451],[127.09397,37.62469],[127.09385,37.62489],[127.09061,37.62336]]]}},{"type":"Feature","properties":{"id":1190360912},"geometry":{"type":"Polygon","coordinates":[[[127.10188,37.65139],[127.10187,37.65038],[127.10131,37.65016],[127.10139,37.64983],[127.10136,37.64929],[127.10087,37.64886],[127.10018,37.64854],[127.09868,37.64838],[127.09748,37.64835],[127.0968,37.64853],[127.09638,37.64888],[127.09621,37.64968],[127.0966,37.65043],[127.09711,37.65156],[127.09749,37.65191],[127.09813,37.65197],[127.0992,37.65198],[127.09977,37.65237],[127.10018,37.65239],[127.10069,37.65211],[127.10054,37.6518],[127.10067,37.6515],[127.1011,37.65138],[127.10129,37.65123],[127.10158,37.65128],[127.10177,37.65139],[127.10188,37.65139]]]}},{"type":"Feature","properties":{"id":1193375613},"geometry":{"type":"Polygon","coordinates":[[[127.05066,37.66422],[127.0507,37.66422],[127.05074,37.66422],[127.05078,37.66422],[127.05091,37.66423],[127.05087,37.6644],[127.05086,37.66442],[127.05085,37.66446],[127.05069,37.66481],[127.05065,37.66486],[127.05053,37.66501],[127.0505,37.66509],[127.05018,37.66554],[127.05016,37.6656],[127.04994,37.66573],[127.04987,37.66569],[127.04978,37.66562],[127.04973,37.66567],[127.04965,37.66572],[127.04957,37.66576],[127.0495,37.66584],[127.04947,37.66589],[127.04963,37.66597],[127.04955,37.66612],[127.04942,37.66629],[127.04904,37.66685],[127.04887,37.6672],[127.04878,37.66748],[127.04868,37.66775],[127.04865,37.66784],[127.04863,37.66792],[127.04839,37.66788],[127.04829,37.66787],[127.04815,37.66785],[127.04823,37.66752],[127.04831,37.66727],[127.04838,37.6671],[127.04854,37.6668],[127.04877,37.6665],[127.04898,37.66625],[127.04917,37.66604],[127.04932,37.66585],[127.04942,37.66574],[127.0495,37.66562],[127.04976,37.66532],[127.05,37.66502],[127.05008,37.6649],[127.05013,37.66479],[127.0502,37.66465],[127.05027,37.66449],[127.05026,37.66446],[127.05039,37.66425],[127.05046,37.66414],[127.05052,37.66419],[127.05058,37.66421],[127.05061,37.66421],[127.05064,37.66422],[127.05066,37.66422]]]}},{"type":"Feature","properties":{"id":1193375614},"geometry":{"type":"Polygon","coordinates":[[[127.04814,37.66789],[127.04815,37.66785],[127.04829,37.66787],[127.04839,37.66788],[127.04863,37.66792],[127.04862,37.66793],[127.04858,37.6681],[127.04854,37.66839],[127.04848,37.66872],[127.04848,37.66894],[127.04847,37.66931],[127.04846,37.66951],[127.04847,37.6699],[127.04847,37.67002],[127.04831,37.67004],[127.04821,37.67006],[127.04815,37.67006],[127.04816,37.67009],[127.04838,37.67007],[127.04848,37.67006],[127.04849,37.6701],[127.04853,37.67065],[127.04857,37.67091],[127.04859,37.67109],[127.0486,37.67114],[127.04862,37.67127],[127.04862,37.6714],[127.04864,37.6715],[127.04866,37.67177],[127.04871,37.67207],[127.04872,37.67216],[127.04874,37.67229],[127.04865,37.67234],[127.04865,37.67232],[127.04864,37.67226],[127.04864,37.67223],[127.04863,37.67219],[127.04862,37.67208],[127.04859,37.67186],[127.04858,37.67173],[127.04856,37.67159],[127.04854,37.6714],[127.04853,37.6713],[127.04852,37.67116],[127.0485,37.67097],[127.04848,37.67084],[127.04848,37.67076],[127.04847,37.67072],[127.04845,37.67066],[127.04837,37.67067],[127.04827,37.67067],[127.0483,37.67091],[127.0483,37.67098],[127.04832,37.67116],[127.04823,37.67117],[127.04817,37.67069],[127.04816,37.6706],[127.0481,37.67009],[127.04807,37.66988],[127.04807,37.66974],[127.04805,37.66946],[127.04796,37.66946],[127.04794,37.6691],[127.04795,37.66881],[127.048,37.66856],[127.04802,37.6684],[127.04803,37.66837],[127.04809,37.66816],[127.04814,37.66789]]]}},{"type":"Feature","properties":{"id":1196105212},"geometry":{"type":"Polygon","coordinates":[[[126.91533,37.6853],[126.91574,37.68588],[126.91601,37.6862],[126.91712,37.68712],[126.91826,37.68759],[126.91686,37.68803],[126.91666,37.68806],[126.91644,37.68799],[126.91625,37.68779],[126.91586,37.68713],[126.91533,37.6853]]]}},{"type":"Feature","properties":{"id":1198078869},"geometry":{"type":"Polygon","coordinates":[[[127.13889,37.50108],[127.13884,37.50101],[127.13882,37.50099],[127.1414,37.49975],[127.14147,37.49984],[127.14124,37.49995],[127.14103,37.50005],[127.13916,37.50095],[127.13889,37.50108]]]}},{"type":"Feature","properties":{"id":1200029933},"geometry":{"type":"Polygon","coordinates":[[[126.81921,37.62766],[126.81938,37.62777],[126.81986,37.62686],[126.81988,37.62673],[126.81975,37.62683],[126.81921,37.62766]]]}},{"type":"Feature","properties":{"id":1202287790},"geometry":{"type":"Polygon","coordinates":[[[126.90446,37.66217],[126.90524,37.66256],[126.9055,37.66279],[126.90608,37.66297],[126.9063,37.66281],[126.90615,37.66269],[126.90541,37.66238],[126.90506,37.66205],[126.90496,37.66184],[126.90466,37.66177],[126.90458,37.66193],[126.90446,37.66217]]]}},{"type":"Feature","properties":{"id":1203479629},"geometry":{"type":"Polygon","coordinates":[[[126.90435,37.66234],[126.90412,37.66246],[126.90392,37.66241],[126.90392,37.66223],[126.90374,37.6622],[126.90374,37.66195],[126.90392,37.66199],[126.90444,37.66187],[126.90444,37.66194],[126.9043,37.6621],[126.9043,37.66223],[126.90435,37.66234]]]}},{"type":"Feature","properties":{"id":1203483438},"geometry":{"type":"Polygon","coordinates":[[[126.89528,37.66305],[126.89488,37.66281],[126.89345,37.6619],[126.89328,37.66216],[126.89212,37.66151],[126.89277,37.66139],[126.89277,37.66124],[126.89299,37.66119],[126.89326,37.66124],[126.89345,37.66139],[126.89373,37.66137],[126.89369,37.66171],[126.89388,37.66183],[126.89422,37.66204],[126.89431,37.66198],[126.89541,37.66259],[126.89537,37.66275],[126.89533,37.6629],[126.89528,37.66305]]]}},{"type":"Feature","properties":{"id":1206063663},"geometry":{"type":"Polygon","coordinates":[[[126.79212,37.41829],[126.79217,37.41836],[126.79214,37.41915],[126.7922,37.41931],[126.79217,37.42027],[126.79216,37.42061],[126.79246,37.42091],[126.79247,37.42093],[126.79222,37.42096],[126.79196,37.42104],[126.79182,37.42108],[126.79167,37.42111],[126.7915,37.42107],[126.79134,37.42096],[126.79122,37.42082],[126.79122,37.42063],[126.79131,37.42036],[126.79145,37.42013],[126.79159,37.41982],[126.79146,37.41918],[126.79101,37.41887],[126.79212,37.41829]]]}},{"type":"Feature","properties":{"id":1207639300},"geometry":{"type":"Polygon","coordinates":[[[127.13458,37.47857],[127.13468,37.47855],[127.13458,37.4783],[127.13441,37.4783],[127.13367,37.4775],[127.13262,37.47652],[127.13302,37.47623],[127.13277,37.47593],[127.13272,37.4759],[127.1326,37.4759],[127.13254,37.47615],[127.13189,37.47615],[127.13166,37.47584],[127.1326,37.47583],[127.13269,37.4758],[127.13253,37.47535],[127.13246,37.47514],[127.13241,37.47514],[127.13244,37.47566],[127.13139,37.47567],[127.13138,37.4753],[127.13109,37.47536],[127.13105,37.47547],[127.13185,37.47621],[127.13334,37.47747],[127.13409,37.47833],[127.13458,37.47857]]]}},{"type":"Feature","properties":{"id":1207639301},"geometry":{"type":"Polygon","coordinates":[[[127.13468,37.47855],[127.1351,37.47873],[127.13545,37.47885],[127.13613,37.47907],[127.13612,37.47866],[127.13608,37.47861],[127.13562,37.47851],[127.13537,37.47842],[127.13503,37.47821],[127.13484,37.47806],[127.13466,37.47826],[127.13458,37.4783],[127.13468,37.47855]]]}},{"type":"Feature","properties":{"id":1208256715},"geometry":{"type":"Polygon","coordinates":[[[127.05315,37.65606],[127.05324,37.65608],[127.05333,37.6561],[127.05349,37.65612],[127.05356,37.65595],[127.05366,37.65559],[127.05373,37.65532],[127.05382,37.65504],[127.05386,37.65489],[127.05387,37.65479],[127.05388,37.65467],[127.05387,37.65456],[127.0536,37.65454],[127.05359,37.65464],[127.05356,37.65483],[127.05352,37.65493],[127.05334,37.6554],[127.05331,37.65549],[127.05328,37.65561],[127.05319,37.65592],[127.05315,37.65606]]]}},{"type":"Feature","properties":{"id":1210472542},"geometry":{"type":"Polygon","coordinates":[[[127.02909,37.4735],[127.02858,37.47319],[127.02893,37.47286],[127.02938,37.47313],[127.02926,37.47322],[127.02927,37.47338],[127.02909,37.4735]]]}},{"type":"Feature","properties":{"id":1214000357},"geometry":{"type":"Polygon","coordinates":[[[127.04261,37.59011],[127.04272,37.59012],[127.04335,37.59014],[127.04417,37.59017],[127.04472,37.58977],[127.04528,37.58976],[127.04574,37.58975],[127.04571,37.58967],[127.04569,37.58963],[127.04575,37.589],[127.04577,37.58878],[127.04578,37.58877],[127.04582,37.58836],[127.04552,37.58827],[127.04542,37.5882],[127.04502,37.5881],[127.0446,37.58808],[127.04419,37.58806],[127.04382,37.58804],[127.04338,37.58802],[127.04302,37.588],[127.04298,37.5883],[127.04296,37.5883],[127.04281,37.58924],[127.04278,37.58944],[127.04277,37.5895],[127.04276,37.58951],[127.04269,37.58979],[127.04261,37.59011]]]}},{"type":"Feature","properties":{"id":1215378299},"geometry":{"type":"Polygon","coordinates":[[[127.09714,37.42596],[127.097,37.42582],[127.09683,37.42575],[127.09645,37.42572],[127.09639,37.42551],[127.09723,37.42513],[127.09796,37.42482],[127.09878,37.42444],[127.09895,37.42462],[127.09897,37.42563],[127.09714,37.42596]]]}},{"type":"Feature","properties":{"id":1215380308},"geometry":{"type":"Polygon","coordinates":[[[127.10014,37.43019],[127.10015,37.42964],[127.10057,37.42962],[127.10072,37.42926],[127.10075,37.42835],[127.10067,37.42827],[127.09903,37.42786],[127.09929,37.42856],[127.0982,37.42893],[127.09789,37.42919],[127.09747,37.43009],[127.09805,37.43023],[127.09926,37.43027],[127.10014,37.43019]]]}},{"type":"Feature","properties":{"id":1215993715},"geometry":{"type":"Polygon","coordinates":[[[126.73021,37.61136],[126.72981,37.61151],[126.72974,37.61153],[126.72963,37.61155],[126.72954,37.61159],[126.72948,37.61161],[126.72946,37.61165],[126.72945,37.61168],[126.72946,37.61172],[126.72947,37.61175],[126.7295,37.61181],[126.72953,37.61186],[126.72957,37.6119],[126.72963,37.61195],[126.7297,37.61198],[126.72977,37.61201],[126.72986,37.61204],[126.72995,37.61205],[126.73005,37.61204],[126.73015,37.61203],[126.73024,37.612],[126.73021,37.61136]]]}},{"type":"Feature","properties":{"id":1218007828},"geometry":{"type":"Polygon","coordinates":[[[126.76803,37.65782],[126.76756,37.65763],[126.7676,37.65756],[126.76765,37.65749],[126.76773,37.65735],[126.76777,37.65729],[126.76782,37.65721],[126.76829,37.6574],[126.76827,37.65743],[126.76821,37.65753],[126.76817,37.65759],[126.76812,37.65767],[126.76807,37.65776],[126.76803,37.65782]]]}},{"type":"Feature","properties":{"id":1218510425},"geometry":{"type":"Polygon","coordinates":[[[126.86278,37.58095],[126.86281,37.58078],[126.86328,37.57971],[126.86333,37.57946],[126.86331,37.57919],[126.86335,37.57918],[126.86424,37.57906],[126.86424,37.57917],[126.86427,37.57953],[126.86428,37.57967],[126.86429,37.57986],[126.86434,37.58053],[126.86435,37.5806],[126.86416,37.58064],[126.86369,37.58075],[126.86339,37.58083],[126.86284,37.58095],[126.86278,37.58095]]]}},{"type":"Feature","properties":{"id":1218510428},"geometry":{"type":"Polygon","coordinates":[[[126.86836,37.58152],[126.86919,37.58175],[126.8692,37.58161],[126.86914,37.58151],[126.86907,37.58143],[126.86896,37.58135],[126.86852,37.58118],[126.86836,37.58152]]]}},{"type":"Feature","properties":{"id":1218510429},"geometry":{"type":"Polygon","coordinates":[[[126.86328,37.57887],[126.8633,37.57886],[126.86338,37.57886],[126.86391,37.57881],[126.86424,37.57878],[126.86427,37.57837],[126.8639,37.57836],[126.86328,37.57836],[126.86325,37.57836],[126.86328,37.57887]]]}},{"type":"Feature","properties":{"id":1219443399},"geometry":{"type":"Polygon","coordinates":[[[127.1179,37.67124],[127.11825,37.67066],[127.11918,37.67101],[127.11928,37.67109],[127.1191,37.6714],[127.11883,37.67159],[127.11847,37.67173],[127.11811,37.67151],[127.1182,37.67133],[127.1179,37.67124]]]}},{"type":"Feature","properties":{"id":1221269768},"geometry":{"type":"Polygon","coordinates":[[[126.75805,37.59217],[126.7581,37.59234],[126.75833,37.59239],[126.75841,37.59236],[126.75858,37.59237],[126.7589,37.59222],[126.75891,37.59214],[126.75881,37.59203],[126.75885,37.59193],[126.75896,37.59187],[126.75886,37.59168],[126.75866,37.59173],[126.75852,37.59179],[126.75845,37.59201],[126.75822,37.592],[126.75811,37.59202],[126.75803,37.59206],[126.75799,37.59211],[126.75805,37.59217]]]}},{"type":"Feature","properties":{"id":1221269769},"geometry":{"type":"Polygon","coordinates":[[[126.7623,37.59017],[126.76189,37.58975],[126.76219,37.58955],[126.7623,37.58956],[126.76272,37.58992],[126.7623,37.59017]]]}},{"type":"Feature","properties":{"id":1221269770},"geometry":{"type":"Polygon","coordinates":[[[126.76298,37.59357],[126.76409,37.59472],[126.76479,37.59549],[126.76413,37.59597],[126.76387,37.59589],[126.76345,37.59594],[126.7631,37.59588],[126.76273,37.59562],[126.76262,37.5955],[126.7621,37.59578],[126.76185,37.59598],[126.76158,37.59605],[126.7614,37.59618],[126.76133,37.59628],[126.76118,37.59633],[126.76113,37.59622],[126.76107,37.59613],[126.76091,37.59611],[126.76088,37.5959],[126.76162,37.59562],[126.76199,37.59539],[126.76227,37.59526],[126.76231,37.59525],[126.76242,37.59537],[126.76316,37.59498],[126.76352,37.59476],[126.76316,37.59436],[126.76261,37.59377],[126.76298,37.59357]]]}},{"type":"Feature","properties":{"id":1221372062},"geometry":{"type":"Polygon","coordinates":[[[127.16875,37.60884],[127.16781,37.60917],[127.16773,37.60938],[127.16775,37.60943],[127.16787,37.60947],[127.16794,37.60934],[127.16827,37.60924],[127.16847,37.60932],[127.1686,37.60909],[127.16875,37.60884]]]}},{"type":"Feature","properties":{"id":1223365351},"geometry":{"type":"Polygon","coordinates":[[[126.96942,37.58859],[126.96942,37.58856],[126.96945,37.58847],[126.96995,37.58857],[126.96995,37.5886],[126.97002,37.58861],[126.97002,37.58858],[126.97044,37.58867],[126.97048,37.58862],[126.97054,37.58852],[126.97063,37.58851],[126.9707,37.58836],[126.97124,37.58847],[126.97121,37.58851],[126.97069,37.58857],[126.97064,37.58869],[126.97057,37.58874],[126.97047,37.58877],[126.97045,37.58881],[126.97001,37.58871],[126.97001,37.58869],[126.96988,37.58866],[126.96987,37.58869],[126.96942,37.58859]]]}},{"type":"Feature","properties":{"id":1225848274},"geometry":{"type":"Polygon","coordinates":[[[127.00035,37.57581],[127.00039,37.57556],[127.00111,37.57563],[127.00111,37.57559],[127.00118,37.57559],[127.00124,37.57521],[127.00127,37.57521],[127.00116,37.57589],[127.00035,37.57581]]]}},{"type":"Feature","properties":{"id":1227129715},"geometry":{"type":"Polygon","coordinates":[[[126.76803,37.65782],[126.76798,37.65796],[126.76797,37.65799],[126.76795,37.65803],[126.76792,37.65808],[126.76866,37.65836],[126.76871,37.65838],[126.76879,37.65841],[126.76968,37.65874],[126.76981,37.65879],[126.77026,37.65896],[126.77033,37.65898],[126.77041,37.65902],[126.77088,37.65919],[126.77105,37.65925],[126.77107,37.65926],[126.77193,37.65957],[126.77197,37.65959],[126.7721,37.65964],[126.77231,37.65972],[126.77261,37.65982],[126.77284,37.65991],[126.77285,37.65988],[126.77288,37.65984],[126.77289,37.65982],[126.7731,37.65942],[126.77337,37.65896],[126.77323,37.65889],[126.77258,37.65863],[126.77253,37.65861],[126.7725,37.6586],[126.77166,37.65829],[126.77163,37.65828],[126.77149,37.65823],[126.77098,37.65804],[126.77091,37.65801],[126.77088,37.658],[126.7705,37.65785],[126.77031,37.65778],[126.76926,37.65741],[126.76844,37.65711],[126.76839,37.6572],[126.76837,37.65724],[126.76829,37.6574],[126.76827,37.65743],[126.76824,37.65749],[126.76821,37.65753],[126.76817,37.65759],[126.76812,37.65767],[126.76811,37.65771],[126.76807,37.65776],[126.76803,37.65782]]]}},{"type":"Feature","properties":{"id":1227215255},"geometry":{"type":"Polygon","coordinates":[[[126.87096,37.512],[126.87137,37.51137],[126.87162,37.51097],[126.8719,37.51074],[126.87329,37.51117],[126.87396,37.51178],[126.87272,37.51259],[126.87098,37.51204],[126.87092,37.51206],[126.87096,37.512]]]}},{"type":"Feature","properties":{"id":1227336189},"geometry":{"type":"Polygon","coordinates":[[[127.0551,37.57326],[127.05497,37.5732],[127.05501,37.57313],[127.05504,37.57307],[127.05506,37.57299],[127.05557,37.57299],[127.05558,37.57302],[127.05558,37.57304],[127.05557,37.57306],[127.05554,37.57309],[127.05557,37.57309],[127.05563,37.57304],[127.05563,37.57303],[127.05568,37.57301],[127.05571,37.57305],[127.05571,37.57308],[127.0556,37.57347],[127.05554,37.57368],[127.05544,37.57365],[127.05545,37.57363],[127.05546,37.57355],[127.05546,37.57343],[127.05547,37.57338],[127.05551,37.57331],[127.0555,37.57328],[127.05534,37.57315],[127.0552,37.57324],[127.0551,37.57326]]]}},{"type":"Feature","properties":{"id":1227336193},"geometry":{"type":"Polygon","coordinates":[[[127.05522,37.5742],[127.05537,37.57379],[127.05544,37.57381],[127.0555,37.57384],[127.0555,37.57387],[127.05538,37.57433],[127.05533,37.57468],[127.05529,37.57501],[127.05522,37.57498],[127.05522,37.57487],[127.05508,37.5748],[127.05496,37.57493],[127.0549,37.57489],[127.05533,37.57439],[127.05533,37.57429],[127.05522,37.5742]]]}},{"type":"Feature","properties":{"id":1227341170},"geometry":{"type":"Polygon","coordinates":[[[127.05799,37.57443],[127.05815,37.57423],[127.05813,37.57406],[127.05813,37.57403],[127.05814,37.57401],[127.05814,37.57397],[127.05852,37.57408],[127.05857,37.57399],[127.05859,37.574],[127.0586,37.57407],[127.0587,37.57407],[127.05871,37.57401],[127.05882,37.574],[127.05887,37.57403],[127.05886,37.57404],[127.05879,37.57409],[127.05872,37.57414],[127.05855,37.57418],[127.05845,37.57421],[127.05844,37.57422],[127.05837,37.5742],[127.05837,37.57419],[127.05841,37.57416],[127.05837,37.57413],[127.05828,37.5742],[127.05826,37.57423],[127.05827,37.57424],[127.05829,37.57428],[127.05834,37.57432],[127.05837,37.57434],[127.05836,37.57438],[127.05821,37.57436],[127.05813,37.57457],[127.05807,37.57457],[127.05803,37.57448],[127.05799,37.57443]]]}},{"type":"Feature","properties":{"id":1231597678},"geometry":{"type":"Polygon","coordinates":[[[126.73873,37.6721],[126.73841,37.672],[126.73813,37.67194],[126.73808,37.67193],[126.73803,37.67192],[126.73755,37.67183],[126.73702,37.67174],[126.73713,37.67144],[126.73715,37.67134],[126.73715,37.67121],[126.73713,37.67109],[126.73704,37.67077],[126.73697,37.67063],[126.73676,37.6704],[126.73662,37.67021],[126.7366,37.67017],[126.73657,37.67007],[126.73659,37.67],[126.7368,37.66967],[126.73684,37.66956],[126.7369,37.66884],[126.73677,37.66864],[126.73676,37.66863],[126.73663,37.66843],[126.73666,37.66837],[126.7367,37.6683],[126.73674,37.66825],[126.73679,37.66819],[126.73684,37.66812],[126.73693,37.66801],[126.73709,37.66798],[126.73727,37.66798],[126.73743,37.66841],[126.73766,37.66903],[126.73808,37.67023],[126.73842,37.67115],[126.73873,37.6721]]]}},{"type":"Feature","properties":{"id":1239317988},"geometry":{"type":"Polygon","coordinates":[[[127.20016,37.56599],[127.19957,37.56564],[127.19972,37.5655],[127.20022,37.565],[127.20055,37.56474],[127.20081,37.56454],[127.20166,37.56405],[127.20173,37.5641],[127.20185,37.56417],[127.20179,37.56424],[127.20192,37.5644],[127.20047,37.56574],[127.20016,37.56599]]]}},{"type":"Feature","properties":{"id":1239786424},"geometry":{"type":"Polygon","coordinates":[[[126.98635,37.56343],[126.98641,37.56326],[126.9862,37.56321],[126.98619,37.56318],[126.98619,37.56308],[126.98627,37.56286],[126.98631,37.56287],[126.98631,37.56286],[126.98645,37.56289],[126.98651,37.56273],[126.98661,37.56276],[126.98659,37.56284],[126.98682,37.56291],[126.98653,37.56335],[126.98667,37.56341],[126.9867,37.56343],[126.98665,37.56351],[126.98635,37.56343]]]}},{"type":"Feature","properties":{"id":1242211492},"geometry":{"type":"Polygon","coordinates":[[[127.19249,37.56476],[127.1929,37.56376],[127.19304,37.56379],[127.19312,37.56399],[127.19278,37.56483],[127.19249,37.56476]]]}},{"type":"Feature","properties":{"id":1244036703},"geometry":{"type":"Polygon","coordinates":[[[126.78935,37.59348],[126.79038,37.59389],[126.79051,37.59385],[126.79087,37.59329],[126.79023,37.59304],[126.79053,37.59255],[126.7901,37.59237],[126.78991,37.59242],[126.78931,37.59338],[126.78935,37.59348]]]}},{"type":"Feature","properties":{"id":1246869469},"geometry":{"type":"Polygon","coordinates":[[[127.09934,37.45184],[127.09935,37.45187],[127.09943,37.45189],[127.09952,37.45188],[127.09954,37.45184],[127.09957,37.45181],[127.09961,37.45181],[127.09964,37.4518],[127.09974,37.45179],[127.09978,37.45178],[127.09985,37.45172],[127.09985,37.45169],[127.09993,37.45159],[127.09997,37.4516],[127.10007,37.45149],[127.1001,37.45148],[127.10011,37.45149],[127.09996,37.45167],[127.09985,37.4518],[127.09975,37.45188],[127.0997,37.45192],[127.09952,37.45198],[127.09939,37.45197],[127.09929,37.45193],[127.09927,37.45185],[127.09934,37.45184]]]}},{"type":"Feature","properties":{"id":1247307566},"geometry":{"type":"Polygon","coordinates":[[[127.09792,37.4492],[127.09792,37.44899],[127.09795,37.44899],[127.09795,37.44892],[127.09809,37.44891],[127.09825,37.44896],[127.09817,37.4487],[127.09807,37.44859],[127.09803,37.44855],[127.09801,37.44835],[127.09797,37.44814],[127.0979,37.44808],[127.0978,37.44809],[127.09767,37.4481],[127.09755,37.4482],[127.09748,37.44839],[127.0975,37.44851],[127.09752,37.44894],[127.09757,37.44911],[127.09761,37.44915],[127.09792,37.4492]]]}},{"type":"Feature","properties":{"id":1248857400},"geometry":{"type":"Polygon","coordinates":[[[126.77761,37.44435],[126.7776,37.44434],[126.77757,37.44431],[126.77749,37.44431],[126.7773,37.44433],[126.77729,37.44432],[126.77719,37.44406],[126.77711,37.44374],[126.7771,37.44366],[126.7771,37.44363],[126.77712,37.44362],[126.77724,37.44355],[126.77739,37.4437],[126.77776,37.44396],[126.778,37.44408],[126.77802,37.44413],[126.77794,37.44417],[126.77761,37.44435]]]}},{"type":"Feature","properties":{"id":1248995308},"geometry":{"type":"Polygon","coordinates":[[[127.07227,37.5147],[127.07226,37.51465],[127.07239,37.51386],[127.07243,37.51381],[127.07251,37.51375],[127.07255,37.51374],[127.07275,37.51376],[127.07277,37.51378],[127.0728,37.51389],[127.07269,37.51397],[127.07277,37.51405],[127.07278,37.51408],[127.07271,37.51463],[127.07249,37.51465],[127.07227,37.5147]]]}},{"type":"Feature","properties":{"id":1248995309},"geometry":{"type":"Polygon","coordinates":[[[127.07322,37.51467],[127.07327,37.51452],[127.07328,37.51448],[127.07328,37.5144],[127.07333,37.51428],[127.07337,37.51425],[127.07342,37.51425],[127.07347,37.51427],[127.07348,37.51429],[127.0736,37.51446],[127.07368,37.51455],[127.0738,37.51468],[127.07391,37.51482],[127.07391,37.51486],[127.07388,37.5149],[127.07382,37.51495],[127.07364,37.51484],[127.07344,37.51474],[127.07322,37.51467]]]}},{"type":"Feature","properties":{"id":1248995311},"geometry":{"type":"Polygon","coordinates":[[[127.07379,37.51449],[127.07363,37.51434],[127.07357,37.51422],[127.07364,37.51418],[127.07367,37.51419],[127.07379,37.51425],[127.07424,37.51465],[127.0748,37.51517],[127.07483,37.51525],[127.07481,37.51529],[127.07475,37.51538],[127.07474,37.51545],[127.07473,37.51552],[127.0746,37.51551],[127.07458,37.51536],[127.07452,37.51528],[127.07435,37.51531],[127.07408,37.51478],[127.07413,37.51474],[127.0741,37.51469],[127.07384,37.51446],[127.07379,37.51449]]]}},{"type":"Feature","properties":{"id":1254291729},"geometry":{"type":"Polygon","coordinates":[[[126.99818,37.50899],[126.99864,37.50832],[126.99898,37.50846],[126.99852,37.50913],[126.99818,37.50899]]]}},{"type":"Feature","properties":{"id":1259303428},"geometry":{"type":"Polygon","coordinates":[[[127.18,37.57842],[127.17993,37.57836],[127.17988,37.57829],[127.17983,37.57821],[127.1798,37.57815],[127.17979,37.57808],[127.17981,37.57798],[127.17985,37.5779],[127.17987,37.57786],[127.18022,37.57712],[127.18031,37.57695],[127.18036,37.57684],[127.18038,37.5768],[127.18052,37.5765],[127.18058,37.57639],[127.18064,37.57636],[127.1807,37.57634],[127.18088,37.57639],[127.18097,37.57641],[127.18099,37.57642],[127.18116,37.57646],[127.1812,37.57647],[127.18126,37.57648],[127.18134,37.5765],[127.18212,37.57671],[127.18259,37.57683],[127.18263,37.57684],[127.18304,37.57695],[127.18337,37.57704],[127.18335,37.57709],[127.18314,37.57761],[127.18305,37.57785],[127.18305,37.57789],[127.18306,37.57793],[127.18309,37.57796],[127.18312,37.57798],[127.18403,37.5782],[127.18422,37.57823],[127.18433,37.57825],[127.18476,37.57733],[127.18484,37.57734],[127.18461,37.57784],[127.1845,37.57809],[127.18438,37.57834],[127.18437,37.57838],[127.18434,37.57843],[127.18411,37.57891],[127.18407,37.579],[127.18395,37.57926],[127.18394,37.5793],[127.18384,37.5795],[127.18275,37.57923],[127.18244,37.57914],[127.18061,37.57864],[127.18037,37.57857],[127.18016,37.57851],[127.18,37.57842]]]}},{"type":"Feature","properties":{"id":1259303429},"geometry":{"type":"Polygon","coordinates":[[[127.18543,37.57985],[127.18501,37.57976],[127.18384,37.5795],[127.18394,37.5793],[127.18395,37.57926],[127.18407,37.579],[127.18411,37.57891],[127.18434,37.57843],[127.18437,37.57838],[127.18438,37.57834],[127.1845,37.57809],[127.18461,37.57784],[127.18484,37.57734],[127.18493,37.57734],[127.1847,37.57784],[127.18451,37.57827],[127.18479,37.5783],[127.18508,37.57831],[127.18539,37.5783],[127.18609,37.57822],[127.18619,37.57818],[127.18622,37.5781],[127.18605,37.57725],[127.18688,37.57714],[127.18751,37.58026],[127.18543,37.57985]]]}},{"type":"Feature","properties":{"id":1259303430},"geometry":{"type":"Polygon","coordinates":[[[127.18812,37.58038],[127.18751,37.58026],[127.18688,37.57714],[127.18873,37.5769],[127.18886,37.57689],[127.18915,37.57728],[127.18944,37.57768],[127.18966,37.57805],[127.18982,37.57842],[127.18991,37.57867],[127.19001,37.57906],[127.19006,37.57954],[127.19006,37.58055],[127.1896,37.58059],[127.18812,37.58038]]]}},{"type":"Feature","properties":{"id":1263157794},"geometry":{"type":"Polygon","coordinates":[[[126.97329,37.53752],[126.97368,37.53753],[126.97391,37.53669],[126.97357,37.53676],[126.97345,37.53727],[126.97329,37.53752]]]}},{"type":"Feature","properties":{"id":1272950497},"geometry":{"type":"Polygon","coordinates":[[[126.84915,37.47187],[126.84911,37.47173],[126.84903,37.4714],[126.84897,37.47118],[126.8489,37.47078],[126.84897,37.47074],[126.84928,37.47106],[126.84955,37.47127],[126.84997,37.47157],[126.85001,37.4716],[126.84915,37.47187]]]}},{"type":"Feature","properties":{"id":1273598868},"geometry":{"type":"Polygon","coordinates":[[[126.73068,37.44588],[126.73185,37.44404],[126.73191,37.44405],[126.73193,37.4446],[126.73201,37.44486],[126.7321,37.44508],[126.73105,37.44606],[126.73068,37.44588]]]}},{"type":"Feature","properties":{"id":1275715107},"geometry":{"type":"Polygon","coordinates":[[[127.18706,37.54806],[127.18638,37.54872],[127.18658,37.54886],[127.18704,37.54842],[127.18727,37.5482],[127.18706,37.54806]]]}},{"type":"Feature","properties":{"id":1275715108},"geometry":{"type":"Polygon","coordinates":[[[127.18701,37.54914],[127.18748,37.54871],[127.18704,37.54842],[127.18658,37.54886],[127.18701,37.54914]]]}},{"type":"Feature","properties":{"id":1276770451},"geometry":{"type":"Polygon","coordinates":[[[126.85742,37.58202],[126.8574,37.58206],[126.85736,37.58212],[126.8573,37.58222],[126.85723,37.58232],[126.85603,37.58094],[126.85626,37.58079],[126.85742,37.58202]]]}},{"type":"Feature","properties":{"id":1276770453},"geometry":{"type":"Polygon","coordinates":[[[126.86325,37.5782],[126.86324,37.5778],[126.86338,37.57783],[126.8635,37.57793],[126.86447,37.57816],[126.86465,37.57823],[126.86358,37.57821],[126.86332,37.5782],[126.86325,37.5782]]]}},{"type":"Feature","properties":{"id":1277706981},"geometry":{"type":"Polygon","coordinates":[[[126.91394,37.64665],[126.91369,37.64671],[126.91365,37.64657],[126.91373,37.6465],[126.91447,37.64616],[126.91451,37.64633],[126.91429,37.64641],[126.91434,37.64656],[126.91394,37.64665]]]}},{"type":"Feature","properties":{"id":1288226882},"geometry":{"type":"Polygon","coordinates":[[[126.94474,37.50629],[126.94483,37.50634],[126.94475,37.50647],[126.94484,37.50652],[126.94463,37.50676],[126.94466,37.50681],[126.94478,37.5069],[126.94484,37.5069],[126.9449,37.50686],[126.94493,37.50686],[126.94497,37.50687],[126.94506,37.50692],[126.94507,37.50694],[126.94506,37.50698],[126.94497,37.50702],[126.9448,37.50706],[126.94382,37.50674],[126.94373,37.50672],[126.9436,37.50664],[126.94351,37.50669],[126.94328,37.50653],[126.94323,37.50655],[126.94291,37.50631],[126.94312,37.50623],[126.94363,37.50655],[126.9437,37.50652],[126.94379,37.50654],[126.94387,37.50657],[126.94415,37.50663],[126.94434,37.50662],[126.9445,37.50653],[126.94466,37.5064],[126.94474,37.50629]]]}},{"type":"Feature","properties":{"id":1292771949},"geometry":{"type":"Polygon","coordinates":[[[126.90563,37.50503],[126.90556,37.50505],[126.90547,37.50502],[126.90547,37.50499],[126.90584,37.50449],[126.90577,37.50427],[126.90578,37.50407],[126.90582,37.50405],[126.90625,37.50431],[126.90627,37.50438],[126.90626,37.50446],[126.90607,37.50457],[126.90563,37.50503]]]}},{"type":"Feature","properties":{"id":1292771950},"geometry":{"type":"Polygon","coordinates":[[[126.90701,37.50439],[126.90721,37.5044],[126.90746,37.50435],[126.90785,37.50423],[126.9079,37.50419],[126.9079,37.50415],[126.90786,37.50414],[126.90726,37.50429],[126.90718,37.50428],[126.90702,37.50419],[126.90691,37.50391],[126.90683,37.50378],[126.90685,37.50337],[126.90684,37.50335],[126.90681,37.50335],[126.90677,37.50336],[126.90675,37.50344],[126.90678,37.50378],[126.90669,37.50414],[126.9067,37.50425],[126.90681,37.50435],[126.90701,37.50439]]]}},{"type":"Feature","properties":{"id":1293579101},"geometry":{"type":"Polygon","coordinates":[[[127.03993,37.52124],[127.04007,37.52089],[127.04106,37.52116],[127.04108,37.52129],[127.04016,37.52105],[127.04007,37.52128],[127.03993,37.52124]]]}},{"type":"Feature","properties":{"id":1293797872},"geometry":{"type":"Polygon","coordinates":[[[127.14985,37.457],[127.15032,37.4571],[127.15061,37.45722],[127.15108,37.45776],[127.15069,37.45791],[127.15037,37.45788],[127.15008,37.45777],[127.14994,37.45766],[127.14972,37.45747],[127.14945,37.45727],[127.1494,37.45718],[127.14955,37.45709],[127.14975,37.45702],[127.14985,37.457]]]}},{"type":"Feature","properties":{"id":1298939820},"geometry":{"type":"Polygon","coordinates":[[[126.73544,37.49094],[126.73438,37.49129],[126.7338,37.49101],[126.73397,37.49076],[126.73492,37.49043],[126.73544,37.49094]]]}},{"type":"Feature","properties":{"id":1298939821},"geometry":{"type":"Polygon","coordinates":[[[126.7356,37.49444],[126.73556,37.49418],[126.73544,37.49393],[126.73549,37.49388],[126.73615,37.49382],[126.73616,37.49393],[126.73619,37.49416],[126.73619,37.49424],[126.73621,37.49439],[126.7356,37.49444]]]}},{"type":"Feature","properties":{"id":1301694822},"geometry":{"type":"Polygon","coordinates":[[[126.94905,37.50884],[126.94901,37.50883],[126.949,37.5088],[126.94905,37.50866],[126.94917,37.5086],[126.9505,37.50814],[126.95088,37.50805],[126.95107,37.50808],[126.9511,37.50813],[126.95108,37.50821],[126.95093,37.50837],[126.95077,37.50848],[126.9491,37.50884],[126.94905,37.50884]]]}},{"type":"Feature","properties":{"id":1303753999},"geometry":{"type":"Polygon","coordinates":[[[127.08694,37.58368],[127.08689,37.58329],[127.08776,37.58322],[127.08777,37.58323],[127.08777,37.58324],[127.0877,37.58361],[127.08694,37.58368]]]}},{"type":"Feature","properties":{"id":1305165448},"geometry":{"type":"Polygon","coordinates":[[[126.8603,37.44712],[126.86035,37.44709],[126.85945,37.44631],[126.85894,37.44587],[126.85863,37.44559],[126.85851,37.44551],[126.85844,37.44558],[126.8585,37.44581],[126.85858,37.44594],[126.85886,37.44623],[126.85902,37.44636],[126.85907,37.4464],[126.85919,37.44647],[126.85975,37.44679],[126.86009,37.44701],[126.8603,37.44712]]]}},{"type":"Feature","properties":{"id":1312053693},"geometry":{"type":"Polygon","coordinates":[[[126.71728,37.61993],[126.71757,37.61979],[126.71813,37.62052],[126.71816,37.62056],[126.7179,37.62072],[126.71773,37.62066],[126.71778,37.62062],[126.71778,37.62059],[126.71728,37.61993]]]}},{"type":"Feature","properties":{"id":1312533110},"geometry":{"type":"Polygon","coordinates":[[[127.16401,37.53425],[127.16427,37.53456],[127.16412,37.53462],[127.16405,37.53467],[127.16398,37.53471],[127.16391,37.53475],[127.16385,37.53477],[127.16376,37.53479],[127.1637,37.53478],[127.16364,37.53477],[127.1636,37.53476],[127.16357,37.53473],[127.16354,37.53471],[127.16352,37.53468],[127.1635,37.53465],[127.1635,37.53462],[127.16349,37.53458],[127.1635,37.53454],[127.16351,37.53451],[127.16353,37.53449],[127.16372,37.53438],[127.16401,37.53425]]]}},{"type":"Feature","properties":{"id":1320034498},"geometry":{"type":"Polygon","coordinates":[[[126.90742,37.47597],[126.90741,37.47597],[126.90648,37.47583],[126.90604,37.47577],[126.906,37.47563],[126.90595,37.47546],[126.90587,37.47532],[126.90584,37.47523],[126.90584,37.47514],[126.90587,37.47505],[126.90594,37.47493],[126.90598,37.47477],[126.90607,37.47397],[126.90607,37.47382],[126.90606,37.47352],[126.90611,37.47323],[126.90627,37.47246],[126.90655,37.47148],[126.90663,37.47129],[126.90678,37.47056],[126.90729,37.47085],[126.908,37.47123],[126.90785,37.47148],[126.90785,37.47153],[126.90793,37.47156],[126.90789,37.47169],[126.90792,37.47174],[126.90787,37.47197],[126.90788,37.47205],[126.9085,37.47219],[126.90857,37.47216],[126.90864,37.47202],[126.90929,37.47201],[126.90979,37.47206],[126.91043,37.47238],[126.91071,37.47253],[126.91083,37.47249],[126.91097,37.47265],[126.91106,37.47267],[126.9112,37.47265],[126.91167,37.47282],[126.91186,37.47297],[126.91183,37.47324],[126.91189,37.4734],[126.91283,37.47447],[126.9128,37.47463],[126.9122,37.47472],[126.91206,37.47486],[126.91201,37.47502],[126.91193,37.47527],[126.91175,37.47552],[126.91133,37.47568],[126.91126,37.47547],[126.91105,37.47513],[126.91092,37.47525],[126.91011,37.47533],[126.91011,37.47522],[126.90979,37.47511],[126.90908,37.47518],[126.90893,37.47516],[126.90778,37.47504],[126.90769,37.4751],[126.90754,37.47562],[126.90729,37.47565],[126.90729,37.47573],[126.90742,37.47597]]]}},{"type":"Feature","properties":{"id":1333386564},"geometry":{"type":"Polygon","coordinates":[[[126.86136,37.45931],[126.86155,37.45926],[126.86171,37.45933],[126.86182,37.45934],[126.86194,37.45926],[126.86182,37.45882],[126.86172,37.4588],[126.86126,37.45899],[126.86122,37.45908],[126.86119,37.45925],[126.86123,37.45931],[126.86128,37.45933],[126.86136,37.45931]]]}},{"type":"Feature","properties":{"id":1345998094},"geometry":{"type":"Polygon","coordinates":[[[127.117,37.47058],[127.11712,37.46987],[127.11732,37.46981],[127.11746,37.46979],[127.11793,37.46987],[127.11776,37.47067],[127.117,37.47058]]]}},{"type":"Feature","properties":{"id":1346003309},"geometry":{"type":"Polygon","coordinates":[[[127.11471,37.46918],[127.11413,37.46931],[127.11364,37.46901],[127.11331,37.46857],[127.11301,37.46846],[127.11249,37.46849],[127.11188,37.46678],[127.11266,37.46662],[127.11301,37.46617],[127.1136,37.46588],[127.11409,37.46591],[127.11494,37.46641],[127.11527,37.46703],[127.11499,37.46794],[127.11502,37.4686],[127.11471,37.46918]]]}},{"type":"Feature","properties":{"id":1346003327},"geometry":{"type":"Polygon","coordinates":[[[127.12657,37.46241],[127.12626,37.46241],[127.12651,37.46524],[127.12659,37.46532],[127.12673,37.46532],[127.12677,37.46524],[127.1267,37.46372],[127.12695,37.46369],[127.12696,37.46348],[127.12669,37.46348],[127.12657,37.46241]]]}},{"type":"Feature","properties":{"id":1346004170},"geometry":{"type":"Polygon","coordinates":[[[127.12908,37.46691],[127.12898,37.46691],[127.12884,37.46668],[127.13016,37.46598],[127.13036,37.46625],[127.13034,37.46635],[127.12908,37.46691]]]}},{"type":"Feature","properties":{"id":1346156955},"geometry":{"type":"Polygon","coordinates":[[[127.02718,37.60978],[127.02641,37.61019],[127.02599,37.60979],[127.02599,37.60944],[127.0259,37.60931],[127.0258,37.60921],[127.02535,37.6091],[127.02491,37.60906],[127.02464,37.60899],[127.02434,37.6088],[127.02418,37.60861],[127.02411,37.60842],[127.02398,37.60838],[127.02409,37.60816],[127.02429,37.60834],[127.02443,37.60844],[127.02474,37.60849],[127.02503,37.60861],[127.02526,37.6086],[127.02544,37.60863],[127.0256,37.60878],[127.02575,37.60881],[127.02602,37.60888],[127.02641,37.60912],[127.02677,37.60932],[127.02718,37.60978]]]}},{"type":"Feature","properties":{"id":1352272170},"geometry":{"type":"Polygon","coordinates":[[[127.15429,37.50963],[127.15537,37.50921],[127.15545,37.50932],[127.15433,37.5097],[127.15429,37.50963]]]}},{"type":"Feature","properties":{"id":1352516790},"geometry":{"type":"Polygon","coordinates":[[[127.1525,37.51139],[127.15237,37.51137],[127.1522,37.51137],[127.15204,37.51142],[127.15189,37.51151],[127.15178,37.51162],[127.15172,37.51178],[127.15172,37.51189],[127.1518,37.51203],[127.15187,37.51211],[127.15212,37.51217],[127.15234,37.51219],[127.1525,37.5122],[127.15267,37.51211],[127.15279,37.51199],[127.15286,37.51185],[127.15286,37.51171],[127.15278,37.51157],[127.15265,37.51145],[127.1525,37.51139]]]}},{"type":"Feature","properties":{"id":1352516791},"geometry":{"type":"Polygon","coordinates":[[[127.15195,37.51228],[127.15206,37.5123],[127.15225,37.51232],[127.15248,37.51229],[127.1527,37.51222],[127.15287,37.51207],[127.15296,37.51183],[127.15293,37.51162],[127.15292,37.51158],[127.15321,37.51202],[127.15335,37.5122],[127.15365,37.51251],[127.15375,37.51257],[127.15425,37.51283],[127.15292,37.51256],[127.15195,37.51228]]]}},{"type":"Feature","properties":{"id":1352516792},"geometry":{"type":"Polygon","coordinates":[[[127.1518,37.51351],[127.15171,37.5126],[127.15242,37.51282],[127.15313,37.51298],[127.15372,37.51309],[127.15367,37.5131],[127.15335,37.51307],[127.1527,37.51298],[127.15249,37.51298],[127.15224,37.51303],[127.15207,37.51313],[127.15195,37.51324],[127.15183,37.51344],[127.1518,37.51351]]]}},{"type":"Feature","properties":{"id":1352516793},"geometry":{"type":"Polygon","coordinates":[[[127.15154,37.51311],[127.15155,37.51312],[127.15156,37.51311],[127.15152,37.51254],[127.1501,37.51186],[127.15108,37.51253],[127.15141,37.51288],[127.15154,37.51311]]]}},{"type":"Feature","properties":{"id":1356113156},"geometry":{"type":"Polygon","coordinates":[[[126.96906,37.52976],[126.96896,37.52965],[126.96876,37.52971],[126.9686,37.52949],[126.96872,37.52932],[126.96906,37.52912],[126.96919,37.52916],[126.96953,37.52891],[126.96958,37.52897],[126.96906,37.52976]]]}},{"type":"Feature","properties":{"id":1356624342},"geometry":{"type":"Polygon","coordinates":[[[126.93864,37.56294],[126.93859,37.56293],[126.93855,37.56292],[126.93847,37.56284],[126.9384,37.56281],[126.9382,37.5626],[126.93821,37.56256],[126.93822,37.56252],[126.93858,37.56218],[126.93918,37.5626],[126.93903,37.56273],[126.93889,37.56283],[126.93884,37.56286],[126.93877,37.5629],[126.9387,37.56293],[126.93864,37.56294]]]}},{"type":"Feature","properties":{"id":1358993119},"geometry":{"type":"Polygon","coordinates":[[[127.02404,37.53071],[127.02331,37.52973],[127.02256,37.52865],[127.02192,37.52781],[127.02171,37.52793],[127.02216,37.5285],[127.02383,37.53079],[127.02404,37.53071]]]}},{"type":"Feature","properties":{"id":1358993121},"geometry":{"type":"Polygon","coordinates":[[[127.021,37.52709],[127.02098,37.52707],[127.02111,37.52698],[127.02159,37.52737],[127.02192,37.52781],[127.02171,37.52793],[127.021,37.52709]]]}},{"type":"Feature","properties":{"id":1361021774},"geometry":{"type":"Polygon","coordinates":[[[127.10643,37.47141],[127.10639,37.47146],[127.1061,37.47153],[127.10562,37.47083],[127.10554,37.47071],[127.10558,37.47061],[127.1057,37.47077],[127.10592,37.47067],[127.10643,37.47141]]]}},{"type":"Feature","properties":{"id":1361089551},"geometry":{"type":"Polygon","coordinates":[[[126.94428,37.49168],[126.94432,37.49171],[126.94453,37.49175],[126.94478,37.49179],[126.94508,37.49188],[126.94528,37.49193],[126.94535,37.49195],[126.94573,37.49209],[126.94577,37.49203],[126.94506,37.49181],[126.945,37.49178],[126.94496,37.49176],[126.94493,37.49171],[126.94492,37.49168],[126.94492,37.49164],[126.94607,37.49017],[126.94608,37.49014],[126.94608,37.49011],[126.94602,37.49006],[126.94598,37.49001],[126.94589,37.48982],[126.9458,37.48976],[126.94576,37.48975],[126.94572,37.48977],[126.94509,37.49069],[126.94428,37.49164],[126.94428,37.49168]]]}},{"type":"Feature","properties":{"id":1363817314},"geometry":{"type":"Polygon","coordinates":[[[127.07883,37.66484],[127.07914,37.665],[127.07921,37.66497],[127.0793,37.66482],[127.07947,37.66463],[127.07981,37.66363],[127.07942,37.66345],[127.07915,37.66405],[127.07891,37.66416],[127.0789,37.66475],[127.07883,37.66484]]]}},{"type":"Feature","properties":{"id":1363817319},"geometry":{"type":"Polygon","coordinates":[[[127.07577,37.66478],[127.0757,37.66407],[127.07574,37.66399],[127.07591,37.6639],[127.07605,37.66396],[127.07652,37.66447],[127.07653,37.6645],[127.07651,37.66453],[127.0761,37.66473],[127.07588,37.66481],[127.07582,37.66481],[127.07577,37.66478]]]}},{"type":"Feature","properties":{"id":1363836867},"geometry":{"type":"Polygon","coordinates":[[[127.06331,37.62767],[127.06284,37.62753],[127.06249,37.62742],[127.06246,37.62738],[127.06245,37.62735],[127.06241,37.62728],[127.06257,37.62701],[127.06268,37.62674],[127.06284,37.62643],[127.06289,37.62633],[127.06292,37.62626],[127.06302,37.62619],[127.06321,37.62624],[127.06317,37.62636],[127.06317,37.62638],[127.06315,37.62642],[127.06305,37.62686],[127.06298,37.62726],[127.06346,37.62739],[127.06331,37.62767]]]}},{"type":"Feature","properties":{"id":1367926042},"geometry":{"type":"Polygon","coordinates":[[[127.06205,37.63036],[127.06226,37.63046],[127.06252,37.63056],[127.06277,37.63064],[127.06306,37.63069],[127.06309,37.63063],[127.06342,37.6307],[127.06349,37.63069],[127.06352,37.63061],[127.06347,37.63053],[127.06315,37.63045],[127.06316,37.63041],[127.0626,37.63026],[127.06223,37.63008],[127.06188,37.62987],[127.06152,37.62952],[127.06146,37.62945],[127.0614,37.62933],[127.06143,37.62924],[127.06161,37.62915],[127.06172,37.62906],[127.06167,37.62904],[127.06154,37.62901],[127.06146,37.62914],[127.06139,37.62915],[127.06113,37.62907],[127.06098,37.62902],[127.06092,37.62899],[127.06115,37.62927],[127.06129,37.62944],[127.06149,37.62963],[127.06175,37.62987],[127.06213,37.63014],[127.06213,37.63022],[127.06205,37.63036]]]}},{"type":"Feature","properties":{"id":1370240751},"geometry":{"type":"Polygon","coordinates":[[[127.06996,37.61995],[127.07011,37.61996],[127.07011,37.62039],[127.06997,37.62105],[127.06981,37.62177],[127.06962,37.62247],[127.0695,37.62287],[127.06932,37.62332],[127.06924,37.62349],[127.06914,37.62364],[127.06901,37.62388],[127.06898,37.62387],[127.06859,37.6237],[127.06851,37.62354],[127.06897,37.62252],[127.0694,37.62165],[127.06966,37.62117],[127.06985,37.62054],[127.06996,37.61995]]]}},{"type":"Feature","properties":{"id":1370240756},"geometry":{"type":"Polygon","coordinates":[[[127.06893,37.62401],[127.06892,37.62397],[127.06851,37.62383],[127.06838,37.62387],[127.06819,37.62444],[127.06805,37.62473],[127.06791,37.62493],[127.0678,37.62511],[127.06782,37.62512],[127.06815,37.62484],[127.06847,37.62453],[127.06871,37.62427],[127.06893,37.62401]]]}},{"type":"Feature","properties":{"id":1382052594},"geometry":{"type":"Polygon","coordinates":[[[126.95702,37.49654],[126.95701,37.49652],[126.95696,37.49626],[126.95699,37.4962],[126.95782,37.49613],[126.95792,37.49658],[126.95789,37.49663],[126.95782,37.49666],[126.95741,37.4967],[126.95734,37.49669],[126.95728,37.49668],[126.95713,37.49657],[126.95711,37.49657],[126.95708,37.49655],[126.95706,37.49655],[126.95703,37.49654],[126.95702,37.49654]]]}},{"type":"Feature","properties":{"id":1383387438},"geometry":{"type":"Polygon","coordinates":[[[126.7287,37.48434],[126.72877,37.48433],[126.72886,37.48487],[126.72884,37.48488],[126.72816,37.48498],[126.72806,37.48466],[126.72792,37.48472],[126.72769,37.48443],[126.72749,37.48442],[126.72746,37.48445],[126.72737,37.48447],[126.72732,37.48449],[126.72728,37.48444],[126.72733,37.48436],[126.72798,37.48432],[126.72797,37.48407],[126.72828,37.48401],[126.72825,37.48383],[126.7284,37.4838],[126.7287,37.48434]]]}},{"type":"Feature","properties":{"id":1383927601},"geometry":{"type":"Polygon","coordinates":[[[126.87671,37.47948],[126.8771,37.47958],[126.87706,37.47966],[126.87764,37.47981],[126.87795,37.47913],[126.8768,37.47881],[126.87679,37.47894],[126.87677,37.47899],[126.87672,37.47908],[126.87656,37.47903],[126.87644,37.47928],[126.87657,37.47932],[126.87671,37.47948]]]}},{"type":"Feature","properties":{"id":1383927603},"geometry":{"type":"Polygon","coordinates":[[[126.87815,37.47878],[126.87805,37.47898],[126.87911,37.47928],[126.87918,37.47928],[126.8792,37.47924],[126.8795,37.4786],[126.87925,37.47852],[126.8792,37.47862],[126.87925,37.47863],[126.87916,37.47881],[126.87914,37.47885],[126.87905,37.47905],[126.87815,37.47878]]]}},{"type":"Feature","properties":{"id":1383927606},"geometry":{"type":"Polygon","coordinates":[[[126.87901,37.47834],[126.87913,37.47809],[126.87944,37.47818],[126.87959,37.47784],[126.87981,37.4779],[126.87954,37.47849],[126.87901,37.47834]]]}},{"type":"Feature","properties":{"id":1383927609},"geometry":{"type":"Polygon","coordinates":[[[126.87962,37.47746],[126.87997,37.47756],[126.88015,37.47716],[126.88009,37.47714],[126.8795,37.47697],[126.87937,37.47725],[126.87967,37.47734],[126.87962,37.47746]]]}},{"type":"Feature","properties":{"id":1385344151},"geometry":{"type":"Polygon","coordinates":[[[126.88125,37.47333],[126.88174,37.47348],[126.88201,37.47289],[126.88151,37.47275],[126.88125,37.47333]]]}},{"type":"Feature","properties":{"id":1385344160},"geometry":{"type":"Polygon","coordinates":[[[126.88186,37.47503],[126.88141,37.4749],[126.88174,37.47415],[126.88219,37.47428],[126.88186,37.47503]]]}},{"type":"Feature","properties":{"id":1388026686},"geometry":{"type":"Polygon","coordinates":[[[126.88685,37.46726],[126.8872,37.46736],[126.88755,37.46658],[126.88744,37.46655],[126.88732,37.46684],[126.88707,37.46677],[126.88685,37.46726]]]}},{"type":"Feature","properties":{"id":1388026687},"geometry":{"type":"Polygon","coordinates":[[[126.8875,37.4665],[126.88757,37.46652],[126.88767,37.46629],[126.88762,37.46619],[126.88674,37.46594],[126.88661,37.46623],[126.88677,37.46628],[126.88686,37.46609],[126.88749,37.46627],[126.88756,37.46638],[126.8875,37.4665]]]}},{"type":"Feature","properties":{"id":1388026688},"geometry":{"type":"Polygon","coordinates":[[[126.88762,37.46787],[126.88731,37.46778],[126.88761,37.4671],[126.88868,37.46741],[126.88863,37.46752],[126.88803,37.46735],[126.88787,37.46772],[126.88771,37.46768],[126.88762,37.46787]]]}},{"type":"Feature","properties":{"id":1388026693},"geometry":{"type":"Polygon","coordinates":[[[126.88724,37.46899],[126.88683,37.46887],[126.88715,37.46815],[126.88743,37.46823],[126.88734,37.46844],[126.88792,37.4686],[126.88783,37.46876],[126.88739,37.46864],[126.88724,37.46899]]]}},{"type":"Feature","properties":{"id":1388039235},"geometry":{"type":"Polygon","coordinates":[[[126.88106,37.47209],[126.88119,37.47205],[126.88216,37.47232],[126.88227,37.47236],[126.88209,37.47278],[126.88197,37.47275],[126.88211,37.47245],[126.88101,37.47215],[126.88106,37.47209]]]}},{"type":"Feature","properties":{"id":1388495152},"geometry":{"type":"Polygon","coordinates":[[[126.88477,37.47765],[126.88501,37.47772],[126.88513,37.47747],[126.88562,37.4776],[126.88571,37.4774],[126.88497,37.47719],[126.88477,37.47765]]]}},{"type":"Feature","properties":{"id":1388495153},"geometry":{"type":"Polygon","coordinates":[[[126.88475,37.47811],[126.8846,37.47806],[126.88433,37.47867],[126.88527,37.47894],[126.88531,37.47884],[126.88483,37.4787],[126.88484,37.47866],[126.88484,37.47862],[126.88483,37.47859],[126.88481,37.47855],[126.88479,37.47851],[126.88477,37.47848],[126.88473,37.47846],[126.8847,37.47843],[126.88466,37.47842],[126.88462,37.4784],[126.88475,37.47811]]]}},{"type":"Feature","properties":{"id":1390434064},"geometry":{"type":"Polygon","coordinates":[[[127.0963,37.46715],[127.09679,37.46702],[127.09679,37.4661],[127.09643,37.46604],[127.09627,37.46605],[127.09621,37.46627],[127.09637,37.46696],[127.0963,37.46715]]]}},{"type":"Feature","properties":{"id":1390441666},"geometry":{"type":"Polygon","coordinates":[[[127.00941,37.54863],[127.00934,37.54813],[127.00967,37.54817],[127.00996,37.54812],[127.01028,37.54816],[127.01073,37.54818],[127.01094,37.54829],[127.01104,37.5484],[127.01064,37.54844],[127.01064,37.54877],[127.01066,37.54891],[127.0104,37.54897],[127.01011,37.54921],[127.00941,37.54863]]]}},{"type":"Feature","properties":{"id":1390441667},"geometry":{"type":"Polygon","coordinates":[[[127.00365,37.54531],[127.00362,37.54472],[127.00399,37.54412],[127.00403,37.54307],[127.00433,37.54295],[127.00472,37.54334],[127.00668,37.54337],[127.00683,37.54298],[127.00699,37.54261],[127.00736,37.54257],[127.00805,37.54241],[127.00908,37.54242],[127.00977,37.54318],[127.01168,37.54464],[127.0117,37.5452],[127.01184,37.54543],[127.0114,37.54572],[127.00961,37.54587],[127.00955,37.54647],[127.00957,37.54711],[127.01047,37.54798],[127.00976,37.54794],[127.00944,37.54792],[127.00917,37.54772],[127.00904,37.54751],[127.00895,37.54712],[127.009,37.5469],[127.00913,37.54685],[127.00931,37.54659],[127.00921,37.54611],[127.00866,37.54623],[127.00847,37.54581],[127.00781,37.54542],[127.00718,37.54538],[127.00702,37.5455],[127.00654,37.54574],[127.00579,37.54612],[127.00556,37.54648],[127.00536,37.54694],[127.00494,37.54727],[127.0051,37.54742],[127.0043,37.54741],[127.00404,37.54732],[127.004,37.5471],[127.00398,37.54693],[127.00437,37.54674],[127.00449,37.54617],[127.00448,37.54532],[127.00365,37.54531]]]}},{"type":"Feature","properties":{"id":1390623444},"geometry":{"type":"Polygon","coordinates":[[[127.01421,37.45016],[127.01349,37.45022],[127.01291,37.44988],[127.01279,37.44945],[127.01403,37.4493],[127.01421,37.45016]]]}},{"type":"Feature","properties":{"id":1390945991},"geometry":{"type":"Polygon","coordinates":[[[126.96065,37.52319],[126.9608,37.52279],[126.96091,37.52267],[126.9613,37.52262],[126.96144,37.52263],[126.96154,37.5227],[126.96153,37.52278],[126.96078,37.52313],[126.96065,37.52319]]]}},{"type":"Feature","properties":{"id":1390955212},"geometry":{"type":"Polygon","coordinates":[[[126.9647,37.54585],[126.96465,37.54626],[126.96382,37.5462],[126.96387,37.54578],[126.9647,37.54585]]]}},{"type":"Feature","properties":{"id":1390955213},"geometry":{"type":"Polygon","coordinates":[[[126.96641,37.54318],[126.96644,37.54327],[126.96637,37.54348],[126.96621,37.54368],[126.96588,37.54352],[126.96549,37.54347],[126.96546,37.54334],[126.96641,37.54318]]]}},{"type":"Feature","properties":{"id":1391113613},"geometry":{"type":"Polygon","coordinates":[[[127.00557,37.51353],[127.00529,37.51327],[127.00591,37.51292],[127.0061,37.51313],[127.00557,37.51353]]]}},{"type":"Feature","properties":{"id":1391534441},"geometry":{"type":"Polygon","coordinates":[[[126.74194,37.5162],[126.74203,37.51618],[126.74213,37.51606],[126.74206,37.5159],[126.7407,37.51528],[126.74058,37.51524],[126.74047,37.51527],[126.74037,37.51539],[126.7404,37.51552],[126.74183,37.5162],[126.74194,37.5162]]]}},{"type":"Feature","properties":{"id":1392125739},"geometry":{"type":"Polygon","coordinates":[[[126.71655,37.48898],[126.71725,37.48916],[126.71732,37.4886],[126.71675,37.48859],[126.71655,37.48898]]]}},{"type":"Feature","properties":{"id":1409133606},"geometry":{"type":"Polygon","coordinates":[[[127.18152,37.57444],[127.18158,37.57431],[127.18172,37.57435],[127.18212,37.57447],[127.18435,37.57517],[127.18463,37.57523],[127.18484,37.57526],[127.18494,37.57526],[127.18497,37.5754],[127.1848,37.57539],[127.18458,37.57536],[127.1843,37.5753],[127.18166,37.57449],[127.18152,37.57444]]]}},{"type":"Feature","properties":{"id":1409147163},"geometry":{"type":"Polygon","coordinates":[[[127.1852,37.57543],[127.18602,37.57532],[127.18653,37.57526],[127.18754,37.57513],[127.18749,37.57504],[127.18744,37.57496],[127.18644,37.57511],[127.18638,37.57482],[127.18506,37.57499],[127.18515,37.57535],[127.1852,37.57543]]]}},{"type":"Feature","properties":{"id":1411404799},"geometry":{"type":"Polygon","coordinates":[[[127.17816,37.5754],[127.17832,37.57544],[127.179,37.57397],[127.17885,37.57392],[127.17816,37.5754]]]}},{"type":"Feature","properties":{"id":1414028398},"geometry":{"type":"Polygon","coordinates":[[[127.1783,37.57347],[127.17821,37.57365],[127.17821,37.5737],[127.17826,37.57374],[127.17885,37.57392],[127.179,37.57397],[127.1797,37.57417],[127.17978,37.57417],[127.17984,37.57415],[127.17993,37.57395],[127.18,37.57382],[127.17919,37.57359],[127.17903,37.57354],[127.17837,37.57334],[127.17835,37.57337],[127.17833,37.5734],[127.1783,37.57347]]]}},{"type":"Feature","properties":{"id":1414028399},"geometry":{"type":"Polygon","coordinates":[[[127.17736,37.57319],[127.1774,37.57312],[127.17742,37.57309],[127.17744,37.57306],[127.17837,37.57334],[127.17835,37.57337],[127.17833,37.5734],[127.1783,37.57347],[127.17763,37.57327],[127.17758,37.57326],[127.17736,37.57319]]]}},{"type":"Feature","properties":{"id":1414028400},"geometry":{"type":"Polygon","coordinates":[[[127.17993,37.57395],[127.18104,37.57427],[127.18119,37.57432],[127.18121,37.57426],[127.18122,37.57418],[127.1811,37.57414],[127.18,37.57382],[127.17993,37.57395]]]}},{"type":"Feature","properties":{"id":1414028401},"geometry":{"type":"Polygon","coordinates":[[[127.17903,37.57354],[127.17919,37.57359],[127.17949,37.57298],[127.17953,37.57286],[127.17956,37.57273],[127.17958,37.57259],[127.17956,37.57193],[127.17959,37.57181],[127.17963,37.5717],[127.17976,37.57142],[127.17957,37.57136],[127.17944,37.57166],[127.17939,37.57177],[127.17936,37.5719],[127.1794,37.57257],[127.17939,37.57271],[127.17936,37.57283],[127.17932,37.57294],[127.17903,37.57354]]]}},{"type":"Feature","properties":{"id":1414104034},"geometry":{"type":"Polygon","coordinates":[[[126.88504,37.47397],[126.88463,37.47385],[126.88498,37.47305],[126.88538,37.47317],[126.88525,37.47347],[126.88534,37.4735],[126.88531,37.47357],[126.88528,37.47362],[126.8852,37.4736],[126.88504,37.47397]]]}},{"type":"Feature","properties":{"id":1414104035},"geometry":{"type":"Polygon","coordinates":[[[126.88413,37.47301],[126.88421,37.47284],[126.88469,37.47297],[126.88473,37.47304],[126.88452,37.47351],[126.88434,37.47346],[126.88449,37.47311],[126.88413,37.47301]]]}},{"type":"Feature","properties":{"id":1415667504},"geometry":{"type":"Polygon","coordinates":[[[126.70117,37.60815],[126.70117,37.60851],[126.69996,37.6085],[126.69986,37.6085],[126.69868,37.6085],[126.69868,37.60815],[126.69919,37.60815],[126.70117,37.60815]]]}},{"type":"Feature","properties":{"id":1415816150},"geometry":{"type":"Polygon","coordinates":[[[126.70075,37.59077],[126.70073,37.59078],[126.70072,37.59079],[126.70065,37.59051],[126.70072,37.59042],[126.70118,37.59025],[126.7017,37.5902],[126.70173,37.59053],[126.70141,37.59035],[126.70115,37.5904],[126.70093,37.59057],[126.70075,37.59077]]]}},{"type":"Feature","properties":{"id":1416381634},"geometry":{"type":"Polygon","coordinates":[[[126.70402,37.51711],[126.70377,37.51707],[126.70252,37.51715],[126.7022,37.51716],[126.70213,37.51734],[126.70215,37.51745],[126.70251,37.51743],[126.70265,37.51747],[126.70272,37.51734],[126.7031,37.51743],[126.70324,37.51743],[126.70337,37.5175],[126.70366,37.51749],[126.70374,37.51744],[126.70389,37.51743],[126.70395,37.51745],[126.70407,37.51741],[126.7038,37.51734],[126.70376,37.51731],[126.70402,37.51711]]]}},{"type":"Feature","properties":{"id":1416686913},"geometry":{"type":"Polygon","coordinates":[[[126.70164,37.59884],[126.70181,37.59802],[126.70216,37.59732],[126.7029,37.59755],[126.70243,37.5985],[126.70164,37.59884]]]}},{"type":"Feature","properties":{"id":1417443469},"geometry":{"type":"Polygon","coordinates":[[[127.09017,37.50878],[127.09068,37.50849],[127.09077,37.50854],[127.0909,37.50877],[127.0904,37.50905],[127.09017,37.50878]]]}},{"type":"Feature","properties":{"id":1417472148},"geometry":{"type":"Polygon","coordinates":[[[126.86477,37.48049],[126.86457,37.48017],[126.86563,37.47969],[126.8658,37.48002],[126.86477,37.48049]]]}},{"type":"Feature","properties":{"id":1417693976},"geometry":{"type":"Polygon","coordinates":[[[127.09116,37.51145],[127.09066,37.51087],[127.09128,37.51053],[127.09179,37.51105],[127.09129,37.51133],[127.09132,37.51136],[127.09116,37.51145]]]}},{"type":"Feature","properties":{"id":1417693981},"geometry":{"type":"Polygon","coordinates":[[[127.09315,37.51118],[127.09327,37.51075],[127.09344,37.51061],[127.09373,37.51082],[127.09371,37.51085],[127.09395,37.51098],[127.09426,37.51099],[127.09424,37.51127],[127.09409,37.51135],[127.09401,37.51134],[127.09388,37.51119],[127.09364,37.5113],[127.09343,37.51129],[127.09331,37.51118],[127.09315,37.51118]]]}},{"type":"Feature","properties":{"id":1418196292},"geometry":{"type":"Polygon","coordinates":[[[127.09953,37.51487],[127.09964,37.51467],[127.10041,37.51495],[127.1003,37.51514],[127.09953,37.51487]]]}},{"type":"Feature","properties":{"id":1418196296},"geometry":{"type":"Polygon","coordinates":[[[127.10131,37.51462],[127.10161,37.51405],[127.10201,37.51418],[127.10171,37.51476],[127.10131,37.51462]]]}},{"type":"Feature","properties":{"id":1418883139},"geometry":{"type":"Polygon","coordinates":[[[126.77738,37.64396],[126.77758,37.64414],[126.77831,37.64357],[126.77895,37.64308],[126.78025,37.64208],[126.78018,37.642],[126.77738,37.64396]]]}},{"type":"Feature","properties":{"id":1418953094},"geometry":{"type":"Polygon","coordinates":[[[127.00662,37.60451],[127.00708,37.6047],[127.00776,37.60464],[127.00788,37.6045],[127.00709,37.60412],[127.00698,37.60429],[127.0068,37.60422],[127.00662,37.60451]]]}},{"type":"Feature","properties":{"id":1419342820},"geometry":{"type":"Polygon","coordinates":[[[126.88438,37.44597],[126.88428,37.44579],[126.88512,37.4455],[126.88515,37.44567],[126.88511,37.44573],[126.88438,37.44597]]]}},{"type":"Feature","properties":{"id":1419906729},"geometry":{"type":"Polygon","coordinates":[[[126.89283,37.5409],[126.8926,37.54059],[126.89371,37.54007],[126.89394,37.54038],[126.89283,37.5409]]]}},{"type":"Feature","properties":{"id":1420691744},"geometry":{"type":"Polygon","coordinates":[[[126.95351,37.56254],[126.95329,37.56286],[126.95235,37.5625],[126.9526,37.5622],[126.95351,37.56254]]]}},{"type":"Feature","properties":{"id":1420913683},"geometry":{"type":"Polygon","coordinates":[[[126.95187,37.55628],[126.952,37.55635],[126.95195,37.55658],[126.95032,37.55654],[126.95016,37.55652],[126.94998,37.55648],[126.94994,37.55645],[126.94996,37.55628],[126.95005,37.55622],[126.95037,37.55631],[126.95065,37.55636],[126.9509,37.55639],[126.95127,37.55639],[126.95146,37.55638],[126.95167,37.55634],[126.95187,37.55628]]]}},{"type":"Feature","properties":{"id":1422590591},"geometry":{"type":"Polygon","coordinates":[[[126.95957,37.552],[126.95988,37.55199],[126.96009,37.55196],[126.9599,37.55225],[126.9599,37.5525],[126.96046,37.55289],[126.96069,37.55297],[126.96028,37.55326],[126.96022,37.55323],[126.9595,37.55213],[126.95953,37.55201],[126.95957,37.552]]]}},{"type":"Feature","properties":{"id":1428384224},"geometry":{"type":"Polygon","coordinates":[[[127.13539,37.52447],[127.13572,37.52538],[127.1358,37.52543],[127.13748,37.52503],[127.13752,37.52494],[127.13716,37.52406],[127.13539,37.52447]]]}},{"type":"Feature","properties":{"id":1428384225},"geometry":{"type":"Polygon","coordinates":[[[127.1361,37.52669],[127.13589,37.52617],[127.13681,37.52596],[127.13701,37.52646],[127.1361,37.52669]]]}},{"type":"Feature","properties":{"id":1428384226},"geometry":{"type":"Polygon","coordinates":[[[127.14305,37.5258],[127.1434,37.5268],[127.14303,37.52689],[127.14285,37.5269],[127.14214,37.52708],[127.14207,37.52706],[127.14171,37.52612],[127.14305,37.5258]]]}},{"type":"Feature","properties":{"id":1430443420},"geometry":{"type":"Polygon","coordinates":[[[127.12852,37.6449],[127.12874,37.6446],[127.12838,37.64353],[127.12808,37.64344],[127.12799,37.64371],[127.12852,37.6449]]]}},{"type":"Feature","properties":{"id":1436128874},"geometry":{"type":"Polygon","coordinates":[[[126.96375,37.55343],[126.96377,37.55331],[126.96403,37.55304],[126.96395,37.55289],[126.96362,37.55264],[126.96354,37.5527],[126.96345,37.55264],[126.96337,37.55274],[126.96357,37.55281],[126.96353,37.55296],[126.96346,37.55306],[126.96327,37.55299],[126.96328,37.55315],[126.96336,37.55322],[126.96345,37.55329],[126.96361,37.5534],[126.96375,37.55343]]]}},{"type":"Feature","properties":{"id":1436170968},"geometry":{"type":"Polygon","coordinates":[[[126.9346,37.55454],[126.93476,37.55449],[126.93495,37.55485],[126.93518,37.55531],[126.93527,37.5555],[126.93522,37.55552],[126.93513,37.55555],[126.93503,37.55536],[126.93501,37.55531],[126.93492,37.55515],[126.9348,37.55491],[126.93471,37.55475],[126.9346,37.55454]]]}},{"type":"Feature","properties":{"id":1436824413},"geometry":{"type":"Polygon","coordinates":[[[127.12015,37.44109],[127.12051,37.44057],[127.12095,37.4403],[127.12199,37.44],[127.12228,37.44106],[127.12274,37.44213],[127.12174,37.44226],[127.12152,37.44224],[127.12142,37.44219],[127.12141,37.442],[127.12143,37.44186],[127.12133,37.44182],[127.12113,37.44181],[127.12103,37.44181],[127.1209,37.44175],[127.12087,37.44165],[127.12073,37.44161],[127.12062,37.44157],[127.12058,37.441],[127.12015,37.44109]]]}},{"type":"Feature","properties":{"id":1442834223},"geometry":{"type":"Polygon","coordinates":[[[126.85644,37.50708],[126.85661,37.5069],[126.85676,37.5067],[126.85632,37.5067],[126.85597,37.50674],[126.85558,37.50688],[126.85563,37.50703],[126.85567,37.50706],[126.85581,37.50703],[126.85604,37.50704],[126.85632,37.50702],[126.85642,37.50709],[126.85646,37.50709],[126.85644,37.50708]]]}},{"type":"Feature","properties":{"id":1442834229},"geometry":{"type":"Polygon","coordinates":[[[126.85702,37.51112],[126.85581,37.51035],[126.85606,37.50982],[126.85757,37.50995],[126.85788,37.51003],[126.85721,37.51117],[126.85702,37.51112]]]}},{"type":"Feature","properties":{"id":1443389125},"geometry":{"type":"Polygon","coordinates":[[[127.11489,37.47179],[127.11481,37.47187],[127.11466,37.47204],[127.11465,37.4721],[127.11466,37.47221],[127.11468,37.4723],[127.11468,37.47238],[127.11484,37.47245],[127.11499,37.47248],[127.11515,37.47248],[127.11531,37.47244],[127.11556,37.47233],[127.11536,37.47211],[127.1152,37.47195],[127.11489,37.47179]]]}},{"type":"Feature","properties":{"id":1444392897},"geometry":{"type":"Polygon","coordinates":[[[127.04096,37.6334],[127.04108,37.6332],[127.04183,37.63269],[127.04186,37.6328],[127.0416,37.63311],[127.04159,37.6332],[127.04169,37.63323],[127.04157,37.63343],[127.04148,37.63337],[127.04137,37.63356],[127.04096,37.6334]]]}},{"type":"Feature","properties":{"id":1447606326},"geometry":{"type":"Polygon","coordinates":[[[127.13913,37.57616],[127.13917,37.57589],[127.13942,37.57606],[127.13969,37.57613],[127.13987,37.57611],[127.14002,37.57606],[127.14015,37.57608],[127.1402,37.57615],[127.14018,37.57622],[127.14011,37.57627],[127.13976,37.57625],[127.13912,37.57617],[127.13913,37.57616]]]}},{"type":"Feature","properties":{"id":1449408283},"geometry":{"type":"Polygon","coordinates":[[[127.16984,37.57528],[127.17001,37.57504],[127.17025,37.57469],[127.17494,37.57597],[127.17542,37.57485],[127.17566,37.57491],[127.17569,37.57493],[127.17573,37.57523],[127.17576,37.57541],[127.17577,37.57546],[127.17577,37.57547],[127.17577,37.57549],[127.17578,37.57559],[127.17578,37.57566],[127.17575,37.57579],[127.17574,37.57588],[127.17573,37.57591],[127.17565,37.57631],[127.17563,37.57637],[127.17562,37.57642],[127.17561,37.57648],[127.17559,37.57656],[127.17559,37.57662],[127.17556,37.57665],[127.17554,37.57668],[127.17552,37.57682],[127.17551,37.57691],[127.17551,37.57697],[127.1755,37.57702],[127.17545,37.57706],[127.17542,37.57712],[127.17536,37.57719],[127.17533,37.57723],[127.17533,37.57727],[127.17533,37.57737],[127.17533,37.57739],[127.17534,37.57741],[127.1753,37.57743],[127.1734,37.57686],[127.17213,37.57638],[127.17102,37.57589],[127.16984,37.57528]]]}},{"type":"Feature","properties":{"id":1450027233},"geometry":{"type":"Polygon","coordinates":[[[126.99047,37.53298],[126.98947,37.53303],[126.98939,37.53299],[126.98941,37.53292],[126.99009,37.53195],[126.99027,37.53195],[126.99006,37.53224],[126.9903,37.53236],[126.98999,37.53281],[126.9905,37.53291],[126.99047,37.53298]]]}},{"type":"Feature","properties":{"id":1451503588},"geometry":{"type":"Polygon","coordinates":[[[126.98368,37.58472],[126.98373,37.58473],[126.98387,37.58473],[126.98393,37.58472],[126.98397,37.58471],[126.98395,37.5848],[126.98393,37.58487],[126.98396,37.58493],[126.98397,37.58497],[126.98442,37.58508],[126.98448,37.58507],[126.98448,37.5851],[126.9844,37.58524],[126.98407,37.58508],[126.98383,37.58494],[126.98368,37.58472]]]}},{"type":"Feature","properties":{"id":1453837418},"geometry":{"type":"Polygon","coordinates":[[[126.78029,37.64204],[126.78022,37.64196],[126.78364,37.63941],[126.78374,37.63948],[126.78304,37.64001],[126.78231,37.64057],[126.78189,37.64088],[126.78133,37.6413],[126.78029,37.64204]]]}},{"type":"Feature","properties":{"id":1456053206},"geometry":{"type":"Polygon","coordinates":[[[127.05772,37.6011],[127.05765,37.6008],[127.05761,37.60025],[127.05765,37.60021],[127.05768,37.60019],[127.0577,37.60019],[127.05824,37.60014],[127.05836,37.60104],[127.05835,37.60105],[127.05834,37.60106],[127.05832,37.60106],[127.0583,37.60107],[127.05772,37.6011]]]}},{"type":"Feature","properties":{"id":1456463509},"geometry":{"type":"Polygon","coordinates":[[[126.92029,37.61896],[126.9206,37.61886],[126.92062,37.61885],[126.92063,37.61883],[126.92065,37.61881],[126.92067,37.6188],[126.92069,37.6188],[126.92071,37.6188],[126.92088,37.61886],[126.9209,37.61887],[126.92093,37.61888],[126.92096,37.61888],[126.92099,37.61887],[126.92101,37.61888],[126.92106,37.6189],[126.92107,37.61892],[126.92108,37.61894],[126.92108,37.61897],[126.92107,37.619],[126.92064,37.61956],[126.92024,37.61936],[126.9204,37.61913],[126.92032,37.61899],[126.92029,37.61896]]]}},{"type":"Feature","properties":{"id":1459206577},"geometry":{"type":"Polygon","coordinates":[[[127.11344,37.49907],[127.11346,37.49882],[127.11367,37.49862],[127.11384,37.49852],[127.11401,37.49846],[127.11427,37.49841],[127.11446,37.4984],[127.11463,37.49842],[127.11487,37.49848],[127.11522,37.49866],[127.11558,37.49884],[127.11564,37.49893],[127.1156,37.49898],[127.11535,37.49892],[127.11475,37.49894],[127.11428,37.49897],[127.1137,37.49903],[127.11344,37.49907]]]}},{"type":"Feature","properties":{"id":1459206578},"geometry":{"type":"Polygon","coordinates":[[[127.11541,37.49666],[127.11514,37.49696],[127.115,37.49721],[127.11494,37.49745],[127.11497,37.49765],[127.11506,37.49785],[127.1152,37.498],[127.11541,37.49813],[127.11597,37.49845],[127.11603,37.49839],[127.11579,37.49801],[127.11556,37.49739],[127.11541,37.497],[127.11541,37.49666]]]}},{"type":"Feature","properties":{"id":1460982396},"geometry":{"type":"Polygon","coordinates":[[[127.04998,37.48307],[127.04906,37.48252],[127.04949,37.48204],[127.04976,37.4823],[127.04998,37.48307]]]}},{"type":"Feature","properties":{"id":1465313721},"geometry":{"type":"Polygon","coordinates":[[[127.17335,37.55805],[127.17398,37.55806],[127.17418,37.55793],[127.17419,37.5578],[127.17523,37.55769],[127.17487,37.5591],[127.17449,37.56013],[127.1742,37.56009],[127.17419,37.55981],[127.1741,37.5594],[127.17392,37.55894],[127.1737,37.55851],[127.17349,37.55834],[127.17334,37.55823],[127.17335,37.55817],[127.17335,37.55805]]]}},{"type":"Feature","properties":{"id":1470249126},"geometry":{"type":"Polygon","coordinates":[[[127.18389,37.56656],[127.18402,37.56645],[127.18444,37.56585],[127.1848,37.56571],[127.18524,37.56563],[127.18534,37.5656],[127.18523,37.56603],[127.18521,37.56637],[127.18518,37.56653],[127.18508,37.56658],[127.18499,37.56657],[127.18459,37.56655],[127.18389,37.56656]]]}},{"type":"Feature","properties":{"id":1473256049},"geometry":{"type":"Polygon","coordinates":[[[127.16824,37.57292],[127.16861,37.57301],[127.16868,37.57232],[127.16866,37.57185],[127.16864,37.57115],[127.16864,37.57107],[127.16865,37.57084],[127.16877,37.57052],[127.16845,37.57041],[127.16831,37.57066],[127.16825,37.57123],[127.16827,37.57166],[127.16827,37.57229],[127.16824,37.57292]]]}},{"type":"Feature","properties":{"id":1474302619},"geometry":{"type":"Polygon","coordinates":[[[127.19,37.57008],[127.19003,37.56997],[127.19215,37.57056],[127.19306,37.56859],[127.19317,37.56862],[127.19268,37.56976],[127.19296,37.56983],[127.1926,37.57067],[127.19402,37.57106],[127.19398,37.57114],[127.19256,37.57076],[127.19221,37.57163],[127.1922,37.57165],[127.19192,37.57157],[127.19149,37.57265],[127.19128,37.5726],[127.19213,37.57064],[127.19,37.57008]]]}},{"type":"Feature","properties":{"id":1478722578},"geometry":{"type":"Polygon","coordinates":[[[127.04501,37.64873],[127.04505,37.64876],[127.04579,37.64895],[127.04601,37.64901],[127.04618,37.64861],[127.04601,37.64862],[127.0459,37.64863],[127.04581,37.64865],[127.04548,37.64864],[127.04509,37.64866],[127.04501,37.64873]]]}},{"type":"Feature","properties":{"id":1478722583},"geometry":{"type":"Polygon","coordinates":[[[127.04557,37.64632],[127.04582,37.64622],[127.04589,37.64635],[127.04622,37.64623],[127.04594,37.64569],[127.04547,37.64586],[127.04534,37.64599],[127.04557,37.64632]]]}},{"type":"Feature","properties":{"id":1478722614},"geometry":{"type":"Polygon","coordinates":[[[127.04187,37.64246],[127.04212,37.64272],[127.04235,37.64296],[127.04296,37.64295],[127.04326,37.64289],[127.04343,37.64281],[127.04362,37.64272],[127.04387,37.64263],[127.04395,37.64247],[127.04388,37.64236],[127.0436,37.64236],[127.04323,37.64229],[127.04309,37.64225],[127.04304,37.64215],[127.04288,37.64213],[127.04281,37.6422],[127.04222,37.64233],[127.04214,37.64235],[127.04196,37.64242],[127.04187,37.64246]]]}},{"type":"Feature","properties":{"id":1479478400},"geometry":{"type":"Polygon","coordinates":[[[127.05452,37.58106],[127.05421,37.58087],[127.0544,37.5806],[127.05441,37.58058],[127.05444,37.58056],[127.05449,37.58053],[127.05455,37.5805],[127.05471,37.58044],[127.05472,37.58046],[127.05481,37.58054],[127.05485,37.58057],[127.05487,37.58059],[127.05488,37.5806],[127.05488,37.58062],[127.05488,37.58064],[127.05486,37.58067],[127.05484,37.58069],[127.05452,37.58106]]]}},{"type":"Feature","properties":{"id":1483370606},"geometry":{"type":"Polygon","coordinates":[[[126.70796,37.59323],[126.70791,37.59265],[126.70796,37.59251],[126.70788,37.59197],[126.70797,37.59188],[126.70967,37.59209],[126.70962,37.59249],[126.70956,37.59293],[126.7089,37.59324],[126.70796,37.59323]]]}},{"type":"Feature","properties":{"id":1483922452},"geometry":{"type":"Polygon","coordinates":[[[127.11425,37.52775],[127.11438,37.52789],[127.11477,37.52813],[127.11467,37.52861],[127.11422,37.52825],[127.11402,37.52801],[127.11407,37.52781],[127.11425,37.52775]]]}},{"type":"Feature","properties":{"id":1492272145},"geometry":{"type":"Polygon","coordinates":[[[127.04825,37.63121],[127.04844,37.63066],[127.04826,37.63053],[127.04814,37.63053],[127.04805,37.63049],[127.04801,37.63045],[127.04784,37.63043],[127.04789,37.63028],[127.04798,37.63017],[127.04822,37.63017],[127.04893,37.63075],[127.04907,37.6309],[127.04933,37.63067],[127.04944,37.63046],[127.0495,37.63037],[127.0497,37.63047],[127.04954,37.631],[127.04948,37.63122],[127.04947,37.63131],[127.04825,37.63121]]]}},{"type":"Feature","properties":{"id":1492272146},"geometry":{"type":"Polygon","coordinates":[[[127.04717,37.62872],[127.04762,37.62887],[127.04789,37.62879],[127.04823,37.62878],[127.04831,37.62886],[127.04823,37.62896],[127.04808,37.62898],[127.0479,37.62916],[127.04774,37.62937],[127.04755,37.62955],[127.04724,37.62964],[127.04707,37.62985],[127.04691,37.63],[127.04672,37.63007],[127.04656,37.6301],[127.04637,37.63018],[127.04625,37.6302],[127.04612,37.63015],[127.04607,37.63006],[127.04622,37.63001],[127.04634,37.62997],[127.04635,37.62992],[127.04641,37.62982],[127.04651,37.62988],[127.04665,37.6299],[127.04683,37.62985],[127.04686,37.62979],[127.04688,37.62971],[127.04673,37.62971],[127.04692,37.62937],[127.04683,37.62922],[127.04717,37.62872]]]}},{"type":"Feature","properties":{"id":1492576676},"geometry":{"type":"Polygon","coordinates":[[[126.94055,37.55827],[126.94041,37.55823],[126.94023,37.55811],[126.94017,37.55807],[126.94005,37.55799],[126.93967,37.55773],[126.93971,37.55763],[126.94007,37.55771],[126.94015,37.55772],[126.94022,37.55756],[126.94063,37.55766],[126.94069,37.55751],[126.94091,37.55752],[126.94088,37.55768],[126.94104,37.55771],[126.94101,37.55811],[126.94097,37.55811],[126.94096,37.55821],[126.94078,37.55819],[126.94076,37.55821],[126.9406,37.55818],[126.94055,37.55827]]]}},{"type":"Feature","properties":{"id":1492706635},"geometry":{"type":"Polygon","coordinates":[[[127.04421,37.63393],[127.04434,37.63399],[127.04437,37.63406],[127.04452,37.63412],[127.04455,37.63423],[127.04457,37.6344],[127.04466,37.63468],[127.04472,37.63484],[127.04489,37.63499],[127.04505,37.6351],[127.04522,37.63518],[127.04533,37.63522],[127.04548,37.6351],[127.04551,37.635],[127.04539,37.63492],[127.04529,37.63478],[127.04528,37.63467],[127.04521,37.63455],[127.04513,37.63444],[127.04507,37.63441],[127.04498,37.63433],[127.04488,37.63414],[127.0449,37.63396],[127.04485,37.63382],[127.04475,37.63363],[127.04468,37.63358],[127.04449,37.63354],[127.04421,37.63393]]]}},{"type":"Feature","properties":{"id":1493087409},"geometry":{"type":"Polygon","coordinates":[[[126.95996,37.57622],[126.95969,37.57614],[126.95963,37.57638],[126.9593,37.57642],[126.95935,37.57653],[126.95994,37.57707],[126.96003,37.57706],[126.95996,37.57622]]]}},{"type":"Feature","properties":{"id":1493087410},"geometry":{"type":"Polygon","coordinates":[[[126.96008,37.57744],[126.96083,37.57758],[126.96091,37.57741],[126.96034,37.5769],[126.96011,37.57684],[126.96012,37.57727],[126.96013,37.57735],[126.96008,37.57744]]]}},{"type":"Feature","properties":{"id":1493552825},"geometry":{"type":"Polygon","coordinates":[[[127.05975,37.62881],[127.05977,37.62875],[127.05995,37.62845],[127.0602,37.62773],[127.06024,37.62773],[127.06023,37.6278],[127.06022,37.62813],[127.06028,37.62845],[127.06039,37.62881],[127.05975,37.62881]]]}},{"type":"Feature","properties":{"id":1497361618},"geometry":{"type":"Polygon","coordinates":[[[126.74794,37.65047],[126.74758,37.65065],[126.74745,37.65073],[126.74733,37.65085],[126.74715,37.65095],[126.74712,37.65105],[126.74718,37.65115],[126.74745,37.6514],[126.74768,37.65157],[126.74831,37.65183],[126.74869,37.65202],[126.74897,37.6522],[126.74945,37.65266],[126.74972,37.65292],[126.74983,37.65298],[126.74995,37.65296],[126.75013,37.65285],[126.75005,37.65279],[126.74929,37.65217],[126.74861,37.65163],[126.74831,37.65129],[126.74815,37.65095],[126.74794,37.65047]]]}},{"type":"Feature","properties":{"id":1497665861},"geometry":{"type":"Polygon","coordinates":[[[127.06263,37.63913],[127.0789,37.63929],[127.07861,37.62903],[127.06115,37.62927],[127.06263,37.63913]]]}}]}