{"type":"FeatureCollection","features":[{"type":"Feature","properties":{"id":"A10024801","name":"황학코아루","district":"중구","neighborhood":"황학동","avgPrice":7.3500000000000005,"households":4499,"buildingCount":6,"rank":1},"geometry":{"type":"Point","coordinates":[127.022278,37.567001]}},{"type":"Feature","properties":{"id":"A10028201","name":"인현신성","district":"중구","neighborhood":"인현동2가","avgPrice":7.15,"households":4497,"buildingCount":1,"rank":2},"geometry":{"type":"Point","coordinates":[127.019674,37.572819]}},{"type":"Feature","properties":{"id":"A10022027","name":"효성올림픽카운티","district":"송파구","neighborhood":"방이동","avgPrice":5.4825,"households":4497,"buildingCount":1,"rank":3},"geometry":{"type":"Point","coordinates":[127.114207,37.515119]}},{"type":"Feature","properties":{"id":"A13880105","name":"가락2차쌍용아파트","district":"송파구","neighborhood":"가락동","avgPrice":23.7,"households":4493,"buildingCount":5,"rank":4},"geometry":{"type":"Point","coordinates":[127.122247,37.501576]}},{"type":"Feature","properties":{"id":"A15080507","name":"당산현대5차","district":"영등포구","neighborhood":"당산동4가","avgPrice":16.55142857142857,"households":4493,"buildingCount":5,"rank":5},"geometry":{"type":"Point","coordinates":[126.899947,37.530019]}},{"type":"Feature","properties":{"id":"A13286203","name":"쌍문경남","district":"도봉구","neighborhood":"쌍문동","avgPrice":2.675,"households":4492,"buildingCount":4,"rank":6},"geometry":{"type":"Point","coordinates":[127.03568,37.654932]}},{"type":"Feature","properties":{"id":"A15080501","name":"한강아파트","district":"영등포구","neighborhood":"당산동4가","avgPrice":13.04375,"households":4487,"buildingCount":2,"rank":7},"geometry":{"type":"Point","coordinates":[126.902763,37.527951]}},{"type":"Feature","properties":{"id":"A12282102","name":"브라운스톤구산","district":"은평구","neighborhood":"구산동","avgPrice":7.2,"households":4485,"buildingCount":6,"rank":8},"geometry":{"type":"Point","coordinates":[126.909009,37.611695]}},{"type":"Feature","properties":{"id":"A10026759","name":"용산푸르지오써밋","district":"용산구","neighborhood":"한강로2가","avgPrice":35,"households":4483,"buildingCount":1,"rank":9},"geometry":{"type":"Point","coordinates":[126.964899,37.527052]}},{"type":"Feature","properties":{"id":"A12070101","name":"돈의문센트레빌","district":"서대문구","neighborhood":"냉천동","avgPrice":16.446666666666665,"households":4479,"buildingCount":9,"rank":10},"geometry":{"type":"Point","coordinates":[126.961568,37.566245]}},{"type":"Feature","properties":{"id":"A10021967","name":"당산계룡리슈빌2단지","district":"영등포구","neighborhood":"당산동3가","avgPrice":7.66375,"households":4479,"buildingCount":2,"rank":11},"geometry":{"type":"Point","coordinates":[126.89899,37.524189]}},{"type":"Feature","properties":{"id":"A10021966","name":"당산계룡리슈빌1단지","district":"영등포구","neighborhood":"당산동3가","avgPrice":6.488888888888889,"households":4478,"buildingCount":3,"rank":12},"geometry":{"type":"Point","coordinates":[126.899329,37.525214]}},{"type":"Feature","properties":{"id":"A10021965","name":"고은맨숀아파트","district":"서대문구","neighborhood":"홍제동","avgPrice":8.049999999999999,"households":4477,"buildingCount":4,"rank":13},"geometry":{"type":"Point","coordinates":[126.945042,37.585612]}},{"type":"Feature","properties":{"id":"A10020576","name":"은평 디에트르 더 퍼스트 ","district":"은평구","neighborhood":"진관동","avgPrice":17.1,"households":4474,"buildingCount":0,"rank":14},"geometry":{"type":"Point","coordinates":[126.914248,37.64278]}},{"type":"Feature","properties":{"id":"A10021962","name":"당산계룡리슈빌3단지","district":"영등포구","neighborhood":"당산동3가","avgPrice":8.553333333333333,"households":4474,"buildingCount":2,"rank":15},"geometry":{"type":"Point","coordinates":[126.899108,37.524589]}},{"type":"Feature","properties":{"id":"A10020570","name":"휘경자이디센시아","district":"동대문구","neighborhood":"휘경동","avgPrice":6.35,"households":4468,"buildingCount":3,"rank":16},"geometry":{"type":"Point","coordinates":[127.03953,37.564249]}},{"type":"Feature","properties":{"id":"A10022019","name":"화곡더리브스카이","district":"강서구","neighborhood":"화곡동","avgPrice":4.92,"households":4468,"buildingCount":0,"rank":17},"geometry":{"type":"Point","coordinates":[126.870496,37.56809]}},{"type":"Feature","properties":{"id":"A15384603","name":"남서울건영2차","district":"금천구","neighborhood":"시흥동","avgPrice":3.50125,"households":4467,"buildingCount":5,"rank":18},"geometry":{"type":"Point","coordinates":[126.917277,37.44766]}},{"type":"Feature","properties":{"id":"A15703318","name":"등촌주공11단지","district":"강서구","neighborhood":"등촌동","avgPrice":10.1,"households":4465,"buildingCount":7,"rank":19},"geometry":{"type":"Point","coordinates":[126.849063,37.559219]}},{"type":"Feature","properties":{"id":"A15209207","name":"개봉동현대아파트","district":"구로구","neighborhood":"개봉동","avgPrice":14.649999999999999,"households":4463,"buildingCount":16,"rank":20},"geometry":{"type":"Point","coordinates":[126.858542,37.492017]}},{"type":"Feature","properties":{"id":"A12275801","name":"증산로13길44-5","district":"은평구","neighborhood":"증산동","avgPrice":10.4,"households":4463,"buildingCount":0,"rank":21},"geometry":{"type":"Point","coordinates":[126.918138,37.585915]}},{"type":"Feature","properties":{"id":"A15209206","name":"개봉현대홈타운2단지","district":"구로구","neighborhood":"개봉동","avgPrice":8.513595505617978,"households":4462,"buildingCount":0,"rank":22},"geometry":{"type":"Point","coordinates":[126.888238,37.47633]}},{"type":"Feature","properties":{"id":"A15209205","name":"삼환아파트","district":"구로구","neighborhood":"개봉동","avgPrice":6.706111111111111,"households":4461,"buildingCount":2,"rank":23},"geometry":{"type":"Point","coordinates":[126.858061,37.497057]}},{"type":"Feature","properties":{"id":"A13186401","name":"동부아파트","district":"중랑구","neighborhood":"상봉동","avgPrice":6.01,"households":4461,"buildingCount":2,"rank":24},"geometry":{"type":"Point","coordinates":[127.094182,37.601685]}},{"type":"Feature","properties":{"id":"A15703313","name":"등촌주공1단지","district":"강서구","neighborhood":"등촌동","avgPrice":16.35,"households":4460,"buildingCount":8,"rank":25},"geometry":{"type":"Point","coordinates":[126.842414,37.565292]}},{"type":"Feature","properties":{"id":"A15209203","name":"개봉두산","district":"구로구","neighborhood":"개봉동","avgPrice":5.889743589743589,"households":4459,"buildingCount":3,"rank":26},"geometry":{"type":"Point","coordinates":[126.852931,37.495145]}},{"type":"Feature","properties":{"id":"A15209202","name":"개봉삼호아파트","district":"구로구","neighborhood":"개봉동","avgPrice":6.470000000000001,"households":4458,"buildingCount":2,"rank":27},"geometry":{"type":"Point","coordinates":[126.857142,37.494376]}},{"type":"Feature","properties":{"id":"A15209201","name":"개봉상우","district":"구로구","neighborhood":"개봉동","avgPrice":7.3500000000000005,"households":4457,"buildingCount":2,"rank":28},"geometry":{"type":"Point","coordinates":[126.861321,37.493647]}},{"type":"Feature","properties":{"id":"A10026748","name":"옥수파크힐스아파트","district":"성동구","neighborhood":"옥수동","avgPrice":19.55,"households":4451,"buildingCount":8,"rank":29},"geometry":{"type":"Point","coordinates":[127.012863,37.547321]}},{"type":"Feature","properties":{"id":"A13201003","name":"도봉중흥S클래스","district":"도봉구","neighborhood":"창동","avgPrice":14.25,"households":4447,"buildingCount":1,"rank":30},"geometry":{"type":"Point","coordinates":[127.039034,37.648016]}},{"type":"Feature","properties":{"id":"A13201002","name":"서울도봉","district":"도봉구","neighborhood":"도봉동","avgPrice":12.2,"households":4446,"buildingCount":0,"rank":31},"geometry":{"type":"Point","coordinates":[127.045448,37.682274]}},{"type":"Feature","properties":{"id":"A13201001","name":"도봉서광","district":"도봉구","neighborhood":"도봉동","avgPrice":4.5,"households":4445,"buildingCount":2,"rank":32},"geometry":{"type":"Point","coordinates":[127.049856,37.678295]}},{"type":"Feature","properties":{"id":"A10020567","name":"삼성빌라","district":"강동구","neighborhood":"상일동","avgPrice":6.45,"households":4444,"buildingCount":0,"rank":33},"geometry":{"type":"Point","coordinates":[127.158635,37.547223]}},{"type":"Feature","properties":{"id":"A15783703","name":"등촌대림e편한세상","district":"강서구","neighborhood":"등촌동","avgPrice":10.5455,"households":4441,"buildingCount":0,"rank":34},"geometry":{"type":"Point","coordinates":[126.831404,37.548335]}},{"type":"Feature","properties":{"id":"A15882107","name":"목동금호1차","district":"양천구","neighborhood":"목동","avgPrice":16.5,"households":4439,"buildingCount":2,"rank":35},"geometry":{"type":"Point","coordinates":[126.874725,37.525249]}},{"type":"Feature","properties":{"id":"A10020562","name":"서대문 센트럴아이파크","district":"서대문구","neighborhood":"홍은동","avgPrice":7.65,"households":4439,"buildingCount":0,"rank":36},"geometry":{"type":"Point","coordinates":[126.955186,37.59017]}},{"type":"Feature","properties":{"id":"A15783701","name":"등촌임광","district":"강서구","neighborhood":"등촌동","avgPrice":7.4,"households":4439,"buildingCount":1,"rank":37},"geometry":{"type":"Point","coordinates":[126.863073,37.54127]}},{"type":"Feature","properties":{"id":"A15882104","name":"목동진도아파트","district":"양천구","neighborhood":"목동","avgPrice":5.550000000000001,"households":4436,"buildingCount":0,"rank":38},"geometry":{"type":"Point","coordinates":[126.868901,37.524925]}},{"type":"Feature","properties":{"id":"A15703309","name":"등촌주공5단지","district":"강서구","neighborhood":"등촌동","avgPrice":8.951333333333334,"households":4435,"buildingCount":4,"rank":39},"geometry":{"type":"Point","coordinates":[126.845332,37.56098]}},{"type":"Feature","properties":{"id":"A15882103","name":"목동진도2차","district":"양천구","neighborhood":"목동","avgPrice":8.8,"households":4435,"buildingCount":3,"rank":40},"geometry":{"type":"Point","coordinates":[126.873828,37.526114]}},{"type":"Feature","properties":{"id":"A15703308","name":"등촌3단지주공아파트","district":"강서구","neighborhood":"등촌동","avgPrice":10.65,"households":4434,"buildingCount":8,"rank":41},"geometry":{"type":"Point","coordinates":[126.841084,37.561819]}},{"type":"Feature","properties":{"id":"A15703307","name":"등촌대림아파트","district":"강서구","neighborhood":"등촌동","avgPrice":15.4,"households":4433,"buildingCount":6,"rank":42},"geometry":{"type":"Point","coordinates":[126.846564,37.562347]}},{"type":"Feature","properties":{"id":"A15703306","name":"등촌주공10단지","district":"강서구","neighborhood":"등촌동","avgPrice":8.34,"households":4432,"buildingCount":6,"rank":43},"geometry":{"type":"Point","coordinates":[126.848645,37.561932]}},{"type":"Feature","properties":{"id":"A15703304","name":"등촌주공2단지","district":"강서구","neighborhood":"등촌동","avgPrice":13.95,"households":4430,"buildingCount":6,"rank":44},"geometry":{"type":"Point","coordinates":[126.841983,37.564415]}},{"type":"Feature","properties":{"id":"A10022001","name":"희훈리치파크아파트","district":"강동구","neighborhood":"길동","avgPrice":13.450000000000001,"households":4429,"buildingCount":2,"rank":45},"geometry":{"type":"Point","coordinates":[127.139884,37.539468]}},{"type":"Feature","properties":{"id":"A15703303","name":"등촌미주진로","district":"강서구","neighborhood":"등촌동","avgPrice":11.2,"households":4429,"buildingCount":7,"rank":46},"geometry":{"type":"Point","coordinates":[126.847448,37.560107]}},{"type":"Feature","properties":{"id":"A15703302","name":"등촌동성","district":"강서구","neighborhood":"등촌동","avgPrice":12.333333333333334,"households":4428,"buildingCount":6,"rank":47},"geometry":{"type":"Point","coordinates":[126.845841,37.563812]}},{"type":"Feature","properties":{"id":"A10022000","name":"강동상떼빌 ","district":"강동구","neighborhood":"천호동","avgPrice":10.491428571428571,"households":4428,"buildingCount":2,"rank":48},"geometry":{"type":"Point","coordinates":[127.130039,37.537158]}},{"type":"Feature","properties":{"id":"A15703301","name":"등촌8단지주공아파트","district":"강서구","neighborhood":"등촌동","avgPrice":6.949999999999999,"households":4427,"buildingCount":1,"rank":49},"geometry":{"type":"Point","coordinates":[126.851481,37.56157]}},{"type":"Feature","properties":{"id":"A15722011","name":"방화길훈","district":"강서구","neighborhood":"방화동","avgPrice":12.55,"households":4426,"buildingCount":0,"rank":50},"geometry":{"type":"Point","coordinates":[126.871772,37.54613]}},{"type":"Feature","properties":{"id":"A15722010","name":"마곡엠밸리5단지","district":"강서구","neighborhood":"마곡동","avgPrice":16.3,"households":4425,"buildingCount":6,"rank":51},"geometry":{"type":"Point","coordinates":[126.817882,37.565911]}},{"type":"Feature","properties":{"id":"A10026734","name":"송파레미니스아파트","district":"송파구","neighborhood":"오금동","avgPrice":19.4,"households":4416,"buildingCount":5,"rank":52},"geometry":{"type":"Point","coordinates":[127.135393,37.507642]}},{"type":"Feature","properties":{"id":"A10020559","name":"낙성대현대아파트","district":"관악구","neighborhood":"봉천동","avgPrice":8.32,"households":4415,"buildingCount":5,"rank":53},"geometry":{"type":"Point","coordinates":[126.96559,37.472584]}},{"type":"Feature","properties":{"id":"A10020557","name":"메이플자이","district":"서초구","neighborhood":"잠원동","avgPrice":19.75,"households":4413,"buildingCount":1,"rank":54},"geometry":{"type":"Point","coordinates":[127.009826,37.512416]}},{"type":"Feature","properties":{"id":"A10025345","name":"목동현대파크빌","district":"양천구","neighborhood":"목동","avgPrice":10.4,"households":4413,"buildingCount":4,"rank":55},"geometry":{"type":"Point","coordinates":[126.880393,37.535538]}},{"type":"Feature","properties":{"id":"A13984604","name":"월계동신","district":"노원구","neighborhood":"월계동","avgPrice":8.629722222222222,"households":4412,"buildingCount":3,"rank":56},"geometry":{"type":"Point","coordinates":[127.060913,37.616688]}},{"type":"Feature","properties":{"id":"A10020555","name":" 리버센 SK VIEW 롯데캐슬 아파트","district":"중랑구","neighborhood":"중화동","avgPrice":13.149999999999999,"households":4411,"buildingCount":1,"rank":57},"geometry":{"type":"Point","coordinates":[127.091687,37.598384]}},{"type":"Feature","properties":{"id":"A13984603","name":"월계삼창","district":"노원구","neighborhood":"월계동","avgPrice":6.226666666666667,"households":4411,"buildingCount":3,"rank":58},"geometry":{"type":"Point","coordinates":[127.060205,37.618046]}},{"type":"Feature","properties":{"id":"A15088614","name":"롯데캐슬엠파이어","district":"영등포구","neighborhood":"여의도동","avgPrice":27.225,"households":4410,"buildingCount":3,"rank":59},"geometry":{"type":"Point","coordinates":[126.926377,37.520238]}},{"type":"Feature","properties":{"id":"A15683901","name":"상도쌍용","district":"동작구","neighborhood":"상도동","avgPrice":8.6,"households":4410,"buildingCount":4,"rank":60},"geometry":{"type":"Point","coordinates":[126.931265,37.501977]}},{"type":"Feature","properties":{"id":"A10020550","name":"크라운빌","district":"구로구","neighborhood":"신도림동","avgPrice":6.65,"households":4406,"buildingCount":6,"rank":61},"geometry":{"type":"Point","coordinates":[126.884955,37.508091]}},{"type":"Feature","properties":{"id":"A15009607","name":"문래현대2차","district":"영등포구","neighborhood":"문래동6가","avgPrice":8.302142857142858,"households":4405,"buildingCount":3,"rank":62},"geometry":{"type":"Point","coordinates":[126.882769,37.520228]}},{"type":"Feature","properties":{"id":"A15009606","name":"문래베어스타운","district":"영등포구","neighborhood":"문래동6가","avgPrice":10.416666666666666,"households":4404,"buildingCount":2,"rank":63},"geometry":{"type":"Point","coordinates":[126.885197,37.51913]}},{"type":"Feature","properties":{"id":"A15722009","name":"마곡엠밸리1단지","district":"강서구","neighborhood":"마곡동","avgPrice":14.292000000000002,"households":4403,"buildingCount":4,"rank":64},"geometry":{"type":"Point","coordinates":[126.818674,37.568259]}},{"type":"Feature","properties":{"id":"A15009605","name":"문래현대6차아파트","district":"영등포구","neighborhood":"문래동6가","avgPrice":8.11,"households":4403,"buildingCount":2,"rank":65},"geometry":{"type":"Point","coordinates":[126.884341,37.518332]}},{"type":"Feature","properties":{"id":"A12079601","name":"독립문극동임대","district":"서대문구","neighborhood":"현저동","avgPrice":5.8999999999999995,"households":4403,"buildingCount":3,"rank":66},"geometry":{"type":"Point","coordinates":[126.957103,37.571823]}},{"type":"Feature","properties":{"id":"A15009604","name":"문래현대1차","district":"영등포구","neighborhood":"문래동6가","avgPrice":9.345454545454546,"households":4402,"buildingCount":2,"rank":67},"geometry":{"type":"Point","coordinates":[126.884398,37.52102]}},{"type":"Feature","properties":{"id":"A15722008","name":"홍익","district":"강서구","neighborhood":"방화동","avgPrice":7.55,"households":4402,"buildingCount":0,"rank":68},"geometry":{"type":"Point","coordinates":[126.808292,37.57335]}},{"type":"Feature","properties":{"id":"A15009603","name":"문래대원","district":"영등포구","neighborhood":"문래동6가","avgPrice":8.620000000000001,"households":4401,"buildingCount":4,"rank":69},"geometry":{"type":"Point","coordinates":[126.883004,37.518734]}},{"type":"Feature","properties":{"id":"A11001203","name":"평창삼성","district":"종로구","neighborhood":"평창동","avgPrice":8.25,"households":4401,"buildingCount":2,"rank":70},"geometry":{"type":"Point","coordinates":[126.951732,37.583347]}},{"type":"Feature","properties":{"id":"A15722007","name":"방화삼성꽃마을","district":"강서구","neighborhood":"방화동","avgPrice":5.88,"households":4401,"buildingCount":0,"rank":71},"geometry":{"type":"Point","coordinates":[126.876296,37.547435]}},{"type":"Feature","properties":{"id":"A13584101","name":"대치포스코더샵","district":"강남구","neighborhood":"대치동","avgPrice":39,"households":4400,"buildingCount":4,"rank":72},"geometry":{"type":"Point","coordinates":[127.057122,37.503938]}},{"type":"Feature","properties":{"id":"A15009602","name":"문래한신","district":"영등포구","neighborhood":"문래동6가","avgPrice":7.2,"households":4400,"buildingCount":2,"rank":73},"geometry":{"type":"Point","coordinates":[126.883963,37.519324]}},{"type":"Feature","properties":{"id":"A12174601","name":"메세나폴리스","district":"마포구","neighborhood":"서교동","avgPrice":26.68,"households":4399,"buildingCount":4,"rank":74},"geometry":{"type":"Point","coordinates":[126.914171,37.551129]}},{"type":"Feature","properties":{"id":"A15603502","name":"래미안상도2차","district":"동작구","neighborhood":"상도동","avgPrice":10.55,"households":4399,"buildingCount":5,"rank":75},"geometry":{"type":"Point","coordinates":[126.957927,37.498075]}},{"type":"Feature","properties":{"id":"A15009601","name":"문래미원아파트","district":"영등포구","neighborhood":"문래동6가","avgPrice":8.69,"households":4399,"buildingCount":3,"rank":76},"geometry":{"type":"Point","coordinates":[126.886543,37.520129]}},{"type":"Feature","properties":{"id":"A15722005","name":"마곡 한진해모로","district":"강서구","neighborhood":"방화동","avgPrice":7.866428571428571,"households":4399,"buildingCount":0,"rank":77},"geometry":{"type":"Point","coordinates":[126.827054,37.558415]}},{"type":"Feature","properties":{"id":"A15722004","name":"마곡푸르지오","district":"강서구","neighborhood":"방화동","avgPrice":10.5,"households":4398,"buildingCount":10,"rank":78},"geometry":{"type":"Point","coordinates":[126.821515,37.569948]}},{"type":"Feature","properties":{"id":"A15722003","name":"마곡신안네트빌(1단지)","district":"강서구","neighborhood":"방화동","avgPrice":9,"households":4397,"buildingCount":3,"rank":79},"geometry":{"type":"Point","coordinates":[126.844538,37.559599]}},{"type":"Feature","properties":{"id":"A13372102","name":"성수쌍용","district":"성동구","neighborhood":"성수동1가","avgPrice":18.67,"households":4396,"buildingCount":10,"rank":80},"geometry":{"type":"Point","coordinates":[127.047005,37.549634]}},{"type":"Feature","properties":{"id":"A13372101","name":"성수2차대우","district":"성동구","neighborhood":"성수동1가","avgPrice":23.75,"households":4395,"buildingCount":6,"rank":81},"geometry":{"type":"Point","coordinates":[127.050345,37.548363]}},{"type":"Feature","properties":{"id":"A15108003","name":"남현우림루미아트","district":"관악구","neighborhood":"남현동","avgPrice":9.475,"households":4395,"buildingCount":7,"rank":82},"geometry":{"type":"Point","coordinates":[126.975376,37.472746]}},{"type":"Feature","properties":{"id":"A15722001","name":"마곡삼성","district":"강서구","neighborhood":"방화동","avgPrice":8.1,"households":4395,"buildingCount":3,"rank":83},"geometry":{"type":"Point","coordinates":[126.822519,37.571658]}},{"type":"Feature","properties":{"id":"A10023899","name":"범양프레체","district":"중랑구","neighborhood":"중화동","avgPrice":1.23,"households":4395,"buildingCount":2,"rank":84},"geometry":{"type":"Point","coordinates":[127.075609,37.594502]}},{"type":"Feature","properties":{"id":"A10023898","name":"이수스위첸포레힐즈아파트","district":"동작구","neighborhood":"동작동","avgPrice":12.25,"households":4394,"buildingCount":0,"rank":85},"geometry":{"type":"Point","coordinates":[126.982004,37.49733]}},{"type":"Feature","properties":{"id":"A10023897","name":"위례중앙푸르지오아파트","district":"송파구","neighborhood":"장지동","avgPrice":21.55,"households":4393,"buildingCount":0,"rank":86},"geometry":{"type":"Point","coordinates":[127.10097,37.51702]}},{"type":"Feature","properties":{"id":"A15108001","name":"남현동한일유앤아이","district":"관악구","neighborhood":"남현동","avgPrice":9.350000000000001,"households":4393,"buildingCount":4,"rank":87},"geometry":{"type":"Point","coordinates":[126.973697,37.471682]}},{"type":"Feature","properties":{"id":"A10027297","name":"신내대성유니드아파트","district":"중랑구","neighborhood":"신내동","avgPrice":8.2,"households":4391,"buildingCount":3,"rank":88},"geometry":{"type":"Point","coordinates":[127.080437,37.62173]}},{"type":"Feature","properties":{"id":"A10026729","name":"천왕연지마을1단지 아파트","district":"구로구","neighborhood":"천왕동","avgPrice":9.8,"households":4390,"buildingCount":0,"rank":89},"geometry":{"type":"Point","coordinates":[126.902564,37.506165]}},{"type":"Feature","properties":{"id":"A10023891","name":"청계푸르지오시티","district":"동대문구","neighborhood":"답십리동","avgPrice":1.9975,"households":4387,"buildingCount":2,"rank":90},"geometry":{"type":"Point","coordinates":[127.050595,37.569241]}},{"type":"Feature","properties":{"id":"A10021935","name":"염창삼성한아름아파트","district":"강서구","neighborhood":"염창동","avgPrice":8.59625,"households":4384,"buildingCount":0,"rank":91},"geometry":{"type":"Point","coordinates":[126.85646,37.567775]}},{"type":"Feature","properties":{"id":"A10021933","name":"고척신원프라자 ","district":"구로구","neighborhood":"고척동","avgPrice":5.2,"households":4382,"buildingCount":0,"rank":92},"geometry":{"type":"Point","coordinates":[126.905348,37.50198]}},{"type":"Feature","properties":{"id":"A10026720","name":"래미안 프리미어 팰리스","district":"광진구","neighborhood":"자양동","avgPrice":6.7,"households":4381,"buildingCount":3,"rank":93},"geometry":{"type":"Point","coordinates":[127.081691,37.537555]}},{"type":"Feature","properties":{"id":"A10020541","name":"리마크빌 당산","district":"영등포구","neighborhood":"당산동3가","avgPrice":13.2,"households":4376,"buildingCount":0,"rank":94},"geometry":{"type":"Point","coordinates":[126.92172,37.51767]}},{"type":"Feature","properties":{"id":"A15681110","name":"대방대림","district":"동작구","neighborhood":"대방동","avgPrice":11.8,"households":4370,"buildingCount":1,"rank":95},"geometry":{"type":"Point","coordinates":[126.93108,37.512518]}},{"type":"Feature","properties":{"id":"A12078201","name":"인왕산현대","district":"서대문구","neighborhood":"홍제동","avgPrice":9.964137931034482,"households":4368,"buildingCount":9,"rank":96},"geometry":{"type":"Point","coordinates":[126.950746,37.585375]}},{"type":"Feature","properties":{"id":"A10023887","name":"송파 시그니처 롯데캐슬아파트","district":"송파구","neighborhood":"거여동","avgPrice":23.25,"households":4362,"buildingCount":0,"rank":97},"geometry":{"type":"Point","coordinates":[127.13287,37.532545]}},{"type":"Feature","properties":{"id":"A10027289","name":"센트라스","district":"성동구","neighborhood":"하왕십리동","avgPrice":19.22041666666667,"households":4362,"buildingCount":11,"rank":98},"geometry":{"type":"Point","coordinates":[127.02891,37.566333]}},{"type":"Feature","properties":{"id":"A10023886","name":"호반써밋목동아파트","district":"양천구","neighborhood":"신정동","avgPrice":14.049999999999999,"households":4361,"buildingCount":8,"rank":99},"geometry":{"type":"Point","coordinates":[126.852838,37.516696]}},{"type":"Feature","properties":{"id":"A10026719","name":"아스테리움용산","district":"용산구","neighborhood":"한강로2가","avgPrice":63,"households":4359,"buildingCount":0,"rank":100},"geometry":{"type":"Point","coordinates":[126.98093,37.542365]}},{"type":"Feature","properties":{"id":"A10021929","name":"수유벽산201아파트","district":"강북구","neighborhood":"수유동","avgPrice":10.649999999999999,"households":4357,"buildingCount":0,"rank":101},"geometry":{"type":"Point","coordinates":[127.050582,37.63492]}},{"type":"Feature","properties":{"id":"A10026717","name":"마천동신동아아파트","district":"송파구","neighborhood":"마천동","avgPrice":7.16625,"households":4357,"buildingCount":2,"rank":102},"geometry":{"type":"Point","coordinates":[127.144568,37.500308]}},{"type":"Feature","properties":{"id":"A10026714","name":"도봉중흥S클래스","district":"도봉구","neighborhood":"도봉동","avgPrice":14.25,"households":4354,"buildingCount":5,"rank":103},"geometry":{"type":"Point","coordinates":[127.047064,37.685087]}},{"type":"Feature","properties":{"id":"A10026710","name":"프라비다2","district":"관악구","neighborhood":"봉천동","avgPrice":1.7249999999999999,"households":4350,"buildingCount":6,"rank":104},"geometry":{"type":"Point","coordinates":[126.950639,37.479735]}},{"type":"Feature","properties":{"id":"A10020535","name":"서초쌍용플래티넘","district":"서초구","neighborhood":"서초동","avgPrice":8.875,"households":4349,"buildingCount":2,"rank":105},"geometry":{"type":"Point","coordinates":[127.018118,37.484281]}},{"type":"Feature","properties":{"id":"A15681108","name":"대방주공2단지","district":"동작구","neighborhood":"대방동","avgPrice":12.978571428571428,"households":4347,"buildingCount":10,"rank":106},"geometry":{"type":"Point","coordinates":[126.929783,37.5098]}},{"type":"Feature","properties":{"id":"A15681106","name":"대방현대1차","district":"동작구","neighborhood":"대방동","avgPrice":16.55,"households":4345,"buildingCount":5,"rank":107},"geometry":{"type":"Point","coordinates":[126.930646,37.512768]}},{"type":"Feature","properties":{"id":"A15681105","name":"대방성원","district":"동작구","neighborhood":"대방동","avgPrice":14.045,"households":4344,"buildingCount":2,"rank":108},"geometry":{"type":"Point","coordinates":[126.925895,37.50932]}},{"type":"Feature","properties":{"id":"A15681104","name":"대방2차현대","district":"동작구","neighborhood":"대방동","avgPrice":8.65,"households":4343,"buildingCount":2,"rank":109},"geometry":{"type":"Point","coordinates":[126.930561,37.510945]}},{"type":"Feature","properties":{"id":"A15279101","name":"온수힐스테이트","district":"구로구","neighborhood":"온수동","avgPrice":7.862727272727273,"households":4343,"buildingCount":9,"rank":110},"geometry":{"type":"Point","coordinates":[126.821605,37.49617]}},{"type":"Feature","properties":{"id":"A15681103","name":"대방우정","district":"동작구","neighborhood":"대방동","avgPrice":9.666666666666666,"households":4342,"buildingCount":0,"rank":111},"geometry":{"type":"Point","coordinates":[126.950842,37.518385]}},{"type":"Feature","properties":{"id":"A14083101","name":"브라운스톤용산","district":"용산구","neighborhood":"용문동","avgPrice":18.53333333333333,"households":4335,"buildingCount":3,"rank":112},"geometry":{"type":"Point","coordinates":[126.959149,37.536286]}},{"type":"Feature","properties":{"id":"A13611103","name":"래미안길음1차","district":"성북구","neighborhood":"길음동","avgPrice":11.447368421052632,"households":4333,"buildingCount":10,"rank":113},"geometry":{"type":"Point","coordinates":[127.020633,37.605135]}},{"type":"Feature","properties":{"id":"A13611102","name":"길음뉴타운3단지임대","district":"성북구","neighborhood":"길음동","avgPrice":15.35,"households":4332,"buildingCount":0,"rank":114},"geometry":{"type":"Point","coordinates":[126.9877,37.60866]}},{"type":"Feature","properties":{"id":"A12205004","name":"갈현현대아파트","district":"은평구","neighborhood":"구산동","avgPrice":5.3425,"households":4331,"buildingCount":3,"rank":115},"geometry":{"type":"Point","coordinates":[126.905586,37.612937]}},{"type":"Feature","properties":{"id":"A12205003","name":"갈현1단지e-편한세상아파트","district":"은평구","neighborhood":"구산동","avgPrice":7.028571428571429,"households":4330,"buildingCount":2,"rank":116},"geometry":{"type":"Point","coordinates":[126.906167,37.611679]}},{"type":"Feature","properties":{"id":"A10023875","name":"DMC센트럴자이","district":"은평구","neighborhood":"증산동","avgPrice":15.035833333333333,"households":4329,"buildingCount":4,"rank":117},"geometry":{"type":"Point","coordinates":[126.903548,37.580116]}},{"type":"Feature","properties":{"id":"A12205001","name":"미미아파트","district":"은평구","neighborhood":"갈현동","avgPrice":5.483333333333333,"households":4328,"buildingCount":2,"rank":118},"geometry":{"type":"Point","coordinates":[126.913493,37.618956]}},{"type":"Feature","properties":{"id":"A12013101","name":"디엠씨현대","district":"서대문구","neighborhood":"북가좌동","avgPrice":11.65,"households":4326,"buildingCount":4,"rank":119},"geometry":{"type":"Point","coordinates":[126.907932,37.576495]}},{"type":"Feature","properties":{"id":"A10027274","name":"동대문푸르지오시티","district":"동대문구","neighborhood":"용두동","avgPrice":3.7939999999999996,"households":4326,"buildingCount":3,"rank":120},"geometry":{"type":"Point","coordinates":[127.033555,37.577779]}},{"type":"Feature","properties":{"id":"A10021098","name":"목동2차아이파크","district":"양천구","neighborhood":"목동","avgPrice":15,"households":4324,"buildingCount":2,"rank":121},"geometry":{"type":"Point","coordinates":[126.871251,37.536796]}},{"type":"Feature","properties":{"id":"A10021097","name":"태릉입구역 이니티움","district":"노원구","neighborhood":"공릉동","avgPrice":14.45,"households":4323,"buildingCount":4,"rank":122},"geometry":{"type":"Point","coordinates":[127.045919,37.649693]}},{"type":"Feature","properties":{"id":"A13995602","name":"월계사슴1단지","district":"노원구","neighborhood":"월계동","avgPrice":6.8500000000000005,"households":4322,"buildingCount":7,"rank":123},"geometry":{"type":"Point","coordinates":[127.06031,37.629978]}},{"type":"Feature","properties":{"id":"A10022481","name":"시흥 중앙하이츠빌라","district":"금천구","neighborhood":"시흥동","avgPrice":10.15,"households":4321,"buildingCount":10,"rank":124},"geometry":{"type":"Point","coordinates":[126.906743,37.44406]}},{"type":"Feature","properties":{"id":"A10022480","name":"마포트라팰리스2","district":"마포구","neighborhood":"아현동","avgPrice":5.65,"households":4320,"buildingCount":5,"rank":125},"geometry":{"type":"Point","coordinates":[126.95487,37.552383]}},{"type":"Feature","properties":{"id":"A10020526","name":"DMC SK VIEW 2단지","district":"은평구","neighborhood":"수색동","avgPrice":12.3,"households":4319,"buildingCount":5,"rank":126},"geometry":{"type":"Point","coordinates":[126.927861,37.615167]}},{"type":"Feature","properties":{"id":"A12185606","name":"마포신촌삼익아파트","district":"마포구","neighborhood":"신수동","avgPrice":13.65,"households":4316,"buildingCount":2,"rank":127},"geometry":{"type":"Point","coordinates":[126.903646,37.570444]}},{"type":"Feature","properties":{"id":"A12185605","name":"대원칸타빌","district":"마포구","neighborhood":"신수동","avgPrice":17.53333333333333,"households":4315,"buildingCount":3,"rank":128},"geometry":{"type":"Point","coordinates":[126.933619,37.547943]}},{"type":"Feature","properties":{"id":"A10025310","name":"백련산 에스케이뷰 아이파크","district":"은평구","neighborhood":"응암동","avgPrice":12,"households":4315,"buildingCount":8,"rank":129},"geometry":{"type":"Point","coordinates":[126.920804,37.59503]}},{"type":"Feature","properties":{"id":"A12185603","name":"신수현대","district":"마포구","neighborhood":"신수동","avgPrice":14.1375,"households":4313,"buildingCount":4,"rank":130},"geometry":{"type":"Point","coordinates":[126.937045,37.542882]}},{"type":"Feature","properties":{"id":"A12185602","name":"신수세양청마루","district":"마포구","neighborhood":"신수동","avgPrice":14,"households":4312,"buildingCount":11,"rank":131},"geometry":{"type":"Point","coordinates":[126.89937,37.586191]}},{"type":"Feature","properties":{"id":"A13204302","name":"창동신창","district":"도봉구","neighborhood":"창동","avgPrice":3.4122222222222223,"households":4302,"buildingCount":3,"rank":132},"geometry":{"type":"Point","coordinates":[127.041646,37.640997]}},{"type":"Feature","properties":{"id":"A13204301","name":"초안산신도브래뉴","district":"도봉구","neighborhood":"창동","avgPrice":5.876666666666666,"households":4301,"buildingCount":2,"rank":133},"geometry":{"type":"Point","coordinates":[127.042548,37.63338]}},{"type":"Feature","properties":{"id":"A10022477","name":"신사두산위브2차아파트","district":"은평구","neighborhood":"신사동","avgPrice":10.100000000000001,"households":4296,"buildingCount":1,"rank":134},"geometry":{"type":"Point","coordinates":[126.907369,37.599065]}},{"type":"Feature","properties":{"id":"A10022476","name":"논현 e편한세상","district":"강남구","neighborhood":"논현동","avgPrice":15,"households":4295,"buildingCount":1,"rank":135},"geometry":{"type":"Point","coordinates":[127.028995,37.506821]}},{"type":"Feature","properties":{"id":"A10022474","name":"서초동롯데캐슬리버티","district":"서초구","neighborhood":"서초동","avgPrice":18.2,"households":4293,"buildingCount":3,"rank":136},"geometry":{"type":"Point","coordinates":[127.016938,37.487512]}},{"type":"Feature","properties":{"id":"A15785613","name":"방화5단지","district":"강서구","neighborhood":"방화동","avgPrice":5.18377358490566,"households":4293,"buildingCount":3,"rank":137},"geometry":{"type":"Point","coordinates":[126.809716,37.577399]}},{"type":"Feature","properties":{"id":"A15785612","name":"방화6단지","district":"강서구","neighborhood":"방화동","avgPrice":15.55,"households":4292,"buildingCount":6,"rank":138},"geometry":{"type":"Point","coordinates":[126.810873,37.578505]}},{"type":"Feature","properties":{"id":"A15386506","name":"남서울럭키아파트","district":"금천구","neighborhood":"시흥동","avgPrice":11.75,"households":4291,"buildingCount":6,"rank":139},"geometry":{"type":"Point","coordinates":[126.899035,37.44808]}},{"type":"Feature","properties":{"id":"A10045404","name":"신당약수하이츠","district":"중구","neighborhood":"신당동","avgPrice":6.1000000000000005,"households":4291,"buildingCount":4,"rank":140},"geometry":{"type":"Point","coordinates":[127.012976,37.554568]}},{"type":"Feature","properties":{"id":"A10045403","name":"신당삼성(분양)","district":"중구","neighborhood":"신당동","avgPrice":14.285714285714286,"households":4290,"buildingCount":11,"rank":141},"geometry":{"type":"Point","coordinates":[127.01701,37.560407]}},{"type":"Feature","properties":{"id":"A10045402","name":"약수하이츠아파트(임대)","district":"중구","neighborhood":"신당동","avgPrice":14.3825,"households":4289,"buildingCount":1,"rank":142},"geometry":{"type":"Point","coordinates":[126.994208,37.555202]}},{"type":"Feature","properties":{"id":"A13879102","name":"잠실5단지아파트","district":"송파구","neighborhood":"잠실동","avgPrice":12.85,"households":4288,"buildingCount":5,"rank":143},"geometry":{"type":"Point","coordinates":[127.094838,37.515193]}},{"type":"Feature","properties":{"id":"A10045401","name":"신당삼성임대","district":"중구","neighborhood":"신당동","avgPrice":9.7,"households":4288,"buildingCount":0,"rank":144},"geometry":{"type":"Point","coordinates":[127.01181,37.558875]}},{"type":"Feature","properties":{"id":"A10025302","name":"항동하버라인4단지아파트","district":"구로구","neighborhood":"항동","avgPrice":6.4,"households":4286,"buildingCount":1,"rank":145},"geometry":{"type":"Point","coordinates":[126.896504,37.503798]}},{"type":"Feature","properties":{"id":"A13974103","name":"상계은빛3단지","district":"노원구","neighborhood":"상계동","avgPrice":15.25,"households":4285,"buildingCount":0,"rank":146},"geometry":{"type":"Point","coordinates":[127.056888,37.682976]}},{"type":"Feature","properties":{"id":"A13974102","name":"수락리버시티3단지","district":"노원구","neighborhood":"상계동","avgPrice":6.513333333333333,"households":4284,"buildingCount":5,"rank":147},"geometry":{"type":"Point","coordinates":[127.053827,37.687991]}},{"type":"Feature","properties":{"id":"A13974101","name":"수락리버시티 4단지","district":"노원구","neighborhood":"상계동","avgPrice":10.25,"households":4283,"buildingCount":9,"rank":148},"geometry":{"type":"Point","coordinates":[127.053739,37.686192]}},{"type":"Feature","properties":{"id":"A15805003","name":"목동3단지","district":"양천구","neighborhood":"목동","avgPrice":11.850000000000001,"households":4279,"buildingCount":4,"rank":149},"geometry":{"type":"Point","coordinates":[126.869705,37.534636]}},{"type":"Feature","properties":{"id":"A15805002","name":"목동한신청구","district":"양천구","neighborhood":"목동","avgPrice":15.65,"households":4278,"buildingCount":3,"rank":150},"geometry":{"type":"Point","coordinates":[126.882559,37.542157]}},{"type":"Feature","properties":{"id":"A12184201","name":"서교동대우미래사랑","district":"마포구","neighborhood":"서교동","avgPrice":4.42875,"households":4276,"buildingCount":2,"rank":151},"geometry":{"type":"Point","coordinates":[126.917316,37.557509]}},{"type":"Feature","properties":{"id":"A13603401","name":"동소문동송산","district":"성북구","neighborhood":"동소문동4가","avgPrice":11.8,"households":4275,"buildingCount":5,"rank":152},"geometry":{"type":"Point","coordinates":[127.010033,37.592476]}},{"type":"Feature","properties":{"id":"A13071302","name":"래미안크레시티","district":"동대문구","neighborhood":"전농동","avgPrice":16.867631578947368,"households":4274,"buildingCount":8,"rank":153},"geometry":{"type":"Point","coordinates":[127.051477,37.576676]}},{"type":"Feature","properties":{"id":"A15081002","name":"당산강변래미안3차","district":"영등포구","neighborhood":"당산동","avgPrice":16.512142857142855,"households":4274,"buildingCount":0,"rank":154},"geometry":{"type":"Point","coordinates":[126.906578,37.536208]}},{"type":"Feature","properties":{"id":"A15081001","name":"래미안당산1차아파트","district":"영등포구","neighborhood":"당산동","avgPrice":13,"households":4273,"buildingCount":4,"rank":155},"geometry":{"type":"Point","coordinates":[126.905765,37.534255]}},{"type":"Feature","properties":{"id":"A13071301","name":"전농동아임대","district":"동대문구","neighborhood":"전농동","avgPrice":8.51,"households":4273,"buildingCount":1,"rank":156},"geometry":{"type":"Point","coordinates":[127.038706,37.577005]}},{"type":"Feature","properties":{"id":"A10023859","name":"대방동신일해피트리 아파트","district":"동작구","neighborhood":"대방동","avgPrice":9.068,"households":4271,"buildingCount":0,"rank":157},"geometry":{"type":"Point","coordinates":[126.967082,37.53157]}},{"type":"Feature","properties":{"id":"A10023858","name":"용산데시앙포레아파트","district":"용산구","neighborhood":"효창동","avgPrice":17.45,"households":4270,"buildingCount":4,"rank":158},"geometry":{"type":"Point","coordinates":[126.962347,37.547337]}},{"type":"Feature","properties":{"id":"A10023855","name":"강동리엔파크13단지아파트","district":"강동구","neighborhood":"상일동","avgPrice":12.3,"households":4267,"buildingCount":9,"rank":159},"geometry":{"type":"Point","coordinates":[127.181725,37.551989]}},{"type":"Feature","properties":{"id":"A15785608","name":"방화동 개화아파트","district":"강서구","neighborhood":"방화동","avgPrice":9.7,"households":4267,"buildingCount":7,"rank":160},"geometry":{"type":"Point","coordinates":[126.812558,37.5808]}},{"type":"Feature","properties":{"id":"A10022468","name":"은평뉴타운상림마을 9단지","district":"은평구","neighborhood":"진관동","avgPrice":14.35,"households":4266,"buildingCount":1,"rank":161},"geometry":{"type":"Point","coordinates":[126.929523,37.646714]}},{"type":"Feature","properties":{"id":"A10022466","name":"잠원금호베스트빌","district":"서초구","neighborhood":"잠원동","avgPrice":16.7,"households":4264,"buildingCount":1,"rank":162},"geometry":{"type":"Point","coordinates":[127.014064,37.514419]}},{"type":"Feature","properties":{"id":"A15785605","name":"방화9단지","district":"강서구","neighborhood":"방화동","avgPrice":12.8,"households":4264,"buildingCount":2,"rank":163},"geometry":{"type":"Point","coordinates":[126.807695,37.574899]}},{"type":"Feature","properties":{"id":"A10022464","name":"하월곡아남아파트","district":"성북구","neighborhood":"하월곡동","avgPrice":6.005,"households":4262,"buildingCount":1,"rank":164},"geometry":{"type":"Point","coordinates":[127.034699,37.605723]}},{"type":"Feature","properties":{"id":"A10021077","name":"구로현대의보아파트","district":"구로구","neighborhood":"구로동","avgPrice":5.771428571428571,"households":4261,"buildingCount":2,"rank":165},"geometry":{"type":"Point","coordinates":[126.887209,37.505705]}},{"type":"Feature","properties":{"id":"A15785601","name":"방화진로","district":"강서구","neighborhood":"방화동","avgPrice":9.85,"households":4260,"buildingCount":2,"rank":166},"geometry":{"type":"Point","coordinates":[126.808464,37.577073]}},{"type":"Feature","properties":{"id":"A10020507","name":"도봉롯데캐슬골든파크","district":"도봉구","neighborhood":"방학동","avgPrice":11.3,"households":4258,"buildingCount":0,"rank":167},"geometry":{"type":"Point","coordinates":[127.022856,37.663985]}},{"type":"Feature","properties":{"id":"A15381706","name":"금천현대","district":"금천구","neighborhood":"독산동","avgPrice":6.08,"households":4258,"buildingCount":4,"rank":168},"geometry":{"type":"Point","coordinates":[126.890938,37.461329]}},{"type":"Feature","properties":{"id":"A10020506","name":"롯데캐슬이스트폴 아파트 ","district":"광진구","neighborhood":"자양동","avgPrice":10.95,"households":4257,"buildingCount":0,"rank":169},"geometry":{"type":"Point","coordinates":[127.065654,37.546095]}},{"type":"Feature","properties":{"id":"A10020503","name":"라체르보푸르지오써밋","district":"성동구","neighborhood":"행당동","avgPrice":20.85,"households":4254,"buildingCount":0,"rank":170},"geometry":{"type":"Point","coordinates":[127.04048,37.554718]}},{"type":"Feature","properties":{"id":"A10044002","name":"롯데캐슬베네치아","district":"중구","neighborhood":"황학동","avgPrice":15.65,"households":4254,"buildingCount":6,"rank":171},"geometry":{"type":"Point","coordinates":[127.021742,37.570851]}},{"type":"Feature","properties":{"id":"A10044001","name":"SH황학롯데캐슬베네치아","district":"중구","neighborhood":"황학동","avgPrice":11.138250000000001,"households":4253,"buildingCount":0,"rank":172},"geometry":{"type":"Point","coordinates":[126.977416,37.55541]}},{"type":"Feature","properties":{"id":"A13183504","name":"면목늘푸른동아아파트","district":"중랑구","neighborhood":"면목동","avgPrice":7.898571428571429,"households":4252,"buildingCount":3,"rank":173},"geometry":{"type":"Point","coordinates":[127.080583,37.572574]}},{"type":"Feature","properties":{"id":"A14319204","name":"자양현대3차","district":"광진구","neighborhood":"자양동","avgPrice":12.9,"households":4251,"buildingCount":2,"rank":174},"geometry":{"type":"Point","coordinates":[127.083103,37.52786]}},{"type":"Feature","properties":{"id":"A14319203","name":"자양현대5차","district":"광진구","neighborhood":"자양동","avgPrice":15.75,"households":4250,"buildingCount":3,"rank":175},"geometry":{"type":"Point","coordinates":[127.07895,37.52853]}},{"type":"Feature","properties":{"id":"A15672002","name":"보라매삼성쉐르빌","district":"동작구","neighborhood":"신대방동","avgPrice":14.866666666666667,"households":4250,"buildingCount":0,"rank":176},"geometry":{"type":"Point","coordinates":[126.923198,37.491474]}},{"type":"Feature","properties":{"id":"A13183502","name":"면목삼익","district":"중랑구","neighborhood":"면목동","avgPrice":5.91,"households":4250,"buildingCount":2,"rank":177},"geometry":{"type":"Point","coordinates":[127.079546,37.575244]}},{"type":"Feature","properties":{"id":"A15672001","name":"보라매우성","district":"동작구","neighborhood":"신대방동","avgPrice":7.3,"households":4249,"buildingCount":0,"rank":178},"geometry":{"type":"Point","coordinates":[126.92523,37.491877]}},{"type":"Feature","properties":{"id":"A14319201","name":"현대강변","district":"광진구","neighborhood":"자양동","avgPrice":15,"households":4248,"buildingCount":2,"rank":179},"geometry":{"type":"Point","coordinates":[127.085927,37.528407]}},{"type":"Feature","properties":{"id":"A13986509","name":"중계주공1단지","district":"노원구","neighborhood":"중계동","avgPrice":6.95,"households":4238,"buildingCount":3,"rank":180},"geometry":{"type":"Point","coordinates":[127.065507,37.647407]}},{"type":"Feature","properties":{"id":"A12004001","name":"서대문천연뜨란채아파트","district":"서대문구","neighborhood":"천연동","avgPrice":9.7316,"households":4235,"buildingCount":6,"rank":181},"geometry":{"type":"Point","coordinates":[126.95829,37.567463]}},{"type":"Feature","properties":{"id":"A13986505","name":"중계시영3단지목련","district":"노원구","neighborhood":"중계동","avgPrice":13.05,"households":4234,"buildingCount":6,"rank":182},"geometry":{"type":"Point","coordinates":[127.068886,37.646072]}},{"type":"Feature","properties":{"id":"A10022456","name":"상도2차갑을명가아파트","district":"동작구","neighborhood":"상도동","avgPrice":7.2,"households":4233,"buildingCount":3,"rank":183},"geometry":{"type":"Point","coordinates":[126.935356,37.493567]}},{"type":"Feature","properties":{"id":"A13986504","name":"중계무지개아파트","district":"노원구","neighborhood":"중계동","avgPrice":5.373246753246753,"households":4233,"buildingCount":8,"rank":184},"geometry":{"type":"Point","coordinates":[127.066661,37.642539]}},{"type":"Feature","properties":{"id":"A15780806","name":"가양5단지","district":"강서구","neighborhood":"가양동","avgPrice":11.15,"households":4232,"buildingCount":5,"rank":185},"geometry":{"type":"Point","coordinates":[126.853734,37.564448]}},{"type":"Feature","properties":{"id":"A10022452","name":"장안3차현대홈타운","district":"동대문구","neighborhood":"장안동","avgPrice":11,"households":4229,"buildingCount":4,"rank":186},"geometry":{"type":"Point","coordinates":[127.073112,37.574696]}},{"type":"Feature","properties":{"id":"A15784201","name":"등촌현대1차(한마음)","district":"강서구","neighborhood":"등촌동","avgPrice":7.91,"households":4225,"buildingCount":0,"rank":187},"geometry":{"type":"Point","coordinates":[126.877572,37.572815]}},{"type":"Feature","properties":{"id":"A13407204","name":"명일신동아","district":"강동구","neighborhood":"명일동","avgPrice":22.169999999999998,"households":4218,"buildingCount":4,"rank":188},"geometry":{"type":"Point","coordinates":[127.152089,37.552987]}},{"type":"Feature","properties":{"id":"A13407202","name":"명일삼환아파트","district":"강동구","neighborhood":"명일동","avgPrice":16.7,"households":4216,"buildingCount":2,"rank":189},"geometry":{"type":"Point","coordinates":[127.153223,37.553653]}},{"type":"Feature","properties":{"id":"A13407201","name":"명일삼익그린11차","district":"강동구","neighborhood":"명일동","avgPrice":14.350000000000001,"households":4215,"buildingCount":5,"rank":190},"geometry":{"type":"Point","coordinates":[127.138314,37.553725]}},{"type":"Feature","properties":{"id":"A10023835","name":"중랑지웰에스테이트","district":"중랑구","neighborhood":"면목동","avgPrice":6.1,"households":4205,"buildingCount":2,"rank":191},"geometry":{"type":"Point","coordinates":[127.086647,37.587239]}},{"type":"Feature","properties":{"id":"A10023834","name":"칼튼테라스","district":"중랑구","neighborhood":"묵동","avgPrice":13.2,"households":4204,"buildingCount":1,"rank":192},"geometry":{"type":"Point","coordinates":[127.078216,37.611836]}},{"type":"Feature","properties":{"id":"A13886701","name":"잠실현대","district":"송파구","neighborhood":"잠실동","avgPrice":18.738333333333333,"households":4201,"buildingCount":3,"rank":193},"geometry":{"type":"Point","coordinates":[127.085204,37.504077]}},{"type":"Feature","properties":{"id":"A13985107","name":"월계청백4단지","district":"노원구","neighborhood":"월계동","avgPrice":4.70909090909091,"households":4201,"buildingCount":4,"rank":194},"geometry":{"type":"Point","coordinates":[127.051764,37.631628]}},{"type":"Feature","properties":{"id":"A13985106","name":"월계청백1단지","district":"노원구","neighborhood":"월계동","avgPrice":5.95,"households":4200,"buildingCount":7,"rank":195},"geometry":{"type":"Point","coordinates":[127.051465,37.635815]}},{"type":"Feature","properties":{"id":"A13985105","name":"월계청백3단지","district":"노원구","neighborhood":"월계동","avgPrice":3.7590909090909093,"households":4199,"buildingCount":4,"rank":196},"geometry":{"type":"Point","coordinates":[127.050008,37.631827]}},{"type":"Feature","properties":{"id":"A10021056","name":"센트레빌아스테리움시그니처아파트","district":"은평구","neighborhood":"역촌동","avgPrice":9.033333333333333,"households":4198,"buildingCount":0,"rank":197},"geometry":{"type":"Point","coordinates":[126.908394,37.591315]}},{"type":"Feature","properties":{"id":"A13985103","name":"월계대우아파트","district":"노원구","neighborhood":"월계동","avgPrice":6.598888888888889,"households":4197,"buildingCount":2,"rank":198},"geometry":{"type":"Point","coordinates":[127.051514,37.633386]}},{"type":"Feature","properties":{"id":"A13482801","name":"명일현대","district":"강동구","neighborhood":"명일동","avgPrice":7.75,"households":4194,"buildingCount":2,"rank":199},"geometry":{"type":"Point","coordinates":[127.15505,37.551229]}},{"type":"Feature","properties":{"id":"A15101702","name":"관악산휴먼시아3단지","district":"관악구","neighborhood":"신림동","avgPrice":13.149999999999999,"households":4184,"buildingCount":5,"rank":200},"geometry":{"type":"Point","coordinates":[126.918488,37.460347]}},{"type":"Feature","properties":{"id":"A13613012","name":"길음서희스타힐스","district":"성북구","neighborhood":"하월곡동","avgPrice":8.318181818181818,"households":4184,"buildingCount":2,"rank":201},"geometry":{"type":"Point","coordinates":[127.027285,37.604829]}},{"type":"Feature","properties":{"id":"A10020999","name":"잠원현대훼밀리아파트","district":"서초구","neighborhood":"잠원동","avgPrice":29.5,"households":4183,"buildingCount":4,"rank":202},"geometry":{"type":"Point","coordinates":[127.012796,37.508199]}},{"type":"Feature","properties":{"id":"A13613011","name":"동일하이빌뉴시티","district":"성북구","neighborhood":"하월곡동","avgPrice":13,"households":4183,"buildingCount":4,"rank":203},"geometry":{"type":"Point","coordinates":[127.031056,37.605001]}},{"type":"Feature","properties":{"id":"A13613010","name":"월곡두산제2아파트임대","district":"성북구","neighborhood":"하월곡동","avgPrice":10.35,"households":4182,"buildingCount":2,"rank":204},"geometry":{"type":"Point","coordinates":[127.020477,37.570539]}},{"type":"Feature","properties":{"id":"A14313001","name":"화양현대","district":"광진구","neighborhood":"화양동","avgPrice":11.666666666666666,"households":4180,"buildingCount":3,"rank":205},"geometry":{"type":"Point","coordinates":[127.065761,37.544491]}},{"type":"Feature","properties":{"id":"A10024398","name":"래미안 목동아델리체","district":"양천구","neighborhood":"신정동","avgPrice":5.85,"households":4180,"buildingCount":13,"rank":206},"geometry":{"type":"Point","coordinates":[126.851561,37.519054]}},{"type":"Feature","properties":{"id":"A14006001","name":"신창세방리버하이빌","district":"용산구","neighborhood":"신창동","avgPrice":17.25,"households":4179,"buildingCount":0,"rank":207},"geometry":{"type":"Point","coordinates":[126.981046,37.54988]}},{"type":"Feature","properties":{"id":"A10023829","name":"꿈의숲한신더휴아파트","district":"강북구","neighborhood":"미아동","avgPrice":7.637272727272728,"households":4178,"buildingCount":4,"rank":208},"geometry":{"type":"Point","coordinates":[127.045066,37.65726]}},{"type":"Feature","properties":{"id":"A10020992","name":"낙원아파트","district":"종로구","neighborhood":"낙원동","avgPrice":9.35,"households":4176,"buildingCount":1,"rank":209},"geometry":{"type":"Point","coordinates":[126.987873,37.57287]}},{"type":"Feature","properties":{"id":"A10023827","name":"쌍문동 에덴아파트","district":"도봉구","neighborhood":"쌍문동","avgPrice":3.985,"households":4176,"buildingCount":2,"rank":210},"geometry":{"type":"Point","coordinates":[127.039728,37.659778]}},{"type":"Feature","properties":{"id":"A10023825","name":"강남센트럴아이파크","district":"강남구","neighborhood":"역삼동","avgPrice":37.8,"households":4174,"buildingCount":5,"rank":211},"geometry":{"type":"Point","coordinates":[127.046011,37.501353]}},{"type":"Feature","properties":{"id":"A10027227","name":"돈암코오롱하늘채아파트","district":"성북구","neighborhood":"돈암동","avgPrice":11.04,"households":4174,"buildingCount":8,"rank":212},"geometry":{"type":"Point","coordinates":[127.012616,37.599111]}},{"type":"Feature","properties":{"id":"A10024391","name":"태영방송인아파트","district":"강서구","neighborhood":"화곡동","avgPrice":4.59,"households":4173,"buildingCount":4,"rank":213},"geometry":{"type":"Point","coordinates":[126.853711,37.537306]}},{"type":"Feature","properties":{"id":"A13786901","name":"서초1차e편한세상","district":"서초구","neighborhood":"서초동","avgPrice":20.700000000000003,"households":4172,"buildingCount":4,"rank":214},"geometry":{"type":"Point","coordinates":[127.006747,37.481369]}},{"type":"Feature","properties":{"id":"A13885306","name":"가락삼익맨숀","district":"송파구","neighborhood":"송파동","avgPrice":27.275,"households":4171,"buildingCount":10,"rank":215},"geometry":{"type":"Point","coordinates":[127.121692,37.504552]}},{"type":"Feature","properties":{"id":"A13885304","name":"송파한양2차","district":"송파구","neighborhood":"송파동","avgPrice":15.8,"households":4169,"buildingCount":5,"rank":216},"geometry":{"type":"Point","coordinates":[127.116354,37.505232]}},{"type":"Feature","properties":{"id":"A15809702","name":"신월신안파크","district":"양천구","neighborhood":"신월동","avgPrice":4.44,"households":4169,"buildingCount":8,"rank":217},"geometry":{"type":"Point","coordinates":[126.829462,37.523623]}},{"type":"Feature","properties":{"id":"A10027221","name":"래미안 서초에스티지","district":"서초구","neighborhood":"서초동","avgPrice":15.2,"households":4168,"buildingCount":4,"rank":218},"geometry":{"type":"Point","coordinates":[127.025122,37.492785]}},{"type":"Feature","properties":{"id":"A15809701","name":"신월길훈","district":"양천구","neighborhood":"신월동","avgPrice":13,"households":4168,"buildingCount":1,"rank":219},"geometry":{"type":"Point","coordinates":[126.856497,37.504867]}},{"type":"Feature","properties":{"id":"A13885303","name":"송파미성","district":"송파구","neighborhood":"송파동","avgPrice":12.55,"households":4168,"buildingCount":3,"rank":220},"geometry":{"type":"Point","coordinates":[127.118681,37.506107]}},{"type":"Feature","properties":{"id":"A13885301","name":"송파현대1차","district":"송파구","neighborhood":"송파동","avgPrice":14.381111111111112,"households":4166,"buildingCount":3,"rank":221},"geometry":{"type":"Point","coordinates":[127.08978,37.516459]}},{"type":"Feature","properties":{"id":"A10022430","name":"신길AK푸르지오주상복합","district":"영등포구","neighborhood":"신길동","avgPrice":13.05,"households":4165,"buildingCount":0,"rank":222},"geometry":{"type":"Point","coordinates":[126.91125,37.509741]}},{"type":"Feature","properties":{"id":"A10021043","name":"방화스카이포레아파트","district":"강서구","neighborhood":"방화동","avgPrice":13.8,"households":4164,"buildingCount":0,"rank":223},"geometry":{"type":"Point","coordinates":[126.877688,37.53524]}},{"type":"Feature","properties":{"id":"A15180705","name":"관악드림타운","district":"관악구","neighborhood":"봉천동","avgPrice":12.05,"households":4164,"buildingCount":9,"rank":224},"geometry":{"type":"Point","coordinates":[126.950867,37.489613]}},{"type":"Feature","properties":{"id":"A13079403","name":"이문쌍용임대","district":"동대문구","neighborhood":"이문동","avgPrice":9.312592592592592,"households":4164,"buildingCount":9,"rank":225},"geometry":{"type":"Point","coordinates":[127.027248,37.556551]}},{"type":"Feature","properties":{"id":"A13079402","name":"이문현대임대","district":"동대문구","neighborhood":"이문동","avgPrice":8.045454545454545,"households":4163,"buildingCount":7,"rank":226},"geometry":{"type":"Point","coordinates":[127.026607,37.568264]}},{"type":"Feature","properties":{"id":"A13079401","name":"대림아파트201동","district":"동대문구","neighborhood":"이문동","avgPrice":7,"households":4162,"buildingCount":5,"rank":227},"geometry":{"type":"Point","coordinates":[127.054891,37.589735]}},{"type":"Feature","properties":{"id":"A15180701","name":"봉천벽산타운2차","district":"관악구","neighborhood":"봉천동","avgPrice":10.5,"households":4160,"buildingCount":3,"rank":228},"geometry":{"type":"Point","coordinates":[126.946002,37.492163]}},{"type":"Feature","properties":{"id":"A13613009","name":"꿈의숲푸르지오","district":"성북구","neighborhood":"하월곡동","avgPrice":8.575909090909091,"households":4160,"buildingCount":10,"rank":229},"geometry":{"type":"Point","coordinates":[127.038996,37.610674]}},{"type":"Feature","properties":{"id":"A13613008","name":"월곡두산위브아파트","district":"성북구","neighborhood":"하월곡동","avgPrice":9.002105263157894,"households":4159,"buildingCount":14,"rank":230},"geometry":{"type":"Point","coordinates":[127.038628,37.606934]}},{"type":"Feature","properties":{"id":"A15184101","name":"서울대입구아이원 (1560-61)","district":"관악구","neighborhood":"봉천동","avgPrice":10.8,"households":4158,"buildingCount":8,"rank":231},"geometry":{"type":"Point","coordinates":[126.945015,37.478298]}},{"type":"Feature","properties":{"id":"A13613007","name":"래미안월곡","district":"성북구","neighborhood":"하월곡동","avgPrice":10.121428571428572,"households":4158,"buildingCount":5,"rank":232},"geometry":{"type":"Point","coordinates":[127.037424,37.61174]}},{"type":"Feature","properties":{"id":"A14085002","name":"원효산호","district":"용산구","neighborhood":"원효로4가","avgPrice":23.321428571428573,"households":4157,"buildingCount":0,"rank":233},"geometry":{"type":"Point","coordinates":[126.998736,37.51676]}},{"type":"Feature","properties":{"id":"A13613006","name":"월곡래미안루나밸리","district":"성북구","neighborhood":"하월곡동","avgPrice":10.364736842105264,"households":4157,"buildingCount":4,"rank":234},"geometry":{"type":"Point","coordinates":[127.041776,37.598748]}},{"type":"Feature","properties":{"id":"A13613005","name":"하월곡동신","district":"성북구","neighborhood":"하월곡동","avgPrice":7.640000000000001,"households":4156,"buildingCount":5,"rank":235},"geometry":{"type":"Point","coordinates":[127.035358,37.604421]}},{"type":"Feature","properties":{"id":"A13613004","name":"성북힐스테이트","district":"성북구","neighborhood":"하월곡동","avgPrice":8.9985,"households":4155,"buildingCount":2,"rank":236},"geometry":{"type":"Point","coordinates":[127.030364,37.606538]}},{"type":"Feature","properties":{"id":"A15005303","name":"신길1차우성아파트","district":"영등포구","neighborhood":"신길동","avgPrice":8.95,"households":4154,"buildingCount":6,"rank":237},"geometry":{"type":"Point","coordinates":[126.899731,37.505173]}},{"type":"Feature","properties":{"id":"A13613003","name":"월곡3SH-vill","district":"성북구","neighborhood":"하월곡동","avgPrice":6.9,"households":4154,"buildingCount":17,"rank":238},"geometry":{"type":"Point","coordinates":[127.036866,37.610407]}},{"type":"Feature","properties":{"id":"A13114106","name":"묵동신안3차","district":"중랑구","neighborhood":"묵동","avgPrice":5.96,"households":4154,"buildingCount":2,"rank":239},"geometry":{"type":"Point","coordinates":[127.081791,37.612672]}},{"type":"Feature","properties":{"id":"A13613002","name":"월곡2SHville임대","district":"성북구","neighborhood":"하월곡동","avgPrice":13.399999999999999,"households":4153,"buildingCount":0,"rank":240},"geometry":{"type":"Point","coordinates":[126.99234,37.61028]}},{"type":"Feature","properties":{"id":"A13920001","name":"상계우방","district":"노원구","neighborhood":"상계동","avgPrice":11.4,"households":4153,"buildingCount":4,"rank":241},"geometry":{"type":"Point","coordinates":[127.057153,37.6716]}},{"type":"Feature","properties":{"id":"A15005302","name":"신길건영","district":"영등포구","neighborhood":"신길동","avgPrice":11.09,"households":4153,"buildingCount":2,"rank":242},"geometry":{"type":"Point","coordinates":[126.901272,37.504992]}},{"type":"Feature","properties":{"id":"A10020989","name":"길동한빛아파트101동","district":"강동구","neighborhood":"길동","avgPrice":16.4,"households":4152,"buildingCount":0,"rank":243},"geometry":{"type":"Point","coordinates":[127.132848,37.54891]}},{"type":"Feature","properties":{"id":"A13613001","name":"하월곡아남","district":"성북구","neighborhood":"하월곡동","avgPrice":16,"households":4152,"buildingCount":0,"rank":244},"geometry":{"type":"Point","coordinates":[127.034494,37.606039]}},{"type":"Feature","properties":{"id":"A15005301","name":"신길우성5차","district":"영등포구","neighborhood":"신길동","avgPrice":8.583333333333334,"households":4152,"buildingCount":1,"rank":245},"geometry":{"type":"Point","coordinates":[126.90369,37.506918]}},{"type":"Feature","properties":{"id":"A10020988","name":"길동한빛아파트103동","district":"강동구","neighborhood":"길동","avgPrice":13.649999999999999,"households":4151,"buildingCount":0,"rank":246},"geometry":{"type":"Point","coordinates":[127.098222,37.552015]}},{"type":"Feature","properties":{"id":"A13114103","name":"묵동금호어울림","district":"중랑구","neighborhood":"묵동","avgPrice":7.97,"households":4151,"buildingCount":4,"rank":247},"geometry":{"type":"Point","coordinates":[127.080051,37.612995]}},{"type":"Feature","properties":{"id":"A10020986","name":"노원아이파크","district":"노원구","neighborhood":"상계동","avgPrice":13.25,"households":4149,"buildingCount":2,"rank":248},"geometry":{"type":"Point","coordinates":[127.069153,37.65975]}},{"type":"Feature","properties":{"id":"A14001201","name":"한강로벽산메가트리움","district":"용산구","neighborhood":"한강로2가","avgPrice":23.35,"households":4146,"buildingCount":4,"rank":249},"geometry":{"type":"Point","coordinates":[126.969692,37.532189]}},{"type":"Feature","properties":{"id":"A10025770","name":"아크로 리버하임","district":"동작구","neighborhood":"흑석동","avgPrice":8.100000000000001,"households":4145,"buildingCount":12,"rank":250},"geometry":{"type":"Point","coordinates":[126.960441,37.510711]}},{"type":"Feature","properties":{"id":"A10023816","name":"LH서울양원1단지","district":"중랑구","neighborhood":"망우동","avgPrice":8.6,"households":4144,"buildingCount":2,"rank":251},"geometry":{"type":"Point","coordinates":[127.10678,37.608515]}},{"type":"Feature","properties":{"id":"A10023815","name":"로프트원 태릉입구역","district":"중랑구","neighborhood":"묵동","avgPrice":10.4,"households":4143,"buildingCount":4,"rank":252},"geometry":{"type":"Point","coordinates":[127.076763,37.614882]}},{"type":"Feature","properties":{"id":"A10022429","name":"중동 동원월드타운아파트","district":"마포구","neighborhood":"중동","avgPrice":8.69,"households":4143,"buildingCount":2,"rank":253},"geometry":{"type":"Point","coordinates":[126.909754,37.569954]}},{"type":"Feature","properties":{"id":"A10022428","name":"문래건영아파트","district":"영등포구","neighborhood":"문래동3가","avgPrice":11.644,"households":4142,"buildingCount":3,"rank":254},"geometry":{"type":"Point","coordinates":[126.891884,37.518449]}},{"type":"Feature","properties":{"id":"A15676702","name":"본동SH-ville","district":"동작구","neighborhood":"본동","avgPrice":12.950000000000001,"households":4141,"buildingCount":3,"rank":255},"geometry":{"type":"Point","coordinates":[126.931557,37.52295]}},{"type":"Feature","properties":{"id":"A15676701","name":"신동아리버파크제2관리사무소","district":"동작구","neighborhood":"노량진동","avgPrice":10.9,"households":4140,"buildingCount":3,"rank":256},"geometry":{"type":"Point","coordinates":[126.960128,37.510001]}},{"type":"Feature","properties":{"id":"A11054301","name":"창신쌍용1단지","district":"종로구","neighborhood":"창신동","avgPrice":7.928461538461539,"households":4138,"buildingCount":4,"rank":257},"geometry":{"type":"Point","coordinates":[127.014162,37.580439]}},{"type":"Feature","properties":{"id":"A10022424","name":"우민조원아파트","district":"관악구","neighborhood":"신림동","avgPrice":7.3,"households":4138,"buildingCount":1,"rank":258},"geometry":{"type":"Point","coordinates":[126.90765,37.484206]}},{"type":"Feature","properties":{"id":"A13381608","name":"청계현대아파트","district":"성동구","neighborhood":"마장동","avgPrice":13.2845,"households":4137,"buildingCount":0,"rank":259},"geometry":{"type":"Point","coordinates":[127.0513,37.582265]}},{"type":"Feature","properties":{"id":"A10021037","name":"신부파스카 5차","district":"동대문구","neighborhood":"장안동","avgPrice":12.45,"households":4137,"buildingCount":5,"rank":260},"geometry":{"type":"Point","coordinates":[127.026755,37.565744]}},{"type":"Feature","properties":{"id":"A10021034","name":"브라이튼N40","district":"강남구","neighborhood":"논현동","avgPrice":24.05,"households":4134,"buildingCount":5,"rank":261},"geometry":{"type":"Point","coordinates":[127.026588,37.514214]}},{"type":"Feature","properties":{"id":"A13381604","name":"왕십리금호어울림아파트","district":"성동구","neighborhood":"마장동","avgPrice":14.5625,"households":4133,"buildingCount":1,"rank":262},"geometry":{"type":"Point","coordinates":[127.039267,37.575643]}},{"type":"Feature","properties":{"id":"A12187501","name":"래미안마포리버웰","district":"마포구","neighborhood":"용강동","avgPrice":27.860000000000003,"households":4132,"buildingCount":4,"rank":263},"geometry":{"type":"Point","coordinates":[126.941911,37.542103]}},{"type":"Feature","properties":{"id":"A15870102","name":"목동현대A","district":"양천구","neighborhood":"목동","avgPrice":8.85,"households":4131,"buildingCount":5,"rank":264},"geometry":{"type":"Point","coordinates":[126.868469,37.528369]}},{"type":"Feature","properties":{"id":"A13381601","name":"왕십리중앙하이츠","district":"성동구","neighborhood":"마장동","avgPrice":22.65,"households":4130,"buildingCount":4,"rank":265},"geometry":{"type":"Point","coordinates":[127.050887,37.575067]}},{"type":"Feature","properties":{"id":"A15870101","name":"목동트라팰리스","district":"양천구","neighborhood":"목동","avgPrice":8.95,"households":4130,"buildingCount":3,"rank":266},"geometry":{"type":"Point","coordinates":[126.870742,37.526002]}},{"type":"Feature","properties":{"id":"A10021030","name":"신도림팰러티움","district":"구로구","neighborhood":"신도림동","avgPrice":8,"households":4130,"buildingCount":3,"rank":267},"geometry":{"type":"Point","coordinates":[126.881815,37.504608]}},{"type":"Feature","properties":{"id":"A13820201","name":"올림픽훼밀리타운","district":"송파구","neighborhood":"문정동","avgPrice":26.764999999999997,"households":4124,"buildingCount":5,"rank":268},"geometry":{"type":"Point","coordinates":[127.115448,37.489242]}},{"type":"Feature","properties":{"id":"A10025768","name":"이편한세상 상도노빌리티","district":"동작구","neighborhood":"상도동","avgPrice":9,"households":4122,"buildingCount":6,"rank":269},"geometry":{"type":"Point","coordinates":[126.947761,37.505033]}},{"type":"Feature","properties":{"id":"A10025767","name":"홍제센트럴아이파크","district":"서대문구","neighborhood":"홍제동","avgPrice":8.65,"households":4121,"buildingCount":5,"rank":270},"geometry":{"type":"Point","coordinates":[126.945222,37.584711]}},{"type":"Feature","properties":{"id":"A10024379","name":"(풍납)대동아파트","district":"송파구","neighborhood":"풍납동","avgPrice":22.049999999999997,"households":4119,"buildingCount":0,"rank":271},"geometry":{"type":"Point","coordinates":[127.096156,37.52548]}},{"type":"Feature","properties":{"id":"A10020977","name":"서울숲르씨엘아파트","district":"성동구","neighborhood":"금호동4가","avgPrice":14.075,"households":4119,"buildingCount":3,"rank":272},"geometry":{"type":"Point","coordinates":[127.023323,37.547398]}},{"type":"Feature","properties":{"id":"A10025765","name":"은평 스카이뷰 자이","district":"은평구","neighborhood":"진관동","avgPrice":9.7,"households":4119,"buildingCount":2,"rank":273},"geometry":{"type":"Point","coordinates":[126.917733,37.634801]}},{"type":"Feature","properties":{"id":"A15788901","name":"화곡미성","district":"강서구","neighborhood":"화곡동","avgPrice":8.3,"households":4116,"buildingCount":3,"rank":274},"geometry":{"type":"Point","coordinates":[126.844506,37.535764]}},{"type":"Feature","properties":{"id":"A10020974","name":"동양엔파트2차","district":"중랑구","neighborhood":"중화동","avgPrice":8,"households":4116,"buildingCount":3,"rank":275},"geometry":{"type":"Point","coordinates":[127.074812,37.594194]}},{"type":"Feature","properties":{"id":"A12010203","name":"홍은극동","district":"서대문구","neighborhood":"홍은동","avgPrice":5.303333333333334,"households":4116,"buildingCount":5,"rank":276},"geometry":{"type":"Point","coordinates":[126.951028,37.60274]}},{"type":"Feature","properties":{"id":"A12010202","name":"홍은풍림아이원","district":"서대문구","neighborhood":"홍은동","avgPrice":14.05,"households":4115,"buildingCount":7,"rank":277},"geometry":{"type":"Point","coordinates":[126.948059,37.603707]}},{"type":"Feature","properties":{"id":"A10027207","name":"래미안힐스테이트 고덕","district":"강동구","neighborhood":"고덕동","avgPrice":13.149999999999999,"households":4112,"buildingCount":9,"rank":278},"geometry":{"type":"Point","coordinates":[127.1489,37.559175]}},{"type":"Feature","properties":{"id":"A10022419","name":"길음역 롯데캐슬 트윈골드","district":"성북구","neighborhood":"길음동","avgPrice":10.9,"households":4112,"buildingCount":0,"rank":279},"geometry":{"type":"Point","coordinates":[127.032998,37.609695]}},{"type":"Feature","properties":{"id":"A10027205","name":"아크로리버파크","district":"서초구","neighborhood":"반포동","avgPrice":55.03333333333333,"households":4110,"buildingCount":3,"rank":280},"geometry":{"type":"Point","coordinates":[126.993044,37.504475]}},{"type":"Feature","properties":{"id":"A10022416","name":"더써밋타워","district":"동작구","neighborhood":"노량진동","avgPrice":11.2,"households":4109,"buildingCount":0,"rank":281},"geometry":{"type":"Point","coordinates":[126.913664,37.523695]}},{"type":"Feature","properties":{"id":"A15288611","name":"신도림미성","district":"구로구","neighborhood":"신도림동","avgPrice":7.303333333333333,"households":4109,"buildingCount":5,"rank":282},"geometry":{"type":"Point","coordinates":[126.876541,37.507552]}},{"type":"Feature","properties":{"id":"A13972603","name":"중계4단지목화","district":"노원구","neighborhood":"중계동","avgPrice":13.2,"households":4108,"buildingCount":10,"rank":283},"geometry":{"type":"Point","coordinates":[127.069634,37.643235]}},{"type":"Feature","properties":{"id":"A13972602","name":"중계중앙하이츠아쿠아","district":"노원구","neighborhood":"중계동","avgPrice":7.386666666666667,"households":4107,"buildingCount":4,"rank":284},"geometry":{"type":"Point","coordinates":[127.067757,37.645017]}},{"type":"Feature","properties":{"id":"A13972601","name":"중계건영2차","district":"노원구","neighborhood":"중계동","avgPrice":7.921428571428571,"households":4106,"buildingCount":4,"rank":285},"geometry":{"type":"Point","coordinates":[127.064887,37.646084]}},{"type":"Feature","properties":{"id":"A10022412","name":"신림한양아파트","district":"관악구","neighborhood":"신림동","avgPrice":6.15,"households":4105,"buildingCount":1,"rank":286},"geometry":{"type":"Point","coordinates":[126.91502,37.472878]}},{"type":"Feature","properties":{"id":"A13186801","name":"신내다우훼밀리","district":"중랑구","neighborhood":"신내동","avgPrice":5.275,"households":4105,"buildingCount":7,"rank":287},"geometry":{"type":"Point","coordinates":[127.095664,37.600661]}},{"type":"Feature","properties":{"id":"A13784102","name":"방배1차이편한세상","district":"서초구","neighborhood":"방배동","avgPrice":16.4,"households":4103,"buildingCount":4,"rank":288},"geometry":{"type":"Point","coordinates":[126.999112,37.487944]}},{"type":"Feature","properties":{"id":"A13281802","name":"도봉럭키","district":"도봉구","neighborhood":"도봉동","avgPrice":5.452857142857143,"households":4102,"buildingCount":4,"rank":289},"geometry":{"type":"Point","coordinates":[127.044384,37.679405]}},{"type":"Feature","properties":{"id":"A10021020","name":"한진그랑빌 ","district":"중구","neighborhood":"신당동","avgPrice":7.55,"households":4099,"buildingCount":3,"rank":290},"geometry":{"type":"Point","coordinates":[127.025942,37.56345]}},{"type":"Feature","properties":{"id":"A13552002","name":"강남데시앙포레","district":"강남구","neighborhood":"수서동","avgPrice":22.3,"households":4095,"buildingCount":10,"rank":291},"geometry":{"type":"Point","coordinates":[127.090644,37.481109]}},{"type":"Feature","properties":{"id":"A13552001","name":"서울주택도시공사 수서6단지","district":"강남구","neighborhood":"수서동","avgPrice":20.1,"households":4094,"buildingCount":0,"rank":292},"geometry":{"type":"Point","coordinates":[127.023462,37.515985]}},{"type":"Feature","properties":{"id":"A10020968","name":"염광아파트","district":"중랑구","neighborhood":"망우동","avgPrice":7.55,"households":4089,"buildingCount":14,"rank":293},"geometry":{"type":"Point","coordinates":[127.10641,37.602441]}},{"type":"Feature","properties":{"id":"A10025755","name":"청담신동아아파트","district":"강남구","neighborhood":"청담동","avgPrice":30.9,"households":4088,"buildingCount":0,"rank":294},"geometry":{"type":"Point","coordinates":[127.059074,37.534885]}},{"type":"Feature","properties":{"id":"A10025754","name":"답십리파크자이","district":"동대문구","neighborhood":"답십리동","avgPrice":13.37875,"households":4087,"buildingCount":2,"rank":295},"geometry":{"type":"Point","coordinates":[127.059563,37.568742]}},{"type":"Feature","properties":{"id":"A10024367","name":"가양동 강나루 2차현대아파트","district":"강서구","neighborhood":"가양동","avgPrice":15,"households":4086,"buildingCount":7,"rank":296},"geometry":{"type":"Point","coordinates":[126.856342,37.561447]}},{"type":"Feature","properties":{"id":"A10025753","name":"길음뉴타운11단지 롯데캐슬골든힐스아파트","district":"성북구","neighborhood":"길음동","avgPrice":9.97875,"households":4086,"buildingCount":5,"rank":297},"geometry":{"type":"Point","coordinates":[127.0164,37.608504]}},{"type":"Feature","properties":{"id":"A10020964","name":"힐스테이트관악센트씨엘","district":"관악구","neighborhood":"봉천동","avgPrice":15.75,"households":4085,"buildingCount":0,"rank":298},"geometry":{"type":"Point","coordinates":[126.947308,37.464225]}},{"type":"Feature","properties":{"id":"A10024366","name":"면목풍림아파트","district":"중랑구","neighborhood":"면목동","avgPrice":5.64,"households":4085,"buildingCount":1,"rank":299},"geometry":{"type":"Point","coordinates":[127.072285,37.591013]}},{"type":"Feature","properties":{"id":"A10024365","name":"상도역롯데캐슬파크엘","district":"동작구","neighborhood":"상도동","avgPrice":18.883333333333333,"households":4084,"buildingCount":10,"rank":300},"geometry":{"type":"Point","coordinates":[126.946934,37.500709]}},{"type":"Feature","properties":{"id":"A15786118","name":"염창한마음삼성","district":"강서구","neighborhood":"염창동","avgPrice":14.649999999999999,"households":4084,"buildingCount":0,"rank":301},"geometry":{"type":"Point","coordinates":[126.869883,37.553033]}},{"type":"Feature","properties":{"id":"A15786116","name":"염창금호","district":"강서구","neighborhood":"염창동","avgPrice":13.25,"households":4082,"buildingCount":4,"rank":302},"geometry":{"type":"Point","coordinates":[126.865107,37.556268]}},{"type":"Feature","properties":{"id":"A10022406","name":"신성은하수아파트","district":"구로구","neighborhood":"신도림동","avgPrice":7.949999999999999,"households":4078,"buildingCount":5,"rank":303},"geometry":{"type":"Point","coordinates":[126.887013,37.507406]}},{"type":"Feature","properties":{"id":"A13684306","name":"정릉중앙하이츠빌2단지","district":"성북구","neighborhood":"정릉동","avgPrice":7.018571428571428,"households":4078,"buildingCount":8,"rank":304},"geometry":{"type":"Point","coordinates":[127.010292,37.60376]}},{"type":"Feature","properties":{"id":"A15786111","name":"염창극동","district":"강서구","neighborhood":"염창동","avgPrice":13.75,"households":4077,"buildingCount":1,"rank":305},"geometry":{"type":"Point","coordinates":[126.871478,37.55275]}},{"type":"Feature","properties":{"id":"A15383604","name":"독산진도3차","district":"금천구","neighborhood":"독산동","avgPrice":10.9,"households":4077,"buildingCount":2,"rank":306},"geometry":{"type":"Point","coordinates":[126.89341,37.46863]}},{"type":"Feature","properties":{"id":"A10021018","name":" 동방아파트","district":"양천구","neighborhood":"신월동","avgPrice":4.028333333333333,"households":4076,"buildingCount":1,"rank":307},"geometry":{"type":"Point","coordinates":[126.846712,37.521266]}},{"type":"Feature","properties":{"id":"A10022403","name":"힐스테이트 e편한세상 문정아파트","district":"송파구","neighborhood":"문정동","avgPrice":19.65,"households":4075,"buildingCount":0,"rank":308},"geometry":{"type":"Point","coordinates":[127.118316,37.485749]}},{"type":"Feature","properties":{"id":"A15383601","name":"독산진도2차","district":"금천구","neighborhood":"독산동","avgPrice":4.95,"households":4074,"buildingCount":1,"rank":309},"geometry":{"type":"Point","coordinates":[126.906561,37.434728]}},{"type":"Feature","properties":{"id":"A13377302","name":"금호베스트빌아파트 제2관리사무소","district":"성동구","neighborhood":"하왕십리동","avgPrice":12.725,"households":4073,"buildingCount":3,"rank":310},"geometry":{"type":"Point","coordinates":[127.018999,37.559677]}},{"type":"Feature","properties":{"id":"A13377301","name":"하왕십리극동미라주2","district":"성동구","neighborhood":"하왕십리동","avgPrice":13.677142857142858,"households":4072,"buildingCount":4,"rank":311},"geometry":{"type":"Point","coordinates":[127.063351,37.570949]}},{"type":"Feature","properties":{"id":"A13185402","name":"묵동한국","district":"중랑구","neighborhood":"묵동","avgPrice":6.282222222222222,"households":4071,"buildingCount":2,"rank":312},"geometry":{"type":"Point","coordinates":[127.073447,37.614327]}},{"type":"Feature","properties":{"id":"A15208204","name":"고척한일유앤아이","district":"구로구","neighborhood":"고척동","avgPrice":6.276666666666666,"households":4069,"buildingCount":0,"rank":313},"geometry":{"type":"Point","coordinates":[126.907784,37.515885]}},{"type":"Feature","properties":{"id":"A15208202","name":"고척삼익1단지","district":"구로구","neighborhood":"고척동","avgPrice":14.05,"households":4067,"buildingCount":3,"rank":314},"geometry":{"type":"Point","coordinates":[126.853523,37.508632]}},{"type":"Feature","properties":{"id":"A15303205","name":"관악벽산타운5단지","district":"금천구","neighborhood":"시흥동","avgPrice":9.55,"households":4066,"buildingCount":9,"rank":315},"geometry":{"type":"Point","coordinates":[126.918762,37.448218]}},{"type":"Feature","properties":{"id":"A15208201","name":"고척양우","district":"구로구","neighborhood":"고척동","avgPrice":5.166666666666667,"households":4066,"buildingCount":2,"rank":316},"geometry":{"type":"Point","coordinates":[126.874286,37.49744]}},{"type":"Feature","properties":{"id":"A15303204","name":"벽산6","district":"금천구","neighborhood":"시흥동","avgPrice":12.899999999999999,"households":4065,"buildingCount":4,"rank":317},"geometry":{"type":"Point","coordinates":[126.918335,37.449556]}},{"type":"Feature","properties":{"id":"A15303203","name":"관악우방","district":"금천구","neighborhood":"시흥동","avgPrice":5.399473684210527,"households":4064,"buildingCount":5,"rank":318},"geometry":{"type":"Point","coordinates":[126.913618,37.449343]}},{"type":"Feature","properties":{"id":"A15303202","name":"관악벽산2단지","district":"금천구","neighborhood":"시흥동","avgPrice":14.75,"households":4063,"buildingCount":8,"rank":319},"geometry":{"type":"Point","coordinates":[126.918983,37.451692]}},{"type":"Feature","properties":{"id":"A10020959","name":"묵동신도브래뉴주상복합아파트","district":"중랑구","neighborhood":"묵동","avgPrice":5.366666666666666,"households":4059,"buildingCount":0,"rank":320},"geometry":{"type":"Point","coordinates":[127.121178,37.596625]}},{"type":"Feature","properties":{"id":"A10020958","name":"호반써밋개봉아파트","district":"구로구","neighborhood":"개봉동","avgPrice":8.06,"households":4058,"buildingCount":2,"rank":321},"geometry":{"type":"Point","coordinates":[126.888575,37.492267]}},{"type":"Feature","properties":{"id":"A10024359","name":"삼정아트테라스정동","district":"중구","neighborhood":"정동","avgPrice":5.6,"households":4057,"buildingCount":0,"rank":322},"geometry":{"type":"Point","coordinates":[126.97186,37.563197]}},{"type":"Feature","properties":{"id":"A10024358","name":"풍납 갑을아파트","district":"송파구","neighborhood":"풍납동","avgPrice":8.1,"households":4056,"buildingCount":0,"rank":323},"geometry":{"type":"Point","coordinates":[127.119124,37.51801]}},{"type":"Feature","properties":{"id":"A10025743","name":"희훈타워빌","district":"구로구","neighborhood":"구로동","avgPrice":9.4,"households":4055,"buildingCount":4,"rank":324},"geometry":{"type":"Point","coordinates":[126.888713,37.501831]}},{"type":"Feature","properties":{"id":"A15283809","name":"구로우성","district":"구로구","neighborhood":"구로동","avgPrice":9.55,"households":4053,"buildingCount":1,"rank":325},"geometry":{"type":"Point","coordinates":[126.889232,37.50359]}},{"type":"Feature","properties":{"id":"A10024355","name":"목동세종그랑시아 아파트","district":"양천구","neighborhood":"목동","avgPrice":7.45,"households":4053,"buildingCount":0,"rank":326},"geometry":{"type":"Point","coordinates":[126.87232,37.522018]}},{"type":"Feature","properties":{"id":"A10024353","name":"염창현대아이파크아파트","district":"강서구","neighborhood":"염창동","avgPrice":11.5,"households":4051,"buildingCount":1,"rank":327},"geometry":{"type":"Point","coordinates":[126.875731,37.547664]}},{"type":"Feature","properties":{"id":"A15283807","name":"LG신도림자이","district":"구로구","neighborhood":"구로동","avgPrice":8.2,"households":4051,"buildingCount":6,"rank":328},"geometry":{"type":"Point","coordinates":[126.891814,37.503206]}},{"type":"Feature","properties":{"id":"A15283806","name":"구로다솜금호","district":"구로구","neighborhood":"구로동","avgPrice":6.437142857142858,"households":4050,"buildingCount":0,"rank":329},"geometry":{"type":"Point","coordinates":[126.906972,37.474395]}},{"type":"Feature","properties":{"id":"A15786104","name":"삼성하나로","district":"강서구","neighborhood":"염창동","avgPrice":8.504,"households":4049,"buildingCount":1,"rank":330},"geometry":{"type":"Point","coordinates":[126.872059,37.551584]}},{"type":"Feature","properties":{"id":"A15188801","name":"신림초원","district":"관악구","neighborhood":"신림동","avgPrice":4.125,"households":4049,"buildingCount":1,"rank":331},"geometry":{"type":"Point","coordinates":[126.914129,37.473335]}},{"type":"Feature","properties":{"id":"A15283803","name":"구로금호어울림","district":"구로구","neighborhood":"구로동","avgPrice":4.883333333333334,"households":4047,"buildingCount":8,"rank":332},"geometry":{"type":"Point","coordinates":[126.87701,37.492932]}},{"type":"Feature","properties":{"id":"A15283801","name":"신도림쌍용플래티넘노블","district":"구로구","neighborhood":"구로동","avgPrice":8.933333333333332,"households":4045,"buildingCount":4,"rank":333},"geometry":{"type":"Point","coordinates":[126.891642,37.500735]}},{"type":"Feature","properties":{"id":"A15190301","name":"신림미성","district":"관악구","neighborhood":"신림동","avgPrice":11,"households":4037,"buildingCount":1,"rank":334},"geometry":{"type":"Point","coordinates":[126.912334,37.476599]}},{"type":"Feature","properties":{"id":"A15721011","name":"마곡엠밸리3단지","district":"강서구","neighborhood":"마곡동","avgPrice":6.699999999999999,"households":4035,"buildingCount":5,"rank":335},"geometry":{"type":"Point","coordinates":[126.820513,37.56759]}},{"type":"Feature","properties":{"id":"A15721010","name":"마곡엠밸리14단지","district":"강서구","neighborhood":"마곡동","avgPrice":14.3,"households":4034,"buildingCount":4,"rank":336},"geometry":{"type":"Point","coordinates":[126.825165,37.557411]}},{"type":"Feature","properties":{"id":"A10020947","name":"현대파크빌아파트","district":"구로구","neighborhood":"구로동","avgPrice":9.075,"households":4026,"buildingCount":0,"rank":337},"geometry":{"type":"Point","coordinates":[126.871766,37.490595]}},{"type":"Feature","properties":{"id":"A13983608","name":"상계한신","district":"노원구","neighborhood":"상계동","avgPrice":10.450000000000001,"households":4025,"buildingCount":6,"rank":338},"geometry":{"type":"Point","coordinates":[127.059283,37.673051]}},{"type":"Feature","properties":{"id":"A10024347","name":"마포프레스티지자이아파트","district":"마포구","neighborhood":"염리동","avgPrice":22.92142857142857,"households":4024,"buildingCount":9,"rank":339},"geometry":{"type":"Point","coordinates":[126.947678,37.553495]}},{"type":"Feature","properties":{"id":"A13676605","name":"길음뉴타운 데시앙","district":"성북구","neighborhood":"정릉동","avgPrice":11.100000000000001,"households":4021,"buildingCount":5,"rank":340},"geometry":{"type":"Point","coordinates":[127.016484,37.606483]}},{"type":"Feature","properties":{"id":"A13488104","name":"길동GS강동자이","district":"강동구","neighborhood":"길동","avgPrice":12.85,"households":4016,"buildingCount":0,"rank":341},"geometry":{"type":"Point","coordinates":[127.128962,37.54603]}},{"type":"Feature","properties":{"id":"A13177702","name":"면목두원","district":"중랑구","neighborhood":"면목동","avgPrice":14.9,"households":4015,"buildingCount":2,"rank":342},"geometry":{"type":"Point","coordinates":[127.08015,37.573671]}},{"type":"Feature","properties":{"id":"A15282405","name":"산업인","district":"구로구","neighborhood":"고척동","avgPrice":7.9,"households":4014,"buildingCount":8,"rank":343},"geometry":{"type":"Point","coordinates":[126.86643,37.504297]}},{"type":"Feature","properties":{"id":"A13177701","name":"면목","district":"중랑구","neighborhood":"면목동","avgPrice":7.173333333333334,"households":4014,"buildingCount":0,"rank":344},"geometry":{"type":"Point","coordinates":[127.08923,37.582376]}},{"type":"Feature","properties":{"id":"A13771601","name":"방배서리풀e편한세상","district":"서초구","neighborhood":"방배동","avgPrice":32.10142857142857,"households":4013,"buildingCount":9,"rank":345},"geometry":{"type":"Point","coordinates":[126.998404,37.483993]}},{"type":"Feature","properties":{"id":"A14088302","name":"한강트럼프월드3차","district":"용산구","neighborhood":"한강로3가","avgPrice":17.05,"households":4013,"buildingCount":3,"rank":346},"geometry":{"type":"Point","coordinates":[126.963344,37.523315]}},{"type":"Feature","properties":{"id":"A15721009","name":"마곡엠밸리2단지","district":"강서구","neighborhood":"마곡동","avgPrice":15.9,"households":4012,"buildingCount":4,"rank":347},"geometry":{"type":"Point","coordinates":[126.820028,37.569223]}},{"type":"Feature","properties":{"id":"A15282403","name":"고척한효","district":"구로구","neighborhood":"고척동","avgPrice":6.06,"households":4012,"buildingCount":2,"rank":348},"geometry":{"type":"Point","coordinates":[126.862027,37.501201]}},{"type":"Feature","properties":{"id":"A15721008","name":"마곡엠밸리4단지","district":"강서구","neighborhood":"마곡동","avgPrice":17.049999999999997,"households":4011,"buildingCount":10,"rank":349},"geometry":{"type":"Point","coordinates":[126.825146,37.569364]}},{"type":"Feature","properties":{"id":"A15721007","name":"마곡엠밸리7단지","district":"강서구","neighborhood":"마곡동","avgPrice":22.21666666666667,"households":4010,"buildingCount":8,"rank":350},"geometry":{"type":"Point","coordinates":[126.82302,37.56516]}},{"type":"Feature","properties":{"id":"A15721006","name":"마곡엠밸리6단지","district":"강서구","neighborhood":"마곡동","avgPrice":17.616666666666667,"households":4009,"buildingCount":8,"rank":351},"geometry":{"type":"Point","coordinates":[126.820513,37.564615]}},{"type":"Feature","properties":{"id":"A15721005","name":"마곡벽산","district":"강서구","neighborhood":"마곡동","avgPrice":8.456153846153846,"households":4008,"buildingCount":7,"rank":352},"geometry":{"type":"Point","coordinates":[126.837763,37.575854]}},{"type":"Feature","properties":{"id":"A13080801","name":"답십리대림","district":"동대문구","neighborhood":"답십리동","avgPrice":8.19625,"households":4008,"buildingCount":1,"rank":353},"geometry":{"type":"Point","coordinates":[127.06459,37.571432]}},{"type":"Feature","properties":{"id":"A13309301","name":"금호한신휴플러스","district":"성동구","neighborhood":"금호동3가","avgPrice":15.15,"households":4007,"buildingCount":2,"rank":354},"geometry":{"type":"Point","coordinates":[127.018197,37.550162]}},{"type":"Feature","properties":{"id":"A15721004","name":"마곡한솔솔파크","district":"강서구","neighborhood":"마곡동","avgPrice":11.53,"households":4007,"buildingCount":3,"rank":355},"geometry":{"type":"Point","coordinates":[126.823484,37.569943]}},{"type":"Feature","properties":{"id":"A15721003","name":"마곡신안","district":"강서구","neighborhood":"마곡동","avgPrice":8.707142857142857,"households":4006,"buildingCount":2,"rank":356},"geometry":{"type":"Point","coordinates":[126.823705,37.568336]}},{"type":"Feature","properties":{"id":"A10027687","name":"마곡힐스테이트","district":"강서구","neighborhood":"마곡동","avgPrice":16.0375,"households":4004,"buildingCount":10,"rank":357},"geometry":{"type":"Point","coordinates":[126.818176,37.564307]}},{"type":"Feature","properties":{"id":"A15721001","name":"마곡금호어울림","district":"강서구","neighborhood":"마곡동","avgPrice":9.56,"households":4004,"buildingCount":3,"rank":358},"geometry":{"type":"Point","coordinates":[126.837931,37.574842]}},{"type":"Feature","properties":{"id":"A10026299","name":"래미안로이파크아파트","district":"동작구","neighborhood":"사당동","avgPrice":21.605,"households":4002,"buildingCount":4,"rank":359},"geometry":{"type":"Point","coordinates":[126.973425,37.488117]}},{"type":"Feature","properties":{"id":"A10022897","name":"미아sh빌아파트","district":"강북구","neighborhood":"미아동","avgPrice":10.899999999999999,"households":4002,"buildingCount":1,"rank":360},"geometry":{"type":"Point","coordinates":[127.019576,37.625814]}},{"type":"Feature","properties":{"id":"A10027684","name":"당산브라운스톤아파트","district":"영등포구","neighborhood":"당산동4가","avgPrice":12.649999999999999,"households":4001,"buildingCount":7,"rank":361},"geometry":{"type":"Point","coordinates":[126.901817,37.527155]}},{"type":"Feature","properties":{"id":"A10025729","name":"목동파크자이아파트","district":"양천구","neighborhood":"신정동","avgPrice":12.450000000000001,"households":3999,"buildingCount":0,"rank":362},"geometry":{"type":"Point","coordinates":[126.850566,37.50169]}},{"type":"Feature","properties":{"id":"A10027681","name":"홍제금호어울림아파트","district":"서대문구","neighborhood":"홍제동","avgPrice":9.160769230769231,"households":3998,"buildingCount":7,"rank":363},"geometry":{"type":"Point","coordinates":[126.940848,37.584615]}},{"type":"Feature","properties":{"id":"A10022891","name":"브라이튼여의도아파트","district":"영등포구","neighborhood":"여의도동","avgPrice":46.46,"households":3996,"buildingCount":0,"rank":364},"geometry":{"type":"Point","coordinates":[126.922316,37.517775]}},{"type":"Feature","properties":{"id":"A10020935","name":"응암sh빌아파트","district":"은평구","neighborhood":"응암동","avgPrice":9.9,"households":3993,"buildingCount":2,"rank":365},"geometry":{"type":"Point","coordinates":[126.926919,37.598017]}},{"type":"Feature","properties":{"id":"A10024334","name":"마포KCC웰츠타워","district":"마포구","neighborhood":"신공덕동","avgPrice":11.9,"households":3990,"buildingCount":2,"rank":366},"geometry":{"type":"Point","coordinates":[126.952474,37.542869]}},{"type":"Feature","properties":{"id":"A10024333","name":"용산 베르디움 프렌즈","district":"용산구","neighborhood":"한강로2가","avgPrice":20.5,"households":3989,"buildingCount":2,"rank":367},"geometry":{"type":"Point","coordinates":[126.971504,37.535487]}},{"type":"Feature","properties":{"id":"A15681503","name":"사당극동","district":"동작구","neighborhood":"사당동","avgPrice":7.6,"households":3986,"buildingCount":4,"rank":368},"geometry":{"type":"Point","coordinates":[126.974262,37.490814]}},{"type":"Feature","properties":{"id":"A15681502","name":"사당우성2단지","district":"동작구","neighborhood":"사당동","avgPrice":15.424444444444443,"households":3985,"buildingCount":7,"rank":369},"geometry":{"type":"Point","coordinates":[126.976691,37.488091]}},{"type":"Feature","properties":{"id":"A13707019","name":"서초한신리빙타워","district":"서초구","neighborhood":"서초동","avgPrice":7,"households":3985,"buildingCount":1,"rank":370},"geometry":{"type":"Point","coordinates":[127.009943,37.484132]}},{"type":"Feature","properties":{"id":"A13982202","name":"상계주공12단지","district":"노원구","neighborhood":"상계동","avgPrice":7.55,"households":3984,"buildingCount":3,"rank":371},"geometry":{"type":"Point","coordinates":[127.058243,37.66676]}},{"type":"Feature","properties":{"id":"A15681501","name":"사당우성(4-3)아파트","district":"동작구","neighborhood":"사당동","avgPrice":5.65,"households":3984,"buildingCount":0,"rank":372},"geometry":{"type":"Point","coordinates":[126.930542,37.49854]}},{"type":"Feature","properties":{"id":"A13707017","name":"서초동아타워","district":"서초구","neighborhood":"서초동","avgPrice":13.9,"households":3983,"buildingCount":2,"rank":373},"geometry":{"type":"Point","coordinates":[127.02519,37.495756]}},{"type":"Feature","properties":{"id":"A13707016","name":"서초교대e편한세상","district":"서초구","neighborhood":"서초동","avgPrice":24.5,"households":3982,"buildingCount":4,"rank":374},"geometry":{"type":"Point","coordinates":[127.016941,37.496261]}},{"type":"Feature","properties":{"id":"A15186002","name":"대학동현대(구신림9동)","district":"관악구","neighborhood":"신림동","avgPrice":5.1625,"households":3980,"buildingCount":0,"rank":375},"geometry":{"type":"Point","coordinates":[126.93536,37.46103]}},{"type":"Feature","properties":{"id":"A15003802","name":"당산푸르지오","district":"영등포구","neighborhood":"영등포동8가","avgPrice":17.23,"households":3976,"buildingCount":3,"rank":376},"geometry":{"type":"Point","coordinates":[126.906599,37.530568]}},{"type":"Feature","properties":{"id":"A15601105","name":"신대방현대","district":"동작구","neighborhood":"신대방동","avgPrice":11.646363636363635,"households":3976,"buildingCount":0,"rank":377},"geometry":{"type":"Point","coordinates":[126.90984,37.490087]}},{"type":"Feature","properties":{"id":"A13707010","name":"래미안서초유니빌","district":"서초구","neighborhood":"서초동","avgPrice":5.093846153846154,"households":3976,"buildingCount":0,"rank":378},"geometry":{"type":"Point","coordinates":[127.017008,37.484697]}},{"type":"Feature","properties":{"id":"A15003801","name":"영등포삼환","district":"영등포구","neighborhood":"영등포동8가","avgPrice":14.629285714285714,"households":3975,"buildingCount":5,"rank":379},"geometry":{"type":"Point","coordinates":[126.905216,37.529394]}},{"type":"Feature","properties":{"id":"A15601104","name":"보라매롯데낙천대","district":"동작구","neighborhood":"신대방동","avgPrice":11.495,"households":3975,"buildingCount":6,"rank":380},"geometry":{"type":"Point","coordinates":[126.914356,37.494109]}},{"type":"Feature","properties":{"id":"A15601103","name":"신대방경남아너스빌","district":"동작구","neighborhood":"신대방동","avgPrice":10.225000000000001,"households":3974,"buildingCount":5,"rank":381},"geometry":{"type":"Point","coordinates":[126.908439,37.489384]}},{"type":"Feature","properties":{"id":"A15601102","name":"신대방경남교수","district":"동작구","neighborhood":"신대방동","avgPrice":12.983333333333334,"households":3973,"buildingCount":1,"rank":382},"geometry":{"type":"Point","coordinates":[126.961527,37.509318]}},{"type":"Feature","properties":{"id":"A15007201","name":"신대림자이","district":"영등포구","neighborhood":"대림동","avgPrice":9.145714285714286,"households":3973,"buildingCount":3,"rank":383},"geometry":{"type":"Point","coordinates":[126.902284,37.486163]}},{"type":"Feature","properties":{"id":"A12172201","name":"신촌포스빌","district":"마포구","neighborhood":"노고산동","avgPrice":2.57,"households":3973,"buildingCount":1,"rank":384},"geometry":{"type":"Point","coordinates":[126.942244,37.55622]}},{"type":"Feature","properties":{"id":"A14003106","name":"이촌강촌아파트","district":"용산구","neighborhood":"이촌동","avgPrice":26.645454545454548,"households":3972,"buildingCount":4,"rank":385},"geometry":{"type":"Point","coordinates":[126.977544,37.519425]}},{"type":"Feature","properties":{"id":"A14003105","name":"한강대우","district":"용산구","neighborhood":"이촌동","avgPrice":21.549999999999997,"households":3971,"buildingCount":3,"rank":386},"geometry":{"type":"Point","coordinates":[126.969584,37.522041]}},{"type":"Feature","properties":{"id":"A10026289","name":"공릉2차신도브래뉴아파트","district":"노원구","neighborhood":"공릉동","avgPrice":13.350000000000001,"households":3971,"buildingCount":3,"rank":387},"geometry":{"type":"Point","coordinates":[127.071932,37.625973]}},{"type":"Feature","properties":{"id":"A15102203","name":"신림쌍용","district":"관악구","neighborhood":"신림동","avgPrice":13.100000000000001,"households":3971,"buildingCount":3,"rank":388},"geometry":{"type":"Point","coordinates":[126.911929,37.472319]}},{"type":"Feature","properties":{"id":"A14003104","name":"이촌동삼성리버스위트","district":"용산구","neighborhood":"이촌동","avgPrice":34.833333333333336,"households":3970,"buildingCount":7,"rank":389},"geometry":{"type":"Point","coordinates":[126.972801,37.522666]}},{"type":"Feature","properties":{"id":"A15102202","name":"신림동부센트레빌","district":"관악구","neighborhood":"신림동","avgPrice":7.723333333333333,"households":3970,"buildingCount":4,"rank":390},"geometry":{"type":"Point","coordinates":[126.916287,37.473073]}},{"type":"Feature","properties":{"id":"A14003101","name":"이촌반도","district":"용산구","neighborhood":"이촌동","avgPrice":35.75,"households":3967,"buildingCount":1,"rank":391},"geometry":{"type":"Point","coordinates":[126.982115,37.51723]}},{"type":"Feature","properties":{"id":"A15001020","name":"여의도삼부","district":"영등포구","neighborhood":"여의도동","avgPrice":33.372727272727275,"households":3966,"buildingCount":4,"rank":392},"geometry":{"type":"Point","coordinates":[126.932773,37.523709]}},{"type":"Feature","properties":{"id":"A10027670","name":"상봉듀오트리스","district":"중랑구","neighborhood":"상봉동","avgPrice":14.366666666666667,"households":3966,"buildingCount":2,"rank":393},"geometry":{"type":"Point","coordinates":[127.092234,37.597486]}},{"type":"Feature","properties":{"id":"A10024327","name":"오렌지카운티 을지로","district":"중구","neighborhood":"오장동","avgPrice":8.3,"households":3962,"buildingCount":2,"rank":394},"geometry":{"type":"Point","coordinates":[127.0013,37.56566]}},{"type":"Feature","properties":{"id":"A14387605","name":"자양한양","district":"광진구","neighborhood":"자양동","avgPrice":32.25,"households":3961,"buildingCount":3,"rank":395},"geometry":{"type":"Point","coordinates":[127.090909,37.532775]}},{"type":"Feature","properties":{"id":"A10021490","name":"건영약수맨션","district":"동작구","neighborhood":"상도동","avgPrice":11.5,"households":3960,"buildingCount":4,"rank":396},"geometry":{"type":"Point","coordinates":[126.944426,37.497942]}},{"type":"Feature","properties":{"id":"A10025710","name":"경희궁 롯데캐슬아파트","district":"종로구","neighborhood":"무악동","avgPrice":12.75,"households":3959,"buildingCount":2,"rank":397},"geometry":{"type":"Point","coordinates":[126.95946,37.573732]}},{"type":"Feature","properties":{"id":"A15179701","name":"임광관악파크","district":"관악구","neighborhood":"신림동","avgPrice":8.5,"households":3958,"buildingCount":5,"rank":398},"geometry":{"type":"Point","coordinates":[126.919223,37.469656]}},{"type":"Feature","properties":{"id":"A10020921","name":"관악우정하이비전아파트 2단지","district":"관악구","neighborhood":"신림동","avgPrice":5.8625,"households":3958,"buildingCount":0,"rank":399},"geometry":{"type":"Point","coordinates":[126.931184,37.468185]}},{"type":"Feature","properties":{"id":"A10024322","name":"삼호한숲아파트","district":"서초구","neighborhood":"방배동","avgPrice":16.599999999999998,"households":3957,"buildingCount":3,"rank":400},"geometry":{"type":"Point","coordinates":[126.99875,37.477362]}},{"type":"Feature","properties":{"id":"A13882402","name":"문정푸르지오1차","district":"송파구","neighborhood":"문정동","avgPrice":21.8,"households":3955,"buildingCount":4,"rank":401},"geometry":{"type":"Point","coordinates":[127.128201,37.487048]}},{"type":"Feature","properties":{"id":"A13882401","name":"문정푸르지오2차","district":"송파구","neighborhood":"문정동","avgPrice":24.9,"households":3954,"buildingCount":2,"rank":402},"geometry":{"type":"Point","coordinates":[127.127266,37.486815]}},{"type":"Feature","properties":{"id":"A13707009","name":"래미안 서초스위트 아파트","district":"서초구","neighborhood":"서초동","avgPrice":24.15,"households":3954,"buildingCount":2,"rank":403},"geometry":{"type":"Point","coordinates":[127.019937,37.50173]}},{"type":"Feature","properties":{"id":"A13608601","name":"보문아남","district":"성북구","neighborhood":"보문동6가","avgPrice":6.738333333333333,"households":3952,"buildingCount":3,"rank":404},"geometry":{"type":"Point","coordinates":[127.017684,37.581441]}},{"type":"Feature","properties":{"id":"A15086202","name":"양평신동아아파트","district":"영등포구","neighborhood":"양평동1가","avgPrice":11.575,"households":3951,"buildingCount":2,"rank":405},"geometry":{"type":"Point","coordinates":[126.894078,37.520788]}},{"type":"Feature","properties":{"id":"A13707006","name":"대림서초리시온","district":"서초구","neighborhood":"서초동","avgPrice":5.03,"households":3951,"buildingCount":1,"rank":406},"geometry":{"type":"Point","coordinates":[127.015382,37.493498]}},{"type":"Feature","properties":{"id":"A15086201","name":"양평서통한신","district":"영등포구","neighborhood":"양평동1가","avgPrice":16.15,"households":3950,"buildingCount":2,"rank":407},"geometry":{"type":"Point","coordinates":[126.887636,37.5217]}},{"type":"Feature","properties":{"id":"A13707003","name":"서초대우아이빌","district":"서초구","neighborhood":"서초동","avgPrice":9.51,"households":3948,"buildingCount":2,"rank":408},"geometry":{"type":"Point","coordinates":[127.017587,37.493949]}},{"type":"Feature","properties":{"id":"A13707002","name":"아남","district":"서초구","neighborhood":"서초동","avgPrice":21,"households":3947,"buildingCount":6,"rank":409},"geometry":{"type":"Point","coordinates":[127.0206,37.493013]}},{"type":"Feature","properties":{"id":"A13610107","name":"길음뉴타운 경남아너스빌","district":"성북구","neighborhood":"정릉동","avgPrice":7.25,"households":3946,"buildingCount":7,"rank":410},"geometry":{"type":"Point","coordinates":[127.017138,37.604694]}},{"type":"Feature","properties":{"id":"A13290003","name":"창동동아","district":"도봉구","neighborhood":"창동","avgPrice":11.7,"households":3945,"buildingCount":0,"rank":411},"geometry":{"type":"Point","coordinates":[127.049883,37.656757]}},{"type":"Feature","properties":{"id":"A15001019","name":"여의도광장","district":"영등포구","neighborhood":"여의도동","avgPrice":32.666666666666664,"households":3944,"buildingCount":0,"rank":412},"geometry":{"type":"Point","coordinates":[126.930533,37.51919]}},{"type":"Feature","properties":{"id":"A12109002","name":"염리삼성래미안","district":"마포구","neighborhood":"염리동","avgPrice":18.51111111111111,"households":3942,"buildingCount":5,"rank":413},"geometry":{"type":"Point","coordinates":[126.947549,37.549876]}},{"type":"Feature","properties":{"id":"A12204006","name":"불광롯데캐슬","district":"은평구","neighborhood":"불광동","avgPrice":10.152941176470588,"households":3942,"buildingCount":6,"rank":414},"geometry":{"type":"Point","coordinates":[126.932663,37.612958]}},{"type":"Feature","properties":{"id":"A13610103","name":"정릉힐스테이트","district":"성북구","neighborhood":"정릉동","avgPrice":8.398333333333333,"households":3942,"buildingCount":1,"rank":415},"geometry":{"type":"Point","coordinates":[127.015486,37.602834]}},{"type":"Feature","properties":{"id":"A15001016","name":"여의도대교","district":"영등포구","neighborhood":"여의도동","avgPrice":33.01833333333333,"households":3941,"buildingCount":0,"rank":416},"geometry":{"type":"Point","coordinates":[126.924414,37.53238]}},{"type":"Feature","properties":{"id":"A12109001","name":"마포자이","district":"마포구","neighborhood":"염리동","avgPrice":24.55625,"households":3941,"buildingCount":8,"rank":417},"geometry":{"type":"Point","coordinates":[126.945155,37.543276]}},{"type":"Feature","properties":{"id":"A12204005","name":"북한산래미안아파트(임대)","district":"은평구","neighborhood":"불광동","avgPrice":16.2,"households":3941,"buildingCount":0,"rank":418},"geometry":{"type":"Point","coordinates":[126.913614,37.58083]}},{"type":"Feature","properties":{"id":"A13610102","name":"길음뉴타운10단지","district":"성북구","neighborhood":"정릉동","avgPrice":10.1,"households":3941,"buildingCount":9,"rank":419},"geometry":{"type":"Point","coordinates":[127.018479,37.603706]}},{"type":"Feature","properties":{"id":"A10022878","name":"개봉상우2차아파트","district":"구로구","neighborhood":"개봉동","avgPrice":5.479,"households":3941,"buildingCount":1,"rank":420},"geometry":{"type":"Point","coordinates":[126.872503,37.493786]}},{"type":"Feature","properties":{"id":"A12204004","name":"북한산힐스테이트3차아파트","district":"은평구","neighborhood":"불광동","avgPrice":9.9,"households":3940,"buildingCount":11,"rank":421},"geometry":{"type":"Point","coordinates":[126.934664,37.618672]}},{"type":"Feature","properties":{"id":"A10026279","name":"방학금광포란재아파트","district":"도봉구","neighborhood":"방학동","avgPrice":5.196666666666666,"households":3940,"buildingCount":1,"rank":422},"geometry":{"type":"Point","coordinates":[127.044994,37.664418]}},{"type":"Feature","properties":{"id":"A12204003","name":"북한산힐스테이트1차","district":"은평구","neighborhood":"불광동","avgPrice":8.717647058823529,"households":3939,"buildingCount":5,"rank":423},"geometry":{"type":"Point","coordinates":[126.93696,37.612754]}},{"type":"Feature","properties":{"id":"A12204002","name":"북한산대창센시티","district":"은평구","neighborhood":"불광동","avgPrice":7.34,"households":3938,"buildingCount":2,"rank":424},"geometry":{"type":"Point","coordinates":[126.929259,37.625472]}},{"type":"Feature","properties":{"id":"A15001012","name":"여의도공작","district":"영등포구","neighborhood":"여의도동","avgPrice":32.9,"households":3937,"buildingCount":4,"rank":425},"geometry":{"type":"Point","coordinates":[126.93085,37.52593]}},{"type":"Feature","properties":{"id":"A12204001","name":"북한산수자인","district":"은평구","neighborhood":"불광동","avgPrice":14.55,"households":3937,"buildingCount":1,"rank":426},"geometry":{"type":"Point","coordinates":[126.931926,37.621702]}},{"type":"Feature","properties":{"id":"A12012101","name":"래미안남가좌2차","district":"서대문구","neighborhood":"남가좌동","avgPrice":12.073636363636364,"households":3935,"buildingCount":11,"rank":427},"geometry":{"type":"Point","coordinates":[126.911982,37.572117]}},{"type":"Feature","properties":{"id":"A10020919","name":"래미안라그란데","district":"동대문구","neighborhood":"이문동","avgPrice":7.8,"households":3935,"buildingCount":2,"rank":428},"geometry":{"type":"Point","coordinates":[127.053241,37.565252]}},{"type":"Feature","properties":{"id":"A10025703","name":"삼형그레이스빌아파트","district":"강서구","neighborhood":"등촌동","avgPrice":13.200000000000001,"households":3931,"buildingCount":1,"rank":429},"geometry":{"type":"Point","coordinates":[126.863214,37.538196]}},{"type":"Feature","properties":{"id":"A10024316","name":"영등포 중흥S-클래스","district":"영등포구","neighborhood":"양평동1가","avgPrice":10.4,"households":3930,"buildingCount":4,"rank":430},"geometry":{"type":"Point","coordinates":[126.88652,37.523054]}},{"type":"Feature","properties":{"id":"A15677204","name":"사당신동아4단지","district":"동작구","neighborhood":"사당동","avgPrice":15.310833333333333,"households":3929,"buildingCount":8,"rank":431},"geometry":{"type":"Point","coordinates":[126.978012,37.489614]}},{"type":"Feature","properties":{"id":"A10024313","name":"힐스테이트녹번역아파트","district":"은평구","neighborhood":"응암동","avgPrice":12.855263157894736,"households":3927,"buildingCount":0,"rank":432},"geometry":{"type":"Point","coordinates":[126.922256,37.60414]}},{"type":"Feature","properties":{"id":"A13782602","name":"방배신삼호","district":"서초구","neighborhood":"방배동","avgPrice":40,"households":3926,"buildingCount":6,"rank":433},"geometry":{"type":"Point","coordinates":[126.989693,37.497203]}},{"type":"Feature","properties":{"id":"A13782601","name":"쌍용예가클래식","district":"서초구","neighborhood":"방배동","avgPrice":24.2,"households":3925,"buildingCount":4,"rank":434},"geometry":{"type":"Point","coordinates":[126.987502,37.493972]}},{"type":"Feature","properties":{"id":"A14381415","name":"광장현대3단지아파트","district":"광진구","neighborhood":"광장동","avgPrice":19.56,"households":3924,"buildingCount":6,"rank":435},"geometry":{"type":"Point","coordinates":[127.098526,37.54038]}},{"type":"Feature","properties":{"id":"A15805404","name":"목동대원칸타빌2,3단지","district":"양천구","neighborhood":"목동","avgPrice":14.37125,"households":3924,"buildingCount":2,"rank":436},"geometry":{"type":"Point","coordinates":[126.867578,37.530129]}},{"type":"Feature","properties":{"id":"A13881005","name":"가락래미안파크팰리스","district":"송파구","neighborhood":"가락동","avgPrice":22.379166666666666,"households":3923,"buildingCount":12,"rank":437},"geometry":{"type":"Point","coordinates":[127.132106,37.498161]}},{"type":"Feature","properties":{"id":"A15805403","name":"목동금호어울림","district":"양천구","neighborhood":"목동","avgPrice":15.017692307692307,"households":3923,"buildingCount":8,"rank":438},"geometry":{"type":"Point","coordinates":[126.867855,37.533716]}},{"type":"Feature","properties":{"id":"A13382106","name":"성수동아","district":"성동구","neighborhood":"성수동1가","avgPrice":13.950000000000001,"households":3921,"buildingCount":0,"rank":439},"geometry":{"type":"Point","coordinates":[127.041716,37.544105]}},{"type":"Feature","properties":{"id":"A13382104","name":"서울숲대림아파트","district":"성동구","neighborhood":"성수동1가","avgPrice":19.25,"households":3919,"buildingCount":7,"rank":440},"geometry":{"type":"Point","coordinates":[127.045512,37.541761]}},{"type":"Feature","properties":{"id":"A13550502","name":"도곡삼성래미안","district":"강남구","neighborhood":"도곡동","avgPrice":31.925,"households":3918,"buildingCount":3,"rank":441},"geometry":{"type":"Point","coordinates":[127.037146,37.49015]}},{"type":"Feature","properties":{"id":"A15213007","name":"천왕연지타운2단지","district":"구로구","neighborhood":"천왕동","avgPrice":7.568571428571429,"households":3916,"buildingCount":8,"rank":442},"geometry":{"type":"Point","coordinates":[126.845978,37.482894]}},{"type":"Feature","properties":{"id":"A15213006","name":"천왕이펜하우스1단지","district":"구로구","neighborhood":"천왕동","avgPrice":7.361111111111111,"households":3915,"buildingCount":5,"rank":443},"geometry":{"type":"Point","coordinates":[126.837248,37.485935]}},{"type":"Feature","properties":{"id":"A12009203","name":"홍제무악청구1차","district":"서대문구","neighborhood":"홍제동","avgPrice":10.99909090909091,"households":3914,"buildingCount":0,"rank":444},"geometry":{"type":"Point","coordinates":[126.923808,37.574105]}},{"type":"Feature","properties":{"id":"A15213005","name":"천왕이펜하우스3단지","district":"구로구","neighborhood":"천왕동","avgPrice":7.4,"households":3914,"buildingCount":9,"rank":445},"geometry":{"type":"Point","coordinates":[126.840428,37.482665]}},{"type":"Feature","properties":{"id":"A15001009","name":"여의도수정","district":"영등포구","neighborhood":"여의도동","avgPrice":25.3,"households":3913,"buildingCount":2,"rank":446},"geometry":{"type":"Point","coordinates":[126.930498,37.523034]}},{"type":"Feature","properties":{"id":"A12009202","name":"홍제삼성래미안","district":"서대문구","neighborhood":"홍제동","avgPrice":8.56,"households":3913,"buildingCount":6,"rank":447},"geometry":{"type":"Point","coordinates":[126.951325,37.578358]}},{"type":"Feature","properties":{"id":"A15213004","name":"천왕이펜하우스4단지","district":"구로구","neighborhood":"천왕동","avgPrice":7.475,"households":3913,"buildingCount":9,"rank":448},"geometry":{"type":"Point","coordinates":[126.838153,37.480446]}},{"type":"Feature","properties":{"id":"A15213003","name":"천왕이펜하우스2단지","district":"구로구","neighborhood":"천왕동","avgPrice":8.200000000000001,"households":3912,"buildingCount":8,"rank":449},"geometry":{"type":"Point","coordinates":[126.838651,37.484612]}},{"type":"Feature","properties":{"id":"A13203303","name":"쌍문한양1차","district":"도봉구","neighborhood":"쌍문동","avgPrice":6.7,"households":3912,"buildingCount":7,"rank":450},"geometry":{"type":"Point","coordinates":[127.030576,37.645934]}},{"type":"Feature","properties":{"id":"A12071004","name":"진흥","district":"서대문구","neighborhood":"홍은동","avgPrice":6.46,"households":3912,"buildingCount":2,"rank":451},"geometry":{"type":"Point","coordinates":[126.932748,37.579514]}},{"type":"Feature","properties":{"id":"A12009201","name":"홍제성원아파트","district":"서대문구","neighborhood":"홍제동","avgPrice":6.177777777777778,"households":3912,"buildingCount":3,"rank":452},"geometry":{"type":"Point","coordinates":[126.942899,37.583638]}},{"type":"Feature","properties":{"id":"A13203302","name":"쌍문삼성래미안","district":"도봉구","neighborhood":"쌍문동","avgPrice":13.95,"households":3911,"buildingCount":6,"rank":453},"geometry":{"type":"Point","coordinates":[127.027616,37.6467]}},{"type":"Feature","properties":{"id":"A12071003","name":"홍은동미성아파트","district":"서대문구","neighborhood":"홍은동","avgPrice":12,"households":3911,"buildingCount":4,"rank":454},"geometry":{"type":"Point","coordinates":[126.935091,37.594078]}},{"type":"Feature","properties":{"id":"A15213002","name":"천왕이펜하우스6단지","district":"구로구","neighborhood":"천왕동","avgPrice":7,"households":3911,"buildingCount":12,"rank":455},"geometry":{"type":"Point","coordinates":[126.841341,37.478341]}},{"type":"Feature","properties":{"id":"A12071002","name":"홍은동부센트레빌","district":"서대문구","neighborhood":"홍은동","avgPrice":14.3,"households":3910,"buildingCount":4,"rank":456},"geometry":{"type":"Point","coordinates":[126.938027,37.596845]}},{"type":"Feature","properties":{"id":"A15213001","name":"천왕이펜하우스5단지","district":"구로구","neighborhood":"천왕동","avgPrice":7.083333333333333,"households":3910,"buildingCount":7,"rank":457},"geometry":{"type":"Point","coordinates":[126.841554,37.480024]}},{"type":"Feature","properties":{"id":"A15001005","name":"여의도금호리첸시아","district":"영등포구","neighborhood":"여의도동","avgPrice":34.233333333333334,"households":3909,"buildingCount":2,"rank":458},"geometry":{"type":"Point","coordinates":[126.939598,37.51861]}},{"type":"Feature","properties":{"id":"A12071001","name":"홍은두산","district":"서대문구","neighborhood":"홍은동","avgPrice":6.55,"households":3909,"buildingCount":3,"rank":459},"geometry":{"type":"Point","coordinates":[126.931618,37.579142]}},{"type":"Feature","properties":{"id":"A15001004","name":"여의도장미","district":"영등포구","neighborhood":"여의도동","avgPrice":31.5,"households":3908,"buildingCount":3,"rank":460},"geometry":{"type":"Point","coordinates":[126.934067,37.523215]}},{"type":"Feature","properties":{"id":"A15001003","name":"서울아파트관리사무소","district":"영등포구","neighborhood":"여의도동","avgPrice":13.049999999999999,"households":3907,"buildingCount":2,"rank":461},"geometry":{"type":"Point","coordinates":[126.931241,37.526968]}},{"type":"Feature","properties":{"id":"A15001001","name":"여의도초원","district":"영등포구","neighborhood":"여의도동","avgPrice":12.75,"households":3905,"buildingCount":1,"rank":462},"geometry":{"type":"Point","coordinates":[126.923939,37.530825]}},{"type":"Feature","properties":{"id":"A10020907","name":"서울숲아이파크리버포레","district":"성동구","neighborhood":"성수동1가","avgPrice":27.4,"households":3902,"buildingCount":5,"rank":463},"geometry":{"type":"Point","coordinates":[127.04302,37.550592]}},{"type":"Feature","properties":{"id":"A10020905","name":"도봉산니베니움아파트","district":"도봉구","neighborhood":"도봉동","avgPrice":7.25,"households":3900,"buildingCount":0,"rank":464},"geometry":{"type":"Point","coordinates":[127.036834,37.66619]}},{"type":"Feature","properties":{"id":"A13187306","name":"신내10단지","district":"중랑구","neighborhood":"신내동","avgPrice":12.3,"households":3896,"buildingCount":7,"rank":465},"geometry":{"type":"Point","coordinates":[127.094468,37.608937]}},{"type":"Feature","properties":{"id":"A14381407","name":"광장동 광나루현대","district":"광진구","neighborhood":"광장동","avgPrice":17.875,"households":3895,"buildingCount":6,"rank":466},"geometry":{"type":"Point","coordinates":[127.10899,37.546955]}},{"type":"Feature","properties":{"id":"A13187305","name":"신내9단지","district":"중랑구","neighborhood":"신내동","avgPrice":14.15,"households":3895,"buildingCount":3,"rank":467},"geometry":{"type":"Point","coordinates":[127.096293,37.611461]}},{"type":"Feature","properties":{"id":"A10024302","name":"독산역 롯데캐슬아파트","district":"금천구","neighborhood":"독산동","avgPrice":10.2,"households":3895,"buildingCount":9,"rank":468},"geometry":{"type":"Point","coordinates":[126.891654,37.463826]}},{"type":"Feature","properties":{"id":"A13187302","name":"신내대명11단지","district":"중랑구","neighborhood":"신내동","avgPrice":16,"households":3892,"buildingCount":0,"rank":469},"geometry":{"type":"Point","coordinates":[127.119032,37.58407]}},{"type":"Feature","properties":{"id":"A13813010","name":"오금현대아파트","district":"송파구","neighborhood":"오금동","avgPrice":15.65,"households":3884,"buildingCount":1,"rank":470},"geometry":{"type":"Point","coordinates":[127.12882,37.508889]}},{"type":"Feature","properties":{"id":"A14206004","name":"번동 쌍용아파트","district":"강북구","neighborhood":"번동","avgPrice":7.550000000000001,"households":3884,"buildingCount":1,"rank":471},"geometry":{"type":"Point","coordinates":[127.032322,37.637766]}},{"type":"Feature","properties":{"id":"A15080002","name":"당산진로","district":"영등포구","neighborhood":"당산동1가","avgPrice":13.517142857142858,"households":3883,"buildingCount":3,"rank":472},"geometry":{"type":"Point","coordinates":[126.891291,37.540904]}},{"type":"Feature","properties":{"id":"A13070302","name":"래미안용두1차","district":"동대문구","neighborhood":"용두동","avgPrice":12.95,"households":3883,"buildingCount":2,"rank":473},"geometry":{"type":"Point","coordinates":[127.03665,37.576414]}},{"type":"Feature","properties":{"id":"A14206003","name":"번동1단지주공아파트","district":"강북구","neighborhood":"번동","avgPrice":7.1,"households":3883,"buildingCount":10,"rank":474},"geometry":{"type":"Point","coordinates":[127.047232,37.624602]}},{"type":"Feature","properties":{"id":"A13070301","name":"래미안허브리츠","district":"동대문구","neighborhood":"용두동","avgPrice":12.55,"households":3882,"buildingCount":9,"rank":475},"geometry":{"type":"Point","coordinates":[127.036044,37.575275]}},{"type":"Feature","properties":{"id":"A14206002","name":"번동금호어울림","district":"강북구","neighborhood":"번동","avgPrice":5.283333333333334,"households":3882,"buildingCount":2,"rank":476},"geometry":{"type":"Point","coordinates":[127.036307,37.631039]}},{"type":"Feature","properties":{"id":"A14206001","name":"번동삼성","district":"강북구","neighborhood":"번동","avgPrice":5.32,"households":3881,"buildingCount":1,"rank":477},"geometry":{"type":"Point","coordinates":[127.032128,37.641448]}},{"type":"Feature","properties":{"id":"A10022859","name":"디에이치퍼스티어아이파크","district":"강남구","neighborhood":"개포동","avgPrice":16.5,"households":3880,"buildingCount":9,"rank":478},"geometry":{"type":"Point","coordinates":[127.06079,37.479467]}},{"type":"Feature","properties":{"id":"A13010006","name":"장안현대홈타운","district":"동대문구","neighborhood":"장안동","avgPrice":11.24372093023256,"households":3878,"buildingCount":6,"rank":479},"geometry":{"type":"Point","coordinates":[127.074884,37.56922]}},{"type":"Feature","properties":{"id":"A13010005","name":"래미안장안2차","district":"동대문구","neighborhood":"장안동","avgPrice":11.7134375,"households":3877,"buildingCount":13,"rank":480},"geometry":{"type":"Point","coordinates":[127.075401,37.574532]}},{"type":"Feature","properties":{"id":"A13010004","name":"장안현대힐스테이트","district":"동대문구","neighborhood":"장안동","avgPrice":16.7,"households":3876,"buildingCount":3,"rank":481},"geometry":{"type":"Point","coordinates":[127.055849,37.577275]}},{"type":"Feature","properties":{"id":"A13679903","name":"돈암신일해피트리","district":"성북구","neighborhood":"돈암동","avgPrice":13.5,"households":3875,"buildingCount":6,"rank":482},"geometry":{"type":"Point","coordinates":[127.01148,37.597858]}},{"type":"Feature","properties":{"id":"A13010003","name":"장안현대","district":"동대문구","neighborhood":"장안동","avgPrice":7.66,"households":3875,"buildingCount":6,"rank":483},"geometry":{"type":"Point","coordinates":[127.074458,37.57013]}},{"type":"Feature","properties":{"id":"A13679902","name":"돈암힐스테이트","district":"성북구","neighborhood":"돈암동","avgPrice":8.620000000000001,"households":3874,"buildingCount":6,"rank":484},"geometry":{"type":"Point","coordinates":[127.015021,37.598696]}},{"type":"Feature","properties":{"id":"A13010002","name":"장안삼성쉐르빌","district":"동대문구","neighborhood":"장안동","avgPrice":6.6000000000000005,"households":3874,"buildingCount":5,"rank":485},"geometry":{"type":"Point","coordinates":[127.070082,37.571031]}},{"type":"Feature","properties":{"id":"A10021466","name":"목동3차우성아파트","district":"양천구","neighborhood":"신정동","avgPrice":11.35,"households":3873,"buildingCount":3,"rank":486},"geometry":{"type":"Point","coordinates":[126.865276,37.508122]}},{"type":"Feature","properties":{"id":"A13010001","name":"장안2차현대홈타운","district":"동대문구","neighborhood":"장안동","avgPrice":9.8,"households":3873,"buildingCount":3,"rank":487},"geometry":{"type":"Point","coordinates":[127.071614,37.568397]}},{"type":"Feature","properties":{"id":"A13778306","name":"서울우면","district":"서초구","neighborhood":"우면동","avgPrice":17.75,"households":3872,"buildingCount":0,"rank":488},"geometry":{"type":"Point","coordinates":[127.024599,37.463739]}},{"type":"Feature","properties":{"id":"A10022851","name":"힐스테이트리슈빌강일","district":"강동구","neighborhood":"강일동","avgPrice":14.525,"households":3872,"buildingCount":5,"rank":489},"geometry":{"type":"Point","coordinates":[127.173888,37.573711]}},{"type":"Feature","properties":{"id":"A15784601","name":"마곡현대아파트","district":"강서구","neighborhood":"방화동","avgPrice":7.4191666666666665,"households":3869,"buildingCount":4,"rank":490},"geometry":{"type":"Point","coordinates":[126.819581,37.573535]}},{"type":"Feature","properties":{"id":"A13813008","name":"오금대림","district":"송파구","neighborhood":"오금동","avgPrice":24,"households":3861,"buildingCount":2,"rank":491},"geometry":{"type":"Point","coordinates":[127.128459,37.508153]}},{"type":"Feature","properties":{"id":"A15106901","name":"봉천두산1,2단지","district":"관악구","neighborhood":"봉천동","avgPrice":11.935405405405406,"households":3860,"buildingCount":2,"rank":492},"geometry":{"type":"Point","coordinates":[126.965516,37.473713]}},{"type":"Feature","properties":{"id":"A15384101","name":"현대공무원","district":"금천구","neighborhood":"시흥동","avgPrice":5.45,"households":3860,"buildingCount":0,"rank":493},"geometry":{"type":"Point","coordinates":[126.89086,37.4596]}},{"type":"Feature","properties":{"id":"A13813006","name":"오금현대백조","district":"송파구","neighborhood":"오금동","avgPrice":19.299999999999997,"households":3859,"buildingCount":4,"rank":494},"geometry":{"type":"Point","coordinates":[127.129241,37.509883]}},{"type":"Feature","properties":{"id":"A15192202","name":"봉천동아제2","district":"관악구","neighborhood":"봉천동","avgPrice":9.842105263157896,"households":3859,"buildingCount":9,"rank":495},"geometry":{"type":"Point","coordinates":[126.955164,37.50026]}},{"type":"Feature","properties":{"id":"A13718001","name":"서초더샵포레","district":"서초구","neighborhood":"내곡동","avgPrice":18.695,"households":3858,"buildingCount":9,"rank":496},"geometry":{"type":"Point","coordinates":[127.063525,37.452741]}},{"type":"Feature","properties":{"id":"A13813005","name":"가락우창","district":"송파구","neighborhood":"오금동","avgPrice":15.6,"households":3858,"buildingCount":3,"rank":497},"geometry":{"type":"Point","coordinates":[127.137161,37.499192]}},{"type":"Feature","properties":{"id":"A15192201","name":"관악동부센트레빌","district":"관악구","neighborhood":"봉천동","avgPrice":10.827272727272726,"households":3858,"buildingCount":8,"rank":498},"geometry":{"type":"Point","coordinates":[126.951235,37.487573]}},{"type":"Feature","properties":{"id":"A15205305","name":"구로두산위브","district":"구로구","neighborhood":"구로동","avgPrice":5.519615384615384,"households":3858,"buildingCount":2,"rank":499},"geometry":{"type":"Point","coordinates":[126.889974,37.486084]}},{"type":"Feature","properties":{"id":"A13813004","name":"가락상아1차","district":"송파구","neighborhood":"오금동","avgPrice":15.3,"households":3857,"buildingCount":4,"rank":500},"geometry":{"type":"Point","coordinates":[127.135689,37.498896]}},{"type":"Feature","properties":{"id":"A13813003","name":"오금삼성","district":"송파구","neighborhood":"오금동","avgPrice":11.85,"households":3856,"buildingCount":3,"rank":501},"geometry":{"type":"Point","coordinates":[127.139115,37.49633]}},{"type":"Feature","properties":{"id":"A15205303","name":"구로한신휴플러스","district":"구로구","neighborhood":"구로동","avgPrice":4.585652173913044,"households":3856,"buildingCount":3,"rank":502},"geometry":{"type":"Point","coordinates":[126.873523,37.496266]}},{"type":"Feature","properties":{"id":"A13813002","name":"오금우방","district":"송파구","neighborhood":"오금동","avgPrice":9.376666666666667,"households":3855,"buildingCount":2,"rank":503},"geometry":{"type":"Point","coordinates":[127.139702,37.501413]}},{"type":"Feature","properties":{"id":"A15205301","name":"구로신성미소지움","district":"구로구","neighborhood":"구로동","avgPrice":6.501666666666666,"households":3854,"buildingCount":4,"rank":504},"geometry":{"type":"Point","coordinates":[126.88491,37.517409]}},{"type":"Feature","properties":{"id":"A10027638","name":"강일리버파크11단지","district":"강동구","neighborhood":"강일동","avgPrice":8.4,"households":3850,"buildingCount":6,"rank":505},"geometry":{"type":"Point","coordinates":[127.179902,37.56329]}},{"type":"Feature","properties":{"id":"A15776916","name":"등촌주공9단지","district":"강서구","neighborhood":"등촌동","avgPrice":10.5,"households":3849,"buildingCount":6,"rank":506},"geometry":{"type":"Point","coordinates":[126.850598,37.5614]}},{"type":"Feature","properties":{"id":"A10026249","name":"송파레미니스2단지","district":"송파구","neighborhood":"오금동","avgPrice":16.645999999999997,"households":3847,"buildingCount":7,"rank":507},"geometry":{"type":"Point","coordinates":[127.137781,37.506485]}},{"type":"Feature","properties":{"id":"A10027633","name":"상도2차 두산위브트레지움 아파트","district":"동작구","neighborhood":"상도동","avgPrice":15.2,"households":3845,"buildingCount":4,"rank":508},"geometry":{"type":"Point","coordinates":[126.942267,37.503753]}},{"type":"Feature","properties":{"id":"A10027632","name":"송파 와이즈더샵","district":"송파구","neighborhood":"장지동","avgPrice":19.85,"households":3844,"buildingCount":2,"rank":509},"geometry":{"type":"Point","coordinates":[127.143572,37.475911]}},{"type":"Feature","properties":{"id":"A12003001","name":"충정로 skview 아파트","district":"서대문구","neighborhood":"합동","avgPrice":16.3,"households":3844,"buildingCount":0,"rank":510},"geometry":{"type":"Point","coordinates":[126.965844,37.561859]}},{"type":"Feature","properties":{"id":"A10021457","name":"방이금호어울림아파트","district":"송파구","neighborhood":"방이동","avgPrice":11.733333333333334,"households":3843,"buildingCount":2,"rank":511},"geometry":{"type":"Point","coordinates":[127.118223,37.51242]}},{"type":"Feature","properties":{"id":"A15089513","name":"여의도진주","district":"영등포구","neighborhood":"여의도동","avgPrice":21.832,"households":3839,"buildingCount":0,"rank":512},"geometry":{"type":"Point","coordinates":[126.92555,37.52157]}},{"type":"Feature","properties":{"id":"A13486601","name":"천호한신","district":"강동구","neighborhood":"천호동","avgPrice":9.6,"households":3836,"buildingCount":3,"rank":513},"geometry":{"type":"Point","coordinates":[127.134889,37.545448]}},{"type":"Feature","properties":{"id":"A15089510","name":"여의도은하","district":"영등포구","neighborhood":"여의도동","avgPrice":5.65,"households":3836,"buildingCount":0,"rank":514},"geometry":{"type":"Point","coordinates":[126.917696,37.526553]}},{"type":"Feature","properties":{"id":"A15284305","name":"구로새솔금호","district":"구로구","neighborhood":"구로동","avgPrice":5.7299999999999995,"households":3835,"buildingCount":0,"rank":515},"geometry":{"type":"Point","coordinates":[126.889688,37.48497]}},{"type":"Feature","properties":{"id":"A15284302","name":"구로대성스카이렉스","district":"구로구","neighborhood":"구로동","avgPrice":9.95,"households":3832,"buildingCount":0,"rank":516},"geometry":{"type":"Point","coordinates":[126.887078,37.502025]}},{"type":"Feature","properties":{"id":"A13082704","name":"이문쌍용","district":"동대문구","neighborhood":"이문동","avgPrice":9.2,"households":3832,"buildingCount":1,"rank":517},"geometry":{"type":"Point","coordinates":[127.068174,37.60076]}},{"type":"Feature","properties":{"id":"A13082703","name":"이문현대","district":"동대문구","neighborhood":"이문동","avgPrice":8.65,"households":3831,"buildingCount":4,"rank":518},"geometry":{"type":"Point","coordinates":[127.070567,37.602509]}},{"type":"Feature","properties":{"id":"A13905105","name":"월계동현대","district":"노원구","neighborhood":"월계동","avgPrice":7.35,"households":3831,"buildingCount":10,"rank":519},"geometry":{"type":"Point","coordinates":[127.062345,37.618664]}},{"type":"Feature","properties":{"id":"A13082702","name":"이문1차푸르지오","district":"동대문구","neighborhood":"이문동","avgPrice":11.649999999999999,"households":3830,"buildingCount":6,"rank":520},"geometry":{"type":"Point","coordinates":[127.069734,37.601908]}},{"type":"Feature","properties":{"id":"A13406205","name":"신성둔촌미소지움1차","district":"강동구","neighborhood":"둔촌동","avgPrice":12.32125,"households":3828,"buildingCount":1,"rank":521},"geometry":{"type":"Point","coordinates":[127.143144,37.528045]}},{"type":"Feature","properties":{"id":"A13905102","name":"월계대동","district":"노원구","neighborhood":"월계동","avgPrice":5.696666666666666,"households":3828,"buildingCount":8,"rank":522},"geometry":{"type":"Point","coordinates":[127.060364,37.622165]}},{"type":"Feature","properties":{"id":"A13086101","name":"제기안암골벽산","district":"동대문구","neighborhood":"제기동","avgPrice":9.696363636363635,"households":3827,"buildingCount":0,"rank":523},"geometry":{"type":"Point","coordinates":[127.041978,37.588485]}},{"type":"Feature","properties":{"id":"A15105503","name":"관악드림타운제2","district":"관악구","neighborhood":"봉천동","avgPrice":8.45,"households":3827,"buildingCount":0,"rank":524},"geometry":{"type":"Point","coordinates":[126.957342,37.478805]}},{"type":"Feature","properties":{"id":"A13905101","name":"월계한일1차","district":"노원구","neighborhood":"월계동","avgPrice":7.336,"households":3827,"buildingCount":1,"rank":525},"geometry":{"type":"Point","coordinates":[127.061573,37.621947]}},{"type":"Feature","properties":{"id":"A13406204","name":"둔촌신동아","district":"강동구","neighborhood":"둔촌동","avgPrice":6.1,"households":3827,"buildingCount":3,"rank":526},"geometry":{"type":"Point","coordinates":[127.141735,37.529102]}},{"type":"Feature","properties":{"id":"A10024799","name":"대치1차현대아파트","district":"강남구","neighborhood":"대치동","avgPrice":20.85,"households":3825,"buildingCount":3,"rank":527},"geometry":{"type":"Point","coordinates":[127.065308,37.499565]}},{"type":"Feature","properties":{"id":"A10024798","name":"상일우성타운","district":"강동구","neighborhood":"상일동","avgPrice":14.75,"households":3824,"buildingCount":0,"rank":528},"geometry":{"type":"Point","coordinates":[127.159422,37.547245]}},{"type":"Feature","properties":{"id":"A13406201","name":"둔촌현대2차","district":"강동구","neighborhood":"둔촌동","avgPrice":12.4,"households":3824,"buildingCount":3,"rank":529},"geometry":{"type":"Point","coordinates":[127.140323,37.529431]}},{"type":"Feature","properties":{"id":"A10024793","name":"매봉삼성아파트","district":"강남구","neighborhood":"도곡동","avgPrice":20.4,"households":3819,"buildingCount":2,"rank":530},"geometry":{"type":"Point","coordinates":[127.049307,37.489386]}},{"type":"Feature","properties":{"id":"A10022836","name":"우디안3단지","district":"중랑구","neighborhood":"신내동","avgPrice":13.8,"households":3815,"buildingCount":4,"rank":531},"geometry":{"type":"Point","coordinates":[127.110209,37.61786]}},{"type":"Feature","properties":{"id":"A10021449","name":"성수강변금호타운아파트","district":"성동구","neighborhood":"성수동2가","avgPrice":27,"households":3814,"buildingCount":0,"rank":532},"geometry":{"type":"Point","coordinates":[127.063332,37.535861]}},{"type":"Feature","properties":{"id":"A10027622","name":"노원프레미어스엠코","district":"노원구","neighborhood":"공릉동","avgPrice":8.85625,"households":3813,"buildingCount":5,"rank":533},"geometry":{"type":"Point","coordinates":[127.076256,37.618651]}},{"type":"Feature","properties":{"id":"A13980706","name":"공릉대주파크빌","district":"노원구","neighborhood":"공릉동","avgPrice":12.05,"households":3811,"buildingCount":1,"rank":534},"geometry":{"type":"Point","coordinates":[127.072146,37.62121]}},{"type":"Feature","properties":{"id":"A10026232","name":"래미안미드카운티","district":"동대문구","neighborhood":"답십리동","avgPrice":15.207142857142857,"households":3809,"buildingCount":4,"rank":535},"geometry":{"type":"Point","coordinates":[127.055318,37.573616]}},{"type":"Feature","properties":{"id":"A15683402","name":"상도동중앙하이츠빌아파트","district":"동작구","neighborhood":"상도동","avgPrice":14.032727272727271,"households":3806,"buildingCount":11,"rank":536},"geometry":{"type":"Point","coordinates":[126.949621,37.498991]}},{"type":"Feature","properties":{"id":"A13481802","name":"둔촌현대4차","district":"강동구","neighborhood":"둔촌동","avgPrice":12.45,"households":3804,"buildingCount":7,"rank":537},"geometry":{"type":"Point","coordinates":[127.144392,37.529641]}},{"type":"Feature","properties":{"id":"A13677101","name":"정릉2차 e편한세상","district":"성북구","neighborhood":"정릉동","avgPrice":7.35,"households":3803,"buildingCount":8,"rank":538},"geometry":{"type":"Point","coordinates":[127.019671,37.59988]}},{"type":"Feature","properties":{"id":"A15603009","name":"상도더샵2차","district":"동작구","neighborhood":"상도동","avgPrice":16.125,"households":3801,"buildingCount":6,"rank":539},"geometry":{"type":"Point","coordinates":[126.943296,37.502795]}},{"type":"Feature","properties":{"id":"A15005705","name":"신길삼환","district":"영등포구","neighborhood":"신길동","avgPrice":11.679545454545455,"households":3800,"buildingCount":3,"rank":540},"geometry":{"type":"Point","coordinates":[126.920025,37.50716]}},{"type":"Feature","properties":{"id":"A15603008","name":"힐스테이트상도프레스티지","district":"동작구","neighborhood":"상도동","avgPrice":6.4,"households":3800,"buildingCount":8,"rank":541},"geometry":{"type":"Point","coordinates":[126.948984,37.496524]}},{"type":"Feature","properties":{"id":"A15603007","name":"상도래미안1차제2","district":"동작구","neighborhood":"상도동","avgPrice":12.850000000000001,"households":3799,"buildingCount":0,"rank":542},"geometry":{"type":"Point","coordinates":[126.925438,37.52446]}},{"type":"Feature","properties":{"id":"A15603006","name":"래미안상도3차","district":"동작구","neighborhood":"상도동","avgPrice":16.529444444444444,"households":3798,"buildingCount":7,"rank":543},"geometry":{"type":"Point","coordinates":[126.954614,37.498957]}},{"type":"Feature","properties":{"id":"A12170702","name":"래미안밤섬리베뉴 2","district":"마포구","neighborhood":"상수동","avgPrice":7.25,"households":3797,"buildingCount":0,"rank":544},"geometry":{"type":"Point","coordinates":[126.926527,37.547352]}},{"type":"Feature","properties":{"id":"A15603004","name":"상도sh-ville","district":"동작구","neighborhood":"상도동","avgPrice":11.65,"households":3796,"buildingCount":5,"rank":545},"geometry":{"type":"Point","coordinates":[126.954362,37.501851]}},{"type":"Feature","properties":{"id":"A15603003","name":"상도건영제2 관리사무소","district":"동작구","neighborhood":"상도동","avgPrice":7.242857142857143,"households":3795,"buildingCount":0,"rank":546},"geometry":{"type":"Point","coordinates":[126.914534,37.5232]}},{"type":"Feature","properties":{"id":"A10024789","name":"당산센트럴아이파크","district":"영등포구","neighborhood":"당산동5가","avgPrice":21.192857142857143,"households":3794,"buildingCount":9,"rank":547},"geometry":{"type":"Point","coordinates":[126.902952,37.530421]}},{"type":"Feature","properties":{"id":"A15603002","name":"브라운스톤상도","district":"동작구","neighborhood":"상도동","avgPrice":16.1,"households":3794,"buildingCount":6,"rank":548},"geometry":{"type":"Point","coordinates":[126.943825,37.506149]}},{"type":"Feature","properties":{"id":"A15603001","name":"상도동원베네스트","district":"동작구","neighborhood":"상도동","avgPrice":14.98,"households":3793,"buildingCount":5,"rank":549},"geometry":{"type":"Point","coordinates":[126.944355,37.502818]}},{"type":"Feature","properties":{"id":"A10024787","name":"이편한세상 송파파크센트럴","district":"송파구","neighborhood":"거여동","avgPrice":18.65,"households":3792,"buildingCount":12,"rank":550},"geometry":{"type":"Point","coordinates":[127.15012,37.494089]}},{"type":"Feature","properties":{"id":"A10024784","name":"서교푸르지오아파트","district":"마포구","neighborhood":"서교동","avgPrice":12.2,"households":3789,"buildingCount":1,"rank":551},"geometry":{"type":"Point","coordinates":[126.923456,37.553835]}},{"type":"Feature","properties":{"id":"A14005001","name":"청암자이","district":"용산구","neighborhood":"청암동","avgPrice":13,"households":3788,"buildingCount":4,"rank":552},"geometry":{"type":"Point","coordinates":[126.948646,37.534592]}},{"type":"Feature","properties":{"id":"A10024782","name":"창동한신아파트","district":"도봉구","neighborhood":"창동","avgPrice":11.15,"households":3787,"buildingCount":1,"rank":553},"geometry":{"type":"Point","coordinates":[127.041018,37.63892]}},{"type":"Feature","properties":{"id":"A10023395","name":"리마크빌 군자","district":"광진구","neighborhood":"중곡동","avgPrice":10.5,"households":3786,"buildingCount":3,"rank":554},"geometry":{"type":"Point","coordinates":[127.075973,37.559327]}},{"type":"Feature","properties":{"id":"A10024780","name":"금강주택","district":"종로구","neighborhood":"평창동","avgPrice":12.75,"households":3785,"buildingCount":4,"rank":555},"geometry":{"type":"Point","coordinates":[126.969448,37.607794]}},{"type":"Feature","properties":{"id":"A10027614","name":"상도 휴엔하임 도시형생횔주택","district":"동작구","neighborhood":"상도동","avgPrice":7.75,"households":3784,"buildingCount":1,"rank":556},"geometry":{"type":"Point","coordinates":[126.950171,37.50584]}},{"type":"Feature","properties":{"id":"A10026227","name":"아크로리버뷰 신반포","district":"서초구","neighborhood":"잠원동","avgPrice":20.85,"households":3783,"buildingCount":3,"rank":557},"geometry":{"type":"Point","coordinates":[127.007064,37.514547]}},{"type":"Feature","properties":{"id":"A12187906","name":"월드컵참누리","district":"마포구","neighborhood":"중동","avgPrice":10.85,"households":3781,"buildingCount":7,"rank":558},"geometry":{"type":"Point","coordinates":[126.904909,37.572432]}},{"type":"Feature","properties":{"id":"A12187905","name":"마포중동현대","district":"마포구","neighborhood":"중동","avgPrice":10.318181818181818,"households":3780,"buildingCount":6,"rank":559},"geometry":{"type":"Point","coordinates":[126.906715,37.571348]}},{"type":"Feature","properties":{"id":"A12187904","name":"DMC마포청구아파트","district":"마포구","neighborhood":"중동","avgPrice":10.97,"households":3779,"buildingCount":4,"rank":560},"geometry":{"type":"Point","coordinates":[126.901912,37.574076]}},{"type":"Feature","properties":{"id":"A15807316","name":"신트리4단지","district":"양천구","neighborhood":"신정동","avgPrice":7.0505555555555555,"households":3778,"buildingCount":6,"rank":561},"geometry":{"type":"Point","coordinates":[126.850992,37.511473]}},{"type":"Feature","properties":{"id":"A10021433","name":"고덕아르테스미소지움","district":"강동구","neighborhood":"상일동","avgPrice":16.3,"households":3777,"buildingCount":3,"rank":562},"geometry":{"type":"Point","coordinates":[127.156884,37.549839]}},{"type":"Feature","properties":{"id":"A15807315","name":"신정동일하이빌","district":"양천구","neighborhood":"신정동","avgPrice":14.55,"households":3777,"buildingCount":7,"rank":563},"geometry":{"type":"Point","coordinates":[126.839338,37.511667]}},{"type":"Feature","properties":{"id":"A12187902","name":"건영월드컵","district":"마포구","neighborhood":"중동","avgPrice":8.158888888888889,"households":3777,"buildingCount":2,"rank":564},"geometry":{"type":"Point","coordinates":[126.911759,37.568788]}},{"type":"Feature","properties":{"id":"A12187901","name":"중동계룡","district":"마포구","neighborhood":"중동","avgPrice":8.45,"households":3776,"buildingCount":7,"rank":565},"geometry":{"type":"Point","coordinates":[126.906278,37.570329]}},{"type":"Feature","properties":{"id":"A15807313","name":"신트리2단지","district":"양천구","neighborhood":"신정동","avgPrice":12.100000000000001,"households":3775,"buildingCount":3,"rank":566},"geometry":{"type":"Point","coordinates":[126.852151,37.512419]}},{"type":"Feature","properties":{"id":"A15807311","name":"신트리3단지","district":"양천구","neighborhood":"신정동","avgPrice":10.702727272727273,"households":3773,"buildingCount":7,"rank":567},"geometry":{"type":"Point","coordinates":[126.853026,37.511858]}},{"type":"Feature","properties":{"id":"A13824006","name":"잠실파크리오","district":"송파구","neighborhood":"신천동","avgPrice":27.28375,"households":3771,"buildingCount":11,"rank":568},"geometry":{"type":"Point","coordinates":[127.10574,37.520201]}},{"type":"Feature","properties":{"id":"A13824005","name":"신천장미1차2차","district":"송파구","neighborhood":"신천동","avgPrice":33.766666666666666,"households":3770,"buildingCount":0,"rank":569},"geometry":{"type":"Point","coordinates":[127.106086,37.524145]}},{"type":"Feature","properties":{"id":"A13480403","name":"고덕아남","district":"강동구","neighborhood":"고덕동","avgPrice":16.1,"households":3770,"buildingCount":14,"rank":570},"geometry":{"type":"Point","coordinates":[127.145874,37.558456]}},{"type":"Feature","properties":{"id":"A13824003","name":"한신코아","district":"송파구","neighborhood":"신천동","avgPrice":21.799999999999997,"households":3768,"buildingCount":2,"rank":571},"geometry":{"type":"Point","coordinates":[127.104803,37.51662]}},{"type":"Feature","properties":{"id":"A13480401","name":"고덕현대","district":"강동구","neighborhood":"고덕동","avgPrice":12.2,"households":3768,"buildingCount":4,"rank":572},"geometry":{"type":"Point","coordinates":[127.151745,37.556939]}},{"type":"Feature","properties":{"id":"A13824002","name":"잠실더샵스타파크","district":"송파구","neighborhood":"신천동","avgPrice":29.5,"households":3767,"buildingCount":1,"rank":573},"geometry":{"type":"Point","coordinates":[127.102271,37.51679]}},{"type":"Feature","properties":{"id":"A13824001","name":"포스코더샵스타리버","district":"송파구","neighborhood":"신천동","avgPrice":22.925,"households":3766,"buildingCount":5,"rank":574},"geometry":{"type":"Point","coordinates":[127.102458,37.519368]}},{"type":"Feature","properties":{"id":"A13305007","name":"마장세림","district":"성동구","neighborhood":"마장동","avgPrice":11.75,"households":3766,"buildingCount":9,"rank":575},"geometry":{"type":"Point","coordinates":[127.045083,37.564948]}},{"type":"Feature","properties":{"id":"A13305006","name":"왕십리삼성","district":"성동구","neighborhood":"마장동","avgPrice":14.806000000000001,"households":3765,"buildingCount":0,"rank":576},"geometry":{"type":"Point","coordinates":[127.014702,37.551305]}},{"type":"Feature","properties":{"id":"A13305005","name":"마장SH-vill임대","district":"성동구","neighborhood":"마장동","avgPrice":19.4,"households":3764,"buildingCount":1,"rank":577},"geometry":{"type":"Point","coordinates":[127.011013,37.572435]}},{"type":"Feature","properties":{"id":"A13305003","name":"청계미소지움","district":"성동구","neighborhood":"마장동","avgPrice":18,"households":3762,"buildingCount":0,"rank":578},"geometry":{"type":"Point","coordinates":[127.040106,37.57637]}},{"type":"Feature","properties":{"id":"A13612002","name":"성북동아에코빌","district":"성북구","neighborhood":"상월곡동","avgPrice":15.850000000000001,"households":3762,"buildingCount":10,"rank":579},"geometry":{"type":"Point","coordinates":[127.045125,37.607936]}},{"type":"Feature","properties":{"id":"A10024778","name":"상계중앙하이츠아파트","district":"노원구","neighborhood":"상계동","avgPrice":9.1,"households":3762,"buildingCount":4,"rank":580},"geometry":{"type":"Point","coordinates":[127.051842,37.671654]}},{"type":"Feature","properties":{"id":"A10024777","name":"상도동 롯데캐슬 비엔","district":"동작구","neighborhood":"상도동","avgPrice":14.1,"households":3761,"buildingCount":4,"rank":581},"geometry":{"type":"Point","coordinates":[126.943356,37.496402]}},{"type":"Feature","properties":{"id":"A13305002","name":"왕십리 대성유니드 아파트","district":"성동구","neighborhood":"마장동","avgPrice":13.190000000000001,"households":3761,"buildingCount":1,"rank":582},"geometry":{"type":"Point","coordinates":[127.016049,37.572804]}},{"type":"Feature","properties":{"id":"A13612001","name":"상월곡우남","district":"성북구","neighborhood":"상월곡동","avgPrice":10.1,"households":3761,"buildingCount":2,"rank":583},"geometry":{"type":"Point","coordinates":[127.046651,37.605894]}},{"type":"Feature","properties":{"id":"A10023389","name":"청량리역해링턴플레이스","district":"동대문구","neighborhood":"용두동","avgPrice":13.947999999999999,"households":3759,"buildingCount":5,"rank":584},"geometry":{"type":"Point","coordinates":[127.042333,37.578036]}},{"type":"Feature","properties":{"id":"A10028177","name":"래미안밤섬리베뉴 Ⅰ","district":"마포구","neighborhood":"상수동","avgPrice":10.35,"households":3759,"buildingCount":7,"rank":585},"geometry":{"type":"Point","coordinates":[126.926393,37.546967]}},{"type":"Feature","properties":{"id":"A10024774","name":"해주드림빌아파트","district":"은평구","neighborhood":"녹번동","avgPrice":7.5,"households":3758,"buildingCount":2,"rank":586},"geometry":{"type":"Point","coordinates":[126.92301,37.6038]}},{"type":"Feature","properties":{"id":"A15679109","name":"흑석한강센트레빌2차","district":"동작구","neighborhood":"흑석동","avgPrice":8.7,"households":3755,"buildingCount":9,"rank":587},"geometry":{"type":"Point","coordinates":[126.958389,37.502236]}},{"type":"Feature","properties":{"id":"A15679108","name":"흑석한강푸르지오","district":"동작구","neighborhood":"흑석동","avgPrice":24,"households":3754,"buildingCount":8,"rank":588},"geometry":{"type":"Point","coordinates":[126.965463,37.503094]}},{"type":"Feature","properties":{"id":"A10028172","name":"강남자곡아이파크","district":"강남구","neighborhood":"자곡동","avgPrice":19.5,"households":3754,"buildingCount":8,"rank":589},"geometry":{"type":"Point","coordinates":[127.101579,37.474561]}},{"type":"Feature","properties":{"id":"A10023384","name":"용마산모아엘가파크포레","district":"중랑구","neighborhood":"면목동","avgPrice":8.43375,"households":3754,"buildingCount":2,"rank":590},"geometry":{"type":"Point","coordinates":[127.095687,37.585811]}},{"type":"Feature","properties":{"id":"A10024770","name":"상계 대창센시티","district":"노원구","neighborhood":"상계동","avgPrice":6.116666666666667,"households":3754,"buildingCount":0,"rank":591},"geometry":{"type":"Point","coordinates":[127.063916,37.656939]}},{"type":"Feature","properties":{"id":"A15679107","name":"흑석한강센트레빌","district":"동작구","neighborhood":"흑석동","avgPrice":22.36,"households":3753,"buildingCount":8,"rank":592},"geometry":{"type":"Point","coordinates":[126.965257,37.505823]}},{"type":"Feature","properties":{"id":"A15679106","name":"흑석해가든","district":"동작구","neighborhood":"흑석동","avgPrice":16.8,"households":3752,"buildingCount":2,"rank":593},"geometry":{"type":"Point","coordinates":[126.962139,37.506958]}},{"type":"Feature","properties":{"id":"A15679105","name":"명수대현대아파트","district":"동작구","neighborhood":"흑석동","avgPrice":27.166666666666668,"households":3751,"buildingCount":8,"rank":594},"geometry":{"type":"Point","coordinates":[126.966952,37.507921]}},{"type":"Feature","properties":{"id":"A10027602","name":"신금호파크자이아파트","district":"성동구","neighborhood":"금호동2가","avgPrice":20.728571428571428,"households":3751,"buildingCount":6,"rank":595},"geometry":{"type":"Point","coordinates":[127.018553,37.555611]}},{"type":"Feature","properties":{"id":"A15679104","name":"흑석청호","district":"동작구","neighborhood":"흑석동","avgPrice":10,"households":3750,"buildingCount":8,"rank":596},"geometry":{"type":"Point","coordinates":[126.962815,37.501363]}},{"type":"Feature","properties":{"id":"A10027601","name":"중계센트럴파크아파트","district":"노원구","neighborhood":"상계동","avgPrice":8.56,"households":3750,"buildingCount":5,"rank":597},"geometry":{"type":"Point","coordinates":[127.059763,37.643361]}},{"type":"Feature","properties":{"id":"A15679103","name":"우리유앤미","district":"동작구","neighborhood":"흑석동","avgPrice":11.92,"households":3749,"buildingCount":7,"rank":598},"geometry":{"type":"Point","coordinates":[126.959613,37.500973]}},{"type":"Feature","properties":{"id":"A13592605","name":"역삼e-편한세상","district":"강남구","neighborhood":"역삼동","avgPrice":25.4,"households":3748,"buildingCount":10,"rank":599},"geometry":{"type":"Point","coordinates":[127.049583,37.49881]}},{"type":"Feature","properties":{"id":"A10021425","name":"오금쌍용스윗닷홈1차","district":"송파구","neighborhood":"오금동","avgPrice":20.85,"households":3748,"buildingCount":4,"rank":600},"geometry":{"type":"Point","coordinates":[127.131075,37.507498]}},{"type":"Feature","properties":{"id":"A13592604","name":"역삼푸르지오","district":"강남구","neighborhood":"역삼동","avgPrice":26.675,"households":3747,"buildingCount":7,"rank":601},"geometry":{"type":"Point","coordinates":[127.047301,37.497926]}},{"type":"Feature","properties":{"id":"A15807306","name":"신정e-편한세상","district":"양천구","neighborhood":"신정동","avgPrice":10,"households":3747,"buildingCount":8,"rank":602},"geometry":{"type":"Point","coordinates":[126.842831,37.512535]}},{"type":"Feature","properties":{"id":"A13592601","name":"역삼개나리래미안","district":"강남구","neighborhood":"역삼동","avgPrice":22.35,"households":3744,"buildingCount":10,"rank":603},"geometry":{"type":"Point","coordinates":[127.046402,37.49853]}},{"type":"Feature","properties":{"id":"A13285601","name":"방학신동아5단지","district":"도봉구","neighborhood":"방학동","avgPrice":6.85,"households":3743,"buildingCount":4,"rank":604},"geometry":{"type":"Point","coordinates":[127.030233,37.660764]}},{"type":"Feature","properties":{"id":"A13380602","name":"금호1차푸르지오","district":"성동구","neighborhood":"금호동3가","avgPrice":18.35,"households":3740,"buildingCount":2,"rank":605},"geometry":{"type":"Point","coordinates":[127.020856,37.549866]}},{"type":"Feature","properties":{"id":"A13704104","name":"반포자이","district":"서초구","neighborhood":"반포동","avgPrice":58.968421052631584,"households":3737,"buildingCount":5,"rank":606},"geometry":{"type":"Point","coordinates":[127.014663,37.507191]}},{"type":"Feature","properties":{"id":"A13704101","name":"반포삼호가든맨션5차","district":"서초구","neighborhood":"반포동","avgPrice":20.25,"households":3734,"buildingCount":0,"rank":607},"geometry":{"type":"Point","coordinates":[127.006712,37.503682]}},{"type":"Feature","properties":{"id":"A10024769","name":"DMC 덕원아파트","district":"은평구","neighborhood":"증산동","avgPrice":7.75,"households":3732,"buildingCount":2,"rank":608},"geometry":{"type":"Point","coordinates":[126.903999,37.579217]}},{"type":"Feature","properties":{"id":"A10024768","name":"아임2030(청년주택)","district":"강서구","neighborhood":"등촌동","avgPrice":12.35,"households":3731,"buildingCount":1,"rank":609},"geometry":{"type":"Point","coordinates":[126.864558,37.551784]}},{"type":"Feature","properties":{"id":"A10023379","name":"한남리버탑아파트","district":"용산구","neighborhood":"한남동","avgPrice":16.575,"households":3728,"buildingCount":1,"rank":610},"geometry":{"type":"Point","coordinates":[127.008282,37.52964]}},{"type":"Feature","properties":{"id":"A12201103","name":"응암푸르지오","district":"은평구","neighborhood":"응암동","avgPrice":7.33875,"households":3727,"buildingCount":5,"rank":611},"geometry":{"type":"Point","coordinates":[126.925998,37.597538]}},{"type":"Feature","properties":{"id":"A12201102","name":"응암동금호아파트","district":"은평구","neighborhood":"응암동","avgPrice":6.76,"households":3726,"buildingCount":5,"rank":612},"geometry":{"type":"Point","coordinates":[126.921603,37.599637]}},{"type":"Feature","properties":{"id":"A10024762","name":"청계대주파크빌","district":"성동구","neighborhood":"홍익동","avgPrice":10.85,"households":3725,"buildingCount":3,"rank":613},"geometry":{"type":"Point","coordinates":[127.031207,37.567261]}},{"type":"Feature","properties":{"id":"A12201101","name":"신동아아파트","district":"은평구","neighborhood":"응암동","avgPrice":4.496666666666667,"households":3725,"buildingCount":2,"rank":614},"geometry":{"type":"Point","coordinates":[126.923475,37.596948]}},{"type":"Feature","properties":{"id":"A10026209","name":"올림픽베어스타운","district":"송파구","neighborhood":"방이동","avgPrice":15.2,"households":3723,"buildingCount":4,"rank":615},"geometry":{"type":"Point","coordinates":[127.118517,37.514821]}},{"type":"Feature","properties":{"id":"A10026207","name":"서울숲리버뷰자이아파트","district":"성동구","neighborhood":"행당동","avgPrice":25.25,"households":3721,"buildingCount":5,"rank":616},"geometry":{"type":"Point","coordinates":[127.038498,37.555108]}},{"type":"Feature","properties":{"id":"A10023372","name":"BX201 청년주택","district":"관악구","neighborhood":"봉천동","avgPrice":10.7,"households":3721,"buildingCount":0,"rank":617},"geometry":{"type":"Point","coordinates":[126.980426,37.466115]}},{"type":"Feature","properties":{"id":"A10021419","name":"마곡센트레빌아파트","district":"강서구","neighborhood":"방화동","avgPrice":8.266,"households":3721,"buildingCount":0,"rank":618},"geometry":{"type":"Point","coordinates":[126.815996,37.572486]}},{"type":"Feature","properties":{"id":"A10021418","name":"센터스퀘어 서울대점","district":"관악구","neighborhood":"신림동","avgPrice":10.85,"households":3720,"buildingCount":0,"rank":619},"geometry":{"type":"Point","coordinates":[126.96088,37.466025]}},{"type":"Feature","properties":{"id":"A15786510","name":"염창한강동아(2차)","district":"강서구","neighborhood":"염창동","avgPrice":10.731333333333334,"households":3720,"buildingCount":1,"rank":620},"geometry":{"type":"Point","coordinates":[126.839498,37.535418]}},{"type":"Feature","properties":{"id":"A10022803","name":"연신내역루체스테이션","district":"은평구","neighborhood":"불광동","avgPrice":14.15,"households":3719,"buildingCount":0,"rank":621},"geometry":{"type":"Point","coordinates":[126.924402,37.610935]}},{"type":"Feature","properties":{"id":"A13377703","name":"행당한진타운","district":"성동구","neighborhood":"행당동","avgPrice":17.844736842105263,"households":3718,"buildingCount":7,"rank":622},"geometry":{"type":"Point","coordinates":[127.028816,37.555713]}},{"type":"Feature","properties":{"id":"A10022801","name":"최강타워","district":"관악구","neighborhood":"신림동","avgPrice":8.25,"households":3717,"buildingCount":0,"rank":623},"geometry":{"type":"Point","coordinates":[126.943016,37.457745]}},{"type":"Feature","properties":{"id":"A13684701","name":"정릉중앙하이츠","district":"성북구","neighborhood":"정릉동","avgPrice":4.026666666666667,"households":3717,"buildingCount":0,"rank":624},"geometry":{"type":"Point","coordinates":[127.001658,37.62089]}},{"type":"Feature","properties":{"id":"A10022800","name":"동원베네스트 아파트","district":"용산구","neighborhood":"이촌동","avgPrice":16.95,"households":3716,"buildingCount":3,"rank":625},"geometry":{"type":"Point","coordinates":[126.954851,37.527028]}},{"type":"Feature","properties":{"id":"A13472701","name":"고덕리엔파크3단지","district":"강동구","neighborhood":"상일동","avgPrice":11.98,"households":3712,"buildingCount":2,"rank":626},"geometry":{"type":"Point","coordinates":[127.172015,37.551946]}},{"type":"Feature","properties":{"id":"A14072901","name":"북한강성원아파트","district":"용산구","neighborhood":"이촌동","avgPrice":19.1,"households":3711,"buildingCount":4,"rank":627},"geometry":{"type":"Point","coordinates":[126.95395,37.526978]}},{"type":"Feature","properties":{"id":"A13604301","name":"삼선1SH-VILLE","district":"성북구","neighborhood":"삼선동3가","avgPrice":9.8,"households":3705,"buildingCount":0,"rank":628},"geometry":{"type":"Point","coordinates":[126.988106,37.572615]}},{"type":"Feature","properties":{"id":"A15210107","name":"오류동부골든","district":"구로구","neighborhood":"오류동","avgPrice":11.65,"households":3704,"buildingCount":3,"rank":629},"geometry":{"type":"Point","coordinates":[126.839885,37.499358]}},{"type":"Feature","properties":{"id":"A15210106","name":"오류한신플러스타운","district":"구로구","neighborhood":"오류동","avgPrice":5.776999999999999,"households":3703,"buildingCount":6,"rank":630},"geometry":{"type":"Point","coordinates":[126.84092,37.498574]}},{"type":"Feature","properties":{"id":"A15210105","name":"오류동부덕고개","district":"구로구","neighborhood":"오류동","avgPrice":13.5,"households":3702,"buildingCount":4,"rank":631},"geometry":{"type":"Point","coordinates":[126.847907,37.496997]}},{"type":"Feature","properties":{"id":"A15210104","name":"오류라인","district":"구로구","neighborhood":"오류동","avgPrice":4.22,"households":3701,"buildingCount":4,"rank":632},"geometry":{"type":"Point","coordinates":[126.846941,37.496656]}},{"type":"Feature","properties":{"id":"A15210103","name":"동부2차아파트","district":"구로구","neighborhood":"오류동","avgPrice":12.65,"households":3700,"buildingCount":2,"rank":633},"geometry":{"type":"Point","coordinates":[126.859362,37.505304]}},{"type":"Feature","properties":{"id":"A15210102","name":"오류금호어울림","district":"구로구","neighborhood":"오류동","avgPrice":8.3,"households":3699,"buildingCount":4,"rank":634},"geometry":{"type":"Point","coordinates":[126.838938,37.498689]}},{"type":"Feature","properties":{"id":"A10024756","name":"순화동포스코더샵","district":"중구","neighborhood":"순화동","avgPrice":6.5,"households":3698,"buildingCount":0,"rank":635},"geometry":{"type":"Point","coordinates":[126.989132,37.559235]}},{"type":"Feature","properties":{"id":"A15210101","name":"오류동선","district":"구로구","neighborhood":"오류동","avgPrice":4.748,"households":3698,"buildingCount":5,"rank":636},"geometry":{"type":"Point","coordinates":[126.841396,37.492833]}},{"type":"Feature","properties":{"id":"A10023368","name":"회기역 하트리움","district":"동대문구","neighborhood":"휘경동","avgPrice":10.399999999999999,"households":3696,"buildingCount":3,"rank":637},"geometry":{"type":"Point","coordinates":[127.058142,37.588822]}},{"type":"Feature","properties":{"id":"A10024752","name":"신한토탈아파트","district":"동작구","neighborhood":"대방동","avgPrice":9,"households":3694,"buildingCount":1,"rank":638},"geometry":{"type":"Point","coordinates":[126.933204,37.511891]}},{"type":"Feature","properties":{"id":"A10024751","name":"광장자이아파트","district":"광진구","neighborhood":"광장동","avgPrice":8.4,"households":3693,"buildingCount":2,"rank":639},"geometry":{"type":"Point","coordinates":[127.095231,37.542545]}},{"type":"Feature","properties":{"id":"A13790726","name":"신반포한신5지구(12차)","district":"서초구","neighborhood":"잠원동","avgPrice":17.75,"households":3692,"buildingCount":6,"rank":640},"geometry":{"type":"Point","coordinates":[127.010234,37.5158]}},{"type":"Feature","properties":{"id":"A10021408","name":"형인허브빌","district":"강동구","neighborhood":"명일동","avgPrice":11.25,"households":3689,"buildingCount":1,"rank":641},"geometry":{"type":"Point","coordinates":[127.14443,37.547015]}},{"type":"Feature","properties":{"id":"A10023360","name":"빌라맨션아파트","district":"용산구","neighborhood":"이촌동","avgPrice":28.3,"households":3688,"buildingCount":2,"rank":642},"geometry":{"type":"Point","coordinates":[126.974624,37.521561]}},{"type":"Feature","properties":{"id":"A10021407","name":"어울림거여동아파트","district":"송파구","neighborhood":"거여동","avgPrice":21.65,"households":3688,"buildingCount":4,"rank":643},"geometry":{"type":"Point","coordinates":[127.143494,37.492332]}},{"type":"Feature","properties":{"id":"A13790722","name":"잠원한신","district":"서초구","neighborhood":"잠원동","avgPrice":13.2,"households":3688,"buildingCount":1,"rank":644},"geometry":{"type":"Point","coordinates":[127.00886,37.51351]}},{"type":"Feature","properties":{"id":"A13790721","name":"신반포7차","district":"서초구","neighborhood":"잠원동","avgPrice":15.1,"households":3687,"buildingCount":3,"rank":645},"geometry":{"type":"Point","coordinates":[127.008328,37.512282]}},{"type":"Feature","properties":{"id":"A11005401","name":"광화문스페이스본 아파트","district":"종로구","neighborhood":"신문로2가","avgPrice":14.3,"households":3685,"buildingCount":0,"rank":646},"geometry":{"type":"Point","coordinates":[126.968476,37.586055]}},{"type":"Feature","properties":{"id":"A15190705","name":"신림푸르지오","district":"관악구","neighborhood":"신림동","avgPrice":10.303928571428571,"households":3685,"buildingCount":2,"rank":647},"geometry":{"type":"Point","coordinates":[126.910656,37.47986]}},{"type":"Feature","properties":{"id":"A13528008","name":"대치효성","district":"강남구","neighborhood":"대치동","avgPrice":17.1,"households":3684,"buildingCount":1,"rank":648},"geometry":{"type":"Point","coordinates":[127.061166,37.499939]}},{"type":"Feature","properties":{"id":"A15282810","name":"고척서울가든","district":"구로구","neighborhood":"고척동","avgPrice":6.026666666666667,"households":3684,"buildingCount":6,"rank":649},"geometry":{"type":"Point","coordinates":[126.860496,37.502478]}},{"type":"Feature","properties":{"id":"A13528007","name":"래미안대치하이스턴","district":"강남구","neighborhood":"대치동","avgPrice":36.2,"households":3683,"buildingCount":5,"rank":650},"geometry":{"type":"Point","coordinates":[127.065502,37.501012]}},{"type":"Feature","properties":{"id":"A15286210","name":"신도림현대","district":"구로구","neighborhood":"구로동","avgPrice":9.878888888888888,"households":3682,"buildingCount":3,"rank":651},"geometry":{"type":"Point","coordinates":[126.885909,37.504851]}},{"type":"Feature","properties":{"id":"A13528005","name":"테헤란로대우아이빌","district":"강남구","neighborhood":"대치동","avgPrice":5.07,"households":3681,"buildingCount":2,"rank":652},"geometry":{"type":"Point","coordinates":[127.053977,37.505327]}},{"type":"Feature","properties":{"id":"A13528004","name":"대치미도맨션","district":"강남구","neighborhood":"대치동","avgPrice":14.8,"households":3680,"buildingCount":6,"rank":653},"geometry":{"type":"Point","coordinates":[127.057683,37.496548]}},{"type":"Feature","properties":{"id":"A13528003","name":"대치삼성","district":"강남구","neighborhood":"대치동","avgPrice":31.6,"households":3679,"buildingCount":1,"rank":654},"geometry":{"type":"Point","coordinates":[127.05699,37.496566]}},{"type":"Feature","properties":{"id":"A12085303","name":"홍제한양","district":"서대문구","neighborhood":"홍제동","avgPrice":8.449166666666667,"households":3679,"buildingCount":8,"rank":655},"geometry":{"type":"Point","coordinates":[126.94667,37.58382]}},{"type":"Feature","properties":{"id":"A13184401","name":"면목삼호","district":"중랑구","neighborhood":"면목동","avgPrice":6.548,"households":3679,"buildingCount":2,"rank":656},"geometry":{"type":"Point","coordinates":[127.08868,37.575966]}},{"type":"Feature","properties":{"id":"A13528001","name":"대치대우아이빌4차","district":"강남구","neighborhood":"대치동","avgPrice":23.1,"households":3677,"buildingCount":6,"rank":657},"geometry":{"type":"Point","coordinates":[127.06204,37.501223]}},{"type":"Feature","properties":{"id":"A13120704","name":"면목금호어울림","district":"중랑구","neighborhood":"면목동","avgPrice":9.2,"households":3675,"buildingCount":3,"rank":658},"geometry":{"type":"Point","coordinates":[127.089206,37.577191]}},{"type":"Feature","properties":{"id":"A13009003","name":"브라운스톤휘경","district":"동대문구","neighborhood":"휘경동","avgPrice":9.6,"households":3673,"buildingCount":1,"rank":659},"geometry":{"type":"Point","coordinates":[127.06583,37.59029]}},{"type":"Feature","properties":{"id":"A13316001","name":"서울숲아이파크","district":"성동구","neighborhood":"송정동","avgPrice":13.31111111111111,"households":3672,"buildingCount":6,"rank":660},"geometry":{"type":"Point","coordinates":[127.069229,37.552935]}},{"type":"Feature","properties":{"id":"A13009002","name":"휘경주공1단지","district":"동대문구","neighborhood":"휘경동","avgPrice":9.376666666666667,"households":3672,"buildingCount":10,"rank":661},"geometry":{"type":"Point","coordinates":[127.07061,37.582941]}},{"type":"Feature","properties":{"id":"A13120701","name":"용마산금호어울림","district":"중랑구","neighborhood":"면목동","avgPrice":7.345000000000001,"households":3672,"buildingCount":4,"rank":662},"geometry":{"type":"Point","coordinates":[127.091775,37.577541]}},{"type":"Feature","properties":{"id":"A13009001","name":"휘경동양1.2차","district":"동대문구","neighborhood":"휘경동","avgPrice":11.25,"households":3671,"buildingCount":2,"rank":663},"geometry":{"type":"Point","coordinates":[127.018551,37.578272]}},{"type":"Feature","properties":{"id":"A10024749","name":"신림2차금호타운","district":"관악구","neighborhood":"신림동","avgPrice":11.8,"households":3670,"buildingCount":2,"rank":664},"geometry":{"type":"Point","coordinates":[126.944366,37.46783]}},{"type":"Feature","properties":{"id":"A10024745","name":"개봉역 센트레빌레우스","district":"구로구","neighborhood":"개봉동","avgPrice":10.25,"households":3666,"buildingCount":3,"rank":665},"geometry":{"type":"Point","coordinates":[126.903102,37.486204]}},{"type":"Feature","properties":{"id":"A10028146","name":"서초롯데캐슬프레지던트","district":"서초구","neighborhood":"서초동","avgPrice":14.5,"households":3665,"buildingCount":6,"rank":666},"geometry":{"type":"Point","coordinates":[127.019927,37.49686]}},{"type":"Feature","properties":{"id":"A10023356","name":"힐스테이트세운센트럴1단지","district":"중구","neighborhood":"입정동","avgPrice":10.16,"households":3663,"buildingCount":0,"rank":667},"geometry":{"type":"Point","coordinates":[127.002124,37.553295]}},{"type":"Feature","properties":{"id":"A15878601","name":"금하뜨라네","district":"양천구","neighborhood":"신월동","avgPrice":4.666666666666667,"households":3663,"buildingCount":0,"rank":668},"geometry":{"type":"Point","coordinates":[126.823809,37.534105]}},{"type":"Feature","properties":{"id":"A13790717","name":"신반포한신16차","district":"서초구","neighborhood":"잠원동","avgPrice":23.2,"households":3662,"buildingCount":4,"rank":669},"geometry":{"type":"Point","coordinates":[127.010453,37.517106]}},{"type":"Feature","properties":{"id":"A10024741","name":"사가정 센트럴 아이파크 아파트","district":"중랑구","neighborhood":"면목동","avgPrice":4.4,"households":3662,"buildingCount":5,"rank":670},"geometry":{"type":"Point","coordinates":[127.080906,37.582515]}},{"type":"Feature","properties":{"id":"A13790716","name":"신반포 한신 25,26,27차 아파트","district":"서초구","neighborhood":"잠원동","avgPrice":34.28333333333333,"households":3661,"buildingCount":2,"rank":671},"geometry":{"type":"Point","coordinates":[127.013281,37.517347]}},{"type":"Feature","properties":{"id":"A13583507","name":"은마","district":"강남구","neighborhood":"대치동","avgPrice":36.87222222222223,"households":3659,"buildingCount":4,"rank":672},"geometry":{"type":"Point","coordinates":[127.065487,37.497771]}},{"type":"Feature","properties":{"id":"A13790714","name":"강변아파트","district":"서초구","neighborhood":"잠원동","avgPrice":15.75,"households":3659,"buildingCount":3,"rank":673},"geometry":{"type":"Point","coordinates":[127.012063,37.517668]}},{"type":"Feature","properties":{"id":"A10023352","name":"세운푸르지오헤리시티","district":"중구","neighborhood":"인현동2가","avgPrice":5.1530000000000005,"households":3659,"buildingCount":0,"rank":674},"geometry":{"type":"Point","coordinates":[126.988726,37.55469]}},{"type":"Feature","properties":{"id":"A13790713","name":"신반포청구","district":"서초구","neighborhood":"잠원동","avgPrice":28.02333333333333,"households":3658,"buildingCount":3,"rank":675},"geometry":{"type":"Point","coordinates":[127.008522,37.514762]}},{"type":"Feature","properties":{"id":"A13986013","name":"중계건영3차","district":"노원구","neighborhood":"중계동","avgPrice":12.333157894736843,"households":3658,"buildingCount":1,"rank":676},"geometry":{"type":"Point","coordinates":[127.074582,37.6483]}},{"type":"Feature","properties":{"id":"A13986012","name":"중계청구3차","district":"노원구","neighborhood":"중계동","avgPrice":13.242857142857144,"households":3657,"buildingCount":8,"rank":677},"geometry":{"type":"Point","coordinates":[127.074178,37.649589]}},{"type":"Feature","properties":{"id":"A10023350","name":"흑석자이","district":"동작구","neighborhood":"흑석동","avgPrice":11,"households":3657,"buildingCount":6,"rank":678},"geometry":{"type":"Point","coordinates":[126.961244,37.500475]}},{"type":"Feature","properties":{"id":"A13770611","name":"서초이오빌","district":"서초구","neighborhood":"서초동","avgPrice":4.14,"households":3653,"buildingCount":4,"rank":679},"geometry":{"type":"Point","coordinates":[127.012941,37.486182]}},{"type":"Feature","properties":{"id":"A13770610","name":"서초아트자이","district":"서초구","neighborhood":"서초동","avgPrice":28.5,"households":3652,"buildingCount":5,"rank":680},"geometry":{"type":"Point","coordinates":[127.01182,37.485642]}},{"type":"Feature","properties":{"id":"A15010502","name":"양평한신","district":"영등포구","neighborhood":"양평동5가","avgPrice":13.020833333333334,"households":3641,"buildingCount":5,"rank":681},"geometry":{"type":"Point","coordinates":[126.89288,37.539599]}},{"type":"Feature","properties":{"id":"A15010501","name":"양평동보아파트","district":"영등포구","neighborhood":"양평동5가","avgPrice":10.5875,"households":3640,"buildingCount":2,"rank":682},"geometry":{"type":"Point","coordinates":[126.890895,37.537959]}},{"type":"Feature","properties":{"id":"A10023348","name":"개포자이프레지던스","district":"강남구","neighborhood":"개포동","avgPrice":33.652,"households":3634,"buildingCount":7,"rank":683},"geometry":{"type":"Point","coordinates":[127.071341,37.48544]}},{"type":"Feature","properties":{"id":"A13790709","name":"신반포한신19차","district":"서초구","neighborhood":"잠원동","avgPrice":23.55,"households":3633,"buildingCount":2,"rank":684},"geometry":{"type":"Point","coordinates":[127.010097,37.514147]}},{"type":"Feature","properties":{"id":"A13986009","name":"롯데우성","district":"노원구","neighborhood":"중계동","avgPrice":13.145454545454545,"households":3633,"buildingCount":7,"rank":685},"geometry":{"type":"Point","coordinates":[127.072717,37.646693]}},{"type":"Feature","properties":{"id":"A13790707","name":"잠원현대","district":"서초구","neighborhood":"잠원동","avgPrice":20.15,"households":3631,"buildingCount":3,"rank":686},"geometry":{"type":"Point","coordinates":[127.01223,37.518456]}},{"type":"Feature","properties":{"id":"A13770609","name":"현대슈퍼빌","district":"서초구","neighborhood":"서초동","avgPrice":30.8,"households":3630,"buildingCount":4,"rank":687},"geometry":{"type":"Point","coordinates":[127.016064,37.482952]}},{"type":"Feature","properties":{"id":"A13790706","name":"잠원한신로얄","district":"서초구","neighborhood":"잠원동","avgPrice":29.15,"households":3630,"buildingCount":2,"rank":688},"geometry":{"type":"Point","coordinates":[127.009422,37.513187]}},{"type":"Feature","properties":{"id":"A13982604","name":"상계보람","district":"노원구","neighborhood":"상계동","avgPrice":12.9,"households":3630,"buildingCount":1,"rank":689},"geometry":{"type":"Point","coordinates":[127.065056,37.663072]}},{"type":"Feature","properties":{"id":"A13770608","name":"서초현대ESA2차","district":"서초구","neighborhood":"서초동","avgPrice":18.416,"households":3629,"buildingCount":2,"rank":690},"geometry":{"type":"Point","coordinates":[127.008435,37.491331]}},{"type":"Feature","properties":{"id":"A10023343","name":"힐스테이트세운센트럴2단지","district":"중구","neighborhood":"입정동","avgPrice":10.357272727272727,"households":3629,"buildingCount":0,"rank":691},"geometry":{"type":"Point","coordinates":[126.99325,37.55361]}},{"type":"Feature","properties":{"id":"A13770607","name":"서초5차e편한세상","district":"서초구","neighborhood":"서초동","avgPrice":26.483333333333334,"households":3628,"buildingCount":3,"rank":692},"geometry":{"type":"Point","coordinates":[127.007186,37.479971]}},{"type":"Feature","properties":{"id":"A13986004","name":"중계주공10단지","district":"노원구","neighborhood":"중계동","avgPrice":7.052307692307692,"households":3628,"buildingCount":3,"rank":693},"geometry":{"type":"Point","coordinates":[127.073699,37.648169]}},{"type":"Feature","properties":{"id":"A13790703","name":"잠원신화","district":"서초구","neighborhood":"잠원동","avgPrice":27,"households":3627,"buildingCount":4,"rank":694},"geometry":{"type":"Point","coordinates":[127.014171,37.516099]}},{"type":"Feature","properties":{"id":"A13770606","name":"더미캘란","district":"서초구","neighborhood":"서초동","avgPrice":20.4,"households":3627,"buildingCount":6,"rank":695},"geometry":{"type":"Point","coordinates":[127.013684,37.487136]}},{"type":"Feature","properties":{"id":"A13790701","name":"잠원한신그린","district":"서초구","neighborhood":"잠원동","avgPrice":19.75,"households":3625,"buildingCount":1,"rank":696},"geometry":{"type":"Point","coordinates":[127.007857,37.513309]}},{"type":"Feature","properties":{"id":"A13487102","name":"천호현대타워","district":"강동구","neighborhood":"천호동","avgPrice":12.8,"households":3623,"buildingCount":4,"rank":697},"geometry":{"type":"Point","coordinates":[127.133424,37.535897]}},{"type":"Feature","properties":{"id":"A13295201","name":"브라운스톤쌍문","district":"도봉구","neighborhood":"쌍문동","avgPrice":6.05,"households":3620,"buildingCount":2,"rank":698},"geometry":{"type":"Point","coordinates":[127.028916,37.647196]}},{"type":"Feature","properties":{"id":"A15720001","name":"강서한강자이","district":"강서구","neighborhood":"가양동","avgPrice":15.360000000000001,"households":3613,"buildingCount":8,"rank":699},"geometry":{"type":"Point","coordinates":[126.849408,37.566608]}},{"type":"Feature","properties":{"id":"A10021899","name":"예성그랑펠리체아파트","district":"관악구","neighborhood":"남현동","avgPrice":10.4375,"households":3613,"buildingCount":3,"rank":700},"geometry":{"type":"Point","coordinates":[126.978232,37.473162]}},{"type":"Feature","properties":{"id":"A15106001","name":"봉천신봉","district":"관악구","neighborhood":"봉천동","avgPrice":8.5,"households":3611,"buildingCount":12,"rank":701},"geometry":{"type":"Point","coordinates":[126.967018,37.468972]}},{"type":"Feature","properties":{"id":"A10026682","name":"위례포레샤인아파트","district":"송파구","neighborhood":"장지동","avgPrice":19.7,"households":3608,"buildingCount":1,"rank":702},"geometry":{"type":"Point","coordinates":[127.134777,37.476323]}},{"type":"Feature","properties":{"id":"A11076701","name":"주상복합아남아파트","district":"종로구","neighborhood":"명륜2가","avgPrice":9.443999999999999,"households":3606,"buildingCount":3,"rank":703},"geometry":{"type":"Point","coordinates":[127.000039,37.58554]}},{"type":"Feature","properties":{"id":"A10021891","name":"현대휴온아파트","district":"중랑구","neighborhood":"면목동","avgPrice":7.085238095238095,"households":3605,"buildingCount":3,"rank":704},"geometry":{"type":"Point","coordinates":[127.079123,37.592667]}},{"type":"Feature","properties":{"id":"A10024725","name":"e편한세상 영등포 아델포레","district":"영등포구","neighborhood":"대림동","avgPrice":9.75,"households":3604,"buildingCount":11,"rank":705},"geometry":{"type":"Point","coordinates":[126.906993,37.494393]}},{"type":"Feature","properties":{"id":"A10023336","name":"자양하늘채베르","district":"광진구","neighborhood":"자양동","avgPrice":10.950000000000001,"households":3601,"buildingCount":6,"rank":706},"geometry":{"type":"Point","coordinates":[127.105509,37.54387]}},{"type":"Feature","properties":{"id":"A13599303","name":"개포주공6단지","district":"강남구","neighborhood":"개포동","avgPrice":34.65625,"households":3600,"buildingCount":6,"rank":707},"geometry":{"type":"Point","coordinates":[127.070769,37.488398]}},{"type":"Feature","properties":{"id":"A13981208","name":"상계불암현대","district":"노원구","neighborhood":"상계동","avgPrice":12.149999999999999,"households":3599,"buildingCount":5,"rank":708},"geometry":{"type":"Point","coordinates":[127.081721,37.667799]}},{"type":"Feature","properties":{"id":"A13599301","name":"개포주공7단지","district":"강남구","neighborhood":"개포동","avgPrice":35.05,"households":3598,"buildingCount":7,"rank":709},"geometry":{"type":"Point","coordinates":[127.072221,37.489504]}},{"type":"Feature","properties":{"id":"A10023333","name":"오금쌍용스윗닷홈2.3.4","district":"송파구","neighborhood":"오금동","avgPrice":18.7,"households":3598,"buildingCount":0,"rank":710},"geometry":{"type":"Point","coordinates":[127.079626,37.50883]}},{"type":"Feature","properties":{"id":"A15086603","name":"양평성원","district":"영등포구","neighborhood":"양평동4가","avgPrice":12.190000000000001,"households":3596,"buildingCount":2,"rank":711},"geometry":{"type":"Point","coordinates":[126.89393,37.534347]}},{"type":"Feature","properties":{"id":"A10023330","name":"무악재한화","district":"서대문구","neighborhood":"홍제동","avgPrice":11.875,"households":3595,"buildingCount":3,"rank":712},"geometry":{"type":"Point","coordinates":[126.949398,37.582341]}},{"type":"Feature","properties":{"id":"A13981204","name":"상계불암현대(임대)","district":"노원구","neighborhood":"상계동","avgPrice":5.347142857142857,"households":3595,"buildingCount":4,"rank":713},"geometry":{"type":"Point","coordinates":[127.062759,37.663741]}},{"type":"Feature","properties":{"id":"A15086601","name":"양평경남2차아너스빌","district":"영등포구","neighborhood":"양평동4가","avgPrice":11.149999999999999,"households":3594,"buildingCount":1,"rank":714},"geometry":{"type":"Point","coordinates":[126.87193,37.521276]}},{"type":"Feature","properties":{"id":"A13670801","name":"삼선SKView","district":"성북구","neighborhood":"삼선동3가","avgPrice":15.25,"households":3593,"buildingCount":4,"rank":715},"geometry":{"type":"Point","coordinates":[127.011474,37.587065]}},{"type":"Feature","properties":{"id":"A15181602","name":"낙성대현대","district":"관악구","neighborhood":"봉천동","avgPrice":8.73,"households":3591,"buildingCount":0,"rank":716},"geometry":{"type":"Point","coordinates":[126.963214,37.480965]}},{"type":"Feature","properties":{"id":"A13290404","name":"창동금호어울림","district":"도봉구","neighborhood":"창동","avgPrice":8.44875,"households":3590,"buildingCount":11,"rank":717},"geometry":{"type":"Point","coordinates":[127.041829,37.656671]}},{"type":"Feature","properties":{"id":"A12072802","name":"남가좌현대제2","district":"서대문구","neighborhood":"남가좌동","avgPrice":7.4,"households":3589,"buildingCount":7,"rank":718},"geometry":{"type":"Point","coordinates":[126.918047,37.571242]}},{"type":"Feature","properties":{"id":"A12072801","name":"DMC센트레빌","district":"서대문구","neighborhood":"남가좌동","avgPrice":12.259090909090908,"households":3588,"buildingCount":11,"rank":719},"geometry":{"type":"Point","coordinates":[126.915768,37.576239]}},{"type":"Feature","properties":{"id":"A12171201","name":"밤섬경남아너스빌","district":"마포구","neighborhood":"신수동","avgPrice":16.583333333333332,"households":3582,"buildingCount":5,"rank":720},"geometry":{"type":"Point","coordinates":[126.936379,37.546995]}},{"type":"Feature","properties":{"id":"A10021884","name":"방배동부센트레빌아파트","district":"서초구","neighborhood":"방배동","avgPrice":30.5,"households":3577,"buildingCount":2,"rank":721},"geometry":{"type":"Point","coordinates":[126.98706,37.497053]}},{"type":"Feature","properties":{"id":"A10024719","name":"힐스테이트신촌","district":"서대문구","neighborhood":"북아현동","avgPrice":17.883333333333333,"households":3577,"buildingCount":10,"rank":722},"geometry":{"type":"Point","coordinates":[126.950911,37.562066]}},{"type":"Feature","properties":{"id":"A10025284","name":"거여리본타운 아파트","district":"송파구","neighborhood":"거여동","avgPrice":21.6,"households":3575,"buildingCount":0,"rank":723},"geometry":{"type":"Point","coordinates":[127.099926,37.53331]}},{"type":"Feature","properties":{"id":"A10025283","name":"래미안아트리치","district":"성북구","neighborhood":"석관동","avgPrice":12.0915,"households":3574,"buildingCount":10,"rank":724},"geometry":{"type":"Point","coordinates":[127.063037,37.606104]}},{"type":"Feature","properties":{"id":"A10020494","name":"웰라이빌주상복합관리단","district":"강서구","neighborhood":"화곡동","avgPrice":6.25,"households":3573,"buildingCount":4,"rank":725},"geometry":{"type":"Point","coordinates":[126.842102,37.528491]}},{"type":"Feature","properties":{"id":"A10025280","name":"청담아이파크아파트","district":"강남구","neighborhood":"청담동","avgPrice":31.5,"households":3571,"buildingCount":1,"rank":726},"geometry":{"type":"Point","coordinates":[127.024128,37.49767]}},{"type":"Feature","properties":{"id":"A10024713","name":"숭인상가아파트","district":"종로구","neighborhood":"숭인동","avgPrice":6.33,"households":3571,"buildingCount":0,"rank":727},"geometry":{"type":"Point","coordinates":[127.020681,37.572207]}},{"type":"Feature","properties":{"id":"A10023324","name":"캐릭터그린빌아파트","district":"동작구","neighborhood":"신대방동","avgPrice":13.3,"households":3568,"buildingCount":1,"rank":728},"geometry":{"type":"Point","coordinates":[126.925228,37.492364]}},{"type":"Feature","properties":{"id":"A15776004","name":"현대3","district":"강서구","neighborhood":"염창동","avgPrice":8.666666666666666,"households":3567,"buildingCount":7,"rank":729},"geometry":{"type":"Point","coordinates":[126.876488,37.551646]}},{"type":"Feature","properties":{"id":"A13287503","name":"쌍문동익파크","district":"도봉구","neighborhood":"쌍문동","avgPrice":10.6,"households":3566,"buildingCount":0,"rank":730},"geometry":{"type":"Point","coordinates":[127.019434,37.66583]}},{"type":"Feature","properties":{"id":"A15776003","name":"이너스내안에","district":"강서구","neighborhood":"염창동","avgPrice":8.7,"households":3566,"buildingCount":2,"rank":731},"geometry":{"type":"Point","coordinates":[126.8705,37.553778]}},{"type":"Feature","properties":{"id":"A10023322","name":"삼전솔하임3차","district":"성북구","neighborhood":"하월곡동","avgPrice":1.192,"households":3566,"buildingCount":2,"rank":732},"geometry":{"type":"Point","coordinates":[127.029571,37.607226]}},{"type":"Feature","properties":{"id":"A15776002","name":"태진드림피아","district":"강서구","neighborhood":"염창동","avgPrice":8.3,"households":3565,"buildingCount":3,"rank":733},"geometry":{"type":"Point","coordinates":[126.870863,37.552711]}},{"type":"Feature","properties":{"id":"A15776001","name":"염창강변월드메르디앙","district":"강서구","neighborhood":"염창동","avgPrice":10.899999999999999,"households":3564,"buildingCount":6,"rank":734},"geometry":{"type":"Point","coordinates":[126.865801,37.557845]}},{"type":"Feature","properties":{"id":"A13881401","name":"거여현대2차","district":"송파구","neighborhood":"거여동","avgPrice":11.416666666666666,"households":3563,"buildingCount":5,"rank":735},"geometry":{"type":"Point","coordinates":[127.146836,37.494745]}},{"type":"Feature","properties":{"id":"A15809201","name":"신도신월1차","district":"양천구","neighborhood":"신월동","avgPrice":7.166666666666667,"households":3563,"buildingCount":6,"rank":736},"geometry":{"type":"Point","coordinates":[126.846822,37.517792]}},{"type":"Feature","properties":{"id":"A15081802","name":"대림동2차한신아파트","district":"영등포구","neighborhood":"대림동","avgPrice":14.25,"households":3562,"buildingCount":2,"rank":737},"geometry":{"type":"Point","coordinates":[126.904222,37.494757]}},{"type":"Feature","properties":{"id":"A13382502","name":"성수현대","district":"성동구","neighborhood":"성수동1가","avgPrice":16.533333333333335,"households":3561,"buildingCount":0,"rank":738},"geometry":{"type":"Point","coordinates":[127.05001,37.540619]}},{"type":"Feature","properties":{"id":"A13286110","name":"쌍문한양2,3,4차","district":"도봉구","neighborhood":"쌍문동","avgPrice":3.2924,"households":3559,"buildingCount":2,"rank":739},"geometry":{"type":"Point","coordinates":[127.032142,37.656512]}},{"type":"Feature","properties":{"id":"A13706002","name":"방배SH-VILLE","district":"서초구","neighborhood":"방배동","avgPrice":23.7,"households":3556,"buildingCount":0,"rank":740},"geometry":{"type":"Point","coordinates":[127.000402,37.483114]}},{"type":"Feature","properties":{"id":"A13706001","name":"방배아크로리버","district":"서초구","neighborhood":"방배동","avgPrice":26.45,"households":3555,"buildingCount":8,"rank":741},"geometry":{"type":"Point","coordinates":[126.985016,37.497931]}},{"type":"Feature","properties":{"id":"A13202312","name":"방학신동아1단지","district":"도봉구","neighborhood":"방학동","avgPrice":12.05,"households":3551,"buildingCount":7,"rank":742},"geometry":{"type":"Point","coordinates":[127.028672,37.660502]}},{"type":"Feature","properties":{"id":"A10020486","name":"디에이치 대치 에델루이아파트","district":"강남구","neighborhood":"대치동","avgPrice":20.65,"households":3544,"buildingCount":2,"rank":743},"geometry":{"type":"Point","coordinates":[127.064586,37.501799]}},{"type":"Feature","properties":{"id":"A10026660","name":"노원에너지제로주택","district":"노원구","neighborhood":"하계동","avgPrice":10.35,"households":3544,"buildingCount":3,"rank":744},"geometry":{"type":"Point","coordinates":[127.073086,37.638619]}},{"type":"Feature","properties":{"id":"A10028105","name":"서초포레스타6단지","district":"서초구","neighborhood":"신원동","avgPrice":17.8,"households":3540,"buildingCount":11,"rank":745},"geometry":{"type":"Point","coordinates":[127.055673,37.449952]}},{"type":"Feature","properties":{"id":"A10024703","name":"면목 라온 프라이빗 아파트","district":"중랑구","neighborhood":"면목동","avgPrice":15.4,"households":3540,"buildingCount":4,"rank":746},"geometry":{"type":"Point","coordinates":[127.078833,37.582241]}},{"type":"Feature","properties":{"id":"A13785008","name":"래미안방배아트힐","district":"서초구","neighborhood":"방배동","avgPrice":23.483333333333334,"households":3539,"buildingCount":12,"rank":747},"geometry":{"type":"Point","coordinates":[127.0051,37.477758]}},{"type":"Feature","properties":{"id":"A10023316","name":"성수신성아파트","district":"성동구","neighborhood":"성수동2가","avgPrice":16.1,"households":3539,"buildingCount":0,"rank":748},"geometry":{"type":"Point","coordinates":[127.053,37.539502]}},{"type":"Feature","properties":{"id":"A10024702","name":"장위우방아파트","district":"성북구","neighborhood":"장위동","avgPrice":5.8,"households":3539,"buildingCount":3,"rank":749},"geometry":{"type":"Point","coordinates":[127.055332,37.609724]}},{"type":"Feature","properties":{"id":"A10023314","name":"LH수서1단지(행복주택)","district":"강남구","neighborhood":"자곡동","avgPrice":15.65,"households":3537,"buildingCount":4,"rank":750},"geometry":{"type":"Point","coordinates":[127.072247,37.508176]}},{"type":"Feature","properties":{"id":"A13286109","name":"쌍문현대1차","district":"도봉구","neighborhood":"쌍문동","avgPrice":4.073333333333333,"households":3537,"buildingCount":1,"rank":751},"geometry":{"type":"Point","coordinates":[127.031954,37.657712]}},{"type":"Feature","properties":{"id":"A13785005","name":"방배임광1,2차","district":"서초구","neighborhood":"방배동","avgPrice":26.825,"households":3536,"buildingCount":6,"rank":752},"geometry":{"type":"Point","coordinates":[127.002308,37.47723]}},{"type":"Feature","properties":{"id":"A13187702","name":"중화한신아파트","district":"중랑구","neighborhood":"중화동","avgPrice":10.899999999999999,"households":3536,"buildingCount":12,"rank":753},"geometry":{"type":"Point","coordinates":[127.081752,37.597312]}},{"type":"Feature","properties":{"id":"A13286107","name":"쌍문한양6차","district":"도봉구","neighborhood":"쌍문동","avgPrice":5.3246153846153845,"households":3535,"buildingCount":2,"rank":754},"geometry":{"type":"Point","coordinates":[127.028798,37.655281]}},{"type":"Feature","properties":{"id":"A13286106","name":"쌍문성원","district":"도봉구","neighborhood":"쌍문동","avgPrice":5.1175,"households":3534,"buildingCount":10,"rank":755},"geometry":{"type":"Point","coordinates":[127.029223,37.657805]}},{"type":"Feature","properties":{"id":"A13286105","name":"쌍문한양5차","district":"도봉구","neighborhood":"쌍문동","avgPrice":4.564,"households":3533,"buildingCount":4,"rank":756},"geometry":{"type":"Point","coordinates":[127.031518,37.65625]}},{"type":"Feature","properties":{"id":"A14380414","name":"극동2차아파트","district":"광진구","neighborhood":"광장동","avgPrice":25,"households":3532,"buildingCount":3,"rank":757},"geometry":{"type":"Point","coordinates":[127.103353,37.542708]}},{"type":"Feature","properties":{"id":"A13785001","name":"방배임광3차","district":"서초구","neighborhood":"방배동","avgPrice":16.925,"households":3532,"buildingCount":4,"rank":758},"geometry":{"type":"Point","coordinates":[127.003094,37.476362]}},{"type":"Feature","properties":{"id":"A15080402","name":"당산삼익","district":"영등포구","neighborhood":"당산동3가","avgPrice":10.816666666666668,"households":3527,"buildingCount":2,"rank":759},"geometry":{"type":"Point","coordinates":[126.895436,37.527987]}},{"type":"Feature","properties":{"id":"A13202308","name":"방학삼익세라믹","district":"도봉구","neighborhood":"방학동","avgPrice":13.25,"households":3526,"buildingCount":3,"rank":760},"geometry":{"type":"Point","coordinates":[127.033955,37.661325]}},{"type":"Feature","properties":{"id":"A13606201","name":"브라운스톤돈암","district":"성북구","neighborhood":"돈암동","avgPrice":8.843225806451612,"households":3526,"buildingCount":15,"rank":761},"geometry":{"type":"Point","coordinates":[127.017744,37.597833]}},{"type":"Feature","properties":{"id":"A13202306","name":"방학한화성원","district":"도봉구","neighborhood":"방학동","avgPrice":10.05,"households":3524,"buildingCount":3,"rank":762},"geometry":{"type":"Point","coordinates":[127.031694,37.661424]}},{"type":"Feature","properties":{"id":"A13202304","name":"대원그린아파트","district":"도봉구","neighborhood":"방학동","avgPrice":2.9,"households":3522,"buildingCount":3,"rank":763},"geometry":{"type":"Point","coordinates":[127.02825,37.663054]}},{"type":"Feature","properties":{"id":"A13202302","name":"방학극동아파트","district":"도봉구","neighborhood":"방학동","avgPrice":13.149999999999999,"households":3520,"buildingCount":2,"rank":764},"geometry":{"type":"Point","coordinates":[127.026737,37.664655]}},{"type":"Feature","properties":{"id":"A10021866","name":"강서센트레빌3차","district":"강서구","neighborhood":"방화동","avgPrice":12.45,"households":3517,"buildingCount":2,"rank":765},"geometry":{"type":"Point","coordinates":[126.816258,37.57163]}},{"type":"Feature","properties":{"id":"A15289508","name":"서울가든빌라","district":"구로구","neighborhood":"오류동","avgPrice":14.05,"households":3515,"buildingCount":4,"rank":766},"geometry":{"type":"Point","coordinates":[126.831204,37.492183]}},{"type":"Feature","properties":{"id":"A10025263","name":"고덕 그라시움 아파트","district":"강동구","neighborhood":"고덕동","avgPrice":15.4,"households":3512,"buildingCount":4,"rank":767},"geometry":{"type":"Point","coordinates":[127.162346,37.558212]}},{"type":"Feature","properties":{"id":"A15883402","name":"신정뉴타운롯데캐슬","district":"양천구","neighborhood":"신월동","avgPrice":11.3475,"households":3508,"buildingCount":10,"rank":768},"geometry":{"type":"Point","coordinates":[126.847751,37.518759]}},{"type":"Feature","properties":{"id":"A15883401","name":"신정뉴타운두산위브","district":"양천구","neighborhood":"신월동","avgPrice":10.85,"households":3507,"buildingCount":7,"rank":769},"geometry":{"type":"Point","coordinates":[126.845447,37.518986]}},{"type":"Feature","properties":{"id":"A13873701","name":"오금현대백조(임대)","district":"송파구","neighborhood":"오금동","avgPrice":9.553333333333333,"households":3507,"buildingCount":3,"rank":770},"geometry":{"type":"Point","coordinates":[127.113924,37.525106]}},{"type":"Feature","properties":{"id":"A14380409","name":"광장극동1차","district":"광진구","neighborhood":"광장동","avgPrice":25.5,"households":3506,"buildingCount":6,"rank":771},"geometry":{"type":"Point","coordinates":[127.104544,37.543229]}},{"type":"Feature","properties":{"id":"A13186306","name":"신내12단지","district":"중랑구","neighborhood":"상봉동","avgPrice":7.45,"households":3505,"buildingCount":6,"rank":772},"geometry":{"type":"Point","coordinates":[127.091068,37.605333]}},{"type":"Feature","properties":{"id":"A15384501","name":"벽산타운3단지","district":"금천구","neighborhood":"시흥동","avgPrice":11.8,"households":3504,"buildingCount":8,"rank":773},"geometry":{"type":"Point","coordinates":[126.876876,37.471947]}},{"type":"Feature","properties":{"id":"A13186305","name":"신내엘지쌍용","district":"중랑구","neighborhood":"상봉동","avgPrice":7.25,"households":3504,"buildingCount":5,"rank":774},"geometry":{"type":"Point","coordinates":[127.090548,37.603851]}},{"type":"Feature","properties":{"id":"A15882010","name":"목동삼익","district":"양천구","neighborhood":"목동","avgPrice":16.3375,"households":3502,"buildingCount":3,"rank":775},"geometry":{"type":"Point","coordinates":[126.876601,37.522737]}},{"type":"Feature","properties":{"id":"A13780201","name":"엠브이아파트","district":"서초구","neighborhood":"반포동","avgPrice":21.12222222222222,"households":3499,"buildingCount":5,"rank":776},"geometry":{"type":"Point","coordinates":[127.010285,37.499567]}},{"type":"Feature","properties":{"id":"A13985909","name":"중계주공2단지","district":"노원구","neighborhood":"중계동","avgPrice":3.5480555555555555,"households":3491,"buildingCount":3,"rank":777},"geometry":{"type":"Point","coordinates":[127.078692,37.657277]}},{"type":"Feature","properties":{"id":"A13985908","name":"중계주공3단지","district":"노원구","neighborhood":"중계동","avgPrice":11.1,"households":3490,"buildingCount":4,"rank":778},"geometry":{"type":"Point","coordinates":[127.077073,37.657207]}},{"type":"Feature","properties":{"id":"A13985907","name":"중계염광아파트","district":"노원구","neighborhood":"중계동","avgPrice":7.043333333333333,"households":3489,"buildingCount":7,"rank":779},"geometry":{"type":"Point","coordinates":[127.073274,37.656202]}},{"type":"Feature","properties":{"id":"A10021859","name":"쌍문역시티프라디움","district":"도봉구","neighborhood":"쌍문동","avgPrice":6.108,"households":3489,"buildingCount":0,"rank":780},"geometry":{"type":"Point","coordinates":[127.024596,37.67627]}},{"type":"Feature","properties":{"id":"A10025259","name":"석계역 한일노벨리아시티","district":"성북구","neighborhood":"장위동","avgPrice":12.350000000000001,"households":3487,"buildingCount":1,"rank":781},"geometry":{"type":"Point","coordinates":[127.06075,37.613732]}},{"type":"Feature","properties":{"id":"A10021856","name":"삼성파크아파트","district":"강남구","neighborhood":"삼성동","avgPrice":22.65,"households":3486,"buildingCount":4,"rank":782},"geometry":{"type":"Point","coordinates":[127.053995,37.509257]}},{"type":"Feature","properties":{"id":"A13985904","name":"중계현대2차(4동)","district":"노원구","neighborhood":"중계동","avgPrice":6.9375,"households":3486,"buildingCount":1,"rank":783},"geometry":{"type":"Point","coordinates":[127.07218,37.648862]}},{"type":"Feature","properties":{"id":"A10021855","name":"장안월드메르디앙2차아파트","district":"동대문구","neighborhood":"장안동","avgPrice":4.9,"households":3485,"buildingCount":1,"rank":784},"geometry":{"type":"Point","coordinates":[127.04283,37.570062]}},{"type":"Feature","properties":{"id":"A10020466","name":"청계 sk view 아파트","district":"성동구","neighborhood":"용답동","avgPrice":17.4,"households":3482,"buildingCount":0,"rank":785},"geometry":{"type":"Point","coordinates":[127.01244,37.565255]}},{"type":"Feature","properties":{"id":"A15882008","name":"목동현대1차","district":"양천구","neighborhood":"목동","avgPrice":16.823333333333334,"households":3479,"buildingCount":3,"rank":786},"geometry":{"type":"Point","coordinates":[126.872142,37.526058]}},{"type":"Feature","properties":{"id":"A13585404","name":"래미안도곡카운티","district":"강남구","neighborhood":"도곡동","avgPrice":20.700000000000003,"households":3477,"buildingCount":10,"rank":787},"geometry":{"type":"Point","coordinates":[127.051163,37.495135]}},{"type":"Feature","properties":{"id":"A15882006","name":"목동현대2차","district":"양천구","neighborhood":"목동","avgPrice":6.9,"households":3477,"buildingCount":3,"rank":788},"geometry":{"type":"Point","coordinates":[126.871667,37.523421]}},{"type":"Feature","properties":{"id":"A13585403","name":"타워팰리스G동","district":"강남구","neighborhood":"도곡동","avgPrice":18.8,"households":3476,"buildingCount":2,"rank":789},"geometry":{"type":"Point","coordinates":[127.053135,37.487569]}},{"type":"Feature","properties":{"id":"A13585402","name":"타워팰리스2차","district":"강남구","neighborhood":"도곡동","avgPrice":37,"households":3475,"buildingCount":2,"rank":790},"geometry":{"type":"Point","coordinates":[127.054521,37.48963]}},{"type":"Feature","properties":{"id":"A13585401","name":"개포우성5차","district":"강남구","neighborhood":"도곡동","avgPrice":20.25,"households":3474,"buildingCount":8,"rank":791},"geometry":{"type":"Point","coordinates":[127.047998,37.485831]}},{"type":"Feature","properties":{"id":"A15703204","name":"등촌IPARK","district":"강서구","neighborhood":"등촌동","avgPrice":11.15,"households":3469,"buildingCount":0,"rank":792},"geometry":{"type":"Point","coordinates":[126.856808,37.5527]}},{"type":"Feature","properties":{"id":"A12119007","name":"창전삼성","district":"마포구","neighborhood":"창전동","avgPrice":6.25,"households":3468,"buildingCount":2,"rank":793},"geometry":{"type":"Point","coordinates":[126.931788,37.551891]}},{"type":"Feature","properties":{"id":"A13812005","name":"송파파크데일2단지","district":"송파구","neighborhood":"마천동","avgPrice":13.799999999999999,"households":3467,"buildingCount":7,"rank":794},"geometry":{"type":"Point","coordinates":[127.159246,37.496076]}},{"type":"Feature","properties":{"id":"A15670001","name":"동작상떼빌주상복합","district":"동작구","neighborhood":"신대방동","avgPrice":11.472999999999999,"households":3467,"buildingCount":0,"rank":795},"geometry":{"type":"Point","coordinates":[126.92944,37.49116]}},{"type":"Feature","properties":{"id":"A12119006","name":"서강쌍용예가","district":"마포구","neighborhood":"창전동","avgPrice":10.1,"households":3467,"buildingCount":3,"rank":796},"geometry":{"type":"Point","coordinates":[126.929095,37.548138]}},{"type":"Feature","properties":{"id":"A13812004","name":"마천우방","district":"송파구","neighborhood":"마천동","avgPrice":18.9,"households":3466,"buildingCount":2,"rank":797},"geometry":{"type":"Point","coordinates":[127.151746,37.500321]}},{"type":"Feature","properties":{"id":"A12119004","name":"서강해모로","district":"마포구","neighborhood":"창전동","avgPrice":18.646666666666665,"households":3465,"buildingCount":8,"rank":798},"geometry":{"type":"Point","coordinates":[126.929558,37.54625]}},{"type":"Feature","properties":{"id":"A13812003","name":"금호어울림1차","district":"송파구","neighborhood":"마천동","avgPrice":10.501999999999999,"households":3465,"buildingCount":2,"rank":799},"geometry":{"type":"Point","coordinates":[127.154956,37.498168]}},{"type":"Feature","properties":{"id":"A13812002","name":"마천금호","district":"송파구","neighborhood":"마천동","avgPrice":18.8,"households":3464,"buildingCount":0,"rank":800},"geometry":{"type":"Point","coordinates":[127.15334,37.494702]}},{"type":"Feature","properties":{"id":"A13812001","name":"마천금호어울림2차","district":"송파구","neighborhood":"마천동","avgPrice":12.125,"households":3463,"buildingCount":9,"rank":801},"geometry":{"type":"Point","coordinates":[127.132213,37.513287]}},{"type":"Feature","properties":{"id":"A13006101","name":"제기한신","district":"동대문구","neighborhood":"제기동","avgPrice":12.85,"households":3459,"buildingCount":7,"rank":802},"geometry":{"type":"Point","coordinates":[127.039203,37.589063]}},{"type":"Feature","properties":{"id":"A11081503","name":"무악현대아파트","district":"종로구","neighborhood":"무악동","avgPrice":14.7,"households":3452,"buildingCount":6,"rank":803},"geometry":{"type":"Point","coordinates":[126.961161,37.575601]}},{"type":"Feature","properties":{"id":"A10025245","name":"래미안퍼스트하이","district":"성북구","neighborhood":"장위동","avgPrice":11.7,"households":3452,"buildingCount":11,"rank":804},"geometry":{"type":"Point","coordinates":[127.05158,37.619902]}},{"type":"Feature","properties":{"id":"A10020455","name":"서초자이르네 아파트 ","district":"서초구","neighborhood":"서초동","avgPrice":19.6,"households":3450,"buildingCount":1,"rank":805},"geometry":{"type":"Point","coordinates":[127.013403,37.482456]}},{"type":"Feature","properties":{"id":"A10025241","name":"꿈의숲 해링턴 플레이스 아파트","district":"강북구","neighborhood":"미아동","avgPrice":15.85,"households":3448,"buildingCount":10,"rank":806},"geometry":{"type":"Point","coordinates":[127.034381,37.618997]}},{"type":"Feature","properties":{"id":"A13920804","name":"상계주공10단지","district":"노원구","neighborhood":"상계동","avgPrice":12.4,"households":3444,"buildingCount":2,"rank":807},"geometry":{"type":"Point","coordinates":[127.057412,37.662338]}},{"type":"Feature","properties":{"id":"A13920803","name":"상계주공16단지","district":"노원구","neighborhood":"상계동","avgPrice":15.9,"households":3443,"buildingCount":6,"rank":808},"geometry":{"type":"Point","coordinates":[127.053061,37.669834]}},{"type":"Feature","properties":{"id":"A13924205","name":"공릉동부","district":"노원구","neighborhood":"공릉동","avgPrice":9.75,"households":3443,"buildingCount":5,"rank":809},"geometry":{"type":"Point","coordinates":[127.078645,37.628002]}},{"type":"Feature","properties":{"id":"A13580602","name":"개포경남아파트","district":"강남구","neighborhood":"개포동","avgPrice":20.65,"households":3442,"buildingCount":6,"rank":810},"geometry":{"type":"Point","coordinates":[127.054157,37.484428]}},{"type":"Feature","properties":{"id":"A12079501","name":"북아현두산","district":"서대문구","neighborhood":"북아현동","avgPrice":12.552,"households":3442,"buildingCount":5,"rank":811},"geometry":{"type":"Point","coordinates":[126.950182,37.559594]}},{"type":"Feature","properties":{"id":"A14276311","name":"번동주공3단지","district":"강북구","neighborhood":"번동","avgPrice":12.399999999999999,"households":3442,"buildingCount":4,"rank":812},"geometry":{"type":"Point","coordinates":[127.041211,37.629963]}},{"type":"Feature","properties":{"id":"A15009505","name":"문래두산위브","district":"영등포구","neighborhood":"문래동5가","avgPrice":10.678571428571429,"households":3442,"buildingCount":3,"rank":813},"geometry":{"type":"Point","coordinates":[126.885837,37.516899]}},{"type":"Feature","properties":{"id":"A13920802","name":"상계주공15단지","district":"노원구","neighborhood":"상계동","avgPrice":9.3,"households":3442,"buildingCount":4,"rank":814},"geometry":{"type":"Point","coordinates":[127.056853,37.668313]}},{"type":"Feature","properties":{"id":"A15009504","name":"문래현대5차아파트","district":"영등포구","neighborhood":"문래동5가","avgPrice":9.846,"households":3441,"buildingCount":3,"rank":815},"geometry":{"type":"Point","coordinates":[126.883344,37.517545]}},{"type":"Feature","properties":{"id":"A15009503","name":"문래대림","district":"영등포구","neighborhood":"문래동5가","avgPrice":8.492,"households":3440,"buildingCount":1,"rank":816},"geometry":{"type":"Point","coordinates":[126.888076,37.517024]}},{"type":"Feature","properties":{"id":"A15009502","name":"문래현대3차","district":"영등포구","neighborhood":"문래동5가","avgPrice":8.166,"households":3439,"buildingCount":2,"rank":817},"geometry":{"type":"Point","coordinates":[126.884581,37.516079]}},{"type":"Feature","properties":{"id":"A15603401","name":"경향렉스빌아파트","district":"동작구","neighborhood":"상도동","avgPrice":9,"households":3437,"buildingCount":2,"rank":818},"geometry":{"type":"Point","coordinates":[126.942006,37.495312]}},{"type":"Feature","properties":{"id":"A12293002","name":"응암우성","district":"은평구","neighborhood":"응암동","avgPrice":4.97,"households":3436,"buildingCount":2,"rank":819},"geometry":{"type":"Point","coordinates":[126.918347,37.583845]}},{"type":"Feature","properties":{"id":"A10023798","name":"용산원효루미니","district":"용산구","neighborhood":"원효로1가","avgPrice":22.1,"households":3433,"buildingCount":2,"rank":820},"geometry":{"type":"Point","coordinates":[127.007377,37.534091]}},{"type":"Feature","properties":{"id":"A13405201","name":"암사선사현대","district":"강동구","neighborhood":"암사동","avgPrice":8.8,"households":3433,"buildingCount":4,"rank":821},"geometry":{"type":"Point","coordinates":[127.126145,37.551591]}},{"type":"Feature","properties":{"id":"A10026626","name":"금천롯데캐슬골드파크2차","district":"금천구","neighborhood":"독산동","avgPrice":9.417692307692308,"households":3426,"buildingCount":5,"rank":822},"geometry":{"type":"Point","coordinates":[126.894119,37.458444]}},{"type":"Feature","properties":{"id":"A10021838","name":"장한평월드메르디앙 1차아파트","district":"동대문구","neighborhood":"장안동","avgPrice":8.18,"households":3426,"buildingCount":0,"rank":823},"geometry":{"type":"Point","coordinates":[127.064946,37.572825]}},{"type":"Feature","properties":{"id":"A10021832","name":"대림역경남아너스빌","district":"구로구","neighborhood":"구로동","avgPrice":7.27,"households":3420,"buildingCount":4,"rank":824},"geometry":{"type":"Point","coordinates":[126.89339,37.493436]}},{"type":"Feature","properties":{"id":"A13983105","name":"상계주공1단지","district":"노원구","neighborhood":"상계동","avgPrice":15.7,"households":3417,"buildingCount":0,"rank":825},"geometry":{"type":"Point","coordinates":[127.062796,37.647344]}},{"type":"Feature","properties":{"id":"A13385802","name":"무학현대","district":"성동구","neighborhood":"하왕십리동","avgPrice":11.8125,"households":3417,"buildingCount":3,"rank":826},"geometry":{"type":"Point","coordinates":[127.027975,37.561077]}},{"type":"Feature","properties":{"id":"A13480803","name":"길동현대아파트","district":"강동구","neighborhood":"길동","avgPrice":12.45,"households":3414,"buildingCount":3,"rank":827},"geometry":{"type":"Point","coordinates":[127.147735,37.53662]}},{"type":"Feature","properties":{"id":"A13676103","name":"신동아파밀리에","district":"성북구","neighborhood":"석관동","avgPrice":8.601111111111111,"households":3414,"buildingCount":3,"rank":828},"geometry":{"type":"Point","coordinates":[127.053848,37.607466]}},{"type":"Feature","properties":{"id":"A13983101","name":"상계마들","district":"노원구","neighborhood":"상계동","avgPrice":11.25,"households":3413,"buildingCount":3,"rank":829},"geometry":{"type":"Point","coordinates":[127.057084,37.641764]}},{"type":"Feature","properties":{"id":"A13676102","name":"석관래미안제2임대","district":"성북구","neighborhood":"석관동","avgPrice":9.715,"households":3413,"buildingCount":0,"rank":830},"geometry":{"type":"Point","coordinates":[127.005448,37.579635]}},{"type":"Feature","properties":{"id":"A13676101","name":"래미안석관","district":"성북구","neighborhood":"석관동","avgPrice":7.75,"households":3412,"buildingCount":6,"rank":831},"geometry":{"type":"Point","coordinates":[127.054171,37.608529]}},{"type":"Feature","properties":{"id":"A13484201","name":"성내1차e-편한세상","district":"강동구","neighborhood":"성내동","avgPrice":14.5,"households":3410,"buildingCount":1,"rank":832},"geometry":{"type":"Point","coordinates":[127.126514,37.534512]}},{"type":"Feature","properties":{"id":"A15602007","name":"대방1차e편한세상","district":"동작구","neighborhood":"대방동","avgPrice":8.3,"households":3408,"buildingCount":6,"rank":833},"geometry":{"type":"Point","coordinates":[126.929016,37.511822]}},{"type":"Feature","properties":{"id":"A13272201","name":"창동대우그린아파트","district":"도봉구","neighborhood":"창동","avgPrice":6.4324,"households":3405,"buildingCount":4,"rank":834},"geometry":{"type":"Point","coordinates":[127.04951,37.646377]}},{"type":"Feature","properties":{"id":"A15602002","name":"보라매코오롱하늘채","district":"동작구","neighborhood":"대방동","avgPrice":11.9,"households":3403,"buildingCount":2,"rank":835},"geometry":{"type":"Point","coordinates":[126.923224,37.498562]}},{"type":"Feature","properties":{"id":"A13611012","name":"길음뉴타운7단지제2","district":"성북구","neighborhood":"길음동","avgPrice":16.049999999999997,"households":3402,"buildingCount":8,"rank":836},"geometry":{"type":"Point","coordinates":[127.017915,37.610216]}},{"type":"Feature","properties":{"id":"A15602001","name":"대방경남아너스빌","district":"동작구","neighborhood":"대방동","avgPrice":14.716666666666667,"households":3402,"buildingCount":0,"rank":837},"geometry":{"type":"Point","coordinates":[126.926366,37.531975]}},{"type":"Feature","properties":{"id":"A10023788","name":"더플레이스충정로","district":"중구","neighborhood":"중림동","avgPrice":10.8,"households":3402,"buildingCount":3,"rank":838},"geometry":{"type":"Point","coordinates":[126.966682,37.559234]}},{"type":"Feature","properties":{"id":"A13611011","name":"래미안길음뉴타운9단지","district":"성북구","neighborhood":"길음동","avgPrice":17.15,"households":3401,"buildingCount":4,"rank":839},"geometry":{"type":"Point","coordinates":[127.020308,37.603176]}},{"type":"Feature","properties":{"id":"A10027189","name":"보문파크뷰자이아파트","district":"성북구","neighborhood":"보문동6가","avgPrice":11.837777777777777,"households":3401,"buildingCount":7,"rank":840},"geometry":{"type":"Point","coordinates":[127.0184,37.580473]}},{"type":"Feature","properties":{"id":"A10027188","name":"금천롯데캐슬골드파크1차아파트","district":"금천구","neighborhood":"독산동","avgPrice":11.346578947368421,"households":3400,"buildingCount":5,"rank":841},"geometry":{"type":"Point","coordinates":[126.895025,37.459599]}},{"type":"Feature","properties":{"id":"A13611010","name":"길음뉴타운8단지제2","district":"성북구","neighborhood":"길음동","avgPrice":8.4,"households":3400,"buildingCount":6,"rank":842},"geometry":{"type":"Point","coordinates":[127.017844,37.607398]}},{"type":"Feature","properties":{"id":"A14004002","name":"리버힐삼성아파트","district":"용산구","neighborhood":"산천동","avgPrice":16.988333333333333,"households":3398,"buildingCount":8,"rank":843},"geometry":{"type":"Point","coordinates":[126.950824,37.53493]}},{"type":"Feature","properties":{"id":"A14004001","name":"한강타운","district":"용산구","neighborhood":"산천동","avgPrice":11.428571428571429,"households":3397,"buildingCount":3,"rank":844},"geometry":{"type":"Point","coordinates":[126.949559,37.53513]}},{"type":"Feature","properties":{"id":"A10021828","name":"롯데캐슬주피터","district":"서초구","neighborhood":"서초동","avgPrice":22.1,"households":3395,"buildingCount":0,"rank":845},"geometry":{"type":"Point","coordinates":[127.030375,37.486732]}},{"type":"Feature","properties":{"id":"A10025227","name":"동대문더퍼스트데시앙아파트","district":"동대문구","neighborhood":"장안동","avgPrice":10.072222222222223,"households":3392,"buildingCount":4,"rank":846},"geometry":{"type":"Point","coordinates":[127.070515,37.574275]}},{"type":"Feature","properties":{"id":"A15807707","name":"신정양천","district":"양천구","neighborhood":"신정동","avgPrice":9.95,"households":3392,"buildingCount":5,"rank":847},"geometry":{"type":"Point","coordinates":[126.854963,37.517334]}},{"type":"Feature","properties":{"id":"A10022391","name":"북서울자이 폴라리스 아파트","district":"강북구","neighborhood":"미아동","avgPrice":15.149999999999999,"households":3391,"buildingCount":0,"rank":848},"geometry":{"type":"Point","coordinates":[127.003428,37.645945]}},{"type":"Feature","properties":{"id":"A15807706","name":"목동12단지","district":"양천구","neighborhood":"신정동","avgPrice":11.649999999999999,"households":3391,"buildingCount":7,"rank":849},"geometry":{"type":"Point","coordinates":[126.860653,37.513923]}},{"type":"Feature","properties":{"id":"A10021824","name":"목동3차월드메르디앙아파트","district":"양천구","neighborhood":"목동","avgPrice":8.1,"households":3391,"buildingCount":0,"rank":850},"geometry":{"type":"Point","coordinates":[126.87309,37.529872]}},{"type":"Feature","properties":{"id":"A10022390","name":"서초프라임헤센 아파트","district":"서초구","neighborhood":"서초동","avgPrice":24.35,"households":3390,"buildingCount":0,"rank":851},"geometry":{"type":"Point","coordinates":[127.023,37.493807]}},{"type":"Feature","properties":{"id":"A15807705","name":"목동11단지","district":"양천구","neighborhood":"신정동","avgPrice":9.6,"households":3390,"buildingCount":5,"rank":852},"geometry":{"type":"Point","coordinates":[126.857591,37.512613]}},{"type":"Feature","properties":{"id":"A15807704","name":"목동2차우성임대","district":"양천구","neighborhood":"신정동","avgPrice":12.6,"households":3389,"buildingCount":0,"rank":853},"geometry":{"type":"Point","coordinates":[126.892268,37.505875]}},{"type":"Feature","properties":{"id":"A15807703","name":"목동2차우성","district":"양천구","neighborhood":"신정동","avgPrice":10.100000000000001,"households":3388,"buildingCount":10,"rank":854},"geometry":{"type":"Point","coordinates":[126.866843,37.507787]}},{"type":"Feature","properties":{"id":"A10025223","name":"충무로엘크루메트로시티2","district":"중구","neighborhood":"충무로5가","avgPrice":7.15,"households":3388,"buildingCount":1,"rank":855},"geometry":{"type":"Point","coordinates":[126.999887,37.563373]}},{"type":"Feature","properties":{"id":"A15807702","name":"목동2차삼성래미안","district":"양천구","neighborhood":"신정동","avgPrice":8.65,"households":3387,"buildingCount":9,"rank":856},"geometry":{"type":"Point","coordinates":[126.868347,37.510118]}},{"type":"Feature","properties":{"id":"A15807701","name":"신정세양청마루","district":"양천구","neighborhood":"신정동","avgPrice":11.75,"households":3386,"buildingCount":9,"rank":857},"geometry":{"type":"Point","coordinates":[126.892088,37.531488]}},{"type":"Feature","properties":{"id":"A12186901","name":"코오롱하늘채","district":"마포구","neighborhood":"연남동","avgPrice":12.173636363636364,"households":3385,"buildingCount":4,"rank":858},"geometry":{"type":"Point","coordinates":[126.921037,37.564333]}},{"type":"Feature","properties":{"id":"A15083703","name":"신길경남","district":"영등포구","neighborhood":"신길동","avgPrice":11.85,"households":3384,"buildingCount":5,"rank":859},"geometry":{"type":"Point","coordinates":[126.918341,37.515615]}},{"type":"Feature","properties":{"id":"A13384403","name":"옥수극동그린아파트","district":"성동구","neighborhood":"옥수동","avgPrice":18.26615384615385,"households":3383,"buildingCount":2,"rank":860},"geometry":{"type":"Point","coordinates":[127.009963,37.541821]}},{"type":"Feature","properties":{"id":"A15083701","name":"신길삼두","district":"영등포구","neighborhood":"신길동","avgPrice":6.283333333333334,"households":3382,"buildingCount":0,"rank":861},"geometry":{"type":"Point","coordinates":[126.918194,37.510445]}},{"type":"Feature","properties":{"id":"A13611009","name":"길음SHVILLE","district":"성북구","neighborhood":"길음동","avgPrice":9.4,"households":3378,"buildingCount":0,"rank":862},"geometry":{"type":"Point","coordinates":[127.0167,37.56987]}},{"type":"Feature","properties":{"id":"A13611008","name":"길음뉴타운8단지","district":"성북구","neighborhood":"길음동","avgPrice":12.7775,"households":3377,"buildingCount":3,"rank":863},"geometry":{"type":"Point","coordinates":[127.018602,37.608441]}},{"type":"Feature","properties":{"id":"A13611007","name":"길음뉴타운푸르지오아파트2,3단지","district":"성북구","neighborhood":"길음동","avgPrice":11.5,"households":3376,"buildingCount":19,"rank":864},"geometry":{"type":"Point","coordinates":[127.016045,37.611795]}},{"type":"Feature","properties":{"id":"A13611006","name":"이편한세상 길음뉴타운4단지","district":"성북구","neighborhood":"길음동","avgPrice":10.75,"households":3375,"buildingCount":13,"rank":865},"geometry":{"type":"Point","coordinates":[127.019401,37.61228]}},{"type":"Feature","properties":{"id":"A13611005","name":"길음래미안3차","district":"성북구","neighborhood":"길음동","avgPrice":8.75,"households":3374,"buildingCount":9,"rank":866},"geometry":{"type":"Point","coordinates":[127.022797,37.606488]}},{"type":"Feature","properties":{"id":"A13611004","name":"길음삼부","district":"성북구","neighborhood":"길음동","avgPrice":6.95,"households":3373,"buildingCount":6,"rank":867},"geometry":{"type":"Point","coordinates":[127.023756,37.603146]}},{"type":"Feature","properties":{"id":"A13611002","name":"길음동부제2","district":"성북구","neighborhood":"길음동","avgPrice":8.85,"households":3371,"buildingCount":1,"rank":868},"geometry":{"type":"Point","coordinates":[127.039925,37.586877]}},{"type":"Feature","properties":{"id":"A13611001","name":"길음뉴타운4단지임대","district":"성북구","neighborhood":"길음동","avgPrice":7.7,"households":3370,"buildingCount":0,"rank":869},"geometry":{"type":"Point","coordinates":[127.0109,37.582875]}},{"type":"Feature","properties":{"id":"A12013003","name":"DMC래미안e편한세상","district":"서대문구","neighborhood":"북가좌동","avgPrice":14.972444444444445,"households":3367,"buildingCount":8,"rank":870},"geometry":{"type":"Point","coordinates":[126.910413,37.572763]}},{"type":"Feature","properties":{"id":"A12013002","name":"DMC아이파크","district":"서대문구","neighborhood":"북가좌동","avgPrice":11.916666666666666,"households":3366,"buildingCount":5,"rank":871},"geometry":{"type":"Point","coordinates":[126.914456,37.576575]}},{"type":"Feature","properties":{"id":"A12013001","name":"DMC휴먼빌","district":"서대문구","neighborhood":"북가좌동","avgPrice":8.989999999999998,"households":3365,"buildingCount":7,"rank":872},"geometry":{"type":"Point","coordinates":[126.911639,37.577015]}},{"type":"Feature","properties":{"id":"A10022384","name":"대방2차e편한세상아파트","district":"동작구","neighborhood":"대방동","avgPrice":7.9,"households":3363,"buildingCount":2,"rank":873},"geometry":{"type":"Point","coordinates":[126.930735,37.511639]}},{"type":"Feature","properties":{"id":"A10026604","name":"북한산 더샵","district":"서대문구","neighborhood":"홍은동","avgPrice":7,"households":3362,"buildingCount":6,"rank":874},"geometry":{"type":"Point","coordinates":[126.941756,37.59298]}},{"type":"Feature","properties":{"id":"A10020429","name":"신설동역 자이르네","district":"동대문구","neighborhood":"신설동","avgPrice":12.8,"households":3361,"buildingCount":0,"rank":875},"geometry":{"type":"Point","coordinates":[127.059958,37.55352]}},{"type":"Feature","properties":{"id":"A10020428","name":"세이지움상봉","district":"중랑구","neighborhood":"상봉동","avgPrice":8.8,"households":3360,"buildingCount":0,"rank":876},"geometry":{"type":"Point","coordinates":[127.0927,37.592665]}},{"type":"Feature","properties":{"id":"A15678103","name":"힐스테이트상도센트럴파크","district":"동작구","neighborhood":"상도동","avgPrice":12.5,"households":3358,"buildingCount":10,"rank":877},"geometry":{"type":"Point","coordinates":[126.950754,37.495469]}},{"type":"Feature","properties":{"id":"A15678102","name":"상도삼호","district":"동작구","neighborhood":"상도동","avgPrice":5.9,"households":3357,"buildingCount":6,"rank":878},"geometry":{"type":"Point","coordinates":[126.957446,37.49334]}},{"type":"Feature","properties":{"id":"A15678101","name":"상도현대","district":"동작구","neighborhood":"상도동","avgPrice":7.543333333333333,"households":3356,"buildingCount":5,"rank":879},"geometry":{"type":"Point","coordinates":[126.959434,37.493554]}},{"type":"Feature","properties":{"id":"A10020423","name":"와이센트럴시티상봉","district":"중랑구","neighborhood":"상봉동","avgPrice":12.4,"households":3355,"buildingCount":0,"rank":880},"geometry":{"type":"Point","coordinates":[127.10546,37.62817]}},{"type":"Feature","properties":{"id":"A12185504","name":"신수성원","district":"마포구","neighborhood":"신수동","avgPrice":9.15,"households":3353,"buildingCount":3,"rank":881},"geometry":{"type":"Point","coordinates":[126.937443,37.547169]}},{"type":"Feature","properties":{"id":"A13383003","name":"성수청구강변","district":"성동구","neighborhood":"성수동2가","avgPrice":19.55,"households":3348,"buildingCount":0,"rank":882},"geometry":{"type":"Point","coordinates":[127.056696,37.534618]}},{"type":"Feature","properties":{"id":"A13204205","name":"창동태영데시앙","district":"도봉구","neighborhood":"창동","avgPrice":7.871111111111111,"households":3344,"buildingCount":11,"rank":883},"geometry":{"type":"Point","coordinates":[127.033686,37.643678]}},{"type":"Feature","properties":{"id":"A13204204","name":"창동대우","district":"도봉구","neighborhood":"창동","avgPrice":6.7,"households":3343,"buildingCount":5,"rank":884},"geometry":{"type":"Point","coordinates":[127.038124,37.642566]}},{"type":"Feature","properties":{"id":"A12125202","name":"성산월드타운대림","district":"마포구","neighborhood":"성산동","avgPrice":11.516666666666666,"households":3342,"buildingCount":10,"rank":885},"geometry":{"type":"Point","coordinates":[126.908021,37.569423]}},{"type":"Feature","properties":{"id":"A13204203","name":"창동건영캐스빌","district":"도봉구","neighborhood":"창동","avgPrice":8.95,"households":3342,"buildingCount":9,"rank":886},"geometry":{"type":"Point","coordinates":[127.033908,37.641835]}},{"type":"Feature","properties":{"id":"A13511201","name":"압구정현대8차","district":"강남구","neighborhood":"압구정동","avgPrice":23.7,"households":3341,"buildingCount":2,"rank":887},"geometry":{"type":"Point","coordinates":[127.026046,37.528076]}},{"type":"Feature","properties":{"id":"A13204201","name":"창동금용","district":"도봉구","neighborhood":"창동","avgPrice":5.4,"households":3340,"buildingCount":1,"rank":888},"geometry":{"type":"Point","coordinates":[127.03567,37.637761]}},{"type":"Feature","properties":{"id":"A10022377","name":"청계벽산메가트리움","district":"동대문구","neighborhood":"답십리동","avgPrice":7.56,"households":3335,"buildingCount":5,"rank":889},"geometry":{"type":"Point","coordinates":[127.049389,37.569516]}},{"type":"Feature","properties":{"id":"A15885307","name":"신정청구아파트","district":"양천구","neighborhood":"신정동","avgPrice":13.175,"households":3334,"buildingCount":7,"rank":890},"geometry":{"type":"Point","coordinates":[126.875844,37.518963]}},{"type":"Feature","properties":{"id":"A10021809","name":"신우빌라","district":"도봉구","neighborhood":"방학동","avgPrice":9.1,"households":3334,"buildingCount":0,"rank":891},"geometry":{"type":"Point","coordinates":[127.03517,37.664125]}},{"type":"Feature","properties":{"id":"A15885306","name":"신정쌍용","district":"양천구","neighborhood":"신정동","avgPrice":12.950000000000001,"households":3333,"buildingCount":4,"rank":892},"geometry":{"type":"Point","coordinates":[126.875973,37.516979]}},{"type":"Feature","properties":{"id":"A10021807","name":"사당삼성아파트","district":"동작구","neighborhood":"사당동","avgPrice":9.6,"households":3332,"buildingCount":5,"rank":893},"geometry":{"type":"Point","coordinates":[126.979256,37.493591]}},{"type":"Feature","properties":{"id":"A10027162","name":"포레스트힐시티","district":"종로구","neighborhood":"효제동","avgPrice":1.7733333333333334,"households":3332,"buildingCount":2,"rank":894},"geometry":{"type":"Point","coordinates":[127.001664,37.574404]}},{"type":"Feature","properties":{"id":"A10020419","name":"라온프라이빗종암","district":"성북구","neighborhood":"종암동","avgPrice":15.65,"households":3330,"buildingCount":0,"rank":895},"geometry":{"type":"Point","coordinates":[126.98828,37.581525]}},{"type":"Feature","properties":{"id":"A15885303","name":"신정대림","district":"양천구","neighborhood":"신정동","avgPrice":14,"households":3330,"buildingCount":2,"rank":896},"geometry":{"type":"Point","coordinates":[126.873613,37.517751]}},{"type":"Feature","properties":{"id":"A10045302","name":"신당남산타운(분양)","district":"중구","neighborhood":"신당동","avgPrice":16.170238095238094,"households":3328,"buildingCount":0,"rank":897},"geometry":{"type":"Point","coordinates":[126.983564,37.55271]}},{"type":"Feature","properties":{"id":"A15386404","name":"남서울건영아파트","district":"금천구","neighborhood":"시흥동","avgPrice":5.25,"households":3328,"buildingCount":3,"rank":898},"geometry":{"type":"Point","coordinates":[126.910818,37.449363]}},{"type":"Feature","properties":{"id":"A10025204","name":"수서하니움","district":"강남구","neighborhood":"수서동","avgPrice":17.75,"households":3327,"buildingCount":0,"rank":899},"geometry":{"type":"Point","coordinates":[127.01946,37.53943]}},{"type":"Feature","properties":{"id":"A10045301","name":"신당남산타운임대","district":"중구","neighborhood":"신당동","avgPrice":13.850000000000001,"households":3327,"buildingCount":7,"rank":900},"geometry":{"type":"Point","coordinates":[127.006814,37.547243]}},{"type":"Feature","properties":{"id":"A10020416","name":"천왕역모아엘가트레뷰","district":"구로구","neighborhood":"오류동","avgPrice":8.475000000000001,"households":3327,"buildingCount":0,"rank":901},"geometry":{"type":"Point","coordinates":[126.893748,37.50009]}},{"type":"Feature","properties":{"id":"A13376702","name":"옥수현대","district":"성동구","neighborhood":"옥수동","avgPrice":20.75,"households":3326,"buildingCount":5,"rank":902},"geometry":{"type":"Point","coordinates":[127.018781,37.543398]}},{"type":"Feature","properties":{"id":"A10025203","name":"디에이치 아너힐즈","district":"강남구","neighborhood":"개포동","avgPrice":20.05,"households":3326,"buildingCount":9,"rank":903},"geometry":{"type":"Point","coordinates":[127.068677,37.483866]}},{"type":"Feature","properties":{"id":"A10020415","name":"강남태영데시앙루브","district":"서초구","neighborhood":"서초동","avgPrice":11.1,"households":3326,"buildingCount":0,"rank":904},"geometry":{"type":"Point","coordinates":[127.024646,37.502782]}},{"type":"Feature","properties":{"id":"A13184804","name":"묵동신도1차","district":"중랑구","neighborhood":"묵동","avgPrice":9.850000000000001,"households":3326,"buildingCount":3,"rank":905},"geometry":{"type":"Point","coordinates":[127.077631,37.617009]}},{"type":"Feature","properties":{"id":"A13527019","name":"도곡쌍용예가","district":"강남구","neighborhood":"도곡동","avgPrice":33,"households":3325,"buildingCount":4,"rank":906},"geometry":{"type":"Point","coordinates":[127.039428,37.486492]}},{"type":"Feature","properties":{"id":"A10020414","name":"남대문(양동) 단지","district":"중구","neighborhood":"남대문로5가","avgPrice":11.25,"households":3325,"buildingCount":0,"rank":907},"geometry":{"type":"Point","coordinates":[126.997948,37.553475]}},{"type":"Feature","properties":{"id":"A10025201","name":"서광 프리메라","district":"강서구","neighborhood":"화곡동","avgPrice":14.45,"households":3324,"buildingCount":6,"rank":908},"geometry":{"type":"Point","coordinates":[126.848502,37.550606]}},{"type":"Feature","properties":{"id":"A13527018","name":"양재SK허브프리모","district":"강남구","neighborhood":"도곡동","avgPrice":8.8,"households":3324,"buildingCount":1,"rank":909},"geometry":{"type":"Point","coordinates":[127.035012,37.485184]}},{"type":"Feature","properties":{"id":"A13527017","name":"타워팰리스1차","district":"강남구","neighborhood":"도곡동","avgPrice":41.85,"households":3323,"buildingCount":3,"rank":910},"geometry":{"type":"Point","coordinates":[127.054806,37.488325]}},{"type":"Feature","properties":{"id":"A13527016","name":"도곡개포한신아파트","district":"강남구","neighborhood":"도곡동","avgPrice":23.450000000000003,"households":3322,"buildingCount":3,"rank":911},"geometry":{"type":"Point","coordinates":[127.048986,37.487464]}},{"type":"Feature","properties":{"id":"A13590204","name":"압구정한양아파트제2단지","district":"강남구","neighborhood":"압구정동","avgPrice":24,"households":3321,"buildingCount":1,"rank":912},"geometry":{"type":"Point","coordinates":[127.024372,37.530079]}},{"type":"Feature","properties":{"id":"A13527014","name":"도곡대림아크로빌","district":"강남구","neighborhood":"도곡동","avgPrice":28.2,"households":3320,"buildingCount":2,"rank":913},"geometry":{"type":"Point","coordinates":[127.050943,37.488102]}},{"type":"Feature","properties":{"id":"A13527013","name":"개포4차우성","district":"강남구","neighborhood":"도곡동","avgPrice":14.450000000000001,"households":3319,"buildingCount":0,"rank":914},"geometry":{"type":"Point","coordinates":[127.043716,37.490757]}},{"type":"Feature","properties":{"id":"A13527011","name":"아카데미스위트","district":"강남구","neighborhood":"도곡동","avgPrice":24.599999999999998,"households":3317,"buildingCount":4,"rank":915},"geometry":{"type":"Point","coordinates":[127.051915,37.489204]}},{"type":"Feature","properties":{"id":"A13527010","name":"도곡우성아파트","district":"강남구","neighborhood":"도곡동","avgPrice":27.5,"households":3316,"buildingCount":1,"rank":916},"geometry":{"type":"Point","coordinates":[127.038434,37.492775]}},{"type":"Feature","properties":{"id":"A13071201","name":"청량리홍릉동부임대","district":"동대문구","neighborhood":"청량리동","avgPrice":9.028571428571428,"households":3312,"buildingCount":1,"rank":917},"geometry":{"type":"Point","coordinates":[127.012496,37.595964]}},{"type":"Feature","properties":{"id":"A14322002","name":"성원상떼빌","district":"광진구","neighborhood":"중곡동","avgPrice":5.989999999999999,"households":3311,"buildingCount":1,"rank":918},"geometry":{"type":"Point","coordinates":[127.066641,37.540807]}},{"type":"Feature","properties":{"id":"A14322001","name":"중곡SK","district":"광진구","neighborhood":"중곡동","avgPrice":13.4,"households":3310,"buildingCount":0,"rank":919},"geometry":{"type":"Point","coordinates":[127.08625,37.568649]}},{"type":"Feature","properties":{"id":"A13410012","name":"고덕리엔파크1단지","district":"강동구","neighborhood":"강일동","avgPrice":11.65,"households":3309,"buildingCount":4,"rank":920},"geometry":{"type":"Point","coordinates":[127.171502,37.561111]}},{"type":"Feature","properties":{"id":"A13410011","name":"고덕리엔파크2단지","district":"강동구","neighborhood":"강일동","avgPrice":12.416666666666666,"households":3308,"buildingCount":0,"rank":921},"geometry":{"type":"Point","coordinates":[127.173769,37.557303]}},{"type":"Feature","properties":{"id":"A13410010","name":"강일리버파크7단지","district":"강동구","neighborhood":"강일동","avgPrice":11.72,"households":3307,"buildingCount":3,"rank":922},"geometry":{"type":"Point","coordinates":[127.178686,37.565138]}},{"type":"Feature","properties":{"id":"A10023755","name":"마포한강 J-SKY아파트","district":"마포구","neighborhood":"망원동","avgPrice":12.35,"households":3306,"buildingCount":3,"rank":923},"geometry":{"type":"Point","coordinates":[126.899616,37.558809]}},{"type":"Feature","properties":{"id":"A10027157","name":"서울가좌행복주택","district":"마포구","neighborhood":"성산동","avgPrice":8.75,"households":3306,"buildingCount":0,"rank":924},"geometry":{"type":"Point","coordinates":[126.913401,37.568959]}},{"type":"Feature","properties":{"id":"A15785507","name":"마곡현대1차","district":"강서구","neighborhood":"방화동","avgPrice":8.3,"households":3305,"buildingCount":8,"rank":925},"geometry":{"type":"Point","coordinates":[126.831742,37.546672]}},{"type":"Feature","properties":{"id":"A10080701","name":"엘아이지서울역리가","district":"중구","neighborhood":"만리동1가","avgPrice":9.3,"households":3300,"buildingCount":6,"rank":926},"geometry":{"type":"Point","coordinates":[126.966916,37.555703]}},{"type":"Feature","properties":{"id":"A10022362","name":"자양9차현대홈타운아파트","district":"광진구","neighborhood":"자양동","avgPrice":7.4,"households":3299,"buildingCount":2,"rank":927},"geometry":{"type":"Point","coordinates":[127.069244,37.533731]}},{"type":"Feature","properties":{"id":"A10022360","name":"숲에리움헹복주택","district":"구로구","neighborhood":"오류동","avgPrice":11.05,"households":3297,"buildingCount":1,"rank":928},"geometry":{"type":"Point","coordinates":[126.876189,37.506643]}},{"type":"Feature","properties":{"id":"A15286602","name":"구로월드","district":"구로구","neighborhood":"구로동","avgPrice":6.1000000000000005,"households":3297,"buildingCount":4,"rank":929},"geometry":{"type":"Point","coordinates":[126.87553,37.505583]}},{"type":"Feature","properties":{"id":"A12177802","name":"창전삼성임대","district":"마포구","neighborhood":"창전동","avgPrice":8.8,"households":3295,"buildingCount":0,"rank":930},"geometry":{"type":"Point","coordinates":[126.926956,37.57665]}},{"type":"Feature","properties":{"id":"A12177801","name":"서강한화오벨리스크스위트","district":"마포구","neighborhood":"창전동","avgPrice":12.3,"households":3294,"buildingCount":3,"rank":931},"geometry":{"type":"Point","coordinates":[126.931825,37.546618]}},{"type":"Feature","properties":{"id":"A13527008","name":"도곡경남","district":"강남구","neighborhood":"도곡동","avgPrice":22.9,"households":3293,"buildingCount":5,"rank":932},"geometry":{"type":"Point","coordinates":[127.040859,37.489019]}},{"type":"Feature","properties":{"id":"A13527007","name":"도곡1차아이파크","district":"강남구","neighborhood":"도곡동","avgPrice":33,"households":3292,"buildingCount":4,"rank":933},"geometry":{"type":"Point","coordinates":[127.04378,37.492376]}},{"type":"Feature","properties":{"id":"A13183405","name":"면목대원칸타빌","district":"중랑구","neighborhood":"면목동","avgPrice":8.056000000000001,"households":3292,"buildingCount":5,"rank":934},"geometry":{"type":"Point","coordinates":[127.090104,37.578108]}},{"type":"Feature","properties":{"id":"A10020402","name":"중곡아파트2단지","district":"광진구","neighborhood":"중곡동","avgPrice":7.3999999999999995,"households":3292,"buildingCount":0,"rank":935},"geometry":{"type":"Point","coordinates":[127.074006,37.527735]}},{"type":"Feature","properties":{"id":"A13527006","name":"역삼삼익","district":"강남구","neighborhood":"도곡동","avgPrice":20.85,"households":3291,"buildingCount":4,"rank":936},"geometry":{"type":"Point","coordinates":[127.042368,37.491309]}},{"type":"Feature","properties":{"id":"A13527005","name":"현대비전21","district":"강남구","neighborhood":"도곡동","avgPrice":19.75,"households":3290,"buildingCount":2,"rank":937},"geometry":{"type":"Point","coordinates":[127.051285,37.4872]}},{"type":"Feature","properties":{"id":"A13527004","name":"도곡삼성","district":"강남구","neighborhood":"도곡동","avgPrice":16.9,"households":3289,"buildingCount":3,"rank":938},"geometry":{"type":"Point","coordinates":[127.046371,37.488727]}},{"type":"Feature","properties":{"id":"A13527003","name":"우성캐릭터199 아파트","district":"강남구","neighborhood":"도곡동","avgPrice":28.05,"households":3288,"buildingCount":3,"rank":939},"geometry":{"type":"Point","coordinates":[127.051627,37.486407]}},{"type":"Feature","properties":{"id":"A13527002","name":"도곡현대그린","district":"강남구","neighborhood":"도곡동","avgPrice":19.299999999999997,"households":3287,"buildingCount":0,"rank":940},"geometry":{"type":"Point","coordinates":[127.041378,37.495025]}},{"type":"Feature","properties":{"id":"A12084302","name":"유원홍은","district":"서대문구","neighborhood":"홍은동","avgPrice":5.083333333333333,"households":3287,"buildingCount":3,"rank":941},"geometry":{"type":"Point","coordinates":[126.944566,37.597523]}},{"type":"Feature","properties":{"id":"A13527001","name":"도곡동양재디오빌","district":"강남구","neighborhood":"도곡동","avgPrice":19.799999999999997,"households":3286,"buildingCount":1,"rank":942},"geometry":{"type":"Point","coordinates":[127.046852,37.48563]}},{"type":"Feature","properties":{"id":"A13410009","name":"강일리버파크5단지","district":"강동구","neighborhood":"강일동","avgPrice":11.4,"households":3285,"buildingCount":8,"rank":943},"geometry":{"type":"Point","coordinates":[127.178281,37.567674]}},{"type":"Feature","properties":{"id":"A13410008","name":"강일리버파크3단지","district":"강동구","neighborhood":"강일동","avgPrice":11.56125,"households":3284,"buildingCount":11,"rank":944},"geometry":{"type":"Point","coordinates":[127.174673,37.56668]}},{"type":"Feature","properties":{"id":"A13410007","name":"강일리버파크9단지","district":"강동구","neighborhood":"강일동","avgPrice":12.166666666666666,"households":3283,"buildingCount":6,"rank":945},"geometry":{"type":"Point","coordinates":[127.17888,37.559734]}},{"type":"Feature","properties":{"id":"A13410006","name":"강일리버파크4단지","district":"강동구","neighborhood":"강일동","avgPrice":11.525,"households":3282,"buildingCount":6,"rank":946},"geometry":{"type":"Point","coordinates":[127.176792,37.568303]}},{"type":"Feature","properties":{"id":"A13410005","name":"강일리버파크10단지","district":"강동구","neighborhood":"강일동","avgPrice":12.7625,"households":3281,"buildingCount":10,"rank":947},"geometry":{"type":"Point","coordinates":[127.180806,37.559872]}},{"type":"Feature","properties":{"id":"A13410004","name":"강일리버파크6단지","district":"강동구","neighborhood":"강일동","avgPrice":12.74,"households":3280,"buildingCount":6,"rank":948},"geometry":{"type":"Point","coordinates":[127.176529,37.563747]}},{"type":"Feature","properties":{"id":"A13008001","name":"신이문금호어울림","district":"동대문구","neighborhood":"이문동","avgPrice":8.75,"households":3280,"buildingCount":5,"rank":949},"geometry":{"type":"Point","coordinates":[127.062945,37.604051]}},{"type":"Feature","properties":{"id":"A13123102","name":"중랑숲금호어울림","district":"중랑구","neighborhood":"망우동","avgPrice":8.7,"households":3280,"buildingCount":6,"rank":950},"geometry":{"type":"Point","coordinates":[127.109036,37.602546]}},{"type":"Feature","properties":{"id":"A13410003","name":"강일리버파크2단지","district":"강동구","neighborhood":"강일동","avgPrice":12.6,"households":3279,"buildingCount":8,"rank":951},"geometry":{"type":"Point","coordinates":[127.175853,37.569149]}},{"type":"Feature","properties":{"id":"A13123101","name":"망우신원","district":"중랑구","neighborhood":"망우동","avgPrice":5.21,"households":3279,"buildingCount":2,"rank":952},"geometry":{"type":"Point","coordinates":[127.108187,37.599898]}},{"type":"Feature","properties":{"id":"A13410002","name":"강일리버파크8단지","district":"강동구","neighborhood":"강일동","avgPrice":11.75,"households":3278,"buildingCount":6,"rank":953},"geometry":{"type":"Point","coordinates":[127.177363,37.561943]}},{"type":"Feature","properties":{"id":"A13410001","name":"강일리버파크1단지","district":"강동구","neighborhood":"강일동","avgPrice":11.2,"households":3277,"buildingCount":6,"rank":954},"geometry":{"type":"Point","coordinates":[127.172006,37.56765]}},{"type":"Feature","properties":{"id":"A10022359","name":"망원미원2차아파트","district":"마포구","neighborhood":"망원동","avgPrice":6.848000000000001,"households":3275,"buildingCount":3,"rank":955},"geometry":{"type":"Point","coordinates":[126.922438,37.562017]}},{"type":"Feature","properties":{"id":"A10022357","name":"에이치하우스장위","district":"성북구","neighborhood":"장위동","avgPrice":9.6,"households":3273,"buildingCount":2,"rank":956},"geometry":{"type":"Point","coordinates":[127.058461,37.611983]}},{"type":"Feature","properties":{"id":"A15685702","name":"흑석한강현대","district":"동작구","neighborhood":"흑석동","avgPrice":23.5,"households":3271,"buildingCount":5,"rank":957},"geometry":{"type":"Point","coordinates":[126.969851,37.506515]}},{"type":"Feature","properties":{"id":"A10023741","name":"명륜아남2차아파트","district":"종로구","neighborhood":"명륜2가","avgPrice":15.65,"households":3271,"buildingCount":0,"rank":958},"geometry":{"type":"Point","coordinates":[126.960588,37.561305]}},{"type":"Feature","properties":{"id":"A15780705","name":"가양4단지","district":"강서구","neighborhood":"가양동","avgPrice":13.55,"households":3270,"buildingCount":5,"rank":959},"geometry":{"type":"Point","coordinates":[126.851984,37.565649]}},{"type":"Feature","properties":{"id":"A13679403","name":"길음뉴타운7단지","district":"성북구","neighborhood":"길음동","avgPrice":11.96,"households":3270,"buildingCount":6,"rank":960},"geometry":{"type":"Point","coordinates":[127.018987,37.609635]}},{"type":"Feature","properties":{"id":"A13679402","name":"길음뉴타운9단지제2","district":"성북구","neighborhood":"길음동","avgPrice":9.75,"households":3269,"buildingCount":0,"rank":961},"geometry":{"type":"Point","coordinates":[126.993442,37.608975]}},{"type":"Feature","properties":{"id":"A15780704","name":"가양3단지(강변)","district":"강서구","neighborhood":"가양동","avgPrice":7.2209803921568625,"households":3269,"buildingCount":10,"rank":962},"geometry":{"type":"Point","coordinates":[126.85492,37.564993]}},{"type":"Feature","properties":{"id":"A15780703","name":"가양대림경동","district":"강서구","neighborhood":"가양동","avgPrice":8.549999999999999,"households":3268,"buildingCount":3,"rank":963},"geometry":{"type":"Point","coordinates":[126.853318,37.565885]}},{"type":"Feature","properties":{"id":"A15780701","name":"가양중앙하이츠","district":"강서구","neighborhood":"가양동","avgPrice":10.325,"households":3266,"buildingCount":4,"rank":964},"geometry":{"type":"Point","coordinates":[126.849075,37.569987]}},{"type":"Feature","properties":{"id":"A13407104","name":"명일삼익그린2차","district":"강동구","neighborhood":"명일동","avgPrice":16.8715,"households":3257,"buildingCount":4,"rank":965},"geometry":{"type":"Point","coordinates":[127.140614,37.553172]}},{"type":"Feature","properties":{"id":"A12271402","name":"동광갈현베르빌","district":"은평구","neighborhood":"갈현동","avgPrice":7.833333333333333,"households":3256,"buildingCount":2,"rank":966},"geometry":{"type":"Point","coordinates":[126.916452,37.612399]}},{"type":"Feature","properties":{"id":"A13003202","name":"답십리청솔우성","district":"동대문구","neighborhood":"답십리동","avgPrice":9.73,"households":3248,"buildingCount":11,"rank":967},"geometry":{"type":"Point","coordinates":[127.059864,37.574566]}},{"type":"Feature","properties":{"id":"A13003201","name":"답십리두산","district":"동대문구","neighborhood":"답십리동","avgPrice":12.05,"households":3247,"buildingCount":4,"rank":968},"geometry":{"type":"Point","coordinates":[127.059864,37.569626]}},{"type":"Feature","properties":{"id":"A10023737","name":"DMC자이2단지아파트","district":"은평구","neighborhood":"증산동","avgPrice":10.700000000000001,"households":3246,"buildingCount":2,"rank":969},"geometry":{"type":"Point","coordinates":[126.899425,37.578639]}},{"type":"Feature","properties":{"id":"A13981608","name":"상계동양메이저","district":"노원구","neighborhood":"상계동","avgPrice":12.850000000000001,"households":3243,"buildingCount":3,"rank":970},"geometry":{"type":"Point","coordinates":[127.06391,37.657502]}},{"type":"Feature","properties":{"id":"A10022348","name":"등촌동코오롱오투빌2차아파트","district":"강서구","neighborhood":"등촌동","avgPrice":7.15,"households":3243,"buildingCount":2,"rank":971},"geometry":{"type":"Point","coordinates":[126.827479,37.540886]}},{"type":"Feature","properties":{"id":"A10023734","name":"구산주택","district":"은평구","neighborhood":"구산동","avgPrice":6.8,"households":3243,"buildingCount":2,"rank":972},"geometry":{"type":"Point","coordinates":[126.91148,37.609491]}},{"type":"Feature","properties":{"id":"A10027136","name":"도봉숲 아뜨리움","district":"도봉구","neighborhood":"도봉동","avgPrice":5.95,"households":3243,"buildingCount":0,"rank":973},"geometry":{"type":"Point","coordinates":[127.042973,37.678149]}},{"type":"Feature","properties":{"id":"A15776414","name":"등촌주공4단지","district":"강서구","neighborhood":"등촌동","avgPrice":13.6,"households":3242,"buildingCount":9,"rank":974},"geometry":{"type":"Point","coordinates":[126.843581,37.561697]}},{"type":"Feature","properties":{"id":"A10023732","name":"에드가 쌍문 청년주택","district":"도봉구","neighborhood":"쌍문동","avgPrice":7.6499999999999995,"households":3241,"buildingCount":0,"rank":975},"geometry":{"type":"Point","coordinates":[127.018274,37.672265]}},{"type":"Feature","properties":{"id":"A13981606","name":"상계대동아파트","district":"노원구","neighborhood":"상계동","avgPrice":6.5,"households":3241,"buildingCount":3,"rank":976},"geometry":{"type":"Point","coordinates":[127.071355,37.657417]}},{"type":"Feature","properties":{"id":"A13981604","name":"노원현대아파트","district":"노원구","neighborhood":"상계동","avgPrice":7.416666666666667,"households":3239,"buildingCount":4,"rank":977},"geometry":{"type":"Point","coordinates":[127.062872,37.658561]}},{"type":"Feature","properties":{"id":"A13290809","name":"창동주공1단지","district":"도봉구","neighborhood":"창동","avgPrice":5.235172413793103,"households":3239,"buildingCount":6,"rank":978},"geometry":{"type":"Point","coordinates":[127.039496,37.653538]}},{"type":"Feature","properties":{"id":"A13482706","name":"고덕주공9단지","district":"강동구","neighborhood":"명일동","avgPrice":17.356666666666666,"households":3238,"buildingCount":3,"rank":979},"geometry":{"type":"Point","coordinates":[127.151685,37.548503]}},{"type":"Feature","properties":{"id":"A10022341","name":"해링턴플레이스안암","district":"성북구","neighborhood":"안암동3가","avgPrice":14.950000000000001,"households":3236,"buildingCount":2,"rank":980},"geometry":{"type":"Point","coordinates":[127.028431,37.604349]}},{"type":"Feature","properties":{"id":"A13822902","name":"잠실우성4차","district":"송파구","neighborhood":"잠실동","avgPrice":27.0625,"households":3234,"buildingCount":1,"rank":981},"geometry":{"type":"Point","coordinates":[127.085232,37.505554]}},{"type":"Feature","properties":{"id":"A13486102","name":"천호금호","district":"강동구","neighborhood":"천호동","avgPrice":10.4,"households":3232,"buildingCount":0,"rank":982},"geometry":{"type":"Point","coordinates":[127.096598,37.521865]}},{"type":"Feature","properties":{"id":"A12076601","name":"북가좌삼호제2","district":"서대문구","neighborhood":"북가좌동","avgPrice":11.85,"households":3230,"buildingCount":2,"rank":983},"geometry":{"type":"Point","coordinates":[126.937035,37.575129]}},{"type":"Feature","properties":{"id":"A13614302","name":"장위참누리","district":"성북구","neighborhood":"장위동","avgPrice":10.149999999999999,"households":3227,"buildingCount":6,"rank":984},"geometry":{"type":"Point","coordinates":[127.012903,37.582301]}},{"type":"Feature","properties":{"id":"A15105008","name":"관악파크푸르지오","district":"관악구","neighborhood":"봉천동","avgPrice":9.74235294117647,"households":3227,"buildingCount":4,"rank":985},"geometry":{"type":"Point","coordinates":[126.961559,37.482809]}},{"type":"Feature","properties":{"id":"A12208205","name":"미성아파트(신사동)","district":"은평구","neighborhood":"신사동","avgPrice":6.21,"households":3227,"buildingCount":3,"rank":986},"geometry":{"type":"Point","coordinates":[126.908476,37.589475]}},{"type":"Feature","properties":{"id":"A13614301","name":"장월SH-VILLE1단지","district":"성북구","neighborhood":"장위동","avgPrice":16.2,"households":3226,"buildingCount":3,"rank":987},"geometry":{"type":"Point","coordinates":[127.047783,37.622496]}},{"type":"Feature","properties":{"id":"A15105007","name":"부미아띠랑스힐","district":"관악구","neighborhood":"봉천동","avgPrice":8.85,"households":3226,"buildingCount":2,"rank":988},"geometry":{"type":"Point","coordinates":[126.954632,37.475333]}},{"type":"Feature","properties":{"id":"A12208204","name":"새절역현대아파트","district":"은평구","neighborhood":"신사동","avgPrice":8.2,"households":3226,"buildingCount":4,"rank":989},"geometry":{"type":"Point","coordinates":[126.908487,37.593431]}},{"type":"Feature","properties":{"id":"A12208203","name":"신성아파트","district":"은평구","neighborhood":"신사동","avgPrice":12.600000000000001,"households":3225,"buildingCount":2,"rank":990},"geometry":{"type":"Point","coordinates":[126.905019,37.589771]}},{"type":"Feature","properties":{"id":"A13402305","name":"천호삼성아파트","district":"강동구","neighborhood":"천호동","avgPrice":12.45,"households":3225,"buildingCount":0,"rank":991},"geometry":{"type":"Point","coordinates":[127.144042,37.518355]}},{"type":"Feature","properties":{"id":"A15105006","name":"낙성대현대홈타운","district":"관악구","neighborhood":"봉천동","avgPrice":10.966666666666667,"households":3225,"buildingCount":0,"rank":992},"geometry":{"type":"Point","coordinates":[126.963214,37.480965]}},{"type":"Feature","properties":{"id":"A15105005","name":"서울대입구삼성아파트","district":"관악구","neighborhood":"봉천동","avgPrice":7.65,"households":3224,"buildingCount":4,"rank":993},"geometry":{"type":"Point","coordinates":[126.952104,37.475899]}},{"type":"Feature","properties":{"id":"A13402304","name":"천호태영임대","district":"강동구","neighborhood":"천호동","avgPrice":6.949999999999999,"households":3224,"buildingCount":0,"rank":994},"geometry":{"type":"Point","coordinates":[127.124612,37.54171]}},{"type":"Feature","properties":{"id":"A15105004","name":"보라매삼성","district":"관악구","neighborhood":"봉천동","avgPrice":10.382631578947368,"households":3223,"buildingCount":7,"rank":995},"geometry":{"type":"Point","coordinates":[126.927976,37.493946]}},{"type":"Feature","properties":{"id":"A10025686","name":"행당두산위브아파트(임대)","district":"성동구","neighborhood":"행당동","avgPrice":14.821666666666665,"households":3221,"buildingCount":0,"rank":996},"geometry":{"type":"Point","coordinates":[127.03131,37.552727]}},{"type":"Feature","properties":{"id":"A15105002","name":"봉천인헌아파트","district":"관악구","neighborhood":"봉천동","avgPrice":6.1,"households":3221,"buildingCount":0,"rank":997},"geometry":{"type":"Point","coordinates":[126.932054,37.497885]}},{"type":"Feature","properties":{"id":"A14002501","name":"파크타워","district":"용산구","neighborhood":"용산동5가","avgPrice":38.142857142857146,"households":3220,"buildingCount":2,"rank":998},"geometry":{"type":"Point","coordinates":[126.970946,37.524431]}},{"type":"Feature","properties":{"id":"A10025685","name":"서울숲행당푸르지오(임대)","district":"성동구","neighborhood":"행당동","avgPrice":12.6,"households":3220,"buildingCount":0,"rank":999},"geometry":{"type":"Point","coordinates":[127.031058,37.557974]}},{"type":"Feature","properties":{"id":"A10025683","name":"백련산파크자이아파트","district":"은평구","neighborhood":"응암동","avgPrice":8.9468,"households":3218,"buildingCount":9,"rank":1000},"geometry":{"type":"Point","coordinates":[126.922083,37.592196]}},{"type":"Feature","properties":{"id":"A10020894","name":"독산동삼익아파트","district":"금천구","neighborhood":"독산동","avgPrice":4.85,"households":3217,"buildingCount":1,"rank":1001},"geometry":{"type":"Point","coordinates":[126.90075,37.478081]}},{"type":"Feature","properties":{"id":"A10023728","name":"아그네스풍림아이원","district":"은평구","neighborhood":"역촌동","avgPrice":8.09,"households":3216,"buildingCount":1,"rank":1002},"geometry":{"type":"Point","coordinates":[126.918887,37.602987]}},{"type":"Feature","properties":{"id":"A13786803","name":"서초3차e편한세상","district":"서초구","neighborhood":"서초동","avgPrice":19.799999999999997,"households":3213,"buildingCount":3,"rank":1003},"geometry":{"type":"Point","coordinates":[127.007588,37.47854]}},{"type":"Feature","properties":{"id":"A10022339","name":"구산동2단지e편한세상아파트","district":"은평구","neighborhood":"구산동","avgPrice":14.45,"households":3213,"buildingCount":4,"rank":1004},"geometry":{"type":"Point","coordinates":[126.906431,37.612534]}},{"type":"Feature","properties":{"id":"A15809603","name":"벽산블루밍1단지,2단지","district":"양천구","neighborhood":"신월동","avgPrice":6.888333333333333,"households":3209,"buildingCount":5,"rank":1005},"geometry":{"type":"Point","coordinates":[126.841952,37.513232]}},{"type":"Feature","properties":{"id":"A15809601","name":"신월대주파크빌","district":"양천구","neighborhood":"신월동","avgPrice":8.075,"households":3207,"buildingCount":7,"rank":1006},"geometry":{"type":"Point","coordinates":[126.842375,37.514764]}},{"type":"Feature","properties":{"id":"A10027121","name":"녹천역두산위브아파트","district":"노원구","neighborhood":"월계동","avgPrice":7.45,"households":3207,"buildingCount":10,"rank":1007},"geometry":{"type":"Point","coordinates":[127.05285,37.6406]}},{"type":"Feature","properties":{"id":"A10022333","name":"대호프라자","district":"노원구","neighborhood":"중계동","avgPrice":4.75,"households":3207,"buildingCount":1,"rank":1008},"geometry":{"type":"Point","coordinates":[127.07327,37.659783]}},{"type":"Feature","properties":{"id":"A10022330","name":"논현우민아파트","district":"강남구","neighborhood":"논현동","avgPrice":12.350000000000001,"households":3204,"buildingCount":0,"rank":1009},"geometry":{"type":"Point","coordinates":[127.022306,37.516254]}},{"type":"Feature","properties":{"id":"A12287204","name":"이편한세상 수색 에코포레","district":"은평구","neighborhood":"수색동","avgPrice":14.4,"households":3203,"buildingCount":0,"rank":1010},"geometry":{"type":"Point","coordinates":[126.90068,37.62169]}},{"type":"Feature","properties":{"id":"A13481305","name":"길동우성2차","district":"강동구","neighborhood":"길동","avgPrice":10.7,"households":3202,"buildingCount":7,"rank":1011},"geometry":{"type":"Point","coordinates":[127.144224,37.536974]}},{"type":"Feature","properties":{"id":"A12287203","name":"수색대림한숲타운제2","district":"은평구","neighborhood":"수색동","avgPrice":9.600000000000001,"households":3202,"buildingCount":0,"rank":1012},"geometry":{"type":"Point","coordinates":[126.918718,37.6153]}},{"type":"Feature","properties":{"id":"A12287202","name":"DMC진흥아파트","district":"은평구","neighborhood":"수색동","avgPrice":8.5,"households":3201,"buildingCount":0,"rank":1013},"geometry":{"type":"Point","coordinates":[126.930028,37.620385]}},{"type":"Feature","properties":{"id":"A10025677","name":"은뜨락행복주택","district":"은평구","neighborhood":"진관동","avgPrice":14.95,"households":3191,"buildingCount":3,"rank":1014},"geometry":{"type":"Point","coordinates":[126.920251,37.629853]}},{"type":"Feature","properties":{"id":"A13114003","name":"장미","district":"중랑구","neighborhood":"묵동","avgPrice":8.5,"households":3190,"buildingCount":0,"rank":1015},"geometry":{"type":"Point","coordinates":[127.080769,37.614066]}},{"type":"Feature","properties":{"id":"A10020888","name":"보광타워","district":"동대문구","neighborhood":"답십리동","avgPrice":1.6749999999999998,"households":3190,"buildingCount":2,"rank":1016},"geometry":{"type":"Point","coordinates":[127.050284,37.570211]}},{"type":"Feature","properties":{"id":"A10025675","name":"래미안블레스티지","district":"강남구","neighborhood":"개포동","avgPrice":34.667857142857144,"households":3189,"buildingCount":11,"rank":1017},"geometry":{"type":"Point","coordinates":[127.06445,37.481039]}},{"type":"Feature","properties":{"id":"A13114002","name":"묵동아이파크","district":"중랑구","neighborhood":"묵동","avgPrice":16.15,"households":3189,"buildingCount":7,"rank":1018},"geometry":{"type":"Point","coordinates":[127.073656,37.610384]}},{"type":"Feature","properties":{"id":"A10020884","name":"상봉타워","district":"중랑구","neighborhood":"상봉동","avgPrice":11.5,"households":3186,"buildingCount":4,"rank":1019},"geometry":{"type":"Point","coordinates":[127.085902,37.595662]}},{"type":"Feature","properties":{"id":"A10025672","name":"마포 보성 아파트","district":"마포구","neighborhood":"마포동","avgPrice":11.350000000000001,"households":3186,"buildingCount":4,"rank":1020},"geometry":{"type":"Point","coordinates":[126.946448,37.53563]}},{"type":"Feature","properties":{"id":"A14001101","name":"대우월드마크용산","district":"용산구","neighborhood":"한강로1가","avgPrice":22.099999999999998,"households":3185,"buildingCount":2,"rank":1021},"geometry":{"type":"Point","coordinates":[126.973067,37.53721]}},{"type":"Feature","properties":{"id":"A10027118","name":"경희궁자이2단지 아파트","district":"종로구","neighborhood":"홍파동","avgPrice":10.8,"households":3183,"buildingCount":10,"rank":1022},"geometry":{"type":"Point","coordinates":[126.963838,37.570439]}},{"type":"Feature","properties":{"id":"A10023715","name":"더샵파크프레스티지","district":"영등포구","neighborhood":"신길동","avgPrice":14.15,"households":3182,"buildingCount":3,"rank":1023},"geometry":{"type":"Point","coordinates":[126.916734,37.507894]}},{"type":"Feature","properties":{"id":"A13880407","name":"가락금호","district":"송파구","neighborhood":"가락동","avgPrice":18.888461538461538,"households":3178,"buildingCount":8,"rank":1024},"geometry":{"type":"Point","coordinates":[127.116511,37.496375]}},{"type":"Feature","properties":{"id":"A10022325","name":"성수금호타운2차아파트","district":"성동구","neighborhood":"성수동2가","avgPrice":13.4,"households":3178,"buildingCount":2,"rank":1025},"geometry":{"type":"Point","coordinates":[127.053556,37.535527]}},{"type":"Feature","properties":{"id":"A13880406","name":"가락우성1차","district":"송파구","neighborhood":"가락동","avgPrice":13.5,"households":3177,"buildingCount":1,"rank":1026},"geometry":{"type":"Point","coordinates":[127.125426,37.492022]}},{"type":"Feature","properties":{"id":"A12187403","name":"염리상록","district":"마포구","neighborhood":"염리동","avgPrice":12.549999999999999,"households":3173,"buildingCount":8,"rank":1027},"geometry":{"type":"Point","coordinates":[126.948089,37.551466]}},{"type":"Feature","properties":{"id":"A11014001","name":"로얄팰리스스위트","district":"종로구","neighborhood":"수송동","avgPrice":3.5159999999999996,"households":3171,"buildingCount":0,"rank":1028},"geometry":{"type":"Point","coordinates":[127.002232,37.58583]}},{"type":"Feature","properties":{"id":"A10025665","name":"삼익1차플라주아파트","district":"양천구","neighborhood":"신월동","avgPrice":7.550000000000001,"households":3158,"buildingCount":1,"rank":1029},"geometry":{"type":"Point","coordinates":[126.842766,37.519608]}},{"type":"Feature","properties":{"id":"A12010104","name":"홍은벽산","district":"서대문구","neighborhood":"홍은동","avgPrice":8.15,"households":3156,"buildingCount":2,"rank":1030},"geometry":{"type":"Point","coordinates":[126.946223,37.594445]}},{"type":"Feature","properties":{"id":"A10023709","name":"DMC금호리첸시아","district":"서대문구","neighborhood":"남가좌동","avgPrice":13.131818181818181,"households":3155,"buildingCount":6,"rank":1031},"geometry":{"type":"Point","coordinates":[126.913441,37.573158]}},{"type":"Feature","properties":{"id":"A12010103","name":"홍은풍림2차","district":"서대문구","neighborhood":"홍은동","avgPrice":6.606923076923077,"households":3155,"buildingCount":3,"rank":1032},"geometry":{"type":"Point","coordinates":[126.964874,37.56938]}},{"type":"Feature","properties":{"id":"A15883803","name":"신월대림","district":"양천구","neighborhood":"신월동","avgPrice":7.55,"households":3153,"buildingCount":3,"rank":1033},"geometry":{"type":"Point","coordinates":[126.845255,37.523609]}},{"type":"Feature","properties":{"id":"A12010101","name":"홍은풍림1차","district":"서대문구","neighborhood":"홍은동","avgPrice":4.951428571428571,"households":3153,"buildingCount":4,"rank":1034},"geometry":{"type":"Point","coordinates":[126.941503,37.594483]}},{"type":"Feature","properties":{"id":"A13186708","name":"신내동성1,2차","district":"중랑구","neighborhood":"신내동","avgPrice":5.988636363636363,"households":3151,"buildingCount":5,"rank":1035},"geometry":{"type":"Point","coordinates":[127.097206,37.61013]}},{"type":"Feature","properties":{"id":"A10022318","name":"씨즈건대힐스","district":"광진구","neighborhood":"화양동","avgPrice":1.49,"households":3150,"buildingCount":4,"rank":1036},"geometry":{"type":"Point","coordinates":[127.074535,37.546139]}},{"type":"Feature","properties":{"id":"A13877501","name":"송파삼성래미안","district":"송파구","neighborhood":"송파동","avgPrice":22.566666666666666,"households":3149,"buildingCount":13,"rank":1037},"geometry":{"type":"Point","coordinates":[127.118643,37.50467]}},{"type":"Feature","properties":{"id":"A10027105","name":"경희궁자이3단지","district":"종로구","neighborhood":"평동","avgPrice":13,"households":3149,"buildingCount":7,"rank":1038},"geometry":{"type":"Point","coordinates":[126.966192,37.568782]}},{"type":"Feature","properties":{"id":"A13876114","name":"송파꿈에그린아파트","district":"송파구","neighborhood":"장지동","avgPrice":15.7,"households":3148,"buildingCount":7,"rank":1039},"geometry":{"type":"Point","coordinates":[127.140906,37.475004]}},{"type":"Feature","properties":{"id":"A13876113","name":"송파더센트레아파트","district":"송파구","neighborhood":"장지동","avgPrice":15.513809523809524,"households":3147,"buildingCount":7,"rank":1040},"geometry":{"type":"Point","coordinates":[127.140031,37.479248]}},{"type":"Feature","properties":{"id":"A13876112","name":"송파파인타운13단지","district":"송파구","neighborhood":"장지동","avgPrice":18.85,"households":3146,"buildingCount":0,"rank":1041},"geometry":{"type":"Point","coordinates":[127.128694,37.476953]}},{"type":"Feature","properties":{"id":"A15671801","name":"상도두산위브","district":"동작구","neighborhood":"상도동","avgPrice":16.95,"households":3146,"buildingCount":5,"rank":1042},"geometry":{"type":"Point","coordinates":[126.943339,37.504421]}},{"type":"Feature","properties":{"id":"A13876111","name":"송파파인타운1단지","district":"송파구","neighborhood":"장지동","avgPrice":15.683333333333332,"households":3145,"buildingCount":4,"rank":1043},"geometry":{"type":"Point","coordinates":[127.134729,37.486767]}},{"type":"Feature","properties":{"id":"A10027101","name":"휘경현대아파트","district":"동대문구","neighborhood":"휘경동","avgPrice":11.2,"households":3145,"buildingCount":3,"rank":1044},"geometry":{"type":"Point","coordinates":[127.055488,37.586313]}},{"type":"Feature","properties":{"id":"A13876110","name":"송파파인타운3단지","district":"송파구","neighborhood":"장지동","avgPrice":18.2,"households":3144,"buildingCount":8,"rank":1045},"geometry":{"type":"Point","coordinates":[127.132877,37.48383]}},{"type":"Feature","properties":{"id":"A13380104","name":"금호벽산","district":"성동구","neighborhood":"금호동1가","avgPrice":15.850000000000001,"households":3137,"buildingCount":8,"rank":1046},"geometry":{"type":"Point","coordinates":[127.026952,37.552153]}},{"type":"Feature","properties":{"id":"A10025659","name":"응암역효성해링턴플레이스","district":"은평구","neighborhood":"신사동","avgPrice":8.07,"households":3131,"buildingCount":6,"rank":1047},"geometry":{"type":"Point","coordinates":[126.908697,37.598053]}},{"type":"Feature","properties":{"id":"A10025657","name":"송파 두산위브아파트","district":"송파구","neighborhood":"오금동","avgPrice":20.6,"households":3129,"buildingCount":3,"rank":1048},"geometry":{"type":"Point","coordinates":[127.141051,37.500743]}},{"type":"Feature","properties":{"id":"A10020869","name":"경남아파트","district":"중랑구","neighborhood":"망우동","avgPrice":3.9133333333333336,"households":3129,"buildingCount":8,"rank":1049},"geometry":{"type":"Point","coordinates":[127.106545,37.604004]}},{"type":"Feature","properties":{"id":"A10020868","name":"어울채행복주택","district":"광진구","neighborhood":"자양동","avgPrice":12,"households":3128,"buildingCount":0,"rank":1050},"geometry":{"type":"Point","coordinates":[127.087288,37.55316]}},{"type":"Feature","properties":{"id":"A13989702","name":"상계동아불암임대","district":"노원구","neighborhood":"상계동","avgPrice":5.579090909090909,"households":3126,"buildingCount":6,"rank":1051},"geometry":{"type":"Point","coordinates":[127.059619,37.662321]}},{"type":"Feature","properties":{"id":"A13989701","name":"상계동아불암","district":"노원구","neighborhood":"상계동","avgPrice":7.6,"households":3125,"buildingCount":6,"rank":1052},"geometry":{"type":"Point","coordinates":[127.07994,37.666624]}},{"type":"Feature","properties":{"id":"A13876109","name":"송파파인타운2단지","district":"송파구","neighborhood":"장지동","avgPrice":16.8,"households":3122,"buildingCount":6,"rank":1053},"geometry":{"type":"Point","coordinates":[127.131371,37.484184]}},{"type":"Feature","properties":{"id":"A13585804","name":"역삼럭키","district":"강남구","neighborhood":"도곡동","avgPrice":17.7,"households":3121,"buildingCount":10,"rank":1054},"geometry":{"type":"Point","coordinates":[127.039904,37.490349]}},{"type":"Feature","properties":{"id":"A13876108","name":"송파파인타운6단지","district":"송파구","neighborhood":"장지동","avgPrice":14.1,"households":3121,"buildingCount":4,"rank":1055},"geometry":{"type":"Point","coordinates":[127.13189,37.480558]}},{"type":"Feature","properties":{"id":"A10022304","name":"신월 금용아파트","district":"양천구","neighborhood":"신월동","avgPrice":13.100000000000001,"households":3115,"buildingCount":1,"rank":1056},"geometry":{"type":"Point","coordinates":[126.842284,37.520768]}},{"type":"Feature","properties":{"id":"A15283711","name":"고척벽산블루밍","district":"구로구","neighborhood":"고척동","avgPrice":12.45,"households":3115,"buildingCount":13,"rank":1057},"geometry":{"type":"Point","coordinates":[126.864208,37.495448]}},{"type":"Feature","properties":{"id":"A10022303","name":"마포대림1차","district":"마포구","neighborhood":"용강동","avgPrice":8.3,"households":3114,"buildingCount":2,"rank":1058},"geometry":{"type":"Point","coordinates":[126.941802,37.540533]}},{"type":"Feature","properties":{"id":"A15722314","name":"방화2단지","district":"강서구","neighborhood":"방화동","avgPrice":7.25,"households":3112,"buildingCount":6,"rank":1059},"geometry":{"type":"Point","coordinates":[126.818473,37.575514]}},{"type":"Feature","properties":{"id":"A13472201","name":"천호삼성임대","district":"강동구","neighborhood":"천호동","avgPrice":9.35,"households":3107,"buildingCount":0,"rank":1060},"geometry":{"type":"Point","coordinates":[127.151756,37.525015]}},{"type":"Feature","properties":{"id":"A15303103","name":"시흥성지","district":"금천구","neighborhood":"시흥동","avgPrice":5.535,"households":3103,"buildingCount":3,"rank":1061},"geometry":{"type":"Point","coordinates":[126.898195,37.450883]}},{"type":"Feature","properties":{"id":"A15303102","name":"시흥베르빌","district":"금천구","neighborhood":"시흥동","avgPrice":7.331428571428572,"households":3102,"buildingCount":1,"rank":1062},"geometry":{"type":"Point","coordinates":[126.897628,37.457608]}},{"type":"Feature","properties":{"id":"A10025649","name":"신정이든채","district":"양천구","neighborhood":"신정동","avgPrice":10.85,"households":3100,"buildingCount":4,"rank":1063},"geometry":{"type":"Point","coordinates":[126.834212,37.512903]}},{"type":"Feature","properties":{"id":"A15088918","name":"여의도한양","district":"영등포구","neighborhood":"여의도동","avgPrice":35.8,"households":3097,"buildingCount":6,"rank":1064},"geometry":{"type":"Point","coordinates":[126.932234,37.521044]}},{"type":"Feature","properties":{"id":"A10025646","name":"대치풍림아이원아파트 1.2단지","district":"강남구","neighborhood":"대치동","avgPrice":19.799999999999997,"households":3097,"buildingCount":1,"rank":1065},"geometry":{"type":"Point","coordinates":[127.060116,37.497546]}},{"type":"Feature","properties":{"id":"A10024258","name":"디에이치포레센트아파트","district":"강남구","neighborhood":"일원동","avgPrice":30,"households":3095,"buildingCount":5,"rank":1066},"geometry":{"type":"Point","coordinates":[127.078767,37.490082]}},{"type":"Feature","properties":{"id":"A15088915","name":"롯데캐슬아이비","district":"영등포구","neighborhood":"여의도동","avgPrice":22.759999999999998,"households":3094,"buildingCount":1,"rank":1067},"geometry":{"type":"Point","coordinates":[126.931977,37.519982]}},{"type":"Feature","properties":{"id":"A15879502","name":"신정이펜하우스3단지","district":"양천구","neighborhood":"신정동","avgPrice":7.711111111111112,"households":3094,"buildingCount":5,"rank":1068},"geometry":{"type":"Point","coordinates":[126.8302,37.513397]}},{"type":"Feature","properties":{"id":"A15879501","name":"신정푸른마을1단지임대","district":"양천구","neighborhood":"신정동","avgPrice":7.6,"households":3093,"buildingCount":1,"rank":1069},"geometry":{"type":"Point","coordinates":[126.848912,37.52222]}},{"type":"Feature","properties":{"id":"A15283709","name":"고척청구아파트","district":"구로구","neighborhood":"고척동","avgPrice":6.128461538461538,"households":3092,"buildingCount":3,"rank":1070},"geometry":{"type":"Point","coordinates":[126.863665,37.501689]}},{"type":"Feature","properties":{"id":"A10025641","name":"마곡보타닉경남아너스빌아파트","district":"강서구","neighborhood":"방화동","avgPrice":5.75,"households":3092,"buildingCount":0,"rank":1071},"geometry":{"type":"Point","coordinates":[126.875774,37.54973]}},{"type":"Feature","properties":{"id":"A10024254","name":"디에이치반포라클라스","district":"서초구","neighborhood":"반포동","avgPrice":38.075,"households":3091,"buildingCount":8,"rank":1072},"geometry":{"type":"Point","coordinates":[127.014773,37.500947]}},{"type":"Feature","properties":{"id":"A10020852","name":"강변임광아파트 ","district":"성동구","neighborhood":"성수동2가","avgPrice":34,"households":3091,"buildingCount":4,"rank":1073},"geometry":{"type":"Point","coordinates":[127.057337,37.535195]}},{"type":"Feature","properties":{"id":"A15283707","name":"고척동센츄리","district":"구로구","neighborhood":"고척동","avgPrice":6.369285714285715,"households":3090,"buildingCount":3,"rank":1074},"geometry":{"type":"Point","coordinates":[126.861531,37.504818]}},{"type":"Feature","properties":{"id":"A10020851","name":"청계지웰에스테이트","district":"동대문구","neighborhood":"답십리동","avgPrice":1.3766666666666667,"households":3090,"buildingCount":0,"rank":1075},"geometry":{"type":"Point","coordinates":[127.049557,37.570167]}},{"type":"Feature","properties":{"id":"A15283706","name":"고척동아한신","district":"구로구","neighborhood":"고척동","avgPrice":6.99875,"households":3089,"buildingCount":5,"rank":1076},"geometry":{"type":"Point","coordinates":[126.865137,37.50073]}},{"type":"Feature","properties":{"id":"A15283704","name":"삼익아파트2단지","district":"구로구","neighborhood":"고척동","avgPrice":12.2,"households":3087,"buildingCount":9,"rank":1077},"geometry":{"type":"Point","coordinates":[126.852307,37.507941]}},{"type":"Feature","properties":{"id":"A15375810","name":"금천이랜드해가든","district":"금천구","neighborhood":"독산동","avgPrice":7.3116666666666665,"households":3087,"buildingCount":0,"rank":1078},"geometry":{"type":"Point","coordinates":[126.892676,37.461318]}},{"type":"Feature","properties":{"id":"A13776301","name":"반포리체","district":"서초구","neighborhood":"반포동","avgPrice":42.333333333333336,"households":3085,"buildingCount":7,"rank":1079},"geometry":{"type":"Point","coordinates":[127.013529,37.50369]}},{"type":"Feature","properties":{"id":"A15283702","name":"고척우성꿈동산","district":"구로구","neighborhood":"고척동","avgPrice":5.256666666666667,"households":3085,"buildingCount":0,"rank":1080},"geometry":{"type":"Point","coordinates":[126.885164,37.489965]}},{"type":"Feature","properties":{"id":"A14376501","name":"한솔리베르","district":"광진구","neighborhood":"자양동","avgPrice":9.899999999999999,"households":3084,"buildingCount":1,"rank":1081},"geometry":{"type":"Point","coordinates":[127.084768,37.52806]}},{"type":"Feature","properties":{"id":"A15722307","name":"방화1단지(장미)","district":"강서구","neighborhood":"방화동","avgPrice":5.16421052631579,"households":3084,"buildingCount":4,"rank":1082},"geometry":{"type":"Point","coordinates":[126.817701,37.574218]}},{"type":"Feature","properties":{"id":"A15283701","name":"고척경남1차","district":"구로구","neighborhood":"고척동","avgPrice":5.15,"households":3084,"buildingCount":4,"rank":1083},"geometry":{"type":"Point","coordinates":[126.86282,37.505078]}},{"type":"Feature","properties":{"id":"A15722306","name":"마곡서광","district":"강서구","neighborhood":"방화동","avgPrice":5.6,"households":3083,"buildingCount":4,"rank":1084},"geometry":{"type":"Point","coordinates":[126.819465,37.579343]}},{"type":"Feature","properties":{"id":"A15722304","name":"치현마을동일스위트리버아파트","district":"강서구","neighborhood":"방화동","avgPrice":6.9125,"households":3081,"buildingCount":0,"rank":1085},"geometry":{"type":"Point","coordinates":[126.863768,37.573175]}},{"type":"Feature","properties":{"id":"A13716003","name":"서초포레스타3단지","district":"서초구","neighborhood":"신원동","avgPrice":20.599999999999998,"households":3078,"buildingCount":9,"rank":1086},"geometry":{"type":"Point","coordinates":[127.059138,37.454893]}},{"type":"Feature","properties":{"id":"A13716002","name":"서초포레스타5단지","district":"서초구","neighborhood":"신원동","avgPrice":18.8,"households":3077,"buildingCount":10,"rank":1087},"geometry":{"type":"Point","coordinates":[127.057245,37.451673]}},{"type":"Feature","properties":{"id":"A13716001","name":"서초포레스타7단지","district":"서초구","neighborhood":"신원동","avgPrice":18.3,"households":3076,"buildingCount":10,"rank":1088},"geometry":{"type":"Point","coordinates":[127.05699,37.448566]}},{"type":"Feature","properties":{"id":"A13409001","name":"상일동아","district":"강동구","neighborhood":"상일동","avgPrice":6.552857142857143,"households":3075,"buildingCount":1,"rank":1089},"geometry":{"type":"Point","coordinates":[127.167524,37.546149]}},{"type":"Feature","properties":{"id":"A13811001","name":"거여6단지","district":"송파구","neighborhood":"거여동","avgPrice":19.65,"households":3072,"buildingCount":7,"rank":1090},"geometry":{"type":"Point","coordinates":[127.146516,37.488837]}},{"type":"Feature","properties":{"id":"A13312101","name":"성수두산위브","district":"성동구","neighborhood":"성수동2가","avgPrice":21.9,"households":3069,"buildingCount":2,"rank":1091},"geometry":{"type":"Point","coordinates":[127.058535,37.537068]}},{"type":"Feature","properties":{"id":"A10025638","name":"래미안길음센터피스","district":"성북구","neighborhood":"길음동","avgPrice":15.041666666666666,"households":3068,"buildingCount":12,"rank":1092},"geometry":{"type":"Point","coordinates":[127.02737,37.611265]}},{"type":"Feature","properties":{"id":"A15779704","name":"길성그랑프리텔1차","district":"강서구","neighborhood":"내발산동","avgPrice":7.7,"households":3067,"buildingCount":1,"rank":1093},"geometry":{"type":"Point","coordinates":[126.826856,37.537472]}},{"type":"Feature","properties":{"id":"A10020848","name":"개포럭키아파트","district":"강남구","neighborhood":"도곡동","avgPrice":15,"households":3066,"buildingCount":3,"rank":1094},"geometry":{"type":"Point","coordinates":[127.046268,37.485907]}},{"type":"Feature","properties":{"id":"A15375809","name":"독산주공14단지","district":"금천구","neighborhood":"독산동","avgPrice":4.1085714285714285,"households":3065,"buildingCount":6,"rank":1095},"geometry":{"type":"Point","coordinates":[126.886198,37.460195]}},{"type":"Feature","properties":{"id":"A10025633","name":"마포 웨스트리버 태영데시앙아파트","district":"마포구","neighborhood":"창전동","avgPrice":7.6,"households":3063,"buildingCount":5,"rank":1096},"geometry":{"type":"Point","coordinates":[126.930495,37.550569]}},{"type":"Feature","properties":{"id":"A10025632","name":"송파해모로아파트","district":"송파구","neighborhood":"풍납동","avgPrice":23.8,"households":3062,"buildingCount":3,"rank":1097},"geometry":{"type":"Point","coordinates":[127.117185,37.52995]}},{"type":"Feature","properties":{"id":"A10024245","name":"이수푸르지오더프레티움","district":"동작구","neighborhood":"사당동","avgPrice":19.369999999999997,"households":3061,"buildingCount":7,"rank":1098},"geometry":{"type":"Point","coordinates":[126.980233,37.492444]}},{"type":"Feature","properties":{"id":"A10024244","name":"서울휘경행복주택","district":"동대문구","neighborhood":"휘경동","avgPrice":11.45,"households":3060,"buildingCount":1,"rank":1099},"geometry":{"type":"Point","coordinates":[127.070165,37.586839]}},{"type":"Feature","properties":{"id":"A13676504","name":"정릉스카이쌍용","district":"성북구","neighborhood":"정릉동","avgPrice":6.5775,"households":3059,"buildingCount":3,"rank":1100},"geometry":{"type":"Point","coordinates":[127.016343,37.600205]}},{"type":"Feature","properties":{"id":"A10024240","name":"서초그랑자이","district":"서초구","neighborhood":"서초동","avgPrice":41.5,"households":3056,"buildingCount":3,"rank":1101},"geometry":{"type":"Point","coordinates":[127.025926,37.488643]}},{"type":"Feature","properties":{"id":"A13676501","name":"정릉쌍용","district":"성북구","neighborhood":"정릉동","avgPrice":9.25,"households":3056,"buildingCount":4,"rank":1102},"geometry":{"type":"Point","coordinates":[127.018072,37.599641]}},{"type":"Feature","properties":{"id":"A15781201","name":"강서센트레빌4차","district":"강서구","neighborhood":"공항동","avgPrice":15.6,"households":3052,"buildingCount":4,"rank":1103},"geometry":{"type":"Point","coordinates":[126.808333,37.560668]}},{"type":"Feature","properties":{"id":"A13292701","name":"창동성원","district":"도봉구","neighborhood":"창동","avgPrice":15.55,"households":3052,"buildingCount":3,"rank":1104},"geometry":{"type":"Point","coordinates":[127.049675,37.660496]}},{"type":"Feature","properties":{"id":"A14088201","name":"시티파크2단지","district":"용산구","neighborhood":"한강로3가","avgPrice":15.05,"households":3051,"buildingCount":2,"rank":1105},"geometry":{"type":"Point","coordinates":[126.970034,37.526079]}},{"type":"Feature","properties":{"id":"A13080702","name":"신답경남아파트","district":"동대문구","neighborhood":"답십리동","avgPrice":7.316666666666666,"households":3048,"buildingCount":3,"rank":1106},"geometry":{"type":"Point","coordinates":[127.045232,37.57438]}},{"type":"Feature","properties":{"id":"A13084101","name":"래미안장안","district":"동대문구","neighborhood":"장안동","avgPrice":11.6925,"households":3045,"buildingCount":9,"rank":1107},"geometry":{"type":"Point","coordinates":[127.072925,37.566022]}},{"type":"Feature","properties":{"id":"A10027585","name":"방배3차 현대 홈 타운 아파트","district":"서초구","neighborhood":"방배동","avgPrice":21.3,"households":3041,"buildingCount":2,"rank":1108},"geometry":{"type":"Point","coordinates":[126.983724,37.49145]}},{"type":"Feature","properties":{"id":"A10026197","name":"문래동모아미래도아파트","district":"영등포구","neighborhood":"문래동5가","avgPrice":6,"households":3039,"buildingCount":2,"rank":1109},"geometry":{"type":"Point","coordinates":[126.887193,37.517016]}},{"type":"Feature","properties":{"id":"A10026195","name":"강변그대가갤럭시아파트","district":"강동구","neighborhood":"천호동","avgPrice":15.149999999999999,"households":3037,"buildingCount":2,"rank":1110},"geometry":{"type":"Point","coordinates":[127.122493,37.54656]}},{"type":"Feature","properties":{"id":"A10020839","name":"목동벽산미라지타워","district":"양천구","neighborhood":"목동","avgPrice":17.5,"households":3036,"buildingCount":4,"rank":1111},"geometry":{"type":"Point","coordinates":[126.879314,37.53648]}},{"type":"Feature","properties":{"id":"A10025626","name":"한강로쌍용스윗닷홈아파트","district":"용산구","neighborhood":"한강로3가","avgPrice":22.5,"households":3035,"buildingCount":0,"rank":1112},"geometry":{"type":"Point","coordinates":[126.99108,37.550555]}},{"type":"Feature","properties":{"id":"A10024237","name":"청신호 행복주택 정릉하늘마루","district":"성북구","neighborhood":"정릉동","avgPrice":11.25,"households":3032,"buildingCount":0,"rank":1113},"geometry":{"type":"Point","coordinates":[127.015308,37.578555]}},{"type":"Feature","properties":{"id":"A15279404","name":"고척대우","district":"구로구","neighborhood":"고척동","avgPrice":6.717631578947369,"households":3029,"buildingCount":11,"rank":1114},"geometry":{"type":"Point","coordinates":[126.855671,37.50295]}},{"type":"Feature","properties":{"id":"A15279403","name":"고척파크푸르지오","district":"구로구","neighborhood":"고척동","avgPrice":10.735,"households":3028,"buildingCount":4,"rank":1115},"geometry":{"type":"Point","coordinates":[126.858094,37.508322]}},{"type":"Feature","properties":{"id":"A15279402","name":"고척LIG리가아파트","district":"구로구","neighborhood":"고척동","avgPrice":8.4,"households":3027,"buildingCount":7,"rank":1116},"geometry":{"type":"Point","coordinates":[126.861789,37.505965]}},{"type":"Feature","properties":{"id":"A15279401","name":"고척청솔우성","district":"구로구","neighborhood":"고척동","avgPrice":5.2,"households":3026,"buildingCount":4,"rank":1117},"geometry":{"type":"Point","coordinates":[126.859593,37.506423]}},{"type":"Feature","properties":{"id":"A12285703","name":"미성아파트(불광동)","district":"은평구","neighborhood":"불광동","avgPrice":12.850000000000001,"households":3025,"buildingCount":4,"rank":1118},"geometry":{"type":"Point","coordinates":[126.928616,37.614517]}},{"type":"Feature","properties":{"id":"A13982103","name":"상계양우아파트","district":"노원구","neighborhood":"상계동","avgPrice":6.93,"households":3024,"buildingCount":2,"rank":1119},"geometry":{"type":"Point","coordinates":[127.071137,37.655243]}},{"type":"Feature","properties":{"id":"A13982101","name":"상계성원","district":"노원구","neighborhood":"상계동","avgPrice":5.949999999999999,"households":3022,"buildingCount":1,"rank":1120},"geometry":{"type":"Point","coordinates":[127.065768,37.660331]}},{"type":"Feature","properties":{"id":"A13770105","name":"반포미도2차","district":"서초구","neighborhood":"반포동","avgPrice":30.03333333333333,"households":3021,"buildingCount":4,"rank":1121},"geometry":{"type":"Point","coordinates":[127.007679,37.502295]}},{"type":"Feature","properties":{"id":"A15003701","name":"영등포경남아너스빌","district":"영등포구","neighborhood":"영등포동7가","avgPrice":10.813333333333333,"households":3014,"buildingCount":4,"rank":1122},"geometry":{"type":"Point","coordinates":[126.902547,37.523637]}},{"type":"Feature","properties":{"id":"A15601004","name":"신대방","district":"동작구","neighborhood":"신대방동","avgPrice":6.125,"households":3014,"buildingCount":1,"rank":1123},"geometry":{"type":"Point","coordinates":[126.915913,37.493924]}},{"type":"Feature","properties":{"id":"A14003008","name":"이촌한강맨션","district":"용산구","neighborhood":"이촌동","avgPrice":15.65,"households":3013,"buildingCount":6,"rank":1124},"geometry":{"type":"Point","coordinates":[126.973312,37.518302]}},{"type":"Feature","properties":{"id":"A15601003","name":"보라매e편한세상","district":"동작구","neighborhood":"신대방동","avgPrice":14.187777777777777,"households":3013,"buildingCount":6,"rank":1125},"geometry":{"type":"Point","coordinates":[126.928611,37.495286]}},{"type":"Feature","properties":{"id":"A14003007","name":"LG한강자이","district":"용산구","neighborhood":"이촌동","avgPrice":57.5,"households":3012,"buildingCount":7,"rank":1126},"geometry":{"type":"Point","coordinates":[126.970788,37.520101]}},{"type":"Feature","properties":{"id":"A15007101","name":"대림갑을명가","district":"영등포구","neighborhood":"대림동","avgPrice":12.95,"households":3012,"buildingCount":2,"rank":1127},"geometry":{"type":"Point","coordinates":[126.903777,37.495582]}},{"type":"Feature","properties":{"id":"A15601002","name":"보라매아카데미타워아파트","district":"동작구","neighborhood":"신대방동","avgPrice":10.025,"households":3012,"buildingCount":0,"rank":1128},"geometry":{"type":"Point","coordinates":[126.924095,37.491275]}},{"type":"Feature","properties":{"id":"A14003006","name":"이촌동아그린아파트","district":"용산구","neighborhood":"이촌동","avgPrice":18,"households":3011,"buildingCount":11,"rank":1129},"geometry":{"type":"Point","coordinates":[126.972626,37.520353]}},{"type":"Feature","properties":{"id":"A10022788","name":"금광포란재아파트","district":"금천구","neighborhood":"시흥동","avgPrice":4,"households":3011,"buildingCount":1,"rank":1130},"geometry":{"type":"Point","coordinates":[126.911368,37.451082]}},{"type":"Feature","properties":{"id":"A14003004","name":"이촌동부센트레빌","district":"용산구","neighborhood":"이촌동","avgPrice":13,"households":3009,"buildingCount":5,"rank":1131},"geometry":{"type":"Point","coordinates":[126.966261,37.521163]}},{"type":"Feature","properties":{"id":"A14003003","name":"한강삼익","district":"용산구","neighborhood":"이촌동","avgPrice":30.25,"households":3008,"buildingCount":4,"rank":1132},"geometry":{"type":"Point","coordinates":[126.976299,37.517925]}},{"type":"Feature","properties":{"id":"A10026187","name":"백운한비치1차아파트","district":"금천구","neighborhood":"시흥동","avgPrice":5.404999999999999,"households":3008,"buildingCount":1,"rank":1133},"geometry":{"type":"Point","coordinates":[126.911917,37.45142]}},{"type":"Feature","properties":{"id":"A14003002","name":"이촌왕궁","district":"용산구","neighborhood":"이촌동","avgPrice":33,"households":3007,"buildingCount":1,"rank":1134},"geometry":{"type":"Point","coordinates":[126.970385,37.524082]}},{"type":"Feature","properties":{"id":"A10027572","name":"마포영화블렌하임","district":"마포구","neighborhood":"망원동","avgPrice":11.65,"households":3007,"buildingCount":5,"rank":1135},"geometry":{"type":"Point","coordinates":[126.906228,37.558779]}},{"type":"Feature","properties":{"id":"A10027571","name":"개포4차현대아파트","district":"강남구","neighborhood":"일원동","avgPrice":21.55,"households":3006,"buildingCount":2,"rank":1136},"geometry":{"type":"Point","coordinates":[127.077599,37.491187]}},{"type":"Feature","properties":{"id":"A14003001","name":"동부이촌동우성","district":"용산구","neighborhood":"이촌동","avgPrice":21.15,"households":3006,"buildingCount":0,"rank":1137},"geometry":{"type":"Point","coordinates":[126.976218,37.525072]}},{"type":"Feature","properties":{"id":"A10020829","name":"홍제중앙하이츠아파트","district":"서대문구","neighborhood":"홍제동","avgPrice":6.2875,"households":3005,"buildingCount":0,"rank":1138},"geometry":{"type":"Point","coordinates":[126.95623,37.581395]}},{"type":"Feature","properties":{"id":"A10026183","name":"용산지오베르크","district":"용산구","neighborhood":"문배동","avgPrice":13.075,"households":3004,"buildingCount":1,"rank":1139},"geometry":{"type":"Point","coordinates":[126.967382,37.53737]}},{"type":"Feature","properties":{"id":"A10025616","name":"가양보람아파트","district":"강서구","neighborhood":"가양동","avgPrice":7.85,"households":3004,"buildingCount":5,"rank":1140},"geometry":{"type":"Point","coordinates":[126.848594,37.567038]}},{"type":"Feature","properties":{"id":"A10025615","name":"경남아너스빌 101동 아파트","district":"서초구","neighborhood":"서초동","avgPrice":23,"households":3003,"buildingCount":0,"rank":1141},"geometry":{"type":"Point","coordinates":[127.014572,37.493686]}},{"type":"Feature","properties":{"id":"A10026182","name":"신미아파트","district":"영등포구","neighborhood":"신길동","avgPrice":8,"households":3003,"buildingCount":1,"rank":1142},"geometry":{"type":"Point","coordinates":[126.907144,37.502156]}},{"type":"Feature","properties":{"id":"A10020826","name":"아크로삼성","district":"강남구","neighborhood":"삼성동","avgPrice":22.1,"households":3002,"buildingCount":1,"rank":1143},"geometry":{"type":"Point","coordinates":[127.026159,37.518476]}},{"type":"Feature","properties":{"id":"A10021393","name":"태능시장 주상복합빌딩","district":"중랑구","neighborhood":"중화동","avgPrice":7.45,"households":3002,"buildingCount":5,"rank":1144},"geometry":{"type":"Point","coordinates":[127.093246,37.602456]}},{"type":"Feature","properties":{"id":"A10025614","name":"항동하버라인3단지","district":"구로구","neighborhood":"항동","avgPrice":6.845,"households":3002,"buildingCount":5,"rank":1145},"geometry":{"type":"Point","coordinates":[126.823773,37.479038]}},{"type":"Feature","properties":{"id":"A10026180","name":"롯데캐슬노블레스","district":"동대문구","neighborhood":"전농동","avgPrice":16.571428571428573,"households":3001,"buildingCount":7,"rank":1146},"geometry":{"type":"Point","coordinates":[127.049726,37.576283]}},{"type":"Feature","properties":{"id":"A10021391","name":"갈현동건영아파트","district":"은평구","neighborhood":"갈현동","avgPrice":9.45,"households":3000,"buildingCount":1,"rank":1147},"geometry":{"type":"Point","coordinates":[126.913404,37.62905]}},{"type":"Feature","properties":{"id":"A10021390","name":"송파가락두산위브센티움","district":"송파구","neighborhood":"가락동","avgPrice":1.7625,"households":2999,"buildingCount":3,"rank":1148},"geometry":{"type":"Point","coordinates":[127.118994,37.49437]}},{"type":"Feature","properties":{"id":"A15773501","name":"방화월드메르디앙","district":"강서구","neighborhood":"방화동","avgPrice":11.55,"households":2996,"buildingCount":1,"rank":1149},"geometry":{"type":"Point","coordinates":[126.810346,37.574516]}},{"type":"Feature","properties":{"id":"A13283611","name":"방학신동아2단지","district":"도봉구","neighborhood":"방학동","avgPrice":9.65,"households":2992,"buildingCount":3,"rank":1150},"geometry":{"type":"Point","coordinates":[127.030252,37.661581]}},{"type":"Feature","properties":{"id":"A14386110","name":"자양우성3차","district":"광진구","neighborhood":"자양동","avgPrice":10.649999999999999,"households":2991,"buildingCount":6,"rank":1151},"geometry":{"type":"Point","coordinates":[127.071696,37.535598]}},{"type":"Feature","properties":{"id":"A13822004","name":"잠실엘스아파트","district":"송파구","neighborhood":"잠실동","avgPrice":32.717592592592595,"households":2987,"buildingCount":12,"rank":1152},"geometry":{"type":"Point","coordinates":[127.08141,37.513023]}},{"type":"Feature","properties":{"id":"A13822003","name":"잠실리센츠","district":"송파구","neighborhood":"잠실동","avgPrice":26.186219512195123,"households":2986,"buildingCount":6,"rank":1153},"geometry":{"type":"Point","coordinates":[127.089493,37.512265]}},{"type":"Feature","properties":{"id":"A13822002","name":"잠실동트리지움","district":"송파구","neighborhood":"잠실동","avgPrice":31.81578947368421,"households":2985,"buildingCount":7,"rank":1154},"geometry":{"type":"Point","coordinates":[127.087682,37.510684]}},{"type":"Feature","properties":{"id":"A13610007","name":"정릉풍림아이원","district":"성북구","neighborhood":"정릉동","avgPrice":6.1665753424657535,"households":2985,"buildingCount":9,"rank":1155},"geometry":{"type":"Point","coordinates":[127.007347,37.618491]}},{"type":"Feature","properties":{"id":"A13822001","name":"잠실레이크팰리스","district":"송파구","neighborhood":"잠실동","avgPrice":34.315384615384616,"households":2984,"buildingCount":4,"rank":1156},"geometry":{"type":"Point","coordinates":[127.092208,37.508131]}},{"type":"Feature","properties":{"id":"A13610005","name":"정릉힐스테이트3차","district":"성북구","neighborhood":"정릉동","avgPrice":7.975714285714285,"households":2983,"buildingCount":7,"rank":1157},"geometry":{"type":"Point","coordinates":[127.007304,37.614398]}},{"type":"Feature","properties":{"id":"A10027569","name":"북한산힐스테이트3차 3207동(임대동)아파트","district":"은평구","neighborhood":"불광동","avgPrice":7.5,"households":2983,"buildingCount":2,"rank":1158},"geometry":{"type":"Point","coordinates":[126.949597,37.580827]}},{"type":"Feature","properties":{"id":"A10027568","name":"불광에스에이치빌","district":"은평구","neighborhood":"불광동","avgPrice":13.05,"households":2982,"buildingCount":5,"rank":1159},"geometry":{"type":"Point","coordinates":[126.935743,37.611804]}},{"type":"Feature","properties":{"id":"A13610004","name":"정릉산장","district":"성북구","neighborhood":"정릉동","avgPrice":12.700000000000001,"households":2982,"buildingCount":1,"rank":1160},"geometry":{"type":"Point","coordinates":[127.002814,37.616632]}},{"type":"Feature","properties":{"id":"A15785919","name":"염창우성1차","district":"강서구","neighborhood":"염창동","avgPrice":7.3,"households":2982,"buildingCount":4,"rank":1161},"geometry":{"type":"Point","coordinates":[126.870515,37.555663]}},{"type":"Feature","properties":{"id":"A13610003","name":"정릉힐스테이트1차아파트","district":"성북구","neighborhood":"정릉동","avgPrice":8.148571428571428,"households":2981,"buildingCount":2,"rank":1162},"geometry":{"type":"Point","coordinates":[127.01759,37.600272]}},{"type":"Feature","properties":{"id":"A10085903","name":"중림삼성사이버빌리지","district":"중구","neighborhood":"중림동","avgPrice":15.684545454545455,"households":2979,"buildingCount":12,"rank":1163},"geometry":{"type":"Point","coordinates":[126.965075,37.557995]}},{"type":"Feature","properties":{"id":"A13610001","name":"정릉우방아파트","district":"성북구","neighborhood":"정릉동","avgPrice":4.957,"households":2979,"buildingCount":1,"rank":1164},"geometry":{"type":"Point","coordinates":[127.010152,37.6004]}},{"type":"Feature","properties":{"id":"A10085902","name":"중림삼성래미안아파트","district":"중구","neighborhood":"중림동","avgPrice":9.649999999999999,"households":2978,"buildingCount":0,"rank":1165},"geometry":{"type":"Point","coordinates":[126.980548,37.546455]}},{"type":"Feature","properties":{"id":"A10022775","name":"봄작시티 24","district":"중랑구","neighborhood":"상봉동","avgPrice":12.3,"households":2977,"buildingCount":5,"rank":1166},"geometry":{"type":"Point","coordinates":[127.089061,37.5965]}},{"type":"Feature","properties":{"id":"A10026175","name":"쌍문염광아파트","district":"도봉구","neighborhood":"쌍문동","avgPrice":3.925,"households":2975,"buildingCount":1,"rank":1167},"geometry":{"type":"Point","coordinates":[127.026384,37.648386]}},{"type":"Feature","properties":{"id":"A12012001","name":"쌍용스윗닷홈","district":"서대문구","neighborhood":"남가좌동","avgPrice":10.299999999999999,"households":2974,"buildingCount":5,"rank":1168},"geometry":{"type":"Point","coordinates":[126.918979,37.575583]}},{"type":"Feature","properties":{"id":"A10024216","name":"디에이치 자이 개포","district":"강남구","neighborhood":"일원동","avgPrice":15.450000000000001,"households":2969,"buildingCount":6,"rank":1169},"geometry":{"type":"Point","coordinates":[127.074943,37.490933]}},{"type":"Feature","properties":{"id":"A14386109","name":"자양우성2차","district":"광진구","neighborhood":"자양동","avgPrice":14.65,"households":2969,"buildingCount":5,"rank":1170},"geometry":{"type":"Point","coordinates":[127.074226,37.533548]}},{"type":"Feature","properties":{"id":"A10021381","name":"아차산포레안아파트","district":"광진구","neighborhood":"구의동","avgPrice":14,"households":2969,"buildingCount":0,"rank":1171},"geometry":{"type":"Point","coordinates":[127.095756,37.52598]}},{"type":"Feature","properties":{"id":"A13994501","name":"공릉현대성우","district":"노원구","neighborhood":"공릉동","avgPrice":12.25,"households":2969,"buildingCount":1,"rank":1172},"geometry":{"type":"Point","coordinates":[127.077416,37.626485]}},{"type":"Feature","properties":{"id":"A10025600","name":"e편한세상 염창","district":"강서구","neighborhood":"염창동","avgPrice":12.9,"households":2967,"buildingCount":9,"rank":1173},"geometry":{"type":"Point","coordinates":[126.871021,37.548709]}},{"type":"Feature","properties":{"id":"A10024214","name":"신내역 금강펜테리움 센트럴파크아파트","district":"중랑구","neighborhood":"망우동","avgPrice":9.15,"households":2967,"buildingCount":2,"rank":1174},"geometry":{"type":"Point","coordinates":[127.077787,37.588226]}},{"type":"Feature","properties":{"id":"A13594007","name":"대청","district":"강남구","neighborhood":"개포동","avgPrice":18.825,"households":2966,"buildingCount":1,"rank":1175},"geometry":{"type":"Point","coordinates":[127.079486,37.494409]}},{"type":"Feature","properties":{"id":"A13974401","name":"공릉현대","district":"노원구","neighborhood":"공릉동","avgPrice":8.9,"households":2966,"buildingCount":5,"rank":1176},"geometry":{"type":"Point","coordinates":[127.076871,37.628024]}},{"type":"Feature","properties":{"id":"A15178204","name":"관악벽산블루밍임대","district":"관악구","neighborhood":"봉천동","avgPrice":9.95,"households":2965,"buildingCount":0,"rank":1177},"geometry":{"type":"Point","coordinates":[126.975612,37.462065]}},{"type":"Feature","properties":{"id":"A15178203","name":"봉천두산3단지","district":"관악구","neighborhood":"봉천동","avgPrice":10.55,"households":2964,"buildingCount":6,"rank":1178},"geometry":{"type":"Point","coordinates":[126.945723,37.485576]}},{"type":"Feature","properties":{"id":"A13590602","name":"압구정한양3단지","district":"강남구","neighborhood":"압구정동","avgPrice":77.5,"households":2963,"buildingCount":9,"rank":1179},"geometry":{"type":"Point","coordinates":[127.029536,37.532599]}},{"type":"Feature","properties":{"id":"A15178202","name":"봉천벽산블루밍3차","district":"관악구","neighborhood":"봉천동","avgPrice":10.146781609195402,"households":2963,"buildingCount":5,"rank":1180},"geometry":{"type":"Point","coordinates":[126.944638,37.488232]}},{"type":"Feature","properties":{"id":"A15805303","name":"목동롯데캐슬위너","district":"양천구","neighborhood":"목동","avgPrice":14.026363636363635,"households":2962,"buildingCount":12,"rank":1181},"geometry":{"type":"Point","coordinates":[126.867213,37.546899]}},{"type":"Feature","properties":{"id":"A15178201","name":"관악벽산블루밍","district":"관악구","neighborhood":"봉천동","avgPrice":13.649999999999999,"households":2962,"buildingCount":6,"rank":1182},"geometry":{"type":"Point","coordinates":[126.944802,37.489576]}},{"type":"Feature","properties":{"id":"A15805302","name":"목동2차성원아파트","district":"양천구","neighborhood":"목동","avgPrice":12.7,"households":2961,"buildingCount":3,"rank":1183},"geometry":{"type":"Point","coordinates":[126.864443,37.541845]}},{"type":"Feature","properties":{"id":"A13570502","name":"래미안삼성1차104단지","district":"강남구","neighborhood":"삼성동","avgPrice":22.75,"households":2960,"buildingCount":0,"rank":1184},"geometry":{"type":"Point","coordinates":[127.022128,37.50523]}},{"type":"Feature","properties":{"id":"A15805301","name":"목동부영그린타운3차","district":"양천구","neighborhood":"목동","avgPrice":7.35,"households":2960,"buildingCount":1,"rank":1185},"geometry":{"type":"Point","coordinates":[126.882224,37.53668]}},{"type":"Feature","properties":{"id":"A13570501","name":"삼성동힐스테이트2단지","district":"강남구","neighborhood":"삼성동","avgPrice":24.85,"households":2959,"buildingCount":6,"rank":1186},"geometry":{"type":"Point","coordinates":[127.05191,37.513455]}},{"type":"Feature","properties":{"id":"A13550404","name":"도곡동 포스코트 아파트","district":"강남구","neighborhood":"도곡동","avgPrice":16.7,"households":2959,"buildingCount":1,"rank":1187},"geometry":{"type":"Point","coordinates":[127.047688,37.487945]}},{"type":"Feature","properties":{"id":"A13603702","name":"브라운스톤동선","district":"성북구","neighborhood":"동소문동7가","avgPrice":10.314444444444444,"households":2959,"buildingCount":6,"rank":1188},"geometry":{"type":"Point","coordinates":[127.013827,37.596031]}},{"type":"Feature","properties":{"id":"A13550403","name":"도곡한신","district":"강남구","neighborhood":"도곡동","avgPrice":17.55,"households":2958,"buildingCount":0,"rank":1189},"geometry":{"type":"Point","coordinates":[127.044808,37.485318]}},{"type":"Feature","properties":{"id":"A13603701","name":"동소문한신휴플러스","district":"성북구","neighborhood":"동소문동4가","avgPrice":10.3,"households":2958,"buildingCount":3,"rank":1190},"geometry":{"type":"Point","coordinates":[127.011173,37.593763]}},{"type":"Feature","properties":{"id":"A13607101","name":"안암래미안","district":"성북구","neighborhood":"안암동1가","avgPrice":6.15,"households":2956,"buildingCount":8,"rank":1191},"geometry":{"type":"Point","coordinates":[127.023795,37.589355]}},{"type":"Feature","properties":{"id":"A13510203","name":"청담래미안","district":"강남구","neighborhood":"청담동","avgPrice":15.45,"households":2952,"buildingCount":2,"rank":1192},"geometry":{"type":"Point","coordinates":[127.042717,37.517892]}},{"type":"Feature","properties":{"id":"A12009102","name":"홍제현대아파트","district":"서대문구","neighborhood":"홍제동","avgPrice":9.5992,"households":2952,"buildingCount":6,"rank":1193},"geometry":{"type":"Point","coordinates":[126.941217,37.58903]}},{"type":"Feature","properties":{"id":"A13510202","name":"청담2차현대아파트","district":"강남구","neighborhood":"청담동","avgPrice":21.475,"households":2951,"buildingCount":2,"rank":1194},"geometry":{"type":"Point","coordinates":[127.040688,37.521484]}},{"type":"Feature","properties":{"id":"A10027558","name":"강남효성해링턴코트","district":"강남구","neighborhood":"세곡동","avgPrice":20.1,"households":2951,"buildingCount":11,"rank":1195},"geometry":{"type":"Point","coordinates":[127.094697,37.468263]}},{"type":"Feature","properties":{"id":"A12009101","name":"홍제남양","district":"서대문구","neighborhood":"홍제동","avgPrice":6.45625,"households":2951,"buildingCount":0,"rank":1196},"geometry":{"type":"Point","coordinates":[126.926708,37.57649]}},{"type":"Feature","properties":{"id":"A13510201","name":"청담삼환","district":"강남구","neighborhood":"청담동","avgPrice":13.1,"households":2950,"buildingCount":5,"rank":1197},"geometry":{"type":"Point","coordinates":[127.047451,37.521103]}},{"type":"Feature","properties":{"id":"A13203202","name":"쌍문청구","district":"도봉구","neighborhood":"쌍문동","avgPrice":5.404999999999999,"households":2950,"buildingCount":5,"rank":1198},"geometry":{"type":"Point","coordinates":[127.034322,37.659827]}},{"type":"Feature","properties":{"id":"A10027555","name":"방학동효성하이타운","district":"도봉구","neighborhood":"방학동","avgPrice":6.65,"households":2948,"buildingCount":1,"rank":1199},"geometry":{"type":"Point","coordinates":[127.032886,37.661361]}},{"type":"Feature","properties":{"id":"A10027553","name":"위례2차아이파크아파트","district":"송파구","neighborhood":"장지동","avgPrice":21.5,"households":2946,"buildingCount":4,"rank":1200},"geometry":{"type":"Point","coordinates":[127.143931,37.479448]}},{"type":"Feature","properties":{"id":"A10027551","name":"서강스카이빌1차아파트","district":"은평구","neighborhood":"응암동","avgPrice":8.45,"households":2944,"buildingCount":0,"rank":1201},"geometry":{"type":"Point","coordinates":[126.90387,37.587355]}},{"type":"Feature","properties":{"id":"A15880905","name":"목동금호베스트빌","district":"양천구","neighborhood":"목동","avgPrice":10.53,"households":2943,"buildingCount":5,"rank":1202},"geometry":{"type":"Point","coordinates":[126.867961,37.54522]}},{"type":"Feature","properties":{"id":"A10022761","name":"힐스테이트 남산","district":"중구","neighborhood":"묵정동","avgPrice":10.85,"households":2942,"buildingCount":4,"rank":1203},"geometry":{"type":"Point","coordinates":[126.999109,37.561574]}},{"type":"Feature","properties":{"id":"A10026162","name":"상록타워 아파트","district":"광진구","neighborhood":"광장동","avgPrice":12.4,"households":2941,"buildingCount":5,"rank":1204},"geometry":{"type":"Point","coordinates":[127.101271,37.542758]}},{"type":"Feature","properties":{"id":"A13778214","name":"서초네이처힐가든","district":"서초구","neighborhood":"우면동","avgPrice":17.7,"households":2940,"buildingCount":0,"rank":1205},"geometry":{"type":"Point","coordinates":[127.020259,37.464577]}},{"type":"Feature","properties":{"id":"A13778213","name":"서초네이처힐2단지","district":"서초구","neighborhood":"우면동","avgPrice":18.9,"households":2939,"buildingCount":7,"rank":1206},"geometry":{"type":"Point","coordinates":[127.021659,37.462894]}},{"type":"Feature","properties":{"id":"A13778212","name":"LH서초3단지","district":"서초구","neighborhood":"우면동","avgPrice":15.75,"households":2938,"buildingCount":5,"rank":1207},"geometry":{"type":"Point","coordinates":[127.022132,37.458546]}},{"type":"Feature","properties":{"id":"A13778211","name":"서초호반써밋","district":"서초구","neighborhood":"우면동","avgPrice":22.15,"households":2937,"buildingCount":1,"rank":1208},"geometry":{"type":"Point","coordinates":[127.014508,37.456812]}},{"type":"Feature","properties":{"id":"A13778210","name":"호반써밋서초파크뷰","district":"서초구","neighborhood":"우면동","avgPrice":13.200000000000001,"households":2936,"buildingCount":0,"rank":1209},"geometry":{"type":"Point","coordinates":[127.033048,37.50142]}},{"type":"Feature","properties":{"id":"A13187203","name":"신내진로아파트","district":"중랑구","neighborhood":"신내동","avgPrice":8.841666666666667,"households":2932,"buildingCount":15,"rank":1210},"geometry":{"type":"Point","coordinates":[127.093397,37.6142]}},{"type":"Feature","properties":{"id":"A13187201","name":"신내8단지두산화성","district":"중랑구","neighborhood":"신내동","avgPrice":14,"households":2930,"buildingCount":4,"rank":1211},"geometry":{"type":"Point","coordinates":[127.095521,37.612996]}},{"type":"Feature","properties":{"id":"A14070901","name":"동부센트레빌아스테리움서울","district":"용산구","neighborhood":"동자동","avgPrice":17.869999999999997,"households":2929,"buildingCount":3,"rank":1212},"geometry":{"type":"Point","coordinates":[126.973566,37.551117]}},{"type":"Feature","properties":{"id":"A14321001","name":"광장11현대홈타운","district":"광진구","neighborhood":"광장동","avgPrice":14.850000000000001,"households":2919,"buildingCount":9,"rank":1213},"geometry":{"type":"Point","coordinates":[127.097299,37.543381]}},{"type":"Feature","properties":{"id":"A10027547","name":"애필리움아파트","district":"은평구","neighborhood":"응암동","avgPrice":8.2,"households":2919,"buildingCount":2,"rank":1214},"geometry":{"type":"Point","coordinates":[126.916378,37.597695]}},{"type":"Feature","properties":{"id":"A10022756","name":"e편한세상 고덕 어반브릿지","district":"강동구","neighborhood":"상일동","avgPrice":10.6,"households":2916,"buildingCount":0,"rank":1215},"geometry":{"type":"Point","coordinates":[127.129774,37.508725]}},{"type":"Feature","properties":{"id":"A13778209","name":"호반써밋서초파크","district":"서초구","neighborhood":"우면동","avgPrice":16.83125,"households":2914,"buildingCount":0,"rank":1216},"geometry":{"type":"Point","coordinates":[127.015648,37.46425]}},{"type":"Feature","properties":{"id":"A13778208","name":"서초네이처힐1단지","district":"서초구","neighborhood":"우면동","avgPrice":21.3,"households":2913,"buildingCount":9,"rank":1217},"geometry":{"type":"Point","coordinates":[127.019941,37.463526]}},{"type":"Feature","properties":{"id":"A10027541","name":"강서쌍용예가아파트","district":"강서구","neighborhood":"염창동","avgPrice":10.2,"households":2913,"buildingCount":1,"rank":1218},"geometry":{"type":"Point","coordinates":[126.866748,37.555516]}},{"type":"Feature","properties":{"id":"A10026154","name":"디오슈페리움1차","district":"서초구","neighborhood":"방배동","avgPrice":20.1,"households":2912,"buildingCount":3,"rank":1219},"geometry":{"type":"Point","coordinates":[126.982925,37.486046]}},{"type":"Feature","properties":{"id":"A13778207","name":"서초네이처힐6단지","district":"서초구","neighborhood":"우면동","avgPrice":16,"households":2912,"buildingCount":4,"rank":1220},"geometry":{"type":"Point","coordinates":[127.026563,37.46161]}},{"type":"Feature","properties":{"id":"A13778205","name":"서초네이처힐3단지","district":"서초구","neighborhood":"우면동","avgPrice":22,"households":2910,"buildingCount":9,"rank":1221},"geometry":{"type":"Point","coordinates":[127.027833,37.464236]}},{"type":"Feature","properties":{"id":"A13778204","name":"서초힐스","district":"서초구","neighborhood":"우면동","avgPrice":18.630000000000003,"households":2909,"buildingCount":7,"rank":1222},"geometry":{"type":"Point","coordinates":[127.018005,37.457142]}},{"type":"Feature","properties":{"id":"A13778203","name":"서초네이처힐7단지","district":"서초구","neighborhood":"우면동","avgPrice":20.299999999999997,"households":2908,"buildingCount":6,"rank":1223},"geometry":{"type":"Point","coordinates":[127.023284,37.461957]}},{"type":"Feature","properties":{"id":"A15089421","name":"여의도시범아파트","district":"영등포구","neighborhood":"여의도동","avgPrice":30.269642857142856,"households":2907,"buildingCount":11,"rank":1224},"geometry":{"type":"Point","coordinates":[126.937051,37.520754]}},{"type":"Feature","properties":{"id":"A13778202","name":"서초네이처힐5단지","district":"서초구","neighborhood":"우면동","avgPrice":20.65,"households":2907,"buildingCount":7,"rank":1225},"geometry":{"type":"Point","coordinates":[127.025022,37.462497]}},{"type":"Feature","properties":{"id":"A13087407","name":"휘경주공2단지","district":"동대문구","neighborhood":"휘경동","avgPrice":5.977037037037037,"households":2907,"buildingCount":0,"rank":1226},"geometry":{"type":"Point","coordinates":[127.070745,37.58299]}},{"type":"Feature","properties":{"id":"A13778201","name":"서초네이처힐4단지","district":"서초구","neighborhood":"우면동","avgPrice":19.7,"households":2906,"buildingCount":7,"rank":1227},"geometry":{"type":"Point","coordinates":[127.026242,37.463728]}},{"type":"Feature","properties":{"id":"A13087405","name":"휘경베스트빌현대","district":"동대문구","neighborhood":"휘경동","avgPrice":7.096842105263158,"households":2905,"buildingCount":5,"rank":1228},"geometry":{"type":"Point","coordinates":[127.074248,37.581424]}},{"type":"Feature","properties":{"id":"A13681304","name":"돈암현대","district":"성북구","neighborhood":"돈암동","avgPrice":6.26,"households":2903,"buildingCount":2,"rank":1229},"geometry":{"type":"Point","coordinates":[127.029181,37.603746]}},{"type":"Feature","properties":{"id":"A13681303","name":"돈암동부센트레빌","district":"성북구","neighborhood":"돈암동","avgPrice":9.940000000000001,"households":2902,"buildingCount":8,"rank":1230},"geometry":{"type":"Point","coordinates":[127.026334,37.602145]}},{"type":"Feature","properties":{"id":"A13087401","name":"휘경서울가든","district":"동대문구","neighborhood":"휘경동","avgPrice":5.2075,"households":2901,"buildingCount":0,"rank":1231},"geometry":{"type":"Point","coordinates":[127.017792,37.589565]}},{"type":"Feature","properties":{"id":"A12275202","name":"북한산힐스테이트7차","district":"은평구","neighborhood":"불광동","avgPrice":11.81111111111111,"households":2898,"buildingCount":9,"rank":1232},"geometry":{"type":"Point","coordinates":[126.927101,37.616573]}},{"type":"Feature","properties":{"id":"A12275201","name":"북한산래미안아파트","district":"은평구","neighborhood":"불광동","avgPrice":9.141904761904762,"households":2897,"buildingCount":2,"rank":1233},"geometry":{"type":"Point","coordinates":[126.938701,37.611086]}},{"type":"Feature","properties":{"id":"A13007004","name":"용두신동아","district":"동대문구","neighborhood":"용두동","avgPrice":8.183125,"households":2892,"buildingCount":5,"rank":1234},"geometry":{"type":"Point","coordinates":[127.032388,37.5727]}},{"type":"Feature","properties":{"id":"A13122104","name":"상봉태영데시앙","district":"중랑구","neighborhood":"상봉동","avgPrice":12.5,"households":2891,"buildingCount":8,"rank":1235},"geometry":{"type":"Point","coordinates":[127.092563,37.603309]}},{"type":"Feature","properties":{"id":"A13007002","name":"용두롯데캐슬피렌체","district":"동대문구","neighborhood":"용두동","avgPrice":5.299285714285714,"households":2890,"buildingCount":0,"rank":1236},"geometry":{"type":"Point","coordinates":[127.048474,37.586865]}},{"type":"Feature","properties":{"id":"A13007001","name":"용두두산위브","district":"동대문구","neighborhood":"용두동","avgPrice":13.34,"households":2889,"buildingCount":4,"rank":1237},"geometry":{"type":"Point","coordinates":[127.036089,37.573452]}},{"type":"Feature","properties":{"id":"A10022749","name":"원에디션강남","district":"강남구","neighborhood":"역삼동","avgPrice":20.6,"households":2888,"buildingCount":1,"rank":1238},"geometry":{"type":"Point","coordinates":[127.031805,37.498466]}},{"type":"Feature","properties":{"id":"A10027533","name":"비콘드림힐아파트","district":"노원구","neighborhood":"상계동","avgPrice":12.45,"households":2884,"buildingCount":4,"rank":1239},"geometry":{"type":"Point","coordinates":[127.057479,37.677079]}},{"type":"Feature","properties":{"id":"A10021359","name":"목동신한","district":"양천구","neighborhood":"목동","avgPrice":11,"households":2884,"buildingCount":1,"rank":1240},"geometry":{"type":"Point","coordinates":[126.86448,37.54909]}},{"type":"Feature","properties":{"id":"A10026147","name":"신설동 지웰홈스","district":"동대문구","neighborhood":"신설동","avgPrice":8.8,"households":2884,"buildingCount":2,"rank":1241},"geometry":{"type":"Point","coordinates":[127.023841,37.572609]}},{"type":"Feature","properties":{"id":"A13985406","name":"중계현대6차","district":"노원구","neighborhood":"중계동","avgPrice":7.15,"households":2883,"buildingCount":5,"rank":1242},"geometry":{"type":"Point","coordinates":[127.083259,37.645732]}},{"type":"Feature","properties":{"id":"A10021355","name":"구기동 청구빌라","district":"종로구","neighborhood":"구기동","avgPrice":17.1,"households":2880,"buildingCount":0,"rank":1243},"geometry":{"type":"Point","coordinates":[126.955566,37.604677]}},{"type":"Feature","properties":{"id":"A13985402","name":"중계현대그린","district":"노원구","neighborhood":"중계동","avgPrice":6.04,"households":2879,"buildingCount":4,"rank":1244},"geometry":{"type":"Point","coordinates":[127.084325,37.647143]}},{"type":"Feature","properties":{"id":"A13486504","name":"천호동아하이빌","district":"강동구","neighborhood":"천호동","avgPrice":7.35,"households":2878,"buildingCount":2,"rank":1245},"geometry":{"type":"Point","coordinates":[127.134205,37.544818]}},{"type":"Feature","properties":{"id":"A13678401","name":"동아에코빌","district":"성북구","neighborhood":"상월곡동","avgPrice":7.788157894736842,"households":2877,"buildingCount":3,"rank":1246},"geometry":{"type":"Point","coordinates":[127.044966,37.606809]}},{"type":"Feature","properties":{"id":"A15089411","name":"여의도삼익","district":"영등포구","neighborhood":"여의도동","avgPrice":9.2,"households":2876,"buildingCount":0,"rank":1247},"geometry":{"type":"Point","coordinates":[126.9308,37.521988]}},{"type":"Feature","properties":{"id":"A15284204","name":"구로성호주상복합","district":"구로구","neighborhood":"구로동","avgPrice":16,"households":2873,"buildingCount":10,"rank":1248},"geometry":{"type":"Point","coordinates":[126.904331,37.512439]}},{"type":"Feature","properties":{"id":"A13905003","name":"월계풍림아이원","district":"노원구","neighborhood":"월계동","avgPrice":9.185714285714285,"households":2868,"buildingCount":3,"rank":1249},"geometry":{"type":"Point","coordinates":[127.066469,37.616862]}},{"type":"Feature","properties":{"id":"A15072201","name":"당산반도유보라","district":"영등포구","neighborhood":"당산동4가","avgPrice":17.941666666666666,"households":2865,"buildingCount":2,"rank":1250},"geometry":{"type":"Point","coordinates":[126.91623,37.506213]}},{"type":"Feature","properties":{"id":"A10024699","name":"목동가든스위트아파트","district":"양천구","neighborhood":"목동","avgPrice":18.05,"households":2864,"buildingCount":4,"rank":1251},"geometry":{"type":"Point","coordinates":[126.869569,37.522135]}},{"type":"Feature","properties":{"id":"A10028094","name":"압구정하이츠파크","district":"강남구","neighborhood":"신사동","avgPrice":63.3,"households":2857,"buildingCount":2,"rank":1252},"geometry":{"type":"Point","coordinates":[127.03363,37.523772]}},{"type":"Feature","properties":{"id":"A10024691","name":"용산센트럴파크","district":"용산구","neighborhood":"한강로3가","avgPrice":39.04090909090909,"households":2856,"buildingCount":3,"rank":1253},"geometry":{"type":"Point","coordinates":[126.967694,37.525746]}},{"type":"Feature","properties":{"id":"A10095502","name":"청계천두산위브더제니스","district":"중구","neighborhood":"흥인동","avgPrice":14.8,"households":2855,"buildingCount":3,"rank":1254},"geometry":{"type":"Point","coordinates":[127.016621,37.566825]}},{"type":"Feature","properties":{"id":"A10095501","name":"동대문와이즈캐슬","district":"중구","neighborhood":"흥인동","avgPrice":1.4966666666666668,"households":2854,"buildingCount":3,"rank":1255},"geometry":{"type":"Point","coordinates":[127.015476,37.565764]}},{"type":"Feature","properties":{"id":"A10027523","name":"월드메르디앙주상복합아파트","district":"송파구","neighborhood":"잠실동","avgPrice":16.950000000000003,"households":2853,"buildingCount":0,"rank":1256},"geometry":{"type":"Point","coordinates":[127.081156,37.507262]}},{"type":"Feature","properties":{"id":"A10027522","name":"우림필유아파트","district":"구로구","neighborhood":"오류동","avgPrice":5.763333333333333,"households":2852,"buildingCount":2,"rank":1257},"geometry":{"type":"Point","coordinates":[126.846849,37.494086]}},{"type":"Feature","properties":{"id":"A10021345","name":"구로지웰아파트","district":"구로구","neighborhood":"구로동","avgPrice":5.7125,"households":2849,"buildingCount":2,"rank":1258},"geometry":{"type":"Point","coordinates":[126.886337,37.490669]}},{"type":"Feature","properties":{"id":"A13980604","name":"공릉대아2차","district":"노원구","neighborhood":"공릉동","avgPrice":12.2,"households":2848,"buildingCount":3,"rank":1259},"geometry":{"type":"Point","coordinates":[127.071539,37.623696]}},{"type":"Feature","properties":{"id":"A13386702","name":"서울숲한신더휴아파트","district":"성동구","neighborhood":"행당동","avgPrice":19.299999999999997,"households":2847,"buildingCount":13,"rank":1260},"geometry":{"type":"Point","coordinates":[127.036544,37.554874]}},{"type":"Feature","properties":{"id":"A13984005","name":"월계시영고층","district":"노원구","neighborhood":"월계동","avgPrice":8.15,"households":2847,"buildingCount":6,"rank":1261},"geometry":{"type":"Point","coordinates":[127.065426,37.624686]}},{"type":"Feature","properties":{"id":"A13984004","name":"그랑빌","district":"노원구","neighborhood":"월계동","avgPrice":9.930943396226416,"households":2846,"buildingCount":4,"rank":1262},"geometry":{"type":"Point","coordinates":[127.067366,37.622171]}},{"type":"Feature","properties":{"id":"A13984003","name":"월계삼호4차","district":"노원구","neighborhood":"월계동","avgPrice":7.414166666666667,"households":2845,"buildingCount":2,"rank":1263},"geometry":{"type":"Point","coordinates":[127.065528,37.626084]}},{"type":"Feature","properties":{"id":"A13178102","name":"경원","district":"중랑구","neighborhood":"신내동","avgPrice":3.15,"households":2840,"buildingCount":2,"rank":1264},"geometry":{"type":"Point","coordinates":[127.098422,37.605566]}},{"type":"Feature","properties":{"id":"A13178101","name":"신내데시앙","district":"중랑구","neighborhood":"신내동","avgPrice":12.85,"households":2839,"buildingCount":4,"rank":1265},"geometry":{"type":"Point","coordinates":[127.099992,37.611662]}},{"type":"Feature","properties":{"id":"A12170603","name":"공덕래미안5차","district":"마포구","neighborhood":"공덕동","avgPrice":6.550000000000001,"households":2837,"buildingCount":6,"rank":1266},"geometry":{"type":"Point","coordinates":[126.95234,37.550856]}},{"type":"Feature","properties":{"id":"A15005603","name":"신길삼성","district":"영등포구","neighborhood":"신길동","avgPrice":5.550000000000001,"households":2837,"buildingCount":2,"rank":1267},"geometry":{"type":"Point","coordinates":[126.915752,37.505176]}},{"type":"Feature","properties":{"id":"A12170602","name":"공덕2삼성임대","district":"마포구","neighborhood":"공덕동","avgPrice":14.200000000000001,"households":2836,"buildingCount":3,"rank":1268},"geometry":{"type":"Point","coordinates":[126.947314,37.541859]}},{"type":"Feature","properties":{"id":"A15005602","name":"신길우창","district":"영등포구","neighborhood":"신길동","avgPrice":12.825000000000001,"households":2836,"buildingCount":6,"rank":1269},"geometry":{"type":"Point","coordinates":[126.91875,37.50629]}},{"type":"Feature","properties":{"id":"A12170601","name":"삼성래미안공덕4차","district":"마포구","neighborhood":"공덕동","avgPrice":18.964285714285715,"households":2835,"buildingCount":11,"rank":1270},"geometry":{"type":"Point","coordinates":[126.951144,37.550585]}},{"type":"Feature","properties":{"id":"A10024687","name":"서초현대홈타운","district":"서초구","neighborhood":"서초동","avgPrice":22.65,"households":2831,"buildingCount":1,"rank":1271},"geometry":{"type":"Point","coordinates":[127.004914,37.488522]}},{"type":"Feature","properties":{"id":"A10028086","name":"위례 송파푸르지오","district":"송파구","neighborhood":"장지동","avgPrice":16.35,"households":2828,"buildingCount":8,"rank":1272},"geometry":{"type":"Point","coordinates":[127.14093,37.48097]}},{"type":"Feature","properties":{"id":"A10023296","name":"송파파인타운12단지","district":"송파구","neighborhood":"장지동","avgPrice":18.5,"households":2826,"buildingCount":0,"rank":1273},"geometry":{"type":"Point","coordinates":[127.132194,37.478412]}},{"type":"Feature","properties":{"id":"A13593908","name":"SH공사대치1단지","district":"강남구","neighborhood":"개포동","avgPrice":19.450000000000003,"households":2825,"buildingCount":0,"rank":1274},"geometry":{"type":"Point","coordinates":[127.050456,37.480259]}},{"type":"Feature","properties":{"id":"A10028083","name":"송파SK아파트","district":"송파구","neighborhood":"송파동","avgPrice":14.5,"households":2825,"buildingCount":2,"rank":1275},"geometry":{"type":"Point","coordinates":[127.11787,37.500421]}},{"type":"Feature","properties":{"id":"A10021339","name":"한성아파트","district":"용산구","neighborhood":"한남동","avgPrice":19.25,"households":2822,"buildingCount":2,"rank":1276},"geometry":{"type":"Point","coordinates":[127.008814,37.534023]}},{"type":"Feature","properties":{"id":"A10028080","name":"용두 롯데 캐슬리치 아파트","district":"동대문구","neighborhood":"용두동","avgPrice":6.4,"households":2822,"buildingCount":4,"rank":1277},"geometry":{"type":"Point","coordinates":[127.030959,37.579237]}},{"type":"Feature","properties":{"id":"A10023292","name":"방화메이빌아파트","district":"강서구","neighborhood":"방화동","avgPrice":4.85,"households":2822,"buildingCount":1,"rank":1278},"geometry":{"type":"Point","coordinates":[126.813222,37.5795]}},{"type":"Feature","properties":{"id":"A13880806","name":"가락쌍용1차","district":"송파구","neighborhood":"가락동","avgPrice":21.9,"households":2821,"buildingCount":2,"rank":1279},"geometry":{"type":"Point","coordinates":[127.128094,37.496267]}},{"type":"Feature","properties":{"id":"A10027512","name":"문래유원아파트","district":"영등포구","neighborhood":"문래동6가","avgPrice":15.15,"households":2821,"buildingCount":2,"rank":1280},"geometry":{"type":"Point","coordinates":[126.888423,37.52068]}},{"type":"Feature","properties":{"id":"A13789203","name":"양재우성","district":"서초구","neighborhood":"양재동","avgPrice":20.15,"households":2820,"buildingCount":3,"rank":1281},"geometry":{"type":"Point","coordinates":[127.032085,37.474924]}},{"type":"Feature","properties":{"id":"A13286904","name":"쌍문한양7차","district":"도봉구","neighborhood":"쌍문동","avgPrice":5.638571428571429,"households":2820,"buildingCount":3,"rank":1282},"geometry":{"type":"Point","coordinates":[127.033583,37.655756]}},{"type":"Feature","properties":{"id":"A13789201","name":"양재우성KBS(113동)","district":"서초구","neighborhood":"양재동","avgPrice":20.505000000000003,"households":2818,"buildingCount":1,"rank":1283},"geometry":{"type":"Point","coordinates":[127.041393,37.47904]}},{"type":"Feature","properties":{"id":"A13593901","name":"개포자이아파트","district":"강남구","neighborhood":"개포동","avgPrice":16.450000000000003,"households":2818,"buildingCount":6,"rank":1284},"geometry":{"type":"Point","coordinates":[127.076754,37.495979]}},{"type":"Feature","properties":{"id":"A10021335","name":"신사대주파크빌","district":"은평구","neighborhood":"신사동","avgPrice":6.175,"households":2818,"buildingCount":3,"rank":1285},"geometry":{"type":"Point","coordinates":[126.907606,37.590885]}},{"type":"Feature","properties":{"id":"A10022720","name":"상도 푸르지오 클라베뉴","district":"동작구","neighborhood":"상도동","avgPrice":11,"households":2817,"buildingCount":3,"rank":1286},"geometry":{"type":"Point","coordinates":[126.938453,37.497912]}},{"type":"Feature","properties":{"id":"A10021332","name":"신월코아루1단지","district":"양천구","neighborhood":"신월동","avgPrice":6.05,"households":2815,"buildingCount":3,"rank":1287},"geometry":{"type":"Point","coordinates":[126.829614,37.531674]}},{"type":"Feature","properties":{"id":"A13381902","name":"성수현대그린","district":"성동구","neighborhood":"성수동1가","avgPrice":17.183333333333334,"households":2814,"buildingCount":1,"rank":1288},"geometry":{"type":"Point","coordinates":[127.050001,37.540597]}},{"type":"Feature","properties":{"id":"A13385303","name":"응봉신동아","district":"성동구","neighborhood":"응봉동","avgPrice":13.21923076923077,"households":2813,"buildingCount":4,"rank":1289},"geometry":{"type":"Point","coordinates":[127.02955,37.549862]}},{"type":"Feature","properties":{"id":"A10021330","name":"뉴홍현솔레디움아파트","district":"구로구","neighborhood":"구로동","avgPrice":6.675000000000001,"households":2813,"buildingCount":1,"rank":1290},"geometry":{"type":"Point","coordinates":[126.883666,37.498892]}},{"type":"Feature","properties":{"id":"A15807211","name":"목동현대아파트","district":"양천구","neighborhood":"신정동","avgPrice":5.45,"households":2812,"buildingCount":3,"rank":1291},"geometry":{"type":"Point","coordinates":[126.877099,37.519999]}},{"type":"Feature","properties":{"id":"A15807210","name":"신정동아이파크","district":"양천구","neighborhood":"신정동","avgPrice":22.35,"households":2811,"buildingCount":1,"rank":1292},"geometry":{"type":"Point","coordinates":[126.871254,37.52137]}},{"type":"Feature","properties":{"id":"A13385301","name":"서울숲리버그린동아","district":"성동구","neighborhood":"응봉동","avgPrice":15.925,"households":2811,"buildingCount":6,"rank":1293},"geometry":{"type":"Point","coordinates":[127.037338,37.553516]}},{"type":"Feature","properties":{"id":"A13078301","name":"휘경센트레빌","district":"동대문구","neighborhood":"휘경동","avgPrice":11.025,"households":2810,"buildingCount":4,"rank":1294},"geometry":{"type":"Point","coordinates":[127.068501,37.591046]}},{"type":"Feature","properties":{"id":"A15183001","name":"해태보라매타워","district":"동작구","neighborhood":"신대방동","avgPrice":7.156000000000001,"households":2806,"buildingCount":0,"rank":1295},"geometry":{"type":"Point","coordinates":[126.924772,37.491288]}},{"type":"Feature","properties":{"id":"A13113008","name":"신내우디안1단지","district":"중랑구","neighborhood":"신내동","avgPrice":7.585263157894737,"households":2804,"buildingCount":7,"rank":1296},"geometry":{"type":"Point","coordinates":[127.105895,37.617379]}},{"type":"Feature","properties":{"id":"A13113007","name":"신내 데시앙포레","district":"중랑구","neighborhood":"신내동","avgPrice":7.879428571428572,"households":2803,"buildingCount":7,"rank":1297},"geometry":{"type":"Point","coordinates":[127.110119,37.615612]}},{"type":"Feature","properties":{"id":"A13113006","name":"신내경남아너스빌","district":"중랑구","neighborhood":"신내동","avgPrice":6.491666666666667,"households":2802,"buildingCount":7,"rank":1298},"geometry":{"type":"Point","coordinates":[127.096697,37.60351]}},{"type":"Feature","properties":{"id":"A15004202","name":"당산2가현대","district":"영등포구","neighborhood":"당산동2가","avgPrice":15.378125,"households":2801,"buildingCount":6,"rank":1299},"geometry":{"type":"Point","coordinates":[126.894749,37.5237]}},{"type":"Feature","properties":{"id":"A15004201","name":"당산동대우","district":"영등포구","neighborhood":"당산동2가","avgPrice":6.65,"households":2800,"buildingCount":3,"rank":1300},"geometry":{"type":"Point","coordinates":[126.893224,37.521236]}},{"type":"Feature","properties":{"id":"A13113004","name":"신내동성3차아파트","district":"중랑구","neighborhood":"신내동","avgPrice":5.802352941176471,"households":2800,"buildingCount":5,"rank":1301},"geometry":{"type":"Point","coordinates":[127.095142,37.607679]}},{"type":"Feature","properties":{"id":"A13113003","name":"신내동성4차","district":"중랑구","neighborhood":"신내동","avgPrice":7.75,"households":2799,"buildingCount":5,"rank":1302},"geometry":{"type":"Point","coordinates":[127.096749,37.60684]}},{"type":"Feature","properties":{"id":"A13113002","name":"신내벽산","district":"중랑구","neighborhood":"신내동","avgPrice":5.4225,"households":2798,"buildingCount":4,"rank":1303},"geometry":{"type":"Point","coordinates":[127.0999,37.603173]}},{"type":"Feature","properties":{"id":"A10023288","name":"LH서울금천 행복주택아파트","district":"금천구","neighborhood":"가산동","avgPrice":15.45,"households":2797,"buildingCount":0,"rank":1304},"geometry":{"type":"Point","coordinates":[126.874388,37.460095]}},{"type":"Feature","properties":{"id":"A13113001","name":"신내동성7차","district":"중랑구","neighborhood":"신내동","avgPrice":5.6825,"households":2797,"buildingCount":1,"rank":1305},"geometry":{"type":"Point","coordinates":[127.097148,37.60602]}},{"type":"Feature","properties":{"id":"A15786426","name":"염창현대1차","district":"강서구","neighborhood":"염창동","avgPrice":10.689333333333334,"households":2796,"buildingCount":4,"rank":1306},"geometry":{"type":"Point","coordinates":[126.875121,37.552967]}},{"type":"Feature","properties":{"id":"A10027507","name":"한국현대아파트","district":"구로구","neighborhood":"구로동","avgPrice":5.866666666666667,"households":2795,"buildingCount":3,"rank":1307},"geometry":{"type":"Point","coordinates":[126.875693,37.498157]}},{"type":"Feature","properties":{"id":"A15786424","name":"염창한화꿈에그린","district":"강서구","neighborhood":"염창동","avgPrice":11.3,"households":2794,"buildingCount":8,"rank":1308},"geometry":{"type":"Point","coordinates":[126.87337,37.548369]}},{"type":"Feature","properties":{"id":"A10023285","name":"묵동월드메르디앙","district":"중랑구","neighborhood":"묵동","avgPrice":7.5175,"households":2794,"buildingCount":3,"rank":1309},"geometry":{"type":"Point","coordinates":[127.073346,37.612956]}},{"type":"Feature","properties":{"id":"A10027504","name":"월드마크마포아파트","district":"마포구","neighborhood":"신공덕동","avgPrice":12.05,"households":2792,"buildingCount":1,"rank":1310},"geometry":{"type":"Point","coordinates":[126.953349,37.542422]}},{"type":"Feature","properties":{"id":"A10022715","name":"고덕풍경채어바니티","district":"강동구","neighborhood":"고덕동","avgPrice":17.235,"households":2791,"buildingCount":0,"rank":1311},"geometry":{"type":"Point","coordinates":[127.158026,37.563943]}},{"type":"Feature","properties":{"id":"A10023282","name":"광진한화꿈에그린아파트","district":"광진구","neighborhood":"자양동","avgPrice":11.9,"households":2791,"buildingCount":2,"rank":1312},"geometry":{"type":"Point","coordinates":[127.061928,37.533536]}},{"type":"Feature","properties":{"id":"A10023281","name":"광장 유진스웰","district":"광진구","neighborhood":"광장동","avgPrice":24.7,"households":2790,"buildingCount":2,"rank":1313},"geometry":{"type":"Point","coordinates":[127.109593,37.550236]}},{"type":"Feature","properties":{"id":"A15786420","name":"염창신동아","district":"강서구","neighborhood":"염창동","avgPrice":9.18,"households":2790,"buildingCount":7,"rank":1314},"geometry":{"type":"Point","coordinates":[126.868368,37.555249]}},{"type":"Feature","properties":{"id":"A13285507","name":"방학4단지신동아","district":"도봉구","neighborhood":"방학동","avgPrice":14.600000000000001,"households":2788,"buildingCount":3,"rank":1315},"geometry":{"type":"Point","coordinates":[127.02961,37.662788]}},{"type":"Feature","properties":{"id":"A15807208","name":"목동삼성래미안","district":"양천구","neighborhood":"신정동","avgPrice":11,"households":2788,"buildingCount":5,"rank":1316},"geometry":{"type":"Point","coordinates":[126.876314,37.515471]}},{"type":"Feature","properties":{"id":"A13784401","name":"방배브라운가","district":"서초구","neighborhood":"방배동","avgPrice":21.9,"households":2785,"buildingCount":1,"rank":1317},"geometry":{"type":"Point","coordinates":[126.991764,37.483798]}},{"type":"Feature","properties":{"id":"A15807205","name":"롯데캐슬","district":"양천구","neighborhood":"신정동","avgPrice":9.4,"households":2785,"buildingCount":4,"rank":1318},"geometry":{"type":"Point","coordinates":[126.874865,37.519919]}},{"type":"Feature","properties":{"id":"A15176701","name":"관악국제산장","district":"관악구","neighborhood":"신림동","avgPrice":4.97,"households":2785,"buildingCount":0,"rank":1319},"geometry":{"type":"Point","coordinates":[126.97973,37.486185]}},{"type":"Feature","properties":{"id":"A15807204","name":"신정현대","district":"양천구","neighborhood":"신정동","avgPrice":13.683333333333332,"households":2784,"buildingCount":1,"rank":1320},"geometry":{"type":"Point","coordinates":[126.842377,37.508639]}},{"type":"Feature","properties":{"id":"A13285503","name":"방학동양크레오","district":"도봉구","neighborhood":"방학동","avgPrice":6.449999999999999,"households":2784,"buildingCount":4,"rank":1321},"geometry":{"type":"Point","coordinates":[127.030275,37.664488]}},{"type":"Feature","properties":{"id":"A15807202","name":"신정명지해드는터","district":"양천구","neighborhood":"신정동","avgPrice":16.46666666666667,"households":2782,"buildingCount":1,"rank":1322},"geometry":{"type":"Point","coordinates":[126.872624,37.518698]}},{"type":"Feature","properties":{"id":"A15275101","name":"개봉건영","district":"구로구","neighborhood":"개봉동","avgPrice":4.75,"households":2779,"buildingCount":2,"rank":1323},"geometry":{"type":"Point","coordinates":[126.840664,37.501162]}},{"type":"Feature","properties":{"id":"A15083202","name":"도림동아에코빌","district":"영등포구","neighborhood":"도림동","avgPrice":10.098333333333333,"households":2778,"buildingCount":1,"rank":1324},"geometry":{"type":"Point","coordinates":[126.899086,37.50906]}},{"type":"Feature","properties":{"id":"A15370103","name":"남서울힐스테이트","district":"금천구","neighborhood":"시흥동","avgPrice":9.249130434782609,"households":2777,"buildingCount":6,"rank":1325},"geometry":{"type":"Point","coordinates":[126.900944,37.448264]}},{"type":"Feature","properties":{"id":"A13609001","name":"종암우림카이저팰리스","district":"성북구","neighborhood":"종암동","avgPrice":7.0975,"households":2777,"buildingCount":2,"rank":1326},"geometry":{"type":"Point","coordinates":[127.033517,37.60201]}},{"type":"Feature","properties":{"id":"A15083201","name":"도림청구","district":"영등포구","neighborhood":"도림동","avgPrice":6.48125,"households":2777,"buildingCount":6,"rank":1327},"geometry":{"type":"Point","coordinates":[126.894875,37.50924]}},{"type":"Feature","properties":{"id":"A13704004","name":"반포SKVIEW","district":"서초구","neighborhood":"반포동","avgPrice":21.45,"households":2776,"buildingCount":3,"rank":1328},"geometry":{"type":"Point","coordinates":[126.994009,37.497729]}},{"type":"Feature","properties":{"id":"A10024669","name":"동익빌라","district":"종로구","neighborhood":"구기동","avgPrice":10.75,"households":2771,"buildingCount":0,"rank":1329},"geometry":{"type":"Point","coordinates":[126.958412,37.603753]}},{"type":"Feature","properties":{"id":"A10024667","name":"구의세양아파트","district":"광진구","neighborhood":"구의동","avgPrice":12.8,"households":2769,"buildingCount":0,"rank":1330},"geometry":{"type":"Point","coordinates":[127.096916,37.552035]}},{"type":"Feature","properties":{"id":"A12106001","name":"토정한강삼성","district":"마포구","neighborhood":"토정동","avgPrice":18.933333333333334,"households":2768,"buildingCount":3,"rank":1331},"geometry":{"type":"Point","coordinates":[126.941383,37.53965]}},{"type":"Feature","properties":{"id":"A12201005","name":"녹번역센트레빌","district":"은평구","neighborhood":"응암동","avgPrice":8.538,"households":2768,"buildingCount":5,"rank":1332},"geometry":{"type":"Point","coordinates":[126.926523,37.598859]}},{"type":"Feature","properties":{"id":"A10024666","name":"서희스타힐스","district":"관악구","neighborhood":"봉천동","avgPrice":7.4799999999999995,"households":2768,"buildingCount":3,"rank":1333},"geometry":{"type":"Point","coordinates":[126.960135,37.48876]}},{"type":"Feature","properties":{"id":"A12201004","name":"백련산힐스테이트임대","district":"은평구","neighborhood":"응암동","avgPrice":14.45,"households":2767,"buildingCount":3,"rank":1334},"geometry":{"type":"Point","coordinates":[126.924724,37.589192]}},{"type":"Feature","properties":{"id":"A12201003","name":"백련산힐스테이트1차","district":"은평구","neighborhood":"응암동","avgPrice":8.1225,"households":2766,"buildingCount":8,"rank":1335},"geometry":{"type":"Point","coordinates":[126.925161,37.592998]}},{"type":"Feature","properties":{"id":"A12201002","name":"백련산힐스테이트2차","district":"은평구","neighborhood":"응암동","avgPrice":8.470303030303029,"households":2765,"buildingCount":9,"rank":1336},"geometry":{"type":"Point","coordinates":[126.923603,37.590927]}},{"type":"Feature","properties":{"id":"A12201001","name":"대주피오레아파트","district":"은평구","neighborhood":"응암동","avgPrice":6.636666666666667,"households":2764,"buildingCount":3,"rank":1337},"geometry":{"type":"Point","coordinates":[126.923973,37.587068]}},{"type":"Feature","properties":{"id":"A10028063","name":"신도림아이파크아파트","district":"구로구","neighborhood":"신도림동","avgPrice":16.5,"households":2763,"buildingCount":0,"rank":1338},"geometry":{"type":"Point","coordinates":[126.885686,37.48479]}},{"type":"Feature","properties":{"id":"A10022708","name":"오목교벽산블루밍","district":"영등포구","neighborhood":"양평동2가","avgPrice":7.8075,"households":2763,"buildingCount":4,"rank":1339},"geometry":{"type":"Point","coordinates":[126.882677,37.522659]}},{"type":"Feature","properties":{"id":"A10024661","name":"월곡갑을명가주상복합아파트","district":"성북구","neighborhood":"하월곡동","avgPrice":7.066666666666666,"households":2763,"buildingCount":1,"rank":1340},"geometry":{"type":"Point","coordinates":[127.042147,37.603309]}},{"type":"Feature","properties":{"id":"A10026109","name":"창동서울가든아파트","district":"도봉구","neighborhood":"창동","avgPrice":9.02,"households":2762,"buildingCount":2,"rank":1341},"geometry":{"type":"Point","coordinates":[127.049798,37.682051]}},{"type":"Feature","properties":{"id":"A15383905","name":"남서울 무지개","district":"금천구","neighborhood":"시흥동","avgPrice":4.7715,"households":2761,"buildingCount":5,"rank":1342},"geometry":{"type":"Point","coordinates":[126.898605,37.456031]}},{"type":"Feature","properties":{"id":"A10023272","name":"방배롯데캐슬로제","district":"서초구","neighborhood":"방배동","avgPrice":43.8,"households":2760,"buildingCount":5,"rank":1343},"geometry":{"type":"Point","coordinates":[126.994935,37.490126]}},{"type":"Feature","properties":{"id":"A13684605","name":"정릉푸른마을동아","district":"성북구","neighborhood":"정릉동","avgPrice":7.054166666666667,"households":2760,"buildingCount":7,"rank":1344},"geometry":{"type":"Point","coordinates":[127.01426,37.607527]}},{"type":"Feature","properties":{"id":"A10026104","name":"힐스테이트청계","district":"동대문구","neighborhood":"답십리동","avgPrice":14.684000000000001,"households":2757,"buildingCount":6,"rank":1345},"geometry":{"type":"Point","coordinates":[127.047537,37.57144]}},{"type":"Feature","properties":{"id":"A13971502","name":"상계주공3단지","district":"노원구","neighborhood":"상계동","avgPrice":10.85,"households":2755,"buildingCount":2,"rank":1346},"geometry":{"type":"Point","coordinates":[127.063343,37.667311]}},{"type":"Feature","properties":{"id":"A13971501","name":"상계미도","district":"노원구","neighborhood":"상계동","avgPrice":7.816666666666667,"households":2754,"buildingCount":10,"rank":1347},"geometry":{"type":"Point","coordinates":[127.059247,37.647242]}},{"type":"Feature","properties":{"id":"A14383205","name":"구의현대2단지","district":"광진구","neighborhood":"구의동","avgPrice":21.625,"households":2753,"buildingCount":8,"rank":1348},"geometry":{"type":"Point","coordinates":[127.096343,37.538804]}},{"type":"Feature","properties":{"id":"A14383203","name":"구의현대6단지","district":"광진구","neighborhood":"구의동","avgPrice":18.166666666666668,"households":2751,"buildingCount":4,"rank":1349},"geometry":{"type":"Point","coordinates":[127.094735,37.538797]}},{"type":"Feature","properties":{"id":"A13816202","name":"가락극동","district":"송파구","neighborhood":"가락동","avgPrice":22.4,"households":2750,"buildingCount":7,"rank":1350},"geometry":{"type":"Point","coordinates":[127.132624,37.495715]}},{"type":"Feature","properties":{"id":"A13783001","name":"방배3차e편한세상","district":"서초구","neighborhood":"방배동","avgPrice":14.25,"households":2750,"buildingCount":5,"rank":1351},"geometry":{"type":"Point","coordinates":[126.991702,37.494359]}},{"type":"Feature","properties":{"id":"A12185004","name":"성산시영아파트","district":"마포구","neighborhood":"성산동","avgPrice":7.550000000000001,"households":2748,"buildingCount":5,"rank":1352},"geometry":{"type":"Point","coordinates":[126.90201,37.572098]}},{"type":"Feature","properties":{"id":"A12185003","name":"SH성산아파트","district":"마포구","neighborhood":"성산동","avgPrice":12.5,"households":2747,"buildingCount":5,"rank":1353},"geometry":{"type":"Point","coordinates":[126.901291,37.564676]}},{"type":"Feature","properties":{"id":"A15303502","name":"관악산신도브래뉴","district":"금천구","neighborhood":"시흥동","avgPrice":11.65,"households":2746,"buildingCount":2,"rank":1354},"geometry":{"type":"Point","coordinates":[126.910739,37.447864]}},{"type":"Feature","properties":{"id":"A12185001","name":"성사1차 풍림아파트","district":"마포구","neighborhood":"성산동","avgPrice":15.65,"households":2745,"buildingCount":1,"rank":1355},"geometry":{"type":"Point","coordinates":[126.912354,37.568449]}},{"type":"Feature","properties":{"id":"A15210001","name":"천왕연지타운1단지","district":"구로구","neighborhood":"천왕동","avgPrice":7.84125,"households":2737,"buildingCount":6,"rank":1356},"geometry":{"type":"Point","coordinates":[126.840564,37.485687]}},{"type":"Feature","properties":{"id":"A10024655","name":"쌍용스윗닷홈거여역1차아파트","district":"송파구","neighborhood":"거여동","avgPrice":20.35,"households":2736,"buildingCount":0,"rank":1357},"geometry":{"type":"Point","coordinates":[127.108858,37.524805]}},{"type":"Feature","properties":{"id":"A15786408","name":"삼정그린코아","district":"강서구","neighborhood":"염창동","avgPrice":10.916666666666666,"households":2736,"buildingCount":3,"rank":1358},"geometry":{"type":"Point","coordinates":[126.874905,37.547802]}},{"type":"Feature","properties":{"id":"A10028056","name":"북한산힐스테이트7차제2 (임대)","district":"은평구","neighborhood":"불광동","avgPrice":11.4,"households":2735,"buildingCount":0,"rank":1359},"geometry":{"type":"Point","coordinates":[126.943774,37.611745]}},{"type":"Feature","properties":{"id":"A10023268","name":"칸타빌수유팰리스","district":"강북구","neighborhood":"수유동","avgPrice":8.6,"households":2735,"buildingCount":1,"rank":1360},"geometry":{"type":"Point","coordinates":[127.02557,37.642116]}},{"type":"Feature","properties":{"id":"A15786405","name":"염창우성2차","district":"강서구","neighborhood":"염창동","avgPrice":10.440000000000001,"households":2733,"buildingCount":2,"rank":1361},"geometry":{"type":"Point","coordinates":[126.86977,37.555541]}},{"type":"Feature","properties":{"id":"A13276417","name":"벽산1","district":"도봉구","neighborhood":"방학동","avgPrice":11.65,"households":2728,"buildingCount":3,"rank":1362},"geometry":{"type":"Point","coordinates":[127.03235,37.66028]}},{"type":"Feature","properties":{"id":"A13276416","name":"방학우성1차","district":"도봉구","neighborhood":"방학동","avgPrice":4.75,"households":2727,"buildingCount":11,"rank":1363},"geometry":{"type":"Point","coordinates":[127.023687,37.658017]}},{"type":"Feature","properties":{"id":"A13276415","name":"방학청구","district":"도봉구","neighborhood":"방학동","avgPrice":8.25,"households":2726,"buildingCount":10,"rank":1364},"geometry":{"type":"Point","coordinates":[127.026306,37.657559]}},{"type":"Feature","properties":{"id":"A13790620","name":"한강","district":"서초구","neighborhood":"잠원동","avgPrice":21.7,"households":2725,"buildingCount":6,"rank":1365},"geometry":{"type":"Point","coordinates":[127.015234,37.521471]}},{"type":"Feature","properties":{"id":"A13276414","name":"방학신동아3단지","district":"도봉구","neighborhood":"방학동","avgPrice":16.2,"households":2725,"buildingCount":5,"rank":1366},"geometry":{"type":"Point","coordinates":[127.023138,37.659931]}},{"type":"Feature","properties":{"id":"A10021305","name":"현대ESA아파트","district":"서초구","neighborhood":"서초동","avgPrice":14.9,"households":2725,"buildingCount":5,"rank":1367},"geometry":{"type":"Point","coordinates":[127.028972,37.491134]}},{"type":"Feature","properties":{"id":"A13085902","name":"전농동신성미소지움아파트","district":"동대문구","neighborhood":"전농동","avgPrice":11.99875,"households":2725,"buildingCount":5,"rank":1368},"geometry":{"type":"Point","coordinates":[127.048667,37.578334]}},{"type":"Feature","properties":{"id":"A13085901","name":"전농동아","district":"동대문구","neighborhood":"전농동","avgPrice":13.9,"households":2724,"buildingCount":0,"rank":1369},"geometry":{"type":"Point","coordinates":[127.055661,37.579151]}},{"type":"Feature","properties":{"id":"A13184301","name":"면목신성은하수","district":"중랑구","neighborhood":"면목동","avgPrice":9.2,"households":2718,"buildingCount":0,"rank":1370},"geometry":{"type":"Point","coordinates":[127.075648,37.592755]}},{"type":"Feature","properties":{"id":"A10024646","name":"궁전아파트","district":"서초구","neighborhood":"반포동","avgPrice":18,"households":2706,"buildingCount":1,"rank":1371},"geometry":{"type":"Point","coordinates":[127.00112,37.499398]}},{"type":"Feature","properties":{"id":"A10028046","name":"힐스테이트서초젠트리스","district":"서초구","neighborhood":"신원동","avgPrice":22.525,"households":2704,"buildingCount":9,"rank":1372},"geometry":{"type":"Point","coordinates":[127.057302,37.45606]}},{"type":"Feature","properties":{"id":"A13987306","name":"하계극동건영벽산","district":"노원구","neighborhood":"하계동","avgPrice":6.707000000000001,"households":2704,"buildingCount":4,"rank":1373},"geometry":{"type":"Point","coordinates":[127.064765,37.635859]}},{"type":"Feature","properties":{"id":"A13987305","name":"하계학여울청구","district":"노원구","neighborhood":"하계동","avgPrice":14.350000000000001,"households":2703,"buildingCount":0,"rank":1374},"geometry":{"type":"Point","coordinates":[127.064479,37.632619]}},{"type":"Feature","properties":{"id":"A10024642","name":"사당진흥아파트","district":"동작구","neighborhood":"사당동","avgPrice":14,"households":2702,"buildingCount":0,"rank":1375},"geometry":{"type":"Point","coordinates":[126.91291,37.528015]}},{"type":"Feature","properties":{"id":"A13987304","name":"하계 6단지 장미아파트","district":"노원구","neighborhood":"하계동","avgPrice":8.45,"households":2702,"buildingCount":8,"rank":1376},"geometry":{"type":"Point","coordinates":[127.067232,37.63471]}},{"type":"Feature","properties":{"id":"A13987303","name":"하계현대우성","district":"노원구","neighborhood":"하계동","avgPrice":13.09,"households":2701,"buildingCount":8,"rank":1377},"geometry":{"type":"Point","coordinates":[127.066287,37.636844]}},{"type":"Feature","properties":{"id":"A10024640","name":"청담2차e편한세상아파트","district":"강남구","neighborhood":"청담동","avgPrice":20.1,"households":2700,"buildingCount":4,"rank":1378},"geometry":{"type":"Point","coordinates":[127.045297,37.520971]}},{"type":"Feature","properties":{"id":"A13987302","name":"하계시영5단지","district":"노원구","neighborhood":"하계동","avgPrice":12.7,"households":2700,"buildingCount":0,"rank":1379},"geometry":{"type":"Point","coordinates":[127.053146,37.659375]}},{"type":"Feature","properties":{"id":"A10028042","name":"센시티일육","district":"동대문구","neighborhood":"답십리동","avgPrice":8.8,"households":2700,"buildingCount":0,"rank":1380},"geometry":{"type":"Point","coordinates":[127.035656,37.5951]}},{"type":"Feature","properties":{"id":"A10023253","name":"신일해피트리2차아파트","district":"동대문구","neighborhood":"장안동","avgPrice":15.25,"households":2699,"buildingCount":3,"rank":1381},"geometry":{"type":"Point","coordinates":[127.064188,37.563291]}},{"type":"Feature","properties":{"id":"A13987301","name":"하계학여울청구B","district":"노원구","neighborhood":"하계동","avgPrice":8.399756097560974,"households":2699,"buildingCount":8,"rank":1382},"geometry":{"type":"Point","coordinates":[127.065142,37.632947]}},{"type":"Feature","properties":{"id":"A10023252","name":"브라운스톤 금호2차아파트","district":"성동구","neighborhood":"금호동4가","avgPrice":13.899999999999999,"households":2698,"buildingCount":3,"rank":1383},"geometry":{"type":"Point","coordinates":[127.014923,37.54801]}},{"type":"Feature","properties":{"id":"A15785005","name":"방화11단지","district":"강서구","neighborhood":"방화동","avgPrice":10.25,"households":2698,"buildingCount":8,"rank":1384},"geometry":{"type":"Point","coordinates":[126.805635,37.570475]}},{"type":"Feature","properties":{"id":"A13790612","name":"잠원훼미리 아파트","district":"서초구","neighborhood":"잠원동","avgPrice":29,"households":2696,"buildingCount":5,"rank":1385},"geometry":{"type":"Point","coordinates":[127.014953,37.519313]}},{"type":"Feature","properties":{"id":"A13583404","name":"쌍용대치1차","district":"강남구","neighborhood":"대치동","avgPrice":22.15,"households":2695,"buildingCount":5,"rank":1386},"geometry":{"type":"Point","coordinates":[127.071089,37.498087]}},{"type":"Feature","properties":{"id":"A15785002","name":"방화3차우림필유","district":"강서구","neighborhood":"방화동","avgPrice":6.7700000000000005,"households":2695,"buildingCount":6,"rank":1387},"geometry":{"type":"Point","coordinates":[126.808448,37.56808]}},{"type":"Feature","properties":{"id":"A13583403","name":"대치우성1차아파트","district":"강남구","neighborhood":"대치동","avgPrice":19.25,"households":2694,"buildingCount":6,"rank":1388},"geometry":{"type":"Point","coordinates":[127.069025,37.500307]}},{"type":"Feature","properties":{"id":"A13583402","name":"대치쌍용2차","district":"강남구","neighborhood":"대치동","avgPrice":22.6,"households":2693,"buildingCount":3,"rank":1389},"geometry":{"type":"Point","coordinates":[127.070611,37.499647]}},{"type":"Feature","properties":{"id":"A13408003","name":"고덕아이파크아파트","district":"강동구","neighborhood":"고덕동","avgPrice":10.8,"households":2686,"buildingCount":4,"rank":1390},"geometry":{"type":"Point","coordinates":[127.154096,37.558957]}},{"type":"Feature","properties":{"id":"A10027985","name":"강남자곡힐스테이트아파트","district":"강남구","neighborhood":"자곡동","avgPrice":15.600000000000001,"households":2685,"buildingCount":3,"rank":1391},"geometry":{"type":"Point","coordinates":[127.090246,37.470699]}},{"type":"Feature","properties":{"id":"A13311101","name":"성수금호3차","district":"성동구","neighborhood":"성수동1가","avgPrice":20.9,"households":2678,"buildingCount":3,"rank":1392},"geometry":{"type":"Point","coordinates":[127.050215,37.541716]}},{"type":"Feature","properties":{"id":"A10024638","name":"관악월드메르디앙아파트","district":"관악구","neighborhood":"봉천동","avgPrice":7.7,"households":2677,"buildingCount":4,"rank":1393},"geometry":{"type":"Point","coordinates":[126.959506,37.483644]}},{"type":"Feature","properties":{"id":"A10024636","name":"세양청마루","district":"노원구","neighborhood":"월계동","avgPrice":6.78,"households":2675,"buildingCount":1,"rank":1394},"geometry":{"type":"Point","coordinates":[127.060577,37.620635]}},{"type":"Feature","properties":{"id":"A10024634","name":"신림서초아파트","district":"관악구","neighborhood":"신림동","avgPrice":6,"households":2673,"buildingCount":3,"rank":1395},"geometry":{"type":"Point","coordinates":[126.932023,37.463627]}},{"type":"Feature","properties":{"id":"A10023245","name":"선정릉역 모아엘가퍼스트홈","district":"강남구","neighborhood":"논현동","avgPrice":20.95,"households":2670,"buildingCount":0,"rank":1396},"geometry":{"type":"Point","coordinates":[127.045328,37.53682]}},{"type":"Feature","properties":{"id":"A15685206","name":"신대방우성1차","district":"동작구","neighborhood":"신대방동","avgPrice":13.399411764705881,"households":2670,"buildingCount":11,"rank":1397},"geometry":{"type":"Point","coordinates":[126.911511,37.492206]}},{"type":"Feature","properties":{"id":"A10028033","name":"용마산하늘채아파트","district":"중랑구","neighborhood":"면목동","avgPrice":9.968571428571428,"households":2670,"buildingCount":8,"rank":1398},"geometry":{"type":"Point","coordinates":[127.087264,37.572626]}},{"type":"Feature","properties":{"id":"A15873701","name":"목동10단지","district":"양천구","neighborhood":"신정동","avgPrice":12,"households":2669,"buildingCount":4,"rank":1399},"geometry":{"type":"Point","coordinates":[126.856976,37.518869]}},{"type":"Feature","properties":{"id":"A15681802","name":"사당현대아파트","district":"동작구","neighborhood":"사당동","avgPrice":10.4,"households":2668,"buildingCount":7,"rank":1400},"geometry":{"type":"Point","coordinates":[126.970204,37.488676]}},{"type":"Feature","properties":{"id":"A13790604","name":"잠원동대우아이빌","district":"서초구","neighborhood":"잠원동","avgPrice":6.258571428571429,"households":2667,"buildingCount":1,"rank":1401},"geometry":{"type":"Point","coordinates":[127.018319,37.511321]}},{"type":"Feature","properties":{"id":"A15685201","name":"신대방우성2차","district":"동작구","neighborhood":"신대방동","avgPrice":11.407142857142857,"households":2665,"buildingCount":2,"rank":1402},"geometry":{"type":"Point","coordinates":[126.910341,37.49281]}},{"type":"Feature","properties":{"id":"A12289501","name":"역촌센트레빌","district":"은평구","neighborhood":"역촌동","avgPrice":6.996363636363636,"households":2665,"buildingCount":6,"rank":1403},"geometry":{"type":"Point","coordinates":[126.906145,37.603085]}},{"type":"Feature","properties":{"id":"A13582002","name":"논현동현","district":"강남구","neighborhood":"논현동","avgPrice":16,"households":2658,"buildingCount":3,"rank":1404},"geometry":{"type":"Point","coordinates":[127.037032,37.520487]}},{"type":"Feature","properties":{"id":"A13275001","name":"창동수산트리플아파트","district":"도봉구","neighborhood":"창동","avgPrice":6.225,"households":2656,"buildingCount":2,"rank":1405},"geometry":{"type":"Point","coordinates":[127.033895,37.640686]}},{"type":"Feature","properties":{"id":"A13083102","name":"래미안이문2차","district":"동대문구","neighborhood":"이문동","avgPrice":11.183333333333332,"households":2655,"buildingCount":3,"rank":1406},"geometry":{"type":"Point","coordinates":[127.059214,37.593436]}},{"type":"Feature","properties":{"id":"A10021794","name":"망우동청광오뜨빌아파트","district":"중랑구","neighborhood":"망우동","avgPrice":4.28,"households":2647,"buildingCount":5,"rank":1407},"geometry":{"type":"Point","coordinates":[127.067467,37.618844]}},{"type":"Feature","properties":{"id":"A10025193","name":"항동 한양수자인 에듀힐즈","district":"구로구","neighborhood":"항동","avgPrice":12.25,"households":2644,"buildingCount":8,"rank":1408},"geometry":{"type":"Point","coordinates":[126.825748,37.478006]}},{"type":"Feature","properties":{"id":"A10024626","name":"공덕SK리더스뷰 2단지","district":"마포구","neighborhood":"공덕동","avgPrice":11.100000000000001,"households":2644,"buildingCount":2,"rank":1409},"geometry":{"type":"Point","coordinates":[126.949636,37.545112]}},{"type":"Feature","properties":{"id":"A10025192","name":"나인원 한남","district":"용산구","neighborhood":"한남동","avgPrice":17.95,"households":2643,"buildingCount":8,"rank":1410},"geometry":{"type":"Point","coordinates":[127.003548,37.536211]}},{"type":"Feature","properties":{"id":"A10072501","name":"쌍용남산플래티넘","district":"중구","neighborhood":"회현동2가","avgPrice":26.8,"households":2639,"buildingCount":1,"rank":1411},"geometry":{"type":"Point","coordinates":[126.983274,37.559456]}},{"type":"Feature","properties":{"id":"A10024621","name":"태흥아파트","district":"관악구","neighborhood":"신림동","avgPrice":4.091666666666667,"households":2639,"buildingCount":0,"rank":1412},"geometry":{"type":"Point","coordinates":[126.931126,37.465998]}},{"type":"Feature","properties":{"id":"A10024620","name":"인왕산어울림 아파트","district":"서대문구","neighborhood":"홍제동","avgPrice":9.466666666666667,"households":2638,"buildingCount":6,"rank":1413},"geometry":{"type":"Point","coordinates":[126.950949,37.583521]}},{"type":"Feature","properties":{"id":"A10028021","name":"서초포레스타2단지아파트","district":"서초구","neighborhood":"내곡동","avgPrice":16.625,"households":2637,"buildingCount":5,"rank":1414},"geometry":{"type":"Point","coordinates":[127.061938,37.4551]}},{"type":"Feature","properties":{"id":"A10028020","name":"해태아파트","district":"강서구","neighborhood":"공항동","avgPrice":6.995,"households":2636,"buildingCount":0,"rank":1415},"geometry":{"type":"Point","coordinates":[126.815811,37.563682]}},{"type":"Feature","properties":{"id":"A13383801","name":"옥수중앙하이츠","district":"성동구","neighborhood":"옥수동","avgPrice":14.65,"households":2634,"buildingCount":6,"rank":1416},"geometry":{"type":"Point","coordinates":[127.015857,37.53907]}},{"type":"Feature","properties":{"id":"A13076801","name":"이문삼성래미안아파트","district":"동대문구","neighborhood":"이문동","avgPrice":9.668888888888889,"households":2633,"buildingCount":3,"rank":1417},"geometry":{"type":"Point","coordinates":[127.05641,37.599829]}},{"type":"Feature","properties":{"id":"A12284701","name":"불광대호2차","district":"은평구","neighborhood":"불광동","avgPrice":12.45,"households":2632,"buildingCount":2,"rank":1418},"geometry":{"type":"Point","coordinates":[126.902666,37.581591]}},{"type":"Feature","properties":{"id":"A10027969","name":"왕십리텐즈힐1단지(임대)","district":"성동구","neighborhood":"하왕십리동","avgPrice":15.15,"households":2627,"buildingCount":8,"rank":1419},"geometry":{"type":"Point","coordinates":[127.023574,37.545188]}},{"type":"Feature","properties":{"id":"A10021789","name":"힐스테이트서리풀","district":"서초구","neighborhood":"서초동","avgPrice":23,"households":2621,"buildingCount":2,"rank":1420},"geometry":{"type":"Point","coordinates":[127.006052,37.490233]}},{"type":"Feature","properties":{"id":"A12171101","name":"월드컵아이파크1단지","district":"마포구","neighborhood":"성산동","avgPrice":12.55,"households":2621,"buildingCount":5,"rank":1421},"geometry":{"type":"Point","coordinates":[126.914612,37.567513]}},{"type":"Feature","properties":{"id":"A10021787","name":"금강하이츠빌라","district":"종로구","neighborhood":"평창동","avgPrice":14.55,"households":2619,"buildingCount":8,"rank":1422},"geometry":{"type":"Point","coordinates":[126.976584,37.608669]}},{"type":"Feature","properties":{"id":"A10025187","name":"묵동리본타워","district":"중랑구","neighborhood":"묵동","avgPrice":14.4,"households":2617,"buildingCount":1,"rank":1423},"geometry":{"type":"Point","coordinates":[127.086283,37.619185]}},{"type":"Feature","properties":{"id":"A15101101","name":"신림동부","district":"관악구","neighborhood":"신림동","avgPrice":8.9,"households":2617,"buildingCount":3,"rank":1424},"geometry":{"type":"Point","coordinates":[126.929121,37.480693]}},{"type":"Feature","properties":{"id":"A10025185","name":"잠실올림픽공원아이파크","district":"송파구","neighborhood":"풍납동","avgPrice":21.919999999999998,"households":2615,"buildingCount":2,"rank":1425},"geometry":{"type":"Point","coordinates":[127.114487,37.525997]}},{"type":"Feature","properties":{"id":"A10026571","name":"꿈의숲코오롱하늘채아파트","district":"성북구","neighborhood":"장위동","avgPrice":11.285454545454545,"households":2615,"buildingCount":4,"rank":1426},"geometry":{"type":"Point","coordinates":[127.046118,37.619565]}},{"type":"Feature","properties":{"id":"A10024615","name":"힐스테이트클래시안아파트","district":"영등포구","neighborhood":"신길동","avgPrice":17.165,"households":2612,"buildingCount":7,"rank":1427},"geometry":{"type":"Point","coordinates":[126.91165,37.50456]}},{"type":"Feature","properties":{"id":"A15677501","name":"남성두산위브트레지움","district":"동작구","neighborhood":"사당동","avgPrice":20.849999999999998,"households":2609,"buildingCount":0,"rank":1428},"geometry":{"type":"Point","coordinates":[126.925438,37.492825]}},{"type":"Feature","properties":{"id":"A13782902","name":"현대멤피스아파트","district":"서초구","neighborhood":"방배동","avgPrice":17.7,"households":2609,"buildingCount":6,"rank":1429},"geometry":{"type":"Point","coordinates":[126.988669,37.494606]}},{"type":"Feature","properties":{"id":"A15792602","name":"화곡푸르지오","district":"강서구","neighborhood":"화곡동","avgPrice":11.866363636363637,"households":2609,"buildingCount":0,"rank":1430},"geometry":{"type":"Point","coordinates":[126.834366,37.540141]}},{"type":"Feature","properties":{"id":"A10028012","name":"광진We’vePark","district":"광진구","neighborhood":"군자동","avgPrice":14.85,"households":2607,"buildingCount":0,"rank":1431},"geometry":{"type":"Point","coordinates":[127.061072,37.532415]}},{"type":"Feature","properties":{"id":"A13594403","name":"개포7차우성","district":"강남구","neighborhood":"일원동","avgPrice":14.45,"households":2606,"buildingCount":10,"rank":1432},"geometry":{"type":"Point","coordinates":[127.078361,37.492484]}},{"type":"Feature","properties":{"id":"A13594402","name":"개포한신","district":"강남구","neighborhood":"일원동","avgPrice":15.95,"households":2605,"buildingCount":6,"rank":1433},"geometry":{"type":"Point","coordinates":[127.079324,37.491227]}},{"type":"Feature","properties":{"id":"A13881302","name":"거여현대3차","district":"송파구","neighborhood":"거여동","avgPrice":11.225,"households":2603,"buildingCount":4,"rank":1434},"geometry":{"type":"Point","coordinates":[127.145002,37.496802]}},{"type":"Feature","properties":{"id":"A13075405","name":"답십리두산제2","district":"동대문구","neighborhood":"답십리동","avgPrice":14.1,"households":2602,"buildingCount":0,"rank":1435},"geometry":{"type":"Point","coordinates":[127.057232,37.571115]}},{"type":"Feature","properties":{"id":"A13075404","name":"답십리동아제2","district":"동대문구","neighborhood":"답십리동","avgPrice":9.49,"households":2601,"buildingCount":0,"rank":1436},"geometry":{"type":"Point","coordinates":[127.061176,37.585965]}},{"type":"Feature","properties":{"id":"A13075403","name":"답십리청솔우성제2","district":"동대문구","neighborhood":"답십리동","avgPrice":7.25,"households":2600,"buildingCount":4,"rank":1437},"geometry":{"type":"Point","coordinates":[127.017627,37.582571]}},{"type":"Feature","properties":{"id":"A13821007","name":"송파파인타운9단지","district":"송파구","neighborhood":"장지동","avgPrice":16.39,"households":2599,"buildingCount":2,"rank":1438},"geometry":{"type":"Point","coordinates":[127.128609,37.477856]}},{"type":"Feature","properties":{"id":"A13075402","name":"래미안엘파인","district":"동대문구","neighborhood":"답십리동","avgPrice":9.61,"households":2599,"buildingCount":10,"rank":1439},"geometry":{"type":"Point","coordinates":[127.065225,37.575754]}},{"type":"Feature","properties":{"id":"A13821006","name":"송파파인타운8단지","district":"송파구","neighborhood":"장지동","avgPrice":16.286666666666665,"households":2598,"buildingCount":2,"rank":1440},"geometry":{"type":"Point","coordinates":[127.128358,37.479739]}},{"type":"Feature","properties":{"id":"A13821005","name":"송파파인타운10단지","district":"송파구","neighborhood":"장지동","avgPrice":16.246666666666666,"households":2597,"buildingCount":1,"rank":1441},"geometry":{"type":"Point","coordinates":[127.129878,37.47821]}},{"type":"Feature","properties":{"id":"A13821004","name":"송파파인타운7단지","district":"송파구","neighborhood":"장지동","avgPrice":18.04,"households":2596,"buildingCount":0,"rank":1442},"geometry":{"type":"Point","coordinates":[127.13082,37.479215]}},{"type":"Feature","properties":{"id":"A13821003","name":"송파파인타운5단지","district":"송파구","neighborhood":"장지동","avgPrice":18.133333333333333,"households":2595,"buildingCount":3,"rank":1443},"geometry":{"type":"Point","coordinates":[127.129818,37.480299]}},{"type":"Feature","properties":{"id":"A13821002","name":"송파파인타운11단지","district":"송파구","neighborhood":"장지동","avgPrice":17.1,"households":2594,"buildingCount":5,"rank":1444},"geometry":{"type":"Point","coordinates":[127.132943,37.479604]}},{"type":"Feature","properties":{"id":"A13170401","name":"한일써너스빌아파트","district":"중랑구","neighborhood":"상봉동","avgPrice":8.579090909090908,"households":2594,"buildingCount":3,"rank":1445},"geometry":{"type":"Point","coordinates":[127.091268,37.597067]}},{"type":"Feature","properties":{"id":"A14206310","name":"번동주공2단지","district":"강북구","neighborhood":"번동","avgPrice":5.8,"households":2594,"buildingCount":5,"rank":1446},"geometry":{"type":"Point","coordinates":[127.046418,37.626205]}},{"type":"Feature","properties":{"id":"A13821001","name":"송파파인타운4단지","district":"송파구","neighborhood":"장지동","avgPrice":18.674999999999997,"households":2593,"buildingCount":0,"rank":1447},"geometry":{"type":"Point","coordinates":[127.129627,37.481787]}},{"type":"Feature","properties":{"id":"A10027951","name":"공덕자이(임대)","district":"마포구","neighborhood":"아현동","avgPrice":5.25,"households":2588,"buildingCount":4,"rank":1448},"geometry":{"type":"Point","coordinates":[126.958767,37.553782]}},{"type":"Feature","properties":{"id":"A13302001","name":"청계벽산","district":"성동구","neighborhood":"하왕십리동","avgPrice":24.299999999999997,"households":2587,"buildingCount":7,"rank":1449},"geometry":{"type":"Point","coordinates":[127.0318,37.568802]}},{"type":"Feature","properties":{"id":"A12011002","name":"연희대우","district":"서대문구","neighborhood":"연희동","avgPrice":13.7,"households":2584,"buildingCount":4,"rank":1450},"geometry":{"type":"Point","coordinates":[126.929228,37.561663]}},{"type":"Feature","properties":{"id":"A10025175","name":"신동아갯마을아파트","district":"동작구","neighborhood":"동작동","avgPrice":13.399999999999999,"households":2584,"buildingCount":4,"rank":1451},"geometry":{"type":"Point","coordinates":[126.981063,37.49766]}},{"type":"Feature","properties":{"id":"A10025174","name":"힐스테이트강동리버뷰","district":"강동구","neighborhood":"암사동","avgPrice":14.35,"households":2583,"buildingCount":5,"rank":1452},"geometry":{"type":"Point","coordinates":[127.125433,37.548777]}},{"type":"Feature","properties":{"id":"A15884703","name":"신월시영아파트","district":"양천구","neighborhood":"신월동","avgPrice":6.794999999999999,"households":2583,"buildingCount":6,"rank":1453},"geometry":{"type":"Point","coordinates":[126.835785,37.517723]}},{"type":"Feature","properties":{"id":"A10023219","name":"신목동파라곤아파트","district":"양천구","neighborhood":"신월동","avgPrice":9.6125,"households":2581,"buildingCount":0,"rank":1454},"geometry":{"type":"Point","coordinates":[126.843984,37.523184]}},{"type":"Feature","properties":{"id":"A10021770","name":"염창현대2차아파트","district":"강서구","neighborhood":"염창동","avgPrice":7.873333333333334,"households":2581,"buildingCount":1,"rank":1455},"geometry":{"type":"Point","coordinates":[126.872764,37.551114]}},{"type":"Feature","properties":{"id":"A10028007","name":"동구햇살","district":"양천구","neighborhood":"목동","avgPrice":5.7,"households":2581,"buildingCount":0,"rank":1456},"geometry":{"type":"Point","coordinates":[126.865458,37.540904]}},{"type":"Feature","properties":{"id":"A13993503","name":"하계한신","district":"노원구","neighborhood":"하계동","avgPrice":13.75,"households":2580,"buildingCount":4,"rank":1457},"geometry":{"type":"Point","coordinates":[127.069137,37.637535]}},{"type":"Feature","properties":{"id":"A10028006","name":"e편한세상마포리버파크","district":"마포구","neighborhood":"용강동","avgPrice":10.2,"households":2580,"buildingCount":3,"rank":1458},"geometry":{"type":"Point","coordinates":[126.943895,37.541363]}},{"type":"Feature","properties":{"id":"A10024603","name":"종암sh빌아파트","district":"성북구","neighborhood":"종암동","avgPrice":10.15,"households":2579,"buildingCount":1,"rank":1459},"geometry":{"type":"Point","coordinates":[127.034466,37.600182]}},{"type":"Feature","properties":{"id":"A13993502","name":"하계한신동성","district":"노원구","neighborhood":"하계동","avgPrice":9.5,"households":2579,"buildingCount":5,"rank":1460},"geometry":{"type":"Point","coordinates":[127.075081,37.640178]}},{"type":"Feature","properties":{"id":"A13993501","name":"하계삼익선경","district":"노원구","neighborhood":"하계동","avgPrice":8.65,"households":2578,"buildingCount":6,"rank":1461},"geometry":{"type":"Point","coordinates":[127.076812,37.639001]}},{"type":"Feature","properties":{"id":"A15728014","name":"수산오성","district":"강서구","neighborhood":"내발산동","avgPrice":7.75,"households":2575,"buildingCount":3,"rank":1462},"geometry":{"type":"Point","coordinates":[126.835008,37.548451]}},{"type":"Feature","properties":{"id":"A10028001","name":"금호어울림센터힐아파트","district":"성북구","neighborhood":"돈암동","avgPrice":7.55,"households":2575,"buildingCount":5,"rank":1463},"geometry":{"type":"Point","coordinates":[127.022701,37.600523]}},{"type":"Feature","properties":{"id":"A15728013","name":"우장산롯데1차","district":"강서구","neighborhood":"내발산동","avgPrice":8.7,"households":2574,"buildingCount":10,"rank":1464},"geometry":{"type":"Point","coordinates":[126.840991,37.554135]}},{"type":"Feature","properties":{"id":"A10028000","name":"정릉꿈에그린아파트","district":"성북구","neighborhood":"정릉동","avgPrice":8.31,"households":2574,"buildingCount":5,"rank":1465},"geometry":{"type":"Point","coordinates":[127.011277,37.601657]}},{"type":"Feature","properties":{"id":"A15728011","name":"마곡엠밸리15단지","district":"강서구","neighborhood":"마곡동","avgPrice":11.85,"households":2572,"buildingCount":4,"rank":1466},"geometry":{"type":"Point","coordinates":[126.828003,37.556926]}},{"type":"Feature","properties":{"id":"A13606107","name":"돈암삼성","district":"성북구","neighborhood":"돈암동","avgPrice":12.95,"households":2571,"buildingCount":5,"rank":1467},"geometry":{"type":"Point","coordinates":[127.023619,37.599027]}},{"type":"Feature","properties":{"id":"A15728010","name":"우장산롯데2차","district":"강서구","neighborhood":"내발산동","avgPrice":9,"households":2571,"buildingCount":6,"rank":1468},"geometry":{"type":"Point","coordinates":[126.842557,37.55494]}},{"type":"Feature","properties":{"id":"A13606106","name":"돈암삼성임대","district":"성북구","neighborhood":"돈암동","avgPrice":11.8,"households":2570,"buildingCount":3,"rank":1469},"geometry":{"type":"Point","coordinates":[127.031985,37.578214]}},{"type":"Feature","properties":{"id":"A14206307","name":"번동솔그린","district":"강북구","neighborhood":"번동","avgPrice":5.4,"households":2570,"buildingCount":5,"rank":1470},"geometry":{"type":"Point","coordinates":[127.039323,37.626266]}},{"type":"Feature","properties":{"id":"A13606105","name":"돈암풍림임대","district":"성북구","neighborhood":"돈암동","avgPrice":8.8,"households":2569,"buildingCount":0,"rank":1471},"geometry":{"type":"Point","coordinates":[127.002026,37.571895]}},{"type":"Feature","properties":{"id":"A13286002","name":"쌍문현대2차","district":"도봉구","neighborhood":"쌍문동","avgPrice":5.032500000000001,"households":2569,"buildingCount":3,"rank":1472},"geometry":{"type":"Point","coordinates":[127.029928,37.659295]}},{"type":"Feature","properties":{"id":"A14206306","name":"번동신원","district":"강북구","neighborhood":"번동","avgPrice":5.022,"households":2569,"buildingCount":4,"rank":1473},"geometry":{"type":"Point","coordinates":[127.043407,37.625929]}},{"type":"Feature","properties":{"id":"A14206305","name":"번동기산그린","district":"강북구","neighborhood":"번동","avgPrice":4.122,"households":2568,"buildingCount":2,"rank":1474},"geometry":{"type":"Point","coordinates":[127.043428,37.627744]}},{"type":"Feature","properties":{"id":"A13606102","name":"돈암범양","district":"성북구","neighborhood":"돈암동","avgPrice":8.20076923076923,"households":2566,"buildingCount":4,"rank":1475},"geometry":{"type":"Point","coordinates":[127.028102,37.602923]}},{"type":"Feature","properties":{"id":"A14206303","name":"번동한솔솔파크","district":"강북구","neighborhood":"번동","avgPrice":6.5760000000000005,"households":2566,"buildingCount":3,"rank":1476},"geometry":{"type":"Point","coordinates":[127.038755,37.627254]}},{"type":"Feature","properties":{"id":"A13606101","name":"돈암풍림","district":"성북구","neighborhood":"돈암동","avgPrice":15.55,"households":2565,"buildingCount":4,"rank":1477},"geometry":{"type":"Point","coordinates":[127.022462,37.596776]}},{"type":"Feature","properties":{"id":"A14206302","name":"번동한진","district":"강북구","neighborhood":"번동","avgPrice":4.949999999999999,"households":2565,"buildingCount":5,"rank":1478},"geometry":{"type":"Point","coordinates":[127.045103,37.624763]}},{"type":"Feature","properties":{"id":"A10027948","name":"강동역신동아파밀리에","district":"강동구","neighborhood":"천호동","avgPrice":14.075,"households":2564,"buildingCount":2,"rank":1479},"geometry":{"type":"Point","coordinates":[127.133422,37.536674]}},{"type":"Feature","properties":{"id":"A14206301","name":"번동동문아파트","district":"강북구","neighborhood":"번동","avgPrice":5.3999999999999995,"households":2564,"buildingCount":2,"rank":1480},"geometry":{"type":"Point","coordinates":[127.038183,37.623962]}},{"type":"Feature","properties":{"id":"A11087602","name":"종로센트레빌","district":"종로구","neighborhood":"숭인동","avgPrice":11.12375,"households":2558,"buildingCount":5,"rank":1481},"geometry":{"type":"Point","coordinates":[127.01617,37.580856]}},{"type":"Feature","properties":{"id":"A11087601","name":"롯데캐슬천지인","district":"종로구","neighborhood":"숭인동","avgPrice":12.36,"households":2557,"buildingCount":3,"rank":1482},"geometry":{"type":"Point","coordinates":[127.016152,37.57386]}},{"type":"Feature","properties":{"id":"A10021765","name":"반포센트레빌아스테리움","district":"서초구","neighborhood":"반포동","avgPrice":17.95,"households":2555,"buildingCount":7,"rank":1483},"geometry":{"type":"Point","coordinates":[127.016359,37.503446]}},{"type":"Feature","properties":{"id":"A10025166","name":"북한산 두산 위브","district":"서대문구","neighborhood":"홍은동","avgPrice":8.65,"households":2554,"buildingCount":3,"rank":1484},"geometry":{"type":"Point","coordinates":[126.945603,37.598173]}},{"type":"Feature","properties":{"id":"A10020376","name":"포제스한강","district":"광진구","neighborhood":"광장동","avgPrice":11.4,"households":2552,"buildingCount":0,"rank":1485},"geometry":{"type":"Point","coordinates":[127.108168,37.52544]}},{"type":"Feature","properties":{"id":"A15788302","name":"화곡대림아파트","district":"강서구","neighborhood":"화곡동","avgPrice":12.549999999999999,"households":2551,"buildingCount":5,"rank":1486},"geometry":{"type":"Point","coordinates":[126.837484,37.53368]}},{"type":"Feature","properties":{"id":"A10021760","name":"한일써너스빌리젠시2단지","district":"중랑구","neighborhood":"망우동","avgPrice":9.125,"households":2550,"buildingCount":2,"rank":1487},"geometry":{"type":"Point","coordinates":[127.094401,37.59768]}},{"type":"Feature","properties":{"id":"A15728009","name":"우장산힐스테이트","district":"강서구","neighborhood":"내발산동","avgPrice":15.047894736842107,"households":2549,"buildingCount":7,"rank":1488},"geometry":{"type":"Point","coordinates":[126.838435,37.556009]}},{"type":"Feature","properties":{"id":"A15728008","name":"마곡수명산파크1단지","district":"강서구","neighborhood":"내발산동","avgPrice":12.796000000000001,"households":2548,"buildingCount":10,"rank":1489},"geometry":{"type":"Point","coordinates":[126.830308,37.554218]}},{"type":"Feature","properties":{"id":"A15728007","name":"마곡수명산파크5단지","district":"강서구","neighborhood":"내발산동","avgPrice":10.959999999999999,"households":2547,"buildingCount":10,"rank":1490},"geometry":{"type":"Point","coordinates":[126.826998,37.551683]}},{"type":"Feature","properties":{"id":"A15728006","name":"마곡수명산파크4단지","district":"강서구","neighborhood":"내발산동","avgPrice":11.198571428571428,"households":2546,"buildingCount":4,"rank":1491},"geometry":{"type":"Point","coordinates":[126.824063,37.550815]}},{"type":"Feature","properties":{"id":"A15609502","name":"사당자이","district":"동작구","neighborhood":"사당동","avgPrice":12.242307692307692,"households":2545,"buildingCount":9,"rank":1492},"geometry":{"type":"Point","coordinates":[126.962547,37.488643]}},{"type":"Feature","properties":{"id":"A15728005","name":"마곡수명산파크7단지","district":"강서구","neighborhood":"내발산동","avgPrice":9.99625,"households":2545,"buildingCount":3,"rank":1493},"geometry":{"type":"Point","coordinates":[126.822585,37.548522]}},{"type":"Feature","properties":{"id":"A13685104","name":"정릉중앙하이츠빌1단지","district":"성북구","neighborhood":"정릉동","avgPrice":6.66,"households":2545,"buildingCount":7,"rank":1494},"geometry":{"type":"Point","coordinates":[127.008737,37.602971]}},{"type":"Feature","properties":{"id":"A15728004","name":"마곡수명산파크2단지","district":"강서구","neighborhood":"내발산동","avgPrice":12.585454545454546,"households":2544,"buildingCount":4,"rank":1495},"geometry":{"type":"Point","coordinates":[126.827077,37.554487]}},{"type":"Feature","properties":{"id":"A15609501","name":"사당제일","district":"동작구","neighborhood":"사당동","avgPrice":11.22,"households":2544,"buildingCount":1,"rank":1496},"geometry":{"type":"Point","coordinates":[126.982162,37.477726]}},{"type":"Feature","properties":{"id":"A13681701","name":"석관중앙하이츠","district":"성북구","neighborhood":"석관동","avgPrice":6.373333333333334,"households":2544,"buildingCount":4,"rank":1497},"geometry":{"type":"Point","coordinates":[127.066467,37.611588]}},{"type":"Feature","properties":{"id":"A13378103","name":"서울숲2차푸르지오임대","district":"성동구","neighborhood":"금호동4가","avgPrice":20.75,"households":2543,"buildingCount":0,"rank":1498},"geometry":{"type":"Point","coordinates":[127.039932,37.57043]}},{"type":"Feature","properties":{"id":"A15728003","name":"마곡수명산파크3단지","district":"강서구","neighborhood":"내발산동","avgPrice":11.313333333333334,"households":2543,"buildingCount":8,"rank":1499},"geometry":{"type":"Point","coordinates":[126.825048,37.552899]}},{"type":"Feature","properties":{"id":"A13378102","name":"서울숲2차푸르지오","district":"성동구","neighborhood":"금호동4가","avgPrice":24.95,"households":2542,"buildingCount":8,"rank":1500},"geometry":{"type":"Point","coordinates":[127.023907,37.546435]}},{"type":"Feature","properties":{"id":"A15728002","name":"마곡수명산파크6단지","district":"강서구","neighborhood":"내발산동","avgPrice":11.005,"households":2542,"buildingCount":7,"rank":1501},"geometry":{"type":"Point","coordinates":[126.825821,37.550522]}},{"type":"Feature","properties":{"id":"A13378101","name":"금호대우임대","district":"성동구","neighborhood":"금호동4가","avgPrice":19.06,"households":2541,"buildingCount":0,"rank":1502},"geometry":{"type":"Point","coordinates":[127.009946,37.57124]}},{"type":"Feature","properties":{"id":"A15209007","name":"개봉 푸르지오","district":"구로구","neighborhood":"개봉동","avgPrice":8.3,"households":2541,"buildingCount":3,"rank":1503},"geometry":{"type":"Point","coordinates":[126.847704,37.501321]}},{"type":"Feature","properties":{"id":"A15209006","name":"개봉고운아파트","district":"구로구","neighborhood":"개봉동","avgPrice":4.9,"households":2540,"buildingCount":5,"rank":1504},"geometry":{"type":"Point","coordinates":[126.888715,37.483455]}},{"type":"Feature","properties":{"id":"A15209005","name":"개봉거성","district":"구로구","neighborhood":"개봉동","avgPrice":6.25,"households":2539,"buildingCount":6,"rank":1505},"geometry":{"type":"Point","coordinates":[126.851028,37.489672]}},{"type":"Feature","properties":{"id":"A15209004","name":"개봉동아이파크","district":"구로구","neighborhood":"개봉동","avgPrice":10,"households":2538,"buildingCount":13,"rank":1506},"geometry":{"type":"Point","coordinates":[126.859835,37.490272]}},{"type":"Feature","properties":{"id":"A15209003","name":"청실아파트","district":"구로구","neighborhood":"개봉동","avgPrice":5.146,"households":2537,"buildingCount":1,"rank":1507},"geometry":{"type":"Point","coordinates":[126.859797,37.495427]}},{"type":"Feature","properties":{"id":"A15209002","name":"개봉한마을","district":"구로구","neighborhood":"개봉동","avgPrice":8.729999999999999,"households":2536,"buildingCount":11,"rank":1508},"geometry":{"type":"Point","coordinates":[126.862425,37.495333]}},{"type":"Feature","properties":{"id":"A13281201","name":"도봉서울가든","district":"도봉구","neighborhood":"도봉동","avgPrice":4.25,"households":2535,"buildingCount":0,"rank":1509},"geometry":{"type":"Point","coordinates":[127.022566,37.683515]}},{"type":"Feature","properties":{"id":"A12182101","name":"망원1차대림","district":"마포구","neighborhood":"망원동","avgPrice":15.05,"households":2533,"buildingCount":1,"rank":1510},"geometry":{"type":"Point","coordinates":[126.905092,37.553328]}},{"type":"Feature","properties":{"id":"A14320003","name":"구의현대13차폴라트리움","district":"광진구","neighborhood":"구의동","avgPrice":7.8999999999999995,"households":2530,"buildingCount":1,"rank":1511},"geometry":{"type":"Point","coordinates":[127.055277,37.522252]}},{"type":"Feature","properties":{"id":"A10027935","name":"대림쌍용플래티넘S","district":"영등포구","neighborhood":"대림동","avgPrice":0.975,"households":2530,"buildingCount":2,"rank":1512},"geometry":{"type":"Point","coordinates":[126.906052,37.528134]}},{"type":"Feature","properties":{"id":"A14320002","name":"구의대림아크로리버","district":"광진구","neighborhood":"구의동","avgPrice":21.75,"households":2529,"buildingCount":6,"rank":1513},"geometry":{"type":"Point","coordinates":[127.092653,37.53566]}},{"type":"Feature","properties":{"id":"A14320001","name":"구의현대7단지","district":"광진구","neighborhood":"구의동","avgPrice":12.433333333333332,"households":2528,"buildingCount":1,"rank":1514},"geometry":{"type":"Point","coordinates":[127.091434,37.53664]}},{"type":"Feature","properties":{"id":"A10025159","name":"한양수자인사가정파크아파트","district":"중랑구","neighborhood":"면목동","avgPrice":9.275,"households":2526,"buildingCount":8,"rank":1515},"geometry":{"type":"Point","coordinates":[127.0936,37.579659]}},{"type":"Feature","properties":{"id":"A10025157","name":"신도브래뉴신월2차아파트","district":"양천구","neighborhood":"신월동","avgPrice":11.1,"households":2524,"buildingCount":4,"rank":1516},"geometry":{"type":"Point","coordinates":[126.827495,37.542136]}},{"type":"Feature","properties":{"id":"A10021752","name":"면목신우아파트","district":"중랑구","neighborhood":"면목동","avgPrice":5,"households":2521,"buildingCount":1,"rank":1517},"geometry":{"type":"Point","coordinates":[127.079312,37.58051]}},{"type":"Feature","properties":{"id":"A10020365","name":"라봄성동청년안심주택","district":"성동구","neighborhood":"마장동","avgPrice":3.1194736842105266,"households":2520,"buildingCount":5,"rank":1518},"geometry":{"type":"Point","coordinates":[127.055002,37.571435]}},{"type":"Feature","properties":{"id":"A10020363","name":"청담르엘","district":"강남구","neighborhood":"청담동","avgPrice":13.8,"households":2518,"buildingCount":0,"rank":1519},"geometry":{"type":"Point","coordinates":[127.041221,37.526066]}},{"type":"Feature","properties":{"id":"A13984411","name":"월계사슴3단지","district":"노원구","neighborhood":"월계동","avgPrice":3.7347826086956526,"households":2518,"buildingCount":5,"rank":1520},"geometry":{"type":"Point","coordinates":[127.059621,37.631673]}},{"type":"Feature","properties":{"id":"A10020361","name":"방배한진로즈힐아파트","district":"서초구","neighborhood":"방배동","avgPrice":20.799999999999997,"households":2516,"buildingCount":1,"rank":1521},"geometry":{"type":"Point","coordinates":[126.983484,37.486866]}},{"type":"Feature","properties":{"id":"A15284603","name":"구로럭키","district":"구로구","neighborhood":"구로동","avgPrice":6.373,"households":2516,"buildingCount":2,"rank":1522},"geometry":{"type":"Point","coordinates":[126.89408,37.492586]}},{"type":"Feature","properties":{"id":"A15288004","name":"구로현대","district":"구로구","neighborhood":"구로동","avgPrice":6.597222222222222,"households":2515,"buildingCount":3,"rank":1523},"geometry":{"type":"Point","coordinates":[126.896242,37.488283]}},{"type":"Feature","properties":{"id":"A14377402","name":"이튼타워리버5차","district":"광진구","neighborhood":"자양동","avgPrice":5.65,"households":2515,"buildingCount":2,"rank":1524},"geometry":{"type":"Point","coordinates":[127.06874,37.532412]}},{"type":"Feature","properties":{"id":"A15288002","name":"구로이화우성","district":"구로구","neighborhood":"구로동","avgPrice":7.13125,"households":2513,"buildingCount":0,"rank":1525},"geometry":{"type":"Point","coordinates":[126.91196,37.489965]}},{"type":"Feature","properties":{"id":"A12290901","name":"백련산힐스테이트3차","district":"은평구","neighborhood":"응암동","avgPrice":8.657857142857143,"households":2511,"buildingCount":3,"rank":1526},"geometry":{"type":"Point","coordinates":[126.923374,37.587748]}},{"type":"Feature","properties":{"id":"A13373302","name":"왕십리텐즈힐2구역214동","district":"성동구","neighborhood":"상왕십리동","avgPrice":16.4,"households":2509,"buildingCount":0,"rank":1527},"geometry":{"type":"Point","coordinates":[127.053156,37.582715]}},{"type":"Feature","properties":{"id":"A14280502","name":"미아동부센트레빌","district":"강북구","neighborhood":"미아동","avgPrice":9.725555555555555,"households":2509,"buildingCount":9,"rank":1528},"geometry":{"type":"Point","coordinates":[127.025795,37.613596]}},{"type":"Feature","properties":{"id":"A13373301","name":"텐즈힐2구역","district":"성동구","neighborhood":"상왕십리동","avgPrice":19.6,"households":2508,"buildingCount":13,"rank":1529},"geometry":{"type":"Point","coordinates":[127.024813,37.56936]}},{"type":"Feature","properties":{"id":"A13006003","name":"제기이수브라운스톤","district":"동대문구","neighborhood":"제기동","avgPrice":9.032222222222224,"households":2500,"buildingCount":2,"rank":1530},"geometry":{"type":"Point","coordinates":[127.033992,37.582165]}},{"type":"Feature","properties":{"id":"A13006002","name":"제기현대","district":"동대문구","neighborhood":"제기동","avgPrice":8.6375,"households":2499,"buildingCount":4,"rank":1531},"geometry":{"type":"Point","coordinates":[127.035662,37.580363]}},{"type":"Feature","properties":{"id":"A10021748","name":"장수마을동원데쟈뷰아파트","district":"양천구","neighborhood":"신월동","avgPrice":6.45,"households":2496,"buildingCount":2,"rank":1532},"geometry":{"type":"Point","coordinates":[126.84651,37.522986]}},{"type":"Feature","properties":{"id":"A13984409","name":"월계사슴2단지","district":"노원구","neighborhood":"월계동","avgPrice":13.45,"households":2495,"buildingCount":5,"rank":1533},"geometry":{"type":"Point","coordinates":[127.061064,37.63258]}},{"type":"Feature","properties":{"id":"A10027920","name":"텐즈힐1단지","district":"성동구","neighborhood":"하왕십리동","avgPrice":17.1,"households":2494,"buildingCount":6,"rank":1534},"geometry":{"type":"Point","coordinates":[127.028057,37.568721]}},{"type":"Feature","properties":{"id":"A10020359","name":"남구로역 동일센타시아","district":"구로구","neighborhood":"가리봉동","avgPrice":11.899999999999999,"households":2493,"buildingCount":1,"rank":1535},"geometry":{"type":"Point","coordinates":[126.896922,37.481248]}},{"type":"Feature","properties":{"id":"A10020358","name":"래미안 원페를라","district":"서초구","neighborhood":"방배동","avgPrice":19.3,"households":2492,"buildingCount":0,"rank":1536},"geometry":{"type":"Point","coordinates":[126.989132,37.485479]}},{"type":"Feature","properties":{"id":"A10021742","name":"프라비다트라움","district":"관악구","neighborhood":"신림동","avgPrice":6.9,"households":2490,"buildingCount":0,"rank":1537},"geometry":{"type":"Point","coordinates":[126.928005,37.484876]}},{"type":"Feature","properties":{"id":"A13677401","name":"이편한세상보문","district":"성북구","neighborhood":"보문동3가","avgPrice":10.88,"households":2486,"buildingCount":6,"rank":1538},"geometry":{"type":"Point","coordinates":[127.015526,37.582484]}},{"type":"Feature","properties":{"id":"A13920707","name":"상계주공6단지","district":"노원구","neighborhood":"상계동","avgPrice":8.1,"households":2486,"buildingCount":6,"rank":1539},"geometry":{"type":"Point","coordinates":[127.066587,37.654069]}},{"type":"Feature","properties":{"id":"A10025140","name":"동소문현대아파트","district":"성북구","neighborhood":"돈암동","avgPrice":5.9325,"households":2486,"buildingCount":2,"rank":1540},"geometry":{"type":"Point","coordinates":[127.01286,37.598074]}},{"type":"Feature","properties":{"id":"A13920706","name":"상계주공4단지","district":"노원구","neighborhood":"상계동","avgPrice":8.45,"households":2485,"buildingCount":8,"rank":1541},"geometry":{"type":"Point","coordinates":[127.062255,37.650073]}},{"type":"Feature","properties":{"id":"A14277601","name":"래미안미아1차","district":"강북구","neighborhood":"미아동","avgPrice":6.5,"households":2485,"buildingCount":2,"rank":1542},"geometry":{"type":"Point","coordinates":[127.018872,37.626046]}},{"type":"Feature","properties":{"id":"A13920703","name":"상계주공5단지","district":"노원구","neighborhood":"상계동","avgPrice":10.5,"households":2482,"buildingCount":13,"rank":1543},"geometry":{"type":"Point","coordinates":[127.0648,37.653067]}},{"type":"Feature","properties":{"id":"A15009402","name":"문래삼환","district":"영등포구","neighborhood":"문래동4가","avgPrice":6.25,"households":2478,"buildingCount":4,"rank":1544},"geometry":{"type":"Point","coordinates":[126.889521,37.513768]}},{"type":"Feature","properties":{"id":"A15009401","name":"리버뷰신안인스빌","district":"영등포구","neighborhood":"문래동4가","avgPrice":11.399999999999999,"households":2477,"buildingCount":2,"rank":1545},"geometry":{"type":"Point","coordinates":[126.88861,37.514131]}},{"type":"Feature","properties":{"id":"A10023695","name":"힐데스하임천호아파트","district":"강동구","neighborhood":"천호동","avgPrice":14.8,"households":2469,"buildingCount":3,"rank":1546},"geometry":{"type":"Point","coordinates":[127.12608,37.541666]}},{"type":"Feature","properties":{"id":"A10023694","name":"엠쉐르빌","district":"서초구","neighborhood":"서초동","avgPrice":19.049999999999997,"households":2468,"buildingCount":3,"rank":1547},"geometry":{"type":"Point","coordinates":[127.025024,37.49879]}},{"type":"Feature","properties":{"id":"A10027912","name":"강남한신휴플러스 6단지","district":"강남구","neighborhood":"율현동","avgPrice":24.5,"households":2465,"buildingCount":10,"rank":1548},"geometry":{"type":"Point","coordinates":[127.10548,37.467574]}},{"type":"Feature","properties":{"id":"A10026526","name":"대치풍림아이원3.4차아파트","district":"강남구","neighborhood":"대치동","avgPrice":16.65,"households":2465,"buildingCount":4,"rank":1549},"geometry":{"type":"Point","coordinates":[127.061283,37.496823]}},{"type":"Feature","properties":{"id":"A10027090","name":"마포센트럴아이파크","district":"마포구","neighborhood":"아현동","avgPrice":12.100000000000001,"households":2462,"buildingCount":2,"rank":1550},"geometry":{"type":"Point","coordinates":[126.958548,37.555555]}},{"type":"Feature","properties":{"id":"A10025137","name":"신내글로리움아파트","district":"중랑구","neighborhood":"신내동","avgPrice":9.8,"households":2462,"buildingCount":1,"rank":1551},"geometry":{"type":"Point","coordinates":[127.093177,37.616961]}},{"type":"Feature","properties":{"id":"A13385705","name":"한신무학","district":"성동구","neighborhood":"하왕십리동","avgPrice":14.169999999999998,"households":2459,"buildingCount":5,"rank":1552},"geometry":{"type":"Point","coordinates":[127.028369,37.562308]}},{"type":"Feature","properties":{"id":"A10020346","name":"한화포레나미아아파트","district":"강북구","neighborhood":"미아동","avgPrice":7.8,"households":2459,"buildingCount":0,"rank":1553},"geometry":{"type":"Point","coordinates":[127.009228,37.64617]}},{"type":"Feature","properties":{"id":"A10020345","name":"서울숲 아이파크 리버포레2차","district":"성동구","neighborhood":"성수동1가","avgPrice":16.9,"households":2458,"buildingCount":0,"rank":1554},"geometry":{"type":"Point","coordinates":[127.043309,37.549258]}},{"type":"Feature","properties":{"id":"A10025133","name":"노원 센트럴푸르지오","district":"노원구","neighborhood":"상계동","avgPrice":12.8,"households":2458,"buildingCount":5,"rank":1555},"geometry":{"type":"Point","coordinates":[127.074705,37.66427]}},{"type":"Feature","properties":{"id":"A10020344","name":"이문아이파크자이","district":"동대문구","neighborhood":"이문동","avgPrice":15,"households":2457,"buildingCount":0,"rank":1556},"geometry":{"type":"Point","coordinates":[127.062742,37.55946]}},{"type":"Feature","properties":{"id":"A10020343","name":"힐스테이트청량리메트로블","district":"동대문구","neighborhood":"용두동","avgPrice":11.65,"households":2456,"buildingCount":1,"rank":1557},"geometry":{"type":"Point","coordinates":[127.03868,37.577324]}},{"type":"Feature","properties":{"id":"A13983004","name":"상계주공2단지","district":"노원구","neighborhood":"상계동","avgPrice":13.25,"households":2455,"buildingCount":8,"rank":1558},"geometry":{"type":"Point","coordinates":[127.06004,37.651146]}},{"type":"Feature","properties":{"id":"A10025130","name":"DMC에코자이","district":"서대문구","neighborhood":"남가좌동","avgPrice":13.23,"households":2455,"buildingCount":10,"rank":1559},"geometry":{"type":"Point","coordinates":[126.919182,37.577139]}},{"type":"Feature","properties":{"id":"A13078701","name":"장안위더스빌","district":"동대문구","neighborhood":"장안동","avgPrice":8.796666666666667,"households":2454,"buildingCount":5,"rank":1560},"geometry":{"type":"Point","coordinates":[127.062425,37.566221]}},{"type":"Feature","properties":{"id":"A13804206","name":"풍납한강극동","district":"송파구","neighborhood":"풍납동","avgPrice":15.08,"households":2451,"buildingCount":4,"rank":1561},"geometry":{"type":"Point","coordinates":[127.113801,37.529783]}},{"type":"Feature","properties":{"id":"A13671213","name":"종암2차SK뷰","district":"성북구","neighborhood":"종암동","avgPrice":5.85,"households":2451,"buildingCount":5,"rank":1562},"geometry":{"type":"Point","coordinates":[127.034799,37.601836]}},{"type":"Feature","properties":{"id":"A13703027","name":"잠원동아","district":"서초구","neighborhood":"잠원동","avgPrice":34.55714285714286,"households":2450,"buildingCount":9,"rank":1563},"geometry":{"type":"Point","coordinates":[127.009458,37.508851]}},{"type":"Feature","properties":{"id":"A14080901","name":"용산푸르지오파크타운","district":"용산구","neighborhood":"동빙고동","avgPrice":17.299999999999997,"households":2450,"buildingCount":6,"rank":1564},"geometry":{"type":"Point","coordinates":[126.995285,37.525495]}},{"type":"Feature","properties":{"id":"A13484102","name":"성내코오롱","district":"강동구","neighborhood":"성내동","avgPrice":14.95,"households":2450,"buildingCount":1,"rank":1565},"geometry":{"type":"Point","coordinates":[127.1238,37.538001]}},{"type":"Feature","properties":{"id":"A13671212","name":"래미안종암2차","district":"성북구","neighborhood":"종암동","avgPrice":10.05,"households":2450,"buildingCount":4,"rank":1566},"geometry":{"type":"Point","coordinates":[127.032278,37.599127]}},{"type":"Feature","properties":{"id":"A13671211","name":"래미안종암3차","district":"성북구","neighborhood":"종암동","avgPrice":13.15,"households":2449,"buildingCount":5,"rank":1567},"geometry":{"type":"Point","coordinates":[127.038483,37.601038]}},{"type":"Feature","properties":{"id":"A13671210","name":"종암SK제2","district":"성북구","neighborhood":"종암동","avgPrice":13.05,"households":2448,"buildingCount":0,"rank":1568},"geometry":{"type":"Point","coordinates":[127.02424,37.57797]}},{"type":"Feature","properties":{"id":"A13771001","name":"방배롯데캐슬아르떼","district":"서초구","neighborhood":"방배동","avgPrice":33.6,"households":2447,"buildingCount":9,"rank":1569},"geometry":{"type":"Point","coordinates":[126.984629,37.483621]}},{"type":"Feature","properties":{"id":"A13272102","name":"방학동부센트레빌","district":"도봉구","neighborhood":"방학동","avgPrice":7.45,"households":2445,"buildingCount":5,"rank":1570},"geometry":{"type":"Point","coordinates":[127.039221,37.663649]}},{"type":"Feature","properties":{"id":"A13272101","name":"방학명품ESA2단지","district":"도봉구","neighborhood":"방학동","avgPrice":7.8999999999999995,"households":2444,"buildingCount":1,"rank":1571},"geometry":{"type":"Point","coordinates":[127.044912,37.666429]}},{"type":"Feature","properties":{"id":"A13080201","name":"답십리대우","district":"동대문구","neighborhood":"답십리동","avgPrice":10.33909090909091,"households":2442,"buildingCount":4,"rank":1572},"geometry":{"type":"Point","coordinates":[127.053967,37.572868]}},{"type":"Feature","properties":{"id":"A10023688","name":"서초금호어울림아파트","district":"서초구","neighborhood":"서초동","avgPrice":16.75,"households":2441,"buildingCount":3,"rank":1573},"geometry":{"type":"Point","coordinates":[127.006399,37.47902]}},{"type":"Feature","properties":{"id":"A10027909","name":"강남한신휴플러스 8단지","district":"강남구","neighborhood":"율현동","avgPrice":15.149999999999999,"households":2441,"buildingCount":7,"rank":1574},"geometry":{"type":"Point","coordinates":[127.110618,37.469578]}},{"type":"Feature","properties":{"id":"A10027908","name":"래미안첼리투스","district":"용산구","neighborhood":"이촌동","avgPrice":44.5,"households":2440,"buildingCount":2,"rank":1575},"geometry":{"type":"Point","coordinates":[126.979978,37.517347]}},{"type":"Feature","properties":{"id":"A14024002","name":"서빙고신동아","district":"용산구","neighborhood":"서빙고동","avgPrice":42.19,"households":2440,"buildingCount":2,"rank":1576},"geometry":{"type":"Point","coordinates":[126.986188,37.517381]}},{"type":"Feature","properties":{"id":"A10027089","name":"현대썬앤빌청계","district":"동대문구","neighborhood":"답십리동","avgPrice":1.3675000000000002,"households":2440,"buildingCount":5,"rank":1577},"geometry":{"type":"Point","coordinates":[127.055029,37.566125]}},{"type":"Feature","properties":{"id":"A14024001","name":"서빙고금호베스트빌","district":"용산구","neighborhood":"서빙고동","avgPrice":19.799999999999997,"households":2439,"buildingCount":3,"rank":1578},"geometry":{"type":"Point","coordinates":[126.991773,37.523006]}},{"type":"Feature","properties":{"id":"A10027906","name":"공덕자이 아파트","district":"마포구","neighborhood":"아현동","avgPrice":24.164285714285715,"households":2438,"buildingCount":2,"rank":1579},"geometry":{"type":"Point","coordinates":[126.958298,37.554231]}},{"type":"Feature","properties":{"id":"A10026517","name":"서울역한라비발디센트럴아파트","district":"중구","neighborhood":"만리동2가","avgPrice":16.3,"households":2435,"buildingCount":7,"rank":1580},"geometry":{"type":"Point","coordinates":[126.965825,37.554904]}},{"type":"Feature","properties":{"id":"A13788208","name":"서초래미안","district":"서초구","neighborhood":"서초동","avgPrice":32.92,"households":2434,"buildingCount":9,"rank":1581},"geometry":{"type":"Point","coordinates":[127.018801,37.498499]}},{"type":"Feature","properties":{"id":"A10027902","name":"마포한강푸르지오","district":"마포구","neighborhood":"합정동","avgPrice":21.900000000000002,"households":2434,"buildingCount":1,"rank":1582},"geometry":{"type":"Point","coordinates":[126.912492,37.550053]}},{"type":"Feature","properties":{"id":"A10023681","name":"신안타워아파트","district":"구로구","neighborhood":"구로동","avgPrice":13.75,"households":2434,"buildingCount":4,"rank":1583},"geometry":{"type":"Point","coordinates":[126.8895,37.495547]}},{"type":"Feature","properties":{"id":"A10027901","name":"용산 KCC 웰츠타워","district":"용산구","neighborhood":"문배동","avgPrice":13.65,"households":2433,"buildingCount":5,"rank":1584},"geometry":{"type":"Point","coordinates":[126.969214,37.537854]}},{"type":"Feature","properties":{"id":"A13788206","name":"서초아크로비스타","district":"서초구","neighborhood":"서초동","avgPrice":37,"households":2432,"buildingCount":4,"rank":1585},"geometry":{"type":"Point","coordinates":[127.013617,37.498903]}},{"type":"Feature","properties":{"id":"A10025127","name":"길성그랑프리텔아파트","district":"양천구","neighborhood":"목동","avgPrice":8.45,"households":2431,"buildingCount":4,"rank":1586},"geometry":{"type":"Point","coordinates":[126.86671,37.528856]}},{"type":"Feature","properties":{"id":"A11077101","name":"창신쌍용아파트2단지","district":"종로구","neighborhood":"창신동","avgPrice":6.1,"households":2431,"buildingCount":7,"rank":1587},"geometry":{"type":"Point","coordinates":[127.011782,37.580353]}},{"type":"Feature","properties":{"id":"A10021724","name":"프라비다 M","district":"관악구","neighborhood":"봉천동","avgPrice":12.8,"households":2430,"buildingCount":10,"rank":1588},"geometry":{"type":"Point","coordinates":[126.951228,37.481123]}},{"type":"Feature","properties":{"id":"A15807606","name":"목동14단지","district":"양천구","neighborhood":"신정동","avgPrice":6.800000000000001,"households":2430,"buildingCount":2,"rank":1589},"geometry":{"type":"Point","coordinates":[126.870161,37.515068]}},{"type":"Feature","properties":{"id":"A13788203","name":"유원서초아파트","district":"서초구","neighborhood":"서초동","avgPrice":25.65,"households":2429,"buildingCount":4,"rank":1590},"geometry":{"type":"Point","coordinates":[127.018427,37.496503]}},{"type":"Feature","properties":{"id":"A15807605","name":"목동13단지","district":"양천구","neighborhood":"신정동","avgPrice":9.25,"households":2429,"buildingCount":2,"rank":1591},"geometry":{"type":"Point","coordinates":[126.868502,37.514402]}},{"type":"Feature","properties":{"id":"A15807604","name":"목동8단지","district":"양천구","neighborhood":"신정동","avgPrice":8.75,"households":2428,"buildingCount":3,"rank":1592},"geometry":{"type":"Point","coordinates":[126.867556,37.520225]}},{"type":"Feature","properties":{"id":"A10020336","name":"더샵강동센트럴시티","district":"강동구","neighborhood":"천호동","avgPrice":7.1,"households":2428,"buildingCount":0,"rank":1593},"geometry":{"type":"Point","coordinates":[127.122118,37.53397]}},{"type":"Feature","properties":{"id":"A15807603","name":"삼성쉐르빌1 아파트","district":"양천구","neighborhood":"신정동","avgPrice":24.366666666666664,"households":2427,"buildingCount":0,"rank":1594},"geometry":{"type":"Point","coordinates":[126.85132,37.5043]}},{"type":"Feature","properties":{"id":"A13788201","name":"서초현대4차","district":"서초구","neighborhood":"서초동","avgPrice":18.8,"households":2427,"buildingCount":4,"rank":1595},"geometry":{"type":"Point","coordinates":[127.018629,37.500178]}},{"type":"Feature","properties":{"id":"A13671209","name":"래미안라센트","district":"성북구","neighborhood":"종암동","avgPrice":12.1175,"households":2426,"buildingCount":6,"rank":1596},"geometry":{"type":"Point","coordinates":[127.038965,37.599571]}},{"type":"Feature","properties":{"id":"A10025122","name":"지밸리소홈","district":"영등포구","neighborhood":"대림동","avgPrice":11.95,"households":2426,"buildingCount":1,"rank":1597},"geometry":{"type":"Point","coordinates":[126.880574,37.53781]}},{"type":"Feature","properties":{"id":"A15807601","name":"목동삼성쉐르빌2차","district":"양천구","neighborhood":"신정동","avgPrice":15.857142857142858,"households":2425,"buildingCount":2,"rank":1598},"geometry":{"type":"Point","coordinates":[126.870438,37.522052]}},{"type":"Feature","properties":{"id":"A13671208","name":"래미안세레니티","district":"성북구","neighborhood":"종암동","avgPrice":10.832812500000001,"households":2425,"buildingCount":5,"rank":1599},"geometry":{"type":"Point","coordinates":[127.031129,37.59952]}},{"type":"Feature","properties":{"id":"A13671207","name":"종암극동아파트","district":"성북구","neighborhood":"종암동","avgPrice":7.208,"households":2424,"buildingCount":1,"rank":1600},"geometry":{"type":"Point","coordinates":[127.03367,37.595473]}},{"type":"Feature","properties":{"id":"A10025120","name":"수명산 동원데쟈뷰아파트","district":"양천구","neighborhood":"신월동","avgPrice":3.4,"households":2424,"buildingCount":8,"rank":1601},"geometry":{"type":"Point","coordinates":[126.827637,37.543429]}},{"type":"Feature","properties":{"id":"A15083603","name":"문래힐스테이트","district":"영등포구","neighborhood":"문래동3가","avgPrice":18.755000000000003,"households":2423,"buildingCount":3,"rank":1602},"geometry":{"type":"Point","coordinates":[126.889455,37.518181]}},{"type":"Feature","properties":{"id":"A13384304","name":"성수동아그린","district":"성동구","neighborhood":"성수동1가","avgPrice":16.135714285714283,"households":2423,"buildingCount":2,"rank":1603},"geometry":{"type":"Point","coordinates":[127.04844,37.55093]}},{"type":"Feature","properties":{"id":"A13671206","name":"종암아이파크1차","district":"성북구","neighborhood":"종암동","avgPrice":6.9,"households":2423,"buildingCount":12,"rank":1604},"geometry":{"type":"Point","coordinates":[127.030104,37.602073]}},{"type":"Feature","properties":{"id":"A13384303","name":"뚝섬중앙하이츠빌","district":"성동구","neighborhood":"성수동1가","avgPrice":20.85,"households":2422,"buildingCount":3,"rank":1605},"geometry":{"type":"Point","coordinates":[127.047756,37.547832]}},{"type":"Feature","properties":{"id":"A13380901","name":"브라운스톤금호아파트","district":"성동구","neighborhood":"금호동4가","avgPrice":18.65,"households":2422,"buildingCount":5,"rank":1606},"geometry":{"type":"Point","coordinates":[127.015423,37.546575]}},{"type":"Feature","properties":{"id":"A13671205","name":"종암SK","district":"성북구","neighborhood":"종암동","avgPrice":14,"households":2422,"buildingCount":0,"rank":1607},"geometry":{"type":"Point","coordinates":[127.036012,37.595777]}},{"type":"Feature","properties":{"id":"A15083602","name":"문래공원한신","district":"영등포구","neighborhood":"문래동3가","avgPrice":11.540000000000001,"households":2422,"buildingCount":4,"rank":1608},"geometry":{"type":"Point","coordinates":[126.892706,37.517301]}},{"type":"Feature","properties":{"id":"A13703019","name":"롯데캐슬갤럭시아파트","district":"서초구","neighborhood":"잠원동","avgPrice":15.25,"households":2421,"buildingCount":4,"rank":1609},"geometry":{"type":"Point","coordinates":[127.01641,37.519774]}},{"type":"Feature","properties":{"id":"A15083601","name":"문래국화","district":"영등포구","neighborhood":"문래동3가","avgPrice":9.45,"households":2421,"buildingCount":4,"rank":1610},"geometry":{"type":"Point","coordinates":[126.911453,37.520527]}},{"type":"Feature","properties":{"id":"A13671204","name":"종암2차아이파크","district":"성북구","neighborhood":"종암동","avgPrice":6.15,"households":2421,"buildingCount":8,"rank":1611},"geometry":{"type":"Point","coordinates":[127.032206,37.596347]}},{"type":"Feature","properties":{"id":"A13704404","name":"반포미도아파트","district":"서초구","neighborhood":"반포동","avgPrice":19.1,"households":2420,"buildingCount":3,"rank":1612},"geometry":{"type":"Point","coordinates":[127.009103,37.502573]}},{"type":"Feature","properties":{"id":"A13384301","name":"한양현대아파트","district":"성동구","neighborhood":"성수동1가","avgPrice":17.35,"households":2420,"buildingCount":1,"rank":1613},"geometry":{"type":"Point","coordinates":[127.047882,37.545543]}},{"type":"Feature","properties":{"id":"A13671203","name":"종암선경아파트","district":"성북구","neighborhood":"종암동","avgPrice":6.64,"households":2420,"buildingCount":2,"rank":1614},"geometry":{"type":"Point","coordinates":[127.033785,37.594344]}},{"type":"Feature","properties":{"id":"A12281801","name":"갈현한솔아파트","district":"은평구","neighborhood":"갈현동","avgPrice":4.9239999999999995,"households":2420,"buildingCount":1,"rank":1615},"geometry":{"type":"Point","coordinates":[126.909987,37.618126]}},{"type":"Feature","properties":{"id":"A13703011","name":"잠원롯데캐슬갤럭시1차","district":"서초구","neighborhood":"잠원동","avgPrice":42.5,"households":2413,"buildingCount":1,"rank":1616},"geometry":{"type":"Point","coordinates":[127.015992,37.51215]}},{"type":"Feature","properties":{"id":"A10086801","name":"황학아크로타워","district":"중구","neighborhood":"황학동","avgPrice":12.700000000000001,"households":2407,"buildingCount":4,"rank":1617},"geometry":{"type":"Point","coordinates":[127.021931,37.565993]}},{"type":"Feature","properties":{"id":"A10023673","name":"반포 르엘 아파트","district":"서초구","neighborhood":"잠원동","avgPrice":15.9,"households":2405,"buildingCount":3,"rank":1618},"geometry":{"type":"Point","coordinates":[127.003128,37.506922]}},{"type":"Feature","properties":{"id":"A10027073","name":"래미안에스티움","district":"영등포구","neighborhood":"신길동","avgPrice":18.1115,"households":2403,"buildingCount":7,"rank":1619},"geometry":{"type":"Point","coordinates":[126.912645,37.500672]}},{"type":"Feature","properties":{"id":"A10023670","name":"천호역한강청년주택","district":"강동구","neighborhood":"천호동","avgPrice":14,"households":2402,"buildingCount":1,"rank":1620},"geometry":{"type":"Point","coordinates":[127.122468,37.539487]}},{"type":"Feature","properties":{"id":"A10021716","name":"성수강변현대아파트","district":"성동구","neighborhood":"성수동2가","avgPrice":22.1,"households":2401,"buildingCount":0,"rank":1621},"geometry":{"type":"Point","coordinates":[127.050102,37.542758]}},{"type":"Feature","properties":{"id":"A10027071","name":"한남아이파크","district":"용산구","neighborhood":"한남동","avgPrice":9.464615384615385,"households":2401,"buildingCount":2,"rank":1622},"geometry":{"type":"Point","coordinates":[127.007148,37.531998]}},{"type":"Feature","properties":{"id":"A10025116","name":"e편한세상독산더타워아파트","district":"금천구","neighborhood":"독산동","avgPrice":8.356,"households":2399,"buildingCount":0,"rank":1623},"geometry":{"type":"Point","coordinates":[126.903098,37.465135]}},{"type":"Feature","properties":{"id":"A10025115","name":"항동중흥S클래스베르데카운티","district":"구로구","neighborhood":"항동","avgPrice":9.4,"households":2398,"buildingCount":0,"rank":1624},"geometry":{"type":"Point","coordinates":[126.912018,37.4991]}},{"type":"Feature","properties":{"id":"A10020326","name":"에드가 수유 청년주택","district":"강북구","neighborhood":"수유동","avgPrice":15.5,"households":2397,"buildingCount":0,"rank":1625},"geometry":{"type":"Point","coordinates":[127.028542,37.63258]}},{"type":"Feature","properties":{"id":"A10025112","name":"고덕롯데캐슬베네루체","district":"강동구","neighborhood":"상일동","avgPrice":16.97173913043478,"households":2395,"buildingCount":12,"rank":1626},"geometry":{"type":"Point","coordinates":[127.167736,37.54906]}},{"type":"Feature","properties":{"id":"A11052201","name":"명륜아남1차","district":"종로구","neighborhood":"명륜2가","avgPrice":11.295,"households":2395,"buildingCount":2,"rank":1627},"geometry":{"type":"Point","coordinates":[126.999332,37.585676]}},{"type":"Feature","properties":{"id":"A13204105","name":"창동주공3단지","district":"도봉구","neighborhood":"창동","avgPrice":6.488888888888889,"households":2383,"buildingCount":6,"rank":1628},"geometry":{"type":"Point","coordinates":[127.041675,37.650763]}},{"type":"Feature","properties":{"id":"A13204104","name":"창동주공4단지","district":"도봉구","neighborhood":"창동","avgPrice":3.790731707317073,"households":2382,"buildingCount":4,"rank":1629},"geometry":{"type":"Point","coordinates":[127.048001,37.645166]}},{"type":"Feature","properties":{"id":"A13204103","name":"창동삼성","district":"도봉구","neighborhood":"창동","avgPrice":10.4,"households":2381,"buildingCount":6,"rank":1630},"geometry":{"type":"Point","coordinates":[127.049001,37.647872]}},{"type":"Feature","properties":{"id":"A13511101","name":"압구정 현대(10,13,14차)","district":"강남구","neighborhood":"압구정동","avgPrice":14.55,"households":2380,"buildingCount":1,"rank":1631},"geometry":{"type":"Point","coordinates":[127.025874,37.521948]}},{"type":"Feature","properties":{"id":"A10023669","name":"보문리슈빌하우트","district":"성북구","neighborhood":"보문동1가","avgPrice":12.2475,"households":2380,"buildingCount":6,"rank":1632},"geometry":{"type":"Point","coordinates":[127.019869,37.586835]}},{"type":"Feature","properties":{"id":"A12105001","name":"마포쌍용황금","district":"마포구","neighborhood":"마포동","avgPrice":14.05,"households":2377,"buildingCount":4,"rank":1633},"geometry":{"type":"Point","coordinates":[126.945555,37.53704]}},{"type":"Feature","properties":{"id":"A10023665","name":"우림 루미아트","district":"마포구","neighborhood":"망원동","avgPrice":10.1,"households":2376,"buildingCount":3,"rank":1634},"geometry":{"type":"Point","coordinates":[126.900622,37.55979]}},{"type":"Feature","properties":{"id":"A10023661","name":"힐스테이트뉴포레","district":"관악구","neighborhood":"신림동","avgPrice":13.323333333333332,"households":2372,"buildingCount":4,"rank":1635},"geometry":{"type":"Point","coordinates":[126.906016,37.483963]}},{"type":"Feature","properties":{"id":"A13588601","name":"수서동익","district":"강남구","neighborhood":"수서동","avgPrice":24.675,"households":2369,"buildingCount":1,"rank":1636},"geometry":{"type":"Point","coordinates":[127.097324,37.48582]}},{"type":"Feature","properties":{"id":"A10021705","name":"더샵둔촌포레","district":"강동구","neighborhood":"둔촌동","avgPrice":18.2,"households":2369,"buildingCount":1,"rank":1637},"geometry":{"type":"Point","coordinates":[127.142568,37.527562]}},{"type":"Feature","properties":{"id":"A15386303","name":"시흥현대빌라","district":"금천구","neighborhood":"시흥동","avgPrice":11.3,"households":2366,"buildingCount":0,"rank":1638},"geometry":{"type":"Point","coordinates":[126.901965,37.439635]}},{"type":"Feature","properties":{"id":"A10025104","name":"고덕센트럴 아이파크","district":"강동구","neighborhood":"상일동","avgPrice":10.899999999999999,"households":2366,"buildingCount":11,"rank":1639},"geometry":{"type":"Point","coordinates":[127.166738,37.551821]}},{"type":"Feature","properties":{"id":"A10025101","name":"성수 대명루첸아파트","district":"성동구","neighborhood":"성수동2가","avgPrice":14.399999999999999,"households":2363,"buildingCount":0,"rank":1640},"geometry":{"type":"Point","coordinates":[127.055352,37.544408]}},{"type":"Feature","properties":{"id":"A14319015","name":"구의현대홈시티","district":"광진구","neighborhood":"자양동","avgPrice":12,"households":2361,"buildingCount":3,"rank":1641},"geometry":{"type":"Point","coordinates":[127.083324,37.537835]}},{"type":"Feature","properties":{"id":"A14319013","name":"한강성원","district":"광진구","neighborhood":"자양동","avgPrice":12.5,"households":2359,"buildingCount":3,"rank":1642},"geometry":{"type":"Point","coordinates":[127.065974,37.533268]}},{"type":"Feature","properties":{"id":"A14319012","name":"자양더샵스타시티","district":"광진구","neighborhood":"자양동","avgPrice":26.222,"households":2358,"buildingCount":2,"rank":1643},"geometry":{"type":"Point","coordinates":[127.073528,37.536787]}},{"type":"Feature","properties":{"id":"A13475001","name":"천호동아코아","district":"강동구","neighborhood":"천호동","avgPrice":9.1,"households":2358,"buildingCount":0,"rank":1644},"geometry":{"type":"Point","coordinates":[127.147638,37.51237]}},{"type":"Feature","properties":{"id":"A14075201","name":"용산파크자이","district":"용산구","neighborhood":"한강로1가","avgPrice":26.064285714285713,"households":2357,"buildingCount":5,"rank":1645},"geometry":{"type":"Point","coordinates":[126.9726,37.536728]}},{"type":"Feature","properties":{"id":"A14319011","name":"자양우성1차","district":"광진구","neighborhood":"자양동","avgPrice":14,"households":2357,"buildingCount":2,"rank":1646},"geometry":{"type":"Point","coordinates":[127.073843,37.534403]}},{"type":"Feature","properties":{"id":"A14319010","name":"한강우성아파트","district":"광진구","neighborhood":"자양동","avgPrice":21.9,"households":2356,"buildingCount":2,"rank":1647},"geometry":{"type":"Point","coordinates":[127.065905,37.532531]}},{"type":"Feature","properties":{"id":"A10022263","name":"은평뉴타운2단지제1아파트(우물골4단지)","district":"은평구","neighborhood":"진관동","avgPrice":14.2,"households":2339,"buildingCount":0,"rank":1648},"geometry":{"type":"Point","coordinates":[126.926344,37.639953]}},{"type":"Feature","properties":{"id":"A10022261","name":"은평서해그랑블","district":"은평구","neighborhood":"구산동","avgPrice":11.100000000000001,"households":2337,"buildingCount":3,"rank":1649},"geometry":{"type":"Point","coordinates":[126.906196,37.616847]}},{"type":"Feature","properties":{"id":"A10020308","name":"강동와이시티","district":"강동구","neighborhood":"길동","avgPrice":8.8,"households":2337,"buildingCount":11,"rank":1650},"geometry":{"type":"Point","coordinates":[127.137787,37.536432]}},{"type":"Feature","properties":{"id":"A10020307","name":"새절역 두산위브트레지움 ","district":"은평구","neighborhood":"신사동","avgPrice":8.7,"households":2336,"buildingCount":0,"rank":1651},"geometry":{"type":"Point","coordinates":[126.95201,37.5973]}},{"type":"Feature","properties":{"id":"A14319009","name":"자양로얄동아","district":"광진구","neighborhood":"자양동","avgPrice":13.6125,"households":2334,"buildingCount":5,"rank":1652},"geometry":{"type":"Point","coordinates":[127.081221,37.528171]}},{"type":"Feature","properties":{"id":"A10020305","name":"광운대역 현대프라힐스","district":"노원구","neighborhood":"월계동","avgPrice":8.394499999999999,"households":2334,"buildingCount":0,"rank":1653},"geometry":{"type":"Point","coordinates":[127.039864,37.632645]}},{"type":"Feature","properties":{"id":"A14319008","name":"자양대동","district":"광진구","neighborhood":"자양동","avgPrice":14.0375,"households":2333,"buildingCount":2,"rank":1654},"geometry":{"type":"Point","coordinates":[127.068119,37.536228]}},{"type":"Feature","properties":{"id":"A10020303","name":"삼환나띠르빌","district":"서초구","neighborhood":"방배동","avgPrice":15,"households":2332,"buildingCount":7,"rank":1655},"geometry":{"type":"Point","coordinates":[127.005402,37.480525]}},{"type":"Feature","properties":{"id":"A14319007","name":"자양현대홈타운8차","district":"광진구","neighborhood":"자양동","avgPrice":11.9,"households":2332,"buildingCount":2,"rank":1656},"geometry":{"type":"Point","coordinates":[127.072096,37.533648]}},{"type":"Feature","properties":{"id":"A14319006","name":"자양2차현대","district":"광진구","neighborhood":"자양동","avgPrice":11.95,"households":2331,"buildingCount":1,"rank":1657},"geometry":{"type":"Point","coordinates":[127.070866,37.533314]}},{"type":"Feature","properties":{"id":"A14319005","name":"자양한강현대","district":"광진구","neighborhood":"자양동","avgPrice":11.65,"households":2330,"buildingCount":4,"rank":1658},"geometry":{"type":"Point","coordinates":[127.109482,37.549029]}},{"type":"Feature","properties":{"id":"A15701602","name":"우장산롯데캐슬","district":"강서구","neighborhood":"화곡동","avgPrice":13.434117647058823,"households":2329,"buildingCount":13,"rank":1659},"geometry":{"type":"Point","coordinates":[126.848245,37.555336]}},{"type":"Feature","properties":{"id":"A13183303","name":"용마동아아파트","district":"중랑구","neighborhood":"면목동","avgPrice":6.49,"households":2329,"buildingCount":3,"rank":1660},"geometry":{"type":"Point","coordinates":[127.09489,37.578999]}},{"type":"Feature","properties":{"id":"A15701601","name":"우장산롯데3차","district":"강서구","neighborhood":"화곡동","avgPrice":9.2,"households":2328,"buildingCount":4,"rank":1661},"geometry":{"type":"Point","coordinates":[126.846386,37.55244]}},{"type":"Feature","properties":{"id":"A14319003","name":"자양현대","district":"광진구","neighborhood":"자양동","avgPrice":8.1,"households":2328,"buildingCount":3,"rank":1662},"geometry":{"type":"Point","coordinates":[127.083253,37.528737]}},{"type":"Feature","properties":{"id":"A14319002","name":"자양한강극동","district":"광진구","neighborhood":"자양동","avgPrice":5.949999999999999,"households":2327,"buildingCount":2,"rank":1663},"geometry":{"type":"Point","coordinates":[127.064419,37.533741]}},{"type":"Feature","properties":{"id":"A14319001","name":"자양경남아너스빌","district":"광진구","neighborhood":"자양동","avgPrice":15.25,"households":2326,"buildingCount":3,"rank":1664},"geometry":{"type":"Point","coordinates":[127.073726,37.557785]}},{"type":"Feature","properties":{"id":"A15301105","name":"독산동중앙하이츠빌아파트","district":"금천구","neighborhood":"독산동","avgPrice":7.818888888888889,"households":2323,"buildingCount":6,"rank":1665},"geometry":{"type":"Point","coordinates":[126.8886,37.464621]}},{"type":"Feature","properties":{"id":"A13123004","name":"한울네세창","district":"중랑구","neighborhood":"망우동","avgPrice":5.05,"households":2321,"buildingCount":2,"rank":1666},"geometry":{"type":"Point","coordinates":[127.105882,37.598411]}},{"type":"Feature","properties":{"id":"A13123003","name":"금호","district":"중랑구","neighborhood":"망우동","avgPrice":6.234210526315789,"households":2320,"buildingCount":0,"rank":1667},"geometry":{"type":"Point","coordinates":[127.09415,37.592643]}},{"type":"Feature","properties":{"id":"A13123002","name":"중랑숲Liga아파트","district":"중랑구","neighborhood":"망우동","avgPrice":6.8999999999999995,"households":2319,"buildingCount":4,"rank":1668},"geometry":{"type":"Point","coordinates":[127.085543,37.601732]}},{"type":"Feature","properties":{"id":"A13123001","name":"예성그린캐슬아파트","district":"중랑구","neighborhood":"망우동","avgPrice":6.4,"households":2318,"buildingCount":3,"rank":1669},"geometry":{"type":"Point","coordinates":[127.102268,37.597064]}},{"type":"Feature","properties":{"id":"A13887901","name":"송파현대힐스테이트","district":"송파구","neighborhood":"풍납동","avgPrice":15.2,"households":2314,"buildingCount":3,"rank":1670},"geometry":{"type":"Point","coordinates":[127.118852,37.530727]}},{"type":"Feature","properties":{"id":"A10023644","name":"월드메르디앙오페라하우스","district":"서초구","neighborhood":"서초동","avgPrice":15.7,"households":2313,"buildingCount":2,"rank":1671},"geometry":{"type":"Point","coordinates":[127.013719,37.481549]}},{"type":"Feature","properties":{"id":"A10022258","name":"청솔2차우성아파트","district":"동대문구","neighborhood":"답십리동","avgPrice":7.574000000000001,"households":2313,"buildingCount":6,"rank":1672},"geometry":{"type":"Point","coordinates":[127.061595,37.576046]}},{"type":"Feature","properties":{"id":"A13986306","name":"중계그린","district":"노원구","neighborhood":"중계동","avgPrice":5.587721518987342,"households":2313,"buildingCount":2,"rank":1673},"geometry":{"type":"Point","coordinates":[127.062803,37.644716]}},{"type":"Feature","properties":{"id":"A10022256","name":"남해그린힐아파트","district":"은평구","neighborhood":"불광동","avgPrice":8.25,"households":2311,"buildingCount":3,"rank":1674},"geometry":{"type":"Point","coordinates":[126.93425,37.613529]}},{"type":"Feature","properties":{"id":"A15784008","name":"등촌서광","district":"강서구","neighborhood":"등촌동","avgPrice":16.9,"households":2310,"buildingCount":7,"rank":1675},"geometry":{"type":"Point","coordinates":[126.856946,37.557615]}},{"type":"Feature","properties":{"id":"A41279932","name":"은평뉴타운기자촌11단지","district":"은평구","neighborhood":"진관동","avgPrice":8.09,"households":2310,"buildingCount":3,"rank":1676},"geometry":{"type":"Point","coordinates":[126.934211,37.633936]}},{"type":"Feature","properties":{"id":"A15780605","name":"가양2단지","district":"강서구","neighborhood":"가양동","avgPrice":7.413571428571428,"households":2309,"buildingCount":4,"rank":1677},"geometry":{"type":"Point","coordinates":[126.846544,37.570164]}},{"type":"Feature","properties":{"id":"A13986302","name":"중계경남롯데상아","district":"노원구","neighborhood":"중계동","avgPrice":7.016774193548388,"households":2309,"buildingCount":12,"rank":1678},"geometry":{"type":"Point","coordinates":[127.062398,37.638785]}},{"type":"Feature","properties":{"id":"A41279931","name":"은평뉴타운구파발10단지3관리","district":"은평구","neighborhood":"진관동","avgPrice":6.55,"households":2309,"buildingCount":0,"rank":1679},"geometry":{"type":"Point","coordinates":[126.922508,37.639909]}},{"type":"Feature","properties":{"id":"A41279930","name":"은평뉴타운폭포동4단지제1","district":"은평구","neighborhood":"진관동","avgPrice":12.95,"households":2308,"buildingCount":0,"rank":1680},"geometry":{"type":"Point","coordinates":[126.913695,37.633775]}},{"type":"Feature","properties":{"id":"A15780604","name":"한강타운아파트","district":"강서구","neighborhood":"가양동","avgPrice":12.700000000000001,"households":2308,"buildingCount":9,"rank":1681},"geometry":{"type":"Point","coordinates":[126.84505,37.571338]}},{"type":"Feature","properties":{"id":"A15780603","name":"가양동신대아","district":"강서구","neighborhood":"가양동","avgPrice":14.525,"households":2307,"buildingCount":7,"rank":1682},"geometry":{"type":"Point","coordinates":[126.84319,37.572188]}},{"type":"Feature","properties":{"id":"A15780602","name":"가양한보구암","district":"강서구","neighborhood":"가양동","avgPrice":9.75,"households":2306,"buildingCount":2,"rank":1683},"geometry":{"type":"Point","coordinates":[126.848914,37.568419]}},{"type":"Feature","properties":{"id":"A15784003","name":"등촌코오롱오투빌1차","district":"강서구","neighborhood":"등촌동","avgPrice":6.85,"households":2305,"buildingCount":0,"rank":1684},"geometry":{"type":"Point","coordinates":[126.825894,37.563905]}},{"type":"Feature","properties":{"id":"A10026989","name":"대림아르빌아파트","district":"구로구","neighborhood":"구로동","avgPrice":7.225,"households":2298,"buildingCount":3,"rank":1685},"geometry":{"type":"Point","coordinates":[126.895291,37.490024]}},{"type":"Feature","properties":{"id":"A10026988","name":"트리마제","district":"성동구","neighborhood":"성수동1가","avgPrice":43.50625,"households":2297,"buildingCount":4,"rank":1686},"geometry":{"type":"Point","coordinates":[127.044939,37.538828]}},{"type":"Feature","properties":{"id":"A15102902","name":"신림건영4차","district":"관악구","neighborhood":"신림동","avgPrice":7.4,"households":2297,"buildingCount":3,"rank":1687},"geometry":{"type":"Point","coordinates":[126.933164,37.480412]}},{"type":"Feature","properties":{"id":"A15380101","name":"가산삼익아파트","district":"금천구","neighborhood":"가산동","avgPrice":5.3875,"households":2296,"buildingCount":1,"rank":1688},"geometry":{"type":"Point","coordinates":[126.892953,37.472848]}},{"type":"Feature","properties":{"id":"A13407002","name":"명일삼익가든1,2차","district":"강동구","neighborhood":"명일동","avgPrice":14.65625,"households":2294,"buildingCount":6,"rank":1689},"geometry":{"type":"Point","coordinates":[127.14841,37.546938]}},{"type":"Feature","properties":{"id":"A41279929","name":"은평뉴타운제각말5단지제4","district":"은평구","neighborhood":"진관동","avgPrice":10.05,"households":2286,"buildingCount":1,"rank":1690},"geometry":{"type":"Point","coordinates":[126.916444,37.635764]}},{"type":"Feature","properties":{"id":"A41279928","name":"은평뉴타운구파발10단지2관리","district":"은평구","neighborhood":"진관동","avgPrice":8.95,"households":2285,"buildingCount":3,"rank":1691},"geometry":{"type":"Point","coordinates":[126.926846,37.635538]}},{"type":"Feature","properties":{"id":"A41279927","name":"은평뉴타운 구파발10단지 제1","district":"은평구","neighborhood":"진관동","avgPrice":11.100000000000001,"households":2284,"buildingCount":5,"rank":1692},"geometry":{"type":"Point","coordinates":[126.916799,37.642416]}},{"type":"Feature","properties":{"id":"A13579506","name":"개나리SKVIEW","district":"강남구","neighborhood":"역삼동","avgPrice":16.45,"households":2283,"buildingCount":3,"rank":1693},"geometry":{"type":"Point","coordinates":[127.049891,37.501346]}},{"type":"Feature","properties":{"id":"A41279926","name":"은평뉴타운폭포동4단지제3","district":"은평구","neighborhood":"진관동","avgPrice":13.149999999999999,"households":2283,"buildingCount":0,"rank":1694},"geometry":{"type":"Point","coordinates":[126.914948,37.632902]}},{"type":"Feature","properties":{"id":"A10022249","name":"아남아파트","district":"송파구","neighborhood":"마천동","avgPrice":10,"households":2283,"buildingCount":1,"rank":1695},"geometry":{"type":"Point","coordinates":[127.146076,37.500452]}},{"type":"Feature","properties":{"id":"A13579505","name":"래미안그레이튼3차","district":"강남구","neighborhood":"역삼동","avgPrice":20.35,"households":2282,"buildingCount":4,"rank":1696},"geometry":{"type":"Point","coordinates":[127.047292,37.495395]}},{"type":"Feature","properties":{"id":"A10022248","name":"광진동양파라곤","district":"광진구","neighborhood":"군자동","avgPrice":10.683333333333332,"households":2282,"buildingCount":3,"rank":1697},"geometry":{"type":"Point","coordinates":[127.069883,37.548267]}},{"type":"Feature","properties":{"id":"A41279925","name":"은평뉴타운제각말5단지제3","district":"은평구","neighborhood":"진관동","avgPrice":9.95,"households":2282,"buildingCount":3,"rank":1698},"geometry":{"type":"Point","coordinates":[126.934603,37.638319]}},{"type":"Feature","properties":{"id":"A41279924","name":"은평뉴타운폭포동4단지제2","district":"은평구","neighborhood":"진관동","avgPrice":13.05,"households":2281,"buildingCount":0,"rank":1699},"geometry":{"type":"Point","coordinates":[126.92703,37.640349]}},{"type":"Feature","properties":{"id":"A10023633","name":"래미안 엘리니티","district":"동대문구","neighborhood":"용두동","avgPrice":8.05,"households":2281,"buildingCount":7,"rank":1700},"geometry":{"type":"Point","coordinates":[127.028788,37.579856]}},{"type":"Feature","properties":{"id":"A13579504","name":"한화진넥스빌","district":"강남구","neighborhood":"역삼동","avgPrice":4.1499999999999995,"households":2281,"buildingCount":5,"rank":1701},"geometry":{"type":"Point","coordinates":[127.0438,37.501994]}},{"type":"Feature","properties":{"id":"A13579503","name":"역삼2차아이파크","district":"강남구","neighborhood":"역삼동","avgPrice":25.505000000000003,"households":2280,"buildingCount":3,"rank":1702},"geometry":{"type":"Point","coordinates":[127.051624,37.496715]}},{"type":"Feature","properties":{"id":"A41279923","name":"은평뉴타운제각말5단지제1","district":"은평구","neighborhood":"진관동","avgPrice":9.75,"households":2280,"buildingCount":3,"rank":1703},"geometry":{"type":"Point","coordinates":[126.932634,37.628828]}},{"type":"Feature","properties":{"id":"A41279922","name":"은평뉴타운제각말5단지제2","district":"은평구","neighborhood":"진관동","avgPrice":9.85,"households":2279,"buildingCount":5,"rank":1704},"geometry":{"type":"Point","coordinates":[126.936174,37.638205]}},{"type":"Feature","properties":{"id":"A13579501","name":"역삼개나리푸르지오","district":"강남구","neighborhood":"역삼동","avgPrice":28,"households":2278,"buildingCount":2,"rank":1705},"geometry":{"type":"Point","coordinates":[127.033275,37.496613]}},{"type":"Feature","properties":{"id":"A41279921","name":"은평뉴타운구파발9단지1관리","district":"은평구","neighborhood":"진관동","avgPrice":7.1000000000000005,"households":2278,"buildingCount":0,"rank":1706},"geometry":{"type":"Point","coordinates":[126.920394,37.636884]}},{"type":"Feature","properties":{"id":"A41279920","name":"은평뉴타운구파발9단지제2","district":"은평구","neighborhood":"진관동","avgPrice":6.75,"households":2277,"buildingCount":3,"rank":1707},"geometry":{"type":"Point","coordinates":[126.923676,37.64407]}},{"type":"Feature","properties":{"id":"A13482603","name":"명일한양","district":"강동구","neighborhood":"명일동","avgPrice":20.7,"households":2274,"buildingCount":4,"rank":1708},"geometry":{"type":"Point","coordinates":[127.155155,37.550054]}},{"type":"Feature","properties":{"id":"A14278101","name":"수유극동아파트","district":"강북구","neighborhood":"수유동","avgPrice":5.2825,"households":2271,"buildingCount":1,"rank":1709},"geometry":{"type":"Point","coordinates":[127.028734,37.647534]}},{"type":"Feature","properties":{"id":"A15280304","name":"개봉거성푸르뫼1차","district":"구로구","neighborhood":"개봉동","avgPrice":13.3,"households":2270,"buildingCount":0,"rank":1710},"geometry":{"type":"Point","coordinates":[126.903202,37.47759]}},{"type":"Feature","properties":{"id":"A15101509","name":"신림SH빌(임대)","district":"관악구","neighborhood":"신림동","avgPrice":7.699999999999999,"households":2269,"buildingCount":0,"rank":1711},"geometry":{"type":"Point","coordinates":[126.94145,37.48884]}},{"type":"Feature","properties":{"id":"A15280303","name":"개봉거성푸르뫼2차아피트","district":"구로구","neighborhood":"개봉동","avgPrice":3.9130000000000003,"households":2269,"buildingCount":2,"rank":1712},"geometry":{"type":"Point","coordinates":[126.9155,37.505891]}},{"type":"Feature","properties":{"id":"A15101508","name":"신림현대","district":"관악구","neighborhood":"신림동","avgPrice":6.78,"households":2268,"buildingCount":3,"rank":1713},"geometry":{"type":"Point","coordinates":[126.932694,37.474892]}},{"type":"Feature","properties":{"id":"A13307204","name":"행당대림","district":"성동구","neighborhood":"행당동","avgPrice":22.65,"households":2267,"buildingCount":12,"rank":1714},"geometry":{"type":"Point","coordinates":[127.0271,37.558193]}},{"type":"Feature","properties":{"id":"A15101507","name":"신림주공1단지","district":"관악구","neighborhood":"신림동","avgPrice":4.1625,"households":2267,"buildingCount":6,"rank":1715},"geometry":{"type":"Point","coordinates":[126.927978,37.466081]}},{"type":"Feature","properties":{"id":"A12208105","name":"현대아파트","district":"은평구","neighborhood":"신사동","avgPrice":11.65,"households":2266,"buildingCount":5,"rank":1716},"geometry":{"type":"Point","coordinates":[126.907064,37.59758]}},{"type":"Feature","properties":{"id":"A15101506","name":"삼성산주공3단지","district":"관악구","neighborhood":"신림동","avgPrice":5.7,"households":2266,"buildingCount":3,"rank":1717},"geometry":{"type":"Point","coordinates":[126.925748,37.461668]}},{"type":"Feature","properties":{"id":"A10026977","name":"월드메르디앙아파트","district":"서초구","neighborhood":"잠원동","avgPrice":22.2,"households":2265,"buildingCount":4,"rank":1718},"geometry":{"type":"Point","coordinates":[127.01636,37.512901]}},{"type":"Feature","properties":{"id":"A12208104","name":"라이프 씨티아파트","district":"은평구","neighborhood":"신사동","avgPrice":16.15,"households":2265,"buildingCount":4,"rank":1719},"geometry":{"type":"Point","coordinates":[126.905797,37.602012]}},{"type":"Feature","properties":{"id":"A13307202","name":"신동아","district":"성동구","neighborhood":"행당동","avgPrice":13.95,"households":2265,"buildingCount":5,"rank":1720},"geometry":{"type":"Point","coordinates":[127.034223,37.555219]}},{"type":"Feature","properties":{"id":"A15101505","name":"신림벽산블루밍","district":"관악구","neighborhood":"신림동","avgPrice":7.05,"households":2265,"buildingCount":1,"rank":1721},"geometry":{"type":"Point","coordinates":[126.930958,37.463916]}},{"type":"Feature","properties":{"id":"A13307201","name":"행당브라운스톤","district":"성동구","neighborhood":"행당동","avgPrice":17.6,"households":2264,"buildingCount":5,"rank":1722},"geometry":{"type":"Point","coordinates":[127.029278,37.558284]}},{"type":"Feature","properties":{"id":"A12208103","name":"신사동 한신 휴 플러스","district":"은평구","neighborhood":"신사동","avgPrice":11.45,"households":2264,"buildingCount":6,"rank":1723},"geometry":{"type":"Point","coordinates":[126.906212,37.598913]}},{"type":"Feature","properties":{"id":"A15101504","name":"관악산휴먼시아","district":"관악구","neighborhood":"신림동","avgPrice":6.708421052631579,"households":2264,"buildingCount":7,"rank":1724},"geometry":{"type":"Point","coordinates":[126.921522,37.460925]}},{"type":"Feature","properties":{"id":"A13402204","name":"강변그대가리버뷰","district":"강동구","neighborhood":"천호동","avgPrice":14.325,"households":2263,"buildingCount":5,"rank":1725},"geometry":{"type":"Point","coordinates":[127.123156,37.547772]}},{"type":"Feature","properties":{"id":"A15101503","name":"신림2차푸르지오","district":"관악구","neighborhood":"신림동","avgPrice":7.312,"households":2263,"buildingCount":11,"rank":1726},"geometry":{"type":"Point","coordinates":[126.919935,37.461585]}},{"type":"Feature","properties":{"id":"A12208102","name":"신사씨티","district":"은평구","neighborhood":"신사동","avgPrice":4.515,"households":2263,"buildingCount":2,"rank":1727},"geometry":{"type":"Point","coordinates":[126.904133,37.60029]}},{"type":"Feature","properties":{"id":"A12208101","name":"신사성원아파트","district":"은평구","neighborhood":"신사동","avgPrice":5.1075,"households":2262,"buildingCount":1,"rank":1728},"geometry":{"type":"Point","coordinates":[126.913357,37.600437]}},{"type":"Feature","properties":{"id":"A15101501","name":"보라매파크뷰","district":"관악구","neighborhood":"신림동","avgPrice":11.5,"households":2261,"buildingCount":0,"rank":1729},"geometry":{"type":"Point","coordinates":[126.943596,37.4649]}},{"type":"Feature","properties":{"id":"A13402202","name":"천호e-편한세상","district":"강동구","neighborhood":"천호동","avgPrice":10.44,"households":2261,"buildingCount":2,"rank":1730},"geometry":{"type":"Point","coordinates":[127.124398,37.544347]}},{"type":"Feature","properties":{"id":"A10026972","name":"서초동 아이파크","district":"서초구","neighborhood":"서초동","avgPrice":15.2,"households":2260,"buildingCount":1,"rank":1731},"geometry":{"type":"Point","coordinates":[127.022984,37.485742]}},{"type":"Feature","properties":{"id":"A10020797","name":"신영지웰에스테이트개봉역","district":"구로구","neighborhood":"개봉동","avgPrice":7.676666666666667,"households":2259,"buildingCount":0,"rank":1732},"geometry":{"type":"Point","coordinates":[126.868518,37.499055]}},{"type":"Feature","properties":{"id":"A10024198","name":"불광롯데캐슬4차아파트","district":"은평구","neighborhood":"불광동","avgPrice":15.850000000000001,"households":2258,"buildingCount":3,"rank":1733},"geometry":{"type":"Point","coordinates":[126.934009,37.612721]}},{"type":"Feature","properties":{"id":"A10020796","name":"잠실더샵루벤","district":"송파구","neighborhood":"송파동","avgPrice":14.5,"households":2258,"buildingCount":0,"rank":1734},"geometry":{"type":"Point","coordinates":[127.078814,37.53376]}},{"type":"Feature","properties":{"id":"A10024197","name":"송파레이크힐아파트","district":"송파구","neighborhood":"거여동","avgPrice":23.549999999999997,"households":2257,"buildingCount":4,"rank":1735},"geometry":{"type":"Point","coordinates":[127.121079,37.503236]}},{"type":"Feature","properties":{"id":"A41279918","name":"은평뉴타운우물골7단지","district":"은평구","neighborhood":"진관동","avgPrice":9.95,"households":2254,"buildingCount":7,"rank":1736},"geometry":{"type":"Point","coordinates":[126.918484,37.633536]}},{"type":"Feature","properties":{"id":"A13786704","name":"서초한신플러스타운","district":"서초구","neighborhood":"서초동","avgPrice":20.75,"households":2253,"buildingCount":4,"rank":1737},"geometry":{"type":"Point","coordinates":[127.01421,37.483131]}},{"type":"Feature","properties":{"id":"A41279917","name":"은평뉴타운우물골6단지","district":"은평구","neighborhood":"진관동","avgPrice":12.35,"households":2253,"buildingCount":7,"rank":1738},"geometry":{"type":"Point","coordinates":[126.924182,37.635337]}},{"type":"Feature","properties":{"id":"A41279916","name":"은평뉴타운우물골5단지","district":"은평구","neighborhood":"진관동","avgPrice":5.800000000000001,"households":2252,"buildingCount":0,"rank":1739},"geometry":{"type":"Point","coordinates":[126.915956,37.634409]}},{"type":"Feature","properties":{"id":"A41279915","name":"은평뉴타운우물골8단지","district":"은평구","neighborhood":"진관동","avgPrice":7.550000000000001,"households":2251,"buildingCount":3,"rank":1740},"geometry":{"type":"Point","coordinates":[126.919718,37.634707]}},{"type":"Feature","properties":{"id":"A15772902","name":"등촌우성102동","district":"강서구","neighborhood":"등촌동","avgPrice":9.05,"households":2250,"buildingCount":1,"rank":1741},"geometry":{"type":"Point","coordinates":[126.85967,37.557579]}},{"type":"Feature","properties":{"id":"A15676512","name":"대방주공1단지","district":"동작구","neighborhood":"대방동","avgPrice":8.25,"households":2250,"buildingCount":0,"rank":1742},"geometry":{"type":"Point","coordinates":[126.956178,37.51906]}},{"type":"Feature","properties":{"id":"A41279914","name":"은평뉴타운마고정2단지","district":"은평구","neighborhood":"진관동","avgPrice":7.8999999999999995,"households":2250,"buildingCount":6,"rank":1743},"geometry":{"type":"Point","coordinates":[126.923614,37.633401]}},{"type":"Feature","properties":{"id":"A15772901","name":"등촌우성101동","district":"강서구","neighborhood":"등촌동","avgPrice":7.515714285714286,"households":2249,"buildingCount":4,"rank":1744},"geometry":{"type":"Point","coordinates":[126.860307,37.556924]}},{"type":"Feature","properties":{"id":"A41279913","name":"은평뉴타운마고정11단지","district":"은평구","neighborhood":"진관동","avgPrice":7.4,"households":2249,"buildingCount":0,"rank":1745},"geometry":{"type":"Point","coordinates":[126.921164,37.636026]}},{"type":"Feature","properties":{"id":"A41279912","name":"은평뉴타운마고정3단지","district":"은평구","neighborhood":"진관동","avgPrice":14.5,"households":2248,"buildingCount":2,"rank":1746},"geometry":{"type":"Point","coordinates":[126.92796,37.632991]}},{"type":"Feature","properties":{"id":"A10027023","name":"문래우정아파트","district":"영등포구","neighborhood":"문래동3가","avgPrice":11.125,"households":2248,"buildingCount":2,"rank":1747},"geometry":{"type":"Point","coordinates":[126.892831,37.515814]}},{"type":"Feature","properties":{"id":"A10023620","name":"방배 현대멤피스 2차 아파트","district":"서초구","neighborhood":"방배동","avgPrice":23.575,"households":2247,"buildingCount":2,"rank":1748},"geometry":{"type":"Point","coordinates":[126.998061,37.480077]}},{"type":"Feature","properties":{"id":"A41279911","name":"은평뉴타운박석고개제12단지아파트","district":"은평구","neighborhood":"진관동","avgPrice":7.65,"households":2247,"buildingCount":0,"rank":1749},"geometry":{"type":"Point","coordinates":[126.918574,37.636356]}},{"type":"Feature","properties":{"id":"A15809502","name":"수명산롯데캐슬","district":"양천구","neighborhood":"신월동","avgPrice":7.478,"households":2247,"buildingCount":7,"rank":1750},"geometry":{"type":"Point","coordinates":[126.828753,37.544357]}},{"type":"Feature","properties":{"id":"A13980108","name":"공릉우성","district":"노원구","neighborhood":"공릉동","avgPrice":6.3975,"households":2247,"buildingCount":4,"rank":1751},"geometry":{"type":"Point","coordinates":[127.072779,37.628747]}},{"type":"Feature","properties":{"id":"A13287801","name":"쌍문현대3차","district":"도봉구","neighborhood":"쌍문동","avgPrice":5.55,"households":2247,"buildingCount":2,"rank":1752},"geometry":{"type":"Point","coordinates":[127.021241,37.652334]}},{"type":"Feature","properties":{"id":"A13881701","name":"송파파크데일1단지","district":"송파구","neighborhood":"마천동","avgPrice":12.777777777777779,"households":2246,"buildingCount":6,"rank":1753},"geometry":{"type":"Point","coordinates":[127.158765,37.499534]}},{"type":"Feature","properties":{"id":"A41279910","name":"은평뉴타운박석고개1단지","district":"은평구","neighborhood":"진관동","avgPrice":7.75,"households":2246,"buildingCount":5,"rank":1754},"geometry":{"type":"Point","coordinates":[126.92135,37.633722]}},{"type":"Feature","properties":{"id":"A13980107","name":"공릉신도1차","district":"노원구","neighborhood":"공릉동","avgPrice":6.15,"households":2246,"buildingCount":5,"rank":1755},"geometry":{"type":"Point","coordinates":[127.070312,37.627679]}},{"type":"Feature","properties":{"id":"A10022233","name":"등촌2차보람아파트","district":"강서구","neighborhood":"등촌동","avgPrice":4.7,"households":2246,"buildingCount":2,"rank":1756},"geometry":{"type":"Point","coordinates":[126.853766,37.557551]}},{"type":"Feature","properties":{"id":"A13885102","name":"한양아파트","district":"송파구","neighborhood":"송파동","avgPrice":23.146666666666665,"households":2245,"buildingCount":3,"rank":1757},"geometry":{"type":"Point","coordinates":[127.116113,37.504371]}},{"type":"Feature","properties":{"id":"A10022232","name":"풍전아파트","district":"용산구","neighborhood":"원효로4가","avgPrice":10,"households":2245,"buildingCount":4,"rank":1758},"geometry":{"type":"Point","coordinates":[126.953551,37.532659]}},{"type":"Feature","properties":{"id":"A13382802","name":"성수한강한신","district":"성동구","neighborhood":"성수동2가","avgPrice":24.55,"households":2244,"buildingCount":0,"rank":1759},"geometry":{"type":"Point","coordinates":[127.060294,37.544507]}},{"type":"Feature","properties":{"id":"A13980105","name":"공릉대동2차","district":"노원구","neighborhood":"공릉동","avgPrice":14.25,"households":2244,"buildingCount":4,"rank":1760},"geometry":{"type":"Point","coordinates":[127.069942,37.626464]}},{"type":"Feature","properties":{"id":"A10022230","name":"르메이에르","district":"동작구","neighborhood":"사당동","avgPrice":7.4825,"households":2243,"buildingCount":1,"rank":1761},"geometry":{"type":"Point","coordinates":[126.973672,37.478384]}},{"type":"Feature","properties":{"id":"A13980102","name":"공릉신원","district":"노원구","neighborhood":"공릉동","avgPrice":12.7,"households":2241,"buildingCount":0,"rank":1762},"geometry":{"type":"Point","coordinates":[127.0751,37.627953]}},{"type":"Feature","properties":{"id":"A13706303","name":"방배대우효령","district":"서초구","neighborhood":"방배동","avgPrice":21.6,"households":2240,"buildingCount":5,"rank":1763},"geometry":{"type":"Point","coordinates":[126.993795,37.479595]}},{"type":"Feature","properties":{"id":"A13706302","name":"방배래미안타워","district":"서초구","neighborhood":"방배동","avgPrice":24.425,"households":2239,"buildingCount":3,"rank":1764},"geometry":{"type":"Point","coordinates":[126.99009,37.475094]}},{"type":"Feature","properties":{"id":"A15005102","name":"신기목련","district":"영등포구","neighborhood":"신길동","avgPrice":6.1,"households":2231,"buildingCount":6,"rank":1765},"geometry":{"type":"Point","coordinates":[126.915169,37.508132]}},{"type":"Feature","properties":{"id":"A10026961","name":"송파파크데일3단지아파트","district":"송파구","neighborhood":"마천동","avgPrice":20.95,"households":2228,"buildingCount":0,"rank":1766},"geometry":{"type":"Point","coordinates":[127.10996,37.511845]}},{"type":"Feature","properties":{"id":"A10020786","name":"골드타워신대방청년주택","district":"동작구","neighborhood":"신대방동","avgPrice":14,"households":2227,"buildingCount":0,"rank":1767},"geometry":{"type":"Point","coordinates":[126.940054,37.516675]}},{"type":"Feature","properties":{"id":"A10024188","name":"롯데타워아파트","district":"동작구","neighborhood":"신대방동","avgPrice":6.699999999999999,"households":2227,"buildingCount":0,"rank":1768},"geometry":{"type":"Point","coordinates":[126.923214,37.490761]}},{"type":"Feature","properties":{"id":"A10025573","name":"세림리오빌아파트","district":"광진구","neighborhood":"구의동","avgPrice":8.5,"households":2226,"buildingCount":2,"rank":1769},"geometry":{"type":"Point","coordinates":[127.092485,37.539062]}},{"type":"Feature","properties":{"id":"A10024186","name":"청담우방아파트","district":"강남구","neighborhood":"청담동","avgPrice":25.28,"households":2225,"buildingCount":5,"rank":1770},"geometry":{"type":"Point","coordinates":[127.043891,37.518371]}},{"type":"Feature","properties":{"id":"A41279909","name":"은평뉴타운박석고개13단지","district":"은평구","neighborhood":"진관동","avgPrice":9.5,"households":2224,"buildingCount":2,"rank":1771},"geometry":{"type":"Point","coordinates":[126.922072,37.63085]}},{"type":"Feature","properties":{"id":"A10027019","name":"상암DMC엘가","district":"서대문구","neighborhood":"남가좌동","avgPrice":12.799999999999999,"households":2223,"buildingCount":2,"rank":1772},"geometry":{"type":"Point","coordinates":[126.917532,37.569729]}},{"type":"Feature","properties":{"id":"A41279908","name":"은평뉴타운 상림마을3단지","district":"은평구","neighborhood":"진관동","avgPrice":5.75,"households":2223,"buildingCount":1,"rank":1773},"geometry":{"type":"Point","coordinates":[126.925847,37.646506]}},{"type":"Feature","properties":{"id":"A41279907","name":"은평뉴타운상림마을11단지","district":"은평구","neighborhood":"진관동","avgPrice":14.100000000000001,"households":2222,"buildingCount":4,"rank":1774},"geometry":{"type":"Point","coordinates":[126.927086,37.64414]}},{"type":"Feature","properties":{"id":"A13993901","name":"하계학여울청구A","district":"노원구","neighborhood":"하계동","avgPrice":11.2,"households":2222,"buildingCount":1,"rank":1775},"geometry":{"type":"Point","coordinates":[127.03527,37.64025]}},{"type":"Feature","properties":{"id":"A41279906","name":"은평뉴타운상림마을10단지","district":"은평구","neighborhood":"진관동","avgPrice":7.55,"households":2221,"buildingCount":2,"rank":1776},"geometry":{"type":"Point","coordinates":[126.92828,37.644446]}},{"type":"Feature","properties":{"id":"A10027016","name":"방배자이아파트","district":"서초구","neighborhood":"방배동","avgPrice":32,"households":2220,"buildingCount":6,"rank":1777},"geometry":{"type":"Point","coordinates":[126.999388,37.486367]}},{"type":"Feature","properties":{"id":"A10022228","name":"한남동현대하이페리온아파트","district":"용산구","neighborhood":"한남동","avgPrice":18.3,"households":2220,"buildingCount":0,"rank":1778},"geometry":{"type":"Point","coordinates":[126.99966,37.539868]}},{"type":"Feature","properties":{"id":"A41279905","name":"은평뉴타운상림마을4단지","district":"은평구","neighborhood":"진관동","avgPrice":6.85,"households":2220,"buildingCount":1,"rank":1779},"geometry":{"type":"Point","coordinates":[126.927258,37.646953]}},{"type":"Feature","properties":{"id":"A41279904","name":"은평뉴타운상림마을6단지","district":"은평구","neighborhood":"진관동","avgPrice":11,"households":2219,"buildingCount":2,"rank":1780},"geometry":{"type":"Point","coordinates":[126.93021,37.649411]}},{"type":"Feature","properties":{"id":"A41279903","name":"은평뉴타운상림마을7단지","district":"은평구","neighborhood":"진관동","avgPrice":8.6,"households":2218,"buildingCount":2,"rank":1781},"geometry":{"type":"Point","coordinates":[126.932306,37.649405]}},{"type":"Feature","properties":{"id":"A41279902","name":"은평뉴타운상림마을5단지","district":"은평구","neighborhood":"진관동","avgPrice":13.4,"households":2217,"buildingCount":4,"rank":1782},"geometry":{"type":"Point","coordinates":[126.928793,37.648526]}},{"type":"Feature","properties":{"id":"A13785302","name":"방배우성","district":"서초구","neighborhood":"방배동","avgPrice":22.28333333333333,"households":2216,"buildingCount":3,"rank":1783},"geometry":{"type":"Point","coordinates":[126.982157,37.474667]}},{"type":"Feature","properties":{"id":"A10023610","name":"송파kcc아파트","district":"송파구","neighborhood":"송파동","avgPrice":19.8,"households":2216,"buildingCount":3,"rank":1784},"geometry":{"type":"Point","coordinates":[127.117555,37.503354]}},{"type":"Feature","properties":{"id":"A41279901","name":"은평뉴타운상림마을14단지","district":"은평구","neighborhood":"진관동","avgPrice":11.350000000000001,"households":2216,"buildingCount":7,"rank":1785},"geometry":{"type":"Point","coordinates":[126.931072,37.642236]}},{"type":"Feature","properties":{"id":"A11054101","name":"창신두산","district":"종로구","neighborhood":"창신동","avgPrice":9.515,"households":2216,"buildingCount":3,"rank":1786},"geometry":{"type":"Point","coordinates":[127.014178,37.574145]}},{"type":"Feature","properties":{"id":"A10022224","name":"신월나산아파트","district":"양천구","neighborhood":"신월동","avgPrice":3.7,"households":2216,"buildingCount":1,"rank":1787},"geometry":{"type":"Point","coordinates":[126.862304,37.527126]}},{"type":"Feature","properties":{"id":"A13785301","name":"방배래미안","district":"서초구","neighborhood":"방배동","avgPrice":15.649999999999999,"households":2215,"buildingCount":6,"rank":1788},"geometry":{"type":"Point","coordinates":[126.983899,37.472598]}},{"type":"Feature","properties":{"id":"A10022222","name":"신정대성유니드1차아파트","district":"양천구","neighborhood":"신정동","avgPrice":5.9425,"households":2214,"buildingCount":1,"rank":1789},"geometry":{"type":"Point","coordinates":[126.849118,37.520466]}},{"type":"Feature","properties":{"id":"A10022221","name":"서빙고 그린파크 아파트","district":"용산구","neighborhood":"서빙고동","avgPrice":24.4,"households":2213,"buildingCount":0,"rank":1790},"geometry":{"type":"Point","coordinates":[126.997512,37.525695]}},{"type":"Feature","properties":{"id":"A11034001","name":"현대뜨레비앙","district":"종로구","neighborhood":"익선동","avgPrice":4.82,"households":2213,"buildingCount":2,"rank":1791},"geometry":{"type":"Point","coordinates":[126.989544,37.57519]}},{"type":"Feature","properties":{"id":"A12127008","name":"상암월드컵8단지","district":"마포구","neighborhood":"상암동","avgPrice":14.2,"households":2208,"buildingCount":13,"rank":1792},"geometry":{"type":"Point","coordinates":[126.882947,37.577582]}},{"type":"Feature","properties":{"id":"A13820007","name":"문정시영","district":"송파구","neighborhood":"문정동","avgPrice":9.213692307692307,"households":2208,"buildingCount":7,"rank":1793},"geometry":{"type":"Point","coordinates":[127.135525,37.490666]}},{"type":"Feature","properties":{"id":"A13820006","name":"문정래미안","district":"송파구","neighborhood":"문정동","avgPrice":21.555555555555557,"households":2207,"buildingCount":5,"rank":1794},"geometry":{"type":"Point","coordinates":[127.130731,37.489234]}},{"type":"Feature","properties":{"id":"A12127007","name":"상암월드컵1단지","district":"마포구","neighborhood":"상암동","avgPrice":8.65,"households":2207,"buildingCount":7,"rank":1795},"geometry":{"type":"Point","coordinates":[126.893237,37.575448]}},{"type":"Feature","properties":{"id":"A13820005","name":"문정건영","district":"송파구","neighborhood":"문정동","avgPrice":23.5,"households":2206,"buildingCount":4,"rank":1796},"geometry":{"type":"Point","coordinates":[127.125798,37.481814]}},{"type":"Feature","properties":{"id":"A12127006","name":"상암월드컵파크4단지","district":"마포구","neighborhood":"상암동","avgPrice":16.26181818181818,"households":2206,"buildingCount":10,"rank":1797},"geometry":{"type":"Point","coordinates":[126.888841,37.577951]}},{"type":"Feature","properties":{"id":"A13820004","name":"가락1차현대아파트","district":"송파구","neighborhood":"문정동","avgPrice":16.4,"households":2205,"buildingCount":3,"rank":1798},"geometry":{"type":"Point","coordinates":[127.127348,37.491348]}},{"type":"Feature","properties":{"id":"A12127005","name":"상암월드컵파크7단지","district":"마포구","neighborhood":"상암동","avgPrice":13.290000000000001,"households":2205,"buildingCount":3,"rank":1799},"geometry":{"type":"Point","coordinates":[126.88191,37.582491]}},{"type":"Feature","properties":{"id":"A12127004","name":"상암월드컵파크2단지","district":"마포구","neighborhood":"상암동","avgPrice":11.557692307692308,"households":2204,"buildingCount":5,"rank":1800},"geometry":{"type":"Point","coordinates":[126.891755,37.574732]}},{"type":"Feature","properties":{"id":"A12127003","name":"상암월드컵파크3단지","district":"마포구","neighborhood":"상암동","avgPrice":12.614285714285714,"households":2203,"buildingCount":4,"rank":1801},"geometry":{"type":"Point","coordinates":[126.890062,37.573119]}},{"type":"Feature","properties":{"id":"A13820002","name":"문정세양청마루","district":"송파구","neighborhood":"문정동","avgPrice":9.925,"households":2203,"buildingCount":4,"rank":1802},"geometry":{"type":"Point","coordinates":[127.136752,37.492204]}},{"type":"Feature","properties":{"id":"A13820001","name":"문정3차푸르지오","district":"송파구","neighborhood":"문정동","avgPrice":18.65,"households":2202,"buildingCount":5,"rank":1803},"geometry":{"type":"Point","coordinates":[127.133191,37.487202]}},{"type":"Feature","properties":{"id":"A12127002","name":"상암월드컵파크6단지","district":"마포구","neighborhood":"상암동","avgPrice":16.157142857142855,"households":2202,"buildingCount":4,"rank":1804},"geometry":{"type":"Point","coordinates":[126.884444,37.579704]}},{"type":"Feature","properties":{"id":"A12127001","name":"상암월드컵파크5단지","district":"마포구","neighborhood":"상암동","avgPrice":14.437777777777777,"households":2201,"buildingCount":8,"rank":1805},"geometry":{"type":"Point","coordinates":[126.885972,37.580058]}},{"type":"Feature","properties":{"id":"A10024179","name":"독산동태영아파트","district":"금천구","neighborhood":"독산동","avgPrice":4.3,"households":2197,"buildingCount":1,"rank":1806},"geometry":{"type":"Point","coordinates":[126.890438,37.466258]}},{"type":"Feature","properties":{"id":"A10025564","name":"항동 하버라인9단지","district":"구로구","neighborhood":"항동","avgPrice":11.05,"households":2196,"buildingCount":8,"rank":1807},"geometry":{"type":"Point","coordinates":[126.825873,37.480769]}},{"type":"Feature","properties":{"id":"A10025562","name":"신길센트럴아이파크","district":"영등포구","neighborhood":"신길동","avgPrice":16.03909090909091,"households":2194,"buildingCount":6,"rank":1808},"geometry":{"type":"Point","coordinates":[126.904619,37.504088]}},{"type":"Feature","properties":{"id":"A12010001","name":"홍은동원베네스트","district":"서대문구","neighborhood":"홍은동","avgPrice":6.74,"households":2192,"buildingCount":4,"rank":1809},"geometry":{"type":"Point","coordinates":[126.943926,37.59895]}},{"type":"Feature","properties":{"id":"A10020771","name":"신도림아르디에","district":"구로구","neighborhood":"신도림동","avgPrice":13.6,"households":2191,"buildingCount":1,"rank":1810},"geometry":{"type":"Point","coordinates":[126.887758,37.507302]}},{"type":"Feature","properties":{"id":"A10023606","name":"면목1차두산아파트","district":"중랑구","neighborhood":"면목동","avgPrice":12.25,"households":2191,"buildingCount":0,"rank":1811},"geometry":{"type":"Point","coordinates":[127.102676,37.59829]}},{"type":"Feature","properties":{"id":"A15883702","name":"신월서울가든","district":"양천구","neighborhood":"신월동","avgPrice":4.9655555555555555,"households":2191,"buildingCount":4,"rank":1812},"geometry":{"type":"Point","coordinates":[126.849015,37.525222]}},{"type":"Feature","properties":{"id":"A10024172","name":"문정현대아파트","district":"송파구","neighborhood":"문정동","avgPrice":18.1,"households":2190,"buildingCount":0,"rank":1813},"geometry":{"type":"Point","coordinates":[127.125889,37.48567]}},{"type":"Feature","properties":{"id":"A10020770","name":"잠원대주피오레아파트","district":"서초구","neighborhood":"잠원동","avgPrice":16.65,"households":2190,"buildingCount":0,"rank":1814},"geometry":{"type":"Point","coordinates":[127.007636,37.516841]}},{"type":"Feature","properties":{"id":"A10024171","name":"방배그랑자이아파트","district":"서초구","neighborhood":"방배동","avgPrice":33.614285714285714,"households":2189,"buildingCount":6,"rank":1815},"geometry":{"type":"Point","coordinates":[127.000019,37.476297]}},{"type":"Feature","properties":{"id":"A10023604","name":"고척아이파크MD","district":"구로구","neighborhood":"고척동","avgPrice":14.5,"households":2189,"buildingCount":5,"rank":1816},"geometry":{"type":"Point","coordinates":[126.859672,37.49798]}},{"type":"Feature","properties":{"id":"A10022217","name":"현진에버빌아파트","district":"동작구","neighborhood":"신대방동","avgPrice":5.5,"households":2188,"buildingCount":2,"rank":1817},"geometry":{"type":"Point","coordinates":[126.96659,37.526434]}},{"type":"Feature","properties":{"id":"A10022213","name":"성산동성아파트","district":"마포구","neighborhood":"성산동","avgPrice":7.6825,"households":2184,"buildingCount":3,"rank":1818},"geometry":{"type":"Point","coordinates":[126.905469,37.564855]}},{"type":"Feature","properties":{"id":"A15176202","name":"성현동아","district":"관악구","neighborhood":"봉천동","avgPrice":10.95,"households":2181,"buildingCount":7,"rank":1819},"geometry":{"type":"Point","coordinates":[126.95626,37.489641]}},{"type":"Feature","properties":{"id":"A15770102","name":"그랜드아이파크","district":"강서구","neighborhood":"화곡동","avgPrice":9.95,"households":2180,"buildingCount":1,"rank":1820},"geometry":{"type":"Point","coordinates":[126.850874,37.555348]}},{"type":"Feature","properties":{"id":"A13592002","name":"대우디오빌역삼","district":"강남구","neighborhood":"역삼동","avgPrice":17.15,"households":2179,"buildingCount":0,"rank":1821},"geometry":{"type":"Point","coordinates":[127.033358,37.504771]}},{"type":"Feature","properties":{"id":"A15770101","name":"화곡2차보람","district":"강서구","neighborhood":"화곡동","avgPrice":11.25,"households":2179,"buildingCount":3,"rank":1822},"geometry":{"type":"Point","coordinates":[126.854688,37.554199]}},{"type":"Feature","properties":{"id":"A13817101","name":"송파호수임광","district":"송파구","neighborhood":"송파동","avgPrice":10.388571428571428,"households":2179,"buildingCount":0,"rank":1823},"geometry":{"type":"Point","coordinates":[127.110076,37.51135]}},{"type":"Feature","properties":{"id":"A13201209","name":"도봉한신","district":"도봉구","neighborhood":"도봉동","avgPrice":5.9126666666666665,"households":2175,"buildingCount":4,"rank":1824},"geometry":{"type":"Point","coordinates":[127.04909,37.684883]}},{"type":"Feature","properties":{"id":"A13201208","name":"서원아파트","district":"도봉구","neighborhood":"도봉동","avgPrice":7.25,"households":2174,"buildingCount":5,"rank":1825},"geometry":{"type":"Point","coordinates":[127.048107,37.673864]}},{"type":"Feature","properties":{"id":"A13201207","name":"도봉삼환","district":"도봉구","neighborhood":"도봉동","avgPrice":7.15,"households":2173,"buildingCount":4,"rank":1826},"geometry":{"type":"Point","coordinates":[127.048299,37.681004]}},{"type":"Feature","properties":{"id":"A10026947","name":"꿈의숲롯데캐슬아파트","district":"강북구","neighborhood":"미아동","avgPrice":9.1275,"households":2172,"buildingCount":12,"rank":1827},"geometry":{"type":"Point","coordinates":[127.036395,37.617526]}},{"type":"Feature","properties":{"id":"A13201206","name":"도봉동아에코빌","district":"도봉구","neighborhood":"도봉동","avgPrice":6.821666666666666,"households":2172,"buildingCount":2,"rank":1828},"geometry":{"type":"Point","coordinates":[127.069338,37.647347]}},{"type":"Feature","properties":{"id":"A10026946","name":"경희궁자이1단지(임대아파트)","district":"종로구","neighborhood":"행촌동","avgPrice":10.25,"households":2171,"buildingCount":0,"rank":1829},"geometry":{"type":"Point","coordinates":[126.956064,37.58142]}},{"type":"Feature","properties":{"id":"A13201203","name":"도봉극동아파트","district":"도봉구","neighborhood":"도봉동","avgPrice":4.8675,"households":2169,"buildingCount":1,"rank":1830},"geometry":{"type":"Point","coordinates":[127.049299,37.682566]}},{"type":"Feature","properties":{"id":"A13201202","name":"도봉파크빌3단지","district":"도봉구","neighborhood":"도봉동","avgPrice":6.115,"households":2168,"buildingCount":3,"rank":1831},"geometry":{"type":"Point","coordinates":[127.048646,37.687642]}},{"type":"Feature","properties":{"id":"A10020768","name":"장안동  청년주택 하트리움","district":"동대문구","neighborhood":"장안동","avgPrice":7.05,"households":2167,"buildingCount":1,"rank":1832},"geometry":{"type":"Point","coordinates":[127.048088,37.593418]}},{"type":"Feature","properties":{"id":"A15783907","name":"한사랑2차삼성아파트(등촌동)","district":"강서구","neighborhood":"등촌동","avgPrice":5.415,"households":2167,"buildingCount":7,"rank":1833},"geometry":{"type":"Point","coordinates":[126.864048,37.55442]}},{"type":"Feature","properties":{"id":"A13201201","name":"도봉현대성우","district":"도봉구","neighborhood":"도봉동","avgPrice":4.09,"households":2167,"buildingCount":1,"rank":1834},"geometry":{"type":"Point","coordinates":[127.047738,37.676198]}},{"type":"Feature","properties":{"id":"A10026941","name":"서초푸르지오써밋","district":"서초구","neighborhood":"서초동","avgPrice":36.25,"households":2166,"buildingCount":4,"rank":1835},"geometry":{"type":"Point","coordinates":[127.021624,37.501947]}},{"type":"Feature","properties":{"id":"A10026940","name":"경희궁자이4단지주상복합","district":"종로구","neighborhood":"교북동","avgPrice":9.2,"households":2165,"buildingCount":0,"rank":1836},"geometry":{"type":"Point","coordinates":[126.97387,37.585695]}},{"type":"Feature","properties":{"id":"A15783905","name":"등촌삼성한사랑","district":"강서구","neighborhood":"등촌동","avgPrice":6.35,"households":2165,"buildingCount":0,"rank":1837},"geometry":{"type":"Point","coordinates":[126.856286,37.552025]}},{"type":"Feature","properties":{"id":"A13984814","name":"월계주공2단지","district":"노원구","neighborhood":"월계동","avgPrice":4.340208333333333,"households":2165,"buildingCount":9,"rank":1838},"geometry":{"type":"Point","coordinates":[127.05223,37.628494]}},{"type":"Feature","properties":{"id":"A13984813","name":"월계주공1단지","district":"노원구","neighborhood":"월계동","avgPrice":11.3,"households":2164,"buildingCount":8,"rank":1839},"geometry":{"type":"Point","coordinates":[127.054055,37.628301]}},{"type":"Feature","properties":{"id":"A15783902","name":"등촌태영","district":"강서구","neighborhood":"등촌동","avgPrice":9.25,"households":2162,"buildingCount":4,"rank":1840},"geometry":{"type":"Point","coordinates":[126.864091,37.555632]}},{"type":"Feature","properties":{"id":"A10025550","name":"두산힐스빌아파트","district":"서초구","neighborhood":"반포동","avgPrice":13.25,"households":2161,"buildingCount":2,"rank":1841},"geometry":{"type":"Point","coordinates":[127.009413,37.501196]}},{"type":"Feature","properties":{"id":"A10022209","name":"삼성서초가든스위트아파트","district":"서초구","neighborhood":"서초동","avgPrice":42.2,"households":2159,"buildingCount":1,"rank":1842},"geometry":{"type":"Point","coordinates":[127.01913,37.492904]}},{"type":"Feature","properties":{"id":"A10022206","name":"은평뉴타운엘크루","district":"은평구","neighborhood":"진관동","avgPrice":7.072222222222222,"households":2156,"buildingCount":7,"rank":1843},"geometry":{"type":"Point","coordinates":[126.919152,37.63976]}},{"type":"Feature","properties":{"id":"A13086802","name":"청량리홍릉동부","district":"동대문구","neighborhood":"청량리동","avgPrice":9.25,"households":2155,"buildingCount":0,"rank":1844},"geometry":{"type":"Point","coordinates":[127.018372,37.586685]}},{"type":"Feature","properties":{"id":"A13680701","name":"길음신안파크","district":"성북구","neighborhood":"길음동","avgPrice":6.55,"households":2153,"buildingCount":3,"rank":1845},"geometry":{"type":"Point","coordinates":[127.015823,37.614068]}},{"type":"Feature","properties":{"id":"A10022202","name":"강동밀레니얼중흥S-클래스","district":"강동구","neighborhood":"천호동","avgPrice":11.9,"households":2152,"buildingCount":0,"rank":1846},"geometry":{"type":"Point","coordinates":[127.108372,37.536085]}},{"type":"Feature","properties":{"id":"A15208007","name":"고척월드메르디앙","district":"구로구","neighborhood":"고척동","avgPrice":8.09375,"households":2150,"buildingCount":4,"rank":1847},"geometry":{"type":"Point","coordinates":[126.863182,37.502901]}},{"type":"Feature","properties":{"id":"A15208006","name":"고척벽산베스트블루밍","district":"구로구","neighborhood":"고척동","avgPrice":9.534814814814816,"households":2149,"buildingCount":4,"rank":1848},"geometry":{"type":"Point","coordinates":[126.859258,37.504659]}},{"type":"Feature","properties":{"id":"A15208005","name":"고척마젤란","district":"구로구","neighborhood":"고척동","avgPrice":6.5,"households":2148,"buildingCount":3,"rank":1849},"geometry":{"type":"Point","coordinates":[126.864227,37.504621]}},{"type":"Feature","properties":{"id":"A15208003","name":"고척삼환로즈빌","district":"구로구","neighborhood":"고척동","avgPrice":9.189285714285715,"households":2146,"buildingCount":6,"rank":1850},"geometry":{"type":"Point","coordinates":[126.857794,37.498193]}},{"type":"Feature","properties":{"id":"A12181103","name":"마포태영아파트","district":"마포구","neighborhood":"대흥동","avgPrice":9.399999999999999,"households":2144,"buildingCount":12,"rank":1851},"geometry":{"type":"Point","coordinates":[126.942753,37.544614]}},{"type":"Feature","properties":{"id":"A12181102","name":"마포태영제2","district":"마포구","neighborhood":"대흥동","avgPrice":9.9,"households":2143,"buildingCount":1,"rank":1852},"geometry":{"type":"Point","coordinates":[126.912927,37.548046]}},{"type":"Feature","properties":{"id":"A12181101","name":"동양엔파트","district":"마포구","neighborhood":"대흥동","avgPrice":11.45,"households":2142,"buildingCount":3,"rank":1853},"geometry":{"type":"Point","coordinates":[126.940594,37.547614]}},{"type":"Feature","properties":{"id":"A15303003","name":"시흥목련","district":"금천구","neighborhood":"시흥동","avgPrice":4.75,"households":2142,"buildingCount":1,"rank":1854},"geometry":{"type":"Point","coordinates":[126.89811,37.453992]}},{"type":"Feature","properties":{"id":"A15303002","name":"관악산벽산타운1단지","district":"금천구","neighborhood":"시흥동","avgPrice":4.826842105263157,"households":2141,"buildingCount":1,"rank":1855},"geometry":{"type":"Point","coordinates":[126.88506,37.449624]}},{"type":"Feature","properties":{"id":"A10026934","name":"삼성동롯데캐슬킹덤아파트","district":"강남구","neighborhood":"삼성동","avgPrice":29,"households":2138,"buildingCount":1,"rank":1856},"geometry":{"type":"Point","coordinates":[127.061665,37.515559]}},{"type":"Feature","properties":{"id":"A10020758","name":"양평현대3차아파트","district":"영등포구","neighborhood":"양평동3가","avgPrice":13.169999999999998,"households":2136,"buildingCount":1,"rank":1857},"geometry":{"type":"Point","coordinates":[126.871967,37.519163]}},{"type":"Feature","properties":{"id":"A13677807","name":"정릉우정에쉐르","district":"성북구","neighborhood":"정릉동","avgPrice":6.4799999999999995,"households":2136,"buildingCount":3,"rank":1858},"geometry":{"type":"Point","coordinates":[127.01052,37.600018]}},{"type":"Feature","properties":{"id":"A10020757","name":"전농하우스토리","district":"동대문구","neighborhood":"전농동","avgPrice":12.05,"households":2135,"buildingCount":0,"rank":1859},"geometry":{"type":"Point","coordinates":[127.050156,37.556085]}},{"type":"Feature","properties":{"id":"A10024156","name":"서초꽃마을주얼리","district":"서초구","neighborhood":"서초동","avgPrice":20.55,"households":2132,"buildingCount":1,"rank":1860},"geometry":{"type":"Point","coordinates":[127.007484,37.489668]}},{"type":"Feature","properties":{"id":"A10024154","name":"금강KCC아파트","district":"광진구","neighborhood":"자양동","avgPrice":17,"households":2130,"buildingCount":2,"rank":1861},"geometry":{"type":"Point","coordinates":[127.074384,37.537652]}},{"type":"Feature","properties":{"id":"A10024152","name":"포레나송파","district":"송파구","neighborhood":"거여동","avgPrice":21.5,"households":2128,"buildingCount":11,"rank":1862},"geometry":{"type":"Point","coordinates":[127.148982,37.486083]}},{"type":"Feature","properties":{"id":"A10020750","name":"성북펠릭스","district":"성북구","neighborhood":"하월곡동","avgPrice":10.65,"households":2128,"buildingCount":0,"rank":1863},"geometry":{"type":"Point","coordinates":[126.99466,37.60425]}},{"type":"Feature","properties":{"id":"A13772801","name":"서초현대아파트","district":"서초구","neighborhood":"서초동","avgPrice":20.400000000000002,"households":2126,"buildingCount":2,"rank":1864},"geometry":{"type":"Point","coordinates":[127.024117,37.486051]}},{"type":"Feature","properties":{"id":"A15782501","name":"강서월드메르디앙","district":"강서구","neighborhood":"내발산동","avgPrice":9.696,"households":2126,"buildingCount":6,"rank":1865},"geometry":{"type":"Point","coordinates":[126.842597,37.556329]}},{"type":"Feature","properties":{"id":"A10024150","name":"망원성원2차아파트","district":"마포구","neighborhood":"망원동","avgPrice":6.75,"households":2126,"buildingCount":2,"rank":1866},"geometry":{"type":"Point","coordinates":[126.901274,37.55653]}},{"type":"Feature","properties":{"id":"A15283603","name":"고척경남2차","district":"구로구","neighborhood":"고척동","avgPrice":5.761428571428572,"households":2125,"buildingCount":3,"rank":1867},"geometry":{"type":"Point","coordinates":[126.893979,37.509153]}},{"type":"Feature","properties":{"id":"A13524009","name":"개포대치2단지","district":"강남구","neighborhood":"개포동","avgPrice":23.25,"households":2121,"buildingCount":0,"rank":1868},"geometry":{"type":"Point","coordinates":[127.052794,37.486122]}},{"type":"Feature","properties":{"id":"A15722204","name":"방화동E편한세상","district":"강서구","neighborhood":"방화동","avgPrice":11.05,"households":2120,"buildingCount":5,"rank":1869},"geometry":{"type":"Point","coordinates":[126.808115,37.570019]}},{"type":"Feature","properties":{"id":"A15722203","name":"방화신동아","district":"강서구","neighborhood":"방화동","avgPrice":6.96625,"households":2119,"buildingCount":3,"rank":1870},"geometry":{"type":"Point","coordinates":[126.823553,37.569321]}},{"type":"Feature","properties":{"id":"A13524006","name":"개포2차 현대아파트","district":"강남구","neighborhood":"개포동","avgPrice":17.049999999999997,"households":2118,"buildingCount":7,"rank":1871},"geometry":{"type":"Point","coordinates":[127.052768,37.481224]}},{"type":"Feature","properties":{"id":"A13524005","name":"개포현대1차","district":"강남구","neighborhood":"개포동","avgPrice":18.700000000000003,"households":2117,"buildingCount":6,"rank":1872},"geometry":{"type":"Point","coordinates":[127.054227,37.482489]}},{"type":"Feature","properties":{"id":"A15722201","name":"마곡서광2차아파트","district":"강서구","neighborhood":"방화동","avgPrice":13.95,"households":2117,"buildingCount":3,"rank":1873},"geometry":{"type":"Point","coordinates":[126.810668,37.571789]}},{"type":"Feature","properties":{"id":"A13524004","name":"개포우성3차","district":"강남구","neighborhood":"개포동","avgPrice":14.049999999999999,"households":2116,"buildingCount":5,"rank":1874},"geometry":{"type":"Point","coordinates":[127.055908,37.483947]}},{"type":"Feature","properties":{"id":"A15075001","name":"당산코오롱","district":"영등포구","neighborhood":"당산동1가","avgPrice":7.1499999999999995,"households":2116,"buildingCount":0,"rank":1875},"geometry":{"type":"Point","coordinates":[126.899236,37.519968]}},{"type":"Feature","properties":{"id":"A10027498","name":"가야아파트","district":"중랑구","neighborhood":"망우동","avgPrice":10.15,"households":2114,"buildingCount":3,"rank":1876},"geometry":{"type":"Point","coordinates":[127.09464,37.59637]}},{"type":"Feature","properties":{"id":"A10027495","name":"이수자이 주상복합","district":"동작구","neighborhood":"사당동","avgPrice":17.919999999999998,"households":2111,"buildingCount":2,"rank":1877},"geometry":{"type":"Point","coordinates":[126.980553,37.484458]}},{"type":"Feature","properties":{"id":"A10027493","name":"덕영드림아파트","district":"구로구","neighborhood":"구로동","avgPrice":5.861428571428571,"households":2109,"buildingCount":1,"rank":1878},"geometry":{"type":"Point","coordinates":[126.883986,37.500824]}},{"type":"Feature","properties":{"id":"A10026924","name":"대치SK VIEW","district":"강남구","neighborhood":"대치동","avgPrice":17.7,"households":2107,"buildingCount":6,"rank":1879},"geometry":{"type":"Point","coordinates":[127.059833,37.495336]}},{"type":"Feature","properties":{"id":"A10020749","name":"루미노816청년안심주택","district":"은평구","neighborhood":"불광동","avgPrice":16.55,"households":2106,"buildingCount":0,"rank":1880},"geometry":{"type":"Point","coordinates":[126.904682,37.62448]}},{"type":"Feature","properties":{"id":"A10026922","name":"래미안용산아파트","district":"용산구","neighborhood":"한강로2가","avgPrice":19.25,"households":2105,"buildingCount":2,"rank":1881},"geometry":{"type":"Point","coordinates":[126.967009,37.529141]}},{"type":"Feature","properties":{"id":"A10025533","name":"용산롯데캐슬센터포레아파트","district":"용산구","neighborhood":"효창동","avgPrice":24,"households":2102,"buildingCount":6,"rank":1882},"geometry":{"type":"Point","coordinates":[126.963543,37.539531]}},{"type":"Feature","properties":{"id":"A10024145","name":"우장산역 해링턴타워","district":"강서구","neighborhood":"화곡동","avgPrice":9.85,"households":2100,"buildingCount":5,"rank":1883},"geometry":{"type":"Point","coordinates":[126.835708,37.546057]}},{"type":"Feature","properties":{"id":"A15088802","name":"여의도화랑","district":"영등포구","neighborhood":"여의도동","avgPrice":6.35,"households":2099,"buildingCount":4,"rank":1884},"geometry":{"type":"Point","coordinates":[126.935326,37.522056]}},{"type":"Feature","properties":{"id":"A13923108","name":"하계청솔","district":"노원구","neighborhood":"하계동","avgPrice":11.649999999999999,"households":2094,"buildingCount":6,"rank":1885},"geometry":{"type":"Point","coordinates":[127.070814,37.632697]}},{"type":"Feature","properties":{"id":"A13484501","name":"둔촌역청구아파트","district":"강동구","neighborhood":"성내동","avgPrice":11.075,"households":2093,"buildingCount":5,"rank":1886},"geometry":{"type":"Point","coordinates":[127.1332,37.529179]}},{"type":"Feature","properties":{"id":"A13923106","name":"하계2차현대아파트","district":"노원구","neighborhood":"하계동","avgPrice":10.992307692307692,"households":2092,"buildingCount":12,"rank":1887},"geometry":{"type":"Point","coordinates":[127.071904,37.644506]}},{"type":"Feature","properties":{"id":"A13923104","name":"하계미성","district":"노원구","neighborhood":"하계동","avgPrice":8.382352941176471,"households":2090,"buildingCount":2,"rank":1888},"geometry":{"type":"Point","coordinates":[127.06917,37.635385]}},{"type":"Feature","properties":{"id":"A13923103","name":"하계청구","district":"노원구","neighborhood":"하계동","avgPrice":6.05,"households":2089,"buildingCount":0,"rank":1889},"geometry":{"type":"Point","coordinates":[127.071581,37.635442]}},{"type":"Feature","properties":{"id":"A13923102","name":"하계우방","district":"노원구","neighborhood":"하계동","avgPrice":5.45,"households":2088,"buildingCount":2,"rank":1890},"geometry":{"type":"Point","coordinates":[127.077418,37.637476]}},{"type":"Feature","properties":{"id":"A13309103","name":"금호벽산(임대)","district":"성동구","neighborhood":"금호동1가","avgPrice":17.26888888888889,"households":2087,"buildingCount":0,"rank":1891},"geometry":{"type":"Point","coordinates":[127.039468,37.57457]}},{"type":"Feature","properties":{"id":"A13309102","name":"금호삼성래미안","district":"성동구","neighborhood":"금호동1가","avgPrice":17.315,"households":2086,"buildingCount":10,"rank":1892},"geometry":{"type":"Point","coordinates":[127.027419,37.549141]}},{"type":"Feature","properties":{"id":"A13309101","name":"신금호두산위브","district":"성동구","neighborhood":"금호동1가","avgPrice":20.3,"households":2085,"buildingCount":1,"rank":1893},"geometry":{"type":"Point","coordinates":[127.02222,37.556112]}},{"type":"Feature","properties":{"id":"A10025527","name":"하버라인10단지","district":"구로구","neighborhood":"항동","avgPrice":8.85,"households":2075,"buildingCount":4,"rank":1894},"geometry":{"type":"Point","coordinates":[126.825846,37.479544]}},{"type":"Feature","properties":{"id":"A10026910","name":"관악우정하이비전아파트 1단지","district":"관악구","neighborhood":"신림동","avgPrice":11.5,"households":2072,"buildingCount":0,"rank":1895},"geometry":{"type":"Point","coordinates":[126.976598,37.49703]}},{"type":"Feature","properties":{"id":"A10020736","name":"길동생활A","district":"강동구","neighborhood":"길동","avgPrice":9.85,"households":2072,"buildingCount":6,"rank":1896},"geometry":{"type":"Point","coordinates":[127.146847,37.534207]}},{"type":"Feature","properties":{"id":"A13883602","name":"방이코오롱","district":"송파구","neighborhood":"방이동","avgPrice":14.35,"households":2068,"buildingCount":5,"rank":1897},"geometry":{"type":"Point","coordinates":[127.122939,37.508435]}},{"type":"Feature","properties":{"id":"A10024134","name":"브라운스톤 암사아파트","district":"강동구","neighborhood":"천호동","avgPrice":11.95,"households":2068,"buildingCount":3,"rank":1898},"geometry":{"type":"Point","coordinates":[127.12888,37.548674]}},{"type":"Feature","properties":{"id":"A13883601","name":"잠실한양3차","district":"송파구","neighborhood":"방이동","avgPrice":23.75,"households":2067,"buildingCount":4,"rank":1899},"geometry":{"type":"Point","coordinates":[127.122698,37.506321]}},{"type":"Feature","properties":{"id":"A10020731","name":"e편한세상답십리아르테포레아파트","district":"동대문구","neighborhood":"답십리동","avgPrice":14.25,"households":2067,"buildingCount":3,"rank":1900},"geometry":{"type":"Point","coordinates":[127.067344,37.590366]}},{"type":"Feature","properties":{"id":"A10024132","name":"자양호반써밋아파트","district":"광진구","neighborhood":"자양동","avgPrice":12.200000000000001,"households":2066,"buildingCount":2,"rank":1901},"geometry":{"type":"Point","coordinates":[127.068875,37.537393]}},{"type":"Feature","properties":{"id":"A10024131","name":"래미안 라클래시","district":"강남구","neighborhood":"삼성동","avgPrice":21.6,"households":2065,"buildingCount":8,"rank":1902},"geometry":{"type":"Point","coordinates":[127.050303,37.517278]}},{"type":"Feature","properties":{"id":"A13077703","name":"휘경롯데1차","district":"동대문구","neighborhood":"휘경동","avgPrice":11.85,"households":2065,"buildingCount":2,"rank":1903},"geometry":{"type":"Point","coordinates":[127.063427,37.591013]}},{"type":"Feature","properties":{"id":"A13982005","name":"상계한신2차","district":"노원구","neighborhood":"상계동","avgPrice":4,"households":2065,"buildingCount":2,"rank":1904},"geometry":{"type":"Point","coordinates":[127.068177,37.664725]}},{"type":"Feature","properties":{"id":"A13077702","name":"휘경 미소지움아파트","district":"동대문구","neighborhood":"휘경동","avgPrice":14.35,"households":2064,"buildingCount":5,"rank":1905},"geometry":{"type":"Point","coordinates":[127.06502,37.59168]}},{"type":"Feature","properties":{"id":"A13982003","name":"상계신동아","district":"노원구","neighborhood":"상계동","avgPrice":5.31,"households":2063,"buildingCount":4,"rank":1906},"geometry":{"type":"Point","coordinates":[127.067286,37.66701]}},{"type":"Feature","properties":{"id":"A13982002","name":"상계한신3차","district":"노원구","neighborhood":"상계동","avgPrice":5.5576923076923075,"households":2062,"buildingCount":1,"rank":1907},"geometry":{"type":"Point","coordinates":[127.064392,37.656918]}},{"type":"Feature","properties":{"id":"A13176102","name":"중랑해모로","district":"중랑구","neighborhood":"망우동","avgPrice":12.65,"households":2058,"buildingCount":1,"rank":1908},"geometry":{"type":"Point","coordinates":[127.10954,37.601454]}},{"type":"Feature","properties":{"id":"A13176101","name":"한일써너스빌리젠시","district":"중랑구","neighborhood":"망우동","avgPrice":8.35,"households":2057,"buildingCount":3,"rank":1909},"geometry":{"type":"Point","coordinates":[127.093512,37.597606]}},{"type":"Feature","properties":{"id":"A13204510","name":"창동북한산아이파크","district":"도봉구","neighborhood":"창동","avgPrice":12,"households":2053,"buildingCount":7,"rank":1910},"geometry":{"type":"Point","coordinates":[127.042254,37.658866]}},{"type":"Feature","properties":{"id":"A15007002","name":"신대림한솔솔파크","district":"영등포구","neighborhood":"대림동","avgPrice":8.8,"households":2052,"buildingCount":1,"rank":1911},"geometry":{"type":"Point","coordinates":[126.899678,37.487668]}},{"type":"Feature","properties":{"id":"A10027474","name":"역삼자이아파트","district":"강남구","neighborhood":"역삼동","avgPrice":19.549999999999997,"households":2048,"buildingCount":5,"rank":1912},"geometry":{"type":"Point","coordinates":[127.044804,37.500399]}},{"type":"Feature","properties":{"id":"A10027472","name":"상도효성해링턴플레이스","district":"동작구","neighborhood":"상도동","avgPrice":17.092857142857145,"households":2046,"buildingCount":6,"rank":1913},"geometry":{"type":"Point","coordinates":[126.941738,37.505709]}},{"type":"Feature","properties":{"id":"A10025518","name":"현대프라자주상복합아파트","district":"영등포구","neighborhood":"영등포동5가","avgPrice":5.8325,"households":2045,"buildingCount":0,"rank":1914},"geometry":{"type":"Point","coordinates":[126.914006,37.525815]}},{"type":"Feature","properties":{"id":"A10020729","name":"리스트안암","district":"동대문구","neighborhood":"제기동","avgPrice":10.600000000000001,"households":2044,"buildingCount":0,"rank":1915},"geometry":{"type":"Point","coordinates":[127.03902,37.553295]}},{"type":"Feature","properties":{"id":"A10021295","name":"경희궁의아침4단지","district":"종로구","neighborhood":"내수동","avgPrice":11.65,"households":2043,"buildingCount":2,"rank":1916},"geometry":{"type":"Point","coordinates":[126.972561,37.572733]}},{"type":"Feature","properties":{"id":"A10026900","name":"왕십리 자이 아파트","district":"성동구","neighborhood":"하왕십리동","avgPrice":17.6,"households":2041,"buildingCount":6,"rank":1917},"geometry":{"type":"Point","coordinates":[127.024333,37.56117]}},{"type":"Feature","properties":{"id":"A10024128","name":"현재트윈빌아파트","district":"은평구","neighborhood":"갈현동","avgPrice":7.5,"households":2041,"buildingCount":2,"rank":1918},"geometry":{"type":"Point","coordinates":[126.908513,37.616684]}},{"type":"Feature","properties":{"id":"A10021293","name":"신월보람6차아파트","district":"양천구","neighborhood":"신월동","avgPrice":7.35,"households":2041,"buildingCount":3,"rank":1919},"geometry":{"type":"Point","coordinates":[126.834673,37.530371]}},{"type":"Feature","properties":{"id":"A13783802","name":"방배디오빌","district":"서초구","neighborhood":"방배동","avgPrice":20.85,"households":2039,"buildingCount":2,"rank":1920},"geometry":{"type":"Point","coordinates":[126.984005,37.485517]}},{"type":"Feature","properties":{"id":"A10021291","name":"양평역월드메르디앙아파트","district":"영등포구","neighborhood":"양평동3가","avgPrice":11.05,"households":2039,"buildingCount":7,"rank":1921},"geometry":{"type":"Point","coordinates":[126.887244,37.526575]}},{"type":"Feature","properties":{"id":"A10025511","name":"남현동 흥화 브라운아파트","district":"관악구","neighborhood":"남현동","avgPrice":13.600000000000001,"households":2038,"buildingCount":3,"rank":1922},"geometry":{"type":"Point","coordinates":[126.972524,37.471503]}},{"type":"Feature","properties":{"id":"A10021290","name":"희훈리치파크아파트","district":"강서구","neighborhood":"화곡동","avgPrice":7.55,"households":2038,"buildingCount":3,"rank":1923},"geometry":{"type":"Point","coordinates":[126.834228,37.54655]}},{"type":"Feature","properties":{"id":"A10024123","name":"은평뉴타운폭포동4단지제4관리아파트","district":"은평구","neighborhood":"진관동","avgPrice":13.5,"households":2036,"buildingCount":0,"rank":1924},"geometry":{"type":"Point","coordinates":[126.924972,37.641064]}},{"type":"Feature","properties":{"id":"A15086007","name":"신길우성2차","district":"영등포구","neighborhood":"신길동","avgPrice":14.040000000000001,"households":2034,"buildingCount":2,"rank":1925},"geometry":{"type":"Point","coordinates":[126.912235,37.497869]}},{"type":"Feature","properties":{"id":"A15086006","name":"보라매경남아너스빌","district":"영등포구","neighborhood":"신길동","avgPrice":11.308333333333332,"households":2033,"buildingCount":6,"rank":1926},"geometry":{"type":"Point","coordinates":[126.910475,37.494965]}},{"type":"Feature","properties":{"id":"A15086004","name":"신길우성3차아파트","district":"영등포구","neighborhood":"신길동","avgPrice":11.015555555555556,"households":2031,"buildingCount":4,"rank":1927},"geometry":{"type":"Point","coordinates":[126.9105,37.498317]}},{"type":"Feature","properties":{"id":"A13608401","name":"보문하우스토리주상복합","district":"성북구","neighborhood":"보문동4가","avgPrice":12.4,"households":2030,"buildingCount":0,"rank":1928},"geometry":{"type":"Point","coordinates":[127.039146,37.58571]}},{"type":"Feature","properties":{"id":"A13204508","name":"창동주공2단지","district":"도봉구","neighborhood":"창동","avgPrice":4.542333333333334,"households":2030,"buildingCount":6,"rank":1929},"geometry":{"type":"Point","coordinates":[127.041938,37.653163]}},{"type":"Feature","properties":{"id":"A13204507","name":"창동상아1차","district":"도봉구","neighborhood":"창동","avgPrice":13.3,"households":2029,"buildingCount":0,"rank":1930},"geometry":{"type":"Point","coordinates":[127.03782,37.67771]}},{"type":"Feature","properties":{"id":"A13383301","name":"성수우방2차","district":"성동구","neighborhood":"성수동2가","avgPrice":12.6,"households":2029,"buildingCount":1,"rank":1931},"geometry":{"type":"Point","coordinates":[127.051831,37.548402]}},{"type":"Feature","properties":{"id":"A15086001","name":"보라매두산위브","district":"영등포구","neighborhood":"신길동","avgPrice":11.925,"households":2028,"buildingCount":2,"rank":1932},"geometry":{"type":"Point","coordinates":[126.914482,37.497198]}},{"type":"Feature","properties":{"id":"A13204506","name":"창동동아그린","district":"도봉구","neighborhood":"창동","avgPrice":7.173333333333333,"households":2028,"buildingCount":2,"rank":1933},"geometry":{"type":"Point","coordinates":[127.046404,37.65456]}},{"type":"Feature","properties":{"id":"A13204505","name":"창동상아2차","district":"도봉구","neighborhood":"창동","avgPrice":7.4,"households":2027,"buildingCount":4,"rank":1934},"geometry":{"type":"Point","coordinates":[127.044092,37.653237]}},{"type":"Feature","properties":{"id":"A13204503","name":"창동현대","district":"도봉구","neighborhood":"창동","avgPrice":13.5,"households":2025,"buildingCount":5,"rank":1935},"geometry":{"type":"Point","coordinates":[127.046588,37.658841]}},{"type":"Feature","properties":{"id":"A13204502","name":"북한산한신휴플러스","district":"도봉구","neighborhood":"창동","avgPrice":8.242857142857142,"households":2024,"buildingCount":2,"rank":1936},"geometry":{"type":"Point","coordinates":[127.042811,37.65577]}},{"type":"Feature","properties":{"id":"A13204501","name":"창동대동","district":"도봉구","neighborhood":"창동","avgPrice":4.63,"households":2023,"buildingCount":3,"rank":1937},"geometry":{"type":"Point","coordinates":[127.044593,37.661997]}},{"type":"Feature","properties":{"id":"A10025509","name":"동대문서희스타힐스","district":"동대문구","neighborhood":"장안동","avgPrice":6.1,"households":2015,"buildingCount":6,"rank":1938},"geometry":{"type":"Point","coordinates":[127.070622,37.569419]}},{"type":"Feature","properties":{"id":"A10021288","name":"라이프시티아파트","district":"은평구","neighborhood":"갈현동","avgPrice":4.52,"households":2015,"buildingCount":1,"rank":1939},"geometry":{"type":"Point","coordinates":[126.91083,37.623356]}},{"type":"Feature","properties":{"id":"A10027461","name":"힐스테이트 송파위례아파트","district":"송파구","neighborhood":"장지동","avgPrice":19.15,"households":2014,"buildingCount":4,"rank":1940},"geometry":{"type":"Point","coordinates":[127.142344,37.479625]}},{"type":"Feature","properties":{"id":"A10022672","name":"우당아파트","district":"양천구","neighborhood":"신월동","avgPrice":6.4,"households":2013,"buildingCount":2,"rank":1941},"geometry":{"type":"Point","coordinates":[126.847988,37.522657]}},{"type":"Feature","properties":{"id":"A10020718","name":"LH관악봉천행복주택","district":"관악구","neighborhood":"봉천동","avgPrice":8.55,"households":2012,"buildingCount":4,"rank":1942},"geometry":{"type":"Point","coordinates":[126.962662,37.492492]}},{"type":"Feature","properties":{"id":"A10045601","name":"신당현대","district":"중구","neighborhood":"신당동","avgPrice":12.475,"households":2010,"buildingCount":1,"rank":1943},"geometry":{"type":"Point","coordinates":[127.018771,37.560352]}},{"type":"Feature","properties":{"id":"A10020716","name":"장위자이레디언트","district":"성북구","neighborhood":"장위동","avgPrice":8.5,"households":2010,"buildingCount":0,"rank":1944},"geometry":{"type":"Point","coordinates":[127.003476,37.59057]}},{"type":"Feature","properties":{"id":"A10025504","name":"숲속마을 신동아파밀리에 아파트","district":"동작구","neighborhood":"신대방동","avgPrice":6.3133333333333335,"households":2010,"buildingCount":1,"rank":1945},"geometry":{"type":"Point","coordinates":[126.914387,37.491548]}},{"type":"Feature","properties":{"id":"A10021282","name":"마포대림2차e-편한세상아파트 ","district":"마포구","neighborhood":"용강동","avgPrice":6.95,"households":2009,"buildingCount":1,"rank":1946},"geometry":{"type":"Point","coordinates":[126.940802,37.541085]}},{"type":"Feature","properties":{"id":"A10021281","name":"대림역삼아파트","district":"강남구","neighborhood":"역삼동","avgPrice":22.299999999999997,"households":2008,"buildingCount":3,"rank":1947},"geometry":{"type":"Point","coordinates":[127.0461,37.496657]}},{"type":"Feature","properties":{"id":"A15704028","name":"염창동아1차","district":"강서구","neighborhood":"염창동","avgPrice":9,"households":2004,"buildingCount":2,"rank":1948},"geometry":{"type":"Point","coordinates":[126.87248,37.55418]}},{"type":"Feature","properties":{"id":"A15704025","name":"염창강변한솔솔파크","district":"강서구","neighborhood":"염창동","avgPrice":11.88125,"households":2001,"buildingCount":7,"rank":1949},"geometry":{"type":"Point","coordinates":[126.866577,37.556536]}},{"type":"Feature","properties":{"id":"A15805203","name":"목동건영","district":"양천구","neighborhood":"목동","avgPrice":6.8469999999999995,"households":2001,"buildingCount":5,"rank":1950},"geometry":{"type":"Point","coordinates":[126.872967,37.541951]}},{"type":"Feature","properties":{"id":"A13819001","name":"잠실한솔","district":"송파구","neighborhood":"석촌동","avgPrice":18.007142857142856,"households":2000,"buildingCount":6,"rank":1951},"geometry":{"type":"Point","coordinates":[127.104518,37.503881]}},{"type":"Feature","properties":{"id":"A15805202","name":"목동e-편한세상","district":"양천구","neighborhood":"목동","avgPrice":7.1,"households":2000,"buildingCount":9,"rank":1952},"geometry":{"type":"Point","coordinates":[126.871581,37.539155]}},{"type":"Feature","properties":{"id":"A15704023","name":"강변힐스테이트","district":"강서구","neighborhood":"염창동","avgPrice":13.55,"households":1999,"buildingCount":8,"rank":1953},"geometry":{"type":"Point","coordinates":[126.874588,37.551193]}},{"type":"Feature","properties":{"id":"A14207203","name":"수유벽산","district":"강북구","neighborhood":"수유동","avgPrice":6.432380952380953,"households":1996,"buildingCount":5,"rank":1954},"geometry":{"type":"Point","coordinates":[127.018795,37.643164]}},{"type":"Feature","properties":{"id":"A15081201","name":"대림성원","district":"영등포구","neighborhood":"대림동","avgPrice":7.75,"households":1995,"buildingCount":0,"rank":1955},"geometry":{"type":"Point","coordinates":[126.8949,37.506945]}},{"type":"Feature","properties":{"id":"A14207202","name":"래미안수유","district":"강북구","neighborhood":"수유동","avgPrice":6.575,"households":1995,"buildingCount":1,"rank":1956},"geometry":{"type":"Point","coordinates":[127.019564,37.644318]}},{"type":"Feature","properties":{"id":"A14207201","name":"래미안수유임대","district":"강북구","neighborhood":"수유동","avgPrice":11.15,"households":1994,"buildingCount":0,"rank":1957},"geometry":{"type":"Point","coordinates":[127.02454,37.624165]}},{"type":"Feature","properties":{"id":"A12104007","name":"마포도화우성아파트","district":"마포구","neighborhood":"도화동","avgPrice":17.570588235294117,"households":1992,"buildingCount":4,"rank":1958},"geometry":{"type":"Point","coordinates":[126.94723,37.537015]}},{"type":"Feature","properties":{"id":"A13510103","name":"삼성청담공원","district":"강남구","neighborhood":"청담동","avgPrice":28.5,"households":1991,"buildingCount":8,"rank":1959},"geometry":{"type":"Point","coordinates":[127.050532,37.521871]}},{"type":"Feature","properties":{"id":"A12009002","name":"인왕산한신휴플러스","district":"서대문구","neighborhood":"홍제동","avgPrice":10.379999999999999,"households":1991,"buildingCount":3,"rank":1960},"geometry":{"type":"Point","coordinates":[126.947202,37.584992]}},{"type":"Feature","properties":{"id":"A13510102","name":"청담현대3차","district":"강남구","neighborhood":"청담동","avgPrice":39.5,"households":1990,"buildingCount":10,"rank":1961},"geometry":{"type":"Point","coordinates":[127.052987,37.526755]}},{"type":"Feature","properties":{"id":"A12104005","name":"마포삼성","district":"마포구","neighborhood":"도화동","avgPrice":22.7625,"households":1990,"buildingCount":13,"rank":1962},"geometry":{"type":"Point","coordinates":[126.950299,37.539976]}},{"type":"Feature","properties":{"id":"A12009001","name":"홍제유원하나제2","district":"서대문구","neighborhood":"홍제동","avgPrice":5.921052631578948,"households":1990,"buildingCount":1,"rank":1963},"geometry":{"type":"Point","coordinates":[126.951834,37.594711]}},{"type":"Feature","properties":{"id":"A13203102","name":"쌍문극동","district":"도봉구","neighborhood":"쌍문동","avgPrice":6.85,"households":1989,"buildingCount":3,"rank":1964},"geometry":{"type":"Point","coordinates":[127.027613,37.651553]}},{"type":"Feature","properties":{"id":"A10027456","name":"중화동양엔파트 주상복합","district":"중랑구","neighborhood":"중화동","avgPrice":7.0125,"households":1988,"buildingCount":0,"rank":1965},"geometry":{"type":"Point","coordinates":[127.081796,37.606885]}},{"type":"Feature","properties":{"id":"A10027454","name":"왕십리모노퍼스","district":"성동구","neighborhood":"하왕십리동","avgPrice":18.45,"households":1986,"buildingCount":5,"rank":1966},"geometry":{"type":"Point","coordinates":[127.029468,37.569351]}},{"type":"Feature","properties":{"id":"A12104001","name":"도화현대","district":"마포구","neighborhood":"도화동","avgPrice":15.633333333333333,"households":1986,"buildingCount":4,"rank":1967},"geometry":{"type":"Point","coordinates":[126.950932,37.537315]}},{"type":"Feature","properties":{"id":"A10021278","name":"평창동 롯데캐슬로잔","district":"종로구","neighborhood":"평창동","avgPrice":20.016666666666666,"households":1984,"buildingCount":8,"rank":1968},"geometry":{"type":"Point","coordinates":[126.977218,37.609908]}},{"type":"Feature","properties":{"id":"A10027452","name":"마곡엠밸리10단지 아파트","district":"강서구","neighborhood":"마곡동","avgPrice":15.5,"households":1984,"buildingCount":8,"rank":1969},"geometry":{"type":"Point","coordinates":[126.819649,37.559255]}},{"type":"Feature","properties":{"id":"A13587603","name":"선릉에클라트","district":"강남구","neighborhood":"삼성동","avgPrice":3.563333333333333,"households":1980,"buildingCount":1,"rank":1970},"geometry":{"type":"Point","coordinates":[127.050004,37.50576]}},{"type":"Feature","properties":{"id":"A10026061","name":"불광삼익아파트","district":"은평구","neighborhood":"불광동","avgPrice":8.35,"households":1979,"buildingCount":0,"rank":1971},"geometry":{"type":"Point","coordinates":[126.940236,37.61296]}},{"type":"Feature","properties":{"id":"A15884202","name":"신월신안약수","district":"양천구","neighborhood":"신월동","avgPrice":6.6125,"households":1977,"buildingCount":1,"rank":1972},"geometry":{"type":"Point","coordinates":[126.864182,37.501084]}},{"type":"Feature","properties":{"id":"A13993002","name":"중계현대2차","district":"노원구","neighborhood":"중계동","avgPrice":12.7,"households":1974,"buildingCount":1,"rank":1973},"geometry":{"type":"Point","coordinates":[127.084876,37.647819]}},{"type":"Feature","properties":{"id":"A10024102","name":"대치르엘","district":"강남구","neighborhood":"대치동","avgPrice":36.43333333333334,"households":1973,"buildingCount":6,"rank":1974},"geometry":{"type":"Point","coordinates":[127.06381,37.501141]}},{"type":"Feature","properties":{"id":"A14286203","name":"번동주공5단지","district":"강북구","neighborhood":"번동","avgPrice":7.550000000000001,"households":1973,"buildingCount":2,"rank":1975},"geometry":{"type":"Point","coordinates":[127.034416,37.633258]}},{"type":"Feature","properties":{"id":"A13993001","name":"중계현대3차","district":"노원구","neighborhood":"중계동","avgPrice":6.8,"households":1973,"buildingCount":2,"rank":1976},"geometry":{"type":"Point","coordinates":[127.081692,37.650467]}},{"type":"Feature","properties":{"id":"A14090902","name":"이촌대림","district":"용산구","neighborhood":"이촌동","avgPrice":19.966666666666665,"households":1972,"buildingCount":2,"rank":1977},"geometry":{"type":"Point","coordinates":[126.955527,37.524674]}},{"type":"Feature","properties":{"id":"A15704017","name":"염창강변성원","district":"강서구","neighborhood":"염창동","avgPrice":9.943636363636363,"households":1972,"buildingCount":3,"rank":1978},"geometry":{"type":"Point","coordinates":[126.87239,37.555587]}},{"type":"Feature","properties":{"id":"A13379001","name":"금호자이2차","district":"성동구","neighborhood":"금호동3가","avgPrice":17.575000000000003,"households":1971,"buildingCount":0,"rank":1979},"geometry":{"type":"Point","coordinates":[127.0219,37.550285]}},{"type":"Feature","properties":{"id":"A13183701","name":"아남리치카운티","district":"중랑구","neighborhood":"면목동","avgPrice":6.7,"households":1971,"buildingCount":4,"rank":1980},"geometry":{"type":"Point","coordinates":[127.084786,37.588929]}},{"type":"Feature","properties":{"id":"A15704015","name":"염창롯데캐슬","district":"강서구","neighborhood":"염창동","avgPrice":11.25,"households":1970,"buildingCount":5,"rank":1981},"geometry":{"type":"Point","coordinates":[126.868319,37.550783]}},{"type":"Feature","properties":{"id":"A13070101","name":"회기힐스테이트","district":"동대문구","neighborhood":"회기동","avgPrice":9.760000000000002,"households":1960,"buildingCount":4,"rank":1982},"geometry":{"type":"Point","coordinates":[127.052876,37.590243]}},{"type":"Feature","properties":{"id":"A10027446","name":"강남더샵포레스트","district":"강남구","neighborhood":"수서동","avgPrice":13.8,"households":1957,"buildingCount":5,"rank":1983},"geometry":{"type":"Point","coordinates":[127.094865,37.481602]}},{"type":"Feature","properties":{"id":"A10022656","name":"서초벽산블루밍아파트","district":"서초구","neighborhood":"서초동","avgPrice":19.45,"households":1955,"buildingCount":2,"rank":1984},"geometry":{"type":"Point","coordinates":[127.011312,37.481159]}},{"type":"Feature","properties":{"id":"A10022655","name":"이안테라디움 성북","district":"성북구","neighborhood":"정릉동","avgPrice":10.3,"households":1954,"buildingCount":1,"rank":1985},"geometry":{"type":"Point","coordinates":[126.98902,37.575758]}},{"type":"Feature","properties":{"id":"A13986703","name":"중계경남아너스빌","district":"노원구","neighborhood":"중계동","avgPrice":6.61,"households":1954,"buildingCount":3,"rank":1986},"geometry":{"type":"Point","coordinates":[127.076417,37.661846]}},{"type":"Feature","properties":{"id":"A10021269","name":"한강로대우아이빌","district":"용산구","neighborhood":"한강로2가","avgPrice":3.9,"households":1954,"buildingCount":1,"rank":1987},"geometry":{"type":"Point","coordinates":[126.969037,37.531552]}},{"type":"Feature","properties":{"id":"A13986702","name":"삼창타워프라자","district":"노원구","neighborhood":"중계동","avgPrice":10.45,"households":1953,"buildingCount":3,"rank":1988},"geometry":{"type":"Point","coordinates":[127.073243,37.658515]}},{"type":"Feature","properties":{"id":"A11087101","name":"경희궁의아침2단지","district":"종로구","neighborhood":"내수동","avgPrice":27,"households":1952,"buildingCount":1,"rank":1989},"geometry":{"type":"Point","coordinates":[126.971164,37.573886]}},{"type":"Feature","properties":{"id":"A13986701","name":"중계성원2차","district":"노원구","neighborhood":"중계동","avgPrice":4.4,"households":1952,"buildingCount":1,"rank":1990},"geometry":{"type":"Point","coordinates":[127.075366,37.661184]}},{"type":"Feature","properties":{"id":"A10022652","name":"LH 수서2단지","district":"강남구","neighborhood":"자곡동","avgPrice":16.85,"households":1951,"buildingCount":0,"rank":1991},"geometry":{"type":"Point","coordinates":[127.068934,37.52944]}},{"type":"Feature","properties":{"id":"A10026053","name":"마포한강 아이파크","district":"마포구","neighborhood":"망원동","avgPrice":8.75,"households":1950,"buildingCount":0,"rank":1992},"geometry":{"type":"Point","coordinates":[126.903416,37.552644]}},{"type":"Feature","properties":{"id":"A10026051","name":"반포래미안아이파크","district":"서초구","neighborhood":"반포동","avgPrice":49.675,"households":1948,"buildingCount":9,"rank":1993},"geometry":{"type":"Point","coordinates":[127.013251,37.50176]}},{"type":"Feature","properties":{"id":"A10021263","name":"경향렉스빌아파트","district":"은평구","neighborhood":"응암동","avgPrice":8.7,"households":1948,"buildingCount":1,"rank":1994},"geometry":{"type":"Point","coordinates":[126.925721,37.600775]}},{"type":"Feature","properties":{"id":"A15784402","name":"등촌태진아름","district":"강서구","neighborhood":"등촌동","avgPrice":7.718181818181819,"households":1948,"buildingCount":6,"rank":1995},"geometry":{"type":"Point","coordinates":[126.870906,37.533337]}},{"type":"Feature","properties":{"id":"A15609008","name":"사당대아2차","district":"동작구","neighborhood":"사당동","avgPrice":9.8,"households":1946,"buildingCount":4,"rank":1996},"geometry":{"type":"Point","coordinates":[126.967705,37.487342]}},{"type":"Feature","properties":{"id":"A15285503","name":"구로보광","district":"구로구","neighborhood":"구로동","avgPrice":7.071666666666666,"households":1946,"buildingCount":5,"rank":1997},"geometry":{"type":"Point","coordinates":[126.885717,37.495492]}},{"type":"Feature","properties":{"id":"A15609007","name":"이수역리가","district":"동작구","neighborhood":"사당동","avgPrice":18.02,"households":1945,"buildingCount":8,"rank":1998},"geometry":{"type":"Point","coordinates":[126.97404,37.489441]}},{"type":"Feature","properties":{"id":"A15609006","name":"신동아5","district":"동작구","neighborhood":"사당동","avgPrice":12.68,"households":1944,"buildingCount":8,"rank":1999},"geometry":{"type":"Point","coordinates":[126.976465,37.490876]}},{"type":"Feature","properties":{"id":"A15609005","name":"사당 대림아파트","district":"동작구","neighborhood":"사당동","avgPrice":13.6,"households":1943,"buildingCount":10,"rank":2000},"geometry":{"type":"Point","coordinates":[126.971663,37.488752]}},{"type":"Feature","properties":{"id":"A15704009","name":"염창벽산늘푸른","district":"강서구","neighborhood":"염창동","avgPrice":8.28625,"households":1943,"buildingCount":1,"rank":2001},"geometry":{"type":"Point","coordinates":[126.852102,37.528682]}},{"type":"Feature","properties":{"id":"A15704007","name":"염창1차보람더하임아파트","district":"강서구","neighborhood":"염창동","avgPrice":12.833333333333334,"households":1941,"buildingCount":6,"rank":2002},"geometry":{"type":"Point","coordinates":[126.870346,37.551432]}},{"type":"Feature","properties":{"id":"A15609003","name":"사당휴먼시아","district":"동작구","neighborhood":"사당동","avgPrice":10.5975,"households":1941,"buildingCount":5,"rank":2003},"geometry":{"type":"Point","coordinates":[126.970024,37.478687]}},{"type":"Feature","properties":{"id":"A15704006","name":"염창우성3차","district":"강서구","neighborhood":"염창동","avgPrice":13.549999999999999,"households":1940,"buildingCount":3,"rank":2004},"geometry":{"type":"Point","coordinates":[126.867265,37.551265]}},{"type":"Feature","properties":{"id":"A13370801","name":"성동삼성쉐르빌","district":"성동구","neighborhood":"도선동","avgPrice":10.761666666666665,"households":1940,"buildingCount":5,"rank":2005},"geometry":{"type":"Point","coordinates":[127.035294,37.564247]}},{"type":"Feature","properties":{"id":"A15609002","name":"사당삼호그린","district":"동작구","neighborhood":"사당동","avgPrice":8.633333333333333,"households":1940,"buildingCount":1,"rank":2006},"geometry":{"type":"Point","coordinates":[126.965353,37.48596]}},{"type":"Feature","properties":{"id":"A15609001","name":"사당유니드","district":"동작구","neighborhood":"사당동","avgPrice":15.149999999999999,"households":1939,"buildingCount":5,"rank":2007},"geometry":{"type":"Point","coordinates":[126.975189,37.493357]}},{"type":"Feature","properties":{"id":"A15205108","name":"구일우성아파트","district":"구로구","neighborhood":"구로동","avgPrice":6.127692307692308,"households":1939,"buildingCount":10,"rank":2008},"geometry":{"type":"Point","coordinates":[126.876915,37.490452]}},{"type":"Feature","properties":{"id":"A15704003","name":"염창월드메르디앙","district":"강서구","neighborhood":"염창동","avgPrice":7.7,"households":1937,"buildingCount":1,"rank":2009},"geometry":{"type":"Point","coordinates":[126.87282,37.552808]}},{"type":"Feature","properties":{"id":"A15704002","name":"염창 일신건영휴먼빌아파트","district":"강서구","neighborhood":"염창동","avgPrice":10.09,"households":1936,"buildingCount":4,"rank":2010},"geometry":{"type":"Point","coordinates":[126.87381,37.552409]}},{"type":"Feature","properties":{"id":"A15704001","name":"염창2차한화꿈에그린","district":"강서구","neighborhood":"염창동","avgPrice":11.76,"households":1935,"buildingCount":4,"rank":2011},"geometry":{"type":"Point","coordinates":[126.86698,37.552152]}},{"type":"Feature","properties":{"id":"A15205104","name":"구로한일유엔아이","district":"구로구","neighborhood":"구로동","avgPrice":6.9,"households":1935,"buildingCount":7,"rank":2012},"geometry":{"type":"Point","coordinates":[126.875801,37.486201]}},{"type":"Feature","properties":{"id":"A15205103","name":"구로우성(1동)","district":"구로구","neighborhood":"구로동","avgPrice":13.05,"households":1934,"buildingCount":2,"rank":2013},"geometry":{"type":"Point","coordinates":[126.889237,37.504593]}},{"type":"Feature","properties":{"id":"A10027439","name":"래미안 신반포팰리스","district":"서초구","neighborhood":"잠원동","avgPrice":19.7,"households":1929,"buildingCount":7,"rank":2014},"geometry":{"type":"Point","coordinates":[127.012474,37.514889]}},{"type":"Feature","properties":{"id":"A13122002","name":"상봉프레미어스엠코","district":"중랑구","neighborhood":"상봉동","avgPrice":11.809999999999999,"households":1928,"buildingCount":2,"rank":2015},"geometry":{"type":"Point","coordinates":[127.090282,37.59811]}},{"type":"Feature","properties":{"id":"A10022649","name":"송파더플래티넘","district":"송파구","neighborhood":"오금동","avgPrice":14.0625,"households":1927,"buildingCount":0,"rank":2016},"geometry":{"type":"Point","coordinates":[127.09894,37.536415]}},{"type":"Feature","properties":{"id":"A13122001","name":"상봉건영캐스빌","district":"중랑구","neighborhood":"상봉동","avgPrice":8.427692307692308,"households":1927,"buildingCount":9,"rank":2017},"geometry":{"type":"Point","coordinates":[127.091322,37.60258]}},{"type":"Feature","properties":{"id":"A15776715","name":"등촌주공7단지","district":"강서구","neighborhood":"등촌동","avgPrice":6.3500000000000005,"households":1926,"buildingCount":7,"rank":2018},"geometry":{"type":"Point","coordinates":[126.852085,37.560777]}},{"type":"Feature","properties":{"id":"A10027433","name":"마곡엠밸리8단지","district":"강서구","neighborhood":"마곡동","avgPrice":15.34,"households":1923,"buildingCount":5,"rank":2019},"geometry":{"type":"Point","coordinates":[126.819522,37.563424]}},{"type":"Feature","properties":{"id":"A10021259","name":"암사라인아파트","district":"강동구","neighborhood":"암사동","avgPrice":7.371428571428572,"households":1923,"buildingCount":3,"rank":2020},"geometry":{"type":"Point","coordinates":[127.131065,37.554515]}},{"type":"Feature","properties":{"id":"A10027432","name":"서울 왕십리 KCC스위첸아파트","district":"성동구","neighborhood":"하왕십리동","avgPrice":14.600000000000001,"households":1922,"buildingCount":4,"rank":2021},"geometry":{"type":"Point","coordinates":[127.026727,37.56053]}},{"type":"Feature","properties":{"id":"A10026046","name":"청광플러스원 아파트","district":"중랑구","neighborhood":"중화동","avgPrice":8.4,"households":1922,"buildingCount":3,"rank":2022},"geometry":{"type":"Point","coordinates":[127.080084,37.60247]}},{"type":"Feature","properties":{"id":"A13981903","name":"상계주공14단지","district":"노원구","neighborhood":"상계동","avgPrice":11.75,"households":1921,"buildingCount":5,"rank":2023},"geometry":{"type":"Point","coordinates":[127.056638,37.669725]}},{"type":"Feature","properties":{"id":"A10021256","name":"가락풍림아파트","district":"송파구","neighborhood":"가락동","avgPrice":14.8,"households":1920,"buildingCount":2,"rank":2024},"geometry":{"type":"Point","coordinates":[127.126424,37.495895]}},{"type":"Feature","properties":{"id":"A13981901","name":"상계주공13단지","district":"노원구","neighborhood":"상계동","avgPrice":14.15,"households":1919,"buildingCount":3,"rank":2025},"geometry":{"type":"Point","coordinates":[127.064692,37.666985]}},{"type":"Feature","properties":{"id":"A10022641","name":"이튼타워리버2차아파트","district":"광진구","neighborhood":"자양동","avgPrice":10.65,"households":1919,"buildingCount":0,"rank":2026},"geometry":{"type":"Point","coordinates":[127.069122,37.532115]}},{"type":"Feature","properties":{"id":"A10022640","name":"한남하이츠빌라","district":"성동구","neighborhood":"옥수동","avgPrice":22.65,"households":1918,"buildingCount":1,"rank":2027},"geometry":{"type":"Point","coordinates":[127.010363,37.538696]}},{"type":"Feature","properties":{"id":"A10021254","name":"장은하이빌아파트","district":"노원구","neighborhood":"월계동","avgPrice":12.75,"households":1918,"buildingCount":2,"rank":2028},"geometry":{"type":"Point","coordinates":[127.061846,37.620625]}},{"type":"Feature","properties":{"id":"A15185704","name":"신림건영1차","district":"관악구","neighborhood":"신림동","avgPrice":5.06,"households":1918,"buildingCount":2,"rank":2029},"geometry":{"type":"Point","coordinates":[126.941951,37.467816]}},{"type":"Feature","properties":{"id":"A13980513","name":"공릉풍림아이원","district":"노원구","neighborhood":"공릉동","avgPrice":10.85,"households":1917,"buildingCount":3,"rank":2030},"geometry":{"type":"Point","coordinates":[127.065771,37.62958]}},{"type":"Feature","properties":{"id":"A13980512","name":"공릉1단지","district":"노원구","neighborhood":"공릉동","avgPrice":12.15,"households":1916,"buildingCount":6,"rank":2031},"geometry":{"type":"Point","coordinates":[127.069113,37.630698]}},{"type":"Feature","properties":{"id":"A13980511","name":"공릉3단지라이프","district":"노원구","neighborhood":"공릉동","avgPrice":11.55,"households":1915,"buildingCount":6,"rank":2032},"geometry":{"type":"Point","coordinates":[127.0682,37.627798]}},{"type":"Feature","properties":{"id":"A13486401","name":"천호현대","district":"강동구","neighborhood":"천호동","avgPrice":7.550000000000001,"households":1914,"buildingCount":2,"rank":2033},"geometry":{"type":"Point","coordinates":[127.132896,37.538482]}},{"type":"Feature","properties":{"id":"A13980510","name":"공릉2단지라이프","district":"노원구","neighborhood":"공릉동","avgPrice":5.35,"households":1914,"buildingCount":5,"rank":2034},"geometry":{"type":"Point","coordinates":[127.066655,37.630236]}},{"type":"Feature","properties":{"id":"A15284101","name":"구로2차순영웰라이빌","district":"구로구","neighborhood":"구로동","avgPrice":11.9,"households":1909,"buildingCount":8,"rank":2035},"geometry":{"type":"Point","coordinates":[126.891638,37.496547]}},{"type":"Feature","properties":{"id":"A13082502","name":"이문중앙하이츠빌","district":"동대문구","neighborhood":"이문동","avgPrice":8.516666666666667,"households":1908,"buildingCount":7,"rank":2036},"geometry":{"type":"Point","coordinates":[127.064625,37.596587]}},{"type":"Feature","properties":{"id":"A13406007","name":"둔촌성원","district":"강동구","neighborhood":"둔촌동","avgPrice":7.5,"households":1908,"buildingCount":0,"rank":2037},"geometry":{"type":"Point","coordinates":[127.142684,37.528738]}},{"type":"Feature","properties":{"id":"A15101903","name":"건영3차아파트","district":"관악구","neighborhood":"신림동","avgPrice":15.049999999999999,"households":1907,"buildingCount":3,"rank":2038},"geometry":{"type":"Point","coordinates":[126.943474,37.467031]}},{"type":"Feature","properties":{"id":"A13082501","name":"이문삼익아파트","district":"동대문구","neighborhood":"이문동","avgPrice":8.134375,"households":1907,"buildingCount":3,"rank":2039},"geometry":{"type":"Point","coordinates":[127.06731,37.595679]}},{"type":"Feature","properties":{"id":"A13406005","name":"둔촌프라자","district":"강동구","neighborhood":"둔촌동","avgPrice":12.489999999999998,"households":1906,"buildingCount":4,"rank":2040},"geometry":{"type":"Point","coordinates":[127.14816,37.535459]}},{"type":"Feature","properties":{"id":"A13501008","name":"거평","district":"강남구","neighborhood":"논현동","avgPrice":22.75,"households":1905,"buildingCount":1,"rank":2041},"geometry":{"type":"Point","coordinates":[127.027658,37.506352]}},{"type":"Feature","properties":{"id":"A15101901","name":"신림금호타운1차","district":"관악구","neighborhood":"신림동","avgPrice":12.75,"households":1905,"buildingCount":1,"rank":2042},"geometry":{"type":"Point","coordinates":[126.938376,37.465416]}},{"type":"Feature","properties":{"id":"A15105303","name":"관악현대","district":"관악구","neighborhood":"봉천동","avgPrice":8.95,"households":1905,"buildingCount":5,"rank":2043},"geometry":{"type":"Point","coordinates":[126.958483,37.492214]}},{"type":"Feature","properties":{"id":"A15105302","name":"관악푸르지오아파트","district":"관악구","neighborhood":"봉천동","avgPrice":15.3,"households":1904,"buildingCount":3,"rank":2044},"geometry":{"type":"Point","coordinates":[126.957271,37.487615]}},{"type":"Feature","properties":{"id":"A13713002","name":"양재리본타워2단지","district":"서초구","neighborhood":"양재동","avgPrice":15.100000000000001,"households":1904,"buildingCount":2,"rank":2045},"geometry":{"type":"Point","coordinates":[127.036022,37.464842]}},{"type":"Feature","properties":{"id":"A13501007","name":"논현쌍용","district":"강남구","neighborhood":"논현동","avgPrice":14.95,"households":1904,"buildingCount":6,"rank":2046},"geometry":{"type":"Point","coordinates":[127.03766,37.519069]}},{"type":"Feature","properties":{"id":"A13406003","name":"둔촌하이츠","district":"강동구","neighborhood":"둔촌동","avgPrice":10.775555555555556,"households":1904,"buildingCount":1,"rank":2047},"geometry":{"type":"Point","coordinates":[127.142399,37.529497]}},{"type":"Feature","properties":{"id":"A13501006","name":"아크로힐스논현","district":"강남구","neighborhood":"논현동","avgPrice":32.925,"households":1903,"buildingCount":4,"rank":2048},"geometry":{"type":"Point","coordinates":[127.039509,37.509507]}},{"type":"Feature","properties":{"id":"A13713001","name":"양재리본타워1단지","district":"서초구","neighborhood":"양재동","avgPrice":17.5,"households":1903,"buildingCount":2,"rank":2049},"geometry":{"type":"Point","coordinates":[127.032433,37.47304]}},{"type":"Feature","properties":{"id":"A10025985","name":"래미안 구의 파크스위트 아파트","district":"광진구","neighborhood":"구의동","avgPrice":14.100000000000001,"households":1903,"buildingCount":0,"rank":2050},"geometry":{"type":"Point","coordinates":[127.074702,37.53813]}},{"type":"Feature","properties":{"id":"A15105301","name":"관악푸르지오제2단지","district":"관악구","neighborhood":"봉천동","avgPrice":11.089230769230769,"households":1903,"buildingCount":0,"rank":2051},"geometry":{"type":"Point","coordinates":[126.923412,37.491045]}},{"type":"Feature","properties":{"id":"A13406002","name":"둔촌동동아","district":"강동구","neighborhood":"둔촌동","avgPrice":6.55,"households":1903,"buildingCount":2,"rank":2052},"geometry":{"type":"Point","coordinates":[127.145872,37.533195]}},{"type":"Feature","properties":{"id":"A13501005","name":"논현두산위브1단지","district":"강남구","neighborhood":"논현동","avgPrice":22.5,"households":1902,"buildingCount":4,"rank":2053},"geometry":{"type":"Point","coordinates":[127.038691,37.513461]}},{"type":"Feature","properties":{"id":"A13501004","name":"논현신동아","district":"강남구","neighborhood":"논현동","avgPrice":17.85,"households":1901,"buildingCount":0,"rank":2054},"geometry":{"type":"Point","coordinates":[127.030944,37.519495]}},{"type":"Feature","properties":{"id":"A10024597","name":"염리동세양청마루아파트","district":"마포구","neighborhood":"염리동","avgPrice":13.25,"households":1901,"buildingCount":2,"rank":2055},"geometry":{"type":"Point","coordinates":[126.946295,37.543401]}},{"type":"Feature","properties":{"id":"A13501002","name":"마일스디오빌","district":"강남구","neighborhood":"논현동","avgPrice":3.733333333333333,"households":1899,"buildingCount":2,"rank":2056},"geometry":{"type":"Point","coordinates":[127.029189,37.513483]}},{"type":"Feature","properties":{"id":"A13501001","name":"동양파라곤","district":"강남구","neighborhood":"논현동","avgPrice":38.5,"households":1898,"buildingCount":4,"rank":2057},"geometry":{"type":"Point","coordinates":[127.038147,37.514719]}},{"type":"Feature","properties":{"id":"A12115001","name":"한강밤섬자이아파트","district":"마포구","neighborhood":"하중동","avgPrice":27.65,"households":1898,"buildingCount":7,"rank":2058},"geometry":{"type":"Point","coordinates":[126.928539,37.544716]}},{"type":"Feature","properties":{"id":"A10025980","name":"방원예뜨랑아파트","district":"양천구","neighborhood":"신월동","avgPrice":16.25,"households":1898,"buildingCount":3,"rank":2059},"geometry":{"type":"Point","coordinates":[126.835075,37.527284]}},{"type":"Feature","properties":{"id":"A10024594","name":"이문2차푸르지오아파트","district":"동대문구","neighborhood":"이문동","avgPrice":8.075,"households":1898,"buildingCount":4,"rank":2060},"geometry":{"type":"Point","coordinates":[127.070321,37.603702]}},{"type":"Feature","properties":{"id":"A10027425","name":"이태원주공아파트","district":"용산구","neighborhood":"이태원동","avgPrice":13.899999999999999,"households":1894,"buildingCount":8,"rank":2061},"geometry":{"type":"Point","coordinates":[126.989287,37.542408]}},{"type":"Feature","properties":{"id":"A10026039","name":"천왕이펜하우스8단지","district":"구로구","neighborhood":"천왕동","avgPrice":13.3,"households":1894,"buildingCount":4,"rank":2062},"geometry":{"type":"Point","coordinates":[126.842538,37.476527]}},{"type":"Feature","properties":{"id":"A10027424","name":"상도파크자이 아파트","district":"동작구","neighborhood":"상도동","avgPrice":20.55,"households":1893,"buildingCount":7,"rank":2063},"geometry":{"type":"Point","coordinates":[126.938297,37.505706]}},{"type":"Feature","properties":{"id":"A13980509","name":"공릉삼익4단지","district":"노원구","neighborhood":"공릉동","avgPrice":12.5,"households":1892,"buildingCount":3,"rank":2064},"geometry":{"type":"Point","coordinates":[127.071004,37.630173]}},{"type":"Feature","properties":{"id":"A10026036","name":"마포자이 더 센트리지 아파트","district":"마포구","neighborhood":"염리동","avgPrice":14.45,"households":1891,"buildingCount":3,"rank":2065},"geometry":{"type":"Point","coordinates":[126.907441,37.588523]}},{"type":"Feature","properties":{"id":"A15089307","name":"여의대우트럼프월드2차","district":"영등포구","neighborhood":"여의도동","avgPrice":16.75,"households":1890,"buildingCount":0,"rank":2066},"geometry":{"type":"Point","coordinates":[126.92289,37.517049]}},{"type":"Feature","properties":{"id":"A15875103","name":"목동신시가지 6단지아파트","district":"양천구","neighborhood":"목동","avgPrice":9.1,"households":1887,"buildingCount":6,"rank":2067},"geometry":{"type":"Point","coordinates":[126.884972,37.534667]}},{"type":"Feature","properties":{"id":"A15875102","name":"목동2단지","district":"양천구","neighborhood":"목동","avgPrice":9.8,"households":1886,"buildingCount":4,"rank":2068},"geometry":{"type":"Point","coordinates":[126.877854,37.537198]}},{"type":"Feature","properties":{"id":"A15875101","name":"목동1단지","district":"양천구","neighborhood":"목동","avgPrice":12.2,"households":1885,"buildingCount":5,"rank":2069},"geometry":{"type":"Point","coordinates":[126.881758,37.538366]}},{"type":"Feature","properties":{"id":"A10021241","name":"코업스타클래스","district":"성북구","neighborhood":"하월곡동","avgPrice":14,"households":1884,"buildingCount":1,"rank":2070},"geometry":{"type":"Point","coordinates":[127.040563,37.601944]}},{"type":"Feature","properties":{"id":"A13920209","name":"상계중앙하이츠2차","district":"노원구","neighborhood":"상계동","avgPrice":13.649999999999999,"households":1883,"buildingCount":4,"rank":2071},"geometry":{"type":"Point","coordinates":[127.067516,37.654915]}},{"type":"Feature","properties":{"id":"A14272314","name":"미아뉴타운두산위브트레지움","district":"강북구","neighborhood":"미아동","avgPrice":8.702439024390245,"households":1881,"buildingCount":7,"rank":2072},"geometry":{"type":"Point","coordinates":[127.015972,37.618474]}},{"type":"Feature","properties":{"id":"A13920207","name":"상계1차중앙하이츠","district":"노원구","neighborhood":"상계동","avgPrice":6.36,"households":1881,"buildingCount":5,"rank":2073},"geometry":{"type":"Point","coordinates":[127.068995,37.654051]}},{"type":"Feature","properties":{"id":"A13792001","name":"서초삼풍","district":"서초구","neighborhood":"서초동","avgPrice":14.25,"households":1880,"buildingCount":0,"rank":2074},"geometry":{"type":"Point","coordinates":[127.016882,37.494922]}},{"type":"Feature","properties":{"id":"A14272313","name":"송천센트레빌","district":"강북구","neighborhood":"미아동","avgPrice":10.833333333333334,"households":1880,"buildingCount":6,"rank":2075},"geometry":{"type":"Point","coordinates":[127.025296,37.61227]}},{"type":"Feature","properties":{"id":"A13920205","name":"상계한일유엔아이","district":"노원구","neighborhood":"상계동","avgPrice":12.9,"households":1879,"buildingCount":2,"rank":2076},"geometry":{"type":"Point","coordinates":[127.063646,37.658099]}},{"type":"Feature","properties":{"id":"A14272311","name":"SK북한산시티임대","district":"강북구","neighborhood":"미아동","avgPrice":8.4,"households":1878,"buildingCount":5,"rank":2077},"geometry":{"type":"Point","coordinates":[127.050331,37.650855]}},{"type":"Feature","properties":{"id":"A14272310","name":"미아벽산임대","district":"강북구","neighborhood":"미아동","avgPrice":7.4,"households":1877,"buildingCount":0,"rank":2078},"geometry":{"type":"Point","coordinates":[127.03179,37.652695]}},{"type":"Feature","properties":{"id":"A13580002","name":"개포우성8차","district":"강남구","neighborhood":"개포동","avgPrice":26.799999999999997,"households":1876,"buildingCount":3,"rank":2079},"geometry":{"type":"Point","coordinates":[127.062293,37.488193]}},{"type":"Feature","properties":{"id":"A13920202","name":"상계코오롱","district":"노원구","neighborhood":"상계동","avgPrice":6.024,"households":1876,"buildingCount":3,"rank":2080},"geometry":{"type":"Point","coordinates":[127.06982,37.652694]}},{"type":"Feature","properties":{"id":"A13580001","name":"개포현대3차","district":"강남구","neighborhood":"개포동","avgPrice":15.9,"households":1875,"buildingCount":7,"rank":2081},"geometry":{"type":"Point","coordinates":[127.060757,37.487722]}},{"type":"Feature","properties":{"id":"A15005501","name":"포레나 신길","district":"영등포구","neighborhood":"신길동","avgPrice":13.883333333333333,"households":1874,"buildingCount":3,"rank":2082},"geometry":{"type":"Point","coordinates":[126.910061,37.502945]}},{"type":"Feature","properties":{"id":"A13613201","name":"하월곡샹그레빌","district":"성북구","neighborhood":"하월곡동","avgPrice":6.050000000000001,"households":1874,"buildingCount":8,"rank":2083},"geometry":{"type":"Point","coordinates":[127.042385,37.569445]}},{"type":"Feature","properties":{"id":"A10025976","name":"DMC센트럴아이파크","district":"서대문구","neighborhood":"남가좌동","avgPrice":13.3165625,"households":1873,"buildingCount":9,"rank":2084},"geometry":{"type":"Point","coordinates":[126.920596,37.578847]}},{"type":"Feature","properties":{"id":"A10024587","name":"대명비발디아파트","district":"마포구","neighborhood":"연남동","avgPrice":9.925,"households":1870,"buildingCount":0,"rank":2085},"geometry":{"type":"Point","coordinates":[126.891402,37.54578]}},{"type":"Feature","properties":{"id":"A10023195","name":"용산파크 이편한세상","district":"용산구","neighborhood":"한강로2가","avgPrice":22.65,"households":1864,"buildingCount":2,"rank":2086},"geometry":{"type":"Point","coordinates":[126.970857,37.534055]}},{"type":"Feature","properties":{"id":"A10024581","name":"DMC문영퀸즈파크","district":"은평구","neighborhood":"증산동","avgPrice":10.8,"households":1864,"buildingCount":3,"rank":2087},"geometry":{"type":"Point","coordinates":[126.908261,37.586723]}},{"type":"Feature","properties":{"id":"A13785705","name":"서초우성5차아파트","district":"서초구","neighborhood":"서초동","avgPrice":22.1,"households":1863,"buildingCount":7,"rank":2088},"geometry":{"type":"Point","coordinates":[127.027191,37.494889]}},{"type":"Feature","properties":{"id":"A10023191","name":"서초신원아침도시2차아파트","district":"서초구","neighborhood":"서초동","avgPrice":21,"households":1860,"buildingCount":3,"rank":2089},"geometry":{"type":"Point","coordinates":[127.024148,37.484342]}},{"type":"Feature","properties":{"id":"A10022623","name":"대우디오빌프라임","district":"서초구","neighborhood":"서초동","avgPrice":18.9,"households":1859,"buildingCount":4,"rank":2090},"geometry":{"type":"Point","coordinates":[127.030399,37.492005]}},{"type":"Feature","properties":{"id":"A10026025","name":"사당갑을명가아파트","district":"동작구","neighborhood":"사당동","avgPrice":8,"households":1859,"buildingCount":1,"rank":2091},"geometry":{"type":"Point","coordinates":[126.96643,37.482562]}},{"type":"Feature","properties":{"id":"A10021237","name":"송파건원여미지아파트","district":"송파구","neighborhood":"마천동","avgPrice":7.1499999999999995,"households":1859,"buildingCount":2,"rank":2092},"geometry":{"type":"Point","coordinates":[127.145407,37.499847]}},{"type":"Feature","properties":{"id":"A13593802","name":"수서1-1단지아파트","district":"강남구","neighborhood":"일원동","avgPrice":15.976666666666667,"households":1858,"buildingCount":1,"rank":2093},"geometry":{"type":"Point","coordinates":[127.08885,37.491608]}},{"type":"Feature","properties":{"id":"A10026024","name":"독산라이프아파트","district":"금천구","neighborhood":"독산동","avgPrice":11.75,"households":1858,"buildingCount":2,"rank":2094},"geometry":{"type":"Point","coordinates":[126.89256,37.460595]}},{"type":"Feature","properties":{"id":"A10022621","name":"문정동마에스트로청년주택","district":"송파구","neighborhood":"문정동","avgPrice":18.799999999999997,"households":1857,"buildingCount":0,"rank":2095},"geometry":{"type":"Point","coordinates":[127.126478,37.490512]}},{"type":"Feature","properties":{"id":"A13593801","name":"일원동 수서아파트","district":"강남구","neighborhood":"일원동","avgPrice":13.25,"households":1857,"buildingCount":11,"rank":2096},"geometry":{"type":"Point","coordinates":[127.090626,37.492689]}},{"type":"Feature","properties":{"id":"A10026023","name":"목동롯데캐슬 마에스트로","district":"양천구","neighborhood":"목동","avgPrice":9.399999999999999,"households":1857,"buildingCount":6,"rank":2097},"geometry":{"type":"Point","coordinates":[126.866141,37.545503]}},{"type":"Feature","properties":{"id":"A12187703","name":"성산2차현대","district":"마포구","neighborhood":"중동","avgPrice":9.284,"households":1856,"buildingCount":4,"rank":2098},"geometry":{"type":"Point","coordinates":[126.908504,37.570465]}},{"type":"Feature","properties":{"id":"A13880701","name":"가락미륭아파트","district":"송파구","neighborhood":"가락동","avgPrice":17.025,"households":1855,"buildingCount":6,"rank":2099},"geometry":{"type":"Point","coordinates":[127.128745,37.494104]}},{"type":"Feature","properties":{"id":"A14272309","name":"래미안트리베라1차","district":"강북구","neighborhood":"미아동","avgPrice":12.85,"households":1855,"buildingCount":12,"rank":2100},"geometry":{"type":"Point","coordinates":[127.020861,37.613912]}},{"type":"Feature","properties":{"id":"A14272308","name":"래미안트리베라2차","district":"강북구","neighborhood":"미아동","avgPrice":15.95,"households":1854,"buildingCount":12,"rank":2101},"geometry":{"type":"Point","coordinates":[127.020284,37.617625]}},{"type":"Feature","properties":{"id":"A10021232","name":"화곡 1동 복지아파트","district":"강서구","neighborhood":"화곡동","avgPrice":5.25,"households":1854,"buildingCount":3,"rank":2102},"geometry":{"type":"Point","coordinates":[126.831705,37.554275]}},{"type":"Feature","properties":{"id":"A14272307","name":"미아현대","district":"강북구","neighborhood":"미아동","avgPrice":6.05,"households":1853,"buildingCount":3,"rank":2103},"geometry":{"type":"Point","coordinates":[127.025778,37.630772]}},{"type":"Feature","properties":{"id":"A14272306","name":"미아경남아너스빌","district":"강북구","neighborhood":"미아동","avgPrice":10.1,"households":1852,"buildingCount":2,"rank":2104},"geometry":{"type":"Point","coordinates":[127.034341,37.617133]}},{"type":"Feature","properties":{"id":"A13385202","name":"응봉대림2차","district":"성동구","neighborhood":"응봉동","avgPrice":18.25,"households":1851,"buildingCount":4,"rank":2105},"geometry":{"type":"Point","coordinates":[127.032397,37.553089]}},{"type":"Feature","properties":{"id":"A14272305","name":"벽산라이브파크","district":"강북구","neighborhood":"미아동","avgPrice":6.335090909090909,"households":1851,"buildingCount":6,"rank":2106},"geometry":{"type":"Point","coordinates":[127.010172,37.620449]}},{"type":"Feature","properties":{"id":"A14272304","name":"SK북한산시티아파트","district":"강북구","neighborhood":"미아동","avgPrice":6.800000000000001,"households":1850,"buildingCount":9,"rank":2107},"geometry":{"type":"Point","coordinates":[127.014248,37.617921]}},{"type":"Feature","properties":{"id":"A13672102","name":"삼선힐스테이트","district":"성북구","neighborhood":"삼선동2가","avgPrice":12.75,"households":1849,"buildingCount":0,"rank":2108},"geometry":{"type":"Point","coordinates":[127.010556,37.583853]}},{"type":"Feature","properties":{"id":"A14272303","name":"한일유앤아이","district":"강북구","neighborhood":"미아동","avgPrice":7.515555555555555,"households":1849,"buildingCount":7,"rank":2109},"geometry":{"type":"Point","coordinates":[127.036157,37.615076]}},{"type":"Feature","properties":{"id":"A13672101","name":"삼선푸르지오아파트","district":"성북구","neighborhood":"삼선동2가","avgPrice":9.545714285714286,"households":1848,"buildingCount":20,"rank":2110},"geometry":{"type":"Point","coordinates":[127.013577,37.5836]}},{"type":"Feature","properties":{"id":"A10025969","name":"DMC월드아파트","district":"은평구","neighborhood":"증산동","avgPrice":7.5,"households":1845,"buildingCount":1,"rank":2111},"geometry":{"type":"Point","coordinates":[126.911574,37.586246]}},{"type":"Feature","properties":{"id":"A10024577","name":"위례포레샤인18단지","district":"송파구","neighborhood":"거여동","avgPrice":17.6,"households":1839,"buildingCount":0,"rank":2112},"geometry":{"type":"Point","coordinates":[127.153884,37.490103]}},{"type":"Feature","properties":{"id":"A15004101","name":"당산신동아파밀리에","district":"영등포구","neighborhood":"당산동1가","avgPrice":11.05,"households":1839,"buildingCount":3,"rank":2113},"geometry":{"type":"Point","coordinates":[126.900403,37.519756]}},{"type":"Feature","properties":{"id":"A10024574","name":"서초센트럴아이파크","district":"서초구","neighborhood":"서초동","avgPrice":19.15,"households":1836,"buildingCount":5,"rank":2114},"geometry":{"type":"Point","coordinates":[127.011719,37.487011]}},{"type":"Feature","properties":{"id":"A10023188","name":"청량리역 한양수자인 그라시엘","district":"동대문구","neighborhood":"용두동","avgPrice":6.8999999999999995,"households":1836,"buildingCount":0,"rank":2115},"geometry":{"type":"Point","coordinates":[127.063844,37.584795]}},{"type":"Feature","properties":{"id":"A15288814","name":"신도림대림1,2차","district":"구로구","neighborhood":"신도림동","avgPrice":12.399583333333332,"households":1834,"buildingCount":13,"rank":2116},"geometry":{"type":"Point","coordinates":[126.880629,37.505835]}},{"type":"Feature","properties":{"id":"A15288813","name":"신도림동아1차","district":"구로구","neighborhood":"신도림동","avgPrice":13.871428571428572,"households":1833,"buildingCount":10,"rank":2117},"geometry":{"type":"Point","coordinates":[126.878245,37.50612]}},{"type":"Feature","properties":{"id":"A15288812","name":"신도림4차e-편한세상","district":"구로구","neighborhood":"신도림동","avgPrice":6.449999999999999,"households":1832,"buildingCount":8,"rank":2118},"geometry":{"type":"Point","coordinates":[126.886698,37.509938]}},{"type":"Feature","properties":{"id":"A10027403","name":"마곡엠밸리12단지","district":"강서구","neighborhood":"마곡동","avgPrice":17,"households":1830,"buildingCount":6,"rank":2119},"geometry":{"type":"Point","coordinates":[126.822922,37.559232]}},{"type":"Feature","properties":{"id":"A15288810","name":"신도림동아3차","district":"구로구","neighborhood":"신도림동","avgPrice":14.678333333333333,"households":1830,"buildingCount":11,"rank":2120},"geometry":{"type":"Point","coordinates":[126.883848,37.510033]}},{"type":"Feature","properties":{"id":"A15786321","name":"염창관음삼성","district":"강서구","neighborhood":"염창동","avgPrice":9.323846153846153,"households":1830,"buildingCount":3,"rank":2121},"geometry":{"type":"Point","coordinates":[126.869092,37.552597]}},{"type":"Feature","properties":{"id":"A10026015","name":"반포써밋","district":"서초구","neighborhood":"반포동","avgPrice":44.9,"households":1828,"buildingCount":4,"rank":2122},"geometry":{"type":"Point","coordinates":[127.017948,37.501868]}},{"type":"Feature","properties":{"id":"A13285406","name":"방학삼성래미안1단지","district":"도봉구","neighborhood":"방학동","avgPrice":13.05,"households":1826,"buildingCount":10,"rank":2123},"geometry":{"type":"Point","coordinates":[127.047531,37.666872]}},{"type":"Feature","properties":{"id":"A15176603","name":"봉천갑을","district":"관악구","neighborhood":"봉천동","avgPrice":7.275,"households":1826,"buildingCount":0,"rank":2124},"geometry":{"type":"Point","coordinates":[126.933214,37.459365]}},{"type":"Feature","properties":{"id":"A15176602","name":"봉천건영6차아파트","district":"관악구","neighborhood":"봉천동","avgPrice":8.795,"households":1825,"buildingCount":0,"rank":2125},"geometry":{"type":"Point","coordinates":[126.95189,37.477075]}},{"type":"Feature","properties":{"id":"A13285404","name":"방학명품ESA1단지","district":"도봉구","neighborhood":"방학동","avgPrice":14.85,"households":1824,"buildingCount":2,"rank":2126},"geometry":{"type":"Point","coordinates":[127.045164,37.668973]}},{"type":"Feature","properties":{"id":"A12182901","name":"상수두산위브","district":"마포구","neighborhood":"상수동","avgPrice":15.8,"households":1821,"buildingCount":7,"rank":2127},"geometry":{"type":"Point","coordinates":[126.92465,37.546669]}},{"type":"Feature","properties":{"id":"A15271602","name":"그린빌라","district":"구로구","neighborhood":"항동","avgPrice":14.45,"households":1821,"buildingCount":0,"rank":2128},"geometry":{"type":"Point","coordinates":[126.822176,37.485379]}},{"type":"Feature","properties":{"id":"A13285401","name":"브라운스톤 방학아파트","district":"도봉구","neighborhood":"방학동","avgPrice":7.550000000000001,"households":1821,"buildingCount":2,"rank":2129},"geometry":{"type":"Point","coordinates":[127.045353,37.663709]}},{"type":"Feature","properties":{"id":"A15807101","name":"목동9단지","district":"양천구","neighborhood":"신정동","avgPrice":15.350000000000001,"households":1820,"buildingCount":7,"rank":2130},"geometry":{"type":"Point","coordinates":[126.861204,37.51879]}},{"type":"Feature","properties":{"id":"A15271601","name":"서울수목원현대홈타운스위트","district":"구로구","neighborhood":"항동","avgPrice":6.140000000000001,"households":1820,"buildingCount":0,"rank":2131},"geometry":{"type":"Point","coordinates":[126.820435,37.484002]}},{"type":"Feature","properties":{"id":"A10024567","name":"포레나영등포센트럴아파트","district":"영등포구","neighborhood":"영등포동7가","avgPrice":15.366666666666667,"households":1808,"buildingCount":0,"rank":2132},"geometry":{"type":"Point","coordinates":[126.886456,37.532745]}},{"type":"Feature","properties":{"id":"A15288809","name":"신도림동아2차","district":"구로구","neighborhood":"신도림동","avgPrice":13.541176470588235,"households":1808,"buildingCount":4,"rank":2133},"geometry":{"type":"Point","coordinates":[126.88622,37.508276]}},{"type":"Feature","properties":{"id":"A15288808","name":"SK VIEW","district":"구로구","neighborhood":"신도림동","avgPrice":11.35,"households":1807,"buildingCount":5,"rank":2134},"geometry":{"type":"Point","coordinates":[126.914603,37.500686]}},{"type":"Feature","properties":{"id":"A15288807","name":"신도림대림7차e-편한세상","district":"구로구","neighborhood":"신도림동","avgPrice":12.3,"households":1806,"buildingCount":7,"rank":2135},"geometry":{"type":"Point","coordinates":[126.86983,37.478489]}},{"type":"Feature","properties":{"id":"A10024564","name":"개포래미안포레스트","district":"강남구","neighborhood":"개포동","avgPrice":33.36,"households":1805,"buildingCount":12,"rank":2136},"geometry":{"type":"Point","coordinates":[127.054442,37.478705]}},{"type":"Feature","properties":{"id":"A15288806","name":"신도림우성1,2차","district":"구로구","neighborhood":"신도림동","avgPrice":11.133333333333333,"households":1805,"buildingCount":0,"rank":2137},"geometry":{"type":"Point","coordinates":[126.896996,37.51179]}},{"type":"Feature","properties":{"id":"A15288805","name":"신도림대림5차e-편한세상","district":"구로구","neighborhood":"신도림동","avgPrice":12.2,"households":1804,"buildingCount":0,"rank":2138},"geometry":{"type":"Point","coordinates":[126.883888,37.478715]}},{"type":"Feature","properties":{"id":"A10024562","name":"고덕센트럴푸르지오","district":"강동구","neighborhood":"고덕동","avgPrice":15.186470588235295,"households":1803,"buildingCount":8,"rank":2139},"geometry":{"type":"Point","coordinates":[127.170075,37.55733]}},{"type":"Feature","properties":{"id":"A15288804","name":"신도림우성3차","district":"구로구","neighborhood":"신도림동","avgPrice":10.7375,"households":1803,"buildingCount":2,"rank":2140},"geometry":{"type":"Point","coordinates":[126.884806,37.51298]}},{"type":"Feature","properties":{"id":"A10086301","name":"충무로진양","district":"중구","neighborhood":"충무로4가","avgPrice":12.65,"households":1802,"buildingCount":0,"rank":2141},"geometry":{"type":"Point","coordinates":[126.985304,37.581015]}},{"type":"Feature","properties":{"id":"A15786314","name":"염창태영송화","district":"강서구","neighborhood":"염창동","avgPrice":8.601666666666667,"households":1802,"buildingCount":3,"rank":2142},"geometry":{"type":"Point","coordinates":[126.847262,37.55392]}},{"type":"Feature","properties":{"id":"A15288803","name":"신도림현대","district":"구로구","neighborhood":"신도림동","avgPrice":7.75,"households":1802,"buildingCount":7,"rank":2143},"geometry":{"type":"Point","coordinates":[126.884257,37.511826]}},{"type":"Feature","properties":{"id":"A15288802","name":"신도림대림3차","district":"구로구","neighborhood":"신도림동","avgPrice":11.9625,"households":1801,"buildingCount":5,"rank":2144},"geometry":{"type":"Point","coordinates":[126.86805,37.478097]}},{"type":"Feature","properties":{"id":"A15786312","name":"염창극동상록수","district":"강서구","neighborhood":"염창동","avgPrice":10.047,"households":1800,"buildingCount":4,"rank":2145},"geometry":{"type":"Point","coordinates":[126.862027,37.548017]}},{"type":"Feature","properties":{"id":"A15288801","name":"신도림우성5차","district":"구로구","neighborhood":"신도림동","avgPrice":9.58125,"households":1800,"buildingCount":1,"rank":2146},"geometry":{"type":"Point","coordinates":[126.884072,37.51264]}},{"type":"Feature","properties":{"id":"A13185607","name":"신내건영2차아파트","district":"중랑구","neighborhood":"상봉동","avgPrice":7.456428571428572,"households":1798,"buildingCount":5,"rank":2147},"geometry":{"type":"Point","coordinates":[127.09274,37.600905]}},{"type":"Feature","properties":{"id":"A10026004","name":"신반포자이아파트","district":"서초구","neighborhood":"잠원동","avgPrice":47.6,"households":1796,"buildingCount":3,"rank":2148},"geometry":{"type":"Point","coordinates":[127.008384,37.510058]}},{"type":"Feature","properties":{"id":"A15076801","name":"금호어울림","district":"영등포구","neighborhood":"문래동3가","avgPrice":10.3,"households":1795,"buildingCount":6,"rank":2149},"geometry":{"type":"Point","coordinates":[126.897424,37.51864]}},{"type":"Feature","properties":{"id":"A10026002","name":"삼환고덕아파트","district":"강동구","neighborhood":"명일동","avgPrice":19,"households":1794,"buildingCount":4,"rank":2150},"geometry":{"type":"Point","coordinates":[127.151799,37.550073]}},{"type":"Feature","properties":{"id":"A13185603","name":"신내건영1차","district":"중랑구","neighborhood":"상봉동","avgPrice":7.090000000000001,"households":1794,"buildingCount":4,"rank":2151},"geometry":{"type":"Point","coordinates":[127.093638,37.604027]}},{"type":"Feature","properties":{"id":"A10021214","name":"우민늘푸른아파트","district":"구로구","neighborhood":"구로동","avgPrice":6.475,"households":1794,"buildingCount":2,"rank":2152},"geometry":{"type":"Point","coordinates":[126.893339,37.488326]}},{"type":"Feature","properties":{"id":"A13185602","name":"상봉우정","district":"중랑구","neighborhood":"상봉동","avgPrice":15.549999999999999,"households":1793,"buildingCount":6,"rank":2153},"geometry":{"type":"Point","coordinates":[127.088589,37.599352]}},{"type":"Feature","properties":{"id":"A10021213","name":"신구아파트","district":"강북구","neighborhood":"미아동","avgPrice":12.25,"households":1793,"buildingCount":1,"rank":2154},"geometry":{"type":"Point","coordinates":[127.03045,37.62682]}},{"type":"Feature","properties":{"id":"A14072702","name":"이촌","district":"용산구","neighborhood":"이촌동","avgPrice":25.90909090909091,"households":1790,"buildingCount":8,"rank":2155},"geometry":{"type":"Point","coordinates":[126.953926,37.52852]}},{"type":"Feature","properties":{"id":"A10021210","name":"신풍역 비스타동원","district":"영등포구","neighborhood":"신길동","avgPrice":10.399999999999999,"households":1790,"buildingCount":1,"rank":2156},"geometry":{"type":"Point","coordinates":[126.913684,37.507308]}},{"type":"Feature","properties":{"id":"A14072701","name":"한가람아파트","district":"용산구","neighborhood":"이촌동","avgPrice":27.948333333333334,"households":1789,"buildingCount":6,"rank":2157},"geometry":{"type":"Point","coordinates":[126.970646,37.521847]}},{"type":"Feature","properties":{"id":"A13816101","name":"송파동부센트레빌","district":"송파구","neighborhood":"가락동","avgPrice":15.4,"households":1788,"buildingCount":6,"rank":2158},"geometry":{"type":"Point","coordinates":[127.108992,37.50007]}},{"type":"Feature","properties":{"id":"A13509101","name":"삼성청구타운","district":"강남구","neighborhood":"삼성동","avgPrice":14.950000000000001,"households":1787,"buildingCount":6,"rank":2159},"geometry":{"type":"Point","coordinates":[127.058558,37.519799]}},{"type":"Feature","properties":{"id":"A15303401","name":"시흥금강","district":"금천구","neighborhood":"시흥동","avgPrice":4.25,"households":1784,"buildingCount":2,"rank":2160},"geometry":{"type":"Point","coordinates":[126.908365,37.463059]}},{"type":"Feature","properties":{"id":"A10025946","name":"금천롯데캐슬골드파크3차아파트","district":"금천구","neighborhood":"독산동","avgPrice":10.39102564102564,"households":1780,"buildingCount":6,"rank":2161},"geometry":{"type":"Point","coordinates":[126.897299,37.459953]}},{"type":"Feature","properties":{"id":"A13983816","name":"상계은빛1단지","district":"노원구","neighborhood":"상계동","avgPrice":4.470227272727272,"households":1776,"buildingCount":10,"rank":2162},"geometry":{"type":"Point","coordinates":[127.053824,37.68158]}},{"type":"Feature","properties":{"id":"A10023169","name":"현대타워아파트","district":"송파구","neighborhood":"신천동","avgPrice":16.5,"households":1775,"buildingCount":1,"rank":2163},"geometry":{"type":"Point","coordinates":[127.102414,37.514559]}},{"type":"Feature","properties":{"id":"A13983815","name":"상계은빛2단지","district":"노원구","neighborhood":"상계동","avgPrice":4.7700000000000005,"households":1775,"buildingCount":4,"rank":2164},"geometry":{"type":"Point","coordinates":[127.054308,37.679552]}},{"type":"Feature","properties":{"id":"A10024552","name":"래미안리더스원","district":"서초구","neighborhood":"서초동","avgPrice":16.95,"households":1772,"buildingCount":6,"rank":2165},"geometry":{"type":"Point","coordinates":[127.028277,37.489903]}},{"type":"Feature","properties":{"id":"A13983811","name":"수락산벨리체아파트","district":"노원구","neighborhood":"상계동","avgPrice":9.245,"households":1771,"buildingCount":4,"rank":2166},"geometry":{"type":"Point","coordinates":[127.056392,37.681696]}},{"type":"Feature","properties":{"id":"A13983810","name":"상계수락파크빌","district":"노원구","neighborhood":"상계동","avgPrice":7.72,"households":1770,"buildingCount":0,"rank":2167},"geometry":{"type":"Point","coordinates":[127.066562,37.658171]}},{"type":"Feature","properties":{"id":"A10023162","name":"대치푸르지오써밋","district":"강남구","neighborhood":"대치동","avgPrice":25,"households":1768,"buildingCount":2,"rank":2168},"geometry":{"type":"Point","coordinates":[127.060998,37.492578]}},{"type":"Feature","properties":{"id":"A13184208","name":"면목현대","district":"중랑구","neighborhood":"면목동","avgPrice":11.2,"households":1764,"buildingCount":2,"rank":2169},"geometry":{"type":"Point","coordinates":[127.089583,37.576137]}},{"type":"Feature","properties":{"id":"A10021203","name":"미아요진아파트","district":"강북구","neighborhood":"미아동","avgPrice":7.5,"households":1762,"buildingCount":2,"rank":2170},"geometry":{"type":"Point","coordinates":[127.027102,37.633457]}},{"type":"Feature","properties":{"id":"A12081703","name":"디엠씨한양","district":"서대문구","neighborhood":"북가좌동","avgPrice":10.95,"households":1759,"buildingCount":9,"rank":2171},"geometry":{"type":"Point","coordinates":[126.911127,37.574536]}},{"type":"Feature","properties":{"id":"A10024547","name":"포레나노원 아파트","district":"노원구","neighborhood":"상계동","avgPrice":10.974444444444444,"households":1746,"buildingCount":4,"rank":2172},"geometry":{"type":"Point","coordinates":[127.062016,37.663776]}},{"type":"Feature","properties":{"id":"A13987205","name":"하계1차청구아파트","district":"노원구","neighborhood":"하계동","avgPrice":8.03423076923077,"households":1742,"buildingCount":6,"rank":2173},"geometry":{"type":"Point","coordinates":[127.071487,37.638905]}},{"type":"Feature","properties":{"id":"A13983803","name":"상계대림e-편한세상","district":"노원구","neighborhood":"상계동","avgPrice":6.285555555555556,"households":1742,"buildingCount":3,"rank":2174},"geometry":{"type":"Point","coordinates":[127.050788,37.674617]}},{"type":"Feature","properties":{"id":"A10023157","name":"우남아파트","district":"은평구","neighborhood":"갈현동","avgPrice":5.4,"households":1742,"buildingCount":2,"rank":2175},"geometry":{"type":"Point","coordinates":[126.906633,37.617902]}},{"type":"Feature","properties":{"id":"A13983801","name":"대망드림힐","district":"노원구","neighborhood":"상계동","avgPrice":6.35,"households":1740,"buildingCount":1,"rank":2176},"geometry":{"type":"Point","coordinates":[127.05836,37.676361]}},{"type":"Feature","properties":{"id":"A15282608","name":"고척우성현대","district":"구로구","neighborhood":"고척동","avgPrice":10.5,"households":1739,"buildingCount":5,"rank":2177},"geometry":{"type":"Point","coordinates":[126.862976,37.498955]}},{"type":"Feature","properties":{"id":"A13583301","name":"논현동부센트레빌","district":"강남구","neighborhood":"논현동","avgPrice":25.78,"households":1731,"buildingCount":6,"rank":2178},"geometry":{"type":"Point","coordinates":[127.037793,37.510249]}},{"type":"Feature","properties":{"id":"A13922114","name":"중계주공5단지","district":"노원구","neighborhood":"중계동","avgPrice":6.667169811320755,"households":1730,"buildingCount":5,"rank":2179},"geometry":{"type":"Point","coordinates":[127.077261,37.654048]}},{"type":"Feature","properties":{"id":"A13922111","name":"중계주공8단지","district":"노원구","neighborhood":"중계동","avgPrice":5.6124,"households":1727,"buildingCount":5,"rank":2180},"geometry":{"type":"Point","coordinates":[127.075222,37.646308]}},{"type":"Feature","properties":{"id":"A13523005","name":"일원목련타운","district":"강남구","neighborhood":"일원동","avgPrice":26.316666666666666,"households":1726,"buildingCount":6,"rank":2181},"geometry":{"type":"Point","coordinates":[127.085703,37.484848]}},{"type":"Feature","properties":{"id":"A13922110","name":"중계양지대림2차","district":"노원구","neighborhood":"중계동","avgPrice":6.8,"households":1726,"buildingCount":3,"rank":2182},"geometry":{"type":"Point","coordinates":[127.072515,37.654272]}},{"type":"Feature","properties":{"id":"A13523004","name":"일원샘터마을","district":"강남구","neighborhood":"일원동","avgPrice":29.5,"households":1725,"buildingCount":3,"rank":2183},"geometry":{"type":"Point","coordinates":[127.031642,37.530515]}},{"type":"Feature","properties":{"id":"A13523003","name":"수서가람","district":"강남구","neighborhood":"일원동","avgPrice":34.3,"households":1724,"buildingCount":0,"rank":2184},"geometry":{"type":"Point","coordinates":[127.072124,37.521925]}},{"type":"Feature","properties":{"id":"A15010307","name":"양평동6차현대아파트","district":"영등포구","neighborhood":"양평동3가","avgPrice":13.35,"households":1724,"buildingCount":7,"rank":2185},"geometry":{"type":"Point","coordinates":[126.893673,37.532013]}},{"type":"Feature","properties":{"id":"A15010306","name":"양평거성파스텔","district":"영등포구","neighborhood":"양평동3가","avgPrice":13.76875,"households":1723,"buildingCount":2,"rank":2186},"geometry":{"type":"Point","coordinates":[126.888973,37.542466]}},{"type":"Feature","properties":{"id":"A13523001","name":"일원청솔빌리지","district":"강남구","neighborhood":"일원동","avgPrice":16.85,"households":1722,"buildingCount":1,"rank":2187},"geometry":{"type":"Point","coordinates":[127.056392,37.50252]}},{"type":"Feature","properties":{"id":"A15010305","name":"양평현대2차","district":"영등포구","neighborhood":"양평동3가","avgPrice":15.15,"households":1722,"buildingCount":6,"rank":2188},"geometry":{"type":"Point","coordinates":[126.894763,37.53125]}},{"type":"Feature","properties":{"id":"A15010304","name":"양평삼호","district":"영등포구","neighborhood":"양평동3가","avgPrice":9.416666666666666,"households":1721,"buildingCount":1,"rank":2189},"geometry":{"type":"Point","coordinates":[126.892813,37.528324]}},{"type":"Feature","properties":{"id":"A10027881","name":"석촌호수 효성해링턴타워","district":"송파구","neighborhood":"석촌동","avgPrice":18.4,"households":1720,"buildingCount":2,"rank":2190},"geometry":{"type":"Point","coordinates":[127.100673,37.506722]}},{"type":"Feature","properties":{"id":"A15010303","name":"양평동삼천리아파트","district":"영등포구","neighborhood":"양평동3가","avgPrice":10.684999999999999,"households":1720,"buildingCount":3,"rank":2191},"geometry":{"type":"Point","coordinates":[126.885303,37.526076]}},{"type":"Feature","properties":{"id":"A10025927","name":"방배아트자이","district":"서초구","neighborhood":"방배동","avgPrice":22,"households":1719,"buildingCount":11,"rank":2192},"geometry":{"type":"Point","coordinates":[127.002957,37.479904]}},{"type":"Feature","properties":{"id":"A15010302","name":"양평경남1차","district":"영등포구","neighborhood":"양평동3가","avgPrice":15.35,"households":1719,"buildingCount":3,"rank":2193},"geometry":{"type":"Point","coordinates":[126.922735,37.520356]}},{"type":"Feature","properties":{"id":"A15010301","name":"양평우림루미아트","district":"영등포구","neighborhood":"양평동3가","avgPrice":10.450000000000001,"households":1718,"buildingCount":1,"rank":2194},"geometry":{"type":"Point","coordinates":[126.912494,37.544976]}},{"type":"Feature","properties":{"id":"A13887405","name":"풍납 현대리버빌1차","district":"송파구","neighborhood":"풍납동","avgPrice":14.7,"households":1713,"buildingCount":0,"rank":2195},"geometry":{"type":"Point","coordinates":[127.117558,37.508335]}},{"type":"Feature","properties":{"id":"A13887403","name":"현대리버빌2차아파트","district":"송파구","neighborhood":"풍납동","avgPrice":22.200000000000003,"households":1711,"buildingCount":4,"rank":2196},"geometry":{"type":"Point","coordinates":[127.116919,37.532133]}},{"type":"Feature","properties":{"id":"A10024532","name":"북한산두산위브2차","district":"서대문구","neighborhood":"홍은동","avgPrice":8.099756097560975,"households":1710,"buildingCount":4,"rank":2197},"geometry":{"type":"Point","coordinates":[126.94475,37.599742]}},{"type":"Feature","properties":{"id":"A10023143","name":"신반포르엘","district":"서초구","neighborhood":"잠원동","avgPrice":24.35,"households":1707,"buildingCount":1,"rank":2198},"geometry":{"type":"Point","coordinates":[127.01176,37.510018]}},{"type":"Feature","properties":{"id":"A12289402","name":"신성수정","district":"은평구","neighborhood":"신사동","avgPrice":5.15,"households":1705,"buildingCount":2,"rank":2199},"geometry":{"type":"Point","coordinates":[126.90642,37.59223]}},{"type":"Feature","properties":{"id":"A12289401","name":"뉴신사신성아파트","district":"은평구","neighborhood":"신사동","avgPrice":4.882,"households":1704,"buildingCount":3,"rank":2200},"geometry":{"type":"Point","coordinates":[126.906712,37.593571]}},{"type":"Feature","properties":{"id":"A13922108","name":"중계양지대림1차","district":"노원구","neighborhood":"중계동","avgPrice":12.7,"households":1703,"buildingCount":6,"rank":2201},"geometry":{"type":"Point","coordinates":[127.07114,37.651942]}},{"type":"Feature","properties":{"id":"A13922105","name":"중계양지대림2-2임대","district":"노원구","neighborhood":"중계동","avgPrice":9.100000000000001,"households":1700,"buildingCount":3,"rank":2202},"geometry":{"type":"Point","coordinates":[127.072898,37.648622]}},{"type":"Feature","properties":{"id":"A13922103","name":"중계3벽산","district":"노원구","neighborhood":"중계동","avgPrice":7.588461538461539,"households":1698,"buildingCount":2,"rank":2203},"geometry":{"type":"Point","coordinates":[127.073711,37.654251]}},{"type":"Feature","properties":{"id":"A13922102","name":"중계신안","district":"노원구","neighborhood":"중계동","avgPrice":7.75,"households":1697,"buildingCount":2,"rank":2204},"geometry":{"type":"Point","coordinates":[127.071942,37.651403]}},{"type":"Feature","properties":{"id":"A12172402","name":"서희스타힐스","district":"마포구","neighborhood":"대흥동","avgPrice":1.92,"households":1696,"buildingCount":6,"rank":2205},"geometry":{"type":"Point","coordinates":[126.943828,37.556093]}},{"type":"Feature","properties":{"id":"A12172401","name":"마포자이2차","district":"마포구","neighborhood":"대흥동","avgPrice":27.7,"households":1695,"buildingCount":5,"rank":2206},"geometry":{"type":"Point","coordinates":[126.941863,37.549162]}},{"type":"Feature","properties":{"id":"A10027877","name":"현대썬앤빌601","district":"동대문구","neighborhood":"장안동","avgPrice":1.0233333333333334,"households":1695,"buildingCount":9,"rank":2207},"geometry":{"type":"Point","coordinates":[127.069094,37.569175]}},{"type":"Feature","properties":{"id":"A12209001","name":"DMC청구아파트","district":"은평구","neighborhood":"수색동","avgPrice":8.841666666666667,"households":1692,"buildingCount":5,"rank":2208},"geometry":{"type":"Point","coordinates":[126.90141,37.58041]}},{"type":"Feature","properties":{"id":"A10021698","name":"마곡수명산파크8단지","district":"강서구","neighborhood":"내발산동","avgPrice":15.35,"households":1690,"buildingCount":6,"rank":2209},"geometry":{"type":"Point","coordinates":[126.828591,37.551737]}},{"type":"Feature","properties":{"id":"A13403101","name":"성내삼성","district":"강동구","neighborhood":"성내동","avgPrice":5.95,"households":1690,"buildingCount":5,"rank":2210},"geometry":{"type":"Point","coordinates":[127.125918,37.530693]}},{"type":"Feature","properties":{"id":"A10025097","name":"월계센트럴아이파크아파트","district":"노원구","neighborhood":"월계동","avgPrice":10.5196,"households":1687,"buildingCount":7,"rank":2211},"geometry":{"type":"Point","coordinates":[127.057391,37.630291]}},{"type":"Feature","properties":{"id":"A10025915","name":"목동동구햇살아파트","district":"양천구","neighborhood":"목동","avgPrice":7.1,"households":1686,"buildingCount":3,"rank":2212},"geometry":{"type":"Point","coordinates":[126.867797,37.52149]}},{"type":"Feature","properties":{"id":"A10025913","name":"가산지웰에스테이트2차","district":"금천구","neighborhood":"가산동","avgPrice":1.05,"households":1684,"buildingCount":5,"rank":2213},"geometry":{"type":"Point","coordinates":[126.89085,37.477835]}},{"type":"Feature","properties":{"id":"A13886009","name":"상아2차아파트","district":"송파구","neighborhood":"오금동","avgPrice":14.207083333333335,"households":1682,"buildingCount":5,"rank":2214},"geometry":{"type":"Point","coordinates":[127.13666,37.498116]}},{"type":"Feature","properties":{"id":"A10025092","name":"e편한세상서울대입구아파트","district":"관악구","neighborhood":"봉천동","avgPrice":13.2,"households":1682,"buildingCount":12,"rank":2215},"geometry":{"type":"Point","coordinates":[126.942427,37.477841]}},{"type":"Feature","properties":{"id":"A10024524","name":"더클래식동작","district":"동작구","neighborhood":"노량진동","avgPrice":5.25,"households":1681,"buildingCount":1,"rank":2216},"geometry":{"type":"Point","coordinates":[126.938566,37.512344]}},{"type":"Feature","properties":{"id":"A10023132","name":"디아크리온강남 아파트","district":"강남구","neighborhood":"자곡동","avgPrice":16.6,"households":1675,"buildingCount":0,"rank":2217},"geometry":{"type":"Point","coordinates":[127.042776,37.539205]}},{"type":"Feature","properties":{"id":"A13981006","name":"상계불암대림","district":"노원구","neighborhood":"상계동","avgPrice":5.5675,"households":1675,"buildingCount":6,"rank":2218},"geometry":{"type":"Point","coordinates":[127.077205,37.663217]}},{"type":"Feature","properties":{"id":"A13383702","name":"송정건영","district":"성동구","neighborhood":"송정동","avgPrice":9.926666666666668,"households":1674,"buildingCount":1,"rank":2219},"geometry":{"type":"Point","coordinates":[127.070802,37.556108]}},{"type":"Feature","properties":{"id":"A15278301","name":"오류동부골든SH임대","district":"구로구","neighborhood":"오류동","avgPrice":5.397391304347826,"households":1674,"buildingCount":0,"rank":2220},"geometry":{"type":"Point","coordinates":[126.878726,37.499775]}},{"type":"Feature","properties":{"id":"A13981001","name":"상계불암대림제2","district":"노원구","neighborhood":"상계동","avgPrice":9.3,"households":1670,"buildingCount":6,"rank":2221},"geometry":{"type":"Point","coordinates":[127.059171,37.665647]}},{"type":"Feature","properties":{"id":"A13707203","name":"풍림아이원플러스","district":"서초구","neighborhood":"서초동","avgPrice":2.9233333333333333,"households":1670,"buildingCount":5,"rank":2222},"geometry":{"type":"Point","coordinates":[127.02984,37.489929]}},{"type":"Feature","properties":{"id":"A13175103","name":"면목한신","district":"중랑구","neighborhood":"면목동","avgPrice":4.41025,"households":1668,"buildingCount":9,"rank":2223},"geometry":{"type":"Point","coordinates":[127.075559,37.587509]}},{"type":"Feature","properties":{"id":"A13822301","name":"갤러리아팰리스","district":"송파구","neighborhood":"잠실동","avgPrice":32.154444444444444,"households":1667,"buildingCount":0,"rank":2224},"geometry":{"type":"Point","coordinates":[127.093949,37.511113]}},{"type":"Feature","properties":{"id":"A14082302","name":"보광삼성리버빌","district":"용산구","neighborhood":"보광동","avgPrice":20.1,"households":1667,"buildingCount":2,"rank":2225},"geometry":{"type":"Point","coordinates":[127.000964,37.524188]}},{"type":"Feature","properties":{"id":"A13175102","name":"솔루테","district":"중랑구","neighborhood":"면목동","avgPrice":12.75,"households":1667,"buildingCount":2,"rank":2226},"geometry":{"type":"Point","coordinates":[127.077335,37.589454]}},{"type":"Feature","properties":{"id":"A13175101","name":"일신강변","district":"중랑구","neighborhood":"면목동","avgPrice":4.4,"households":1666,"buildingCount":3,"rank":2227},"geometry":{"type":"Point","coordinates":[127.074648,37.586939]}},{"type":"Feature","properties":{"id":"A13610301","name":"정릉성원","district":"성북구","neighborhood":"정릉동","avgPrice":5.385,"households":1662,"buildingCount":1,"rank":2228},"geometry":{"type":"Point","coordinates":[127.008738,37.60633]}},{"type":"Feature","properties":{"id":"A10021687","name":"동아타운아파트","district":"관악구","neighborhood":"봉천동","avgPrice":3.8200000000000003,"households":1658,"buildingCount":3,"rank":2229},"geometry":{"type":"Point","coordinates":[126.961585,37.476672]}},{"type":"Feature","properties":{"id":"A10026470","name":"힐스테이트서울숲리버","district":"성동구","neighborhood":"금호동4가","avgPrice":17.75,"households":1653,"buildingCount":9,"rank":2230},"geometry":{"type":"Point","coordinates":[127.026226,37.546706]}},{"type":"Feature","properties":{"id":"A10023129","name":"리스트강남","district":"강남구","neighborhood":"논현동","avgPrice":19.4,"households":1651,"buildingCount":2,"rank":2231},"geometry":{"type":"Point","coordinates":[127.027255,37.505625]}},{"type":"Feature","properties":{"id":"A10020294","name":"잠실래미안아이파크","district":"송파구","neighborhood":"신천동","avgPrice":18.8,"households":1651,"buildingCount":0,"rank":2232},"geometry":{"type":"Point","coordinates":[127.107052,37.51661]}},{"type":"Feature","properties":{"id":"A13782804","name":"삼호","district":"서초구","neighborhood":"방배동","avgPrice":27.271428571428572,"households":1650,"buildingCount":0,"rank":2233},"geometry":{"type":"Point","coordinates":[126.993035,37.486634]}},{"type":"Feature","properties":{"id":"A10024514","name":"관악위버폴리스","district":"관악구","neighborhood":"봉천동","avgPrice":10.25,"households":1650,"buildingCount":2,"rank":2234},"geometry":{"type":"Point","coordinates":[126.953213,37.482684]}},{"type":"Feature","properties":{"id":"A13782803","name":"롯데캐슬헤론","district":"서초구","neighborhood":"방배동","avgPrice":23.53333333333333,"households":1649,"buildingCount":2,"rank":2235},"geometry":{"type":"Point","coordinates":[126.985141,37.496892]}},{"type":"Feature","properties":{"id":"A10020292","name":"루미아","district":"성북구","neighborhood":"하월곡동","avgPrice":8.7,"households":1649,"buildingCount":7,"rank":2236},"geometry":{"type":"Point","coordinates":[127.03123,37.597354]}},{"type":"Feature","properties":{"id":"A10023126","name":"DMC아트포레자이아파트","district":"은평구","neighborhood":"수색동","avgPrice":13.100000000000001,"households":1648,"buildingCount":0,"rank":2237},"geometry":{"type":"Point","coordinates":[126.914658,37.601215]}},{"type":"Feature","properties":{"id":"A11055002","name":"종로청계힐스테이트","district":"종로구","neighborhood":"숭인동","avgPrice":10.979999999999999,"households":1647,"buildingCount":3,"rank":2238},"geometry":{"type":"Point","coordinates":[127.021054,37.576096]}},{"type":"Feature","properties":{"id":"A13881204","name":"가락프라자","district":"송파구","neighborhood":"가락동","avgPrice":15.5,"households":1644,"buildingCount":7,"rank":2239},"geometry":{"type":"Point","coordinates":[127.13367,37.49171]}},{"type":"Feature","properties":{"id":"A12188205","name":"신촌태영데시앙","district":"마포구","neighborhood":"창전동","avgPrice":14.083333333333334,"households":1644,"buildingCount":6,"rank":2240},"geometry":{"type":"Point","coordinates":[126.930822,37.553423]}},{"type":"Feature","properties":{"id":"A15081606","name":"대림신동아","district":"영등포구","neighborhood":"대림동","avgPrice":12.35,"households":1644,"buildingCount":2,"rank":2241},"geometry":{"type":"Point","coordinates":[126.894655,37.496099]}},{"type":"Feature","properties":{"id":"A15809003","name":"신월2차미소지움","district":"양천구","neighborhood":"신월동","avgPrice":7.271666666666667,"households":1643,"buildingCount":3,"rank":2242},"geometry":{"type":"Point","coordinates":[126.845135,37.521313]}},{"type":"Feature","properties":{"id":"A15081604","name":"대림3동현대아파트","district":"영등포구","neighborhood":"대림동","avgPrice":13.2,"households":1642,"buildingCount":2,"rank":2243},"geometry":{"type":"Point","coordinates":[126.895152,37.502148]}},{"type":"Feature","properties":{"id":"A15809002","name":"신정이펜하우스2단지","district":"양천구","neighborhood":"신정동","avgPrice":7.593999999999999,"households":1642,"buildingCount":12,"rank":2244},"geometry":{"type":"Point","coordinates":[126.830073,37.51593]}},{"type":"Feature","properties":{"id":"A12188202","name":"창전현대홈타운","district":"마포구","neighborhood":"창전동","avgPrice":9.1,"households":1641,"buildingCount":5,"rank":2245},"geometry":{"type":"Point","coordinates":[126.931732,37.550832]}},{"type":"Feature","properties":{"id":"A15809001","name":"신월대방샤인힐","district":"양천구","neighborhood":"신월동","avgPrice":5.233333333333333,"households":1641,"buildingCount":4,"rank":2246},"geometry":{"type":"Point","coordinates":[126.8389,37.520408]}},{"type":"Feature","properties":{"id":"A12188201","name":"신촌금호","district":"마포구","neighborhood":"창전동","avgPrice":10.5,"households":1640,"buildingCount":7,"rank":2247},"geometry":{"type":"Point","coordinates":[126.931748,37.552846]}},{"type":"Feature","properties":{"id":"A15081602","name":"대림현대2차","district":"영등포구","neighborhood":"대림동","avgPrice":7.8963636363636365,"households":1640,"buildingCount":2,"rank":2248},"geometry":{"type":"Point","coordinates":[126.894535,37.502796]}},{"type":"Feature","properties":{"id":"A13550701","name":"삼성동중앙하이츠빌리지","district":"강남구","neighborhood":"삼성동","avgPrice":16.35,"households":1639,"buildingCount":8,"rank":2249},"geometry":{"type":"Point","coordinates":[127.046178,37.515814]}},{"type":"Feature","properties":{"id":"A13282510","name":"방학우성2차","district":"도봉구","neighborhood":"방학동","avgPrice":7.8500000000000005,"households":1639,"buildingCount":5,"rank":2250},"geometry":{"type":"Point","coordinates":[127.02183,37.656806]}},{"type":"Feature","properties":{"id":"A10026469","name":"묵동자이2단지아파트","district":"중랑구","neighborhood":"묵동","avgPrice":11.3,"households":1631,"buildingCount":4,"rank":2251},"geometry":{"type":"Point","coordinates":[127.077542,37.614139]}},{"type":"Feature","properties":{"id":"A10027851","name":"신촌푸르지오 아파트","district":"서대문구","neighborhood":"북아현동","avgPrice":19.400000000000002,"households":1627,"buildingCount":6,"rank":2252},"geometry":{"type":"Point","coordinates":[126.952117,37.560223]}},{"type":"Feature","properties":{"id":"A10021670","name":"금강아파트","district":"양천구","neighborhood":"신월동","avgPrice":12.8,"households":1620,"buildingCount":2,"rank":2253},"geometry":{"type":"Point","coordinates":[126.833907,37.527179]}},{"type":"Feature","properties":{"id":"A10024505","name":"신마곡 벽산 블루밍","district":"강서구","neighborhood":"방화동","avgPrice":8.85,"households":1620,"buildingCount":8,"rank":2254},"geometry":{"type":"Point","coordinates":[126.808634,37.571443]}},{"type":"Feature","properties":{"id":"A10023118","name":"공덕동 크로시티 행복주택","district":"마포구","neighborhood":"공덕동","avgPrice":7,"households":1619,"buildingCount":1,"rank":2255},"geometry":{"type":"Point","coordinates":[126.951259,37.545993]}},{"type":"Feature","properties":{"id":"A10024503","name":"아크로 서울포레스트","district":"성동구","neighborhood":"성수동1가","avgPrice":15.95,"households":1618,"buildingCount":3,"rank":2256},"geometry":{"type":"Point","coordinates":[127.043777,37.544509]}},{"type":"Feature","properties":{"id":"A10025070","name":"보라매 sk뷰","district":"영등포구","neighborhood":"신길동","avgPrice":7.25,"households":1618,"buildingCount":8,"rank":2257},"geometry":{"type":"Point","coordinates":[126.917318,37.503349]}},{"type":"Feature","properties":{"id":"A10020281","name":"현대썬앤빌테헤란","district":"강남구","neighborhood":"대치동","avgPrice":20.4,"households":1617,"buildingCount":2,"rank":2258},"geometry":{"type":"Point","coordinates":[127.053999,37.504599]}},{"type":"Feature","properties":{"id":"A10023116","name":"충정로현대아파트","district":"서대문구","neighborhood":"충정로2가","avgPrice":12.5,"households":1617,"buildingCount":2,"rank":2259},"geometry":{"type":"Point","coordinates":[126.962963,37.563145]}},{"type":"Feature","properties":{"id":"A10024501","name":"논현 기린힐스","district":"강남구","neighborhood":"논현동","avgPrice":19.1,"households":1616,"buildingCount":1,"rank":2260},"geometry":{"type":"Point","coordinates":[127.042184,37.530052]}},{"type":"Feature","properties":{"id":"A13379401","name":"성수갤러리아포레","district":"성동구","neighborhood":"성수동1가","avgPrice":17.4,"households":1615,"buildingCount":1,"rank":2261},"geometry":{"type":"Point","coordinates":[127.0498,37.549498]}},{"type":"Feature","properties":{"id":"A12276901","name":"구산그린빌","district":"은평구","neighborhood":"구산동","avgPrice":4.46,"households":1615,"buildingCount":2,"rank":2262},"geometry":{"type":"Point","coordinates":[126.904304,37.60551]}},{"type":"Feature","properties":{"id":"A13187501","name":"중화극동","district":"중랑구","neighborhood":"중화동","avgPrice":5.82,"households":1613,"buildingCount":8,"rank":2263},"geometry":{"type":"Point","coordinates":[127.08365,37.60332]}},{"type":"Feature","properties":{"id":"A15177101","name":"라이프아파트","district":"관악구","neighborhood":"신림동","avgPrice":5.640000000000001,"households":1610,"buildingCount":2,"rank":2264},"geometry":{"type":"Point","coordinates":[126.912998,37.47669]}},{"type":"Feature","properties":{"id":"A15205513","name":"신도림태영타운","district":"구로구","neighborhood":"구로동","avgPrice":12.788518518518519,"households":1609,"buildingCount":11,"rank":2265},"geometry":{"type":"Point","coordinates":[126.888859,37.506225]}},{"type":"Feature","properties":{"id":"A13606006","name":"길음현대","district":"성북구","neighborhood":"길음동","avgPrice":5.952,"households":1609,"buildingCount":1,"rank":2266},"geometry":{"type":"Point","coordinates":[127.019826,37.60812]}},{"type":"Feature","properties":{"id":"A15080205","name":"당산동부센트레빌","district":"영등포구","neighborhood":"당산동3가","avgPrice":16.2,"households":1608,"buildingCount":5,"rank":2267},"geometry":{"type":"Point","coordinates":[126.900418,37.524412]}},{"type":"Feature","properties":{"id":"A13606005","name":"동소문한진임대","district":"성북구","neighborhood":"돈암동","avgPrice":9.85,"households":1608,"buildingCount":1,"rank":2268},"geometry":{"type":"Point","coordinates":[127.015074,37.59051]}},{"type":"Feature","properties":{"id":"A15080204","name":"당산한양","district":"영등포구","neighborhood":"당산동3가","avgPrice":14.604,"households":1607,"buildingCount":2,"rank":2269},"geometry":{"type":"Point","coordinates":[126.901136,37.525293]}},{"type":"Feature","properties":{"id":"A15205511","name":"신도림롯데","district":"구로구","neighborhood":"구로동","avgPrice":10.318333333333333,"households":1607,"buildingCount":10,"rank":2270},"geometry":{"type":"Point","coordinates":[126.884445,37.503628]}},{"type":"Feature","properties":{"id":"A13606004","name":"돈암한신한진아파트","district":"성북구","neighborhood":"돈암동","avgPrice":9.0748,"households":1607,"buildingCount":7,"rank":2271},"geometry":{"type":"Point","coordinates":[127.01043,37.596112]}},{"type":"Feature","properties":{"id":"A14380211","name":"워커힐아파트","district":"광진구","neighborhood":"광장동","avgPrice":8.2,"households":1607,"buildingCount":3,"rank":2272},"geometry":{"type":"Point","coordinates":[127.106815,37.550569]}},{"type":"Feature","properties":{"id":"A13606003","name":"돈암일신건영휴먼빌","district":"성북구","neighborhood":"돈암동","avgPrice":8.3,"households":1606,"buildingCount":6,"rank":2273},"geometry":{"type":"Point","coordinates":[127.012621,37.600882]}},{"type":"Feature","properties":{"id":"A13606002","name":"돈암포스코더샵","district":"성북구","neighborhood":"돈암동","avgPrice":12.95,"households":1605,"buildingCount":0,"rank":2274},"geometry":{"type":"Point","coordinates":[127.002258,37.575765]}},{"type":"Feature","properties":{"id":"A10027849","name":"목동센트럴푸르지오아파트","district":"양천구","neighborhood":"목동","avgPrice":14.05,"households":1604,"buildingCount":3,"rank":2275},"geometry":{"type":"Point","coordinates":[126.877152,37.523677]}},{"type":"Feature","properties":{"id":"A14206202","name":"번동주공4단지","district":"강북구","neighborhood":"번동","avgPrice":4.5181818181818185,"households":1604,"buildingCount":3,"rank":2276},"geometry":{"type":"Point","coordinates":[127.039658,37.630941]}},{"type":"Feature","properties":{"id":"A14206201","name":"오동공원현대홈타운","district":"강북구","neighborhood":"번동","avgPrice":6.359999999999999,"households":1603,"buildingCount":4,"rank":2277},"geometry":{"type":"Point","coordinates":[127.035465,37.631216]}},{"type":"Feature","properties":{"id":"A12008003","name":"독립문극동","district":"서대문구","neighborhood":"현저동","avgPrice":12.997727272727273,"households":1601,"buildingCount":5,"rank":2278},"geometry":{"type":"Point","coordinates":[126.955816,37.572049]}},{"type":"Feature","properties":{"id":"A12103006","name":"대우메트로디오빌","district":"마포구","neighborhood":"신공덕동","avgPrice":3.496,"households":1600,"buildingCount":0,"rank":2279},"geometry":{"type":"Point","coordinates":[126.87783,37.569225]}},{"type":"Feature","properties":{"id":"A13202103","name":"방학삼성래미안2단지","district":"도봉구","neighborhood":"방학동","avgPrice":10.649999999999999,"households":1599,"buildingCount":4,"rank":2280},"geometry":{"type":"Point","coordinates":[127.046363,37.664741]}},{"type":"Feature","properties":{"id":"A12008001","name":"독립문파크빌","district":"서대문구","neighborhood":"현저동","avgPrice":6.531818181818181,"households":1599,"buildingCount":3,"rank":2281},"geometry":{"type":"Point","coordinates":[126.951612,37.574816]}},{"type":"Feature","properties":{"id":"A13202102","name":"방학성원","district":"도봉구","neighborhood":"방학동","avgPrice":11.399999999999999,"households":1598,"buildingCount":4,"rank":2282},"geometry":{"type":"Point","coordinates":[127.035889,37.66122]}},{"type":"Feature","properties":{"id":"A10026457","name":"양평역미소지움아파트","district":"영등포구","neighborhood":"양평동3가","avgPrice":8.705384615384615,"households":1598,"buildingCount":0,"rank":2283},"geometry":{"type":"Point","coordinates":[126.879438,37.51947]}},{"type":"Feature","properties":{"id":"A12103002","name":"신공덕3차삼성래미안","district":"마포구","neighborhood":"신공덕동","avgPrice":11.3,"households":1596,"buildingCount":6,"rank":2284},"geometry":{"type":"Point","coordinates":[126.956662,37.545614]}},{"type":"Feature","properties":{"id":"A10020279","name":"빌리브 디에이블","district":"마포구","neighborhood":"노고산동","avgPrice":12.8,"households":1594,"buildingCount":0,"rank":2285},"geometry":{"type":"Point","coordinates":[126.91002,37.569315]}},{"type":"Feature","properties":{"id":"A10020277","name":"테스트","district":"구로구","neighborhood":"오류동","avgPrice":10.65,"households":1592,"buildingCount":0,"rank":2286},"geometry":{"type":"Point","coordinates":[126.868518,37.511835]}},{"type":"Feature","properties":{"id":"A15788203","name":"화곡중앙하이츠","district":"강서구","neighborhood":"화곡동","avgPrice":14.7,"households":1591,"buildingCount":1,"rank":2287},"geometry":{"type":"Point","coordinates":[126.835631,37.542741]}},{"type":"Feature","properties":{"id":"A15883202","name":"양천롯데캐슬","district":"양천구","neighborhood":"신월동","avgPrice":12.6,"households":1586,"buildingCount":3,"rank":2288},"geometry":{"type":"Point","coordinates":[126.839994,37.523643]}},{"type":"Feature","properties":{"id":"A15883201","name":"양천벽산블루밍","district":"양천구","neighborhood":"신월동","avgPrice":6.812857142857142,"households":1585,"buildingCount":6,"rank":2289},"geometry":{"type":"Point","coordinates":[126.838584,37.524764]}},{"type":"Feature","properties":{"id":"A15205508","name":"신구로자이","district":"구로구","neighborhood":"구로동","avgPrice":9.4,"households":1583,"buildingCount":1,"rank":2290},"geometry":{"type":"Point","coordinates":[126.884252,37.499948]}},{"type":"Feature","properties":{"id":"A15609401","name":"사당삼익그린뷰","district":"동작구","neighborhood":"사당동","avgPrice":7.6375,"households":1583,"buildingCount":3,"rank":2291},"geometry":{"type":"Point","coordinates":[126.969528,37.477122]}},{"type":"Feature","properties":{"id":"A13378001","name":"서울숲힐스테이트","district":"성동구","neighborhood":"성수동2가","avgPrice":25.5,"households":1580,"buildingCount":5,"rank":2292},"geometry":{"type":"Point","coordinates":[127.052168,37.541346]}},{"type":"Feature","properties":{"id":"A12275501","name":"디엠씨자이1단지(DMC자이1)","district":"은평구","neighborhood":"수색동","avgPrice":14.35,"households":1580,"buildingCount":5,"rank":2293},"geometry":{"type":"Point","coordinates":[126.899098,37.579775]}},{"type":"Feature","properties":{"id":"A10020269","name":"구의새한","district":"광진구","neighborhood":"구의동","avgPrice":12.9,"households":1563,"buildingCount":2,"rank":2294},"geometry":{"type":"Point","coordinates":[127.088212,37.540959]}},{"type":"Feature","properties":{"id":"A10020267","name":"DMC 가재울 아이파크","district":"서대문구","neighborhood":"남가좌동","avgPrice":6.25,"households":1561,"buildingCount":0,"rank":2295},"geometry":{"type":"Point","coordinates":[126.91263,37.580646]}},{"type":"Feature","properties":{"id":"A10021652","name":"경희궁파크팰리스","district":"종로구","neighborhood":"내수동","avgPrice":20.166666666666668,"households":1560,"buildingCount":5,"rank":2296},"geometry":{"type":"Point","coordinates":[126.970361,37.574077]}},{"type":"Feature","properties":{"id":"A15608003","name":"이수힐스테이트","district":"동작구","neighborhood":"동작동","avgPrice":22.08888888888889,"households":1550,"buildingCount":7,"rank":2297},"geometry":{"type":"Point","coordinates":[126.978691,37.49504]}},{"type":"Feature","properties":{"id":"A13905302","name":"성원(사슴4)","district":"노원구","neighborhood":"월계동","avgPrice":4.981851851851851,"households":1550,"buildingCount":6,"rank":2298},"geometry":{"type":"Point","coordinates":[127.062529,37.62952]}},{"type":"Feature","properties":{"id":"A15608002","name":"동작금강KCC","district":"동작구","neighborhood":"동작동","avgPrice":13.443999999999999,"households":1549,"buildingCount":0,"rank":2299},"geometry":{"type":"Point","coordinates":[126.920798,37.51195]}},{"type":"Feature","properties":{"id":"A15096001","name":"신길자이","district":"영등포구","neighborhood":"신길동","avgPrice":11.65,"households":1549,"buildingCount":1,"rank":2300},"geometry":{"type":"Point","coordinates":[126.916971,37.506657]}},{"type":"Feature","properties":{"id":"A13905301","name":"월계서광","district":"노원구","neighborhood":"월계동","avgPrice":7.029999999999999,"households":1549,"buildingCount":5,"rank":2301},"geometry":{"type":"Point","coordinates":[127.064965,37.623253]}},{"type":"Feature","properties":{"id":"A15608001","name":"이수교스위첸","district":"동작구","neighborhood":"동작동","avgPrice":14.9,"households":1548,"buildingCount":1,"rank":2302},"geometry":{"type":"Point","coordinates":[126.918868,37.516052]}},{"type":"Feature","properties":{"id":"A15703005","name":"등촌대동황토방2차아파트","district":"강서구","neighborhood":"등촌동","avgPrice":9.336666666666668,"households":1548,"buildingCount":0,"rank":2303},"geometry":{"type":"Point","coordinates":[126.868988,37.569125]}},{"type":"Feature","properties":{"id":"A15703004","name":"등촌부영","district":"강서구","neighborhood":"등촌동","avgPrice":9.968571428571428,"households":1547,"buildingCount":7,"rank":2304},"geometry":{"type":"Point","coordinates":[126.843623,37.563913]}},{"type":"Feature","properties":{"id":"A15703002","name":"등촌대동황토방","district":"강서구","neighborhood":"등촌동","avgPrice":8.05,"households":1545,"buildingCount":4,"rank":2305},"geometry":{"type":"Point","coordinates":[126.86254,37.555902]}},{"type":"Feature","properties":{"id":"A15703001","name":"코오롱하늘채아파트","district":"강서구","neighborhood":"등촌동","avgPrice":9.294,"households":1544,"buildingCount":4,"rank":2306},"geometry":{"type":"Point","coordinates":[126.86054,37.554266]}},{"type":"Feature","properties":{"id":"A10021649","name":"대흥동 세양아파트","district":"마포구","neighborhood":"대흥동","avgPrice":5.35,"households":1536,"buildingCount":3,"rank":2307},"geometry":{"type":"Point","coordinates":[126.945367,37.544585]}},{"type":"Feature","properties":{"id":"A10025049","name":"염창동길훈아파트","district":"강서구","neighborhood":"염창동","avgPrice":10.5,"households":1534,"buildingCount":0,"rank":2308},"geometry":{"type":"Point","coordinates":[126.868988,37.542215]}},{"type":"Feature","properties":{"id":"A10021647","name":"마에스트로캠퍼스타운","district":"관악구","neighborhood":"봉천동","avgPrice":10.2,"households":1534,"buildingCount":0,"rank":2309},"geometry":{"type":"Point","coordinates":[126.947309,37.482102]}},{"type":"Feature","properties":{"id":"A10026434","name":"서울 오류동 행복주택","district":"구로구","neighborhood":"오류동","avgPrice":9.2,"households":1533,"buildingCount":1,"rank":2310},"geometry":{"type":"Point","coordinates":[126.846595,37.495595]}},{"type":"Feature","properties":{"id":"A10020258","name":"이편한세상 강동 프레스티지원","district":"강동구","neighborhood":"천호동","avgPrice":16.65,"households":1531,"buildingCount":2,"rank":2311},"geometry":{"type":"Point","coordinates":[127.108335,37.552362]}},{"type":"Feature","properties":{"id":"A13980903","name":"불암산센트럴아파트","district":"노원구","neighborhood":"상계동","avgPrice":9.4,"households":1530,"buildingCount":6,"rank":2312},"geometry":{"type":"Point","coordinates":[127.060751,37.657529]}},{"type":"Feature","properties":{"id":"A11081302","name":"인왕산아이파크","district":"종로구","neighborhood":"무악동","avgPrice":15.491999999999999,"households":1529,"buildingCount":7,"rank":2313},"geometry":{"type":"Point","coordinates":[126.957809,37.576831]}},{"type":"Feature","properties":{"id":"A10020255","name":"월계건양 노블레스 아파트 ","district":"노원구","neighborhood":"월계동","avgPrice":5.949999999999999,"households":1528,"buildingCount":2,"rank":2314},"geometry":{"type":"Point","coordinates":[127.032603,37.657105]}},{"type":"Feature","properties":{"id":"A15683601","name":"상도1동대림","district":"동작구","neighborhood":"상도동","avgPrice":8.15,"households":1527,"buildingCount":0,"rank":2315},"geometry":{"type":"Point","coordinates":[126.944114,37.522345]}},{"type":"Feature","properties":{"id":"A10020253","name":"해링턴플레이스노원센트럴","district":"노원구","neighborhood":"상계동","avgPrice":3.2297560975609754,"households":1526,"buildingCount":6,"rank":2316},"geometry":{"type":"Point","coordinates":[127.06098,37.662133]}},{"type":"Feature","properties":{"id":"A13293505","name":"도봉래미안","district":"도봉구","neighborhood":"도봉동","avgPrice":8.95,"households":1525,"buildingCount":6,"rank":2317},"geometry":{"type":"Point","coordinates":[127.046566,37.679696]}},{"type":"Feature","properties":{"id":"A13485401","name":"암사동한솔아파트","district":"강동구","neighborhood":"암사동","avgPrice":10.875,"households":1523,"buildingCount":2,"rank":2318},"geometry":{"type":"Point","coordinates":[127.140389,37.552028]}},{"type":"Feature","properties":{"id":"A15188101","name":"신림건영2차","district":"관악구","neighborhood":"신림동","avgPrice":4.454285714285715,"households":1522,"buildingCount":0,"rank":2319},"geometry":{"type":"Point","coordinates":[126.925442,37.48893]}},{"type":"Feature","properties":{"id":"A15603206","name":"상도더샵","district":"동작구","neighborhood":"상도동","avgPrice":12,"households":1520,"buildingCount":9,"rank":2320},"geometry":{"type":"Point","coordinates":[126.942928,37.501843]}},{"type":"Feature","properties":{"id":"A13924004","name":"삼익포레스트아파트","district":"노원구","neighborhood":"공릉동","avgPrice":5.739,"households":1520,"buildingCount":7,"rank":2321},"geometry":{"type":"Point","coordinates":[127.066086,37.652983]}},{"type":"Feature","properties":{"id":"A15603205","name":"상도건영","district":"동작구","neighborhood":"노량진동","avgPrice":13.55,"households":1519,"buildingCount":6,"rank":2322},"geometry":{"type":"Point","coordinates":[126.949785,37.507676]}},{"type":"Feature","properties":{"id":"A13924003","name":"공릉한보아파트","district":"노원구","neighborhood":"공릉동","avgPrice":12.4,"households":1519,"buildingCount":6,"rank":2323},"geometry":{"type":"Point","coordinates":[127.08041,37.627976]}},{"type":"Feature","properties":{"id":"A15603204","name":"상도래미안1차","district":"동작구","neighborhood":"상도동","avgPrice":8.1,"households":1518,"buildingCount":4,"rank":2324},"geometry":{"type":"Point","coordinates":[126.933338,37.504708]}},{"type":"Feature","properties":{"id":"A15603203","name":"아이파크상도동","district":"동작구","neighborhood":"상도동","avgPrice":15.316666666666666,"households":1517,"buildingCount":6,"rank":2325},"geometry":{"type":"Point","coordinates":[126.942633,37.500669]}},{"type":"Feature","properties":{"id":"A10024987","name":"서초동원베네스트아파트","district":"서초구","neighborhood":"서초동","avgPrice":19.6,"households":1514,"buildingCount":0,"rank":2326},"geometry":{"type":"Point","coordinates":[127.022174,37.494698]}},{"type":"Feature","properties":{"id":"A13405003","name":"프라이어팰리스","district":"강동구","neighborhood":"암사동","avgPrice":16.957222222222224,"households":1513,"buildingCount":12,"rank":2327},"geometry":{"type":"Point","coordinates":[127.139427,37.553564]}},{"type":"Feature","properties":{"id":"A10023599","name":"잠실엘타워","district":"송파구","neighborhood":"잠실동","avgPrice":23.75,"households":1512,"buildingCount":1,"rank":2328},"geometry":{"type":"Point","coordinates":[127.085689,37.509779]}},{"type":"Feature","properties":{"id":"A13405002","name":"암사삼성광나루","district":"강동구","neighborhood":"암사동","avgPrice":14.260588235294119,"households":1512,"buildingCount":2,"rank":2329},"geometry":{"type":"Point","coordinates":[127.128573,37.553529]}},{"type":"Feature","properties":{"id":"A10023598","name":"고척아이파크RD","district":"구로구","neighborhood":"고척동","avgPrice":12.049999999999999,"households":1511,"buildingCount":6,"rank":2330},"geometry":{"type":"Point","coordinates":[126.85957,37.501004]}},{"type":"Feature","properties":{"id":"A10027817","name":"DMC파크뷰자이아파트","district":"서대문구","neighborhood":"남가좌동","avgPrice":8.9,"households":1509,"buildingCount":8,"rank":2331},"geometry":{"type":"Point","coordinates":[126.917318,37.572813]}},{"type":"Feature","properties":{"id":"A10027816","name":"북한산 푸르지오","district":"은평구","neighborhood":"녹번동","avgPrice":9.95,"households":1508,"buildingCount":15,"rank":2332},"geometry":{"type":"Point","coordinates":[126.936305,37.60673]}},{"type":"Feature","properties":{"id":"A10024981","name":"콤비아파트","district":"영등포구","neighborhood":"여의도동","avgPrice":8.35,"households":1508,"buildingCount":2,"rank":2333},"geometry":{"type":"Point","coordinates":[126.938633,37.519474]}},{"type":"Feature","properties":{"id":"A12114001","name":"서강GS","district":"마포구","neighborhood":"신정동","avgPrice":16.322857142857142,"households":1507,"buildingCount":9,"rank":2334},"geometry":{"type":"Point","coordinates":[126.931028,37.543905]}},{"type":"Feature","properties":{"id":"A10023593","name":"신정동 보람쉬움아파트","district":"양천구","neighborhood":"신정동","avgPrice":7.71,"households":1506,"buildingCount":2,"rank":2335},"geometry":{"type":"Point","coordinates":[126.855374,37.525048]}},{"type":"Feature","properties":{"id":"A10021638","name":"성수1차대우아파트","district":"성동구","neighborhood":"성수동2가","avgPrice":8,"households":1504,"buildingCount":1,"rank":2336},"geometry":{"type":"Point","coordinates":[127.065266,37.545329]}},{"type":"Feature","properties":{"id":"A10021637","name":"동원베네스트","district":"용산구","neighborhood":"한남동","avgPrice":15.950000000000001,"households":1503,"buildingCount":2,"rank":2337},"geometry":{"type":"Point","coordinates":[127.00758,37.530572]}},{"type":"Feature","properties":{"id":"A10021636","name":"순영1차 웰라이빌","district":"구로구","neighborhood":"구로동","avgPrice":11.15,"households":1502,"buildingCount":6,"rank":2338},"geometry":{"type":"Point","coordinates":[126.891585,37.498399]}},{"type":"Feature","properties":{"id":"A15870701","name":"신정이펜하우스1단지(총세대 기준)","district":"양천구","neighborhood":"신정동","avgPrice":6.6499999999999995,"households":1496,"buildingCount":3,"rank":2339},"geometry":{"type":"Point","coordinates":[126.889199,37.501226]}},{"type":"Feature","properties":{"id":"A13484004","name":"SK허브진주상복합아파트","district":"강동구","neighborhood":"성내동","avgPrice":13.15,"households":1491,"buildingCount":4,"rank":2340},"geometry":{"type":"Point","coordinates":[127.13584,37.513812]}},{"type":"Feature","properties":{"id":"A13484003","name":"성내현대","district":"강동구","neighborhood":"성내동","avgPrice":10.84,"households":1490,"buildingCount":3,"rank":2341},"geometry":{"type":"Point","coordinates":[127.126716,37.535333]}},{"type":"Feature","properties":{"id":"A15004507","name":"당산삼성래미안","district":"영등포구","neighborhood":"당산동5가","avgPrice":22.802222222222223,"households":1489,"buildingCount":9,"rank":2342},"geometry":{"type":"Point","coordinates":[126.903361,37.531902]}},{"type":"Feature","properties":{"id":"A15004506","name":"당산동1차효성아파트","district":"영등포구","neighborhood":"당산동5가","avgPrice":9.15,"households":1488,"buildingCount":7,"rank":2343},"geometry":{"type":"Point","coordinates":[126.901204,37.530022]}},{"type":"Feature","properties":{"id":"A15004505","name":"당산유원제일2차","district":"영등포구","neighborhood":"당산동5가","avgPrice":22.3,"households":1487,"buildingCount":6,"rank":2344},"geometry":{"type":"Point","coordinates":[126.901701,37.531864]}},{"type":"Feature","properties":{"id":"A15004503","name":"당산2차효성타운","district":"영등포구","neighborhood":"당산동5가","avgPrice":8.75,"households":1485,"buildingCount":3,"rank":2345},"geometry":{"type":"Point","coordinates":[126.900708,37.531027]}},{"type":"Feature","properties":{"id":"A15004502","name":"당산디오빌","district":"영등포구","neighborhood":"당산동5가","avgPrice":4.883333333333334,"households":1484,"buildingCount":4,"rank":2346},"geometry":{"type":"Point","coordinates":[126.902301,37.532932]}},{"type":"Feature","properties":{"id":"A15004501","name":"당산성원아파트","district":"영등포구","neighborhood":"당산동5가","avgPrice":11.075,"households":1483,"buildingCount":4,"rank":2347},"geometry":{"type":"Point","coordinates":[126.899597,37.533966]}},{"type":"Feature","properties":{"id":"A10024974","name":"신촌숲 아이파크 아파트","district":"마포구","neighborhood":"신수동","avgPrice":12.65,"households":1480,"buildingCount":7,"rank":2348},"geometry":{"type":"Point","coordinates":[126.935456,37.550656]}},{"type":"Feature","properties":{"id":"A10023586","name":"힐스테이트 창경궁","district":"종로구","neighborhood":"충신동","avgPrice":10.75,"households":1478,"buildingCount":1,"rank":2349},"geometry":{"type":"Point","coordinates":[127.004746,37.575323]}},{"type":"Feature","properties":{"id":"A10024972","name":"길동신동아아파트","district":"강동구","neighborhood":"길동","avgPrice":9.6,"households":1478,"buildingCount":1,"rank":2350},"geometry":{"type":"Point","coordinates":[127.147524,37.541634]}},{"type":"Feature","properties":{"id":"A10026418","name":"e편한세상금호파크힐스","district":"성동구","neighborhood":"금호동1가","avgPrice":20,"households":1475,"buildingCount":9,"rank":2351},"geometry":{"type":"Point","coordinates":[127.022945,37.554578]}},{"type":"Feature","properties":{"id":"A10021629","name":"한양 아이클래스 구로","district":"구로구","neighborhood":"개봉동","avgPrice":6.55,"households":1474,"buildingCount":2,"rank":2352},"geometry":{"type":"Point","coordinates":[126.857268,37.49548]}},{"type":"Feature","properties":{"id":"A15886512","name":"신정학마을1단지","district":"양천구","neighborhood":"신정동","avgPrice":5.706521739130435,"households":1473,"buildingCount":4,"rank":2353},"geometry":{"type":"Point","coordinates":[126.844534,37.507511]}},{"type":"Feature","properties":{"id":"A10022194","name":"충정우리유앤미아파트","district":"서대문구","neighborhood":"충정로3가","avgPrice":11.2,"households":1472,"buildingCount":3,"rank":2354},"geometry":{"type":"Point","coordinates":[126.956298,37.57712]}},{"type":"Feature","properties":{"id":"A10027800","name":"래미안 대치 팰리스","district":"강남구","neighborhood":"대치동","avgPrice":19.549999999999997,"households":1471,"buildingCount":5,"rank":2355},"geometry":{"type":"Point","coordinates":[127.058405,37.494363]}},{"type":"Feature","properties":{"id":"A10021626","name":"창신이수아파트","district":"종로구","neighborhood":"창신동","avgPrice":8.9825,"households":1471,"buildingCount":2,"rank":2356},"geometry":{"type":"Point","coordinates":[127.01489,37.577673]}},{"type":"Feature","properties":{"id":"A15886510","name":"신정학마을2단지","district":"양천구","neighborhood":"신정동","avgPrice":7.699999999999999,"households":1471,"buildingCount":6,"rank":2357},"geometry":{"type":"Point","coordinates":[126.844433,37.508839]}},{"type":"Feature","properties":{"id":"A10026414","name":"은평뉴타운솔하임","district":"은평구","neighborhood":"진관동","avgPrice":4.408333333333333,"households":1471,"buildingCount":1,"rank":2358},"geometry":{"type":"Point","coordinates":[126.91714,37.639394]}},{"type":"Feature","properties":{"id":"A10026411","name":"래미안서초에스티지에스아파트","district":"서초구","neighborhood":"서초동","avgPrice":34.93333333333333,"households":1468,"buildingCount":3,"rank":2359},"geometry":{"type":"Point","coordinates":[127.02558,37.487572]}},{"type":"Feature","properties":{"id":"A14077902","name":"한남더힐","district":"용산구","neighborhood":"한남동","avgPrice":38.75,"households":1467,"buildingCount":11,"rank":2360},"geometry":{"type":"Point","coordinates":[127.008353,37.536182]}},{"type":"Feature","properties":{"id":"A10025024","name":"신길센트럴자이","district":"영등포구","neighborhood":"신길동","avgPrice":17.375,"households":1467,"buildingCount":7,"rank":2361},"geometry":{"type":"Point","coordinates":[126.907679,37.50287]}},{"type":"Feature","properties":{"id":"A14077901","name":"한남힐스테이트","district":"용산구","neighborhood":"한남동","avgPrice":21.5,"households":1466,"buildingCount":6,"rank":2362},"geometry":{"type":"Point","coordinates":[127.003843,37.528433]}},{"type":"Feature","properties":{"id":"A13380803","name":"서울숲푸르지오","district":"성동구","neighborhood":"금호동4가","avgPrice":21.741666666666664,"households":1463,"buildingCount":6,"rank":2363},"geometry":{"type":"Point","coordinates":[127.022025,37.544472]}},{"type":"Feature","properties":{"id":"A10020230","name":"잠실르엘","district":"송파구","neighborhood":"신천동","avgPrice":35.2375,"households":1461,"buildingCount":0,"rank":2364},"geometry":{"type":"Point","coordinates":[127.107374,37.514388]}},{"type":"Feature","properties":{"id":"A12281702","name":"갈현동현대아파트","district":"은평구","neighborhood":"갈현동","avgPrice":5.849285714285714,"households":1460,"buildingCount":2,"rank":2365},"geometry":{"type":"Point","coordinates":[126.914084,37.622184]}},{"type":"Feature","properties":{"id":"A12281701","name":"코오롱하늘채아파트","district":"은평구","neighborhood":"갈현동","avgPrice":6.3999999999999995,"households":1459,"buildingCount":3,"rank":2366},"geometry":{"type":"Point","coordinates":[126.911494,37.622916]}},{"type":"Feature","properties":{"id":"A13077201","name":"제기한신제2임대아파트","district":"동대문구","neighborhood":"제기동","avgPrice":8.2,"households":1458,"buildingCount":1,"rank":2367},"geometry":{"type":"Point","coordinates":[127.033617,37.594977]}},{"type":"Feature","properties":{"id":"A10024966","name":"더스타일하우스디센트럴","district":"서대문구","neighborhood":"충정로3가","avgPrice":12.2,"households":1451,"buildingCount":3,"rank":2368},"geometry":{"type":"Point","coordinates":[126.96234,37.561482]}},{"type":"Feature","properties":{"id":"A10024965","name":"ym프라젠스파아파트","district":"광진구","neighborhood":"자양동","avgPrice":11.649999999999999,"households":1450,"buildingCount":1,"rank":2369},"geometry":{"type":"Point","coordinates":[127.08411,37.530902]}},{"type":"Feature","properties":{"id":"A15886508","name":"신정푸른마을2단지","district":"양천구","neighborhood":"신정동","avgPrice":5.82,"households":1448,"buildingCount":5,"rank":2370},"geometry":{"type":"Point","coordinates":[126.83542,37.513439]}},{"type":"Feature","properties":{"id":"A15886507","name":"신정푸른마을3단지","district":"양천구","neighborhood":"신정동","avgPrice":6.416666666666667,"households":1447,"buildingCount":3,"rank":2371},"geometry":{"type":"Point","coordinates":[126.836723,37.511379]}},{"type":"Feature","properties":{"id":"A12201301","name":"경남아파트-응암경남","district":"은평구","neighborhood":"응암동","avgPrice":5.1125,"households":1447,"buildingCount":13,"rank":2372},"geometry":{"type":"Point","coordinates":[126.931564,37.598673]}},{"type":"Feature","properties":{"id":"A15886505","name":"신정푸른마을4단지","district":"양천구","neighborhood":"신정동","avgPrice":8.22857142857143,"households":1445,"buildingCount":5,"rank":2373},"geometry":{"type":"Point","coordinates":[126.839341,37.513331]}},{"type":"Feature","properties":{"id":"A15886504","name":"신정5차현대","district":"양천구","neighborhood":"신정동","avgPrice":7.8999999999999995,"households":1444,"buildingCount":5,"rank":2374},"geometry":{"type":"Point","coordinates":[126.854685,37.512218]}},{"type":"Feature","properties":{"id":"A10022185","name":"태형아파트","district":"양천구","neighborhood":"신월동","avgPrice":4.2,"households":1442,"buildingCount":2,"rank":2375},"geometry":{"type":"Point","coordinates":[126.833004,37.532558]}},{"type":"Feature","properties":{"id":"A15886501","name":"신정학마을3단지","district":"양천구","neighborhood":"신정동","avgPrice":14.25,"households":1441,"buildingCount":2,"rank":2376},"geometry":{"type":"Point","coordinates":[126.87491,37.529086]}},{"type":"Feature","properties":{"id":"A13377903","name":"행당한진타운제2","district":"성동구","neighborhood":"행당동","avgPrice":16.75,"households":1440,"buildingCount":0,"rank":2377},"geometry":{"type":"Point","coordinates":[127.034558,37.557149]}},{"type":"Feature","properties":{"id":"A10022183","name":"신일해피트리아파트","district":"강북구","neighborhood":"미아동","avgPrice":12.9,"households":1440,"buildingCount":1,"rank":2378},"geometry":{"type":"Point","coordinates":[127.031288,37.625885]}},{"type":"Feature","properties":{"id":"A13377902","name":"행당대림제2","district":"성동구","neighborhood":"행당동","avgPrice":22.549999999999997,"households":1439,"buildingCount":3,"rank":2379},"geometry":{"type":"Point","coordinates":[127.030088,37.556464]}},{"type":"Feature","properties":{"id":"A10026403","name":"고덕숲아이파크아파트","district":"강동구","neighborhood":"상일동","avgPrice":17.07,"households":1439,"buildingCount":4,"rank":2380},"geometry":{"type":"Point","coordinates":[127.162026,37.551013]}},{"type":"Feature","properties":{"id":"A13377901","name":"행당두산위브아파트","district":"성동구","neighborhood":"행당동","avgPrice":15.5,"households":1438,"buildingCount":6,"rank":2381},"geometry":{"type":"Point","coordinates":[127.031794,37.556423]}},{"type":"Feature","properties":{"id":"A10021614","name":"현대성우아파트","district":"양천구","neighborhood":"신월동","avgPrice":8.3,"households":1438,"buildingCount":5,"rank":2382},"geometry":{"type":"Point","coordinates":[126.840946,37.523962]}},{"type":"Feature","properties":{"id":"A10022181","name":"사당kcc아파트","district":"동작구","neighborhood":"사당동","avgPrice":7.4,"households":1438,"buildingCount":0,"rank":2383},"geometry":{"type":"Point","coordinates":[126.930252,37.531885]}},{"type":"Feature","properties":{"id":"A10025015","name":"휘경 해모로 프레스티지 아파트","district":"동대문구","neighborhood":"휘경동","avgPrice":3.3,"households":1437,"buildingCount":10,"rank":2384},"geometry":{"type":"Point","coordinates":[127.06217,37.591565]}},{"type":"Feature","properties":{"id":"A10021612","name":"블루힐하우스","district":"서초구","neighborhood":"잠원동","avgPrice":15.5,"households":1436,"buildingCount":4,"rank":2385},"geometry":{"type":"Point","coordinates":[127.005679,37.511988]}},{"type":"Feature","properties":{"id":"A10025013","name":"사당롯데캐슬골든포레","district":"동작구","neighborhood":"사당동","avgPrice":14.894642857142857,"households":1435,"buildingCount":11,"rank":2386},"geometry":{"type":"Point","coordinates":[126.962096,37.491753]}},{"type":"Feature","properties":{"id":"A13591402","name":"역삼금호어울림","district":"강남구","neighborhood":"역삼동","avgPrice":23.525,"households":1432,"buildingCount":1,"rank":2387},"geometry":{"type":"Point","coordinates":[127.039552,37.50262]}},{"type":"Feature","properties":{"id":"A10020222","name":"힐스테이트장승배기역 ","district":"동작구","neighborhood":"노량진동","avgPrice":12.85,"households":1432,"buildingCount":0,"rank":2388},"geometry":{"type":"Point","coordinates":[126.958092,37.51411]}},{"type":"Feature","properties":{"id":"A10025010","name":"고덕 아르테온 아파트","district":"강동구","neighborhood":"상일동","avgPrice":7.55,"households":1432,"buildingCount":5,"rank":2389},"geometry":{"type":"Point","coordinates":[127.164574,37.55559]}},{"type":"Feature","properties":{"id":"A12185304","name":"신공덕2차삼성래미안","district":"마포구","neighborhood":"신공덕동","avgPrice":10.100000000000001,"households":1431,"buildingCount":11,"rank":2390},"geometry":{"type":"Point","coordinates":[126.95787,37.546595]}},{"type":"Feature","properties":{"id":"A13184610","name":"신내5단지대림두산","district":"중랑구","neighborhood":"묵동","avgPrice":4.758780487804878,"households":1431,"buildingCount":16,"rank":2391},"geometry":{"type":"Point","coordinates":[127.088241,37.617052]}},{"type":"Feature","properties":{"id":"A10020220","name":"펜트힐 캐스케이드","district":"강남구","neighborhood":"논현동","avgPrice":16.95,"households":1430,"buildingCount":0,"rank":2392},"geometry":{"type":"Point","coordinates":[127.036396,37.526245]}},{"type":"Feature","properties":{"id":"A12185303","name":"신공덕1차삼성래미안아파트","district":"마포구","neighborhood":"신공덕동","avgPrice":8.15,"households":1430,"buildingCount":11,"rank":2393},"geometry":{"type":"Point","coordinates":[126.955897,37.543432]}},{"type":"Feature","properties":{"id":"A13511004","name":"압구정신현대","district":"강남구","neighborhood":"압구정동","avgPrice":15.45,"households":1422,"buildingCount":3,"rank":2394},"geometry":{"type":"Point","coordinates":[127.025418,37.530543]}},{"type":"Feature","properties":{"id":"A13511003","name":"압구정미성2차","district":"강남구","neighborhood":"압구정동","avgPrice":56.25,"households":1421,"buildingCount":6,"rank":2395},"geometry":{"type":"Point","coordinates":[127.024234,37.526102]}},{"type":"Feature","properties":{"id":"A13204003","name":"창동한승미메이드","district":"도봉구","neighborhood":"창동","avgPrice":5.45,"households":1420,"buildingCount":1,"rank":2396},"geometry":{"type":"Point","coordinates":[127.042928,37.633008]}},{"type":"Feature","properties":{"id":"A13511001","name":"압구정미성1차","district":"강남구","neighborhood":"압구정동","avgPrice":55.5,"households":1419,"buildingCount":0,"rank":2397},"geometry":{"type":"Point","coordinates":[127.023252,37.532184]}},{"type":"Feature","properties":{"id":"A12125001","name":"성산2차e-편한세상","district":"마포구","neighborhood":"성산동","avgPrice":9.415,"households":1419,"buildingCount":8,"rank":2398},"geometry":{"type":"Point","coordinates":[126.905102,37.569466]}},{"type":"Feature","properties":{"id":"A13204002","name":"창동신도브래뉴","district":"도봉구","neighborhood":"창동","avgPrice":8.508571428571429,"households":1419,"buildingCount":3,"rank":2399},"geometry":{"type":"Point","coordinates":[127.045813,37.655574]}},{"type":"Feature","properties":{"id":"A12220005","name":"은평뉴타운상림마을1단지","district":"은평구","neighborhood":"진관동","avgPrice":5.1,"households":1419,"buildingCount":0,"rank":2400},"geometry":{"type":"Point","coordinates":[126.922739,37.641538]}},{"type":"Feature","properties":{"id":"A10023569","name":"장위지웰에스테이트","district":"성북구","neighborhood":"장위동","avgPrice":4.283333333333333,"households":1419,"buildingCount":0,"rank":2401},"geometry":{"type":"Point","coordinates":[126.989324,37.590255]}},{"type":"Feature","properties":{"id":"A12220004","name":"은평뉴타운상림마을12단지","district":"은평구","neighborhood":"진관동","avgPrice":11.7,"households":1418,"buildingCount":0,"rank":2402},"geometry":{"type":"Point","coordinates":[126.921935,37.641087]}},{"type":"Feature","properties":{"id":"A13204001","name":"창동대림","district":"도봉구","neighborhood":"창동","avgPrice":6.45,"households":1418,"buildingCount":2,"rank":2403},"geometry":{"type":"Point","coordinates":[127.046271,37.653524]}},{"type":"Feature","properties":{"id":"A13790929","name":"신반포한신2차","district":"서초구","neighborhood":"잠원동","avgPrice":21.45,"households":1417,"buildingCount":3,"rank":2404},"geometry":{"type":"Point","coordinates":[127.002013,37.510146]}},{"type":"Feature","properties":{"id":"A12220003","name":"은평뉴타운상림마을2단지","district":"은평구","neighborhood":"진관동","avgPrice":11.65,"households":1417,"buildingCount":1,"rank":2405},"geometry":{"type":"Point","coordinates":[126.926538,37.646484]}},{"type":"Feature","properties":{"id":"A12220002","name":"은평뉴타운상림마을13단지","district":"은평구","neighborhood":"진관동","avgPrice":9.3,"households":1416,"buildingCount":10,"rank":2406},"geometry":{"type":"Point","coordinates":[126.929303,37.642257]}},{"type":"Feature","properties":{"id":"A10023565","name":"개포6차우성아파트","district":"강남구","neighborhood":"개포동","avgPrice":17.5,"households":1415,"buildingCount":10,"rank":2407},"geometry":{"type":"Point","coordinates":[127.056938,37.476427]}},{"type":"Feature","properties":{"id":"A12220001","name":"은평뉴타운상림마을6단지 제1아파트(8단지 푸르지오)","district":"은평구","neighborhood":"진관동","avgPrice":5.800000000000001,"households":1415,"buildingCount":0,"rank":2408},"geometry":{"type":"Point","coordinates":[126.91646,37.640778]}},{"type":"Feature","properties":{"id":"A10023562","name":"홍은동일아파트","district":"서대문구","neighborhood":"홍은동","avgPrice":6.5,"households":1412,"buildingCount":1,"rank":2409},"geometry":{"type":"Point","coordinates":[126.946654,37.598421]}},{"type":"Feature","properties":{"id":"A10022175","name":"용답중앙하이츠아파트","district":"성동구","neighborhood":"용답동","avgPrice":11.1,"households":1411,"buildingCount":1,"rank":2410},"geometry":{"type":"Point","coordinates":[127.055556,37.563131]}},{"type":"Feature","properties":{"id":"A13895503","name":"한화오벨리스크","district":"송파구","neighborhood":"가락동","avgPrice":2.0466666666666664,"households":1411,"buildingCount":4,"rank":2411},"geometry":{"type":"Point","coordinates":[127.121753,37.495423]}},{"type":"Feature","properties":{"id":"A13895502","name":"가락3차쌍용스윗닷홈(1~4동)","district":"송파구","neighborhood":"가락동","avgPrice":16.55,"households":1410,"buildingCount":0,"rank":2412},"geometry":{"type":"Point","coordinates":[127.10162,37.499028]}},{"type":"Feature","properties":{"id":"A10023560","name":"서대문푸르지오센트럴파크","district":"서대문구","neighborhood":"홍제동","avgPrice":14.264285714285714,"households":1410,"buildingCount":6,"rank":2413},"geometry":{"type":"Point","coordinates":[126.950308,37.580874]}},{"type":"Feature","properties":{"id":"A13895501","name":"송파성원상떼빌","district":"송파구","neighborhood":"가락동","avgPrice":13.516666666666666,"households":1409,"buildingCount":1,"rank":2414},"geometry":{"type":"Point","coordinates":[127.120472,37.495143]}},{"type":"Feature","properties":{"id":"A15881702","name":"목동성원","district":"양천구","neighborhood":"목동","avgPrice":12.95,"households":1409,"buildingCount":0,"rank":2415},"geometry":{"type":"Point","coordinates":[126.863144,37.542356]}},{"type":"Feature","properties":{"id":"A13184609","name":"신내4단지","district":"중랑구","neighborhood":"묵동","avgPrice":8.25,"households":1409,"buildingCount":11,"rank":2416},"geometry":{"type":"Point","coordinates":[127.085039,37.616479]}},{"type":"Feature","properties":{"id":"A15881701","name":"목동금강에스쁘아","district":"양천구","neighborhood":"목동","avgPrice":10.733333333333334,"households":1408,"buildingCount":3,"rank":2417},"geometry":{"type":"Point","coordinates":[126.87165,37.538215]}},{"type":"Feature","properties":{"id":"A10021603","name":"둔촌한솔솔파크","district":"강동구","neighborhood":"둔촌동","avgPrice":9.350000000000001,"households":1406,"buildingCount":4,"rank":2418},"geometry":{"type":"Point","coordinates":[127.147874,37.53372]}},{"type":"Feature","properties":{"id":"A10020216","name":"역삼우정에쉐르2","district":"강남구","neighborhood":"역삼동","avgPrice":7.416666666666667,"households":1405,"buildingCount":0,"rank":2419},"geometry":{"type":"Point","coordinates":[127.038468,37.499414]}},{"type":"Feature","properties":{"id":"A10025003","name":"마포그랑자이아파트","district":"마포구","neighborhood":"대흥동","avgPrice":22.974999999999998,"households":1404,"buildingCount":0,"rank":2420},"geometry":{"type":"Point","coordinates":[126.925854,37.58097]}},{"type":"Feature","properties":{"id":"A14287102","name":"우이동성원아파트","district":"강북구","neighborhood":"우이동","avgPrice":12.25,"households":1402,"buildingCount":2,"rank":2421},"geometry":{"type":"Point","coordinates":[127.013988,37.661887]}},{"type":"Feature","properties":{"id":"A12180506","name":"공덕삼성래미안3차","district":"마포구","neighborhood":"공덕동","avgPrice":9.25,"households":1400,"buildingCount":8,"rank":2422},"geometry":{"type":"Point","coordinates":[126.95226,37.548065]}},{"type":"Feature","properties":{"id":"A13471501","name":"암사한강현대","district":"강동구","neighborhood":"암사동","avgPrice":11.783333333333333,"households":1399,"buildingCount":2,"rank":2423},"geometry":{"type":"Point","coordinates":[127.112299,37.512272]}},{"type":"Feature","properties":{"id":"A13009206","name":"휘경동일스위트리버","district":"동대문구","neighborhood":"휘경동","avgPrice":8.735000000000001,"households":1398,"buildingCount":5,"rank":2424},"geometry":{"type":"Point","coordinates":[127.048817,37.588199]}},{"type":"Feature","properties":{"id":"A14382101","name":"구의삼성쉐르빌","district":"광진구","neighborhood":"구의동","avgPrice":16.383333333333333,"households":1397,"buildingCount":1,"rank":2425},"geometry":{"type":"Point","coordinates":[127.094797,37.539991]}},{"type":"Feature","properties":{"id":"A13009202","name":"휘경동일하이빌","district":"동대문구","neighborhood":"휘경동","avgPrice":8.34,"households":1394,"buildingCount":6,"rank":2426},"geometry":{"type":"Point","coordinates":[127.073149,37.582314]}},{"type":"Feature","properties":{"id":"A10024947","name":"백련산 해모로 아파트","district":"은평구","neighborhood":"응암동","avgPrice":13.35,"households":1390,"buildingCount":9,"rank":2427},"geometry":{"type":"Point","coordinates":[126.92206,37.596145]}},{"type":"Feature","properties":{"id":"A10024942","name":"방배서리풀그랑블아파트","district":"서초구","neighborhood":"방배동","avgPrice":20.15,"households":1385,"buildingCount":0,"rank":2428},"geometry":{"type":"Point","coordinates":[126.997632,37.486079]}},{"type":"Feature","properties":{"id":"A11084601","name":"평창롯데","district":"종로구","neighborhood":"평창동","avgPrice":9.5,"households":1384,"buildingCount":0,"rank":2429},"geometry":{"type":"Point","coordinates":[126.977466,37.59339]}},{"type":"Feature","properties":{"id":"A10023551","name":"동작협성휴포레시그니처아파트","district":"동작구","neighborhood":"신대방동","avgPrice":11.5025,"households":1380,"buildingCount":0,"rank":2430},"geometry":{"type":"Point","coordinates":[126.938778,37.531705]}},{"type":"Feature","properties":{"id":"A13790910","name":"반포한신타워","district":"서초구","neighborhood":"잠원동","avgPrice":29.766666666666666,"households":1377,"buildingCount":4,"rank":2431},"geometry":{"type":"Point","coordinates":[127.006422,37.510978]}},{"type":"Feature","properties":{"id":"A14375801","name":"우성6","district":"광진구","neighborhood":"자양동","avgPrice":10.15,"households":1376,"buildingCount":3,"rank":2432},"geometry":{"type":"Point","coordinates":[127.070622,37.536625]}},{"type":"Feature","properties":{"id":"A13583701","name":"대치현대","district":"강남구","neighborhood":"대치동","avgPrice":31.9,"households":1375,"buildingCount":4,"rank":2433},"geometry":{"type":"Point","coordinates":[127.060909,37.501064]}},{"type":"Feature","properties":{"id":"A13084804","name":"전농SK","district":"동대문구","neighborhood":"전농동","avgPrice":10.404137931034482,"households":1375,"buildingCount":7,"rank":2434},"geometry":{"type":"Point","coordinates":[127.059767,37.576292]}},{"type":"Feature","properties":{"id":"A13084803","name":"전농우성","district":"동대문구","neighborhood":"전농동","avgPrice":7.375749999999999,"households":1374,"buildingCount":12,"rank":2435},"geometry":{"type":"Point","coordinates":[127.064765,37.577299]}},{"type":"Feature","properties":{"id":"A13084802","name":"전농SK제2(임대)","district":"동대문구","neighborhood":"전농동","avgPrice":8.5,"households":1373,"buildingCount":0,"rank":2436},"geometry":{"type":"Point","coordinates":[127.036352,37.59186]}},{"type":"Feature","properties":{"id":"A10020204","name":"마장한영스테이","district":"노원구","neighborhood":"공릉동","avgPrice":9.8,"households":1372,"buildingCount":1,"rank":2437},"geometry":{"type":"Point","coordinates":[127.063363,37.659746]}},{"type":"Feature","properties":{"id":"A15381402","name":"독산계룡","district":"금천구","neighborhood":"독산동","avgPrice":8.2,"households":1371,"buildingCount":3,"rank":2438},"geometry":{"type":"Point","coordinates":[126.892711,37.467074]}},{"type":"Feature","properties":{"id":"A13183204","name":"용마한신","district":"중랑구","neighborhood":"면목동","avgPrice":4.9348,"households":1369,"buildingCount":2,"rank":2439},"geometry":{"type":"Point","coordinates":[127.096215,37.58127]}},{"type":"Feature","properties":{"id":"A14282301","name":"미아2동경남아너스빌","district":"강북구","neighborhood":"미아동","avgPrice":6.916666666666667,"households":1368,"buildingCount":2,"rank":2440},"geometry":{"type":"Point","coordinates":[127.018804,37.628823]}},{"type":"Feature","properties":{"id":"A13183202","name":"용마한신2차아파트","district":"중랑구","neighborhood":"면목동","avgPrice":7.0525,"households":1367,"buildingCount":5,"rank":2441},"geometry":{"type":"Point","coordinates":[127.0946,37.581371]}},{"type":"Feature","properties":{"id":"A13470104","name":"청광플러스원큐브3차","district":"강동구","neighborhood":"길동","avgPrice":0.99,"households":1367,"buildingCount":3,"rank":2442},"geometry":{"type":"Point","coordinates":[127.136196,37.536668]}},{"type":"Feature","properties":{"id":"A13470103","name":"길동라인","district":"강동구","neighborhood":"길동","avgPrice":7.585,"households":1366,"buildingCount":1,"rank":2443},"geometry":{"type":"Point","coordinates":[127.141778,37.539188]}},{"type":"Feature","properties":{"id":"A13470102","name":"강동QV2차","district":"강동구","neighborhood":"길동","avgPrice":9.350000000000001,"households":1365,"buildingCount":0,"rank":2444},"geometry":{"type":"Point","coordinates":[127.14584,37.512055]}},{"type":"Feature","properties":{"id":"A14070302","name":"용산더프라임","district":"용산구","neighborhood":"원효로1가","avgPrice":17.8,"households":1364,"buildingCount":3,"rank":2445},"geometry":{"type":"Point","coordinates":[126.970461,37.540081]}},{"type":"Feature","properties":{"id":"A13470101","name":"길동삼익파크","district":"강동구","neighborhood":"길동","avgPrice":11.899999999999999,"households":1364,"buildingCount":10,"rank":2446},"geometry":{"type":"Point","coordinates":[127.147321,37.544728]}},{"type":"Feature","properties":{"id":"A14070301","name":"리첸시아용산","district":"용산구","neighborhood":"원효로1가","avgPrice":19.6,"households":1363,"buildingCount":3,"rank":2447},"geometry":{"type":"Point","coordinates":[126.967615,37.538414]}},{"type":"Feature","properties":{"id":"A10024938","name":"래미안루센티아 아파트","district":"서대문구","neighborhood":"남가좌동","avgPrice":13.753333333333334,"households":1360,"buildingCount":0,"rank":2448},"geometry":{"type":"Point","coordinates":[126.92194,37.576125]}},{"type":"Feature","properties":{"id":"A15301001","name":"진도1차","district":"금천구","neighborhood":"독산동","avgPrice":4.826,"households":1358,"buildingCount":2,"rank":2449},"geometry":{"type":"Point","coordinates":[126.892358,37.470301]}},{"type":"Feature","properties":{"id":"A14010003","name":"용산CJ나인파크","district":"용산구","neighborhood":"문배동","avgPrice":18.01,"households":1356,"buildingCount":3,"rank":2450},"geometry":{"type":"Point","coordinates":[126.969179,37.536295]}},{"type":"Feature","properties":{"id":"A10023548","name":"정동상림원아파트","district":"중구","neighborhood":"정동","avgPrice":7.9,"households":1356,"buildingCount":0,"rank":2451},"geometry":{"type":"Point","coordinates":[127.020626,37.5798]}},{"type":"Feature","properties":{"id":"A14010002","name":"이안용산프리미어","district":"용산구","neighborhood":"문배동","avgPrice":14.1,"households":1355,"buildingCount":5,"rank":2452},"geometry":{"type":"Point","coordinates":[126.970147,37.538417]}},{"type":"Feature","properties":{"id":"A10023547","name":"개포상록스타힐스","district":"강남구","neighborhood":"일원동","avgPrice":13.7,"households":1355,"buildingCount":10,"rank":2453},"geometry":{"type":"Point","coordinates":[127.076376,37.488115]}},{"type":"Feature","properties":{"id":"A14010001","name":"용산아크로타워","district":"용산구","neighborhood":"문배동","avgPrice":16.65,"households":1354,"buildingCount":3,"rank":2454},"geometry":{"type":"Point","coordinates":[126.968495,37.536892]}},{"type":"Feature","properties":{"id":"A10024932","name":"e편한세상 강동에코포레 아파트","district":"강동구","neighborhood":"길동","avgPrice":10.25,"households":1354,"buildingCount":7,"rank":2455},"geometry":{"type":"Point","coordinates":[127.148239,37.541342]}},{"type":"Feature","properties":{"id":"A13986207","name":"중계양지대림1-2임대","district":"노원구","neighborhood":"중계동","avgPrice":7.75,"households":1353,"buildingCount":0,"rank":2456},"geometry":{"type":"Point","coordinates":[127.081348,37.650024]}},{"type":"Feature","properties":{"id":"A10022158","name":"대호103동  아파트","district":"은평구","neighborhood":"불광동","avgPrice":11.05,"households":1352,"buildingCount":5,"rank":2457},"geometry":{"type":"Point","coordinates":[126.933143,37.614645]}},{"type":"Feature","properties":{"id":"A10023543","name":"가양역두산위브아파트","district":"강서구","neighborhood":"등촌동","avgPrice":10.64,"households":1351,"buildingCount":8,"rank":2458},"geometry":{"type":"Point","coordinates":[126.854476,37.556291]}},{"type":"Feature","properties":{"id":"A15685503","name":"보라매파크빌","district":"동작구","neighborhood":"신대방동","avgPrice":13.05,"households":1350,"buildingCount":1,"rank":2459},"geometry":{"type":"Point","coordinates":[126.911654,37.491047]}},{"type":"Feature","properties":{"id":"A10022156","name":"더트루엘마곡HQ","district":"강서구","neighborhood":"공항동","avgPrice":6.189615384615385,"households":1350,"buildingCount":2,"rank":2460},"geometry":{"type":"Point","coordinates":[126.858642,37.543536]}},{"type":"Feature","properties":{"id":"A10022155","name":"청광플러스원아파트","district":"금천구","neighborhood":"독산동","avgPrice":6.35,"households":1349,"buildingCount":1,"rank":2461},"geometry":{"type":"Point","coordinates":[126.894263,37.47124]}},{"type":"Feature","properties":{"id":"A13790902","name":"잠원킴스빌리지","district":"서초구","neighborhood":"잠원동","avgPrice":14.564444444444446,"households":1348,"buildingCount":0,"rank":2462},"geometry":{"type":"Point","coordinates":[127.017884,37.512573]}},{"type":"Feature","properties":{"id":"A15378501","name":"시흥월드메르디앙","district":"금천구","neighborhood":"시흥동","avgPrice":14.05,"households":1347,"buildingCount":0,"rank":2463},"geometry":{"type":"Point","coordinates":[126.871546,37.45042]}},{"type":"Feature","properties":{"id":"A13986201","name":"중계우성3차","district":"노원구","neighborhood":"중계동","avgPrice":13.950000000000001,"households":1347,"buildingCount":5,"rank":2464},"geometry":{"type":"Point","coordinates":[127.072714,37.652765]}},{"type":"Feature","properties":{"id":"A13176902","name":"신내9단지임대","district":"중랑구","neighborhood":"신내동","avgPrice":14.1,"households":1346,"buildingCount":0,"rank":2465},"geometry":{"type":"Point","coordinates":[127.12141,37.59829]}},{"type":"Feature","properties":{"id":"A10022152","name":"서울공릉행복주택","district":"노원구","neighborhood":"공릉동","avgPrice":10.100000000000001,"households":1346,"buildingCount":5,"rank":2466},"geometry":{"type":"Point","coordinates":[127.075885,37.628812]}},{"type":"Feature","properties":{"id":"A13176901","name":"신내6단지","district":"중랑구","neighborhood":"신내동","avgPrice":12.45,"households":1345,"buildingCount":6,"rank":2467},"geometry":{"type":"Point","coordinates":[127.091954,37.615568]}},{"type":"Feature","properties":{"id":"A13770801","name":"방배한신트리플","district":"서초구","neighborhood":"방배동","avgPrice":3.5700000000000003,"households":1344,"buildingCount":2,"rank":2468},"geometry":{"type":"Point","coordinates":[126.989374,37.491707]}},{"type":"Feature","properties":{"id":"A15285004","name":"구로극동","district":"구로구","neighborhood":"구로동","avgPrice":4.42,"households":1342,"buildingCount":0,"rank":2469},"geometry":{"type":"Point","coordinates":[126.90471,37.491495]}},{"type":"Feature","properties":{"id":"A13275303","name":"도봉파크빌2단지","district":"도봉구","neighborhood":"도봉동","avgPrice":6.15,"households":1341,"buildingCount":2,"rank":2470},"geometry":{"type":"Point","coordinates":[127.050757,37.684278]}},{"type":"Feature","properties":{"id":"A13275302","name":"도봉서원제2","district":"도봉구","neighborhood":"도봉동","avgPrice":3.536111111111111,"households":1340,"buildingCount":1,"rank":2471},"geometry":{"type":"Point","coordinates":[127.056682,37.677638]}},{"type":"Feature","properties":{"id":"A13275301","name":"도봉양우내안애아파트","district":"도봉구","neighborhood":"도봉동","avgPrice":5.925000000000001,"households":1339,"buildingCount":5,"rank":2472},"geometry":{"type":"Point","coordinates":[127.048623,37.683327]}},{"type":"Feature","properties":{"id":"A15605103","name":"신동아리버파크","district":"동작구","neighborhood":"노량진동","avgPrice":15.48775,"households":1338,"buildingCount":3,"rank":2473},"geometry":{"type":"Point","coordinates":[126.94802,37.507167]}},{"type":"Feature","properties":{"id":"A13522008","name":"수서주공","district":"강남구","neighborhood":"수서동","avgPrice":12.15,"households":1338,"buildingCount":9,"rank":2474},"geometry":{"type":"Point","coordinates":[127.100006,37.490493]}},{"type":"Feature","properties":{"id":"A15605102","name":"본동한신휴플러스","district":"동작구","neighborhood":"본동","avgPrice":16.85,"households":1337,"buildingCount":6,"rank":2475},"geometry":{"type":"Point","coordinates":[126.950325,37.509161]}},{"type":"Feature","properties":{"id":"A13522007","name":"수서까치마을","district":"강남구","neighborhood":"수서동","avgPrice":15.4126,"households":1337,"buildingCount":4,"rank":2476},"geometry":{"type":"Point","coordinates":[127.087313,37.484745]}},{"type":"Feature","properties":{"id":"A13522006","name":"수서신동아","district":"강남구","neighborhood":"수서동","avgPrice":16.536363636363635,"households":1336,"buildingCount":5,"rank":2477},"geometry":{"type":"Point","coordinates":[127.098113,37.486901]}},{"type":"Feature","properties":{"id":"A13522004","name":"수서삼성","district":"강남구","neighborhood":"수서동","avgPrice":24.2,"households":1334,"buildingCount":8,"rank":2478},"geometry":{"type":"Point","coordinates":[127.089523,37.484818]}},{"type":"Feature","properties":{"id":"A13522003","name":"수서삼익","district":"강남구","neighborhood":"수서동","avgPrice":22.080000000000002,"households":1333,"buildingCount":4,"rank":2479},"geometry":{"type":"Point","coordinates":[127.101002,37.489113]}},{"type":"Feature","properties":{"id":"A13003007","name":"래미안위브","district":"동대문구","neighborhood":"답십리동","avgPrice":16.70925,"households":1331,"buildingCount":9,"rank":2480},"geometry":{"type":"Point","coordinates":[127.053512,37.571121]}},{"type":"Feature","properties":{"id":"A13310004","name":"옥수극동","district":"성동구","neighborhood":"옥수동","avgPrice":20.9,"households":1329,"buildingCount":3,"rank":2481},"geometry":{"type":"Point","coordinates":[127.011403,37.542336]}},{"type":"Feature","properties":{"id":"A10026881","name":"서울역센트럴자이아파트","district":"중구","neighborhood":"만리동2가","avgPrice":20.743636363636366,"households":1329,"buildingCount":6,"rank":2482},"geometry":{"type":"Point","coordinates":[126.963929,37.554067]}},{"type":"Feature","properties":{"id":"A13003005","name":"청계한신휴플러스","district":"동대문구","neighborhood":"답십리동","avgPrice":14.019,"households":1329,"buildingCount":11,"rank":2483},"geometry":{"type":"Point","coordinates":[127.045864,37.572318]}},{"type":"Feature","properties":{"id":"A10024927","name":"구로항동제일풍경채포레스트","district":"구로구","neighborhood":"항동","avgPrice":6.945,"households":1328,"buildingCount":1,"rank":2484},"geometry":{"type":"Point","coordinates":[126.90278,37.473044]}},{"type":"Feature","properties":{"id":"A13003003","name":"답십리두산위브","district":"동대문구","neighborhood":"답십리동","avgPrice":11.044814814814814,"households":1327,"buildingCount":7,"rank":2485},"geometry":{"type":"Point","coordinates":[127.057727,37.566108]}},{"type":"Feature","properties":{"id":"A10024925","name":"문래롯데캐슬아파트","district":"영등포구","neighborhood":"문래동6가","avgPrice":11.6,"households":1326,"buildingCount":3,"rank":2486},"geometry":{"type":"Point","coordinates":[126.886035,37.518134]}},{"type":"Feature","properties":{"id":"A13003002","name":"답십리동서울한양","district":"동대문구","neighborhood":"답십리동","avgPrice":6.604761904761904,"households":1326,"buildingCount":0,"rank":2487},"geometry":{"type":"Point","coordinates":[127.02423,37.592625]}},{"type":"Feature","properties":{"id":"A10023539","name":"한일베라체캠퍼스","district":"동대문구","neighborhood":"회기동","avgPrice":2.3,"households":1326,"buildingCount":3,"rank":2488},"geometry":{"type":"Point","coordinates":[127.056506,37.59093]}},{"type":"Feature","properties":{"id":"A10022149","name":"신월동 길훈엔트런스빌아파트","district":"양천구","neighborhood":"신월동","avgPrice":3.086,"households":1322,"buildingCount":1,"rank":2489},"geometry":{"type":"Point","coordinates":[126.837668,37.49552]}},{"type":"Feature","properties":{"id":"A13981407","name":"상계조합대림","district":"노원구","neighborhood":"상계동","avgPrice":10.9,"households":1320,"buildingCount":1,"rank":2490},"geometry":{"type":"Point","coordinates":[127.070994,37.65664]}},{"type":"Feature","properties":{"id":"A10022146","name":"구로영화참마음아파트","district":"구로구","neighborhood":"구로동","avgPrice":6.6,"households":1319,"buildingCount":1,"rank":2491},"geometry":{"type":"Point","coordinates":[126.90102,37.505926]}},{"type":"Feature","properties":{"id":"A13980019","name":"공릉태강","district":"노원구","neighborhood":"공릉동","avgPrice":15.95,"households":1318,"buildingCount":15,"rank":2492},"geometry":{"type":"Point","coordinates":[127.083304,37.623499]}},{"type":"Feature","properties":{"id":"A13981405","name":"청암2단지","district":"노원구","neighborhood":"상계동","avgPrice":4.330909090909091,"households":1318,"buildingCount":8,"rank":2493},"geometry":{"type":"Point","coordinates":[127.078482,37.663147]}},{"type":"Feature","properties":{"id":"A10022144","name":"신원주상복합2차아파트","district":"도봉구","neighborhood":"쌍문동","avgPrice":14.4,"households":1317,"buildingCount":6,"rank":2494},"geometry":{"type":"Point","coordinates":[127.035532,37.658333]}},{"type":"Feature","properties":{"id":"A13980018","name":"공릉비선","district":"노원구","neighborhood":"공릉동","avgPrice":10.55,"households":1317,"buildingCount":9,"rank":2495},"geometry":{"type":"Point","coordinates":[127.087261,37.625882]}},{"type":"Feature","properties":{"id":"A13980017","name":"공릉2-6","district":"노원구","neighborhood":"공릉동","avgPrice":14.3,"households":1316,"buildingCount":7,"rank":2496},"geometry":{"type":"Point","coordinates":[127.08796,37.624315]}},{"type":"Feature","properties":{"id":"A13482505","name":"명일동우성","district":"강동구","neighborhood":"명일동","avgPrice":11.45,"households":1315,"buildingCount":3,"rank":2497},"geometry":{"type":"Point","coordinates":[127.148099,37.550291]}},{"type":"Feature","properties":{"id":"A13981402","name":"상계청암1단지","district":"노원구","neighborhood":"상계동","avgPrice":6.95,"households":1315,"buildingCount":6,"rank":2498},"geometry":{"type":"Point","coordinates":[127.060385,37.659003]}},{"type":"Feature","properties":{"id":"A13980014","name":"공릉해링턴플레이스(구.효성화운트빌)","district":"노원구","neighborhood":"공릉동","avgPrice":9.409090909090908,"households":1313,"buildingCount":0,"rank":2499},"geometry":{"type":"Point","coordinates":[127.04607,37.674945]}},{"type":"Feature","properties":{"id":"A13822702","name":"잠실우성1,2,3차","district":"송파구","neighborhood":"잠실동","avgPrice":22,"households":1312,"buildingCount":13,"rank":2500},"geometry":{"type":"Point","coordinates":[127.0846,37.515173]}},{"type":"Feature","properties":{"id":"A13822701","name":"잠실아시아선수촌","district":"송파구","neighborhood":"잠실동","avgPrice":20.15,"households":1311,"buildingCount":1,"rank":2501},"geometry":{"type":"Point","coordinates":[127.078172,37.509168]}},{"type":"Feature","properties":{"id":"A13980012","name":"공릉우방4단지","district":"노원구","neighborhood":"공릉동","avgPrice":10.9,"households":1311,"buildingCount":0,"rank":2502},"geometry":{"type":"Point","coordinates":[127.039864,37.661445]}},{"type":"Feature","properties":{"id":"A15185201","name":"신림현대성우","district":"관악구","neighborhood":"신림동","avgPrice":6.574999999999999,"households":1310,"buildingCount":5,"rank":2503},"geometry":{"type":"Point","coordinates":[126.93945,37.496992]}},{"type":"Feature","properties":{"id":"A13980010","name":"공릉화랑타운","district":"노원구","neighborhood":"공릉동","avgPrice":10.95,"households":1309,"buildingCount":3,"rank":2504},"geometry":{"type":"Point","coordinates":[127.087339,37.623345]}},{"type":"Feature","properties":{"id":"A14086101","name":"이태원남산대림","district":"용산구","neighborhood":"이태원동","avgPrice":26,"households":1308,"buildingCount":2,"rank":2505},"geometry":{"type":"Point","coordinates":[127.00738,37.546191]}},{"type":"Feature","properties":{"id":"A12076401","name":"홍제비콘드림힐","district":"서대문구","neighborhood":"홍제동","avgPrice":7.085,"households":1308,"buildingCount":5,"rank":2506},"geometry":{"type":"Point","coordinates":[126.9494,37.590288]}},{"type":"Feature","properties":{"id":"A10026879","name":"마곡13단지 힐스테이트마스터 아파트","district":"강서구","neighborhood":"마곡동","avgPrice":7.1000000000000005,"households":1306,"buildingCount":7,"rank":2507},"geometry":{"type":"Point","coordinates":[126.817773,37.557337]}},{"type":"Feature","properties":{"id":"A13307101","name":"서울숲삼부아파트","district":"성동구","neighborhood":"행당동","avgPrice":23,"households":1303,"buildingCount":6,"rank":2508},"geometry":{"type":"Point","coordinates":[127.037556,37.559935]}},{"type":"Feature","properties":{"id":"A12208002","name":"신사이랜드타운","district":"은평구","neighborhood":"신사동","avgPrice":12.35,"households":1302,"buildingCount":2,"rank":2509},"geometry":{"type":"Point","coordinates":[126.903745,37.590481]}},{"type":"Feature","properties":{"id":"A10026874","name":"강변에스케이뷰","district":"광진구","neighborhood":"구의동","avgPrice":16.92,"households":1301,"buildingCount":2,"rank":2510},"geometry":{"type":"Point","coordinates":[127.090053,37.538538]}},{"type":"Feature","properties":{"id":"A13402103","name":"천호우성","district":"강동구","neighborhood":"천호동","avgPrice":11.462222222222223,"households":1301,"buildingCount":3,"rank":2511},"geometry":{"type":"Point","coordinates":[127.138926,37.550358]}},{"type":"Feature","properties":{"id":"A12208001","name":"은평신사두산위브아파트","district":"은평구","neighborhood":"신사동","avgPrice":7.6000000000000005,"households":1301,"buildingCount":2,"rank":2512},"geometry":{"type":"Point","coordinates":[126.905667,37.599976]}},{"type":"Feature","properties":{"id":"A10026873","name":"극동강변아파트","district":"동작구","neighborhood":"본동","avgPrice":10.65,"households":1300,"buildingCount":1,"rank":2513},"geometry":{"type":"Point","coordinates":[126.951972,37.511586]}},{"type":"Feature","properties":{"id":"A10024098","name":"보라매자이 더 포레스트","district":"동작구","neighborhood":"신대방동","avgPrice":14.399999999999999,"households":1297,"buildingCount":8,"rank":2514},"geometry":{"type":"Point","coordinates":[126.926232,37.498596]}},{"type":"Feature","properties":{"id":"A10020694","name":"상봉베스트원아파트","district":"중랑구","neighborhood":"상봉동","avgPrice":2.1033333333333335,"households":1295,"buildingCount":3,"rank":2515},"geometry":{"type":"Point","coordinates":[127.086703,37.596454]}},{"type":"Feature","properties":{"id":"A13786606","name":"서초더샵","district":"서초구","neighborhood":"서초동","avgPrice":18.25,"households":1294,"buildingCount":3,"rank":2516},"geometry":{"type":"Point","coordinates":[127.009575,37.482297]}},{"type":"Feature","properties":{"id":"A10024913","name":"반포센트럴자이아파트","district":"서초구","neighborhood":"잠원동","avgPrice":45.45,"households":1293,"buildingCount":10,"rank":2517},"geometry":{"type":"Point","coordinates":[127.001704,37.507173]}},{"type":"Feature","properties":{"id":"A13786601","name":"서초자이","district":"서초구","neighborhood":"서초동","avgPrice":28,"households":1289,"buildingCount":6,"rank":2518},"geometry":{"type":"Point","coordinates":[127.020058,37.48484]}},{"type":"Feature","properties":{"id":"A14386802","name":"자양경남","district":"광진구","neighborhood":"자양동","avgPrice":11.3,"households":1289,"buildingCount":1,"rank":2519},"geometry":{"type":"Point","coordinates":[127.078694,37.528946]}},{"type":"Feature","properties":{"id":"A10022137","name":"이튼타워리버1차","district":"광진구","neighborhood":"자양동","avgPrice":11.15,"households":1289,"buildingCount":2,"rank":2520},"geometry":{"type":"Point","coordinates":[127.069291,37.531915]}},{"type":"Feature","properties":{"id":"A13594702","name":"상록수아파트","district":"강남구","neighborhood":"일원동","avgPrice":30,"households":1288,"buildingCount":10,"rank":2521},"geometry":{"type":"Point","coordinates":[127.082215,37.48179]}},{"type":"Feature","properties":{"id":"A13594701","name":"한솔마을","district":"강남구","neighborhood":"일원동","avgPrice":28.599999999999998,"households":1287,"buildingCount":13,"rank":2522},"geometry":{"type":"Point","coordinates":[127.077389,37.481825]}},{"type":"Feature","properties":{"id":"A13980009","name":"공릉태릉우성","district":"노원구","neighborhood":"공릉동","avgPrice":14.450000000000001,"households":1287,"buildingCount":2,"rank":2523},"geometry":{"type":"Point","coordinates":[127.052266,37.648904]}},{"type":"Feature","properties":{"id":"A13881603","name":"거여현대1차","district":"송파구","neighborhood":"거여동","avgPrice":13.185714285714285,"households":1287,"buildingCount":5,"rank":2524},"geometry":{"type":"Point","coordinates":[127.141108,37.492883]}},{"type":"Feature","properties":{"id":"A15809403","name":"신월대성유니드","district":"양천구","neighborhood":"신월동","avgPrice":6.733333333333333,"households":1287,"buildingCount":6,"rank":2525},"geometry":{"type":"Point","coordinates":[126.840833,37.520114]}},{"type":"Feature","properties":{"id":"A10022135","name":"동도센트리움캠퍼스파크","district":"광진구","neighborhood":"화양동","avgPrice":2.0775,"households":1287,"buildingCount":3,"rank":2526},"geometry":{"type":"Point","coordinates":[127.071126,37.547941]}},{"type":"Feature","properties":{"id":"A15809402","name":"신월삼정그린뷰","district":"양천구","neighborhood":"신월동","avgPrice":6.5280000000000005,"households":1286,"buildingCount":1,"rank":2527},"geometry":{"type":"Point","coordinates":[126.874632,37.52145]}},{"type":"Feature","properties":{"id":"A13881601","name":"거여우방","district":"송파구","neighborhood":"거여동","avgPrice":15.450000000000001,"households":1285,"buildingCount":0,"rank":2528},"geometry":{"type":"Point","coordinates":[127.142448,37.492622]}},{"type":"Feature","properties":{"id":"A15809401","name":"신월2차보람쉬움","district":"양천구","neighborhood":"신월동","avgPrice":5.775,"households":1285,"buildingCount":0,"rank":2529},"geometry":{"type":"Point","coordinates":[126.839546,37.50169]}},{"type":"Feature","properties":{"id":"A15277302","name":"신도림디큐브시티","district":"구로구","neighborhood":"신도림동","avgPrice":14.618,"households":1284,"buildingCount":1,"rank":2530},"geometry":{"type":"Point","coordinates":[126.888617,37.508138]}},{"type":"Feature","properties":{"id":"A15085404","name":"신길한성","district":"영등포구","neighborhood":"신길동","avgPrice":12.45,"households":1284,"buildingCount":4,"rank":2531},"geometry":{"type":"Point","coordinates":[126.919976,37.50372]}},{"type":"Feature","properties":{"id":"A13980006","name":"공릉청솔9단지","district":"노원구","neighborhood":"공릉동","avgPrice":9.7,"households":1284,"buildingCount":4,"rank":2532},"geometry":{"type":"Point","coordinates":[127.085563,37.621829]}},{"type":"Feature","properties":{"id":"A10022130","name":"삼성풍림2차아파트","district":"강남구","neighborhood":"삼성동","avgPrice":10.585,"households":1282,"buildingCount":4,"rank":2533},"geometry":{"type":"Point","coordinates":[127.062915,37.516006]}},{"type":"Feature","properties":{"id":"A12283603","name":"대림아파트(녹번동)","district":"은평구","neighborhood":"녹번동","avgPrice":8.85,"households":1282,"buildingCount":2,"rank":2534},"geometry":{"type":"Point","coordinates":[126.937165,37.599664]}},{"type":"Feature","properties":{"id":"A13980004","name":"청솔아파트8","district":"노원구","neighborhood":"공릉동","avgPrice":7.764285714285714,"households":1282,"buildingCount":6,"rank":2535},"geometry":{"type":"Point","coordinates":[127.085806,37.623557]}},{"type":"Feature","properties":{"id":"A12283602","name":"녹번JR아파트","district":"은평구","neighborhood":"녹번동","avgPrice":6.882857142857143,"households":1281,"buildingCount":5,"rank":2536},"geometry":{"type":"Point","coordinates":[126.937666,37.60029]}},{"type":"Feature","properties":{"id":"A12283601","name":"녹번2차현대아파트(녹번2현대)","district":"은평구","neighborhood":"녹번동","avgPrice":6.465,"households":1280,"buildingCount":2,"rank":2537},"geometry":{"type":"Point","coordinates":[126.924954,37.605238]}},{"type":"Feature","properties":{"id":"A15005002","name":"레전드힐스","district":"영등포구","neighborhood":"신길동","avgPrice":0.9814285714285714,"households":1270,"buildingCount":0,"rank":2538},"geometry":{"type":"Point","coordinates":[126.921173,37.504715]}},{"type":"Feature","properties":{"id":"A15005001","name":"신길우성4차아파트","district":"영등포구","neighborhood":"신길동","avgPrice":10.91,"households":1269,"buildingCount":4,"rank":2539},"geometry":{"type":"Point","coordinates":[126.91673,37.514382]}},{"type":"Feature","properties":{"id":"A14021001","name":"한남동리첸시아","district":"용산구","neighborhood":"한남동","avgPrice":11.721111111111112,"households":1266,"buildingCount":0,"rank":2540},"geometry":{"type":"Point","coordinates":[127.00078,37.536678]}},{"type":"Feature","properties":{"id":"A10020686","name":"더포디엄830","district":"광진구","neighborhood":"자양동","avgPrice":10,"households":1266,"buildingCount":0,"rank":2541},"geometry":{"type":"Point","coordinates":[127.063914,37.55685]}},{"type":"Feature","properties":{"id":"A10025472","name":"신동아럭스빌아파트","district":"서초구","neighborhood":"방배동","avgPrice":22.7,"households":1264,"buildingCount":4,"rank":2542},"geometry":{"type":"Point","coordinates":[127.001289,37.475619]}},{"type":"Feature","properties":{"id":"A10020684","name":"길동생활B","district":"강동구","neighborhood":"길동","avgPrice":9.95,"households":1264,"buildingCount":1,"rank":2543},"geometry":{"type":"Point","coordinates":[127.120908,37.542216]}},{"type":"Feature","properties":{"id":"A10024086","name":"DMC SK VIEW","district":"은평구","neighborhood":"수색동","avgPrice":8.8,"households":1264,"buildingCount":6,"rank":2544},"geometry":{"type":"Point","coordinates":[126.90016,37.581147]}},{"type":"Feature","properties":{"id":"A10024085","name":"송파위례리슈빌","district":"송파구","neighborhood":"거여동","avgPrice":22.00714285714286,"households":1263,"buildingCount":7,"rank":2545},"geometry":{"type":"Point","coordinates":[127.14686,37.483894]}},{"type":"Feature","properties":{"id":"A10020681","name":"그란츠 리버파크","district":"강동구","neighborhood":"성내동","avgPrice":13.75,"households":1261,"buildingCount":0,"rank":2546},"geometry":{"type":"Point","coordinates":[127.152742,37.51714]}},{"type":"Feature","properties":{"id":"A10023516","name":"영등포자이르네","district":"영등포구","neighborhood":"대림동","avgPrice":6.498571428571429,"households":1261,"buildingCount":3,"rank":2547},"geometry":{"type":"Point","coordinates":[126.905252,37.487987]}},{"type":"Feature","properties":{"id":"A10023515","name":"우장산숲 아이파크","district":"강서구","neighborhood":"화곡동","avgPrice":11.05,"households":1260,"buildingCount":11,"rank":2548},"geometry":{"type":"Point","coordinates":[126.839716,37.545308]}},{"type":"Feature","properties":{"id":"A10024082","name":"이문휘경지웰에스테이트","district":"동대문구","neighborhood":"휘경동","avgPrice":3.2375,"households":1260,"buildingCount":9,"rank":2549},"geometry":{"type":"Point","coordinates":[127.064037,37.593855]}},{"type":"Feature","properties":{"id":"A13785203","name":"방배1차현대","district":"서초구","neighborhood":"방배동","avgPrice":21.9,"households":1256,"buildingCount":5,"rank":2550},"geometry":{"type":"Point","coordinates":[126.983978,37.488203]}},{"type":"Feature","properties":{"id":"A13785201","name":"방배2차현대홈타운","district":"서초구","neighborhood":"방배동","avgPrice":28.2,"households":1254,"buildingCount":4,"rank":2551},"geometry":{"type":"Point","coordinates":[126.984081,37.490128]}},{"type":"Feature","properties":{"id":"A13286304","name":"쌍문삼익","district":"도봉구","neighborhood":"쌍문동","avgPrice":8.600000000000001,"households":1254,"buildingCount":5,"rank":2552},"geometry":{"type":"Point","coordinates":[127.034348,37.657286]}},{"type":"Feature","properties":{"id":"A13880204","name":"가락대림아파트","district":"송파구","neighborhood":"가락동","avgPrice":15.27727272727273,"households":1253,"buildingCount":4,"rank":2553},"geometry":{"type":"Point","coordinates":[127.119128,37.499008]}},{"type":"Feature","properties":{"id":"A13880201","name":"가락현대6차","district":"송파구","neighborhood":"가락동","avgPrice":13,"households":1250,"buildingCount":7,"rank":2554},"geometry":{"type":"Point","coordinates":[127.122922,37.497687]}},{"type":"Feature","properties":{"id":"A12282203","name":"경남아너스빌(구산동)","district":"은평구","neighborhood":"구산동","avgPrice":6.320769230769231,"households":1247,"buildingCount":5,"rank":2555},"geometry":{"type":"Point","coordinates":[126.905441,37.605571]}},{"type":"Feature","properties":{"id":"A12282201","name":"경향파크아파트","district":"은평구","neighborhood":"구산동","avgPrice":4.375,"households":1245,"buildingCount":2,"rank":2556},"geometry":{"type":"Point","coordinates":[126.905573,37.610807]}},{"type":"Feature","properties":{"id":"A10026856","name":"신동아 타워 아파트","district":"도봉구","neighborhood":"방학동","avgPrice":7.45,"households":1241,"buildingCount":2,"rank":2557},"geometry":{"type":"Point","coordinates":[127.028855,37.661914]}},{"type":"Feature","properties":{"id":"A12070201","name":"충정리시온","district":"서대문구","neighborhood":"충정로3가","avgPrice":5.12,"households":1240,"buildingCount":1,"rank":2558},"geometry":{"type":"Point","coordinates":[126.964848,37.560254]}},{"type":"Feature","properties":{"id":"A10025467","name":"풍납대아아파트","district":"송파구","neighborhood":"풍납동","avgPrice":20,"households":1238,"buildingCount":2,"rank":2559},"geometry":{"type":"Point","coordinates":[127.085297,37.512591]}},{"type":"Feature","properties":{"id":"A10026852","name":"래미안강동팰리스","district":"강동구","neighborhood":"천호동","avgPrice":16.454375,"households":1237,"buildingCount":3,"rank":2560},"geometry":{"type":"Point","coordinates":[127.131942,37.537458]}},{"type":"Feature","properties":{"id":"A10023508","name":"마포더클래시","district":"마포구","neighborhood":"아현동","avgPrice":19.21,"households":1232,"buildingCount":9,"rank":2561},"geometry":{"type":"Point","coordinates":[126.950705,37.555495]}},{"type":"Feature","properties":{"id":"A10025461","name":"래미안장위포레카운티아파트","district":"성북구","neighborhood":"장위동","avgPrice":14.95,"households":1232,"buildingCount":10,"rank":2562},"geometry":{"type":"Point","coordinates":[127.053229,37.618147]}},{"type":"Feature","properties":{"id":"A10025460","name":"잠실아르누보팰리스","district":"송파구","neighborhood":"송파동","avgPrice":17,"households":1231,"buildingCount":2,"rank":2563},"geometry":{"type":"Point","coordinates":[127.105259,37.509419]}},{"type":"Feature","properties":{"id":"A10020672","name":"세이지움 개봉","district":"구로구","neighborhood":"개봉동","avgPrice":7.8,"households":1231,"buildingCount":4,"rank":2564},"geometry":{"type":"Point","coordinates":[126.913333,37.517871]}},{"type":"Feature","properties":{"id":"A13991018","name":"롯데캐슬루나","district":"노원구","neighborhood":"월계동","avgPrice":8.91,"households":1229,"buildingCount":13,"rank":2565},"geometry":{"type":"Point","coordinates":[127.049971,37.62622]}},{"type":"Feature","properties":{"id":"A13991017","name":"월계초안산쌍용","district":"노원구","neighborhood":"월계동","avgPrice":10.1,"households":1228,"buildingCount":9,"rank":2566},"geometry":{"type":"Point","coordinates":[127.064063,37.642224]}},{"type":"Feature","properties":{"id":"A10022118","name":"쌍문미라보아파트","district":"도봉구","neighborhood":"쌍문동","avgPrice":4,"households":1228,"buildingCount":1,"rank":2567},"geometry":{"type":"Point","coordinates":[127.031352,37.65499]}},{"type":"Feature","properties":{"id":"A10022117","name":"일성트루엘아파트","district":"동대문구","neighborhood":"장안동","avgPrice":8.0125,"households":1227,"buildingCount":3,"rank":2568},"geometry":{"type":"Point","coordinates":[127.065296,37.565116]}},{"type":"Feature","properties":{"id":"A13991016","name":"월계동원베네스트","district":"노원구","neighborhood":"월계동","avgPrice":6.373333333333334,"households":1227,"buildingCount":0,"rank":2569},"geometry":{"type":"Point","coordinates":[127.058185,37.631712]}},{"type":"Feature","properties":{"id":"A13991015","name":"월계유원","district":"노원구","neighborhood":"월계동","avgPrice":4.28,"households":1226,"buildingCount":2,"rank":2570},"geometry":{"type":"Point","coordinates":[127.044777,37.62992]}},{"type":"Feature","properties":{"id":"A13186504","name":"신내영풍마드레빌","district":"중랑구","neighborhood":"신내동","avgPrice":7.1,"households":1225,"buildingCount":1,"rank":2571},"geometry":{"type":"Point","coordinates":[127.100214,37.605692]}},{"type":"Feature","properties":{"id":"A14380605","name":"광장신동아파밀리에","district":"광진구","neighborhood":"광장동","avgPrice":18.7,"households":1224,"buildingCount":0,"rank":2572},"geometry":{"type":"Point","coordinates":[127.08201,37.54173]}},{"type":"Feature","properties":{"id":"A13186503","name":"신내석탑","district":"중랑구","neighborhood":"신내동","avgPrice":5.235714285714286,"households":1224,"buildingCount":2,"rank":2573},"geometry":{"type":"Point","coordinates":[127.101088,37.603742]}},{"type":"Feature","properties":{"id":"A13780403","name":"반포한신서래","district":"서초구","neighborhood":"반포동","avgPrice":27.7,"households":1223,"buildingCount":1,"rank":2574},"geometry":{"type":"Point","coordinates":[127.00042,37.499558]}},{"type":"Feature","properties":{"id":"A13186502","name":"신내우남푸르미아","district":"중랑구","neighborhood":"신내동","avgPrice":6.6000000000000005,"households":1223,"buildingCount":5,"rank":2575},"geometry":{"type":"Point","coordinates":[127.098702,37.606462]}},{"type":"Feature","properties":{"id":"A13780402","name":"반포현대동궁","district":"서초구","neighborhood":"반포동","avgPrice":15.2,"households":1222,"buildingCount":1,"rank":2576},"geometry":{"type":"Point","coordinates":[127.002003,37.500385]}},{"type":"Feature","properties":{"id":"A15209305","name":"개봉한진","district":"구로구","neighborhood":"개봉동","avgPrice":6.237948717948718,"households":1222,"buildingCount":11,"rank":2577},"geometry":{"type":"Point","coordinates":[126.851833,37.484707]}},{"type":"Feature","properties":{"id":"A15209304","name":"영화 아이닉스","district":"구로구","neighborhood":"개봉동","avgPrice":7.221875,"households":1221,"buildingCount":2,"rank":2578},"geometry":{"type":"Point","coordinates":[126.849235,37.482785]}},{"type":"Feature","properties":{"id":"A10022110","name":"보람쉬움아파트","district":"구로구","neighborhood":"구로동","avgPrice":6.373333333333334,"households":1220,"buildingCount":7,"rank":2579},"geometry":{"type":"Point","coordinates":[126.8978,37.486581]}},{"type":"Feature","properties":{"id":"A15209303","name":"대상","district":"구로구","neighborhood":"개봉동","avgPrice":4.836363636363637,"households":1220,"buildingCount":2,"rank":2580},"geometry":{"type":"Point","coordinates":[126.8498,37.482273]}},{"type":"Feature","properties":{"id":"A13817001","name":"래미안송파파인탑","district":"송파구","neighborhood":"송파동","avgPrice":21.454545454545453,"households":1218,"buildingCount":6,"rank":2581},"geometry":{"type":"Point","coordinates":[127.119856,37.502448]}},{"type":"Feature","properties":{"id":"A12182401","name":"망원2차대림","district":"마포구","neighborhood":"망원동","avgPrice":12.05,"households":1216,"buildingCount":4,"rank":2582},"geometry":{"type":"Point","coordinates":[126.899591,37.557247]}},{"type":"Feature","properties":{"id":"A14320304","name":"구의현대프라임","district":"광진구","neighborhood":"구의동","avgPrice":18.5,"households":1214,"buildingCount":10,"rank":2583},"geometry":{"type":"Point","coordinates":[127.098101,37.537621]}},{"type":"Feature","properties":{"id":"A10026849","name":"묵정아파트","district":"중구","neighborhood":"묵정동","avgPrice":5.73,"households":1213,"buildingCount":2,"rank":2584},"geometry":{"type":"Point","coordinates":[127.000365,37.560742]}},{"type":"Feature","properties":{"id":"A14320302","name":"구의강변우성","district":"광진구","neighborhood":"구의동","avgPrice":17.5,"households":1212,"buildingCount":0,"rank":2585},"geometry":{"type":"Point","coordinates":[127.074702,37.526925]}},{"type":"Feature","properties":{"id":"A12102008","name":"삼성래미안공덕2차","district":"마포구","neighborhood":"공덕동","avgPrice":14.5,"households":1211,"buildingCount":11,"rank":2586},"geometry":{"type":"Point","coordinates":[126.959695,37.551064]}},{"type":"Feature","properties":{"id":"A12102005","name":"마포현대아파트","district":"마포구","neighborhood":"공덕동","avgPrice":14.12875,"households":1208,"buildingCount":9,"rank":2587},"geometry":{"type":"Point","coordinates":[126.949837,37.550033]}},{"type":"Feature","properties":{"id":"A12007001","name":"독립문삼호","district":"서대문구","neighborhood":"영천동","avgPrice":13.234666666666667,"households":1208,"buildingCount":7,"rank":2588},"geometry":{"type":"Point","coordinates":[126.958356,37.570172]}},{"type":"Feature","properties":{"id":"A10026842","name":"은평지웰테라스","district":"은평구","neighborhood":"진관동","avgPrice":9.75,"households":1206,"buildingCount":12,"rank":2589},"geometry":{"type":"Point","coordinates":[126.931877,37.643472]}},{"type":"Feature","properties":{"id":"A10025456","name":"신당 파인힐 하나유보라","district":"중구","neighborhood":"신당동","avgPrice":6.55,"households":1206,"buildingCount":10,"rank":2590},"geometry":{"type":"Point","coordinates":[127.024918,37.564325]}},{"type":"Feature","properties":{"id":"A12102002","name":"공덕한화꿈에그린","district":"마포구","neighborhood":"공덕동","avgPrice":15.766666666666666,"households":1205,"buildingCount":8,"rank":2591},"geometry":{"type":"Point","coordinates":[126.955672,37.546889]}},{"type":"Feature","properties":{"id":"A15783806","name":"등촌라인","district":"강서구","neighborhood":"등촌동","avgPrice":8.981,"households":1205,"buildingCount":10,"rank":2592},"geometry":{"type":"Point","coordinates":[126.856654,37.559441]}},{"type":"Feature","properties":{"id":"A10020665","name":"반석푸른숲아파트","district":"관악구","neighborhood":"봉천동","avgPrice":6.55,"households":1203,"buildingCount":9,"rank":2593},"geometry":{"type":"Point","coordinates":[126.965491,37.469276]}},{"type":"Feature","properties":{"id":"A15284906","name":"구로삼성래미안","district":"구로구","neighborhood":"구로동","avgPrice":9.092727272727272,"households":1202,"buildingCount":14,"rank":2594},"geometry":{"type":"Point","coordinates":[126.891804,37.487753]}},{"type":"Feature","properties":{"id":"A10020664","name":"동도센트리움 아파트 오피스텔","district":"구로구","neighborhood":"개봉동","avgPrice":5.75,"households":1202,"buildingCount":3,"rank":2595},"geometry":{"type":"Point","coordinates":[126.904501,37.484049]}},{"type":"Feature","properties":{"id":"A12179508","name":"상암월드컵파크10단지","district":"마포구","neighborhood":"상암동","avgPrice":10.35,"households":1200,"buildingCount":8,"rank":2596},"geometry":{"type":"Point","coordinates":[126.88217,37.585507]}},{"type":"Feature","properties":{"id":"A15383308","name":"독산주공13단지","district":"금천구","neighborhood":"독산동","avgPrice":7.199999999999999,"households":1198,"buildingCount":4,"rank":2597},"geometry":{"type":"Point","coordinates":[126.887348,37.457175]}},{"type":"Feature","properties":{"id":"A13872504","name":"장미3차","district":"송파구","neighborhood":"신천동","avgPrice":22.65,"households":1197,"buildingCount":3,"rank":2598},"geometry":{"type":"Point","coordinates":[127.10369,37.51863]}},{"type":"Feature","properties":{"id":"A13086705","name":"청량리미주","district":"동대문구","neighborhood":"청량리동","avgPrice":14.422307692307694,"households":1197,"buildingCount":4,"rank":2599},"geometry":{"type":"Point","coordinates":[127.045748,37.582395]}},{"type":"Feature","properties":{"id":"A10022108","name":"염창동강변코아루아파트","district":"강서구","neighborhood":"염창동","avgPrice":11.149999999999999,"households":1197,"buildingCount":6,"rank":2600},"geometry":{"type":"Point","coordinates":[126.87367,37.553606]}},{"type":"Feature","properties":{"id":"A12179505","name":"상암월드컵파크12단지","district":"마포구","neighborhood":"상암동","avgPrice":10.91,"households":1197,"buildingCount":5,"rank":2601},"geometry":{"type":"Point","coordinates":[126.879513,37.586357]}},{"type":"Feature","properties":{"id":"A15383307","name":"독산한신","district":"금천구","neighborhood":"독산동","avgPrice":7.699999999999999,"households":1197,"buildingCount":12,"rank":2602},"geometry":{"type":"Point","coordinates":[126.889488,37.455463]}},{"type":"Feature","properties":{"id":"A13872503","name":"잠실푸르지오월드마크","district":"송파구","neighborhood":"신천동","avgPrice":23.666666666666668,"households":1196,"buildingCount":2,"rank":2603},"geometry":{"type":"Point","coordinates":[127.104097,37.517729]}},{"type":"Feature","properties":{"id":"A13086704","name":"청량리한신","district":"동대문구","neighborhood":"청량리동","avgPrice":11.35,"households":1196,"buildingCount":5,"rank":2604},"geometry":{"type":"Point","coordinates":[127.049779,37.587888]}},{"type":"Feature","properties":{"id":"A12179504","name":"상암월드컵파크9단지","district":"마포구","neighborhood":"상암동","avgPrice":10.06142857142857,"households":1196,"buildingCount":4,"rank":2605},"geometry":{"type":"Point","coordinates":[126.878375,37.582905]}},{"type":"Feature","properties":{"id":"A13872502","name":"롯데캐슬골드","district":"송파구","neighborhood":"신천동","avgPrice":31.4375,"households":1195,"buildingCount":1,"rank":2606},"geometry":{"type":"Point","coordinates":[127.10048,37.514377]}},{"type":"Feature","properties":{"id":"A15288301","name":"궁동우신빌라","district":"구로구","neighborhood":"궁동","avgPrice":13.600000000000001,"households":1195,"buildingCount":0,"rank":2607},"geometry":{"type":"Point","coordinates":[126.883018,37.47543]}},{"type":"Feature","properties":{"id":"A12179503","name":"상암월드컵파크11단지","district":"마포구","neighborhood":"상암동","avgPrice":9.816666666666666,"households":1195,"buildingCount":14,"rank":2608},"geometry":{"type":"Point","coordinates":[126.881106,37.587587]}},{"type":"Feature","properties":{"id":"A13086703","name":"청량리한신1차","district":"동대문구","neighborhood":"청량리동","avgPrice":9.335454545454546,"households":1195,"buildingCount":2,"rank":2609},"geometry":{"type":"Point","coordinates":[127.047571,37.587308]}},{"type":"Feature","properties":{"id":"A15882201","name":"신월수명산SK-VIEW","district":"양천구","neighborhood":"신월동","avgPrice":14.1,"households":1194,"buildingCount":1,"rank":2610},"geometry":{"type":"Point","coordinates":[126.883646,37.513194]}},{"type":"Feature","properties":{"id":"A12179502","name":"DMC상암센트럴파크1단지","district":"마포구","neighborhood":"상암동","avgPrice":12.5,"households":1194,"buildingCount":3,"rank":2611},"geometry":{"type":"Point","coordinates":[126.895725,37.574421]}},{"type":"Feature","properties":{"id":"A13086701","name":"청량리현대","district":"동대문구","neighborhood":"청량리동","avgPrice":8.89,"households":1193,"buildingCount":6,"rank":2612},"geometry":{"type":"Point","coordinates":[127.046292,37.585145]}},{"type":"Feature","properties":{"id":"A12179501","name":"DMC상암센트럴파크2단지","district":"마포구","neighborhood":"상암동","avgPrice":8.826666666666666,"households":1193,"buildingCount":4,"rank":2613},"geometry":{"type":"Point","coordinates":[126.896177,37.575297]}},{"type":"Feature","properties":{"id":"A15076302","name":"여의도자이","district":"영등포구","neighborhood":"여의도동","avgPrice":39.56666666666667,"households":1191,"buildingCount":5,"rank":2614},"geometry":{"type":"Point","coordinates":[126.926158,37.517983]}},{"type":"Feature","properties":{"id":"A15076301","name":"여의도대우트럼프월드","district":"영등포구","neighborhood":"여의도동","avgPrice":8.799999999999999,"households":1190,"buildingCount":0,"rank":2615},"geometry":{"type":"Point","coordinates":[126.925326,37.526025]}},{"type":"Feature","properties":{"id":"A13280104","name":"유원도봉아파트","district":"도봉구","neighborhood":"도봉동","avgPrice":4.928333333333334,"households":1186,"buildingCount":4,"rank":2616},"geometry":{"type":"Point","coordinates":[127.048704,37.681973]}},{"type":"Feature","properties":{"id":"A12086001","name":"홍제태영으뜸","district":"서대문구","neighborhood":"홍제동","avgPrice":8.85,"households":1185,"buildingCount":5,"rank":2617},"geometry":{"type":"Point","coordinates":[126.923452,37.588833]}},{"type":"Feature","properties":{"id":"A10026834","name":"힐스테이트백련산4차","district":"은평구","neighborhood":"응암동","avgPrice":13.95,"households":1177,"buildingCount":12,"rank":2618},"geometry":{"type":"Point","coordinates":[126.921622,37.590131]}},{"type":"Feature","properties":{"id":"A10025447","name":"경남아파트","district":"금천구","neighborhood":"시흥동","avgPrice":4.375,"households":1176,"buildingCount":1,"rank":2619},"geometry":{"type":"Point","coordinates":[126.906639,37.454589]}},{"type":"Feature","properties":{"id":"A10020658","name":"서울대벤처타운역푸르지오아파트","district":"관악구","neighborhood":"신림동","avgPrice":10.75,"households":1175,"buildingCount":1,"rank":2620},"geometry":{"type":"Point","coordinates":[126.949282,37.484732]}},{"type":"Feature","properties":{"id":"A15088717","name":"여의도미성","district":"영등포구","neighborhood":"여의도동","avgPrice":35.0375,"households":1174,"buildingCount":2,"rank":2621},"geometry":{"type":"Point","coordinates":[126.925354,37.519543]}},{"type":"Feature","properties":{"id":"A10020656","name":"어반허브 서울스테이션","district":"용산구","neighborhood":"서계동","avgPrice":15.95,"households":1173,"buildingCount":0,"rank":2622},"geometry":{"type":"Point","coordinates":[126.978204,37.52288]}},{"type":"Feature","properties":{"id":"A10024056","name":"정릉피오레","district":"성북구","neighborhood":"정릉동","avgPrice":17.2,"households":1171,"buildingCount":3,"rank":2623},"geometry":{"type":"Point","coordinates":[127.001293,37.61693]}},{"type":"Feature","properties":{"id":"A10020653","name":"방주기픈샘1차아파트","district":"양천구","neighborhood":"신월동","avgPrice":5.42,"households":1170,"buildingCount":3,"rank":2624},"geometry":{"type":"Point","coordinates":[126.842955,37.525337]}},{"type":"Feature","properties":{"id":"A13392307","name":"강변건영","district":"성동구","neighborhood":"성수동1가","avgPrice":29,"households":1165,"buildingCount":7,"rank":2625},"geometry":{"type":"Point","coordinates":[127.04479,37.540584]}},{"type":"Feature","properties":{"id":"A15722108","name":"방화동부센트레빌","district":"강서구","neighborhood":"방화동","avgPrice":9.3,"households":1163,"buildingCount":6,"rank":2626},"geometry":{"type":"Point","coordinates":[126.814895,37.574604]}},{"type":"Feature","properties":{"id":"A15722106","name":"마곡우림필유아파트","district":"강서구","neighborhood":"방화동","avgPrice":12.65,"households":1161,"buildingCount":3,"rank":2627},"geometry":{"type":"Point","coordinates":[126.82131,37.571713]}},{"type":"Feature","properties":{"id":"A15722104","name":"마곡청구아파트","district":"강서구","neighborhood":"방화동","avgPrice":11.850000000000001,"households":1159,"buildingCount":3,"rank":2628},"geometry":{"type":"Point","coordinates":[126.82152,37.573108]}},{"type":"Feature","properties":{"id":"A15095002","name":"신대림신동아파밀리에","district":"영등포구","neighborhood":"대림동","avgPrice":9.08125,"households":1159,"buildingCount":4,"rank":2629},"geometry":{"type":"Point","coordinates":[126.90276,37.495139]}},{"type":"Feature","properties":{"id":"A15095001","name":"대림동현대","district":"영등포구","neighborhood":"대림동","avgPrice":11.5,"households":1158,"buildingCount":3,"rank":2630},"geometry":{"type":"Point","coordinates":[126.895499,37.505886]}},{"type":"Feature","properties":{"id":"A13085301","name":"전농삼성","district":"동대문구","neighborhood":"전농동","avgPrice":8.100000000000001,"households":1158,"buildingCount":5,"rank":2631},"geometry":{"type":"Point","coordinates":[127.055243,37.582067]}},{"type":"Feature","properties":{"id":"A15607001","name":"흑석동양","district":"동작구","neighborhood":"흑석동","avgPrice":14.05,"households":1157,"buildingCount":5,"rank":2632},"geometry":{"type":"Point","coordinates":[126.958549,37.500464]}},{"type":"Feature","properties":{"id":"A15722102","name":"개화산동부센트레빌","district":"강서구","neighborhood":"방화동","avgPrice":8.334615384615384,"households":1157,"buildingCount":2,"rank":2633},"geometry":{"type":"Point","coordinates":[126.806337,37.573282]}},{"type":"Feature","properties":{"id":"A10023996","name":"개포더샵트리에","district":"강남구","neighborhood":"개포동","avgPrice":30.5,"households":1153,"buildingCount":2,"rank":2634},"geometry":{"type":"Point","coordinates":[127.057132,37.484858]}},{"type":"Feature","properties":{"id":"A14009001","name":"용산e편한세상","district":"용산구","neighborhood":"신계동","avgPrice":22.233333333333334,"households":1152,"buildingCount":5,"rank":2635},"geometry":{"type":"Point","coordinates":[126.966509,37.536509]}},{"type":"Feature","properties":{"id":"A10023994","name":"e편한세상백련산 아파트","district":"은평구","neighborhood":"응암동","avgPrice":8.749473684210527,"households":1151,"buildingCount":5,"rank":2636},"geometry":{"type":"Point","coordinates":[126.923719,37.595453]}},{"type":"Feature","properties":{"id":"A10027396","name":"신정숲속마을아파트","district":"양천구","neighborhood":"신정동","avgPrice":6.9,"households":1151,"buildingCount":0,"rank":2637},"geometry":{"type":"Point","coordinates":[126.835607,37.506754]}},{"type":"Feature","properties":{"id":"A10023991","name":"태릉해링턴플레이스","district":"노원구","neighborhood":"공릉동","avgPrice":10.025625,"households":1148,"buildingCount":9,"rank":2638},"geometry":{"type":"Point","coordinates":[127.083262,37.626019]}},{"type":"Feature","properties":{"id":"A10023990","name":"청년주택 와이엔타워","district":"노원구","neighborhood":"공릉동","avgPrice":16.1,"households":1147,"buildingCount":0,"rank":2639},"geometry":{"type":"Point","coordinates":[127.044388,37.67643]}},{"type":"Feature","properties":{"id":"A13120003","name":"면목두산6차","district":"중랑구","neighborhood":"면목동","avgPrice":6.886,"households":1147,"buildingCount":1,"rank":2640},"geometry":{"type":"Point","coordinates":[127.071583,37.597689]}},{"type":"Feature","properties":{"id":"A13120001","name":"면목마젤란21","district":"중랑구","neighborhood":"면목동","avgPrice":7.245,"households":1145,"buildingCount":2,"rank":2641},"geometry":{"type":"Point","coordinates":[127.08407,37.586914]}},{"type":"Feature","properties":{"id":"A10078103","name":"청구e편한세상임대","district":"중구","neighborhood":"신당동","avgPrice":9.55,"households":1143,"buildingCount":0,"rank":2642},"geometry":{"type":"Point","coordinates":[126.969702,37.554645]}},{"type":"Feature","properties":{"id":"A10020646","name":"우장산동문디이스트아파트","district":"강서구","neighborhood":"내발산동","avgPrice":8.8,"households":1142,"buildingCount":6,"rank":2643},"geometry":{"type":"Point","coordinates":[126.853511,37.562846]}},{"type":"Feature","properties":{"id":"A10078102","name":"파라다이스","district":"중구","neighborhood":"신당동","avgPrice":8.733333333333333,"households":1142,"buildingCount":2,"rank":2644},"geometry":{"type":"Point","coordinates":[127.017057,37.562509]}},{"type":"Feature","properties":{"id":"A10020643","name":"나이아가라아파트","district":"양천구","neighborhood":"신월동","avgPrice":6.375,"households":1139,"buildingCount":2,"rank":2645},"geometry":{"type":"Point","coordinates":[126.84727,37.522778]}},{"type":"Feature","properties":{"id":"A10024042","name":"e편한세상 청계 센트럴포레","district":"동대문구","neighborhood":"용두동","avgPrice":15.35,"households":1136,"buildingCount":8,"rank":2646},"geometry":{"type":"Point","coordinates":[127.029314,37.571696]}},{"type":"Feature","properties":{"id":"A10020640","name":"마포창전쌍용스윗닷홈","district":"마포구","neighborhood":"창전동","avgPrice":13,"households":1136,"buildingCount":2,"rank":2647},"geometry":{"type":"Point","coordinates":[126.931533,37.54804]}},{"type":"Feature","properties":{"id":"A15781003","name":"가양9-2","district":"강서구","neighborhood":"가양동","avgPrice":14.649999999999999,"households":1132,"buildingCount":4,"rank":2648},"geometry":{"type":"Point","coordinates":[126.863999,37.55863]}},{"type":"Feature","properties":{"id":"A15781002","name":"가양9-1","district":"강서구","neighborhood":"가양동","avgPrice":14.55,"households":1131,"buildingCount":5,"rank":2649},"geometry":{"type":"Point","coordinates":[126.861453,37.560214]}},{"type":"Feature","properties":{"id":"A15282105","name":"개봉영화","district":"구로구","neighborhood":"개봉동","avgPrice":11.5,"households":1131,"buildingCount":2,"rank":2650},"geometry":{"type":"Point","coordinates":[126.859932,37.496202]}},{"type":"Feature","properties":{"id":"A15187101","name":"신림우방","district":"관악구","neighborhood":"신림동","avgPrice":6.655714285714285,"households":1131,"buildingCount":1,"rank":2651},"geometry":{"type":"Point","coordinates":[126.91876,37.488787]}},{"type":"Feature","properties":{"id":"A13292501","name":"창동현대타운(주복)","district":"도봉구","neighborhood":"창동","avgPrice":4.425,"households":1130,"buildingCount":0,"rank":2652},"geometry":{"type":"Point","coordinates":[127.068618,37.669115]}},{"type":"Feature","properties":{"id":"A13923001","name":"중계한신코아","district":"노원구","neighborhood":"하계동","avgPrice":9.85,"households":1126,"buildingCount":4,"rank":2653},"geometry":{"type":"Point","coordinates":[127.031345,37.658909]}},{"type":"Feature","properties":{"id":"A10022599","name":"묵동위더스빌 주상복합","district":"중랑구","neighborhood":"묵동","avgPrice":7.109999999999999,"households":1121,"buildingCount":0,"rank":2654},"geometry":{"type":"Point","coordinates":[127.066484,37.600585]}},{"type":"Feature","properties":{"id":"A10026816","name":"아크로타워스퀘어","district":"영등포구","neighborhood":"영등포동7가","avgPrice":19.023333333333333,"households":1117,"buildingCount":7,"rank":2655},"geometry":{"type":"Point","coordinates":[126.906338,37.524011]}},{"type":"Feature","properties":{"id":"A15774708","name":"가양7단지","district":"강서구","neighborhood":"가양동","avgPrice":10.8,"households":1116,"buildingCount":4,"rank":2656},"geometry":{"type":"Point","coordinates":[126.861533,37.561606]}},{"type":"Feature","properties":{"id":"A10025428","name":"e편한세상서울대입구 3단지","district":"관악구","neighborhood":"봉천동","avgPrice":12.5,"households":1115,"buildingCount":5,"rank":2657},"geometry":{"type":"Point","coordinates":[126.940905,37.477765]}},{"type":"Feature","properties":{"id":"A10027381","name":"보라매 신동아파밀리에아파트","district":"영등포구","neighborhood":"대림동","avgPrice":5.613571428571428,"households":1115,"buildingCount":2,"rank":2658},"geometry":{"type":"Point","coordinates":[126.904899,37.493243]}},{"type":"Feature","properties":{"id":"A13779432","name":"한신타운","district":"서초구","neighborhood":"잠원동","avgPrice":19.4,"households":1113,"buildingCount":2,"rank":2659},"geometry":{"type":"Point","coordinates":[127.011133,37.509113]}},{"type":"Feature","properties":{"id":"A10022590","name":"신사 홍익아파트","district":"은평구","neighborhood":"신사동","avgPrice":4.655,"households":1112,"buildingCount":5,"rank":2660},"geometry":{"type":"Point","coordinates":[126.908268,37.597131]}},{"type":"Feature","properties":{"id":"A10024035","name":"강남파라곤","district":"강남구","neighborhood":"논현동","avgPrice":21,"households":1108,"buildingCount":3,"rank":2661},"geometry":{"type":"Point","coordinates":[127.040749,37.516289]}},{"type":"Feature","properties":{"id":"A15778101","name":"방화동성아파트","district":"강서구","neighborhood":"방화동","avgPrice":7.68470588235294,"households":1107,"buildingCount":7,"rank":2662},"geometry":{"type":"Point","coordinates":[126.811998,37.579688]}},{"type":"Feature","properties":{"id":"A10024034","name":"수유역푸르지오시티","district":"강북구","neighborhood":"미아동","avgPrice":1.3244444444444445,"households":1107,"buildingCount":3,"rank":2663},"geometry":{"type":"Point","coordinates":[127.023494,37.633826]}},{"type":"Feature","properties":{"id":"A13790004","name":"우면대림","district":"서초구","neighborhood":"우면동","avgPrice":21.3875,"households":1101,"buildingCount":7,"rank":2664},"geometry":{"type":"Point","coordinates":[127.023042,37.472672]}},{"type":"Feature","properties":{"id":"A13388001","name":"청계벽산아파트제2관리사무소","district":"성동구","neighborhood":"하왕십리동","avgPrice":15.366666666666667,"households":1101,"buildingCount":0,"rank":2665},"geometry":{"type":"Point","coordinates":[127.061682,37.55828]}},{"type":"Feature","properties":{"id":"A13790003","name":"우면동동고","district":"서초구","neighborhood":"우면동","avgPrice":12.9,"households":1100,"buildingCount":2,"rank":2666},"geometry":{"type":"Point","coordinates":[127.044506,37.504557]}},{"type":"Feature","properties":{"id":"A13790002","name":"우면코오롱","district":"서초구","neighborhood":"우면동","avgPrice":16.3675,"households":1099,"buildingCount":5,"rank":2667},"geometry":{"type":"Point","coordinates":[127.027821,37.472621]}},{"type":"Feature","properties":{"id":"A13790001","name":"우면한라","district":"서초구","neighborhood":"우면동","avgPrice":15.592857142857143,"households":1098,"buildingCount":7,"rank":2668},"geometry":{"type":"Point","coordinates":[127.025868,37.471565]}},{"type":"Feature","properties":{"id":"A13483002","name":"명일지에스","district":"강동구","neighborhood":"명일동","avgPrice":12.233333333333334,"households":1098,"buildingCount":2,"rank":2669},"geometry":{"type":"Point","coordinates":[127.146239,37.548953]}},{"type":"Feature","properties":{"id":"A10023979","name":"어바니엘 천호","district":"강동구","neighborhood":"천호동","avgPrice":9.6,"households":1094,"buildingCount":0,"rank":2670},"geometry":{"type":"Point","coordinates":[127.112606,37.518445]}},{"type":"Feature","properties":{"id":"A13611202","name":"길음동부센트레빌","district":"성북구","neighborhood":"길음동","avgPrice":5.25,"households":1093,"buildingCount":13,"rank":2671},"geometry":{"type":"Point","coordinates":[127.024871,37.610426]}},{"type":"Feature","properties":{"id":"A13611201","name":"래미안길음2차아파트","district":"성북구","neighborhood":"길음동","avgPrice":14.1,"households":1092,"buildingCount":8,"rank":2672},"geometry":{"type":"Point","coordinates":[127.020783,37.60953]}},{"type":"Feature","properties":{"id":"A10027375","name":"목동힐스테이트","district":"양천구","neighborhood":"신정동","avgPrice":19.19,"households":1088,"buildingCount":8,"rank":2673},"geometry":{"type":"Point","coordinates":[126.855901,37.520284]}},{"type":"Feature","properties":{"id":"A12013202","name":"북가좌삼호","district":"서대문구","neighborhood":"북가좌동","avgPrice":8.900416666666667,"households":1088,"buildingCount":4,"rank":2674},"geometry":{"type":"Point","coordinates":[126.91314,37.575954]}},{"type":"Feature","properties":{"id":"A12013201","name":"DMC두산위브","district":"서대문구","neighborhood":"북가좌동","avgPrice":8.7375,"households":1087,"buildingCount":3,"rank":2675},"geometry":{"type":"Point","coordinates":[126.930056,37.561354]}},{"type":"Feature","properties":{"id":"A10023971","name":"신반포20차아파트","district":"서초구","neighborhood":"잠원동","avgPrice":54.86833333333333,"households":1086,"buildingCount":0,"rank":2676},"geometry":{"type":"Point","coordinates":[127.01174,37.510163]}},{"type":"Feature","properties":{"id":"A10027371","name":"마곡엠밸리11단지","district":"강서구","neighborhood":"마곡동","avgPrice":17.05,"households":1084,"buildingCount":5,"rank":2677},"geometry":{"type":"Point","coordinates":[126.821125,37.559442]}},{"type":"Feature","properties":{"id":"A10025418","name":"래미안 신반포 리오센트","district":"서초구","neighborhood":"잠원동","avgPrice":16.799999999999997,"households":1084,"buildingCount":7,"rank":2678},"geometry":{"type":"Point","coordinates":[127.013914,37.518596]}},{"type":"Feature","properties":{"id":"A10026804","name":"강변현대아파트","district":"송파구","neighborhood":"풍납동","avgPrice":10.825,"households":1084,"buildingCount":1,"rank":2679},"geometry":{"type":"Point","coordinates":[127.11151,37.533932]}},{"type":"Feature","properties":{"id":"A15885514","name":"신정6차현대","district":"양천구","neighborhood":"신정동","avgPrice":9.4,"households":1084,"buildingCount":4,"rank":2680},"geometry":{"type":"Point","coordinates":[126.841856,37.508218]}},{"type":"Feature","properties":{"id":"A10020628","name":"고덕 온빛채","district":"강동구","neighborhood":"고덕동","avgPrice":11.25,"households":1082,"buildingCount":2,"rank":2681},"geometry":{"type":"Point","coordinates":[127.159941,37.55756]}},{"type":"Feature","properties":{"id":"A10025415","name":"래미안솔베뉴","district":"강동구","neighborhood":"명일동","avgPrice":17.74842105263158,"households":1081,"buildingCount":9,"rank":2682},"geometry":{"type":"Point","coordinates":[127.145192,37.552853]}},{"type":"Feature","properties":{"id":"A10024029","name":"신사삼성래미안아파트","district":"강남구","neighborhood":"신사동","avgPrice":14.15,"households":1081,"buildingCount":2,"rank":2683},"geometry":{"type":"Point","coordinates":[127.043547,37.510742]}},{"type":"Feature","properties":{"id":"A10026801","name":"브라운스톤 영등포","district":"영등포구","neighborhood":"영등포동7가","avgPrice":4.9,"households":1081,"buildingCount":2,"rank":2684},"geometry":{"type":"Point","coordinates":[126.910717,37.524986]}},{"type":"Feature","properties":{"id":"A13787105","name":"서초한빛삼성","district":"서초구","neighborhood":"서초동","avgPrice":24.6,"households":1079,"buildingCount":4,"rank":2685},"geometry":{"type":"Point","coordinates":[127.007852,37.487797]}},{"type":"Feature","properties":{"id":"A10024026","name":"셀립은평","district":"은평구","neighborhood":"불광동","avgPrice":5.65,"households":1078,"buildingCount":1,"rank":2686},"geometry":{"type":"Point","coordinates":[126.929901,37.612063]}},{"type":"Feature","properties":{"id":"A15179403","name":"신림주공2단지","district":"관악구","neighborhood":"신림동","avgPrice":8.05,"households":1077,"buildingCount":6,"rank":2687},"geometry":{"type":"Point","coordinates":[126.92662,37.463894]}},{"type":"Feature","properties":{"id":"A13787102","name":"서초2차e편한세상","district":"서초구","neighborhood":"서초동","avgPrice":21.85,"households":1076,"buildingCount":3,"rank":2688},"geometry":{"type":"Point","coordinates":[127.009003,37.486274]}},{"type":"Feature","properties":{"id":"A10020622","name":"호반써밋 에이디션","district":"용산구","neighborhood":"한강로2가","avgPrice":19.45,"households":1076,"buildingCount":2,"rank":2689},"geometry":{"type":"Point","coordinates":[126.986173,37.518526]}},{"type":"Feature","properties":{"id":"A10025410","name":"휘경SK뷰아파트","district":"동대문구","neighborhood":"휘경동","avgPrice":13.8,"households":1076,"buildingCount":7,"rank":2690},"geometry":{"type":"Point","coordinates":[127.066491,37.593416]}},{"type":"Feature","properties":{"id":"A14383901","name":"군자일성파크","district":"광진구","neighborhood":"군자동","avgPrice":8.878,"households":1076,"buildingCount":4,"rank":2691},"geometry":{"type":"Point","coordinates":[127.072319,37.551585]}},{"type":"Feature","properties":{"id":"A15805115","name":"목동7단지","district":"양천구","neighborhood":"목동","avgPrice":11.2,"households":1073,"buildingCount":5,"rank":2692},"geometry":{"type":"Point","coordinates":[126.868985,37.526374]}},{"type":"Feature","properties":{"id":"A15805114","name":"목동현대하이페리온","district":"양천구","neighborhood":"목동","avgPrice":12.7,"households":1072,"buildingCount":3,"rank":2693},"geometry":{"type":"Point","coordinates":[126.870043,37.524318]}},{"type":"Feature","properties":{"id":"A13204409","name":"창동동아청솔","district":"도봉구","neighborhood":"창동","avgPrice":8.793714285714287,"households":1070,"buildingCount":4,"rank":2694},"geometry":{"type":"Point","coordinates":[127.049154,37.656913]}},{"type":"Feature","properties":{"id":"A15805111","name":"목동현대하이페리온2차","district":"양천구","neighborhood":"목동","avgPrice":30.2,"households":1069,"buildingCount":3,"rank":2695},"geometry":{"type":"Point","coordinates":[126.870893,37.524187]}},{"type":"Feature","properties":{"id":"A13608301","name":"보문아이파크","district":"성북구","neighborhood":"보문동3가","avgPrice":12.95,"households":1069,"buildingCount":5,"rank":2696},"geometry":{"type":"Point","coordinates":[127.016802,37.585622]}},{"type":"Feature","properties":{"id":"A13204408","name":"상계17단지","district":"도봉구","neighborhood":"창동","avgPrice":4.8,"households":1069,"buildingCount":8,"rank":2697},"geometry":{"type":"Point","coordinates":[127.05345,37.644211]}},{"type":"Feature","properties":{"id":"A13204406","name":"창동쌍용","district":"도봉구","neighborhood":"창동","avgPrice":8.5105,"households":1067,"buildingCount":10,"rank":2698},"geometry":{"type":"Point","coordinates":[127.047995,37.659912]}},{"type":"Feature","properties":{"id":"A13204404","name":"창동아이파크(창동2.3차현대)","district":"도봉구","neighborhood":"창동","avgPrice":8.275714285714285,"households":1065,"buildingCount":0,"rank":2699},"geometry":{"type":"Point","coordinates":[127.063398,37.65512]}},{"type":"Feature","properties":{"id":"A14270301","name":"수유역두산위브","district":"강북구","neighborhood":"번동","avgPrice":7.55,"households":1065,"buildingCount":3,"rank":2700},"geometry":{"type":"Point","coordinates":[127.031716,37.635798]}},{"type":"Feature","properties":{"id":"A13204402","name":"창동현대4차아이파크","district":"도봉구","neighborhood":"창동","avgPrice":9.416666666666666,"households":1063,"buildingCount":3,"rank":2701},"geometry":{"type":"Point","coordinates":[127.046028,37.659886]}},{"type":"Feature","properties":{"id":"A10023966","name":"어바니엘한강","district":"동작구","neighborhood":"노량진동","avgPrice":13.75,"households":1060,"buildingCount":1,"rank":2702},"geometry":{"type":"Point","coordinates":[126.946933,37.513018]}},{"type":"Feature","properties":{"id":"A14210002","name":"삼각산아이원","district":"강북구","neighborhood":"미아동","avgPrice":7.394137931034483,"households":1057,"buildingCount":13,"rank":2703},"geometry":{"type":"Point","coordinates":[127.018089,37.615406]}},{"type":"Feature","properties":{"id":"A10027364","name":"덕수궁롯데캐슬아파트","district":"중구","neighborhood":"순화동","avgPrice":13.9,"households":1056,"buildingCount":3,"rank":2704},"geometry":{"type":"Point","coordinates":[126.970335,37.563646]}},{"type":"Feature","properties":{"id":"A14210001","name":"삼각산아이원임대","district":"강북구","neighborhood":"미아동","avgPrice":11.75,"households":1056,"buildingCount":0,"rank":2705},"geometry":{"type":"Point","coordinates":[127.010156,37.63411]}},{"type":"Feature","properties":{"id":"A13376906","name":"응봉대림강변","district":"성동구","neighborhood":"응봉동","avgPrice":16.75,"households":1052,"buildingCount":0,"rank":2706},"geometry":{"type":"Point","coordinates":[127.03535,37.56998]}},{"type":"Feature","properties":{"id":"A10022572","name":"힐스테이트 천호역 젠트리스","district":"강동구","neighborhood":"성내동","avgPrice":11.95,"households":1052,"buildingCount":3,"rank":2707},"geometry":{"type":"Point","coordinates":[127.125374,37.537221]}},{"type":"Feature","properties":{"id":"A10021186","name":"대림동1차한신아파트","district":"영등포구","neighborhood":"대림동","avgPrice":11.8,"households":1052,"buildingCount":1,"rank":2708},"geometry":{"type":"Point","coordinates":[126.9036,37.494554]}},{"type":"Feature","properties":{"id":"A15785711","name":"방화2-2 그린","district":"강서구","neighborhood":"방화동","avgPrice":6.45,"households":1052,"buildingCount":0,"rank":2709},"geometry":{"type":"Point","coordinates":[126.818551,37.575481]}},{"type":"Feature","properties":{"id":"A10020618","name":"센터스퀘어 발산","district":"강서구","neighborhood":"내발산동","avgPrice":10.35,"households":1051,"buildingCount":0,"rank":2710},"geometry":{"type":"Point","coordinates":[126.838422,37.53263]}},{"type":"Feature","properties":{"id":"A15785710","name":"방화4단지(삼익삼환)","district":"강서구","neighborhood":"방화동","avgPrice":9.43,"households":1051,"buildingCount":0,"rank":2711},"geometry":{"type":"Point","coordinates":[126.86893,37.562195]}},{"type":"Feature","properties":{"id":"A10021185","name":"비콘드림힐3차아파트","district":"노원구","neighborhood":"상계동","avgPrice":7,"households":1051,"buildingCount":3,"rank":2712},"geometry":{"type":"Point","coordinates":[127.064397,37.66553]}},{"type":"Feature","properties":{"id":"A10025404","name":"아스하임4차","district":"광진구","neighborhood":"화양동","avgPrice":10,"households":1049,"buildingCount":0,"rank":2713},"geometry":{"type":"Point","coordinates":[127.090884,37.5249]}},{"type":"Feature","properties":{"id":"A10024018","name":"양원역 금호어울림포레스트아파트","district":"중랑구","neighborhood":"망우동","avgPrice":9.3,"households":1049,"buildingCount":0,"rank":2714},"geometry":{"type":"Point","coordinates":[127.07588,37.62565]}},{"type":"Feature","properties":{"id":"A13188406","name":"면목두산2.3차","district":"중랑구","neighborhood":"면목동","avgPrice":8.75,"households":1048,"buildingCount":5,"rank":2715},"geometry":{"type":"Point","coordinates":[127.083146,37.579929]}},{"type":"Feature","properties":{"id":"A13994302","name":"상계한양","district":"노원구","neighborhood":"상계동","avgPrice":7.488461538461538,"households":1048,"buildingCount":4,"rank":2716},"geometry":{"type":"Point","coordinates":[127.067149,37.650807]}},{"type":"Feature","properties":{"id":"A15805109","name":"목동대림2차","district":"양천구","neighborhood":"목동","avgPrice":7.05,"households":1046,"buildingCount":0,"rank":2717},"geometry":{"type":"Point","coordinates":[126.872418,37.522315]}},{"type":"Feature","properties":{"id":"A10020611","name":"청담신원아침도시마인","district":"강남구","neighborhood":"청담동","avgPrice":4.75,"households":1044,"buildingCount":13,"rank":2718},"geometry":{"type":"Point","coordinates":[127.049323,37.526539]}},{"type":"Feature","properties":{"id":"A13283405","name":"방학벽산2차","district":"도봉구","neighborhood":"방학동","avgPrice":11.9,"households":1043,"buildingCount":0,"rank":2719},"geometry":{"type":"Point","coordinates":[127.06305,37.669295]}},{"type":"Feature","properties":{"id":"A40010008","name":"한국감정원1","district":"강남구","neighborhood":"개포동","avgPrice":20.4,"households":1042,"buildingCount":10,"rank":2720},"geometry":{"type":"Point","coordinates":[127.058404,37.482609]}},{"type":"Feature","properties":{"id":"A15805105","name":"목동성원","district":"양천구","neighborhood":"목동","avgPrice":12.1625,"households":1042,"buildingCount":4,"rank":2721},"geometry":{"type":"Point","coordinates":[126.862828,37.541995]}},{"type":"Feature","properties":{"id":"A14319311","name":"자양우성7차","district":"광진구","neighborhood":"자양동","avgPrice":15.79375,"households":1040,"buildingCount":2,"rank":2722},"geometry":{"type":"Point","coordinates":[127.07401,37.537116]}},{"type":"Feature","properties":{"id":"A15081107","name":"대림현대3차","district":"영등포구","neighborhood":"대림동","avgPrice":9.499473684210527,"households":1040,"buildingCount":2,"rank":2723},"geometry":{"type":"Point","coordinates":[126.896122,37.505196]}},{"type":"Feature","properties":{"id":"A15805102","name":"목동현대아이파크","district":"양천구","neighborhood":"목동","avgPrice":7.8,"households":1039,"buildingCount":5,"rank":2724},"geometry":{"type":"Point","coordinates":[126.865225,37.528904]}},{"type":"Feature","properties":{"id":"A15805101","name":"목동대원칸타빌","district":"양천구","neighborhood":"목동","avgPrice":15.149999999999999,"households":1038,"buildingCount":4,"rank":2725},"geometry":{"type":"Point","coordinates":[126.867238,37.531917]}},{"type":"Feature","properties":{"id":"A15081105","name":"대림코오롱","district":"영등포구","neighborhood":"대림동","avgPrice":10.011333333333335,"households":1038,"buildingCount":5,"rank":2726},"geometry":{"type":"Point","coordinates":[126.894937,37.507047]}},{"type":"Feature","properties":{"id":"A13510009","name":"청담래미안로이뷰","district":"강남구","neighborhood":"청담동","avgPrice":22.5,"households":1036,"buildingCount":4,"rank":2727},"geometry":{"type":"Point","coordinates":[127.055452,37.524568]}},{"type":"Feature","properties":{"id":"A13603501","name":"돈암동일하이빌","district":"성북구","neighborhood":"동소문동5가","avgPrice":9.155714285714286,"households":1036,"buildingCount":2,"rank":2728},"geometry":{"type":"Point","coordinates":[127.013874,37.591917]}},{"type":"Feature","properties":{"id":"A13510007","name":"청담자이","district":"강남구","neighborhood":"청담동","avgPrice":32.76428571428571,"households":1034,"buildingCount":5,"rank":2729},"geometry":{"type":"Point","coordinates":[127.057484,37.523579]}},{"type":"Feature","properties":{"id":"A13510006","name":"청담대림","district":"강남구","neighborhood":"청담동","avgPrice":28.25,"households":1033,"buildingCount":3,"rank":2730},"geometry":{"type":"Point","coordinates":[127.020049,37.523565]}},{"type":"Feature","properties":{"id":"A13510005","name":"청담삼성진흥","district":"강남구","neighborhood":"청담동","avgPrice":20.049999999999997,"households":1032,"buildingCount":4,"rank":2731},"geometry":{"type":"Point","coordinates":[127.051534,37.519891]}},{"type":"Feature","properties":{"id":"A10023959","name":"홍제역 해링턴플레이스아파트","district":"서대문구","neighborhood":"홍제동","avgPrice":15.35,"households":1032,"buildingCount":8,"rank":2732},"geometry":{"type":"Point","coordinates":[126.948265,37.589263]}},{"type":"Feature","properties":{"id":"A13510003","name":"청담대우유로카운티","district":"강남구","neighborhood":"청담동","avgPrice":27.233333333333334,"households":1030,"buildingCount":7,"rank":2733},"geometry":{"type":"Point","coordinates":[127.049826,37.523389]}},{"type":"Feature","properties":{"id":"A13510002","name":"청담휴먼스타빌","district":"강남구","neighborhood":"청담동","avgPrice":16.5,"households":1029,"buildingCount":1,"rank":2734},"geometry":{"type":"Point","coordinates":[127.046108,37.523752]}},{"type":"Feature","properties":{"id":"A10023956","name":"어바니엘가산","district":"금천구","neighborhood":"가산동","avgPrice":8.549999999999999,"households":1029,"buildingCount":0,"rank":2735},"geometry":{"type":"Point","coordinates":[126.880363,37.484966]}},{"type":"Feature","properties":{"id":"A15785709","name":"방화청솔3단지","district":"강서구","neighborhood":"방화동","avgPrice":5.91047619047619,"households":1029,"buildingCount":5,"rank":2736},"geometry":{"type":"Point","coordinates":[126.813177,37.575941]}},{"type":"Feature","properties":{"id":"A13510001","name":"청담삼성1차","district":"강남구","neighborhood":"청담동","avgPrice":16.8,"households":1028,"buildingCount":4,"rank":2737},"geometry":{"type":"Point","coordinates":[127.047628,37.519997]}},{"type":"Feature","properties":{"id":"A10023955","name":"에피소드수유838","district":"강북구","neighborhood":"수유동","avgPrice":12.850000000000001,"households":1028,"buildingCount":5,"rank":2738},"geometry":{"type":"Point","coordinates":[127.023915,37.637526]}},{"type":"Feature","properties":{"id":"A13203002","name":"북한산코오롱하늘채","district":"도봉구","neighborhood":"쌍문동","avgPrice":7.176666666666667,"households":1028,"buildingCount":3,"rank":2739},"geometry":{"type":"Point","coordinates":[127.023056,37.648228]}},{"type":"Feature","properties":{"id":"A13203001","name":"쌍문동북한산월드메르디앙","district":"도봉구","neighborhood":"쌍문동","avgPrice":11.55,"households":1027,"buildingCount":2,"rank":2740},"geometry":{"type":"Point","coordinates":[127.013544,37.653818]}},{"type":"Feature","properties":{"id":"A15286809","name":"구로주공","district":"구로구","neighborhood":"구로동","avgPrice":6.85,"households":1026,"buildingCount":5,"rank":2741},"geometry":{"type":"Point","coordinates":[126.875269,37.493461]}},{"type":"Feature","properties":{"id":"A10027354","name":"올림픽파크한양수자인","district":"강동구","neighborhood":"성내동","avgPrice":16.3,"households":1025,"buildingCount":5,"rank":2742},"geometry":{"type":"Point","coordinates":[127.128275,37.526778]}},{"type":"Feature","properties":{"id":"A10023952","name":"중랑숲시티프라디움","district":"중랑구","neighborhood":"망우동","avgPrice":6.993333333333333,"households":1025,"buildingCount":0,"rank":2743},"geometry":{"type":"Point","coordinates":[127.106388,37.58533]}},{"type":"Feature","properties":{"id":"A10023951","name":"광진그랜드파크","district":"광진구","neighborhood":"구의동","avgPrice":22.795833333333334,"households":1024,"buildingCount":9,"rank":2744},"geometry":{"type":"Point","coordinates":[127.080856,37.544031]}},{"type":"Feature","properties":{"id":"A15286807","name":"구로현대연예인","district":"구로구","neighborhood":"구로동","avgPrice":6.8252173913043475,"households":1024,"buildingCount":0,"rank":2745},"geometry":{"type":"Point","coordinates":[126.8818,37.494375]}},{"type":"Feature","properties":{"id":"A15785703","name":"마곡한숲대림아파트","district":"강서구","neighborhood":"방화동","avgPrice":11,"households":1023,"buildingCount":2,"rank":2746},"geometry":{"type":"Point","coordinates":[126.817506,37.577352]}},{"type":"Feature","properties":{"id":"A15286806","name":"중앙구로하이츠","district":"구로구","neighborhood":"구로동","avgPrice":9.45,"households":1023,"buildingCount":4,"rank":2747},"geometry":{"type":"Point","coordinates":[126.875978,37.496785]}},{"type":"Feature","properties":{"id":"A15286805","name":"구로한신1차","district":"구로구","neighborhood":"구로동","avgPrice":13.7,"households":1022,"buildingCount":0,"rank":2748},"geometry":{"type":"Point","coordinates":[126.911322,37.48155]}},{"type":"Feature","properties":{"id":"A10021177","name":"문영칸타빌레아파트","district":"영등포구","neighborhood":"대림동","avgPrice":6.68,"households":1022,"buildingCount":1,"rank":2749},"geometry":{"type":"Point","coordinates":[126.89696,37.489642]}},{"type":"Feature","properties":{"id":"A10027350","name":"대성유니드아파트","district":"성북구","neighborhood":"돈암동","avgPrice":7.3,"households":1021,"buildingCount":2,"rank":2750},"geometry":{"type":"Point","coordinates":[127.020917,37.59731]}},{"type":"Feature","properties":{"id":"A10020608","name":"용산 남영역 롯데캐슬 헤리티지","district":"용산구","neighborhood":"갈월동","avgPrice":19.9,"households":1020,"buildingCount":0,"rank":2751},"geometry":{"type":"Point","coordinates":[126.988586,37.550195]}},{"type":"Feature","properties":{"id":"A10022560","name":"증산동 두산위브아파트","district":"은평구","neighborhood":"증산동","avgPrice":7.125,"households":1019,"buildingCount":9,"rank":2752},"geometry":{"type":"Point","coordinates":[126.906096,37.583938]}},{"type":"Feature","properties":{"id":"A15286802","name":"구로현대상선","district":"구로구","neighborhood":"구로동","avgPrice":6.562,"households":1019,"buildingCount":3,"rank":2753},"geometry":{"type":"Point","coordinates":[126.875176,37.495758]}},{"type":"Feature","properties":{"id":"A10024008","name":"신내역 힐데스하임아파트","district":"중랑구","neighborhood":"망우동","avgPrice":11.8,"households":1018,"buildingCount":3,"rank":2754},"geometry":{"type":"Point","coordinates":[127.105532,37.609991]}},{"type":"Feature","properties":{"id":"A15286801","name":"구로우방","district":"구로구","neighborhood":"구로동","avgPrice":6.198333333333333,"households":1018,"buildingCount":1,"rank":2755},"geometry":{"type":"Point","coordinates":[126.875017,37.497456]}},{"type":"Feature","properties":{"id":"A14286108","name":"해모로","district":"강북구","neighborhood":"번동","avgPrice":5.567777777777778,"households":1017,"buildingCount":5,"rank":2756},"geometry":{"type":"Point","coordinates":[127.037495,37.626321]}},{"type":"Feature","properties":{"id":"A14319307","name":"자양한라","district":"광진구","neighborhood":"자양동","avgPrice":14.05,"households":1015,"buildingCount":3,"rank":2757},"geometry":{"type":"Point","coordinates":[127.070007,37.535393]}},{"type":"Feature","properties":{"id":"A10020603","name":"강동역 두산위브 센티움 아파트","district":"강동구","neighborhood":"천호동","avgPrice":11.450000000000001,"households":1015,"buildingCount":5,"rank":2758},"geometry":{"type":"Point","coordinates":[127.134637,37.537792]}},{"type":"Feature","properties":{"id":"A11008001","name":"무악현대임대아파트","district":"종로구","neighborhood":"무악동","avgPrice":13.93578947368421,"households":1014,"buildingCount":4,"rank":2759},"geometry":{"type":"Point","coordinates":[126.958734,37.575106]}},{"type":"Feature","properties":{"id":"A14319306","name":"이튼타워리버3차","district":"광진구","neighborhood":"자양동","avgPrice":8.4,"households":1014,"buildingCount":4,"rank":2760},"geometry":{"type":"Point","coordinates":[127.067727,37.532978]}},{"type":"Feature","properties":{"id":"A13922910","name":"중계주공7단지","district":"노원구","neighborhood":"중계동","avgPrice":3.852222222222222,"households":1014,"buildingCount":4,"rank":2761},"geometry":{"type":"Point","coordinates":[127.079493,37.647793]}},{"type":"Feature","properties":{"id":"A10020602","name":"장위아트포레아파트","district":"성북구","neighborhood":"석관동","avgPrice":2.03,"households":1014,"buildingCount":0,"rank":2762},"geometry":{"type":"Point","coordinates":[127.032302,37.60677]}},{"type":"Feature","properties":{"id":"A14319305","name":"광진트라팰리스","district":"광진구","neighborhood":"자양동","avgPrice":32,"households":1013,"buildingCount":2,"rank":2763},"geometry":{"type":"Point","coordinates":[127.068015,37.531918]}},{"type":"Feature","properties":{"id":"A14286104","name":"번동한양","district":"강북구","neighborhood":"번동","avgPrice":5.46,"households":1013,"buildingCount":3,"rank":2764},"geometry":{"type":"Point","coordinates":[127.040941,37.626774]}},{"type":"Feature","properties":{"id":"A13470504","name":"둔촌현대3차","district":"강동구","neighborhood":"둔촌동","avgPrice":8.82,"households":1011,"buildingCount":1,"rank":2765},"geometry":{"type":"Point","coordinates":[127.144768,37.527291]}},{"type":"Feature","properties":{"id":"A12084504","name":"홍은현대","district":"서대문구","neighborhood":"홍은동","avgPrice":7.4,"households":1011,"buildingCount":2,"rank":2766},"geometry":{"type":"Point","coordinates":[126.936431,37.58954]}},{"type":"Feature","properties":{"id":"A13187004","name":"신내성원","district":"중랑구","neighborhood":"신내동","avgPrice":6.491612903225807,"households":1011,"buildingCount":6,"rank":2767},"geometry":{"type":"Point","coordinates":[127.0947,37.60482]}},{"type":"Feature","properties":{"id":"A14319303","name":"자양현대홈타운10차","district":"광진구","neighborhood":"자양동","avgPrice":5.3,"households":1011,"buildingCount":1,"rank":2768},"geometry":{"type":"Point","coordinates":[127.070466,37.533628]}},{"type":"Feature","properties":{"id":"A13527203","name":"도곡렉슬","district":"강남구","neighborhood":"도곡동","avgPrice":38.18125,"households":1010,"buildingCount":11,"rank":2769},"geometry":{"type":"Point","coordinates":[127.05041,37.493513]}},{"type":"Feature","properties":{"id":"A13470503","name":"둔촌푸르지오","district":"강동구","neighborhood":"둔촌동","avgPrice":15.52375,"households":1010,"buildingCount":3,"rank":2770},"geometry":{"type":"Point","coordinates":[127.145804,37.534067]}},{"type":"Feature","properties":{"id":"A14319302","name":"자양우방리버파크","district":"광진구","neighborhood":"자양동","avgPrice":12.850000000000001,"households":1010,"buildingCount":2,"rank":2771},"geometry":{"type":"Point","coordinates":[127.070512,37.530974]}},{"type":"Feature","properties":{"id":"A14319301","name":"자양현대6차","district":"광진구","neighborhood":"자양동","avgPrice":13.65,"households":1009,"buildingCount":4,"rank":2772},"geometry":{"type":"Point","coordinates":[127.071939,37.533135]}},{"type":"Feature","properties":{"id":"A13470502","name":"신성둔촌미소지움2차","district":"강동구","neighborhood":"둔촌동","avgPrice":13.4125,"households":1009,"buildingCount":3,"rank":2773},"geometry":{"type":"Point","coordinates":[127.143628,37.527285]}},{"type":"Feature","properties":{"id":"A14074102","name":"효창한신","district":"용산구","neighborhood":"효창동","avgPrice":13.55,"households":1006,"buildingCount":2,"rank":2774},"geometry":{"type":"Point","coordinates":[126.956929,37.540771]}},{"type":"Feature","properties":{"id":"A14074101","name":"효창파크푸르지오","district":"용산구","neighborhood":"효창동","avgPrice":19.666666666666668,"households":1005,"buildingCount":6,"rank":2775},"geometry":{"type":"Point","coordinates":[126.958207,37.540112]}},{"type":"Feature","properties":{"id":"A10023948","name":"어바니엘 염창","district":"양천구","neighborhood":"목동","avgPrice":14.4,"households":1000,"buildingCount":0,"rank":2776},"geometry":{"type":"Point","coordinates":[126.874713,37.546538]}},{"type":"Feature","properties":{"id":"A10027346","name":"파크하비오푸르지오아파트","district":"송파구","neighborhood":"문정동","avgPrice":19.203333333333333,"households":996,"buildingCount":11,"rank":2777},"geometry":{"type":"Point","coordinates":[127.123448,37.480316]}},{"type":"Feature","properties":{"id":"A13986606","name":"중계성원1차","district":"노원구","neighborhood":"중계동","avgPrice":8.06,"households":996,"buildingCount":5,"rank":2778},"geometry":{"type":"Point","coordinates":[127.070077,37.65043]}},{"type":"Feature","properties":{"id":"A10022556","name":"래미안 원펜타스","district":"서초구","neighborhood":"반포동","avgPrice":20.1,"households":994,"buildingCount":2,"rank":2779},"geometry":{"type":"Point","coordinates":[127.00439,37.507442]}},{"type":"Feature","properties":{"id":"A15780905","name":"가양6단지","district":"강서구","neighborhood":"가양동","avgPrice":9.19609756097561,"households":992,"buildingCount":9,"rank":2780},"geometry":{"type":"Point","coordinates":[126.857793,37.563114]}},{"type":"Feature","properties":{"id":"A13922909","name":"중계주공6단지","district":"노원구","neighborhood":"중계동","avgPrice":4.508,"households":992,"buildingCount":6,"rank":2781},"geometry":{"type":"Point","coordinates":[127.077764,37.647801]}},{"type":"Feature","properties":{"id":"A10021167","name":"서울숲 금강아미움아파트","district":"성동구","neighborhood":"성수동2가","avgPrice":21.25,"households":991,"buildingCount":2,"rank":2782},"geometry":{"type":"Point","coordinates":[127.059819,37.546661]}},{"type":"Feature","properties":{"id":"A13922908","name":"중계삼성","district":"노원구","neighborhood":"중계동","avgPrice":7.184666666666667,"households":991,"buildingCount":5,"rank":2783},"geometry":{"type":"Point","coordinates":[127.082989,37.649041]}},{"type":"Feature","properties":{"id":"A15780904","name":"가양도시개발공사8단지(임대)","district":"강서구","neighborhood":"가양동","avgPrice":4.75,"households":991,"buildingCount":5,"rank":2784},"geometry":{"type":"Point","coordinates":[126.851198,37.550623]}},{"type":"Feature","properties":{"id":"A13922907","name":"동진신안","district":"노원구","neighborhood":"중계동","avgPrice":9.84375,"households":990,"buildingCount":5,"rank":2785},"geometry":{"type":"Point","coordinates":[127.078458,37.649309]}},{"type":"Feature","properties":{"id":"A13922905","name":"중계한화꿈에그린","district":"노원구","neighborhood":"중계동","avgPrice":12.8,"households":988,"buildingCount":2,"rank":2786},"geometry":{"type":"Point","coordinates":[127.074531,37.658796]}},{"type":"Feature","properties":{"id":"A13922904","name":"중계금호","district":"노원구","neighborhood":"중계동","avgPrice":7.7,"households":987,"buildingCount":4,"rank":2787},"geometry":{"type":"Point","coordinates":[127.081013,37.646959]}},{"type":"Feature","properties":{"id":"A13922903","name":"중계대림벽산","district":"노원구","neighborhood":"중계동","avgPrice":9.600000000000001,"households":986,"buildingCount":6,"rank":2788},"geometry":{"type":"Point","coordinates":[127.078447,37.650533]}},{"type":"Feature","properties":{"id":"A13922901","name":"중계현대1차","district":"노원구","neighborhood":"중계동","avgPrice":9.6,"households":984,"buildingCount":5,"rank":2789},"geometry":{"type":"Point","coordinates":[127.084641,37.648562]}},{"type":"Feature","properties":{"id":"A13586102","name":"도곡현대","district":"강남구","neighborhood":"도곡동","avgPrice":26,"households":983,"buildingCount":7,"rank":2790},"geometry":{"type":"Point","coordinates":[127.045427,37.487787]}},{"type":"Feature","properties":{"id":"A13586101","name":"도곡대림","district":"강남구","neighborhood":"도곡동","avgPrice":21.95,"households":982,"buildingCount":3,"rank":2791},"geometry":{"type":"Point","coordinates":[127.048142,37.487073]}},{"type":"Feature","properties":{"id":"A15380403","name":"가산두산위브","district":"금천구","neighborhood":"가산동","avgPrice":6.6850000000000005,"households":981,"buildingCount":8,"rank":2792},"geometry":{"type":"Point","coordinates":[126.893004,37.474692]}},{"type":"Feature","properties":{"id":"A13087201","name":"청량리신현대","district":"동대문구","neighborhood":"회기동","avgPrice":8.830769230769231,"households":979,"buildingCount":4,"rank":2793},"geometry":{"type":"Point","coordinates":[127.052549,37.589213]}},{"type":"Feature","properties":{"id":"A10025898","name":"용산kcc스위첸","district":"용산구","neighborhood":"효창동","avgPrice":16,"households":976,"buildingCount":3,"rank":2794},"geometry":{"type":"Point","coordinates":[126.960173,37.540277]}},{"type":"Feature","properties":{"id":"A13003406","name":"답십리동아","district":"동대문구","neighborhood":"답십리동","avgPrice":15.6,"households":974,"buildingCount":4,"rank":2795},"geometry":{"type":"Point","coordinates":[127.061876,37.569485]}},{"type":"Feature","properties":{"id":"A13003405","name":"답십리동답한신","district":"동대문구","neighborhood":"답십리동","avgPrice":5.962222222222222,"households":973,"buildingCount":0,"rank":2796},"geometry":{"type":"Point","coordinates":[127.052592,37.58286]}},{"type":"Feature","properties":{"id":"A13003404","name":"답십리우성그린","district":"동대문구","neighborhood":"답십리동","avgPrice":7.470000000000001,"households":972,"buildingCount":4,"rank":2797},"geometry":{"type":"Point","coordinates":[127.066053,37.574685]}},{"type":"Feature","properties":{"id":"A15205002","name":"구로두산제2","district":"구로구","neighborhood":"구로동","avgPrice":6.35,"households":972,"buildingCount":3,"rank":2798},"geometry":{"type":"Point","coordinates":[126.905622,37.493048]}},{"type":"Feature","properties":{"id":"A15205001","name":"우리유앤미","district":"구로구","neighborhood":"구로동","avgPrice":6.081428571428572,"households":971,"buildingCount":2,"rank":2799},"geometry":{"type":"Point","coordinates":[126.881719,37.496544]}},{"type":"Feature","properties":{"id":"A10023939","name":"삼성석탑아파트","district":"강남구","neighborhood":"삼성동","avgPrice":17.4,"households":970,"buildingCount":0,"rank":2800},"geometry":{"type":"Point","coordinates":[127.052752,37.53898]}},{"type":"Feature","properties":{"id":"A13003402","name":"세양청마루","district":"동대문구","neighborhood":"답십리동","avgPrice":7.816666666666666,"households":970,"buildingCount":1,"rank":2801},"geometry":{"type":"Point","coordinates":[127.065414,37.573628]}},{"type":"Feature","properties":{"id":"A15776617","name":"등촌주공6단지","district":"강서구","neighborhood":"등촌동","avgPrice":8.8,"households":967,"buildingCount":2,"rank":2802},"geometry":{"type":"Point","coordinates":[126.848848,37.560385]}},{"type":"Feature","properties":{"id":"A10023934","name":"엘크루발산아파트","district":"강서구","neighborhood":"등촌동","avgPrice":12.399999999999999,"households":965,"buildingCount":0,"rank":2803},"geometry":{"type":"Point","coordinates":[126.853328,37.5311]}},{"type":"Feature","properties":{"id":"A10021157","name":"삼전현대아파트","district":"송파구","neighborhood":"삼전동","avgPrice":24.7,"households":960,"buildingCount":1,"rank":2804},"geometry":{"type":"Point","coordinates":[127.088551,37.500213]}},{"type":"Feature","properties":{"id":"A15876402","name":"신정삼성SH임대","district":"양천구","neighborhood":"신정동","avgPrice":7.15,"households":960,"buildingCount":0,"rank":2805},"geometry":{"type":"Point","coordinates":[126.85422,37.49962]}},{"type":"Feature","properties":{"id":"A15876401","name":"서울주택도시공사 목동현대B 임대아파트","district":"양천구","neighborhood":"신정동","avgPrice":13.469999999999999,"households":959,"buildingCount":0,"rank":2806},"geometry":{"type":"Point","coordinates":[126.867908,37.5124]}},{"type":"Feature","properties":{"id":"A13980415","name":"공릉두산힐스빌","district":"노원구","neighborhood":"공릉동","avgPrice":5.85,"households":958,"buildingCount":5,"rank":2807},"geometry":{"type":"Point","coordinates":[127.079818,37.620751]}},{"type":"Feature","properties":{"id":"A13980413","name":"화랑해링턴플레이스","district":"노원구","neighborhood":"공릉동","avgPrice":8.1,"households":956,"buildingCount":5,"rank":2808},"geometry":{"type":"Point","coordinates":[127.081669,37.623432]}},{"type":"Feature","properties":{"id":"A13985201","name":"월계극동","district":"노원구","neighborhood":"월계동","avgPrice":5,"households":956,"buildingCount":2,"rank":2809},"geometry":{"type":"Point","coordinates":[127.046249,37.62926]}},{"type":"Feature","properties":{"id":"A13980411","name":"공릉동신","district":"노원구","neighborhood":"공릉동","avgPrice":13.05,"households":954,"buildingCount":2,"rank":2810},"geometry":{"type":"Point","coordinates":[127.075452,37.627483]}},{"type":"Feature","properties":{"id":"A15280602","name":"신개봉삼환","district":"구로구","neighborhood":"개봉동","avgPrice":6.226666666666667,"households":951,"buildingCount":0,"rank":2811},"geometry":{"type":"Point","coordinates":[126.857474,37.496568]}},{"type":"Feature","properties":{"id":"A12175203","name":"마포래미안푸르지오","district":"마포구","neighborhood":"아현동","avgPrice":23.209999999999997,"households":948,"buildingCount":13,"rank":2812},"geometry":{"type":"Point","coordinates":[126.953093,37.552736]}},{"type":"Feature","properties":{"id":"A12175202","name":"마포트라팰리스2차","district":"마포구","neighborhood":"아현동","avgPrice":14.795,"households":947,"buildingCount":0,"rank":2813},"geometry":{"type":"Point","coordinates":[126.955344,37.552307]}},{"type":"Feature","properties":{"id":"A15101802","name":"신림신도브래뉴","district":"관악구","neighborhood":"신림동","avgPrice":10.85,"households":945,"buildingCount":5,"rank":2814},"geometry":{"type":"Point","coordinates":[126.911013,37.48376]}},{"type":"Feature","properties":{"id":"A15072002","name":"당산SHVILLE","district":"영등포구","neighborhood":"당산동3가","avgPrice":15.95,"households":944,"buildingCount":4,"rank":2815},"geometry":{"type":"Point","coordinates":[126.902047,37.524324]}},{"type":"Feature","properties":{"id":"A15072001","name":"당산쌍용예가클래식","district":"영등포구","neighborhood":"당산동3가","avgPrice":13.450000000000001,"households":943,"buildingCount":4,"rank":2816},"geometry":{"type":"Point","coordinates":[126.893979,37.527703]}},{"type":"Feature","properties":{"id":"A10024495","name":"e편한세상 문래 에듀플라츠","district":"영등포구","neighborhood":"문래동6가","avgPrice":13.3,"households":938,"buildingCount":2,"rank":2817},"geometry":{"type":"Point","coordinates":[126.885658,37.519986]}},{"type":"Feature","properties":{"id":"A10023927","name":"송파레이크파크호반써밋1차","district":"송파구","neighborhood":"거여동","avgPrice":21.95,"households":937,"buildingCount":5,"rank":2818},"geometry":{"type":"Point","coordinates":[127.140806,37.483985]}},{"type":"Feature","properties":{"id":"A10023926","name":"롯데캐슬클라시아","district":"성북구","neighborhood":"길음동","avgPrice":15.324411764705882,"households":936,"buildingCount":11,"rank":2819},"geometry":{"type":"Point","coordinates":[127.025496,37.607777]}},{"type":"Feature","properties":{"id":"A10024492","name":"위례포레샤인13단지아파트","district":"송파구","neighborhood":"거여동","avgPrice":21.7,"households":935,"buildingCount":10,"rank":2820},"geometry":{"type":"Point","coordinates":[127.137951,37.482907]}},{"type":"Feature","properties":{"id":"A10022539","name":"경남아너스빌 201동","district":"서초구","neighborhood":"서초동","avgPrice":21.15,"households":935,"buildingCount":5,"rank":2821},"geometry":{"type":"Point","coordinates":[127.02333,37.488223]}},{"type":"Feature","properties":{"id":"A13002002","name":"래미안아름숲","district":"동대문구","neighborhood":"전농동","avgPrice":12.56842105263158,"households":935,"buildingCount":10,"rank":2822},"geometry":{"type":"Point","coordinates":[127.060959,37.580756]}},{"type":"Feature","properties":{"id":"A10022537","name":"염창힐스테이트아파트","district":"강서구","neighborhood":"염창동","avgPrice":13.6,"households":933,"buildingCount":5,"rank":2823},"geometry":{"type":"Point","coordinates":[126.873598,37.551234]}},{"type":"Feature","properties":{"id":"A10024490","name":"여의도더리브스타일","district":"영등포구","neighborhood":"영등포동1가","avgPrice":1.9275,"households":933,"buildingCount":5,"rank":2824},"geometry":{"type":"Point","coordinates":[126.912417,37.517301]}},{"type":"Feature","properties":{"id":"A10023922","name":"송파레이크파크 호반 써밋2","district":"송파구","neighborhood":"거여동","avgPrice":21.6,"households":932,"buildingCount":8,"rank":2825},"geometry":{"type":"Point","coordinates":[127.143533,37.484944]}},{"type":"Feature","properties":{"id":"A10095301","name":"브라운스톤서울아파트","district":"중구","neighborhood":"중림동","avgPrice":16.25,"households":932,"buildingCount":0,"rank":2826},"geometry":{"type":"Point","coordinates":[126.985652,37.570125]}},{"type":"Feature","properties":{"id":"A13980407","name":"효성아파트","district":"노원구","neighborhood":"공릉동","avgPrice":7.4,"households":929,"buildingCount":14,"rank":2827},"geometry":{"type":"Point","coordinates":[127.088579,37.621223]}},{"type":"Feature","properties":{"id":"A13980403","name":"공릉삼익2차","district":"노원구","neighborhood":"공릉동","avgPrice":7.050000000000001,"households":925,"buildingCount":4,"rank":2828},"geometry":{"type":"Point","coordinates":[127.080711,37.626341]}},{"type":"Feature","properties":{"id":"A13980402","name":"공릉건영장미","district":"노원구","neighborhood":"공릉동","avgPrice":10.8,"households":924,"buildingCount":6,"rank":2829},"geometry":{"type":"Point","coordinates":[127.02941,37.656174]}},{"type":"Feature","properties":{"id":"A13980401","name":"공릉신성미소지움","district":"노원구","neighborhood":"공릉동","avgPrice":8.35,"households":923,"buildingCount":2,"rank":2830},"geometry":{"type":"Point","coordinates":[127.08103,37.624909]}},{"type":"Feature","properties":{"id":"A13920106","name":"상계극동늘푸른","district":"노원구","neighborhood":"상계동","avgPrice":5.802222222222222,"households":919,"buildingCount":6,"rank":2831},"geometry":{"type":"Point","coordinates":[127.064116,37.66295]}},{"type":"Feature","properties":{"id":"A13920105","name":"상계수락한신","district":"노원구","neighborhood":"상계동","avgPrice":5.99,"households":918,"buildingCount":0,"rank":2832},"geometry":{"type":"Point","coordinates":[127.069222,37.657225]}},{"type":"Feature","properties":{"id":"A13805003","name":"신구블레스밸리","district":"송파구","neighborhood":"방이동","avgPrice":22.5,"households":917,"buildingCount":2,"rank":2833},"geometry":{"type":"Point","coordinates":[127.122332,37.511415]}},{"type":"Feature","properties":{"id":"A14085101","name":"원효로강변삼성스위트","district":"용산구","neighborhood":"원효로4가","avgPrice":14.343333333333334,"households":917,"buildingCount":1,"rank":2834},"geometry":{"type":"Point","coordinates":[126.963882,37.523326]}},{"type":"Feature","properties":{"id":"A13920104","name":"우림루미아트1.2단지","district":"노원구","neighborhood":"상계동","avgPrice":7.17,"households":917,"buildingCount":0,"rank":2835},"geometry":{"type":"Point","coordinates":[127.067388,37.658479]}},{"type":"Feature","properties":{"id":"A13805002","name":"올림픽선수기자촌아파트","district":"송파구","neighborhood":"방이동","avgPrice":15.85,"households":916,"buildingCount":6,"rank":2836},"geometry":{"type":"Point","coordinates":[127.133315,37.514541]}},{"type":"Feature","properties":{"id":"A13805001","name":"방이대림가락","district":"송파구","neighborhood":"방이동","avgPrice":25.120833333333334,"households":915,"buildingCount":0,"rank":2837},"geometry":{"type":"Point","coordinates":[127.129694,37.515758]}},{"type":"Feature","properties":{"id":"A13920102","name":"상계수락현대","district":"노원구","neighborhood":"상계동","avgPrice":5.9,"households":915,"buildingCount":1,"rank":2838},"geometry":{"type":"Point","coordinates":[127.062007,37.66477]}},{"type":"Feature","properties":{"id":"A15005402","name":"신길삼성래미안","district":"영등포구","neighborhood":"신길동","avgPrice":11.15392857142857,"households":914,"buildingCount":3,"rank":2839},"geometry":{"type":"Point","coordinates":[126.915117,37.505187]}},{"type":"Feature","properties":{"id":"A12170402","name":"마포한화오벨리스크","district":"마포구","neighborhood":"도화동","avgPrice":8.233243243243242,"households":914,"buildingCount":2,"rank":2840},"geometry":{"type":"Point","coordinates":[126.945717,37.540336]}},{"type":"Feature","properties":{"id":"A12170401","name":"마포동원베네스트","district":"마포구","neighborhood":"도화동","avgPrice":13.600000000000001,"households":913,"buildingCount":6,"rank":2841},"geometry":{"type":"Point","coordinates":[126.952162,37.539891]}},{"type":"Feature","properties":{"id":"A15005401","name":"신길삼성제2","district":"영등포구","neighborhood":"신길동","avgPrice":10.6,"households":913,"buildingCount":5,"rank":2842},"geometry":{"type":"Point","coordinates":[126.915029,37.506996]}},{"type":"Feature","properties":{"id":"A10024488","name":"꿈의숲아이파크아파트","district":"성북구","neighborhood":"장위동","avgPrice":12.74,"households":910,"buildingCount":6,"rank":2843},"geometry":{"type":"Point","coordinates":[127.047747,37.618731]}},{"type":"Feature","properties":{"id":"A13114201","name":"묵동동구햇살","district":"중랑구","neighborhood":"묵동","avgPrice":6.75,"households":910,"buildingCount":3,"rank":2844},"geometry":{"type":"Point","coordinates":[127.074554,37.61334]}},{"type":"Feature","properties":{"id":"A14001303","name":"용산시티파크1단지","district":"용산구","neighborhood":"한강로3가","avgPrice":18.950000000000003,"households":909,"buildingCount":4,"rank":2845},"geometry":{"type":"Point","coordinates":[126.968749,37.525297]}},{"type":"Feature","properties":{"id":"A10024487","name":"강일푸르내","district":"강동구","neighborhood":"강일동","avgPrice":11.05,"households":909,"buildingCount":2,"rank":2846},"geometry":{"type":"Point","coordinates":[127.100237,37.544002]}},{"type":"Feature","properties":{"id":"A10023099","name":"롯데캐슬 리버파크 시그니처 아파트","district":"광진구","neighborhood":"자양동","avgPrice":14.8,"households":907,"buildingCount":0,"rank":2847},"geometry":{"type":"Point","coordinates":[127.065538,37.552935]}},{"type":"Feature","properties":{"id":"A10027319","name":"도곡한라비발디아파트","district":"강남구","neighborhood":"도곡동","avgPrice":23.5,"households":906,"buildingCount":5,"rank":2848},"geometry":{"type":"Point","coordinates":[127.038335,37.487784]}},{"type":"Feature","properties":{"id":"A13785607","name":"롯데캐슬클래식","district":"서초구","neighborhood":"서초동","avgPrice":38.06666666666667,"households":904,"buildingCount":6,"rank":2849},"geometry":{"type":"Point","coordinates":[127.02332,37.501209]}},{"type":"Feature","properties":{"id":"A10023914","name":"인히어쌍문아파트","district":"도봉구","neighborhood":"쌍문동","avgPrice":10.399999999999999,"households":903,"buildingCount":0,"rank":2850},"geometry":{"type":"Point","coordinates":[127.037298,37.669835]}},{"type":"Feature","properties":{"id":"A10022528","name":"상봉 동양엔파트","district":"중랑구","neighborhood":"상봉동","avgPrice":6.1,"households":903,"buildingCount":0,"rank":2851},"geometry":{"type":"Point","coordinates":[127.09183,37.59577]}},{"type":"Feature","properties":{"id":"A13785604","name":"서초진흥","district":"서초구","neighborhood":"서초동","avgPrice":18.45,"households":901,"buildingCount":7,"rank":2852},"geometry":{"type":"Point","coordinates":[127.022441,37.497331]}},{"type":"Feature","properties":{"id":"A10022525","name":"강동헤리티지자이","district":"강동구","neighborhood":"길동","avgPrice":16.708333333333332,"households":900,"buildingCount":8,"rank":2853},"geometry":{"type":"Point","coordinates":[127.116588,37.51365]}},{"type":"Feature","properties":{"id":"A10021139","name":"등촌월드메르디앙","district":"강서구","neighborhood":"등촌동","avgPrice":8.2825,"households":900,"buildingCount":2,"rank":2854},"geometry":{"type":"Point","coordinates":[126.847261,37.564125]}},{"type":"Feature","properties":{"id":"A13478602","name":"명일진로","district":"강동구","neighborhood":"명일동","avgPrice":13.4,"households":898,"buildingCount":2,"rank":2855},"geometry":{"type":"Point","coordinates":[127.154741,37.553628]}},{"type":"Feature","properties":{"id":"A10022522","name":"신도림2차 푸르지오 아파트","district":"구로구","neighborhood":"신도림동","avgPrice":13.899999999999999,"households":897,"buildingCount":0,"rank":2856},"geometry":{"type":"Point","coordinates":[126.890674,37.50765]}},{"type":"Feature","properties":{"id":"A13789002","name":"양재신영체르니","district":"서초구","neighborhood":"양재동","avgPrice":5.7325,"households":897,"buildingCount":0,"rank":2857},"geometry":{"type":"Point","coordinates":[127.01008,37.47604]}},{"type":"Feature","properties":{"id":"A13478601","name":"고덕현대아파트","district":"강동구","neighborhood":"명일동","avgPrice":4.6,"households":897,"buildingCount":7,"rank":2858},"geometry":{"type":"Point","coordinates":[127.153639,37.550428]}},{"type":"Feature","properties":{"id":"A13880603","name":"가락한신","district":"송파구","neighborhood":"가락동","avgPrice":16.6,"households":896,"buildingCount":2,"rank":2859},"geometry":{"type":"Point","coordinates":[127.121537,37.489655]}},{"type":"Feature","properties":{"id":"A13880602","name":"가락우성2차아파트","district":"송파구","neighborhood":"가락동","avgPrice":14.651764705882353,"households":895,"buildingCount":1,"rank":2860},"geometry":{"type":"Point","coordinates":[127.12568,37.491674]}},{"type":"Feature","properties":{"id":"A12187602","name":"래미안용강아파트","district":"마포구","neighborhood":"용강동","avgPrice":16.65,"households":894,"buildingCount":9,"rank":2861},"geometry":{"type":"Point","coordinates":[126.941326,37.543619]}},{"type":"Feature","properties":{"id":"A13381701","name":"사근중앙하이츠","district":"성동구","neighborhood":"사근동","avgPrice":8.046666666666667,"households":891,"buildingCount":0,"rank":2862},"geometry":{"type":"Point","coordinates":[127.016268,37.56251]}},{"type":"Feature","properties":{"id":"A10025867","name":"흑석롯데캐슬에듀포레","district":"동작구","neighborhood":"흑석동","avgPrice":22.700000000000003,"households":882,"buildingCount":7,"rank":2863},"geometry":{"type":"Point","coordinates":[126.959578,37.504462]}},{"type":"Feature","properties":{"id":"A15786227","name":"염창동아3차","district":"강서구","neighborhood":"염창동","avgPrice":12.285,"households":875,"buildingCount":4,"rank":2864},"geometry":{"type":"Point","coordinates":[126.877764,37.549675]}},{"type":"Feature","properties":{"id":"A10024473","name":"고덕자이 아파트","district":"강동구","neighborhood":"상일동","avgPrice":18.754166666666666,"households":874,"buildingCount":11,"rank":2865},"geometry":{"type":"Point","coordinates":[127.170767,37.552433]}},{"type":"Feature","properties":{"id":"A13186907","name":"신내중앙하이츠","district":"중랑구","neighborhood":"신내동","avgPrice":6.33,"households":872,"buildingCount":6,"rank":2866},"geometry":{"type":"Point","coordinates":[127.097826,37.603315]}},{"type":"Feature","properties":{"id":"A10024470","name":"신길파크자이","district":"영등포구","neighborhood":"신길동","avgPrice":17.601666666666667,"households":871,"buildingCount":5,"rank":2867},"geometry":{"type":"Point","coordinates":[126.912536,37.503431]}},{"type":"Feature","properties":{"id":"A15786222","name":"염창태진한솔","district":"강서구","neighborhood":"염창동","avgPrice":10.134166666666667,"households":870,"buildingCount":0,"rank":2868},"geometry":{"type":"Point","coordinates":[126.87502,37.5707]}},{"type":"Feature","properties":{"id":"A10023083","name":"청량리역 롯데캐슬 SKY-L65","district":"동대문구","neighborhood":"전농동","avgPrice":7.1000000000000005,"households":870,"buildingCount":0,"rank":2869},"geometry":{"type":"Point","coordinates":[127.032756,37.55892]}},{"type":"Feature","properties":{"id":"A13186905","name":"라이프미성","district":"중랑구","neighborhood":"신내동","avgPrice":4.341666666666667,"households":870,"buildingCount":1,"rank":2870},"geometry":{"type":"Point","coordinates":[127.098718,37.60276]}},{"type":"Feature","properties":{"id":"A10027303","name":"목동효성아파트","district":"양천구","neighborhood":"목동","avgPrice":7.55,"households":869,"buildingCount":4,"rank":2871},"geometry":{"type":"Point","coordinates":[126.875963,37.54383]}},{"type":"Feature","properties":{"id":"A10021128","name":"천왕연지마을2단지","district":"구로구","neighborhood":"천왕동","avgPrice":9.5,"households":868,"buildingCount":3,"rank":2872},"geometry":{"type":"Point","coordinates":[126.843101,37.484413]}},{"type":"Feature","properties":{"id":"A10027301","name":"마포한강2차푸르지오","district":"마포구","neighborhood":"합정동","avgPrice":25,"households":867,"buildingCount":6,"rank":2873},"geometry":{"type":"Point","coordinates":[126.911459,37.551148]}},{"type":"Feature","properties":{"id":"A10022512","name":"THE STUDIO 163","district":"은평구","neighborhood":"갈현동","avgPrice":13.65,"households":866,"buildingCount":0,"rank":2874},"geometry":{"type":"Point","coordinates":[126.929912,37.61953]}},{"type":"Feature","properties":{"id":"A13285305","name":"방학거성학마을","district":"도봉구","neighborhood":"방학동","avgPrice":10.3,"households":864,"buildingCount":1,"rank":2875},"geometry":{"type":"Point","coordinates":[127.039295,37.66677]}},{"type":"Feature","properties":{"id":"A15807005","name":"신정도시마을","district":"양천구","neighborhood":"신정동","avgPrice":6.550000000000001,"households":863,"buildingCount":0,"rank":2876},"geometry":{"type":"Point","coordinates":[126.843461,37.511445]}},{"type":"Feature","properties":{"id":"A10021122","name":"올림픽파크포레온","district":"강동구","neighborhood":"둔촌동","avgPrice":20.557142857142857,"households":862,"buildingCount":3,"rank":2877},"geometry":{"type":"Point","coordinates":[127.135357,37.530092]}},{"type":"Feature","properties":{"id":"A15807004","name":"신정이펜하우스4단지","district":"양천구","neighborhood":"신정동","avgPrice":7.225,"households":862,"buildingCount":10,"rank":2878},"geometry":{"type":"Point","coordinates":[126.829763,37.510774]}},{"type":"Feature","properties":{"id":"A13509015","name":"동일파크스위트","district":"강남구","neighborhood":"삼성동","avgPrice":16.75,"households":861,"buildingCount":5,"rank":2879},"geometry":{"type":"Point","coordinates":[127.065489,37.51644]}},{"type":"Feature","properties":{"id":"A15807003","name":"신정이펜하우스5단지","district":"양천구","neighborhood":"신정동","avgPrice":13.850000000000001,"households":861,"buildingCount":7,"rank":2880},"geometry":{"type":"Point","coordinates":[126.833157,37.510849]}},{"type":"Feature","properties":{"id":"A14077401","name":"점보","district":"용산구","neighborhood":"이촌동","avgPrice":13.8,"households":861,"buildingCount":7,"rank":2881},"geometry":{"type":"Point","coordinates":[126.978608,37.518155]}},{"type":"Feature","properties":{"id":"A13509014","name":"래미안삼성1차103단지","district":"강남구","neighborhood":"삼성동","avgPrice":16.15,"households":860,"buildingCount":0,"rank":2882},"geometry":{"type":"Point","coordinates":[127.054666,37.538845]}},{"type":"Feature","properties":{"id":"A15807002","name":"신트리1단지","district":"양천구","neighborhood":"신정동","avgPrice":8.507200000000001,"households":860,"buildingCount":9,"rank":2883},"geometry":{"type":"Point","coordinates":[126.853805,37.513721]}},{"type":"Feature","properties":{"id":"A13509013","name":"래미안삼성1차(105)","district":"강남구","neighborhood":"삼성동","avgPrice":18.4,"households":859,"buildingCount":2,"rank":2884},"geometry":{"type":"Point","coordinates":[127.042903,37.497133]}},{"type":"Feature","properties":{"id":"A15807001","name":"경남아너스빌","district":"양천구","neighborhood":"신정동","avgPrice":15.799999999999999,"households":859,"buildingCount":0,"rank":2885},"geometry":{"type":"Point","coordinates":[126.871511,37.518135]}},{"type":"Feature","properties":{"id":"A13380303","name":"래미안하이리버제2임대","district":"성동구","neighborhood":"금호동2가","avgPrice":18,"households":858,"buildingCount":2,"rank":2886},"geometry":{"type":"Point","coordinates":[127.018273,37.554491]}},{"type":"Feature","properties":{"id":"A13509012","name":"삼성힐스테이트1단지","district":"강남구","neighborhood":"삼성동","avgPrice":16.85,"households":858,"buildingCount":13,"rank":2887},"geometry":{"type":"Point","coordinates":[127.048486,37.516317]}},{"type":"Feature","properties":{"id":"A13380302","name":"래미안하이리버","district":"성동구","neighborhood":"금호동2가","avgPrice":21.266666666666666,"households":857,"buildingCount":9,"rank":2888},"geometry":{"type":"Point","coordinates":[127.02441,37.551414]}},{"type":"Feature","properties":{"id":"A13509010","name":"삼성롯데캐슬프레미어","district":"강남구","neighborhood":"삼성동","avgPrice":34.1,"households":856,"buildingCount":0,"rank":2889},"geometry":{"type":"Point","coordinates":[127.0705,37.495195]}},{"type":"Feature","properties":{"id":"A13380301","name":"금호센트럴자이","district":"성동구","neighborhood":"금호동2가","avgPrice":22.049999999999997,"households":856,"buildingCount":1,"rank":2890},"geometry":{"type":"Point","coordinates":[127.045736,37.57522]}},{"type":"Feature","properties":{"id":"A14209001","name":"우이대우","district":"강북구","neighborhood":"우이동","avgPrice":6.1,"households":854,"buildingCount":5,"rank":2891},"geometry":{"type":"Point","coordinates":[127.027144,37.659364]}},{"type":"Feature","properties":{"id":"A10025858","name":"항동하버라인8단지","district":"구로구","neighborhood":"항동","avgPrice":11.15,"households":852,"buildingCount":4,"rank":2892},"geometry":{"type":"Point","coordinates":[126.817725,37.474547]}},{"type":"Feature","properties":{"id":"A10025855","name":"e편한세상화랑대아파트","district":"중랑구","neighborhood":"묵동","avgPrice":8.25,"households":849,"buildingCount":9,"rank":2893},"geometry":{"type":"Point","coordinates":[127.082859,37.616246]}},{"type":"Feature","properties":{"id":"A10024468","name":"강동리버스트4단지","district":"강동구","neighborhood":"강일동","avgPrice":9.447,"households":848,"buildingCount":5,"rank":2894},"geometry":{"type":"Point","coordinates":[127.173954,37.572169]}},{"type":"Feature","properties":{"id":"A10023079","name":"DMC파인시티자이","district":"은평구","neighborhood":"수색동","avgPrice":13.35388888888889,"households":845,"buildingCount":0,"rank":2895},"geometry":{"type":"Point","coordinates":[126.955896,37.60333]}},{"type":"Feature","properties":{"id":"A10025850","name":"헬리오시티아파트","district":"송파구","neighborhood":"가락동","avgPrice":28.878970588235294,"households":844,"buildingCount":9,"rank":2896},"geometry":{"type":"Point","coordinates":[127.107382,37.497626]}},{"type":"Feature","properties":{"id":"A10024464","name":"지웰홈스 왕십리","district":"성동구","neighborhood":"행당동","avgPrice":19.450000000000003,"households":844,"buildingCount":2,"rank":2897},"geometry":{"type":"Point","coordinates":[127.037516,37.563891]}},{"type":"Feature","properties":{"id":"A10024463","name":"방학지음재힐스","district":"도봉구","neighborhood":"방학동","avgPrice":1.2233333333333334,"households":843,"buildingCount":1,"rank":2898},"geometry":{"type":"Point","coordinates":[127.044796,37.667347]}},{"type":"Feature","properties":{"id":"A10023076","name":"DMC SKVIEW 아이파크포레","district":"은평구","neighborhood":"수색동","avgPrice":12.9,"households":842,"buildingCount":0,"rank":2899},"geometry":{"type":"Point","coordinates":[126.90416,37.60369]}},{"type":"Feature","properties":{"id":"A10023075","name":"지와인 아파트","district":"강서구","neighborhood":"등촌동","avgPrice":6.1,"households":841,"buildingCount":12,"rank":2900},"geometry":{"type":"Point","coordinates":[126.866518,37.553576]}},{"type":"Feature","properties":{"id":"A15786213","name":"염창무학","district":"강서구","neighborhood":"염창동","avgPrice":10.475,"households":840,"buildingCount":4,"rank":2901},"geometry":{"type":"Point","coordinates":[126.876853,37.550336]}},{"type":"Feature","properties":{"id":"A10022507","name":"다울숲아파트","district":"구로구","neighborhood":"구로동","avgPrice":6.85,"households":840,"buildingCount":0,"rank":2902},"geometry":{"type":"Point","coordinates":[126.869388,37.513455]}},{"type":"Feature","properties":{"id":"A13185508","name":"브라운스톤태릉","district":"중랑구","neighborhood":"묵동","avgPrice":8.133636363636363,"households":838,"buildingCount":6,"rank":2903},"geometry":{"type":"Point","coordinates":[127.082345,37.618721]}},{"type":"Feature","properties":{"id":"A10021119","name":"신길동대성유니드아파트","district":"영등포구","neighborhood":"신길동","avgPrice":7.475,"households":838,"buildingCount":0,"rank":2904},"geometry":{"type":"Point","coordinates":[126.902839,37.501355]}},{"type":"Feature","properties":{"id":"A10022504","name":"에피소드용산241","district":"용산구","neighborhood":"한강로3가","avgPrice":23.15,"households":837,"buildingCount":0,"rank":2905},"geometry":{"type":"Point","coordinates":[126.975246,37.53602]}},{"type":"Feature","properties":{"id":"A13776510","name":"반포힐스테이트","district":"서초구","neighborhood":"반포동","avgPrice":18.15,"households":837,"buildingCount":6,"rank":2906},"geometry":{"type":"Point","coordinates":[126.996492,37.501625]}},{"type":"Feature","properties":{"id":"A13185507","name":"묵동신안1차","district":"중랑구","neighborhood":"묵동","avgPrice":6.23,"households":837,"buildingCount":3,"rank":2907},"geometry":{"type":"Point","coordinates":[127.080927,37.612662]}},{"type":"Feature","properties":{"id":"A10023070","name":"잠실 센트럴파크","district":"송파구","neighborhood":"잠실동","avgPrice":19.2,"households":836,"buildingCount":2,"rank":2908},"geometry":{"type":"Point","coordinates":[127.083978,37.510707]}},{"type":"Feature","properties":{"id":"A15383702","name":"시흥삼익","district":"금천구","neighborhood":"시흥동","avgPrice":5.037999999999999,"households":836,"buildingCount":1,"rank":2909},"geometry":{"type":"Point","coordinates":[126.90917,37.463788]}},{"type":"Feature","properties":{"id":"A15076702","name":"영등포아트자이","district":"영등포구","neighborhood":"도림동","avgPrice":15.471538461538461,"households":835,"buildingCount":4,"rank":2910},"geometry":{"type":"Point","coordinates":[126.899302,37.511026]}},{"type":"Feature","properties":{"id":"A13509009","name":"아이파크삼성동","district":"강남구","neighborhood":"삼성동","avgPrice":22.15,"households":834,"buildingCount":3,"rank":2911},"geometry":{"type":"Point","coordinates":[127.059198,37.518213]}},{"type":"Feature","properties":{"id":"A15076701","name":"도림한라","district":"영등포구","neighborhood":"도림동","avgPrice":7.433333333333334,"households":834,"buildingCount":3,"rank":2912},"geometry":{"type":"Point","coordinates":[126.897355,37.507886]}},{"type":"Feature","properties":{"id":"A13509007","name":"삼성롯데","district":"강남구","neighborhood":"삼성동","avgPrice":19.75,"households":832,"buildingCount":3,"rank":2913},"geometry":{"type":"Point","coordinates":[127.047846,37.513001]}},{"type":"Feature","properties":{"id":"A13185502","name":"묵동신안2차","district":"중랑구","neighborhood":"묵동","avgPrice":5.986666666666667,"households":832,"buildingCount":1,"rank":2914},"geometry":{"type":"Point","coordinates":[127.080062,37.614088]}},{"type":"Feature","properties":{"id":"A13509006","name":"삼성서광","district":"강남구","neighborhood":"삼성동","avgPrice":16.35,"households":831,"buildingCount":0,"rank":2915},"geometry":{"type":"Point","coordinates":[127.068644,37.52332]}},{"type":"Feature","properties":{"id":"A13816005","name":"송파롯데캐슬파인힐","district":"송파구","neighborhood":"가락동","avgPrice":15,"households":831,"buildingCount":1,"rank":2916},"geometry":{"type":"Point","coordinates":[127.121362,37.494358]}},{"type":"Feature","properties":{"id":"A13185501","name":"묵동세방","district":"중랑구","neighborhood":"묵동","avgPrice":5.5,"households":831,"buildingCount":5,"rank":2917},"geometry":{"type":"Point","coordinates":[127.083978,37.615592]}},{"type":"Feature","properties":{"id":"A13509005","name":"삼성래미안2차","district":"강남구","neighborhood":"삼성동","avgPrice":17.9,"households":830,"buildingCount":7,"rank":2918},"geometry":{"type":"Point","coordinates":[127.043479,37.516357]}},{"type":"Feature","properties":{"id":"A12181406","name":"도화현대1차아파트","district":"마포구","neighborhood":"도화동","avgPrice":10.85,"households":830,"buildingCount":3,"rank":2919},"geometry":{"type":"Point","coordinates":[126.954539,37.540987]}},{"type":"Feature","properties":{"id":"A13509004","name":"삼성한솔","district":"강남구","neighborhood":"삼성동","avgPrice":17.85,"households":829,"buildingCount":3,"rank":2920},"geometry":{"type":"Point","coordinates":[127.045621,37.517703]}},{"type":"Feature","properties":{"id":"A13816002","name":"가락동부센트레빌","district":"송파구","neighborhood":"가락동","avgPrice":23,"households":828,"buildingCount":4,"rank":2921},"geometry":{"type":"Point","coordinates":[127.116595,37.497906]}},{"type":"Feature","properties":{"id":"A13509003","name":"삼성풍림아파트1차","district":"강남구","neighborhood":"삼성동","avgPrice":19.35,"households":828,"buildingCount":4,"rank":2922},"geometry":{"type":"Point","coordinates":[127.023662,37.50301]}},{"type":"Feature","properties":{"id":"A12181404","name":"도화현대홈타운","district":"마포구","neighborhood":"도화동","avgPrice":15.59,"households":828,"buildingCount":8,"rank":2923},"geometry":{"type":"Point","coordinates":[126.952422,37.538165]}},{"type":"Feature","properties":{"id":"A13816001","name":"가락현대5차","district":"송파구","neighborhood":"가락동","avgPrice":18.85,"households":827,"buildingCount":3,"rank":2924},"geometry":{"type":"Point","coordinates":[127.130785,37.499714]}},{"type":"Feature","properties":{"id":"A12181403","name":"도화현대2차아파트(임대)","district":"마포구","neighborhood":"도화동","avgPrice":5.050000000000001,"households":827,"buildingCount":0,"rank":2925},"geometry":{"type":"Point","coordinates":[126.890938,37.569585]}},{"type":"Feature","properties":{"id":"A13509001","name":"삼성현대","district":"강남구","neighborhood":"삼성동","avgPrice":22.2,"households":826,"buildingCount":6,"rank":2926},"geometry":{"type":"Point","coordinates":[127.044409,37.516369]}},{"type":"Feature","properties":{"id":"A10025846","name":"래미안베라힐즈","district":"은평구","neighborhood":"녹번동","avgPrice":12.433421052631578,"households":819,"buildingCount":7,"rank":2927},"geometry":{"type":"Point","coordinates":[126.936335,37.60333]}},{"type":"Feature","properties":{"id":"A10024457","name":"논현두산2차아파트","district":"강남구","neighborhood":"논현동","avgPrice":22.799999999999997,"households":816,"buildingCount":1,"rank":2928},"geometry":{"type":"Point","coordinates":[127.062023,37.515176]}},{"type":"Feature","properties":{"id":"A13776509","name":"래미안퍼스티지","district":"서초구","neighborhood":"반포동","avgPrice":60.609375,"households":815,"buildingCount":6,"rank":2929},"geometry":{"type":"Point","coordinates":[126.999959,37.503482]}},{"type":"Feature","properties":{"id":"A13776508","name":"반포푸르지오","district":"서초구","neighborhood":"반포동","avgPrice":26.525,"households":814,"buildingCount":5,"rank":2930},"geometry":{"type":"Point","coordinates":[126.996585,37.503558]}},{"type":"Feature","properties":{"id":"A12101001","name":"서서울삼성아파트","district":"마포구","neighborhood":"아현동","avgPrice":11.075999999999999,"households":813,"buildingCount":4,"rank":2931},"geometry":{"type":"Point","coordinates":[126.95936,37.55599]}},{"type":"Feature","properties":{"id":"A13983713","name":"두산아파트","district":"노원구","neighborhood":"상계동","avgPrice":5.247777777777778,"households":812,"buildingCount":7,"rank":2932},"geometry":{"type":"Point","coordinates":[127.053193,37.677275]}},{"type":"Feature","properties":{"id":"A13983712","name":"상계3차현대아파트","district":"노원구","neighborhood":"상계동","avgPrice":10.7,"households":811,"buildingCount":5,"rank":2933},"geometry":{"type":"Point","coordinates":[127.053109,37.671627]}},{"type":"Feature","properties":{"id":"A15283902","name":"신구로현대","district":"구로구","neighborhood":"구로동","avgPrice":14.75,"households":807,"buildingCount":4,"rank":2934},"geometry":{"type":"Point","coordinates":[126.892958,37.496053]}},{"type":"Feature","properties":{"id":"A10023060","name":"노원롯데캐슬시그니처2단지","district":"노원구","neighborhood":"상계동","avgPrice":9.45,"households":805,"buildingCount":0,"rank":2935},"geometry":{"type":"Point","coordinates":[127.06246,37.665211]}},{"type":"Feature","properties":{"id":"A13184107","name":"면목두산4,5단지","district":"중랑구","neighborhood":"면목동","avgPrice":8.0975,"households":802,"buildingCount":7,"rank":2936},"geometry":{"type":"Point","coordinates":[127.081447,37.578145]}},{"type":"Feature","properties":{"id":"A15382301","name":"독산신도브래뉴","district":"금천구","neighborhood":"독산동","avgPrice":6.088333333333334,"households":800,"buildingCount":1,"rank":2937},"geometry":{"type":"Point","coordinates":[126.899913,37.476556]}},{"type":"Feature","properties":{"id":"A13811206","name":"거여1단지","district":"송파구","neighborhood":"거여동","avgPrice":9.454444444444444,"households":799,"buildingCount":6,"rank":2938},"geometry":{"type":"Point","coordinates":[127.144594,37.490927]}},{"type":"Feature","properties":{"id":"A13811205","name":"거여5단지","district":"송파구","neighborhood":"거여동","avgPrice":10.985714285714286,"households":798,"buildingCount":9,"rank":2939},"geometry":{"type":"Point","coordinates":[127.145168,37.48919]}},{"type":"Feature","properties":{"id":"A10021100","name":"신대방벽산아파트","district":"동작구","neighborhood":"신대방동","avgPrice":7.984,"households":798,"buildingCount":1,"rank":2940},"geometry":{"type":"Point","coordinates":[126.92196,37.497258]}},{"type":"Feature","properties":{"id":"A13811204","name":"거여3단지","district":"송파구","neighborhood":"거여동","avgPrice":17.95,"households":797,"buildingCount":6,"rank":2941},"geometry":{"type":"Point","coordinates":[127.147128,37.489874]}},{"type":"Feature","properties":{"id":"A12081602","name":"월드컵현대","district":"서대문구","neighborhood":"북가좌동","avgPrice":8.73375,"households":797,"buildingCount":6,"rank":2942},"geometry":{"type":"Point","coordinates":[126.90438,37.576711]}},{"type":"Feature","properties":{"id":"A13811203","name":"거여4단지","district":"송파구","neighborhood":"거여동","avgPrice":10.024999999999999,"households":796,"buildingCount":4,"rank":2943},"geometry":{"type":"Point","coordinates":[127.14365,37.489302]}},{"type":"Feature","properties":{"id":"A13811202","name":"동아효성아파트(거여2단지)","district":"송파구","neighborhood":"거여동","avgPrice":22.7,"households":795,"buildingCount":1,"rank":2944},"geometry":{"type":"Point","coordinates":[127.116833,37.508908]}},{"type":"Feature","properties":{"id":"A13312303","name":"성수아이파크","district":"성동구","neighborhood":"성수동2가","avgPrice":15.3,"households":793,"buildingCount":6,"rank":2945},"geometry":{"type":"Point","coordinates":[127.056625,37.547469]}},{"type":"Feature","properties":{"id":"A13312302","name":"성수롯데캐슬","district":"성동구","neighborhood":"성수동2가","avgPrice":14.75,"households":792,"buildingCount":5,"rank":2946},"geometry":{"type":"Point","coordinates":[127.056121,37.546148]}},{"type":"Feature","properties":{"id":"A13120403","name":"면목경남아너스빌","district":"중랑구","neighborhood":"면목동","avgPrice":7.46,"households":791,"buildingCount":7,"rank":2947},"geometry":{"type":"Point","coordinates":[127.080504,37.575515]}},{"type":"Feature","properties":{"id":"A10025836","name":"힐스테이트녹번","district":"은평구","neighborhood":"녹번동","avgPrice":12.328571428571427,"households":788,"buildingCount":6,"rank":2948},"geometry":{"type":"Point","coordinates":[126.936468,37.601648]}},{"type":"Feature","properties":{"id":"A13983709","name":"상계현대2차","district":"노원구","neighborhood":"상계동","avgPrice":5.3075,"households":787,"buildingCount":2,"rank":2949},"geometry":{"type":"Point","coordinates":[127.050138,37.672189]}},{"type":"Feature","properties":{"id":"A13983707","name":"상계현대1차","district":"노원구","neighborhood":"상계동","avgPrice":16.6,"households":785,"buildingCount":3,"rank":2950},"geometry":{"type":"Point","coordinates":[127.052777,37.673018]}},{"type":"Feature","properties":{"id":"A10023059","name":"더샵파크솔레이유아파트","district":"강동구","neighborhood":"둔촌동","avgPrice":15.116666666666667,"households":783,"buildingCount":0,"rank":2951},"geometry":{"type":"Point","coordinates":[127.140288,37.530471]}},{"type":"Feature","properties":{"id":"A13676704","name":"정릉풍림아이원임대","district":"성북구","neighborhood":"정릉동","avgPrice":14,"households":781,"buildingCount":1,"rank":2952},"geometry":{"type":"Point","coordinates":[127.023574,37.584403]}},{"type":"Feature","properties":{"id":"A10024443","name":"쌍용더플래티넘용마산","district":"중랑구","neighborhood":"면목동","avgPrice":10.118571428571428,"households":781,"buildingCount":5,"rank":2953},"geometry":{"type":"Point","coordinates":[127.085438,37.572456]}},{"type":"Feature","properties":{"id":"A10023056","name":"증산중앙하이츠아파트","district":"은평구","neighborhood":"증산동","avgPrice":15.45,"households":780,"buildingCount":7,"rank":2954},"geometry":{"type":"Point","coordinates":[126.907738,37.583117]}},{"type":"Feature","properties":{"id":"A13676703","name":"정릉1차e-편한세상","district":"성북구","neighborhood":"정릉동","avgPrice":10.149999999999999,"households":780,"buildingCount":6,"rank":2955},"geometry":{"type":"Point","coordinates":[127.010335,37.615044]}},{"type":"Feature","properties":{"id":"A12078707","name":"홍제원현대임대","district":"서대문구","neighborhood":"홍제동","avgPrice":12.399999999999999,"households":779,"buildingCount":0,"rank":2956},"geometry":{"type":"Point","coordinates":[126.951126,37.572575]}},{"type":"Feature","properties":{"id":"A13676702","name":"정릉대우","district":"성북구","neighborhood":"정릉동","avgPrice":4.314375,"households":779,"buildingCount":5,"rank":2957},"geometry":{"type":"Point","coordinates":[127.003383,37.618096]}},{"type":"Feature","properties":{"id":"A10024440","name":"강동리버스트 8단지","district":"강동구","neighborhood":"강일동","avgPrice":11.45,"households":778,"buildingCount":8,"rank":2958},"geometry":{"type":"Point","coordinates":[127.17676,37.572107]}},{"type":"Feature","properties":{"id":"A12078706","name":"홍제청구3차","district":"서대문구","neighborhood":"홍제동","avgPrice":8.602727272727272,"households":778,"buildingCount":6,"rank":2959},"geometry":{"type":"Point","coordinates":[126.952648,37.581002]}},{"type":"Feature","properties":{"id":"A12078705","name":"홍제인왕산현대","district":"서대문구","neighborhood":"홍제동","avgPrice":13.100000000000001,"households":777,"buildingCount":2,"rank":2960},"geometry":{"type":"Point","coordinates":[126.949152,37.558763]}},{"type":"Feature","properties":{"id":"A12078704","name":"홍제원 현대","district":"서대문구","neighborhood":"홍제동","avgPrice":6.550000000000001,"households":776,"buildingCount":7,"rank":2961},"geometry":{"type":"Point","coordinates":[126.94962,37.587575]}},{"type":"Feature","properties":{"id":"A13775102","name":"서초삼성쉐르빌2","district":"서초구","neighborhood":"서초동","avgPrice":13.3,"households":773,"buildingCount":1,"rank":2962},"geometry":{"type":"Point","coordinates":[127.015974,37.495976]}},{"type":"Feature","properties":{"id":"A14375303","name":"현대홈타운12차","district":"광진구","neighborhood":"광장동","avgPrice":5.35,"households":773,"buildingCount":2,"rank":2963},"geometry":{"type":"Point","coordinates":[127.103058,37.54495]}},{"type":"Feature","properties":{"id":"A15606007","name":"래미안트윈파크","district":"동작구","neighborhood":"본동","avgPrice":21.45,"households":772,"buildingCount":2,"rank":2964},"geometry":{"type":"Point","coordinates":[126.951263,37.513756]}},{"type":"Feature","properties":{"id":"A14375302","name":"워커힐푸르지오","district":"광진구","neighborhood":"광장동","avgPrice":14.56875,"households":772,"buildingCount":2,"rank":2965},"geometry":{"type":"Point","coordinates":[127.108899,37.549645]}},{"type":"Feature","properties":{"id":"A14375301","name":"광장힐스테이트","district":"광진구","neighborhood":"광장동","avgPrice":22.35,"households":771,"buildingCount":3,"rank":2966},"geometry":{"type":"Point","coordinates":[127.09902,37.542483]}},{"type":"Feature","properties":{"id":"A13309404","name":"금호대우","district":"성동구","neighborhood":"금호동4가","avgPrice":21.75,"households":771,"buildingCount":8,"rank":2967},"geometry":{"type":"Point","coordinates":[127.019628,37.545886]}},{"type":"Feature","properties":{"id":"A15606006","name":"본동한신휴플러스제2","district":"동작구","neighborhood":"본동","avgPrice":14.45,"households":771,"buildingCount":0,"rank":2968},"geometry":{"type":"Point","coordinates":[126.93553,37.524505]}},{"type":"Feature","properties":{"id":"A15606005","name":"한강쌍용","district":"동작구","neighborhood":"본동","avgPrice":18.9,"households":770,"buildingCount":1,"rank":2969},"geometry":{"type":"Point","coordinates":[126.95299,37.51234]}},{"type":"Feature","properties":{"id":"A13309402","name":"금호동롯데아파트","district":"성동구","neighborhood":"금호동4가","avgPrice":15.4,"households":769,"buildingCount":2,"rank":2970},"geometry":{"type":"Point","coordinates":[127.017145,37.54699]}},{"type":"Feature","properties":{"id":"A15606004","name":"본동신동아","district":"동작구","neighborhood":"본동","avgPrice":12.887500000000001,"households":769,"buildingCount":4,"rank":2971},"geometry":{"type":"Point","coordinates":[126.951763,37.510396]}},{"type":"Feature","properties":{"id":"A15606003","name":"본동삼성래미안아파트","district":"동작구","neighborhood":"본동","avgPrice":15.083571428571428,"households":768,"buildingCount":4,"rank":2972},"geometry":{"type":"Point","coordinates":[126.949737,37.510287]}},{"type":"Feature","properties":{"id":"A15701007","name":"강서힐스테이트아파트","district":"강서구","neighborhood":"화곡동","avgPrice":14.770444444444443,"households":768,"buildingCount":11,"rank":2973},"geometry":{"type":"Point","coordinates":[126.83998,37.546969]}},{"type":"Feature","properties":{"id":"A15606002","name":"유원강변","district":"동작구","neighborhood":"본동","avgPrice":15.566666666666668,"households":767,"buildingCount":7,"rank":2974},"geometry":{"type":"Point","coordinates":[126.950658,37.514774]}},{"type":"Feature","properties":{"id":"A15701006","name":"명지해드는터","district":"강서구","neighborhood":"화곡동","avgPrice":6.125,"households":767,"buildingCount":1,"rank":2975},"geometry":{"type":"Point","coordinates":[126.856438,37.536924]}},{"type":"Feature","properties":{"id":"A15606001","name":"경동윈츠리버","district":"동작구","neighborhood":"본동","avgPrice":12.4,"households":766,"buildingCount":2,"rank":2976},"geometry":{"type":"Point","coordinates":[126.95463,37.509873]}},{"type":"Feature","properties":{"id":"A15701005","name":"우장산휴먼빌","district":"강서구","neighborhood":"화곡동","avgPrice":6.4350000000000005,"households":766,"buildingCount":2,"rank":2977},"geometry":{"type":"Point","coordinates":[126.843902,37.548125]}},{"type":"Feature","properties":{"id":"A15701004","name":"우장산한화꿈에그린","district":"강서구","neighborhood":"화곡동","avgPrice":10.5,"households":765,"buildingCount":0,"rank":2978},"geometry":{"type":"Point","coordinates":[126.847451,37.553379]}},{"type":"Feature","properties":{"id":"A15701003","name":"우장산아이파크이편한세상","district":"강서구","neighborhood":"화곡동","avgPrice":11.649999999999999,"households":764,"buildingCount":6,"rank":2979},"geometry":{"type":"Point","coordinates":[126.837567,37.54784]}},{"type":"Feature","properties":{"id":"A10026399","name":"강변아이파크아파트","district":"광진구","neighborhood":"자양동","avgPrice":12.25,"households":763,"buildingCount":1,"rank":2980},"geometry":{"type":"Point","coordinates":[127.069587,37.53125]}},{"type":"Feature","properties":{"id":"A15701002","name":"우장산에스케이뷰","district":"강서구","neighborhood":"화곡동","avgPrice":9.317272727272726,"households":763,"buildingCount":5,"rank":2981},"geometry":{"type":"Point","coordinates":[126.842644,37.547567]}},{"type":"Feature","properties":{"id":"A10022996","name":"천호역 효성해링턴타워","district":"강동구","neighborhood":"성내동","avgPrice":17.35,"households":762,"buildingCount":2,"rank":2982},"geometry":{"type":"Point","coordinates":[127.123183,37.535908]}},{"type":"Feature","properties":{"id":"A10022995","name":"문정동현대2차아파트","district":"송파구","neighborhood":"문정동","avgPrice":9.544444444444444,"households":761,"buildingCount":2,"rank":2983},"geometry":{"type":"Point","coordinates":[127.124886,37.483726]}},{"type":"Feature","properties":{"id":"A15010203","name":"양평벽산","district":"영등포구","neighborhood":"양평동2가","avgPrice":8.532727272727273,"households":759,"buildingCount":0,"rank":2984},"geometry":{"type":"Point","coordinates":[126.907394,37.509885]}},{"type":"Feature","properties":{"id":"A15010202","name":"양평삼성래미안","district":"영등포구","neighborhood":"양평동2가","avgPrice":11.405384615384616,"households":758,"buildingCount":5,"rank":2985},"geometry":{"type":"Point","coordinates":[126.882438,37.524984]}},{"type":"Feature","properties":{"id":"A15010201","name":"양평상록수","district":"영등포구","neighborhood":"양평동2가","avgPrice":6.05,"households":757,"buildingCount":0,"rank":2986},"geometry":{"type":"Point","coordinates":[126.892256,37.52262]}},{"type":"Feature","properties":{"id":"A10025823","name":"래미안개포루체하임","district":"강남구","neighborhood":"일원동","avgPrice":21.1,"households":754,"buildingCount":10,"rank":2987},"geometry":{"type":"Point","coordinates":[127.080102,37.489484]}},{"type":"Feature","properties":{"id":"A10024436","name":"센터스퀘어등촌","district":"강서구","neighborhood":"염창동","avgPrice":10.85,"households":753,"buildingCount":1,"rank":2988},"geometry":{"type":"Point","coordinates":[126.86546,37.551138]}},{"type":"Feature","properties":{"id":"A10025822","name":"연희파크푸르지오 아파트","district":"서대문구","neighborhood":"연희동","avgPrice":10.795,"households":753,"buildingCount":4,"rank":2989},"geometry":{"type":"Point","coordinates":[126.927966,37.575172]}},{"type":"Feature","properties":{"id":"A10024435","name":"삼성동대성유니드","district":"강남구","neighborhood":"삼성동","avgPrice":18.299999999999997,"households":752,"buildingCount":6,"rank":2990},"geometry":{"type":"Point","coordinates":[127.054391,37.508219]}},{"type":"Feature","properties":{"id":"A10023049","name":"코네스트","district":"서초구","neighborhood":"서초동","avgPrice":14.350000000000001,"households":752,"buildingCount":4,"rank":2991},"geometry":{"type":"Point","coordinates":[127.0197,37.49514]}},{"type":"Feature","properties":{"id":"A10024434","name":"상록수아파트","district":"노원구","neighborhood":"상계동","avgPrice":13.45,"households":751,"buildingCount":2,"rank":2992},"geometry":{"type":"Point","coordinates":[127.05146,37.677104]}},{"type":"Feature","properties":{"id":"A13887302","name":"풍납동아한가람","district":"송파구","neighborhood":"풍납동","avgPrice":17.75,"households":749,"buildingCount":0,"rank":2993},"geometry":{"type":"Point","coordinates":[127.105436,37.533265]}},{"type":"Feature","properties":{"id":"A10023046","name":"암사중앙하이츠아파트","district":"강동구","neighborhood":"암사동","avgPrice":12.95,"households":749,"buildingCount":5,"rank":2994},"geometry":{"type":"Point","coordinates":[127.101861,37.520662]}},{"type":"Feature","properties":{"id":"A13887301","name":"풍납신성노바빌","district":"송파구","neighborhood":"풍납동","avgPrice":20,"households":748,"buildingCount":2,"rank":2995},"geometry":{"type":"Point","coordinates":[127.116634,37.538581]}},{"type":"Feature","properties":{"id":"A10023043","name":"래미안원베일리","district":"서초구","neighborhood":"반포동","avgPrice":59.575,"households":746,"buildingCount":3,"rank":2996},"geometry":{"type":"Point","coordinates":[126.999357,37.505653]}},{"type":"Feature","properties":{"id":"A13982301","name":"상계주공11단지","district":"노원구","neighborhood":"상계동","avgPrice":10,"households":744,"buildingCount":1,"rank":2997},"geometry":{"type":"Point","coordinates":[127.05644,37.664952]}},{"type":"Feature","properties":{"id":"A15780002","name":"가양우성","district":"강서구","neighborhood":"가양동","avgPrice":11.294444444444444,"households":740,"buildingCount":5,"rank":2998},"geometry":{"type":"Point","coordinates":[126.854482,37.562234]}},{"type":"Feature","properties":{"id":"A13308005","name":"응봉대림1차","district":"성동구","neighborhood":"응봉동","avgPrice":15.15,"households":737,"buildingCount":5,"rank":2999},"geometry":{"type":"Point","coordinates":[127.03333,37.552233]}},{"type":"Feature","properties":{"id":"A13922003","name":"중계한화꿈에그린더퍼스트","district":"노원구","neighborhood":"중계동","avgPrice":8.464,"households":737,"buildingCount":1,"rank":3000},"geometry":{"type":"Point","coordinates":[127.074755,37.659231]}},{"type":"Feature","properties":{"id":"A13308004","name":"응봉금호현대","district":"성동구","neighborhood":"응봉동","avgPrice":16.6,"households":736,"buildingCount":8,"rank":3001},"geometry":{"type":"Point","coordinates":[127.030999,37.551213]}},{"type":"Feature","properties":{"id":"A13615003","name":"석관두산","district":"성북구","neighborhood":"석관동","avgPrice":8.78,"households":736,"buildingCount":18,"rank":3002},"geometry":{"type":"Point","coordinates":[127.068839,37.612783]}},{"type":"Feature","properties":{"id":"A13922002","name":"중계진로유통조합아파트(중계진로대림아파트)","district":"노원구","neighborhood":"중계동","avgPrice":5.9,"households":736,"buildingCount":2,"rank":3003},"geometry":{"type":"Point","coordinates":[127.081652,37.649171]}},{"type":"Feature","properties":{"id":"A13615002","name":"석관코오롱","district":"성북구","neighborhood":"석관동","avgPrice":7.458571428571429,"households":735,"buildingCount":9,"rank":3004},"geometry":{"type":"Point","coordinates":[127.065388,37.606318]}},{"type":"Feature","properties":{"id":"A13922001","name":"중계청암3단지","district":"노원구","neighborhood":"중계동","avgPrice":7.2,"households":735,"buildingCount":3,"rank":3005},"geometry":{"type":"Point","coordinates":[127.077775,37.659759]}},{"type":"Feature","properties":{"id":"A15601202","name":"신대방한성","district":"동작구","neighborhood":"신대방동","avgPrice":15.649999999999999,"households":734,"buildingCount":5,"rank":3006},"geometry":{"type":"Point","coordinates":[126.915205,37.495298]}},{"type":"Feature","properties":{"id":"A15601201","name":"신대방신동아","district":"동작구","neighborhood":"신대방동","avgPrice":14.649999999999999,"households":733,"buildingCount":1,"rank":3007},"geometry":{"type":"Point","coordinates":[126.923954,37.496609]}},{"type":"Feature","properties":{"id":"A13403005","name":"성내동신일유토빌","district":"강동구","neighborhood":"성내동","avgPrice":6.35,"households":733,"buildingCount":3,"rank":3008},"geometry":{"type":"Point","coordinates":[127.13307,37.523783]}},{"type":"Feature","properties":{"id":"A13403004","name":"LIG건영강동리가","district":"강동구","neighborhood":"성내동","avgPrice":13.75,"households":732,"buildingCount":1,"rank":3009},"geometry":{"type":"Point","coordinates":[127.14783,37.539698]}},{"type":"Feature","properties":{"id":"A10027775","name":"신내의료안심주택","district":"중랑구","neighborhood":"신내동","avgPrice":13.6,"households":732,"buildingCount":0,"rank":3010},"geometry":{"type":"Point","coordinates":[127.097738,37.61401]}},{"type":"Feature","properties":{"id":"A13403002","name":"성내성안청구","district":"강동구","neighborhood":"성내동","avgPrice":12.9,"households":730,"buildingCount":0,"rank":3011},"geometry":{"type":"Point","coordinates":[127.129426,37.50904]}},{"type":"Feature","properties":{"id":"A12017001","name":"신촌럭키","district":"서대문구","neighborhood":"대현동","avgPrice":13.182142857142859,"households":729,"buildingCount":6,"rank":3012},"geometry":{"type":"Point","coordinates":[126.911781,37.594153]}},{"type":"Feature","properties":{"id":"A13403001","name":"성내2차e-편한세상","district":"강동구","neighborhood":"성내동","avgPrice":11.05,"households":729,"buildingCount":1,"rank":3013},"geometry":{"type":"Point","coordinates":[127.126916,37.534184]}},{"type":"Feature","properties":{"id":"A12112002","name":"마포강변힐스테이트","district":"마포구","neighborhood":"현석동","avgPrice":18.175,"households":726,"buildingCount":7,"rank":3014},"geometry":{"type":"Point","coordinates":[126.932843,37.54341]}},{"type":"Feature","properties":{"id":"A10022981","name":"디엠씨센트럴자이주상복합","district":"은평구","neighborhood":"증산동","avgPrice":9.7,"households":726,"buildingCount":0,"rank":3015},"geometry":{"type":"Point","coordinates":[126.90503,37.62466]}},{"type":"Feature","properties":{"id":"A12112001","name":"밤섬현대","district":"마포구","neighborhood":"현석동","avgPrice":6.9,"households":725,"buildingCount":2,"rank":3016},"geometry":{"type":"Point","coordinates":[126.932588,37.542534]}},{"type":"Feature","properties":{"id":"A10024428","name":"북가좌 신일해피트리아파트","district":"서대문구","neighborhood":"북가좌동","avgPrice":7.6571428571428575,"households":724,"buildingCount":2,"rank":3017},"geometry":{"type":"Point","coordinates":[126.904499,37.574933]}},{"type":"Feature","properties":{"id":"A10024426","name":"마곡엠밸리9단지","district":"강서구","neighborhood":"마곡동","avgPrice":14.455555555555556,"households":722,"buildingCount":11,"rank":3018},"geometry":{"type":"Point","coordinates":[126.81877,37.561936]}},{"type":"Feature","properties":{"id":"A10024425","name":"이랜드PEER 신촌 청년주택","district":"마포구","neighborhood":"창전동","avgPrice":8.85,"households":721,"buildingCount":0,"rank":3019},"geometry":{"type":"Point","coordinates":[126.89552,37.54857]}},{"type":"Feature","properties":{"id":"A10024422","name":"강동리버스트6단지","district":"강동구","neighborhood":"강일동","avgPrice":5.3,"households":718,"buildingCount":4,"rank":3020},"geometry":{"type":"Point","coordinates":[127.171547,37.570986]}},{"type":"Feature","properties":{"id":"A10024421","name":"강동 리버스트 7단지 아파트","district":"강동구","neighborhood":"강일동","avgPrice":15.850000000000001,"households":717,"buildingCount":1,"rank":3021},"geometry":{"type":"Point","coordinates":[127.173639,37.570327]}},{"type":"Feature","properties":{"id":"A10024420","name":"강동리엔파크11단지","district":"강동구","neighborhood":"상일동","avgPrice":12.149999999999999,"households":716,"buildingCount":3,"rank":3022},"geometry":{"type":"Point","coordinates":[127.180741,37.553542]}},{"type":"Feature","properties":{"id":"A15278201","name":"동보","district":"구로구","neighborhood":"오류동","avgPrice":9.8,"households":713,"buildingCount":7,"rank":3023},"geometry":{"type":"Point","coordinates":[126.830822,37.489682]}},{"type":"Feature","properties":{"id":"A13290107","name":"창동주공19단지","district":"도봉구","neighborhood":"창동","avgPrice":12.799999999999999,"households":710,"buildingCount":5,"rank":3024},"geometry":{"type":"Point","coordinates":[127.050907,37.649127]}},{"type":"Feature","properties":{"id":"A12284501","name":"삼성타운아파트","district":"은평구","neighborhood":"대조동","avgPrice":6.217499999999999,"households":710,"buildingCount":3,"rank":3025},"geometry":{"type":"Point","coordinates":[126.921264,37.609061]}},{"type":"Feature","properties":{"id":"A13290105","name":"창동주공18단지","district":"도봉구","neighborhood":"창동","avgPrice":5.324117647058824,"households":708,"buildingCount":8,"rank":3026},"geometry":{"type":"Point","coordinates":[127.053218,37.646983]}},{"type":"Feature","properties":{"id":"A10022979","name":"청계한양아이클래스","district":"동대문구","neighborhood":"용두동","avgPrice":1.305,"households":703,"buildingCount":1,"rank":3027},"geometry":{"type":"Point","coordinates":[127.02851,37.570728]}},{"type":"Feature","properties":{"id":"A13610202","name":"정릉푸르지오","district":"성북구","neighborhood":"정릉동","avgPrice":7.88,"households":702,"buildingCount":2,"rank":3028},"geometry":{"type":"Point","coordinates":[127.009894,37.606583]}},{"type":"Feature","properties":{"id":"A13610201","name":"정릉2차대주피오레","district":"성북구","neighborhood":"정릉동","avgPrice":6.05,"households":701,"buildingCount":4,"rank":3029},"geometry":{"type":"Point","coordinates":[127.009224,37.60187]}},{"type":"Feature","properties":{"id":"A10027764","name":"천왕이펜하우스7단지","district":"구로구","neighborhood":"천왕동","avgPrice":15.7,"households":700,"buildingCount":7,"rank":3030},"geometry":{"type":"Point","coordinates":[126.839599,37.479324]}},{"type":"Feature","properties":{"id":"A12204102","name":"북한산현대홈타운","district":"은평구","neighborhood":"불광동","avgPrice":9.7,"households":699,"buildingCount":4,"rank":3031},"geometry":{"type":"Point","coordinates":[126.93376,37.611744]}},{"type":"Feature","properties":{"id":"A10026376","name":"은평뉴타운 한화꿈에그린","district":"은평구","neighborhood":"진관동","avgPrice":13.75,"households":698,"buildingCount":0,"rank":3032},"geometry":{"type":"Point","coordinates":[126.914878,37.633056]}},{"type":"Feature","properties":{"id":"A10022974","name":"준타워","district":"영등포구","neighborhood":"신길동","avgPrice":10.600000000000001,"households":698,"buildingCount":2,"rank":3033},"geometry":{"type":"Point","coordinates":[126.916147,37.507247]}},{"type":"Feature","properties":{"id":"A12012203","name":"남가좌동현대아파트","district":"서대문구","neighborhood":"남가좌동","avgPrice":9.290645161290323,"households":698,"buildingCount":6,"rank":3034},"geometry":{"type":"Point","coordinates":[126.920654,37.574358]}},{"type":"Feature","properties":{"id":"A12012202","name":"DMC래미안클라시스(분양)","district":"서대문구","neighborhood":"남가좌동","avgPrice":9.2,"households":697,"buildingCount":3,"rank":3035},"geometry":{"type":"Point","coordinates":[126.920448,37.575413]}},{"type":"Feature","properties":{"id":"A12012201","name":"DMC래미안클라시스","district":"서대문구","neighborhood":"남가좌동","avgPrice":10.426400000000001,"households":696,"buildingCount":13,"rank":3036},"geometry":{"type":"Point","coordinates":[126.916726,37.578179]}},{"type":"Feature","properties":{"id":"A10021586","name":"정은스카이빌 아파트","district":"동대문구","neighborhood":"장안동","avgPrice":9.4,"households":696,"buildingCount":11,"rank":3037},"geometry":{"type":"Point","coordinates":[127.070332,37.567504]}},{"type":"Feature","properties":{"id":"A10020199","name":"파크프라자아파트(성내동)","district":"강동구","neighborhood":"성내동","avgPrice":8.233333333333333,"households":695,"buildingCount":1,"rank":3038},"geometry":{"type":"Point","coordinates":[127.134786,37.526926]}},{"type":"Feature","properties":{"id":"A10026370","name":"e편한세상신촌아파트","district":"서대문구","neighborhood":"북아현동","avgPrice":6.7,"households":692,"buildingCount":5,"rank":3039},"geometry":{"type":"Point","coordinates":[126.953824,37.558312]}},{"type":"Feature","properties":{"id":"A10020195","name":"도봉아테라","district":"도봉구","neighborhood":"도봉동","avgPrice":15.35,"households":691,"buildingCount":0,"rank":3040},"geometry":{"type":"Point","coordinates":[127.059048,37.657145]}},{"type":"Feature","properties":{"id":"A10023027","name":"비콘드림힐아파트","district":"노원구","neighborhood":"중계동","avgPrice":12.45,"households":688,"buildingCount":3,"rank":3041},"geometry":{"type":"Point","coordinates":[127.076088,37.658156]}},{"type":"Feature","properties":{"id":"A10020191","name":"백악관타워","district":"광진구","neighborhood":"중곡동","avgPrice":13.450000000000001,"households":687,"buildingCount":2,"rank":3042},"geometry":{"type":"Point","coordinates":[127.084432,37.556262]}},{"type":"Feature","properties":{"id":"A10024412","name":"강동리엔파크 14단지 아파트","district":"강동구","neighborhood":"상일동","avgPrice":12.45,"households":687,"buildingCount":7,"rank":3043},"geometry":{"type":"Point","coordinates":[127.181533,37.550742]}},{"type":"Feature","properties":{"id":"A14381516","name":"광장현대파크빌","district":"광진구","neighborhood":"광장동","avgPrice":20.205555555555556,"households":686,"buildingCount":10,"rank":3044},"geometry":{"type":"Point","coordinates":[127.101607,37.544117]}},{"type":"Feature","properties":{"id":"A10024410","name":"강동리엔파크9단지아파트","district":"강동구","neighborhood":"강일동","avgPrice":14,"households":685,"buildingCount":0,"rank":3045},"geometry":{"type":"Point","coordinates":[127.095206,37.534915]}},{"type":"Feature","properties":{"id":"A10023024","name":"노원롯데캐슬시그니처1단지","district":"노원구","neighborhood":"상계동","avgPrice":9.649655172413793,"households":685,"buildingCount":0,"rank":3046},"geometry":{"type":"Point","coordinates":[127.067724,37.661768]}},{"type":"Feature","properties":{"id":"A15805504","name":"목동5단지","district":"양천구","neighborhood":"목동","avgPrice":7,"households":685,"buildingCount":2,"rank":3047},"geometry":{"type":"Point","coordinates":[126.881883,37.535399]}},{"type":"Feature","properties":{"id":"A13594203","name":"푸른마을아파트","district":"강남구","neighborhood":"일원동","avgPrice":22.537499999999998,"households":684,"buildingCount":11,"rank":3048},"geometry":{"type":"Point","coordinates":[127.080707,37.483106]}},{"type":"Feature","properties":{"id":"A15805503","name":"목동4단지","district":"양천구","neighborhood":"목동","avgPrice":9.45,"households":684,"buildingCount":3,"rank":3049},"geometry":{"type":"Point","coordinates":[126.874545,37.532539]}},{"type":"Feature","properties":{"id":"A15178401","name":"신림2차현대","district":"관악구","neighborhood":"신림동","avgPrice":7.683333333333334,"households":684,"buildingCount":1,"rank":3050},"geometry":{"type":"Point","coordinates":[126.908966,37.484471]}},{"type":"Feature","properties":{"id":"A15805502","name":"목동트윈빌","district":"양천구","neighborhood":"목동","avgPrice":17.57857142857143,"households":683,"buildingCount":4,"rank":3051},"geometry":{"type":"Point","coordinates":[126.876913,37.532123]}},{"type":"Feature","properties":{"id":"A14381513","name":"광장청구","district":"광진구","neighborhood":"광장동","avgPrice":17.523,"households":683,"buildingCount":3,"rank":3052},"geometry":{"type":"Point","coordinates":[127.096256,37.542354]}},{"type":"Feature","properties":{"id":"A13881103","name":"삼환가락","district":"송파구","neighborhood":"가락동","avgPrice":21.25,"households":682,"buildingCount":9,"rank":3053},"geometry":{"type":"Point","coordinates":[127.136705,37.495236]}},{"type":"Feature","properties":{"id":"A14381512","name":"광장현대5단지","district":"광진구","neighborhood":"광장동","avgPrice":18.61,"households":682,"buildingCount":5,"rank":3054},"geometry":{"type":"Point","coordinates":[127.100188,37.539738]}},{"type":"Feature","properties":{"id":"A15805501","name":"목동부영그린타운2차","district":"양천구","neighborhood":"목동","avgPrice":13.25,"households":682,"buildingCount":1,"rank":3055},"geometry":{"type":"Point","coordinates":[126.881134,37.536244]}},{"type":"Feature","properties":{"id":"A10023020","name":"삼성동 마에스트로","district":"강남구","neighborhood":"삼성동","avgPrice":14.15,"households":681,"buildingCount":0,"rank":3056},"geometry":{"type":"Point","coordinates":[127.059765,37.508615]}},{"type":"Feature","properties":{"id":"A15081503","name":"대림우성","district":"영등포구","neighborhood":"대림동","avgPrice":12.149999999999999,"households":680,"buildingCount":2,"rank":3057},"geometry":{"type":"Point","coordinates":[126.90032,37.495767]}},{"type":"Feature","properties":{"id":"A14381510","name":"광장현대8단지","district":"광진구","neighborhood":"광장동","avgPrice":6.25,"households":680,"buildingCount":4,"rank":3058},"geometry":{"type":"Point","coordinates":[127.099902,37.541567]}},{"type":"Feature","properties":{"id":"A13607302","name":"안암대광","district":"성북구","neighborhood":"안암동3가","avgPrice":2.05,"households":679,"buildingCount":6,"rank":3059},"geometry":{"type":"Point","coordinates":[127.024767,37.582026]}},{"type":"Feature","properties":{"id":"A13607301","name":"안암삼익","district":"성북구","neighborhood":"안암동3가","avgPrice":9.078571428571427,"households":678,"buildingCount":0,"rank":3060},"geometry":{"type":"Point","coordinates":[127.036536,37.5831]}},{"type":"Feature","properties":{"id":"A13203408","name":"쌍문금호1차아파트","district":"도봉구","neighborhood":"쌍문동","avgPrice":3.93,"households":678,"buildingCount":2,"rank":3061},"geometry":{"type":"Point","coordinates":[127.033488,37.658054]}},{"type":"Feature","properties":{"id":"A12009305","name":"문화촌현대","district":"서대문구","neighborhood":"홍제동","avgPrice":7.412000000000001,"households":677,"buildingCount":0,"rank":3062},"geometry":{"type":"Point","coordinates":[126.946832,37.592628]}},{"type":"Feature","properties":{"id":"A12009304","name":"홍제유원하나","district":"서대문구","neighborhood":"홍제동","avgPrice":10.5,"households":676,"buildingCount":3,"rank":3063},"geometry":{"type":"Point","coordinates":[126.952204,37.594879]}},{"type":"Feature","properties":{"id":"A12009303","name":"홍제현대그린","district":"서대문구","neighborhood":"홍제동","avgPrice":7.15,"households":675,"buildingCount":2,"rank":3064},"geometry":{"type":"Point","coordinates":[126.949538,37.5891]}},{"type":"Feature","properties":{"id":"A12009302","name":"인왕산벽산아파트","district":"서대문구","neighborhood":"홍제동","avgPrice":7.902857142857143,"households":674,"buildingCount":3,"rank":3065},"geometry":{"type":"Point","coordinates":[126.949133,37.592173]}},{"type":"Feature","properties":{"id":"A14019001","name":"후암미주","district":"용산구","neighborhood":"후암동","avgPrice":9.95,"households":673,"buildingCount":0,"rank":3066},"geometry":{"type":"Point","coordinates":[126.975773,37.551824]}},{"type":"Feature","properties":{"id":"A13203403","name":"쌍문금호2차","district":"도봉구","neighborhood":"쌍문동","avgPrice":5.32,"households":673,"buildingCount":4,"rank":3067},"geometry":{"type":"Point","coordinates":[127.03347,37.659179]}},{"type":"Feature","properties":{"id":"A12071104","name":"연희자이엘라","district":"서대문구","neighborhood":"연희동","avgPrice":1.585,"households":673,"buildingCount":3,"rank":3068},"geometry":{"type":"Point","coordinates":[126.928032,37.563928]}},{"type":"Feature","properties":{"id":"A12071103","name":"연희대림아파트","district":"서대문구","neighborhood":"연희동","avgPrice":7.983333333333333,"households":672,"buildingCount":1,"rank":3069},"geometry":{"type":"Point","coordinates":[126.935878,37.575644]}},{"type":"Feature","properties":{"id":"A12071102","name":"연희임광아파트","district":"서대문구","neighborhood":"연희동","avgPrice":8.689,"households":671,"buildingCount":3,"rank":3070},"geometry":{"type":"Point","coordinates":[126.927158,37.564992]}},{"type":"Feature","properties":{"id":"A13203401","name":"쌍문이안아파트","district":"도봉구","neighborhood":"쌍문동","avgPrice":6.15,"households":671,"buildingCount":3,"rank":3071},"geometry":{"type":"Point","coordinates":[127.029159,37.651532]}},{"type":"Feature","properties":{"id":"A10022967","name":"쌍문금강아미움파크타운","district":"도봉구","neighborhood":"쌍문동","avgPrice":9.75,"households":670,"buildingCount":1,"rank":3072},"geometry":{"type":"Point","coordinates":[127.038092,37.661402]}},{"type":"Feature","properties":{"id":"A12071101","name":"연희성원","district":"서대문구","neighborhood":"연희동","avgPrice":8.388571428571428,"households":670,"buildingCount":3,"rank":3073},"geometry":{"type":"Point","coordinates":[126.938817,37.575899]}},{"type":"Feature","properties":{"id":"A10027755","name":"래미안프레비뉴","district":"영등포구","neighborhood":"신길동","avgPrice":7.75,"households":670,"buildingCount":10,"rank":3074},"geometry":{"type":"Point","coordinates":[126.907769,37.504853]}},{"type":"Feature","properties":{"id":"A10022963","name":"맹그로브신촌","district":"마포구","neighborhood":"노고산동","avgPrice":8.25,"households":666,"buildingCount":2,"rank":3075},"geometry":{"type":"Point","coordinates":[126.934311,37.554038]}},{"type":"Feature","properties":{"id":"A13375909","name":"극동옥정","district":"성동구","neighborhood":"옥수동","avgPrice":10.1,"households":664,"buildingCount":3,"rank":3076},"geometry":{"type":"Point","coordinates":[127.013511,37.540488]}},{"type":"Feature","properties":{"id":"A10026362","name":"송파호반베르디움더퍼스트","district":"송파구","neighborhood":"오금동","avgPrice":16.7,"households":663,"buildingCount":3,"rank":3077},"geometry":{"type":"Point","coordinates":[127.139822,37.505589]}},{"type":"Feature","properties":{"id":"A10088102","name":"남산롯데캐슬아이리스","district":"중구","neighborhood":"회현동1가","avgPrice":14.285714285714286,"households":663,"buildingCount":2,"rank":3078},"geometry":{"type":"Point","coordinates":[126.982017,37.558323]}},{"type":"Feature","properties":{"id":"A10021574","name":"마곡나루경남아파트","district":"강서구","neighborhood":"마곡동","avgPrice":8.87,"households":663,"buildingCount":3,"rank":3079},"geometry":{"type":"Point","coordinates":[126.822034,37.568556]}},{"type":"Feature","properties":{"id":"A13375908","name":"래미안옥수리버젠제2임대","district":"성동구","neighborhood":"옥수동","avgPrice":6,"households":663,"buildingCount":1,"rank":3080},"geometry":{"type":"Point","coordinates":[127.018028,37.54725]}},{"type":"Feature","properties":{"id":"A10024408","name":"공덕SK리더스뷰 1단지","district":"마포구","neighborhood":"공덕동","avgPrice":23.133333333333336,"households":662,"buildingCount":5,"rank":3081},"geometry":{"type":"Point","coordinates":[126.949019,37.545856]}},{"type":"Feature","properties":{"id":"A13375907","name":"래미안옥수리버젠","district":"성동구","neighborhood":"옥수동","avgPrice":18.799999999999997,"households":662,"buildingCount":7,"rank":3082},"geometry":{"type":"Point","coordinates":[127.012568,37.545019]}},{"type":"Feature","properties":{"id":"A10088101","name":"남산SK리더스뷰","district":"중구","neighborhood":"회현동1가","avgPrice":8.35,"households":662,"buildingCount":1,"rank":3083},"geometry":{"type":"Point","coordinates":[126.980675,37.559104]}},{"type":"Feature","properties":{"id":"A13375906","name":"어울림더리버아파트","district":"성동구","neighborhood":"옥수동","avgPrice":17.2,"households":661,"buildingCount":5,"rank":3084},"geometry":{"type":"Point","coordinates":[127.018123,37.542274]}},{"type":"Feature","properties":{"id":"A13375905","name":"옥수삼성임대","district":"성동구","neighborhood":"옥수동","avgPrice":24.35,"households":660,"buildingCount":9,"rank":3085},"geometry":{"type":"Point","coordinates":[127.014395,37.544747]}},{"type":"Feature","properties":{"id":"A13375904","name":"옥수하이츠제2","district":"성동구","neighborhood":"옥수동","avgPrice":32.425,"households":659,"buildingCount":5,"rank":3086},"geometry":{"type":"Point","coordinates":[127.01418,37.546902]}},{"type":"Feature","properties":{"id":"A13375903","name":"옥수강변풍림아이원","district":"성동구","neighborhood":"옥수동","avgPrice":24.9,"households":658,"buildingCount":6,"rank":3087},"geometry":{"type":"Point","coordinates":[127.019363,37.542368]}},{"type":"Feature","properties":{"id":"A13375902","name":"옥수삼성","district":"성동구","neighborhood":"옥수동","avgPrice":21.633333333333333,"households":657,"buildingCount":9,"rank":3088},"geometry":{"type":"Point","coordinates":[127.013938,37.542195]}},{"type":"Feature","properties":{"id":"A14381508","name":"광장현대9차","district":"광진구","neighborhood":"광장동","avgPrice":12.25,"households":657,"buildingCount":5,"rank":3089},"geometry":{"type":"Point","coordinates":[127.097763,37.542434]}},{"type":"Feature","properties":{"id":"A13187406","name":"신내새한아파트","district":"중랑구","neighborhood":"신내동","avgPrice":5.793333333333333,"households":657,"buildingCount":4,"rank":3090},"geometry":{"type":"Point","coordinates":[127.101395,37.605238]}},{"type":"Feature","properties":{"id":"A13375901","name":"한남하이츠","district":"성동구","neighborhood":"옥수동","avgPrice":35.300000000000004,"households":656,"buildingCount":6,"rank":3091},"geometry":{"type":"Point","coordinates":[127.014396,37.539707]}},{"type":"Feature","properties":{"id":"A13686302","name":"래미안 크리시엘 아파트 관리사무소","district":"성북구","neighborhood":"종암동","avgPrice":9.15,"households":656,"buildingCount":2,"rank":3092},"geometry":{"type":"Point","coordinates":[127.02726,37.579423]}},{"type":"Feature","properties":{"id":"A10023016","name":"북아현경남아파트(101동)","district":"서대문구","neighborhood":"북아현동","avgPrice":8.15,"households":656,"buildingCount":1,"rank":3093},"geometry":{"type":"Point","coordinates":[126.95503,37.561157]}},{"type":"Feature","properties":{"id":"A14381506","name":"광장삼성1,2차","district":"광진구","neighborhood":"광장동","avgPrice":12.45,"households":655,"buildingCount":0,"rank":3094},"geometry":{"type":"Point","coordinates":[127.082126,37.54956]}},{"type":"Feature","properties":{"id":"A13973202","name":"비콘드림힐","district":"노원구","neighborhood":"상계동","avgPrice":9.1,"households":654,"buildingCount":0,"rank":3095},"geometry":{"type":"Point","coordinates":[127.057674,37.676655]}},{"type":"Feature","properties":{"id":"A14381504","name":"광장동금호베스트빌","district":"광진구","neighborhood":"광장동","avgPrice":17.3,"households":653,"buildingCount":3,"rank":3096},"geometry":{"type":"Point","coordinates":[127.094287,37.543561]}},{"type":"Feature","properties":{"id":"A13973201","name":"노원우성","district":"노원구","neighborhood":"상계동","avgPrice":6.484999999999999,"households":653,"buildingCount":1,"rank":3097},"geometry":{"type":"Point","coordinates":[127.065379,37.657824]}},{"type":"Feature","properties":{"id":"A15791001","name":"화곡유림노르웨이숲","district":"강서구","neighborhood":"화곡동","avgPrice":7.95,"households":651,"buildingCount":0,"rank":3098},"geometry":{"type":"Point","coordinates":[126.861564,37.535375]}},{"type":"Feature","properties":{"id":"A14074501","name":"한강로우림필유","district":"용산구","neighborhood":"한강로3가","avgPrice":17.15,"households":649,"buildingCount":4,"rank":3099},"geometry":{"type":"Point","coordinates":[126.959797,37.525455]}},{"type":"Feature","properties":{"id":"A10027748","name":"공덕파크자이 아파트","district":"마포구","neighborhood":"공덕동","avgPrice":25.05,"households":642,"buildingCount":2,"rank":3100},"geometry":{"type":"Point","coordinates":[126.947887,37.544832]}},{"type":"Feature","properties":{"id":"A10027744","name":"위례아이파크아파트","district":"송파구","neighborhood":"장지동","avgPrice":22.75,"households":638,"buildingCount":6,"rank":3101},"geometry":{"type":"Point","coordinates":[127.142163,37.476459]}},{"type":"Feature","properties":{"id":"A12123001","name":"망원휴먼빌아파트","district":"마포구","neighborhood":"망원동","avgPrice":9.668000000000001,"households":637,"buildingCount":3,"rank":3102},"geometry":{"type":"Point","coordinates":[126.89887,37.558761]}},{"type":"Feature","properties":{"id":"A13202002","name":"대상타운현대","district":"도봉구","neighborhood":"방학동","avgPrice":8.144545454545455,"households":637,"buildingCount":1,"rank":3103},"geometry":{"type":"Point","coordinates":[127.045602,37.665402]}},{"type":"Feature","properties":{"id":"A10021563","name":"청담린든그로브아파트","district":"강남구","neighborhood":"청담동","avgPrice":39.15,"households":631,"buildingCount":3,"rank":3104},"geometry":{"type":"Point","coordinates":[127.052764,37.498349]}},{"type":"Feature","properties":{"id":"A10026350","name":"삼성동센트럴아이파크","district":"강남구","neighborhood":"삼성동","avgPrice":65.98571428571428,"households":630,"buildingCount":6,"rank":3105},"geometry":{"type":"Point","coordinates":[127.051318,37.515115]}},{"type":"Feature","properties":{"id":"A10020176","name":"마천 삼익아파트","district":"송파구","neighborhood":"마천동","avgPrice":13.95,"households":630,"buildingCount":2,"rank":3106},"geometry":{"type":"Point","coordinates":[127.153439,37.49875]}},{"type":"Feature","properties":{"id":"A10021562","name":"강서한강월드메르디앙아파트","district":"강서구","neighborhood":"가양동","avgPrice":10.0825,"households":630,"buildingCount":0,"rank":3107},"geometry":{"type":"Point","coordinates":[126.835464,37.56188]}},{"type":"Feature","properties":{"id":"A15285804","name":"구로중앙하이츠아파트","district":"구로구","neighborhood":"구로동","avgPrice":6.3914285714285715,"households":630,"buildingCount":8,"rank":3108},"geometry":{"type":"Point","coordinates":[126.880863,37.498744]}},{"type":"Feature","properties":{"id":"A15609306","name":"사당동작삼성래미안아파트","district":"동작구","neighborhood":"사당동","avgPrice":14.629999999999999,"households":627,"buildingCount":1,"rank":3109},"geometry":{"type":"Point","coordinates":[126.965699,37.504234]}},{"type":"Feature","properties":{"id":"A15609305","name":"사당롯데캐슬샤인","district":"동작구","neighborhood":"사당동","avgPrice":5.95,"households":626,"buildingCount":10,"rank":3110},"geometry":{"type":"Point","coordinates":[126.97226,37.49058]}},{"type":"Feature","properties":{"id":"A15609303","name":"사당경남아너스빌","district":"동작구","neighborhood":"사당동","avgPrice":12.25,"households":624,"buildingCount":2,"rank":3111},"geometry":{"type":"Point","coordinates":[126.967532,37.488365]}},{"type":"Feature","properties":{"id":"A15883101","name":"신월성원","district":"양천구","neighborhood":"신월동","avgPrice":10.15,"households":624,"buildingCount":1,"rank":3112},"geometry":{"type":"Point","coordinates":[126.833828,37.52812]}},{"type":"Feature","properties":{"id":"A11007001","name":"경희궁의아침3단지","district":"종로구","neighborhood":"내수동","avgPrice":5.05,"households":623,"buildingCount":3,"rank":3113},"geometry":{"type":"Point","coordinates":[126.972661,37.573856]}},{"type":"Feature","properties":{"id":"A15609301","name":"사당롯데캐슬","district":"동작구","neighborhood":"사당동","avgPrice":13.96,"households":622,"buildingCount":0,"rank":3114},"geometry":{"type":"Point","coordinates":[126.962084,37.491926]}},{"type":"Feature","properties":{"id":"A14281701","name":"현대성우","district":"강북구","neighborhood":"미아동","avgPrice":6.45,"households":621,"buildingCount":6,"rank":3115},"geometry":{"type":"Point","coordinates":[127.021673,37.616972]}},{"type":"Feature","properties":{"id":"A15205405","name":"구로두산","district":"구로구","neighborhood":"구로동","avgPrice":5.6786206896551725,"households":619,"buildingCount":7,"rank":3116},"geometry":{"type":"Point","coordinates":[126.889089,37.489119]}},{"type":"Feature","properties":{"id":"A13985605","name":"중계중앙하이츠","district":"노원구","neighborhood":"중계동","avgPrice":8.149999999999999,"households":604,"buildingCount":3,"rank":3117},"geometry":{"type":"Point","coordinates":[127.076615,37.659565]}},{"type":"Feature","properties":{"id":"A10022941","name":"마포푸르지오더센트럴","district":"마포구","neighborhood":"아현동","avgPrice":7.518571428571429,"households":602,"buildingCount":6,"rank":3118},"geometry":{"type":"Point","coordinates":[126.949639,37.55471]}},{"type":"Feature","properties":{"id":"A10020169","name":"지안타워","district":"관악구","neighborhood":"봉천동","avgPrice":5.75,"households":602,"buildingCount":1,"rank":3119},"geometry":{"type":"Point","coordinates":[126.938392,37.48843]}},{"type":"Feature","properties":{"id":"A10026342","name":"라인아파트","district":"서초구","neighborhood":"반포동","avgPrice":14,"households":601,"buildingCount":3,"rank":3120},"geometry":{"type":"Point","coordinates":[127.000653,37.498799]}},{"type":"Feature","properties":{"id":"A13486705","name":"천호중앙하이츠","district":"강동구","neighborhood":"천호동","avgPrice":7.7375,"households":601,"buildingCount":1,"rank":3121},"geometry":{"type":"Point","coordinates":[127.129972,37.547363]}},{"type":"Feature","properties":{"id":"A10026340","name":"서초롯데캐슬84아파트","district":"서초구","neighborhood":"서초동","avgPrice":23.6,"households":599,"buildingCount":2,"rank":3122},"geometry":{"type":"Point","coordinates":[127.018288,37.49251]}},{"type":"Feature","properties":{"id":"A13486703","name":"천호유원","district":"강동구","neighborhood":"천호동","avgPrice":8,"households":599,"buildingCount":1,"rank":3123},"geometry":{"type":"Point","coordinates":[127.127964,37.54885]}},{"type":"Feature","properties":{"id":"A13486701","name":"천호삼익","district":"강동구","neighborhood":"천호동","avgPrice":12.649999999999999,"households":597,"buildingCount":0,"rank":3124},"geometry":{"type":"Point","coordinates":[127.124441,37.538975]}},{"type":"Feature","properties":{"id":"A13905208","name":"월계6-2초안","district":"노원구","neighborhood":"월계동","avgPrice":13.399999999999999,"households":595,"buildingCount":3,"rank":3125},"geometry":{"type":"Point","coordinates":[127.042611,37.631465]}},{"type":"Feature","properties":{"id":"A13082805","name":"이문e-편한세상","district":"동대문구","neighborhood":"이문동","avgPrice":16.65,"households":594,"buildingCount":9,"rank":3126},"geometry":{"type":"Point","coordinates":[127.064161,37.604387]}},{"type":"Feature","properties":{"id":"A12179006","name":"신공덕e-편한세상","district":"마포구","neighborhood":"신공덕동","avgPrice":8.75,"households":593,"buildingCount":3,"rank":3127},"geometry":{"type":"Point","coordinates":[126.95679,37.541992]}},{"type":"Feature","properties":{"id":"A12179005","name":"공덕아이파크","district":"마포구","neighborhood":"신공덕동","avgPrice":15.966666666666667,"households":592,"buildingCount":7,"rank":3128},"geometry":{"type":"Point","coordinates":[126.955696,37.544989]}},{"type":"Feature","properties":{"id":"A12179004","name":"마포펜트라우스","district":"마포구","neighborhood":"신공덕동","avgPrice":19.866666666666664,"households":591,"buildingCount":5,"rank":3129},"geometry":{"type":"Point","coordinates":[126.954128,37.543522]}},{"type":"Feature","properties":{"id":"A13905204","name":"월계6-1초안","district":"노원구","neighborhood":"월계동","avgPrice":6.85,"households":591,"buildingCount":5,"rank":3130},"geometry":{"type":"Point","coordinates":[127.044457,37.633009]}},{"type":"Feature","properties":{"id":"A12179003","name":"신공덕2삼성래미안제2","district":"마포구","neighborhood":"신공덕동","avgPrice":10.7,"households":590,"buildingCount":4,"rank":3131},"geometry":{"type":"Point","coordinates":[126.902856,37.580724]}},{"type":"Feature","properties":{"id":"A12179002","name":"신공덕삼성임대","district":"마포구","neighborhood":"신공덕동","avgPrice":9.4,"households":589,"buildingCount":1,"rank":3132},"geometry":{"type":"Point","coordinates":[126.918003,37.56666]}},{"type":"Feature","properties":{"id":"A13905202","name":"월계흥화브라운빌","district":"노원구","neighborhood":"월계동","avgPrice":6.108333333333333,"households":589,"buildingCount":7,"rank":3133},"geometry":{"type":"Point","coordinates":[127.044018,37.631252]}},{"type":"Feature","properties":{"id":"A12179001","name":"브라운스톤공덕","district":"마포구","neighborhood":"신공덕동","avgPrice":19.5,"households":588,"buildingCount":3,"rank":3134},"geometry":{"type":"Point","coordinates":[126.95579,37.541567]}},{"type":"Feature","properties":{"id":"A15105603","name":"관악우성아파트","district":"관악구","neighborhood":"봉천동","avgPrice":9.25,"households":588,"buildingCount":5,"rank":3135},"geometry":{"type":"Point","coordinates":[126.959629,37.485462]}},{"type":"Feature","properties":{"id":"A12294102","name":"DMC우방","district":"은평구","neighborhood":"증산동","avgPrice":9.094,"households":588,"buildingCount":3,"rank":3136},"geometry":{"type":"Point","coordinates":[126.903658,37.581696]}},{"type":"Feature","properties":{"id":"A15105602","name":"봉천우성제2","district":"관악구","neighborhood":"봉천동","avgPrice":10.026666666666667,"households":587,"buildingCount":0,"rank":3137},"geometry":{"type":"Point","coordinates":[126.95479,37.47282]}},{"type":"Feature","properties":{"id":"A13373101","name":"행당한신임대","district":"성동구","neighborhood":"행당동","avgPrice":23.05,"households":586,"buildingCount":1,"rank":3138},"geometry":{"type":"Point","coordinates":[127.038228,37.556013]}},{"type":"Feature","properties":{"id":"A13181203","name":"용마금호타운","district":"중랑구","neighborhood":"면목동","avgPrice":6.614545454545455,"households":586,"buildingCount":6,"rank":3139},"geometry":{"type":"Point","coordinates":[127.094299,37.582854]}},{"type":"Feature","properties":{"id":"A13181201","name":"면목신성미소지움","district":"중랑구","neighborhood":"면목동","avgPrice":5.890769230769231,"households":584,"buildingCount":1,"rank":3140},"geometry":{"type":"Point","coordinates":[127.096509,37.586745]}},{"type":"Feature","properties":{"id":"A10024894","name":"이편한세상서울대입구2차(5단지)","district":"관악구","neighborhood":"봉천동","avgPrice":11.649999999999999,"households":581,"buildingCount":0,"rank":3141},"geometry":{"type":"Point","coordinates":[126.950034,37.47678]}},{"type":"Feature","properties":{"id":"A10024892","name":"금강아미움아파트","district":"동대문구","neighborhood":"장안동","avgPrice":15.4,"households":579,"buildingCount":1,"rank":3142},"geometry":{"type":"Point","coordinates":[127.06766,37.571774]}},{"type":"Feature","properties":{"id":"A10024891","name":"서교동 효성해링턴타워","district":"마포구","neighborhood":"서교동","avgPrice":16.9,"households":578,"buildingCount":2,"rank":3143},"geometry":{"type":"Point","coordinates":[126.915868,37.550241]}},{"type":"Feature","properties":{"id":"A13977913","name":"중계주공9단지","district":"노원구","neighborhood":"하계동","avgPrice":10.1,"households":577,"buildingCount":2,"rank":3144},"geometry":{"type":"Point","coordinates":[127.075566,37.64297]}},{"type":"Feature","properties":{"id":"A10026337","name":"래미안서초7차아파트","district":"서초구","neighborhood":"서초동","avgPrice":18.9,"households":575,"buildingCount":2,"rank":3145},"geometry":{"type":"Point","coordinates":[127.017611,37.492062]}},{"type":"Feature","properties":{"id":"A10021547","name":"개봉동인아파트","district":"구로구","neighborhood":"개봉동","avgPrice":4.25,"households":573,"buildingCount":3,"rank":3146},"geometry":{"type":"Point","coordinates":[126.848164,37.493304]}},{"type":"Feature","properties":{"id":"A10020159","name":"어진재주상복합관리단","district":"동대문구","neighborhood":"제기동","avgPrice":1.8250000000000002,"households":571,"buildingCount":0,"rank":3147},"geometry":{"type":"Point","coordinates":[127.03791,37.591009]}},{"type":"Feature","properties":{"id":"A10020158","name":"자선메르시안아파트","district":"은평구","neighborhood":"응암동","avgPrice":14.100000000000001,"households":570,"buildingCount":0,"rank":3148},"geometry":{"type":"Point","coordinates":[126.915717,37.59543]}},{"type":"Feature","properties":{"id":"A13980803","name":"공릉1동삼익","district":"노원구","neighborhood":"공릉동","avgPrice":8.35,"households":569,"buildingCount":1,"rank":3149},"geometry":{"type":"Point","coordinates":[127.072366,37.617868]}},{"type":"Feature","properties":{"id":"A13677206","name":"정릉우성","district":"성북구","neighborhood":"정릉동","avgPrice":5.959,"households":569,"buildingCount":4,"rank":3150},"geometry":{"type":"Point","coordinates":[127.015721,37.601054]}},{"type":"Feature","properties":{"id":"A13792306","name":"서초트라팰리스1차","district":"서초구","neighborhood":"서초동","avgPrice":21.9125,"households":568,"buildingCount":0,"rank":3151},"geometry":{"type":"Point","coordinates":[127.017974,37.492938]}},{"type":"Feature","properties":{"id":"A13980801","name":"공릉대동1차","district":"노원구","neighborhood":"공릉동","avgPrice":11.15,"households":567,"buildingCount":2,"rank":3152},"geometry":{"type":"Point","coordinates":[127.072671,37.620081]}},{"type":"Feature","properties":{"id":"A10020155","name":"강서뉴타워아파트","district":"강서구","neighborhood":"화곡동","avgPrice":4.574999999999999,"households":567,"buildingCount":3,"rank":3153},"geometry":{"type":"Point","coordinates":[126.835267,37.538653]}},{"type":"Feature","properties":{"id":"A13485302","name":"강동롯데캐슬퍼스트아파트","district":"강동구","neighborhood":"암사동","avgPrice":19.0444,"households":563,"buildingCount":10,"rank":3154},"geometry":{"type":"Point","coordinates":[127.141919,37.556426]}},{"type":"Feature","properties":{"id":"A13920506","name":"상계벽산","district":"노원구","neighborhood":"상계동","avgPrice":4.603684210526316,"households":563,"buildingCount":7,"rank":3155},"geometry":{"type":"Point","coordinates":[127.072738,37.66139]}},{"type":"Feature","properties":{"id":"A13485301","name":"강동현대홈타운","district":"강동구","neighborhood":"암사동","avgPrice":16.79,"households":562,"buildingCount":8,"rank":3156},"geometry":{"type":"Point","coordinates":[127.139147,37.556482]}},{"type":"Feature","properties":{"id":"A14085501","name":"현대한강","district":"용산구","neighborhood":"이촌동","avgPrice":24.15,"households":561,"buildingCount":9,"rank":3157},"geometry":{"type":"Point","coordinates":[126.958019,37.523678]}},{"type":"Feature","properties":{"id":"A11041001","name":"효성주얼리시티아파트","district":"종로구","neighborhood":"인의동","avgPrice":13.25,"households":561,"buildingCount":0,"rank":3158},"geometry":{"type":"Point","coordinates":[126.987906,37.572285]}},{"type":"Feature","properties":{"id":"A13920501","name":"상계금호타운","district":"노원구","neighborhood":"상계동","avgPrice":5.245,"households":558,"buildingCount":3,"rank":3159},"geometry":{"type":"Point","coordinates":[127.068755,37.667057]}},{"type":"Feature","properties":{"id":"A15009201","name":"문래남성","district":"영등포구","neighborhood":"문래동2가","avgPrice":9.88,"households":555,"buildingCount":0,"rank":3160},"geometry":{"type":"Point","coordinates":[126.914296,37.522215]}},{"type":"Feature","properties":{"id":"A10024886","name":"용답동힐데스하임 청년주택","district":"성동구","neighborhood":"용답동","avgPrice":15.7,"households":552,"buildingCount":0,"rank":3161},"geometry":{"type":"Point","coordinates":[127.038308,37.54802]}},{"type":"Feature","properties":{"id":"A13520004","name":"강남브리즈힐","district":"강남구","neighborhood":"자곡동","avgPrice":11.75,"households":552,"buildingCount":11,"rank":3162},"geometry":{"type":"Point","coordinates":[127.090845,37.47238]}},{"type":"Feature","properties":{"id":"A13520003","name":"래미안강남힐즈","district":"강남구","neighborhood":"자곡동","avgPrice":21.91923076923077,"households":551,"buildingCount":13,"rank":3163},"geometry":{"type":"Point","coordinates":[127.094122,37.474206]}},{"type":"Feature","properties":{"id":"A13520002","name":"강남한양수자인","district":"강남구","neighborhood":"자곡동","avgPrice":20.565,"households":550,"buildingCount":12,"rank":3164},"geometry":{"type":"Point","coordinates":[127.112599,37.475646]}},{"type":"Feature","properties":{"id":"A13520001","name":"래미안포레","district":"강남구","neighborhood":"자곡동","avgPrice":19.35,"households":549,"buildingCount":6,"rank":3165},"geometry":{"type":"Point","coordinates":[127.109944,37.475073]}},{"type":"Feature","properties":{"id":"A10027716","name":"꿈의숲 SK뷰 아파트","district":"노원구","neighborhood":"월계동","avgPrice":10.149999999999999,"households":547,"buildingCount":5,"rank":3166},"geometry":{"type":"Point","coordinates":[127.05384,37.6218]}},{"type":"Feature","properties":{"id":"A10022928","name":"강서금호어울림퍼스티어","district":"강서구","neighborhood":"화곡동","avgPrice":7.45,"households":547,"buildingCount":1,"rank":3167},"geometry":{"type":"Point","coordinates":[126.835314,37.531766]}},{"type":"Feature","properties":{"id":"A10027714","name":"래미안 웰스트림","district":"마포구","neighborhood":"현석동","avgPrice":12.399999999999999,"households":545,"buildingCount":8,"rank":3168},"geometry":{"type":"Point","coordinates":[126.935392,37.543135]}},{"type":"Feature","properties":{"id":"A10023490","name":"일두아파트","district":"관악구","neighborhood":"봉천동","avgPrice":5.95,"households":542,"buildingCount":9,"rank":3169},"geometry":{"type":"Point","coordinates":[126.954741,37.489289]}},{"type":"Feature","properties":{"id":"A15088208","name":"여의도목화","district":"영등포구","neighborhood":"여의도동","avgPrice":28.3,"households":539,"buildingCount":1,"rank":3170},"geometry":{"type":"Point","coordinates":[126.91996,37.52108]}},{"type":"Feature","properties":{"id":"A10026322","name":"이문KCC웰츠타워","district":"동대문구","neighborhood":"이문동","avgPrice":14.2,"households":539,"buildingCount":0,"rank":3171},"geometry":{"type":"Point","coordinates":[127.039832,37.591725]}},{"type":"Feature","properties":{"id":"A10021534","name":"천호 대명사이버아파트","district":"강동구","neighborhood":"천호동","avgPrice":7.215,"households":539,"buildingCount":2,"rank":3172},"geometry":{"type":"Point","coordinates":[127.139682,37.543215]}},{"type":"Feature","properties":{"id":"A10020147","name":"한양아이클래스","district":"중구","neighborhood":"황학동","avgPrice":11.3,"households":538,"buildingCount":5,"rank":3173},"geometry":{"type":"Point","coordinates":[127.023668,37.567046]}},{"type":"Feature","properties":{"id":"A10020146","name":"엘림스퀘어2차","district":"강동구","neighborhood":"천호동","avgPrice":8.45,"households":537,"buildingCount":0,"rank":3174},"geometry":{"type":"Point","coordinates":[127.104022,37.53145]}},{"type":"Feature","properties":{"id":"A10020141","name":"동익파크1차아파트","district":"은평구","neighborhood":"구산동","avgPrice":14.3,"households":532,"buildingCount":1,"rank":3175},"geometry":{"type":"Point","coordinates":[126.922514,37.599168]}},{"type":"Feature","properties":{"id":"A13804004","name":"풍납현대","district":"송파구","neighborhood":"풍납동","avgPrice":22.65,"households":527,"buildingCount":2,"rank":3176},"geometry":{"type":"Point","coordinates":[127.117971,37.528461]}},{"type":"Feature","properties":{"id":"A15004406","name":"당산현대3차","district":"영등포구","neighborhood":"당산동4가","avgPrice":14.604545454545455,"households":527,"buildingCount":6,"rank":3177},"geometry":{"type":"Point","coordinates":[126.896676,37.531333]}},{"type":"Feature","properties":{"id":"A13292002","name":"창동한신","district":"도봉구","neighborhood":"창동","avgPrice":15.55,"households":526,"buildingCount":1,"rank":3178},"geometry":{"type":"Point","coordinates":[127.035168,37.645616]}},{"type":"Feature","properties":{"id":"A13804003","name":"풍납시티극동","district":"송파구","neighborhood":"풍납동","avgPrice":14.116666666666667,"households":526,"buildingCount":1,"rank":3179},"geometry":{"type":"Point","coordinates":[127.117942,37.539655]}},{"type":"Feature","properties":{"id":"A15004405","name":"당산2차삼성","district":"영등포구","neighborhood":"당산동4가","avgPrice":7.15,"households":526,"buildingCount":3,"rank":3180},"geometry":{"type":"Point","coordinates":[126.898374,37.527819]}},{"type":"Feature","properties":{"id":"A13804002","name":"풍납쌍용","district":"송파구","neighborhood":"풍납동","avgPrice":14.425,"households":525,"buildingCount":2,"rank":3181},"geometry":{"type":"Point","coordinates":[127.11734,37.527744]}},{"type":"Feature","properties":{"id":"A13804001","name":"풍납극동","district":"송파구","neighborhood":"풍납동","avgPrice":16.95,"households":524,"buildingCount":4,"rank":3182},"geometry":{"type":"Point","coordinates":[127.116684,37.526819]}},{"type":"Feature","properties":{"id":"A15004403","name":"당산금호어울림","district":"영등포구","neighborhood":"당산동4가","avgPrice":15.55,"households":524,"buildingCount":10,"rank":3183},"geometry":{"type":"Point","coordinates":[126.901274,37.52853]}},{"type":"Feature","properties":{"id":"A10023489","name":"포레나 당산","district":"영등포구","neighborhood":"당산동2가","avgPrice":12,"households":520,"buildingCount":3,"rank":3184},"geometry":{"type":"Point","coordinates":[126.895367,37.522643]}},{"type":"Feature","properties":{"id":"A10023488","name":"약수역 더시티","district":"중구","neighborhood":"신당동","avgPrice":8.299999999999999,"households":519,"buildingCount":1,"rank":3185},"geometry":{"type":"Point","coordinates":[127.010712,37.553221]}},{"type":"Feature","properties":{"id":"A10027708","name":"인왕산2차아이파크아파트","district":"종로구","neighborhood":"무악동","avgPrice":14.1625,"households":518,"buildingCount":8,"rank":3186},"geometry":{"type":"Point","coordinates":[126.959878,37.575331]}},{"type":"Feature","properties":{"id":"A10024872","name":"목동 센트럴 아이파크위브 아파트","district":"양천구","neighborhood":"신월동","avgPrice":10,"households":517,"buildingCount":1,"rank":3187},"geometry":{"type":"Point","coordinates":[126.86634,37.513156]}},{"type":"Feature","properties":{"id":"A10022919","name":"신내역 시티프라디움 아파트","district":"중랑구","neighborhood":"망우동","avgPrice":6.8999999999999995,"households":517,"buildingCount":9,"rank":3188},"geometry":{"type":"Point","coordinates":[127.089463,37.602697]}},{"type":"Feature","properties":{"id":"A10022098","name":"센트레빌아스테리움영등포","district":"영등포구","neighborhood":"영등포동2가","avgPrice":12.8,"households":515,"buildingCount":0,"rank":3189},"geometry":{"type":"Point","coordinates":[126.91969,37.54143]}},{"type":"Feature","properties":{"id":"A10022916","name":"상도1차갑을명가아파트","district":"동작구","neighborhood":"상도동","avgPrice":7.7,"households":514,"buildingCount":2,"rank":3190},"geometry":{"type":"Point","coordinates":[126.934221,37.4936]}},{"type":"Feature","properties":{"id":"A10026317","name":"서초한일아파트","district":"서초구","neighborhood":"서초동","avgPrice":21.9,"households":513,"buildingCount":3,"rank":3191},"geometry":{"type":"Point","coordinates":[127.020941,37.494363]}},{"type":"Feature","properties":{"id":"A10021529","name":"비원빌라","district":"강서구","neighborhood":"화곡동","avgPrice":10.05,"households":513,"buildingCount":0,"rank":3192},"geometry":{"type":"Point","coordinates":[126.855741,37.551753]}},{"type":"Feature","properties":{"id":"A10023482","name":"힐스테이트 홍은포레스트 아파트","district":"서대문구","neighborhood":"홍은동","avgPrice":7.6499999999999995,"households":513,"buildingCount":5,"rank":3193},"geometry":{"type":"Point","coordinates":[126.924233,37.58627]}},{"type":"Feature","properties":{"id":"A10021528","name":"강변동양아파트","district":"성동구","neighborhood":"성수동1가","avgPrice":23.15,"households":512,"buildingCount":1,"rank":3194},"geometry":{"type":"Point","coordinates":[127.049069,37.547629]}},{"type":"Feature","properties":{"id":"A14388208","name":"자양동삼성아파트","district":"광진구","neighborhood":"자양동","avgPrice":6.75,"households":511,"buildingCount":4,"rank":3195},"geometry":{"type":"Point","coordinates":[127.071633,37.532063]}},{"type":"Feature","properties":{"id":"A13592706","name":"역삼래미안","district":"강남구","neighborhood":"역삼동","avgPrice":30.387999999999998,"households":510,"buildingCount":11,"rank":3196},"geometry":{"type":"Point","coordinates":[127.049958,37.497228]}},{"type":"Feature","properties":{"id":"A10022093","name":"골든노블레스","district":"동작구","neighborhood":"대방동","avgPrice":8,"households":510,"buildingCount":0,"rank":3197},"geometry":{"type":"Point","coordinates":[126.959252,37.515955]}},{"type":"Feature","properties":{"id":"A10020138","name":"브라운스톤방배아파트","district":"서초구","neighborhood":"방배동","avgPrice":26.3,"households":508,"buildingCount":2,"rank":3198},"geometry":{"type":"Point","coordinates":[126.995128,37.486845]}},{"type":"Feature","properties":{"id":"A13788003","name":"서초삼성래미안","district":"서초구","neighborhood":"서초동","avgPrice":28,"households":507,"buildingCount":1,"rank":3199},"geometry":{"type":"Point","coordinates":[127.020899,37.5015]}},{"type":"Feature","properties":{"id":"A10021523","name":"풍납현대사원아파트","district":"송파구","neighborhood":"풍납동","avgPrice":21.95,"households":507,"buildingCount":1,"rank":3200},"geometry":{"type":"Point","coordinates":[127.116249,37.532524]}},{"type":"Feature","properties":{"id":"A14388204","name":"자양7차현대홈타운","district":"광진구","neighborhood":"자양동","avgPrice":15.3,"households":507,"buildingCount":4,"rank":3201},"geometry":{"type":"Point","coordinates":[127.069896,37.533037]}},{"type":"Feature","properties":{"id":"A10026311","name":"순영웰라이빌아파트","district":"영등포구","neighborhood":"영등포동","avgPrice":8.65,"households":507,"buildingCount":1,"rank":3202},"geometry":{"type":"Point","coordinates":[126.903237,37.518497]}},{"type":"Feature","properties":{"id":"A10022090","name":"신사삼부아파트","district":"은평구","neighborhood":"신사동","avgPrice":7.9,"households":507,"buildingCount":0,"rank":3203},"geometry":{"type":"Point","coordinates":[126.924286,37.60189]}},{"type":"Feature","properties":{"id":"A13788002","name":"서초현대1,2차","district":"서초구","neighborhood":"서초동","avgPrice":20.95,"households":506,"buildingCount":3,"rank":3204},"geometry":{"type":"Point","coordinates":[127.017486,37.499692]}},{"type":"Feature","properties":{"id":"A15770801","name":"화곡초록","district":"강서구","neighborhood":"화곡동","avgPrice":8.193636363636363,"households":506,"buildingCount":8,"rank":3205},"geometry":{"type":"Point","coordinates":[126.833525,37.545663]}},{"type":"Feature","properties":{"id":"A10021522","name":"수유현대아파트101동","district":"강북구","neighborhood":"수유동","avgPrice":3.99,"households":506,"buildingCount":3,"rank":3206},"geometry":{"type":"Point","coordinates":[127.027757,37.661153]}},{"type":"Feature","properties":{"id":"A15083404","name":"문래자이아파트","district":"영등포구","neighborhood":"문래동3가","avgPrice":18.977777777777778,"households":502,"buildingCount":7,"rank":3207},"geometry":{"type":"Point","coordinates":[126.896702,37.515987]}},{"type":"Feature","properties":{"id":"A13572601","name":"동화히스토리","district":"강남구","neighborhood":"논현동","avgPrice":18,"households":502,"buildingCount":1,"rank":3208},"geometry":{"type":"Point","coordinates":[127.023536,37.510586]}},{"type":"Feature","properties":{"id":"A13380703","name":"금호두산","district":"성동구","neighborhood":"금호동3가","avgPrice":15.691818181818183,"households":502,"buildingCount":8,"rank":3209},"geometry":{"type":"Point","coordinates":[127.015922,37.550541]}},{"type":"Feature","properties":{"id":"A15370301","name":"독산동한양수자인아파트","district":"금천구","neighborhood":"독산동","avgPrice":7.109999999999999,"households":497,"buildingCount":3,"rank":3210},"geometry":{"type":"Point","coordinates":[126.899499,37.475658]}},{"type":"Feature","properties":{"id":"A15210212","name":"오류동 영풍마드레빌","district":"구로구","neighborhood":"오류동","avgPrice":7.121818181818182,"households":491,"buildingCount":3,"rank":3211},"geometry":{"type":"Point","coordinates":[126.838449,37.491432]}},{"type":"Feature","properties":{"id":"A15210211","name":"오류금강수목원","district":"구로구","neighborhood":"오류동","avgPrice":4.183333333333334,"households":490,"buildingCount":0,"rank":3212},"geometry":{"type":"Point","coordinates":[126.83232,37.488265]}},{"type":"Feature","properties":{"id":"A15210210","name":"오류삼천리","district":"구로구","neighborhood":"오류동","avgPrice":6.0874999999999995,"households":489,"buildingCount":2,"rank":3213},"geometry":{"type":"Point","coordinates":[126.839841,37.492464]}},{"type":"Feature","properties":{"id":"A15003002","name":"영등포푸르지오","district":"영등포구","neighborhood":"영등포동","avgPrice":14.456756756756755,"households":488,"buildingCount":7,"rank":3214},"geometry":{"type":"Point","coordinates":[126.903367,37.511233]}},{"type":"Feature","properties":{"id":"A10023478","name":"한일휴니스빌","district":"노원구","neighborhood":"공릉동","avgPrice":1.2750000000000001,"households":488,"buildingCount":2,"rank":3215},"geometry":{"type":"Point","coordinates":[127.074049,37.617448]}},{"type":"Feature","properties":{"id":"A15003001","name":"영등포두산위브","district":"영등포구","neighborhood":"영등포동","avgPrice":11.471428571428572,"households":487,"buildingCount":3,"rank":3216},"geometry":{"type":"Point","coordinates":[126.91263,37.514955]}},{"type":"Feature","properties":{"id":"A13589802","name":"압구정현대아파트","district":"강남구","neighborhood":"압구정동","avgPrice":18.9,"households":483,"buildingCount":6,"rank":3217},"geometry":{"type":"Point","coordinates":[127.026748,37.530834]}},{"type":"Feature","properties":{"id":"A10021518","name":"방배아이파크아파트","district":"서초구","neighborhood":"방배동","avgPrice":17.55,"households":481,"buildingCount":2,"rank":3218},"geometry":{"type":"Point","coordinates":[126.984874,37.491684]}},{"type":"Feature","properties":{"id":"A15886402","name":"신정대성유니드아파트2차","district":"양천구","neighborhood":"신정동","avgPrice":8.7,"households":481,"buildingCount":2,"rank":3219},"geometry":{"type":"Point","coordinates":[126.848803,37.521085]}},{"type":"Feature","properties":{"id":"A10023471","name":"구로오네뜨시티","district":"구로구","neighborhood":"구로동","avgPrice":1.9800000000000002,"households":481,"buildingCount":4,"rank":3220},"geometry":{"type":"Point","coordinates":[126.890329,37.495652]}},{"type":"Feature","properties":{"id":"A10020127","name":"영등포자이디그니티 아파트","district":"영등포구","neighborhood":"양평동1가","avgPrice":8.7,"households":476,"buildingCount":0,"rank":3221},"geometry":{"type":"Point","coordinates":[126.911048,37.507815]}},{"type":"Feature","properties":{"id":"A10020126","name":"퀸즈W청년안심주택","district":"동대문구","neighborhood":"전농동","avgPrice":13,"households":475,"buildingCount":0,"rank":3222},"geometry":{"type":"Point","coordinates":[127.023186,37.591725]}},{"type":"Feature","properties":{"id":"A10021511","name":"가양우방아파트","district":"강서구","neighborhood":"가양동","avgPrice":6.15,"households":474,"buildingCount":1,"rank":3223},"geometry":{"type":"Point","coordinates":[126.87203,37.555254]}},{"type":"Feature","properties":{"id":"A10020122","name":"한강포스파크아파트","district":"강동구","neighborhood":"암사동","avgPrice":11.83,"households":471,"buildingCount":1,"rank":3224},"geometry":{"type":"Point","coordinates":[127.134279,37.556263]}},{"type":"Feature","properties":{"id":"A14076401","name":"산천리버힐제2","district":"용산구","neighborhood":"산천동","avgPrice":14.600000000000001,"households":470,"buildingCount":0,"rank":3225},"geometry":{"type":"Point","coordinates":[127.014512,37.512215]}},{"type":"Feature","properties":{"id":"A13508013","name":"역삼SK허브젠","district":"강남구","neighborhood":"역삼동","avgPrice":19.549999999999997,"households":468,"buildingCount":1,"rank":3226},"geometry":{"type":"Point","coordinates":[127.040897,37.500969]}},{"type":"Feature","properties":{"id":"A15270501","name":"신도림일신건영아파트","district":"구로구","neighborhood":"구로동","avgPrice":7.036666666666666,"households":468,"buildingCount":1,"rank":3227},"geometry":{"type":"Point","coordinates":[126.87964,37.485609]}},{"type":"Feature","properties":{"id":"A13508012","name":"테헤란 IPARK","district":"강남구","neighborhood":"역삼동","avgPrice":21.200000000000003,"households":467,"buildingCount":2,"rank":3228},"geometry":{"type":"Point","coordinates":[127.04734,37.502482]}},{"type":"Feature","properties":{"id":"A15210209","name":"오류푸르지오","district":"구로구","neighborhood":"오류동","avgPrice":12.7,"households":467,"buildingCount":5,"rank":3229},"geometry":{"type":"Point","coordinates":[126.841472,37.491523]}},{"type":"Feature","properties":{"id":"A13508011","name":"래미안그레이튼","district":"강남구","neighborhood":"역삼동","avgPrice":30.3125,"households":466,"buildingCount":5,"rank":3230},"geometry":{"type":"Point","coordinates":[127.048103,37.496747]}},{"type":"Feature","properties":{"id":"A13551103","name":"압구정한양아파트제1단지","district":"강남구","neighborhood":"압구정동","avgPrice":17.45,"households":466,"buildingCount":0,"rank":3231},"geometry":{"type":"Point","coordinates":[127.034424,37.523747]}},{"type":"Feature","properties":{"id":"A13604401","name":"삼선코오롱아파트","district":"성북구","neighborhood":"삼선동4가","avgPrice":8.200000000000001,"households":466,"buildingCount":4,"rank":3232},"geometry":{"type":"Point","coordinates":[127.012461,37.590348]}},{"type":"Feature","properties":{"id":"A13508010","name":"역삼쌍용플래티넘밸류","district":"강남구","neighborhood":"역삼동","avgPrice":19.8,"households":465,"buildingCount":0,"rank":3233},"geometry":{"type":"Point","coordinates":[127.032308,37.499777]}},{"type":"Feature","properties":{"id":"A15210207","name":"경남아너스빌","district":"구로구","neighborhood":"오류동","avgPrice":7.167142857142857,"households":465,"buildingCount":5,"rank":3234},"geometry":{"type":"Point","coordinates":[126.839745,37.490545]}},{"type":"Feature","properties":{"id":"A15210206","name":"오류금강","district":"구로구","neighborhood":"오류동","avgPrice":8.7,"households":464,"buildingCount":10,"rank":3235},"geometry":{"type":"Point","coordinates":[126.832395,37.488333]}},{"type":"Feature","properties":{"id":"A10024857","name":"방배아크로타워아파트","district":"서초구","neighborhood":"방배동","avgPrice":8.6,"households":460,"buildingCount":2,"rank":3236},"geometry":{"type":"Point","coordinates":[126.995486,37.482879]}},{"type":"Feature","properties":{"id":"A10023467","name":"호반베르디움 스테이원","district":"은평구","neighborhood":"대조동","avgPrice":6.1499999999999995,"households":456,"buildingCount":3,"rank":3237},"geometry":{"type":"Point","coordinates":[126.926799,37.613584]}},{"type":"Feature","properties":{"id":"A13790828","name":"신반포4차","district":"서초구","neighborhood":"잠원동","avgPrice":58.73,"households":455,"buildingCount":6,"rank":3238},"geometry":{"type":"Point","coordinates":[127.005935,37.508266]}},{"type":"Feature","properties":{"id":"A10023464","name":"sk청암대아파트","district":"용산구","neighborhood":"청암동","avgPrice":19,"households":453,"buildingCount":1,"rank":3239},"geometry":{"type":"Point","coordinates":[126.947094,37.534779]}},{"type":"Feature","properties":{"id":"A10023462","name":"반포르엘2차","district":"서초구","neighborhood":"잠원동","avgPrice":50.9,"households":451,"buildingCount":6,"rank":3240},"geometry":{"type":"Point","coordinates":[127.0024,37.508716]}},{"type":"Feature","properties":{"id":"A13588402","name":"수서한아름","district":"강남구","neighborhood":"수서동","avgPrice":27.833333333333332,"households":448,"buildingCount":7,"rank":3241},"geometry":{"type":"Point","coordinates":[127.10403,37.48925]}},{"type":"Feature","properties":{"id":"A15881601","name":"목동극동늘푸른","district":"양천구","neighborhood":"목동","avgPrice":10.65,"households":447,"buildingCount":0,"rank":3242},"geometry":{"type":"Point","coordinates":[126.864004,37.531478]}},{"type":"Feature","properties":{"id":"A13376405","name":"성수한진타운","district":"성동구","neighborhood":"성수동1가","avgPrice":22.325,"households":446,"buildingCount":0,"rank":3243},"geometry":{"type":"Point","coordinates":[127.04509,37.548606]}},{"type":"Feature","properties":{"id":"A10021504","name":"송파파밀리에더퍼스트아파트","district":"송파구","neighborhood":"송파동","avgPrice":13.5,"households":446,"buildingCount":2,"rank":3244},"geometry":{"type":"Point","coordinates":[127.115858,37.497268]}},{"type":"Feature","properties":{"id":"A10045002","name":"청구e편한세상(분양)","district":"중구","neighborhood":"신당동","avgPrice":19.15625,"households":445,"buildingCount":0,"rank":3245},"geometry":{"type":"Point","coordinates":[126.981418,37.570755]}},{"type":"Feature","properties":{"id":"A10020117","name":"알파임하우스아파트","district":"강남구","neighborhood":"신사동","avgPrice":18.15,"households":445,"buildingCount":9,"rank":3246},"geometry":{"type":"Point","coordinates":[127.023206,37.514493]}},{"type":"Feature","properties":{"id":"A10045001","name":"신당푸르지오","district":"중구","neighborhood":"신당동","avgPrice":14.780000000000001,"households":444,"buildingCount":3,"rank":3247},"geometry":{"type":"Point","coordinates":[127.01989,37.559306]}},{"type":"Feature","properties":{"id":"A13508009","name":"역삼아이파크","district":"강남구","neighborhood":"역삼동","avgPrice":20.25,"households":443,"buildingCount":3,"rank":3248},"geometry":{"type":"Point","coordinates":[127.045206,37.49882]}},{"type":"Feature","properties":{"id":"A13528105","name":"개포1차2차우성","district":"강남구","neighborhood":"대치동","avgPrice":16.3,"households":442,"buildingCount":5,"rank":3249},"geometry":{"type":"Point","coordinates":[127.059162,37.496413]}},{"type":"Feature","properties":{"id":"A13184502","name":"면목성원","district":"중랑구","neighborhood":"면목동","avgPrice":13.2,"households":441,"buildingCount":3,"rank":3250},"geometry":{"type":"Point","coordinates":[127.090588,37.577232]}},{"type":"Feature","properties":{"id":"A13528103","name":"대치동부센트레빌","district":"강남구","neighborhood":"대치동","avgPrice":58.93571428571429,"households":440,"buildingCount":4,"rank":3251},"geometry":{"type":"Point","coordinates":[127.055921,37.492383]}},{"type":"Feature","properties":{"id":"A13508006","name":"역삼래미안펜타빌","district":"강남구","neighborhood":"역삼동","avgPrice":38.1,"households":440,"buildingCount":0,"rank":3252},"geometry":{"type":"Point","coordinates":[127.032546,37.5019]}},{"type":"Feature","properties":{"id":"A12180407","name":"공덕삼성","district":"마포구","neighborhood":"공덕동","avgPrice":9.05,"households":440,"buildingCount":3,"rank":3253},"geometry":{"type":"Point","coordinates":[126.951246,37.546778]}},{"type":"Feature","properties":{"id":"A13528102","name":"대치아이파크","district":"강남구","neighborhood":"대치동","avgPrice":42.028571428571425,"households":439,"buildingCount":10,"rank":3254},"geometry":{"type":"Point","coordinates":[127.054675,37.495041]}},{"type":"Feature","properties":{"id":"A13508005","name":"역삼한스빌아파트","district":"강남구","neighborhood":"역삼동","avgPrice":16.549999999999997,"households":439,"buildingCount":8,"rank":3255},"geometry":{"type":"Point","coordinates":[127.032353,37.491581]}},{"type":"Feature","properties":{"id":"A13508004","name":"역삼동부센트레빌","district":"강남구","neighborhood":"역삼동","avgPrice":20.8,"households":438,"buildingCount":1,"rank":3256},"geometry":{"type":"Point","coordinates":[127.049389,37.502466]}},{"type":"Feature","properties":{"id":"A12180404","name":"공덕삼성임대","district":"마포구","neighborhood":"공덕동","avgPrice":7.65,"households":437,"buildingCount":3,"rank":3257},"geometry":{"type":"Point","coordinates":[126.950679,37.54523]}},{"type":"Feature","properties":{"id":"A13508003","name":"대우디오빌플러스","district":"강남구","neighborhood":"역삼동","avgPrice":5.19,"households":437,"buildingCount":5,"rank":3258},"geometry":{"type":"Point","coordinates":[127.030494,37.497443]}},{"type":"Feature","properties":{"id":"A13508002","name":"역삼경남","district":"강남구","neighborhood":"역삼동","avgPrice":19,"households":436,"buildingCount":2,"rank":3259},"geometry":{"type":"Point","coordinates":[127.042521,37.501041]}},{"type":"Feature","properties":{"id":"A13508001","name":"역삼휴먼터치빌","district":"강남구","neighborhood":"역삼동","avgPrice":22.45,"households":435,"buildingCount":0,"rank":3260},"geometry":{"type":"Point","coordinates":[127.038734,37.504793]}},{"type":"Feature","properties":{"id":"A12180401","name":"공덕현대","district":"마포구","neighborhood":"공덕동","avgPrice":15.495000000000001,"households":434,"buildingCount":4,"rank":3261},"geometry":{"type":"Point","coordinates":[126.950522,37.54842]}},{"type":"Feature","properties":{"id":"A13009101","name":"휘경롯데낙천대","district":"동대문구","neighborhood":"휘경동","avgPrice":7.27,"households":432,"buildingCount":2,"rank":3262},"geometry":{"type":"Point","coordinates":[127.063818,37.592289]}},{"type":"Feature","properties":{"id":"A10024849","name":"구로항동우남퍼스트빌","district":"구로구","neighborhood":"항동","avgPrice":14.6,"households":431,"buildingCount":0,"rank":3263},"geometry":{"type":"Point","coordinates":[126.908944,37.50117]}},{"type":"Feature","properties":{"id":"A10078902","name":"래미안신당하이베르임대","district":"중구","neighborhood":"신당동","avgPrice":9.9,"households":430,"buildingCount":0,"rank":3264},"geometry":{"type":"Point","coordinates":[126.97469,37.56279]}},{"type":"Feature","properties":{"id":"A10078901","name":"래미안신당하이베르","district":"중구","neighborhood":"신당동","avgPrice":10.600000000000001,"households":429,"buildingCount":7,"rank":3265},"geometry":{"type":"Point","coordinates":[127.022374,37.56131]}},{"type":"Feature","properties":{"id":"A10024846","name":"고척성원","district":"구로구","neighborhood":"고척동","avgPrice":4.43,"households":428,"buildingCount":3,"rank":3266},"geometry":{"type":"Point","coordinates":[126.90091,37.496372]}},{"type":"Feature","properties":{"id":"A12005001","name":"냉천동부센트레빌","district":"서대문구","neighborhood":"냉천동","avgPrice":10.363333333333335,"households":426,"buildingCount":0,"rank":3267},"geometry":{"type":"Point","coordinates":[126.921836,37.586525]}},{"type":"Feature","properties":{"id":"A13987503","name":"월계2차한일","district":"노원구","neighborhood":"월계동","avgPrice":12,"households":423,"buildingCount":1,"rank":3268},"geometry":{"type":"Point","coordinates":[127.062037,37.621307]}},{"type":"Feature","properties":{"id":"A13987502","name":"월계역신도브래뉴","district":"노원구","neighborhood":"월계동","avgPrice":6.766666666666667,"households":422,"buildingCount":3,"rank":3269},"geometry":{"type":"Point","coordinates":[127.058769,37.629057]}},{"type":"Feature","properties":{"id":"A13987501","name":"성북역신도브래뉴","district":"노원구","neighborhood":"월계동","avgPrice":7.35,"households":421,"buildingCount":3,"rank":3270},"geometry":{"type":"Point","coordinates":[127.058998,37.623078]}},{"type":"Feature","properties":{"id":"A13583604","name":"대치선경","district":"강남구","neighborhood":"대치동","avgPrice":21.25,"households":417,"buildingCount":7,"rank":3271},"geometry":{"type":"Point","coordinates":[127.062736,37.492336]}},{"type":"Feature","properties":{"id":"A13986111","name":"중계라이프신동아청구아파트","district":"노원구","neighborhood":"중계동","avgPrice":13.0225,"households":417,"buildingCount":8,"rank":3272},"geometry":{"type":"Point","coordinates":[127.079538,37.652077]}},{"type":"Feature","properties":{"id":"A10020109","name":"쌍용임대아파트","district":"동작구","neighborhood":"상도동","avgPrice":13.85,"households":416,"buildingCount":0,"rank":3273},"geometry":{"type":"Point","coordinates":[126.948754,37.521535]}},{"type":"Feature","properties":{"id":"A15880204","name":"목동우성","district":"양천구","neighborhood":"목동","avgPrice":17.25714285714286,"households":415,"buildingCount":5,"rank":3274},"geometry":{"type":"Point","coordinates":[126.875706,37.541115]}},{"type":"Feature","properties":{"id":"A10020107","name":"에드가상계","district":"노원구","neighborhood":"상계동","avgPrice":12.5,"households":414,"buildingCount":0,"rank":3275},"geometry":{"type":"Point","coordinates":[127.062418,37.657016]}},{"type":"Feature","properties":{"id":"A13084701","name":"장안한신","district":"동대문구","neighborhood":"장안동","avgPrice":7.3,"households":411,"buildingCount":5,"rank":3276},"geometry":{"type":"Point","coordinates":[127.072048,37.580059]}},{"type":"Feature","properties":{"id":"A15381303","name":"독산현대","district":"금천구","neighborhood":"독산동","avgPrice":5.5840000000000005,"households":411,"buildingCount":3,"rank":3277},"geometry":{"type":"Point","coordinates":[126.894716,37.467287]}},{"type":"Feature","properties":{"id":"A10020104","name":"포시티주상복합","district":"중랑구","neighborhood":"상봉동","avgPrice":1.176,"households":411,"buildingCount":0,"rank":3278},"geometry":{"type":"Point","coordinates":[127.121584,37.618495]}},{"type":"Feature","properties":{"id":"A10020100","name":"풍납동신동아아파트","district":"송파구","neighborhood":"풍납동","avgPrice":22.6,"households":407,"buildingCount":2,"rank":3279},"geometry":{"type":"Point","coordinates":[127.093033,37.517205]}},{"type":"Feature","properties":{"id":"A10026797","name":"당산롯데캐슬프레스티지 아파트","district":"영등포구","neighborhood":"당산동4가","avgPrice":17.766666666666666,"households":405,"buildingCount":6,"rank":3280},"geometry":{"type":"Point","coordinates":[126.903204,37.529183]}},{"type":"Feature","properties":{"id":"A15010602","name":"양평동양","district":"영등포구","neighborhood":"양평동6가","avgPrice":8.956666666666667,"households":402,"buildingCount":2,"rank":3281},"geometry":{"type":"Point","coordinates":[126.889879,37.542238]}},{"type":"Feature","properties":{"id":"A15010601","name":"양평한솔","district":"영등포구","neighborhood":"양평동6가","avgPrice":9.3,"households":401,"buildingCount":4,"rank":3282},"geometry":{"type":"Point","coordinates":[126.888054,37.544288]}},{"type":"Feature","properties":{"id":"A10026792","name":"백운한비치2차","district":"금천구","neighborhood":"시흥동","avgPrice":15.75,"households":400,"buildingCount":3,"rank":3283},"geometry":{"type":"Point","coordinates":[126.910057,37.45368]}},{"type":"Feature","properties":{"id":"A10023449","name":"e편한세상 서대문","district":"서대문구","neighborhood":"홍은동","avgPrice":12.45,"households":396,"buildingCount":0,"rank":3284},"geometry":{"type":"Point","coordinates":[126.960986,37.596605]}},{"type":"Feature","properties":{"id":"A10024834","name":"당산금호2차어울림아파트","district":"영등포구","neighborhood":"당산동3가","avgPrice":13.25,"households":395,"buildingCount":0,"rank":3285},"geometry":{"type":"Point","coordinates":[126.872826,37.504755]}},{"type":"Feature","properties":{"id":"A13887702","name":"풍납미성","district":"송파구","neighborhood":"풍납동","avgPrice":17.366666666666664,"households":393,"buildingCount":5,"rank":3286},"geometry":{"type":"Point","coordinates":[127.11394,37.534087]}},{"type":"Feature","properties":{"id":"A10024832","name":"문래해태아파트","district":"영등포구","neighborhood":"문래동3가","avgPrice":7.15,"households":393,"buildingCount":0,"rank":3287},"geometry":{"type":"Point","coordinates":[126.922184,37.51542]}},{"type":"Feature","properties":{"id":"A10024831","name":"녹번역e편한세상캐슬","district":"은평구","neighborhood":"응암동","avgPrice":12.8625,"households":392,"buildingCount":4,"rank":3288},"geometry":{"type":"Point","coordinates":[126.932377,37.600099]}},{"type":"Feature","properties":{"id":"A15873902","name":"양천중앙하이츠","district":"양천구","neighborhood":"신정동","avgPrice":12.066666666666668,"households":392,"buildingCount":6,"rank":3289},"geometry":{"type":"Point","coordinates":[126.863318,37.506494]}},{"type":"Feature","properties":{"id":"A10022058","name":"사근벽산아파트","district":"성동구","neighborhood":"사근동","avgPrice":8.45,"households":391,"buildingCount":2,"rank":3290},"geometry":{"type":"Point","coordinates":[127.049101,37.56085]}},{"type":"Feature","properties":{"id":"A13982704","name":"상계주공7단지","district":"노원구","neighborhood":"상계동","avgPrice":5.65,"households":391,"buildingCount":3,"rank":3291},"geometry":{"type":"Point","coordinates":[127.060072,37.660463]}},{"type":"Feature","properties":{"id":"A13982702","name":"상계마들대림","district":"노원구","neighborhood":"상계동","avgPrice":7.15,"households":389,"buildingCount":5,"rank":3292},"geometry":{"type":"Point","coordinates":[127.057524,37.659919]}},{"type":"Feature","properties":{"id":"A13982701","name":"상계임광아파트","district":"노원구","neighborhood":"상계동","avgPrice":11.25,"households":388,"buildingCount":4,"rank":3293},"geometry":{"type":"Point","coordinates":[127.056586,37.661031]}},{"type":"Feature","properties":{"id":"A13483803","name":"명일중앙하이츠아파트","district":"강동구","neighborhood":"상일동","avgPrice":11.7,"households":387,"buildingCount":5,"rank":3294},"geometry":{"type":"Point","coordinates":[127.159892,37.550701]}},{"type":"Feature","properties":{"id":"A13922406","name":"중계주공4단지","district":"노원구","neighborhood":"중계동","avgPrice":6.578666666666666,"households":384,"buildingCount":2,"rank":3295},"geometry":{"type":"Point","coordinates":[127.077409,37.65561]}},{"type":"Feature","properties":{"id":"A13176801","name":"묵동극동늘푸른아파트","district":"중랑구","neighborhood":"묵동","avgPrice":5.7575,"households":384,"buildingCount":0,"rank":3296},"geometry":{"type":"Point","coordinates":[127.119844,37.598065]}},{"type":"Feature","properties":{"id":"A15780401","name":"가양강나루현대","district":"강서구","neighborhood":"가양동","avgPrice":10.666666666666666,"households":383,"buildingCount":0,"rank":3297},"geometry":{"type":"Point","coordinates":[126.839524,37.56503]}},{"type":"Feature","properties":{"id":"A15605003","name":"노량진쌍용예가","district":"동작구","neighborhood":"노량진동","avgPrice":15.606,"households":377,"buildingCount":5,"rank":3298},"geometry":{"type":"Point","coordinates":[126.943612,37.509932]}},{"type":"Feature","properties":{"id":"A15605002","name":"노량진우성","district":"동작구","neighborhood":"노량진동","avgPrice":13.904166666666667,"households":376,"buildingCount":4,"rank":3299},"geometry":{"type":"Point","coordinates":[126.94805,37.509376]}},{"type":"Feature","properties":{"id":"A15605001","name":"노량진삼익","district":"동작구","neighborhood":"노량진동","avgPrice":8.88,"households":375,"buildingCount":1,"rank":3300},"geometry":{"type":"Point","coordinates":[126.944959,37.510864]}},{"type":"Feature","properties":{"id":"A15106103","name":"봉천은천2단지","district":"관악구","neighborhood":"봉천동","avgPrice":11.7,"households":374,"buildingCount":2,"rank":3301},"geometry":{"type":"Point","coordinates":[126.938312,37.488134]}},{"type":"Feature","properties":{"id":"A15720101","name":"가양일신건영휴먼빌","district":"강서구","neighborhood":"가양동","avgPrice":9.526666666666667,"households":374,"buildingCount":0,"rank":3302},"geometry":{"type":"Point","coordinates":[126.838712,37.564715]}},{"type":"Feature","properties":{"id":"A15106101","name":"봉천은천1단지","district":"관악구","neighborhood":"봉천동","avgPrice":8.216666666666667,"households":372,"buildingCount":0,"rank":3303},"geometry":{"type":"Point","coordinates":[126.935534,37.472685]}},{"type":"Feature","properties":{"id":"A14007002","name":"도원삼성래미안","district":"용산구","neighborhood":"도원동","avgPrice":16.789130434782606,"households":371,"buildingCount":3,"rank":3304},"geometry":{"type":"Point","coordinates":[126.95661,37.538708]}},{"type":"Feature","properties":{"id":"A10021996","name":"광진코지웰","district":"광진구","neighborhood":"화양동","avgPrice":1.455,"households":371,"buildingCount":4,"rank":3305},"geometry":{"type":"Point","coordinates":[127.071892,37.547202]}},{"type":"Feature","properties":{"id":"A14007001","name":"도원삼성제2","district":"용산구","neighborhood":"도원동","avgPrice":16.15,"households":370,"buildingCount":6,"rank":3306},"geometry":{"type":"Point","coordinates":[126.955799,37.539329]}},{"type":"Feature","properties":{"id":"A10025397","name":"신내우디안4단지 아파트","district":"중랑구","neighborhood":"신내동","avgPrice":12.05,"households":370,"buildingCount":6,"rank":3307},"geometry":{"type":"Point","coordinates":[127.111661,37.616326]}},{"type":"Feature","properties":{"id":"A10024829","name":"대림 우성2차","district":"영등포구","neighborhood":"대림동","avgPrice":6.15,"households":369,"buildingCount":0,"rank":3308},"geometry":{"type":"Point","coordinates":[126.899826,37.495415]}},{"type":"Feature","properties":{"id":"A10024828","name":"DMC롯데캐슬더퍼스트","district":"은평구","neighborhood":"수색동","avgPrice":10.913571428571428,"households":368,"buildingCount":14,"rank":3309},"geometry":{"type":"Point","coordinates":[126.892306,37.585192]}},{"type":"Feature","properties":{"id":"A10024827","name":"쌍문e-편한세상아파트","district":"도봉구","neighborhood":"쌍문동","avgPrice":8.8,"households":367,"buildingCount":3,"rank":3310},"geometry":{"type":"Point","coordinates":[127.027572,37.649621]}},{"type":"Feature","properties":{"id":"A10024823","name":"목동금호타운아파트","district":"양천구","neighborhood":"목동","avgPrice":6.35,"households":363,"buildingCount":0,"rank":3311},"geometry":{"type":"Point","coordinates":[126.872768,37.521622]}},{"type":"Feature","properties":{"id":"A10024822","name":"송학휴스테이아파트","district":"도봉구","neighborhood":"방학동","avgPrice":3.6,"households":362,"buildingCount":1,"rank":3312},"geometry":{"type":"Point","coordinates":[127.035937,37.667125]}},{"type":"Feature","properties":{"id":"A10024821","name":"대치롯데캐슬아파트","district":"강남구","neighborhood":"대치동","avgPrice":19.9,"households":361,"buildingCount":3,"rank":3313},"geometry":{"type":"Point","coordinates":[127.056429,37.504658]}},{"type":"Feature","properties":{"id":"A10024820","name":"현대까르띠에710아파트","district":"강남구","neighborhood":"역삼동","avgPrice":36.425,"households":360,"buildingCount":4,"rank":3314},"geometry":{"type":"Point","coordinates":[127.044964,37.501699]}},{"type":"Feature","properties":{"id":"A13599402","name":"개포주공5단지","district":"강남구","neighborhood":"개포동","avgPrice":33.652499999999996,"households":360,"buildingCount":3,"rank":3315},"geometry":{"type":"Point","coordinates":[127.069108,37.487805]}},{"type":"Feature","properties":{"id":"A15777501","name":"마곡중앙하이츠아파트","district":"강서구","neighborhood":"방화동","avgPrice":5.196486486486487,"households":360,"buildingCount":6,"rank":3316},"geometry":{"type":"Point","coordinates":[126.806819,37.57071]}},{"type":"Feature","properties":{"id":"A10022046","name":"한신휴플러스그린파크 아파트","district":"동대문구","neighborhood":"답십리동","avgPrice":10.459999999999999,"households":358,"buildingCount":4,"rank":3317},"geometry":{"type":"Point","coordinates":[127.049829,37.574165]}},{"type":"Feature","properties":{"id":"A15086702","name":"삼호한숲","district":"영등포구","neighborhood":"양평동4가","avgPrice":12.55,"households":356,"buildingCount":2,"rank":3318},"geometry":{"type":"Point","coordinates":[126.893641,37.536928]}},{"type":"Feature","properties":{"id":"A13981304","name":"상계한신1차","district":"노원구","neighborhood":"상계동","avgPrice":3.85,"households":356,"buildingCount":6,"rank":3319},"geometry":{"type":"Point","coordinates":[127.068124,37.665801]}},{"type":"Feature","properties":{"id":"A13519008","name":"강남에버시움","district":"강남구","neighborhood":"자곡동","avgPrice":21.95,"households":354,"buildingCount":11,"rank":3320},"geometry":{"type":"Point","coordinates":[127.091023,37.470679]}},{"type":"Feature","properties":{"id":"A10022042","name":"염창대림아파트","district":"강서구","neighborhood":"염창동","avgPrice":10.14,"households":354,"buildingCount":2,"rank":3321},"geometry":{"type":"Point","coordinates":[126.875735,37.548192]}},{"type":"Feature","properties":{"id":"A13519007","name":"강남엘에이치1단지","district":"강남구","neighborhood":"세곡동","avgPrice":17.686666666666667,"households":353,"buildingCount":11,"rank":3322},"geometry":{"type":"Point","coordinates":[127.102819,37.466803]}},{"type":"Feature","properties":{"id":"A13519006","name":"세곡푸르지오","district":"강남구","neighborhood":"세곡동","avgPrice":18.65,"households":352,"buildingCount":2,"rank":3323},"geometry":{"type":"Point","coordinates":[127.094008,37.465603]}},{"type":"Feature","properties":{"id":"A13519005","name":"강남데시앙파크","district":"강남구","neighborhood":"세곡동","avgPrice":18.05,"households":351,"buildingCount":12,"rank":3324},"geometry":{"type":"Point","coordinates":[127.101156,37.460268]}},{"type":"Feature","properties":{"id":"A13519004","name":"세곡리엔파크4단지","district":"강남구","neighborhood":"세곡동","avgPrice":14.95,"households":350,"buildingCount":4,"rank":3325},"geometry":{"type":"Point","coordinates":[127.101731,37.462211]}},{"type":"Feature","properties":{"id":"A13519003","name":"강남신동아파밀리에3단지","district":"강남구","neighborhood":"세곡동","avgPrice":22.85,"households":349,"buildingCount":6,"rank":3326},"geometry":{"type":"Point","coordinates":[127.051992,37.522737]}},{"type":"Feature","properties":{"id":"A14082601","name":"신동아아파트","district":"용산구","neighborhood":"보광동","avgPrice":17.5,"households":349,"buildingCount":1,"rank":3327},"geometry":{"type":"Point","coordinates":[127.00173,37.52571]}},{"type":"Feature","properties":{"id":"A13519002","name":"강남신동아파밀리에2단지","district":"강남구","neighborhood":"세곡동","avgPrice":16.299999999999997,"households":348,"buildingCount":4,"rank":3328},"geometry":{"type":"Point","coordinates":[127.101985,37.464347]}},{"type":"Feature","properties":{"id":"A13921005","name":"상계주공9단지","district":"노원구","neighborhood":"상계동","avgPrice":9.850000000000001,"households":348,"buildingCount":5,"rank":3329},"geometry":{"type":"Point","coordinates":[127.058979,37.66429]}},{"type":"Feature","properties":{"id":"A14086001","name":"청화아파트","district":"용산구","neighborhood":"이태원동","avgPrice":21.25,"households":347,"buildingCount":7,"rank":3330},"geometry":{"type":"Point","coordinates":[126.994924,37.529946]}},{"type":"Feature","properties":{"id":"A13519001","name":"강남신동아파밀리에1단지","district":"강남구","neighborhood":"세곡동","avgPrice":15,"households":347,"buildingCount":5,"rank":3331},"geometry":{"type":"Point","coordinates":[127.101252,37.463585]}},{"type":"Feature","properties":{"id":"A10026779","name":"답십리한화아파트","district":"동대문구","neighborhood":"답십리동","avgPrice":9.333333333333334,"households":345,"buildingCount":3,"rank":3332},"geometry":{"type":"Point","coordinates":[127.053686,37.566805]}},{"type":"Feature","properties":{"id":"A13307003","name":"서울숲더샵","district":"성동구","neighborhood":"행당동","avgPrice":25.1,"households":344,"buildingCount":3,"rank":3333},"geometry":{"type":"Point","coordinates":[127.040289,37.556547]}},{"type":"Feature","properties":{"id":"A13307002","name":"서울숲행당푸르지오","district":"성동구","neighborhood":"행당동","avgPrice":17.981428571428573,"households":343,"buildingCount":8,"rank":3334},"geometry":{"type":"Point","coordinates":[127.032584,37.555154]}},{"type":"Feature","properties":{"id":"A13614001","name":"꿈의숲대명루첸","district":"성북구","neighborhood":"장위동","avgPrice":9.682941176470589,"households":343,"buildingCount":8,"rank":3335},"geometry":{"type":"Point","coordinates":[127.046978,37.620531]}},{"type":"Feature","properties":{"id":"A13307001","name":"행당두산","district":"성동구","neighborhood":"행당동","avgPrice":15.35,"households":342,"buildingCount":2,"rank":3336},"geometry":{"type":"Point","coordinates":[127.030955,37.556734]}},{"type":"Feature","properties":{"id":"A13402005","name":"천호롯데","district":"강동구","neighborhood":"천호동","avgPrice":7.22,"households":342,"buildingCount":2,"rank":3337},"geometry":{"type":"Point","coordinates":[127.138206,37.540964]}},{"type":"Feature","properties":{"id":"A13402004","name":"강동이루미","district":"강동구","neighborhood":"천호동","avgPrice":8.1,"households":341,"buildingCount":3,"rank":3338},"geometry":{"type":"Point","coordinates":[127.14045,37.544091]}},{"type":"Feature","properties":{"id":"A13402003","name":"대우한강베네시티","district":"강동구","neighborhood":"천호동","avgPrice":11.700000000000001,"households":340,"buildingCount":1,"rank":3339},"geometry":{"type":"Point","coordinates":[127.126986,37.539486]}},{"type":"Feature","properties":{"id":"A13402002","name":"천호태영","district":"강동구","neighborhood":"천호동","avgPrice":12.873333333333333,"households":339,"buildingCount":8,"rank":3340},"geometry":{"type":"Point","coordinates":[127.129922,37.538256]}},{"type":"Feature","properties":{"id":"A10025387","name":"항동하버라인2단지","district":"구로구","neighborhood":"항동","avgPrice":6.999230769230769,"households":339,"buildingCount":8,"rank":3341},"geometry":{"type":"Point","coordinates":[126.821952,37.481844]}},{"type":"Feature","properties":{"id":"A10024819","name":"삼성동한일아파트","district":"강남구","neighborhood":"삼성동","avgPrice":22.475,"households":338,"buildingCount":3,"rank":3342},"geometry":{"type":"Point","coordinates":[127.050491,37.513926]}},{"type":"Feature","properties":{"id":"A10025386","name":"항동하버라인 11단지 아파트","district":"구로구","neighborhood":"항동","avgPrice":11.15,"households":338,"buildingCount":0,"rank":3343},"geometry":{"type":"Point","coordinates":[126.861268,37.498425]}},{"type":"Feature","properties":{"id":"A13402001","name":"천호두산위브센티움","district":"강동구","neighborhood":"천호동","avgPrice":1.615,"households":338,"buildingCount":1,"rank":3344},"geometry":{"type":"Point","coordinates":[127.126347,37.540264]}},{"type":"Feature","properties":{"id":"A10024815","name":"롯데캐슬리베아파트","district":"강남구","neighborhood":"대치동","avgPrice":35.4,"households":334,"buildingCount":1,"rank":3345},"geometry":{"type":"Point","coordinates":[127.054344,37.496428]}},{"type":"Feature","properties":{"id":"A12111001","name":"마포경남아너스빌","district":"마포구","neighborhood":"신수동","avgPrice":15.25,"households":334,"buildingCount":2,"rank":3346},"geometry":{"type":"Point","coordinates":[126.934369,37.549095]}},{"type":"Feature","properties":{"id":"A10025381","name":"잠원중앙하이츠B아파트","district":"서초구","neighborhood":"잠원동","avgPrice":29.5,"households":333,"buildingCount":2,"rank":3347},"geometry":{"type":"Point","coordinates":[127.008901,37.514245]}},{"type":"Feature","properties":{"id":"A10024814","name":"로데오현대아파트","district":"강남구","neighborhood":"신사동","avgPrice":17.633333333333333,"households":333,"buildingCount":1,"rank":3348},"geometry":{"type":"Point","coordinates":[127.037345,37.526687]}},{"type":"Feature","properties":{"id":"A10020593","name":"상계현대4차아파트","district":"노원구","neighborhood":"상계동","avgPrice":5.75,"households":333,"buildingCount":2,"rank":3349},"geometry":{"type":"Point","coordinates":[127.050483,37.672948]}},{"type":"Feature","properties":{"id":"A10024813","name":"롯데캐슬노블","district":"강남구","neighborhood":"역삼동","avgPrice":26.425,"households":332,"buildingCount":6,"rank":3350},"geometry":{"type":"Point","coordinates":[127.035269,37.492103]}},{"type":"Feature","properties":{"id":"A10024812","name":"월계우남아파트","district":"노원구","neighborhood":"월계동","avgPrice":10.95,"households":331,"buildingCount":6,"rank":3351},"geometry":{"type":"Point","coordinates":[127.067654,37.616198]}},{"type":"Feature","properties":{"id":"A10024811","name":"남해오네뜨아파트","district":"동작구","neighborhood":"사당동","avgPrice":7.48,"households":330,"buildingCount":1,"rank":3352},"geometry":{"type":"Point","coordinates":[126.96557,37.486982]}},{"type":"Feature","properties":{"id":"A10071301","name":"남산센트럴자이","district":"중구","neighborhood":"충무로4가","avgPrice":14.38875,"households":326,"buildingCount":2,"rank":3353},"geometry":{"type":"Point","coordinates":[126.997858,37.562539]}},{"type":"Feature","properties":{"id":"A10022033","name":" 삼호아파트","district":"송파구","neighborhood":"거여동","avgPrice":9.246666666666668,"households":324,"buildingCount":1,"rank":3354},"geometry":{"type":"Point","coordinates":[127.143627,37.496606]}},{"type":"Feature","properties":{"id":"A10022030","name":"문정현대아파트","district":"송파구","neighborhood":"문정동","avgPrice":18.1,"households":321,"buildingCount":2,"rank":3355},"geometry":{"type":"Point","coordinates":[127.125995,37.485545]}},{"type":"Feature","properties":{"id":"A13481001","name":"길동우성1차","district":"강동구","neighborhood":"길동","avgPrice":10.393846153846154,"households":315,"buildingCount":2,"rank":3356},"geometry":{"type":"Point","coordinates":[127.11067,37.516098]}},{"type":"Feature","properties":{"id":"A13302206","name":"왕십리풍림아이원","district":"성동구","neighborhood":"하왕십리동","avgPrice":15.2,"households":314,"buildingCount":4,"rank":3357},"geometry":{"type":"Point","coordinates":[127.024284,37.559234]}},{"type":"Feature","properties":{"id":"A13302204","name":"하왕금호베스트빌","district":"성동구","neighborhood":"하왕십리동","avgPrice":16,"households":312,"buildingCount":0,"rank":3358},"geometry":{"type":"Point","coordinates":[127.017544,37.58051]}},{"type":"Feature","properties":{"id":"A13302203","name":"하왕극동미라주","district":"성동구","neighborhood":"하왕십리동","avgPrice":18.05,"households":311,"buildingCount":4,"rank":3359},"geometry":{"type":"Point","coordinates":[127.023491,37.558532]}},{"type":"Feature","properties":{"id":"A13302201","name":"한진해모로","district":"성동구","neighborhood":"하왕십리동","avgPrice":14.133333333333333,"households":309,"buildingCount":1,"rank":3360},"geometry":{"type":"Point","coordinates":[127.026733,37.562978]}},{"type":"Feature","properties":{"id":"A10025375","name":"지웰홈스 서초","district":"서초구","neighborhood":"서초동","avgPrice":23.450000000000003,"households":306,"buildingCount":2,"rank":3361},"geometry":{"type":"Point","coordinates":[127.013966,37.491738]}},{"type":"Feature","properties":{"id":"A10026761","name":"H하우스 대림 뉴스테이","district":"영등포구","neighborhood":"대림동","avgPrice":7.4,"households":306,"buildingCount":0,"rank":3362},"geometry":{"type":"Point","coordinates":[126.915572,37.528335]}},{"type":"Feature","properties":{"id":"A10020587","name":"묵동공감대아파트","district":"중랑구","neighborhood":"묵동","avgPrice":6.2,"households":306,"buildingCount":2,"rank":3363},"geometry":{"type":"Point","coordinates":[127.078202,37.613307]}},{"type":"Feature","properties":{"id":"A10024805","name":"압구정대원칸타빌아파트","district":"강남구","neighborhood":"신사동","avgPrice":16.35,"households":303,"buildingCount":2,"rank":3364},"geometry":{"type":"Point","coordinates":[127.037224,37.527437]}},{"type":"Feature","properties":{"id":"A15884901","name":"유원목동","district":"양천구","neighborhood":"신정동","avgPrice":15.7,"households":303,"buildingCount":2,"rank":3365},"geometry":{"type":"Point","coordinates":[126.873518,37.521853]}},{"type":"Feature","properties":{"id":"A10025372","name":"신당KCC스위첸아파트","district":"중구","neighborhood":"신당동","avgPrice":9.75,"households":303,"buildingCount":0,"rank":3366},"geometry":{"type":"Point","coordinates":[126.993308,37.55874]}},{"type":"Feature","properties":{"id":"A10024804","name":"신월해태아파트","district":"양천구","neighborhood":"신월동","avgPrice":5.36,"households":302,"buildingCount":0,"rank":3367},"geometry":{"type":"Point","coordinates":[126.869068,37.504525]}}]}