{"type":"FeatureCollection","features":[{"type":"Feature","properties":{"id":"A10024801","name":"황학코아루","district":"중구","neighborhood":"황학동","avgPrice":7.35,"households":4499,"buildingCount":8,"rank":1},"geometry":{"type":"Point","coordinates":[127.022478,37.566744]}},{"type":"Feature","properties":{"id":"A10028201","name":"인현신성","district":"중구","neighborhood":"인현동2가","avgPrice":7.15,"households":4497,"buildingCount":9,"rank":2},"geometry":{"type":"Point","coordinates":[127.019582,37.572285]}},{"type":"Feature","properties":{"id":"A10022027","name":"효성올림픽카운티","district":"송파구","neighborhood":"방이동","avgPrice":2.59,"households":4497,"buildingCount":12,"rank":3},"geometry":{"type":"Point","coordinates":[127.11459,37.514911]}},{"type":"Feature","properties":{"id":"A13880105","name":"가락2차쌍용아파트","district":"송파구","neighborhood":"가락동","avgPrice":23.7,"households":4493,"buildingCount":25,"rank":4},"geometry":{"type":"Point","coordinates":[127.122202,37.501592]}},{"type":"Feature","properties":{"id":"A15080507","name":"당산현대5차","district":"영등포구","neighborhood":"당산동4가","avgPrice":9.9,"households":4493,"buildingCount":18,"rank":5},"geometry":{"type":"Point","coordinates":[126.900813,37.529608]}},{"type":"Feature","properties":{"id":"A13286203","name":"쌍문경남","district":"도봉구","neighborhood":"쌍문동","avgPrice":1.71,"households":4492,"buildingCount":10,"rank":6},"geometry":{"type":"Point","coordinates":[127.035254,37.654889]}},{"type":"Feature","properties":{"id":"A15080501","name":"한강아파트","district":"영등포구","neighborhood":"당산동4가","avgPrice":7.2,"households":4487,"buildingCount":11,"rank":7},"geometry":{"type":"Point","coordinates":[126.902902,37.527937]}},{"type":"Feature","properties":{"id":"A12282102","name":"브라운스톤구산","district":"은평구","neighborhood":"구산동","avgPrice":4.12,"households":4485,"buildingCount":8,"rank":8},"geometry":{"type":"Point","coordinates":[126.909041,37.61154]}},{"type":"Feature","properties":{"id":"A10026759","name":"용산푸르지오써밋","district":"용산구","neighborhood":"한강로2가","avgPrice":26.12,"households":4483,"buildingCount":10,"rank":9},"geometry":{"type":"Point","coordinates":[126.965305,37.527274]}},{"type":"Feature","properties":{"id":"A12070101","name":"돈의문센트레빌","district":"서대문구","neighborhood":"냉천동","avgPrice":10.26,"households":4479,"buildingCount":24,"rank":10},"geometry":{"type":"Point","coordinates":[126.961608,37.56613]}},{"type":"Feature","properties":{"id":"A10021967","name":"당산계룡리슈빌2단지","district":"영등포구","neighborhood":"당산동3가","avgPrice":4.21,"households":4479,"buildingCount":14,"rank":11},"geometry":{"type":"Point","coordinates":[126.899038,37.524162]}},{"type":"Feature","properties":{"id":"A10021966","name":"당산계룡리슈빌1단지","district":"영등포구","neighborhood":"당산동3가","avgPrice":4.29,"households":4478,"buildingCount":5,"rank":12},"geometry":{"type":"Point","coordinates":[126.899249,37.525052]}},{"type":"Feature","properties":{"id":"A10021965","name":"고은맨숀아파트","district":"서대문구","neighborhood":"홍제동","avgPrice":2.92,"households":4477,"buildingCount":12,"rank":13},"geometry":{"type":"Point","coordinates":[126.944818,37.585728]}},{"type":"Feature","properties":{"id":"A10020576","name":"은평 디에트르 더 퍼스트 ","district":"은평구","neighborhood":"진관동","avgPrice":17.1,"households":4474,"buildingCount":5,"rank":14},"geometry":{"type":"Point","coordinates":[126.914248,37.64278]}},{"type":"Feature","properties":{"id":"A10021962","name":"당산계룡리슈빌3단지","district":"영등포구","neighborhood":"당산동3가","avgPrice":4.95,"households":4474,"buildingCount":23,"rank":15},"geometry":{"type":"Point","coordinates":[126.899123,37.524517]}},{"type":"Feature","properties":{"id":"A10020570","name":"휘경자이디센시아","district":"동대문구","neighborhood":"휘경동","avgPrice":2.59,"households":4468,"buildingCount":5,"rank":16},"geometry":{"type":"Point","coordinates":[127.066595,37.584171]}},{"type":"Feature","properties":{"id":"A10022019","name":"화곡더리브스카이","district":"강서구","neighborhood":"화곡동","avgPrice":2.58,"households":4468,"buildingCount":13,"rank":17},"geometry":{"type":"Point","coordinates":[126.84174,37.529458]}},{"type":"Feature","properties":{"id":"A15384603","name":"남서울건영2차","district":"금천구","neighborhood":"시흥동","avgPrice":2.36,"households":4467,"buildingCount":31,"rank":18},"geometry":{"type":"Point","coordinates":[126.910841,37.449271]}},{"type":"Feature","properties":{"id":"A15703318","name":"등촌주공11단지","district":"강서구","neighborhood":"등촌동","avgPrice":10.1,"households":4465,"buildingCount":20,"rank":19},"geometry":{"type":"Point","coordinates":[126.84912,37.559161]}},{"type":"Feature","properties":{"id":"A12275801","name":"증산로13길44-5","district":"은평구","neighborhood":"증산동","avgPrice":10.4,"households":4463,"buildingCount":13,"rank":20},"geometry":{"type":"Point","coordinates":[126.918138,37.585915]}},{"type":"Feature","properties":{"id":"A15209207","name":"개봉동현대아파트","district":"구로구","neighborhood":"개봉동","avgPrice":5.88,"households":4463,"buildingCount":4,"rank":21},"geometry":{"type":"Point","coordinates":[126.859848,37.489962]}},{"type":"Feature","properties":{"id":"A15209206","name":"개봉현대홈타운2단지","district":"구로구","neighborhood":"개봉동","avgPrice":5.15,"households":4462,"buildingCount":31,"rank":22},"geometry":{"type":"Point","coordinates":[126.858621,37.491976]}},{"type":"Feature","properties":{"id":"A13186401","name":"동부아파트","district":"중랑구","neighborhood":"상봉동","avgPrice":3.86,"households":4461,"buildingCount":17,"rank":23},"geometry":{"type":"Point","coordinates":[127.093851,37.602139]}},{"type":"Feature","properties":{"id":"A15209205","name":"삼환아파트","district":"구로구","neighborhood":"개봉동","avgPrice":3.86,"households":4461,"buildingCount":24,"rank":24},"geometry":{"type":"Point","coordinates":[126.854555,37.494698]}},{"type":"Feature","properties":{"id":"A15703313","name":"등촌주공1단지","district":"강서구","neighborhood":"등촌동","avgPrice":16.35,"households":4460,"buildingCount":17,"rank":25},"geometry":{"type":"Point","coordinates":[126.842491,37.56491]}},{"type":"Feature","properties":{"id":"A15209203","name":"개봉두산","district":"구로구","neighborhood":"개봉동","avgPrice":3.68,"households":4459,"buildingCount":25,"rank":26},"geometry":{"type":"Point","coordinates":[126.852371,37.495158]}},{"type":"Feature","properties":{"id":"A15209202","name":"개봉삼호아파트","district":"구로구","neighborhood":"개봉동","avgPrice":4.01,"households":4458,"buildingCount":27,"rank":27},"geometry":{"type":"Point","coordinates":[126.857211,37.494357]}},{"type":"Feature","properties":{"id":"A15209201","name":"개봉상우","district":"구로구","neighborhood":"개봉동","avgPrice":7.35,"households":4457,"buildingCount":28,"rank":28},"geometry":{"type":"Point","coordinates":[126.860948,37.493704]}},{"type":"Feature","properties":{"id":"A10026748","name":"옥수파크힐스아파트","district":"성동구","neighborhood":"옥수동","avgPrice":15.59,"households":4451,"buildingCount":25,"rank":29},"geometry":{"type":"Point","coordinates":[127.01578,37.543273]}},{"type":"Feature","properties":{"id":"A13201003","name":"도봉중흥S클래스","district":"도봉구","neighborhood":"창동","avgPrice":14.25,"households":4447,"buildingCount":22,"rank":30},"geometry":{"type":"Point","coordinates":[127.038988,37.648003]}},{"type":"Feature","properties":{"id":"A13201002","name":"서울도봉","district":"도봉구","neighborhood":"도봉동","avgPrice":12.2,"households":4446,"buildingCount":9,"rank":31},"geometry":{"type":"Point","coordinates":[127.045448,37.682274]}},{"type":"Feature","properties":{"id":"A13201001","name":"도봉서광","district":"도봉구","neighborhood":"도봉동","avgPrice":2.01,"households":4445,"buildingCount":14,"rank":32},"geometry":{"type":"Point","coordinates":[127.049786,37.678058]}},{"type":"Feature","properties":{"id":"A10020567","name":"삼성빌라","district":"강동구","neighborhood":"상일동","avgPrice":13.91,"households":4444,"buildingCount":29,"rank":33},"geometry":{"type":"Point","coordinates":[127.158146,37.54655]}},{"type":"Feature","properties":{"id":"A15783703","name":"등촌대림e편한세상","district":"강서구","neighborhood":"등촌동","avgPrice":6.75,"households":4441,"buildingCount":7,"rank":34},"geometry":{"type":"Point","coordinates":[126.862764,37.541783]}},{"type":"Feature","properties":{"id":"A15882107","name":"목동금호1차","district":"양천구","neighborhood":"목동","avgPrice":10.55,"households":4439,"buildingCount":19,"rank":35},"geometry":{"type":"Point","coordinates":[126.874672,37.525239]}},{"type":"Feature","properties":{"id":"A10020562","name":"서대문 센트럴아이파크","district":"서대문구","neighborhood":"홍은동","avgPrice":7.65,"households":4439,"buildingCount":4,"rank":36},"geometry":{"type":"Point","coordinates":[126.955186,37.59017]}},{"type":"Feature","properties":{"id":"A15783701","name":"등촌임광","district":"강서구","neighborhood":"등촌동","avgPrice":5.04,"households":4439,"buildingCount":28,"rank":37},"geometry":{"type":"Point","coordinates":[126.863285,37.540189]}},{"type":"Feature","properties":{"id":"A15882104","name":"목동진도아파트","district":"양천구","neighborhood":"목동","avgPrice":5.55,"households":4436,"buildingCount":16,"rank":38},"geometry":{"type":"Point","coordinates":[126.868901,37.524925]}},{"type":"Feature","properties":{"id":"A15882103","name":"목동진도2차","district":"양천구","neighborhood":"목동","avgPrice":10.65,"households":4435,"buildingCount":6,"rank":39},"geometry":{"type":"Point","coordinates":[126.873752,37.52558]}},{"type":"Feature","properties":{"id":"A15703309","name":"등촌주공5단지","district":"강서구","neighborhood":"등촌동","avgPrice":4.77,"households":4435,"buildingCount":25,"rank":40},"geometry":{"type":"Point","coordinates":[126.84486,37.560415]}},{"type":"Feature","properties":{"id":"A15703308","name":"등촌3단지주공아파트","district":"강서구","neighborhood":"등촌동","avgPrice":10.65,"households":4434,"buildingCount":11,"rank":41},"geometry":{"type":"Point","coordinates":[126.841057,37.561803]}},{"type":"Feature","properties":{"id":"A15703307","name":"등촌대림아파트","district":"강서구","neighborhood":"등촌동","avgPrice":7.6,"households":4433,"buildingCount":25,"rank":42},"geometry":{"type":"Point","coordinates":[126.846812,37.562609]}},{"type":"Feature","properties":{"id":"A15703306","name":"등촌주공10단지","district":"강서구","neighborhood":"등촌동","avgPrice":4.65,"households":4432,"buildingCount":11,"rank":43},"geometry":{"type":"Point","coordinates":[126.848284,37.562458]}},{"type":"Feature","properties":{"id":"A15703304","name":"등촌주공2단지","district":"강서구","neighborhood":"등촌동","avgPrice":13.95,"households":4430,"buildingCount":26,"rank":44},"geometry":{"type":"Point","coordinates":[126.842342,37.564352]}},{"type":"Feature","properties":{"id":"A15703303","name":"등촌미주진로","district":"강서구","neighborhood":"등촌동","avgPrice":11.2,"households":4429,"buildingCount":19,"rank":45},"geometry":{"type":"Point","coordinates":[126.847804,37.559962]}},{"type":"Feature","properties":{"id":"A10022001","name":"희훈리치파크아파트","district":"강동구","neighborhood":"길동","avgPrice":4.58,"households":4429,"buildingCount":28,"rank":46},"geometry":{"type":"Point","coordinates":[127.139475,37.539382]}},{"type":"Feature","properties":{"id":"A15703302","name":"등촌동성","district":"강서구","neighborhood":"등촌동","avgPrice":7.07,"households":4428,"buildingCount":15,"rank":47},"geometry":{"type":"Point","coordinates":[126.847291,37.562605]}},{"type":"Feature","properties":{"id":"A10022000","name":"강동상떼빌 ","district":"강동구","neighborhood":"천호동","avgPrice":6.58,"households":4428,"buildingCount":15,"rank":48},"geometry":{"type":"Point","coordinates":[127.130465,37.537022]}},{"type":"Feature","properties":{"id":"A15703301","name":"등촌8단지주공아파트","district":"강서구","neighborhood":"등촌동","avgPrice":6.95,"households":4427,"buildingCount":10,"rank":49},"geometry":{"type":"Point","coordinates":[126.851198,37.562032]}},{"type":"Feature","properties":{"id":"A15722011","name":"방화길훈","district":"강서구","neighborhood":"방화동","avgPrice":12.55,"households":4426,"buildingCount":7,"rank":50},"geometry":{"type":"Point","coordinates":[126.871772,37.54613]}},{"type":"Feature","properties":{"id":"A15722010","name":"마곡엠밸리5단지","district":"강서구","neighborhood":"마곡동","avgPrice":9.5,"households":4425,"buildingCount":26,"rank":51},"geometry":{"type":"Point","coordinates":[126.817856,37.565844]}},{"type":"Feature","properties":{"id":"A10026734","name":"송파레미니스아파트","district":"송파구","neighborhood":"오금동","avgPrice":7.3,"households":4416,"buildingCount":25,"rank":52},"geometry":{"type":"Point","coordinates":[127.1355,37.507477]}},{"type":"Feature","properties":{"id":"A10020559","name":"낙성대현대아파트","district":"관악구","neighborhood":"봉천동","avgPrice":5.74,"households":4415,"buildingCount":8,"rank":53},"geometry":{"type":"Point","coordinates":[126.95951,37.492162]}},{"type":"Feature","properties":{"id":"A10020557","name":"메이플자이","district":"서초구","neighborhood":"잠원동","avgPrice":19.75,"households":4413,"buildingCount":12,"rank":54},"geometry":{"type":"Point","coordinates":[127.010646,37.512803]}},{"type":"Feature","properties":{"id":"A10025345","name":"목동현대파크빌","district":"양천구","neighborhood":"목동","avgPrice":4.27,"households":4413,"buildingCount":20,"rank":55},"geometry":{"type":"Point","coordinates":[126.877875,37.523269]}},{"type":"Feature","properties":{"id":"A13984604","name":"월계동신","district":"노원구","neighborhood":"월계동","avgPrice":4.63,"households":4412,"buildingCount":31,"rank":56},"geometry":{"type":"Point","coordinates":[127.061163,37.617372]}},{"type":"Feature","properties":{"id":"A10020555","name":" 리버센 SK VIEW 롯데캐슬 아파트","district":"중랑구","neighborhood":"중화동","avgPrice":13.15,"households":4411,"buildingCount":16,"rank":57},"geometry":{"type":"Point","coordinates":[127.092062,37.59883]}},{"type":"Feature","properties":{"id":"A13984603","name":"월계삼창","district":"노원구","neighborhood":"월계동","avgPrice":3.11,"households":4411,"buildingCount":5,"rank":58},"geometry":{"type":"Point","coordinates":[127.060092,37.618199]}},{"type":"Feature","properties":{"id":"A15088614","name":"롯데캐슬엠파이어","district":"영등포구","neighborhood":"여의도동","avgPrice":17.13,"households":4410,"buildingCount":5,"rank":59},"geometry":{"type":"Point","coordinates":[126.926568,37.52021]}},{"type":"Feature","properties":{"id":"A15683901","name":"상도쌍용","district":"동작구","neighborhood":"상도동","avgPrice":8.6,"households":4410,"buildingCount":7,"rank":60},"geometry":{"type":"Point","coordinates":[126.931337,37.502541]}},{"type":"Feature","properties":{"id":"A10020550","name":"크라운빌","district":"구로구","neighborhood":"신도림동","avgPrice":1.11,"households":4406,"buildingCount":20,"rank":61},"geometry":{"type":"Point","coordinates":[126.885143,37.507829]}},{"type":"Feature","properties":{"id":"A15009607","name":"문래현대2차","district":"영등포구","neighborhood":"문래동6가","avgPrice":4.55,"households":4405,"buildingCount":10,"rank":62},"geometry":{"type":"Point","coordinates":[126.882813,37.520457]}},{"type":"Feature","properties":{"id":"A15009606","name":"문래베어스타운","district":"영등포구","neighborhood":"문래동6가","avgPrice":5.89,"households":4404,"buildingCount":28,"rank":63},"geometry":{"type":"Point","coordinates":[126.885195,37.519082]}},{"type":"Feature","properties":{"id":"A15722009","name":"마곡엠밸리1단지","district":"강서구","neighborhood":"마곡동","avgPrice":7.44,"households":4403,"buildingCount":18,"rank":64},"geometry":{"type":"Point","coordinates":[126.81861,37.568284]}},{"type":"Feature","properties":{"id":"A12079601","name":"독립문극동임대","district":"서대문구","neighborhood":"현저동","avgPrice":5.9,"households":4403,"buildingCount":28,"rank":65},"geometry":{"type":"Point","coordinates":[126.956681,37.572045]}},{"type":"Feature","properties":{"id":"A15009605","name":"문래현대6차아파트","district":"영등포구","neighborhood":"문래동6가","avgPrice":5.46,"households":4403,"buildingCount":14,"rank":66},"geometry":{"type":"Point","coordinates":[126.883868,37.51853]}},{"type":"Feature","properties":{"id":"A15009604","name":"문래현대1차","district":"영등포구","neighborhood":"문래동6가","avgPrice":5.09,"households":4402,"buildingCount":7,"rank":67},"geometry":{"type":"Point","coordinates":[126.882801,37.519517]}},{"type":"Feature","properties":{"id":"A15722008","name":"홍익","district":"강서구","neighborhood":"방화동","avgPrice":2.7,"households":4402,"buildingCount":20,"rank":68},"geometry":{"type":"Point","coordinates":[126.80839,37.573384]}},{"type":"Feature","properties":{"id":"A15009603","name":"문래대원","district":"영등포구","neighborhood":"문래동6가","avgPrice":5.13,"households":4401,"buildingCount":28,"rank":69},"geometry":{"type":"Point","coordinates":[126.882672,37.518658]}},{"type":"Feature","properties":{"id":"A11001203","name":"평창삼성","district":"종로구","neighborhood":"평창동","avgPrice":4.69,"households":4401,"buildingCount":13,"rank":70},"geometry":{"type":"Point","coordinates":[126.978683,37.61094]}},{"type":"Feature","properties":{"id":"A15722007","name":"방화삼성꽃마을","district":"강서구","neighborhood":"방화동","avgPrice":3.92,"households":4401,"buildingCount":27,"rank":71},"geometry":{"type":"Point","coordinates":[126.813084,37.572173]}},{"type":"Feature","properties":{"id":"A13584101","name":"대치포스코더샵","district":"강남구","neighborhood":"대치동","avgPrice":26.34,"households":4400,"buildingCount":17,"rank":72},"geometry":{"type":"Point","coordinates":[127.057071,37.503934]}},{"type":"Feature","properties":{"id":"A15009602","name":"문래한신","district":"영등포구","neighborhood":"문래동6가","avgPrice":5.44,"households":4400,"buildingCount":12,"rank":73},"geometry":{"type":"Point","coordinates":[126.883939,37.519342]}},{"type":"Feature","properties":{"id":"A12174601","name":"메세나폴리스","district":"마포구","neighborhood":"서교동","avgPrice":17.46,"households":4399,"buildingCount":24,"rank":74},"geometry":{"type":"Point","coordinates":[126.914128,37.550794]}},{"type":"Feature","properties":{"id":"A15603502","name":"래미안상도2차","district":"동작구","neighborhood":"상도동","avgPrice":7.44,"households":4399,"buildingCount":13,"rank":75},"geometry":{"type":"Point","coordinates":[126.958141,37.498085]}},{"type":"Feature","properties":{"id":"A15009601","name":"문래미원아파트","district":"영등포구","neighborhood":"문래동6가","avgPrice":5.8,"households":4399,"buildingCount":20,"rank":76},"geometry":{"type":"Point","coordinates":[126.886257,37.519768]}},{"type":"Feature","properties":{"id":"A15722005","name":"마곡 한진해모로","district":"강서구","neighborhood":"방화동","avgPrice":4.63,"households":4399,"buildingCount":25,"rank":77},"geometry":{"type":"Point","coordinates":[126.827054,37.558415]}},{"type":"Feature","properties":{"id":"A15722004","name":"마곡푸르지오","district":"강서구","neighborhood":"방화동","avgPrice":10.5,"households":4398,"buildingCount":13,"rank":78},"geometry":{"type":"Point","coordinates":[126.821771,37.57004]}},{"type":"Feature","properties":{"id":"A15722003","name":"마곡신안네트빌(1단지)","district":"강서구","neighborhood":"방화동","avgPrice":9,"households":4397,"buildingCount":13,"rank":79},"geometry":{"type":"Point","coordinates":[126.843816,37.559225]}},{"type":"Feature","properties":{"id":"A13372102","name":"성수쌍용","district":"성동구","neighborhood":"성수동1가","avgPrice":10.75,"households":4396,"buildingCount":7,"rank":80},"geometry":{"type":"Point","coordinates":[127.04712,37.549586]}},{"type":"Feature","properties":{"id":"A13372101","name":"성수2차대우","district":"성동구","neighborhood":"성수동1가","avgPrice":23.75,"households":4395,"buildingCount":17,"rank":81},"geometry":{"type":"Point","coordinates":[127.050194,37.548386]}},{"type":"Feature","properties":{"id":"A15722001","name":"마곡삼성","district":"강서구","neighborhood":"방화동","avgPrice":8.1,"households":4395,"buildingCount":22,"rank":82},"geometry":{"type":"Point","coordinates":[126.822185,37.57212]}},{"type":"Feature","properties":{"id":"A15108003","name":"남현우림루미아트","district":"관악구","neighborhood":"남현동","avgPrice":6.06,"households":4395,"buildingCount":12,"rank":83},"geometry":{"type":"Point","coordinates":[126.975535,37.472671]}},{"type":"Feature","properties":{"id":"A10023899","name":"범양프레체","district":"중랑구","neighborhood":"중화동","avgPrice":0.7,"households":4395,"buildingCount":11,"rank":84},"geometry":{"type":"Point","coordinates":[127.075818,37.594534]}},{"type":"Feature","properties":{"id":"A10023898","name":"이수스위첸포레힐즈아파트","district":"동작구","neighborhood":"동작동","avgPrice":12.25,"households":4394,"buildingCount":16,"rank":85},"geometry":{"type":"Point","coordinates":[126.982004,37.49733]}},{"type":"Feature","properties":{"id":"A10023897","name":"위례중앙푸르지오아파트","district":"송파구","neighborhood":"장지동","avgPrice":13.19,"households":4393,"buildingCount":12,"rank":86},"geometry":{"type":"Point","coordinates":[127.142814,37.47473]}},{"type":"Feature","properties":{"id":"A15108001","name":"남현동한일유앤아이","district":"관악구","neighborhood":"남현동","avgPrice":4.9,"households":4393,"buildingCount":9,"rank":87},"geometry":{"type":"Point","coordinates":[126.973656,37.471866]}},{"type":"Feature","properties":{"id":"A10027297","name":"신내대성유니드아파트","district":"중랑구","neighborhood":"신내동","avgPrice":3.83,"households":4391,"buildingCount":25,"rank":88},"geometry":{"type":"Point","coordinates":[127.096302,37.60271]}},{"type":"Feature","properties":{"id":"A10026729","name":"천왕연지마을1단지 아파트","district":"구로구","neighborhood":"천왕동","avgPrice":2.12,"households":4390,"buildingCount":12,"rank":89},"geometry":{"type":"Point","coordinates":[126.841114,37.488143]}},{"type":"Feature","properties":{"id":"A10023891","name":"청계푸르지오시티","district":"동대문구","neighborhood":"답십리동","avgPrice":1.28,"households":4387,"buildingCount":23,"rank":90},"geometry":{"type":"Point","coordinates":[127.050546,37.568984]}},{"type":"Feature","properties":{"id":"A10021935","name":"염창삼성한아름아파트","district":"강서구","neighborhood":"염창동","avgPrice":5.05,"households":4384,"buildingCount":22,"rank":91},"geometry":{"type":"Point","coordinates":[126.871746,37.550073]}},{"type":"Feature","properties":{"id":"A10021933","name":"고척신원프라자 ","district":"구로구","neighborhood":"고척동","avgPrice":2.74,"households":4382,"buildingCount":25,"rank":92},"geometry":{"type":"Point","coordinates":[126.863635,37.499175]}},{"type":"Feature","properties":{"id":"A10026720","name":"래미안 프리미어 팰리스","district":"광진구","neighborhood":"자양동","avgPrice":9.72,"households":4381,"buildingCount":12,"rank":93},"geometry":{"type":"Point","coordinates":[127.081497,37.537702]}},{"type":"Feature","properties":{"id":"A10020541","name":"리마크빌 당산","district":"영등포구","neighborhood":"당산동3가","avgPrice":2.93,"households":4376,"buildingCount":27,"rank":94},"geometry":{"type":"Point","coordinates":[126.92172,37.51767]}},{"type":"Feature","properties":{"id":"A15681110","name":"대방대림","district":"동작구","neighborhood":"대방동","avgPrice":10.17,"households":4370,"buildingCount":9,"rank":95},"geometry":{"type":"Point","coordinates":[126.9245,37.507362]}},{"type":"Feature","properties":{"id":"A12078201","name":"인왕산현대","district":"서대문구","neighborhood":"홍제동","avgPrice":5.72,"households":4368,"buildingCount":7,"rank":96},"geometry":{"type":"Point","coordinates":[126.951005,37.585383]}},{"type":"Feature","properties":{"id":"A10027289","name":"센트라스","district":"성동구","neighborhood":"하왕십리동","avgPrice":13.37,"households":4362,"buildingCount":24,"rank":97},"geometry":{"type":"Point","coordinates":[127.028441,37.566331]}},{"type":"Feature","properties":{"id":"A10023887","name":"송파 시그니처 롯데캐슬아파트","district":"송파구","neighborhood":"거여동","avgPrice":10.84,"households":4362,"buildingCount":24,"rank":98},"geometry":{"type":"Point","coordinates":[127.14746,37.495995]}},{"type":"Feature","properties":{"id":"A10023886","name":"호반써밋목동아파트","district":"양천구","neighborhood":"신정동","avgPrice":8.55,"households":4361,"buildingCount":17,"rank":99},"geometry":{"type":"Point","coordinates":[126.853038,37.516495]}},{"type":"Feature","properties":{"id":"A10026719","name":"아스테리움용산","district":"용산구","neighborhood":"한강로2가","avgPrice":31.71,"households":4359,"buildingCount":11,"rank":100},"geometry":{"type":"Point","coordinates":[126.968933,37.527625]}},{"type":"Feature","properties":{"id":"A10021929","name":"수유벽산201아파트","district":"강북구","neighborhood":"수유동","avgPrice":10.65,"households":4357,"buildingCount":24,"rank":101},"geometry":{"type":"Point","coordinates":[127.050582,37.63492]}},{"type":"Feature","properties":{"id":"A10026717","name":"마천동신동아아파트","district":"송파구","neighborhood":"마천동","avgPrice":4.47,"households":4357,"buildingCount":30,"rank":102},"geometry":{"type":"Point","coordinates":[127.144553,37.500241]}},{"type":"Feature","properties":{"id":"A10026714","name":"도봉중흥S클래스","district":"도봉구","neighborhood":"도봉동","avgPrice":14.25,"households":4354,"buildingCount":22,"rank":103},"geometry":{"type":"Point","coordinates":[127.046608,37.684858]}},{"type":"Feature","properties":{"id":"A10026710","name":"프라비다2","district":"관악구","neighborhood":"봉천동","avgPrice":1.05,"households":4350,"buildingCount":22,"rank":104},"geometry":{"type":"Point","coordinates":[126.950478,37.479675]}},{"type":"Feature","properties":{"id":"A10020535","name":"서초쌍용플래티넘","district":"서초구","neighborhood":"서초동","avgPrice":6.23,"households":4349,"buildingCount":20,"rank":105},"geometry":{"type":"Point","coordinates":[127.017367,37.484045]}},{"type":"Feature","properties":{"id":"A15681108","name":"대방주공2단지","district":"동작구","neighborhood":"대방동","avgPrice":7.42,"households":4347,"buildingCount":12,"rank":106},"geometry":{"type":"Point","coordinates":[126.929592,37.509305]}},{"type":"Feature","properties":{"id":"A15681106","name":"대방현대1차","district":"동작구","neighborhood":"대방동","avgPrice":16.55,"households":4345,"buildingCount":4,"rank":107},"geometry":{"type":"Point","coordinates":[126.930671,37.512936]}},{"type":"Feature","properties":{"id":"A15681105","name":"대방성원","district":"동작구","neighborhood":"대방동","avgPrice":8.66,"households":4344,"buildingCount":4,"rank":108},"geometry":{"type":"Point","coordinates":[126.925516,37.509275]}},{"type":"Feature","properties":{"id":"A15279101","name":"온수힐스테이트","district":"구로구","neighborhood":"온수동","avgPrice":4.95,"households":4343,"buildingCount":16,"rank":109},"geometry":{"type":"Point","coordinates":[126.821168,37.496806]}},{"type":"Feature","properties":{"id":"A15681104","name":"대방2차현대","district":"동작구","neighborhood":"대방동","avgPrice":3.27,"households":4343,"buildingCount":31,"rank":110},"geometry":{"type":"Point","coordinates":[126.922892,37.499413]}},{"type":"Feature","properties":{"id":"A15681103","name":"대방우정","district":"동작구","neighborhood":"대방동","avgPrice":6.87,"households":4342,"buildingCount":14,"rank":111},"geometry":{"type":"Point","coordinates":[126.929844,37.51427]}},{"type":"Feature","properties":{"id":"A14083101","name":"브라운스톤용산","district":"용산구","neighborhood":"용문동","avgPrice":9.37,"households":4335,"buildingCount":15,"rank":112},"geometry":{"type":"Point","coordinates":[126.95928,37.536274]}},{"type":"Feature","properties":{"id":"A13611103","name":"래미안길음1차","district":"성북구","neighborhood":"길음동","avgPrice":11.45,"households":4333,"buildingCount":27,"rank":113},"geometry":{"type":"Point","coordinates":[127.020612,37.605199]}},{"type":"Feature","properties":{"id":"A13611102","name":"길음뉴타운3단지임대","district":"성북구","neighborhood":"길음동","avgPrice":4.98,"households":4332,"buildingCount":7,"rank":114},"geometry":{"type":"Point","coordinates":[127.017316,37.609574]}},{"type":"Feature","properties":{"id":"A12205004","name":"갈현현대아파트","district":"은평구","neighborhood":"구산동","avgPrice":3.18,"households":4331,"buildingCount":12,"rank":115},"geometry":{"type":"Point","coordinates":[126.905474,37.612992]}},{"type":"Feature","properties":{"id":"A12205003","name":"갈현1단지e-편한세상아파트","district":"은평구","neighborhood":"구산동","avgPrice":4.18,"households":4330,"buildingCount":10,"rank":116},"geometry":{"type":"Point","coordinates":[126.906347,37.611853]}},{"type":"Feature","properties":{"id":"A10023875","name":"DMC센트럴자이","district":"은평구","neighborhood":"증산동","avgPrice":9.19,"households":4329,"buildingCount":26,"rank":117},"geometry":{"type":"Point","coordinates":[126.903633,37.579983]}},{"type":"Feature","properties":{"id":"A12205001","name":"미미아파트","district":"은평구","neighborhood":"갈현동","avgPrice":3.75,"households":4328,"buildingCount":24,"rank":118},"geometry":{"type":"Point","coordinates":[126.913599,37.619013]}},{"type":"Feature","properties":{"id":"A12013101","name":"디엠씨현대","district":"서대문구","neighborhood":"북가좌동","avgPrice":11.65,"households":4326,"buildingCount":20,"rank":119},"geometry":{"type":"Point","coordinates":[126.907808,37.57665]}},{"type":"Feature","properties":{"id":"A10027274","name":"동대문푸르지오시티","district":"동대문구","neighborhood":"용두동","avgPrice":2.26,"households":4326,"buildingCount":13,"rank":120},"geometry":{"type":"Point","coordinates":[127.032785,37.577801]}},{"type":"Feature","properties":{"id":"A10021098","name":"목동2차아이파크","district":"양천구","neighborhood":"목동","avgPrice":8.77,"households":4324,"buildingCount":30,"rank":121},"geometry":{"type":"Point","coordinates":[126.870909,37.536534]}},{"type":"Feature","properties":{"id":"A10021097","name":"태릉입구역 이니티움","district":"노원구","neighborhood":"공릉동","avgPrice":2.04,"households":4323,"buildingCount":11,"rank":122},"geometry":{"type":"Point","coordinates":[127.073814,37.617361]}},{"type":"Feature","properties":{"id":"A13995602","name":"월계사슴1단지","district":"노원구","neighborhood":"월계동","avgPrice":1.28,"households":4322,"buildingCount":9,"rank":123},"geometry":{"type":"Point","coordinates":[127.060525,37.63007]}},{"type":"Feature","properties":{"id":"A10022481","name":"시흥 중앙하이츠빌라","district":"금천구","neighborhood":"시흥동","avgPrice":2.27,"households":4321,"buildingCount":5,"rank":124},"geometry":{"type":"Point","coordinates":[126.906031,37.457292]}},{"type":"Feature","properties":{"id":"A10022480","name":"마포트라팰리스2","district":"마포구","neighborhood":"아현동","avgPrice":5.65,"households":4320,"buildingCount":10,"rank":125},"geometry":{"type":"Point","coordinates":[126.955344,37.552307]}},{"type":"Feature","properties":{"id":"A10020526","name":"DMC SK VIEW 2단지","district":"은평구","neighborhood":"수색동","avgPrice":12.3,"households":4319,"buildingCount":29,"rank":126},"geometry":{"type":"Point","coordinates":[126.927998,37.615075]}},{"type":"Feature","properties":{"id":"A12185606","name":"마포신촌삼익아파트","district":"마포구","neighborhood":"신수동","avgPrice":7.89,"households":4316,"buildingCount":7,"rank":127},"geometry":{"type":"Point","coordinates":[126.935678,37.551307]}},{"type":"Feature","properties":{"id":"A12185605","name":"대원칸타빌","district":"마포구","neighborhood":"신수동","avgPrice":9.9,"households":4315,"buildingCount":8,"rank":128},"geometry":{"type":"Point","coordinates":[126.933689,37.547987]}},{"type":"Feature","properties":{"id":"A10025310","name":"백련산 에스케이뷰 아이파크","district":"은평구","neighborhood":"응암동","avgPrice":6.19,"households":4315,"buildingCount":27,"rank":129},"geometry":{"type":"Point","coordinates":[126.920881,37.595059]}},{"type":"Feature","properties":{"id":"A12185603","name":"신수현대","district":"마포구","neighborhood":"신수동","avgPrice":8.12,"households":4313,"buildingCount":8,"rank":130},"geometry":{"type":"Point","coordinates":[126.937407,37.543212]}},{"type":"Feature","properties":{"id":"A12185602","name":"신수세양청마루","district":"마포구","neighborhood":"신수동","avgPrice":7.06,"households":4312,"buildingCount":12,"rank":131},"geometry":{"type":"Point","coordinates":[126.936587,37.547713]}},{"type":"Feature","properties":{"id":"A13204302","name":"창동신창","district":"도봉구","neighborhood":"창동","avgPrice":2.13,"households":4302,"buildingCount":5,"rank":132},"geometry":{"type":"Point","coordinates":[127.041435,37.640459]}},{"type":"Feature","properties":{"id":"A13204301","name":"초안산신도브래뉴","district":"도봉구","neighborhood":"창동","avgPrice":3.59,"households":4301,"buildingCount":4,"rank":133},"geometry":{"type":"Point","coordinates":[127.042704,37.633399]}},{"type":"Feature","properties":{"id":"A10022477","name":"신사두산위브2차아파트","district":"은평구","neighborhood":"신사동","avgPrice":5.11,"households":4296,"buildingCount":10,"rank":134},"geometry":{"type":"Point","coordinates":[126.907176,37.5988]}},{"type":"Feature","properties":{"id":"A10022476","name":"논현 e편한세상","district":"강남구","neighborhood":"논현동","avgPrice":15,"households":4295,"buildingCount":10,"rank":135},"geometry":{"type":"Point","coordinates":[127.028954,37.506774]}},{"type":"Feature","properties":{"id":"A10022474","name":"서초동롯데캐슬리버티","district":"서초구","neighborhood":"서초동","avgPrice":14.26,"households":4293,"buildingCount":22,"rank":136},"geometry":{"type":"Point","coordinates":[127.017073,37.487496]}},{"type":"Feature","properties":{"id":"A15785613","name":"방화5단지","district":"강서구","neighborhood":"방화동","avgPrice":3.09,"households":4293,"buildingCount":26,"rank":137},"geometry":{"type":"Point","coordinates":[126.810384,37.577244]}},{"type":"Feature","properties":{"id":"A15785612","name":"방화6단지","district":"강서구","neighborhood":"방화동","avgPrice":1.83,"households":4292,"buildingCount":7,"rank":138},"geometry":{"type":"Point","coordinates":[126.810926,37.578494]}},{"type":"Feature","properties":{"id":"A15386506","name":"남서울럭키아파트","district":"금천구","neighborhood":"시흥동","avgPrice":11.75,"households":4291,"buildingCount":9,"rank":139},"geometry":{"type":"Point","coordinates":[126.898941,37.44821]}},{"type":"Feature","properties":{"id":"A10045404","name":"신당약수하이츠","district":"중구","neighborhood":"신당동","avgPrice":6.1,"households":4291,"buildingCount":4,"rank":140},"geometry":{"type":"Point","coordinates":[127.012344,37.554911]}},{"type":"Feature","properties":{"id":"A10045403","name":"신당삼성(분양)","district":"중구","neighborhood":"신당동","avgPrice":14.29,"households":4290,"buildingCount":22,"rank":141},"geometry":{"type":"Point","coordinates":[127.017088,37.560225]}},{"type":"Feature","properties":{"id":"A10045402","name":"약수하이츠아파트(임대)","district":"중구","neighborhood":"신당동","avgPrice":8.81,"households":4289,"buildingCount":8,"rank":142},"geometry":{"type":"Point","coordinates":[127.014489,37.554865]}},{"type":"Feature","properties":{"id":"A13879102","name":"잠실5단지아파트","district":"송파구","neighborhood":"잠실동","avgPrice":12.85,"households":4288,"buildingCount":27,"rank":143},"geometry":{"type":"Point","coordinates":[127.094892,37.515278]}},{"type":"Feature","properties":{"id":"A10045401","name":"신당삼성임대","district":"중구","neighborhood":"신당동","avgPrice":8.28,"households":4288,"buildingCount":18,"rank":144},"geometry":{"type":"Point","coordinates":[127.017986,37.558089]}},{"type":"Feature","properties":{"id":"A10025302","name":"항동하버라인4단지아파트","district":"구로구","neighborhood":"항동","avgPrice":3.83,"households":4286,"buildingCount":8,"rank":145},"geometry":{"type":"Point","coordinates":[126.896242,37.503015]}},{"type":"Feature","properties":{"id":"A13974103","name":"상계은빛3단지","district":"노원구","neighborhood":"상계동","avgPrice":1.15,"households":4285,"buildingCount":17,"rank":146},"geometry":{"type":"Point","coordinates":[127.056746,37.68292]}},{"type":"Feature","properties":{"id":"A13974102","name":"수락리버시티3단지","district":"노원구","neighborhood":"상계동","avgPrice":3.15,"households":4284,"buildingCount":14,"rank":147},"geometry":{"type":"Point","coordinates":[127.054253,37.687506]}},{"type":"Feature","properties":{"id":"A13974101","name":"수락리버시티 4단지","district":"노원구","neighborhood":"상계동","avgPrice":3.05,"households":4283,"buildingCount":17,"rank":148},"geometry":{"type":"Point","coordinates":[127.053556,37.686151]}},{"type":"Feature","properties":{"id":"A15805003","name":"목동3단지","district":"양천구","neighborhood":"목동","avgPrice":11.85,"households":4279,"buildingCount":19,"rank":149},"geometry":{"type":"Point","coordinates":[126.869678,37.534167]}},{"type":"Feature","properties":{"id":"A15805002","name":"목동한신청구","district":"양천구","neighborhood":"목동","avgPrice":15.65,"households":4278,"buildingCount":31,"rank":150},"geometry":{"type":"Point","coordinates":[126.882438,37.541612]}},{"type":"Feature","properties":{"id":"A12184201","name":"서교동대우미래사랑","district":"마포구","neighborhood":"서교동","avgPrice":2.85,"households":4276,"buildingCount":10,"rank":151},"geometry":{"type":"Point","coordinates":[126.916807,37.557283]}},{"type":"Feature","properties":{"id":"A13603401","name":"동소문동송산","district":"성북구","neighborhood":"동소문동4가","avgPrice":4.19,"households":4275,"buildingCount":31,"rank":152},"geometry":{"type":"Point","coordinates":[127.010257,37.59226]}},{"type":"Feature","properties":{"id":"A13071302","name":"래미안크레시티","district":"동대문구","neighborhood":"전농동","avgPrice":9.99,"households":4274,"buildingCount":16,"rank":153},"geometry":{"type":"Point","coordinates":[127.050607,37.576229]}},{"type":"Feature","properties":{"id":"A15081002","name":"당산강변래미안3차","district":"영등포구","neighborhood":"당산동","avgPrice":9.87,"households":4274,"buildingCount":11,"rank":154},"geometry":{"type":"Point","coordinates":[126.908449,37.529521]}},{"type":"Feature","properties":{"id":"A15081001","name":"래미안당산1차아파트","district":"영등포구","neighborhood":"당산동","avgPrice":8.38,"households":4273,"buildingCount":14,"rank":155},"geometry":{"type":"Point","coordinates":[126.905751,37.534258]}},{"type":"Feature","properties":{"id":"A13071301","name":"전농동아임대","district":"동대문구","neighborhood":"전농동","avgPrice":4.83,"households":4273,"buildingCount":12,"rank":156},"geometry":{"type":"Point","coordinates":[127.045804,37.574837]}},{"type":"Feature","properties":{"id":"A10023859","name":"대방동신일해피트리 아파트","district":"동작구","neighborhood":"대방동","avgPrice":5.56,"households":4271,"buildingCount":12,"rank":157},"geometry":{"type":"Point","coordinates":[126.927568,37.513891]}},{"type":"Feature","properties":{"id":"A10023858","name":"용산데시앙포레아파트","district":"용산구","neighborhood":"효창동","avgPrice":9.1,"households":4270,"buildingCount":14,"rank":158},"geometry":{"type":"Point","coordinates":[126.962674,37.54764]}},{"type":"Feature","properties":{"id":"A15785608","name":"방화동 개화아파트","district":"강서구","neighborhood":"방화동","avgPrice":9.7,"households":4267,"buildingCount":30,"rank":159},"geometry":{"type":"Point","coordinates":[126.812548,37.580725]}},{"type":"Feature","properties":{"id":"A10023855","name":"강동리엔파크13단지아파트","district":"강동구","neighborhood":"상일동","avgPrice":4.03,"households":4267,"buildingCount":6,"rank":160},"geometry":{"type":"Point","coordinates":[127.181874,37.552065]}},{"type":"Feature","properties":{"id":"A10022468","name":"은평뉴타운상림마을 9단지","district":"은평구","neighborhood":"진관동","avgPrice":14.35,"households":4266,"buildingCount":23,"rank":161},"geometry":{"type":"Point","coordinates":[126.928591,37.647417]}},{"type":"Feature","properties":{"id":"A10022466","name":"잠원금호베스트빌","district":"서초구","neighborhood":"잠원동","avgPrice":26.98,"households":4264,"buildingCount":28,"rank":162},"geometry":{"type":"Point","coordinates":[127.014486,37.514633]}},{"type":"Feature","properties":{"id":"A15785605","name":"방화9단지","district":"강서구","neighborhood":"방화동","avgPrice":2.2,"households":4264,"buildingCount":6,"rank":163},"geometry":{"type":"Point","coordinates":[126.807567,37.57502]}},{"type":"Feature","properties":{"id":"A10022464","name":"하월곡아남아파트","district":"성북구","neighborhood":"하월곡동","avgPrice":3.66,"households":4262,"buildingCount":23,"rank":164},"geometry":{"type":"Point","coordinates":[127.03495,37.605612]}},{"type":"Feature","properties":{"id":"A10021077","name":"구로현대의보아파트","district":"구로구","neighborhood":"구로동","avgPrice":3.35,"households":4261,"buildingCount":20,"rank":165},"geometry":{"type":"Point","coordinates":[126.87607,37.498278]}},{"type":"Feature","properties":{"id":"A15785601","name":"방화진로","district":"강서구","neighborhood":"방화동","avgPrice":9.85,"households":4260,"buildingCount":19,"rank":166},"geometry":{"type":"Point","coordinates":[126.808413,37.577023]}},{"type":"Feature","properties":{"id":"A10020507","name":"도봉롯데캐슬골든파크","district":"도봉구","neighborhood":"방학동","avgPrice":7.18,"households":4258,"buildingCount":14,"rank":167},"geometry":{"type":"Point","coordinates":[127.022856,37.663985]}},{"type":"Feature","properties":{"id":"A15381706","name":"금천현대","district":"금천구","neighborhood":"독산동","avgPrice":3.72,"households":4258,"buildingCount":4,"rank":168},"geometry":{"type":"Point","coordinates":[126.890474,37.462395]}},{"type":"Feature","properties":{"id":"A10020506","name":"롯데캐슬이스트폴 아파트 ","district":"광진구","neighborhood":"자양동","avgPrice":18.31,"households":4257,"buildingCount":31,"rank":169},"geometry":{"type":"Point","coordinates":[127.065654,37.546095]}},{"type":"Feature","properties":{"id":"A10020503","name":"라체르보푸르지오써밋","district":"성동구","neighborhood":"행당동","avgPrice":20.85,"households":4254,"buildingCount":11,"rank":170},"geometry":{"type":"Point","coordinates":[127.04048,37.554718]}},{"type":"Feature","properties":{"id":"A10044002","name":"롯데캐슬베네치아","district":"중구","neighborhood":"황학동","avgPrice":15.65,"households":4254,"buildingCount":21,"rank":171},"geometry":{"type":"Point","coordinates":[127.021464,37.570959]}},{"type":"Feature","properties":{"id":"A10044001","name":"SH황학롯데캐슬베네치아","district":"중구","neighborhood":"황학동","avgPrice":6.92,"households":4253,"buildingCount":22,"rank":172},"geometry":{"type":"Point","coordinates":[127.021321,37.570917]}},{"type":"Feature","properties":{"id":"A13183504","name":"면목늘푸른동아아파트","district":"중랑구","neighborhood":"면목동","avgPrice":4.43,"households":4252,"buildingCount":6,"rank":173},"geometry":{"type":"Point","coordinates":[127.080537,37.572861]}},{"type":"Feature","properties":{"id":"A14319204","name":"자양현대3차","district":"광진구","neighborhood":"자양동","avgPrice":8.91,"households":4251,"buildingCount":10,"rank":174},"geometry":{"type":"Point","coordinates":[127.083462,37.528238]}},{"type":"Feature","properties":{"id":"A14319203","name":"자양현대5차","district":"광진구","neighborhood":"자양동","avgPrice":15.75,"households":4250,"buildingCount":16,"rank":175},"geometry":{"type":"Point","coordinates":[127.078778,37.528482]}},{"type":"Feature","properties":{"id":"A15672002","name":"보라매삼성쉐르빌","district":"동작구","neighborhood":"신대방동","avgPrice":10.79,"households":4250,"buildingCount":31,"rank":176},"geometry":{"type":"Point","coordinates":[126.923365,37.491479]}},{"type":"Feature","properties":{"id":"A13183502","name":"면목삼익","district":"중랑구","neighborhood":"면목동","avgPrice":4.3,"households":4250,"buildingCount":26,"rank":177},"geometry":{"type":"Point","coordinates":[127.079527,37.575239]}},{"type":"Feature","properties":{"id":"A15672001","name":"보라매우성","district":"동작구","neighborhood":"신대방동","avgPrice":5.04,"households":4249,"buildingCount":17,"rank":178},"geometry":{"type":"Point","coordinates":[126.925355,37.492373]}},{"type":"Feature","properties":{"id":"A14319201","name":"현대강변","district":"광진구","neighborhood":"자양동","avgPrice":7.76,"households":4248,"buildingCount":7,"rank":179},"geometry":{"type":"Point","coordinates":[127.085842,37.528385]}},{"type":"Feature","properties":{"id":"A13986509","name":"중계주공1단지","district":"노원구","neighborhood":"중계동","avgPrice":6.95,"households":4238,"buildingCount":17,"rank":180},"geometry":{"type":"Point","coordinates":[127.065215,37.647272]}},{"type":"Feature","properties":{"id":"A12004001","name":"서대문천연뜨란채아파트","district":"서대문구","neighborhood":"천연동","avgPrice":5.58,"households":4235,"buildingCount":8,"rank":181},"geometry":{"type":"Point","coordinates":[126.958503,37.567424]}},{"type":"Feature","properties":{"id":"A13986505","name":"중계시영3단지목련","district":"노원구","neighborhood":"중계동","avgPrice":1.44,"households":4234,"buildingCount":6,"rank":182},"geometry":{"type":"Point","coordinates":[127.069087,37.646508]}},{"type":"Feature","properties":{"id":"A10022456","name":"상도2차갑을명가아파트","district":"동작구","neighborhood":"상도동","avgPrice":4.57,"households":4233,"buildingCount":17,"rank":183},"geometry":{"type":"Point","coordinates":[126.935463,37.493556]}},{"type":"Feature","properties":{"id":"A13986504","name":"중계무지개아파트","district":"노원구","neighborhood":"중계동","avgPrice":3.06,"households":4233,"buildingCount":11,"rank":184},"geometry":{"type":"Point","coordinates":[127.066096,37.643292]}},{"type":"Feature","properties":{"id":"A15780806","name":"가양5단지","district":"강서구","neighborhood":"가양동","avgPrice":11.15,"households":4232,"buildingCount":16,"rank":185},"geometry":{"type":"Point","coordinates":[126.853538,37.564631]}},{"type":"Feature","properties":{"id":"A10022452","name":"장안3차현대홈타운","district":"동대문구","neighborhood":"장안동","avgPrice":11,"households":4229,"buildingCount":24,"rank":186},"geometry":{"type":"Point","coordinates":[127.073161,37.574947]}},{"type":"Feature","properties":{"id":"A15784201","name":"등촌현대1차(한마음)","district":"강서구","neighborhood":"등촌동","avgPrice":4.93,"households":4225,"buildingCount":27,"rank":187},"geometry":{"type":"Point","coordinates":[126.855087,37.555927]}},{"type":"Feature","properties":{"id":"A13407204","name":"명일신동아","district":"강동구","neighborhood":"명일동","avgPrice":14.38,"households":4218,"buildingCount":24,"rank":188},"geometry":{"type":"Point","coordinates":[127.152125,37.553777]}},{"type":"Feature","properties":{"id":"A13407202","name":"명일삼환아파트","district":"강동구","neighborhood":"명일동","avgPrice":16.7,"households":4216,"buildingCount":9,"rank":189},"geometry":{"type":"Point","coordinates":[127.153446,37.553496]}},{"type":"Feature","properties":{"id":"A13407201","name":"명일삼익그린11차","district":"강동구","neighborhood":"명일동","avgPrice":8.86,"households":4215,"buildingCount":24,"rank":190},"geometry":{"type":"Point","coordinates":[127.15077,37.551972]}},{"type":"Feature","properties":{"id":"A10023835","name":"중랑지웰에스테이트","district":"중랑구","neighborhood":"면목동","avgPrice":6.1,"households":4205,"buildingCount":4,"rank":191},"geometry":{"type":"Point","coordinates":[127.086619,37.587228]}},{"type":"Feature","properties":{"id":"A10023834","name":"칼튼테라스","district":"중랑구","neighborhood":"묵동","avgPrice":1.38,"households":4204,"buildingCount":20,"rank":192},"geometry":{"type":"Point","coordinates":[127.078477,37.611762]}},{"type":"Feature","properties":{"id":"A13886701","name":"잠실현대","district":"송파구","neighborhood":"잠실동","avgPrice":10.98,"households":4201,"buildingCount":12,"rank":193},"geometry":{"type":"Point","coordinates":[127.085366,37.50409]}},{"type":"Feature","properties":{"id":"A13985107","name":"월계청백4단지","district":"노원구","neighborhood":"월계동","avgPrice":2.85,"households":4201,"buildingCount":12,"rank":194},"geometry":{"type":"Point","coordinates":[127.051855,37.631563]}},{"type":"Feature","properties":{"id":"A13985106","name":"월계청백1단지","district":"노원구","neighborhood":"월계동","avgPrice":5.95,"households":4200,"buildingCount":13,"rank":195},"geometry":{"type":"Point","coordinates":[127.051215,37.635807]}},{"type":"Feature","properties":{"id":"A13985105","name":"월계청백3단지","district":"노원구","neighborhood":"월계동","avgPrice":1.66,"households":4199,"buildingCount":31,"rank":196},"geometry":{"type":"Point","coordinates":[127.051523,37.635619]}},{"type":"Feature","properties":{"id":"A10021056","name":"센트레빌아스테리움시그니처아파트","district":"은평구","neighborhood":"역촌동","avgPrice":9.03,"households":4198,"buildingCount":28,"rank":197},"geometry":{"type":"Point","coordinates":[126.908394,37.591315]}},{"type":"Feature","properties":{"id":"A13985103","name":"월계대우아파트","district":"노원구","neighborhood":"월계동","avgPrice":4.32,"households":4197,"buildingCount":28,"rank":198},"geometry":{"type":"Point","coordinates":[127.051389,37.633199]}},{"type":"Feature","properties":{"id":"A13482801","name":"명일현대","district":"강동구","neighborhood":"명일동","avgPrice":7.75,"households":4194,"buildingCount":7,"rank":199},"geometry":{"type":"Point","coordinates":[127.154678,37.551482]}},{"type":"Feature","properties":{"id":"A13613012","name":"길음서희스타힐스","district":"성북구","neighborhood":"하월곡동","avgPrice":4.93,"households":4184,"buildingCount":24,"rank":200},"geometry":{"type":"Point","coordinates":[127.027328,37.605335]}},{"type":"Feature","properties":{"id":"A15101702","name":"관악산휴먼시아3단지","district":"관악구","neighborhood":"신림동","avgPrice":1.95,"households":4184,"buildingCount":24,"rank":201},"geometry":{"type":"Point","coordinates":[126.918379,37.460595]}},{"type":"Feature","properties":{"id":"A10020999","name":"잠원현대훼밀리아파트","district":"서초구","neighborhood":"잠원동","avgPrice":18.86,"households":4183,"buildingCount":4,"rank":202},"geometry":{"type":"Point","coordinates":[127.012696,37.518485]}},{"type":"Feature","properties":{"id":"A13613011","name":"동일하이빌뉴시티","district":"성북구","neighborhood":"하월곡동","avgPrice":8.73,"households":4183,"buildingCount":27,"rank":203},"geometry":{"type":"Point","coordinates":[127.031296,37.604401]}},{"type":"Feature","properties":{"id":"A13613010","name":"월곡두산제2아파트임대","district":"성북구","neighborhood":"하월곡동","avgPrice":10.35,"households":4182,"buildingCount":5,"rank":204},"geometry":{"type":"Point","coordinates":[127.02047,37.57041]}},{"type":"Feature","properties":{"id":"A10024398","name":"래미안 목동아델리체","district":"양천구","neighborhood":"신정동","avgPrice":10.24,"households":4180,"buildingCount":20,"rank":205},"geometry":{"type":"Point","coordinates":[126.851675,37.519173]}},{"type":"Feature","properties":{"id":"A14313001","name":"화양현대","district":"광진구","neighborhood":"화양동","avgPrice":6.31,"households":4180,"buildingCount":5,"rank":206},"geometry":{"type":"Point","coordinates":[127.0658,37.544484]}},{"type":"Feature","properties":{"id":"A14006001","name":"신창세방리버하이빌","district":"용산구","neighborhood":"신창동","avgPrice":7.84,"households":4179,"buildingCount":6,"rank":207},"geometry":{"type":"Point","coordinates":[126.953913,37.536019]}},{"type":"Feature","properties":{"id":"A10023829","name":"꿈의숲한신더휴아파트","district":"강북구","neighborhood":"미아동","avgPrice":4.67,"households":4178,"buildingCount":14,"rank":208},"geometry":{"type":"Point","coordinates":[127.033045,37.619813]}},{"type":"Feature","properties":{"id":"A10023827","name":"쌍문동 에덴아파트","district":"도봉구","neighborhood":"쌍문동","avgPrice":2.52,"households":4176,"buildingCount":30,"rank":209},"geometry":{"type":"Point","coordinates":[127.039702,37.660383]}},{"type":"Feature","properties":{"id":"A10020992","name":"낙원아파트","district":"종로구","neighborhood":"낙원동","avgPrice":2.48,"households":4176,"buildingCount":17,"rank":210},"geometry":{"type":"Point","coordinates":[126.987643,37.572227]}},{"type":"Feature","properties":{"id":"A10023825","name":"강남센트럴아이파크","district":"강남구","neighborhood":"역삼동","avgPrice":28.48,"households":4174,"buildingCount":21,"rank":211},"geometry":{"type":"Point","coordinates":[127.045688,37.500491]}},{"type":"Feature","properties":{"id":"A10027227","name":"돈암코오롱하늘채아파트","district":"성북구","neighborhood":"돈암동","avgPrice":6.48,"households":4174,"buildingCount":9,"rank":212},"geometry":{"type":"Point","coordinates":[127.02106,37.598487]}},{"type":"Feature","properties":{"id":"A10024391","name":"태영방송인아파트","district":"강서구","neighborhood":"화곡동","avgPrice":3.3,"households":4173,"buildingCount":5,"rank":213},"geometry":{"type":"Point","coordinates":[126.85368,37.537483]}},{"type":"Feature","properties":{"id":"A13786901","name":"서초1차e편한세상","district":"서초구","neighborhood":"서초동","avgPrice":20.7,"households":4172,"buildingCount":31,"rank":214},"geometry":{"type":"Point","coordinates":[127.006716,37.481227]}},{"type":"Feature","properties":{"id":"A13885306","name":"가락삼익맨숀","district":"송파구","neighborhood":"송파동","avgPrice":17.07,"households":4171,"buildingCount":30,"rank":215},"geometry":{"type":"Point","coordinates":[127.121474,37.504246]}},{"type":"Feature","properties":{"id":"A13885304","name":"송파한양2차","district":"송파구","neighborhood":"송파동","avgPrice":15.8,"households":4169,"buildingCount":22,"rank":216},"geometry":{"type":"Point","coordinates":[127.1163,37.505029]}},{"type":"Feature","properties":{"id":"A15809702","name":"신월신안파크","district":"양천구","neighborhood":"신월동","avgPrice":2.4,"households":4169,"buildingCount":4,"rank":217},"geometry":{"type":"Point","coordinates":[126.829611,37.523453]}},{"type":"Feature","properties":{"id":"A10027221","name":"래미안 서초에스티지","district":"서초구","neighborhood":"서초동","avgPrice":23.94,"households":4168,"buildingCount":28,"rank":218},"geometry":{"type":"Point","coordinates":[127.025162,37.492813]}},{"type":"Feature","properties":{"id":"A15809701","name":"신월길훈","district":"양천구","neighborhood":"신월동","avgPrice":13,"households":4168,"buildingCount":12,"rank":219},"geometry":{"type":"Point","coordinates":[126.855496,37.505425]}},{"type":"Feature","properties":{"id":"A13885303","name":"송파미성","district":"송파구","neighborhood":"송파동","avgPrice":12.55,"households":4168,"buildingCount":28,"rank":220},"geometry":{"type":"Point","coordinates":[127.118521,37.506429]}},{"type":"Feature","properties":{"id":"A13885301","name":"송파현대1차","district":"송파구","neighborhood":"송파동","avgPrice":8.3,"households":4166,"buildingCount":26,"rank":221},"geometry":{"type":"Point","coordinates":[127.118188,37.503365]}},{"type":"Feature","properties":{"id":"A10022430","name":"신길AK푸르지오주상복합","district":"영등포구","neighborhood":"신길동","avgPrice":5.38,"households":4165,"buildingCount":11,"rank":222},"geometry":{"type":"Point","coordinates":[126.910095,37.506613]}},{"type":"Feature","properties":{"id":"A15180705","name":"관악드림타운","district":"관악구","neighborhood":"봉천동","avgPrice":12.05,"households":4164,"buildingCount":9,"rank":223},"geometry":{"type":"Point","coordinates":[126.950669,37.489809]}},{"type":"Feature","properties":{"id":"A13079403","name":"이문쌍용임대","district":"동대문구","neighborhood":"이문동","avgPrice":5.35,"households":4164,"buildingCount":8,"rank":224},"geometry":{"type":"Point","coordinates":[127.068551,37.600166]}},{"type":"Feature","properties":{"id":"A10021043","name":"방화스카이포레아파트","district":"강서구","neighborhood":"방화동","avgPrice":1.4,"households":4164,"buildingCount":11,"rank":225},"geometry":{"type":"Point","coordinates":[126.877688,37.53524]}},{"type":"Feature","properties":{"id":"A13079402","name":"이문현대임대","district":"동대문구","neighborhood":"이문동","avgPrice":4.86,"households":4163,"buildingCount":4,"rank":226},"geometry":{"type":"Point","coordinates":[127.07011,37.601164]}},{"type":"Feature","properties":{"id":"A13079401","name":"대림아파트201동","district":"동대문구","neighborhood":"이문동","avgPrice":7,"households":4162,"buildingCount":6,"rank":227},"geometry":{"type":"Point","coordinates":[127.055086,37.590555]}},{"type":"Feature","properties":{"id":"A15180701","name":"봉천벽산타운2차","district":"관악구","neighborhood":"봉천동","avgPrice":10.5,"households":4160,"buildingCount":8,"rank":228},"geometry":{"type":"Point","coordinates":[126.945988,37.492667]}},{"type":"Feature","properties":{"id":"A13613009","name":"꿈의숲푸르지오","district":"성북구","neighborhood":"하월곡동","avgPrice":4.95,"households":4160,"buildingCount":30,"rank":229},"geometry":{"type":"Point","coordinates":[127.039005,37.610828]}},{"type":"Feature","properties":{"id":"A13613008","name":"월곡두산위브아파트","district":"성북구","neighborhood":"하월곡동","avgPrice":5.34,"households":4159,"buildingCount":15,"rank":230},"geometry":{"type":"Point","coordinates":[127.038555,37.606932]}},{"type":"Feature","properties":{"id":"A15184101","name":"서울대입구아이원 (1560-61)","district":"관악구","neighborhood":"봉천동","avgPrice":6.11,"households":4158,"buildingCount":16,"rank":231},"geometry":{"type":"Point","coordinates":[126.945454,37.478298]}},{"type":"Feature","properties":{"id":"A13613007","name":"래미안월곡","district":"성북구","neighborhood":"하월곡동","avgPrice":5.7,"households":4158,"buildingCount":29,"rank":232},"geometry":{"type":"Point","coordinates":[127.036872,37.610451]}},{"type":"Feature","properties":{"id":"A14085002","name":"원효산호","district":"용산구","neighborhood":"원효로4가","avgPrice":13.71,"households":4157,"buildingCount":8,"rank":233},"geometry":{"type":"Point","coordinates":[126.950153,37.532609]}},{"type":"Feature","properties":{"id":"A13613006","name":"월곡래미안루나밸리","district":"성북구","neighborhood":"하월곡동","avgPrice":6.32,"households":4157,"buildingCount":15,"rank":234},"geometry":{"type":"Point","coordinates":[127.042113,37.599068]}},{"type":"Feature","properties":{"id":"A13613005","name":"하월곡동신","district":"성북구","neighborhood":"하월곡동","avgPrice":4.42,"households":4156,"buildingCount":28,"rank":235},"geometry":{"type":"Point","coordinates":[127.035427,37.604432]}},{"type":"Feature","properties":{"id":"A13613004","name":"성북힐스테이트","district":"성북구","neighborhood":"하월곡동","avgPrice":5.15,"households":4155,"buildingCount":12,"rank":236},"geometry":{"type":"Point","coordinates":[127.029689,37.606526]}},{"type":"Feature","properties":{"id":"A15005303","name":"신길1차우성아파트","district":"영등포구","neighborhood":"신길동","avgPrice":8.95,"households":4154,"buildingCount":28,"rank":237},"geometry":{"type":"Point","coordinates":[126.899985,37.505188]}},{"type":"Feature","properties":{"id":"A13613003","name":"월곡3SH-vill","district":"성북구","neighborhood":"하월곡동","avgPrice":6.9,"households":4154,"buildingCount":25,"rank":238},"geometry":{"type":"Point","coordinates":[127.037036,37.610501]}},{"type":"Feature","properties":{"id":"A13114106","name":"묵동신안3차","district":"중랑구","neighborhood":"묵동","avgPrice":4.19,"households":4154,"buildingCount":13,"rank":239},"geometry":{"type":"Point","coordinates":[127.081711,37.612526]}},{"type":"Feature","properties":{"id":"A13613002","name":"월곡2SHville임대","district":"성북구","neighborhood":"하월곡동","avgPrice":13.4,"households":4153,"buildingCount":4,"rank":240},"geometry":{"type":"Point","coordinates":[126.99234,37.61028]}},{"type":"Feature","properties":{"id":"A15005302","name":"신길건영","district":"영등포구","neighborhood":"신길동","avgPrice":6.19,"households":4153,"buildingCount":17,"rank":241},"geometry":{"type":"Point","coordinates":[126.901162,37.504995]}},{"type":"Feature","properties":{"id":"A13920001","name":"상계우방","district":"노원구","neighborhood":"상계동","avgPrice":3.83,"households":4153,"buildingCount":28,"rank":242},"geometry":{"type":"Point","coordinates":[127.056836,37.672187]}},{"type":"Feature","properties":{"id":"A10020989","name":"길동한빛아파트101동","district":"강동구","neighborhood":"길동","avgPrice":16.4,"households":4152,"buildingCount":7,"rank":243},"geometry":{"type":"Point","coordinates":[127.132848,37.54891]}},{"type":"Feature","properties":{"id":"A13613001","name":"하월곡아남","district":"성북구","neighborhood":"하월곡동","avgPrice":16,"households":4152,"buildingCount":5,"rank":244},"geometry":{"type":"Point","coordinates":[127.034494,37.606039]}},{"type":"Feature","properties":{"id":"A15005301","name":"신길우성5차","district":"영등포구","neighborhood":"신길동","avgPrice":4.99,"households":4152,"buildingCount":24,"rank":245},"geometry":{"type":"Point","coordinates":[126.903595,37.506691]}},{"type":"Feature","properties":{"id":"A10020988","name":"길동한빛아파트103동","district":"강동구","neighborhood":"길동","avgPrice":13.65,"households":4151,"buildingCount":13,"rank":246},"geometry":{"type":"Point","coordinates":[127.098222,37.552015]}},{"type":"Feature","properties":{"id":"A13114103","name":"묵동금호어울림","district":"중랑구","neighborhood":"묵동","avgPrice":5.24,"households":4151,"buildingCount":24,"rank":247},"geometry":{"type":"Point","coordinates":[127.080264,37.612719]}},{"type":"Feature","properties":{"id":"A10020986","name":"노원아이파크","district":"노원구","neighborhood":"상계동","avgPrice":13.25,"households":4149,"buildingCount":24,"rank":248},"geometry":{"type":"Point","coordinates":[127.068908,37.65981]}},{"type":"Feature","properties":{"id":"A14001201","name":"한강로벽산메가트리움","district":"용산구","neighborhood":"한강로2가","avgPrice":11.74,"households":4146,"buildingCount":18,"rank":249},"geometry":{"type":"Point","coordinates":[126.96975,37.532574]}},{"type":"Feature","properties":{"id":"A10025770","name":"아크로 리버하임","district":"동작구","neighborhood":"흑석동","avgPrice":19.02,"households":4145,"buildingCount":4,"rank":250},"geometry":{"type":"Point","coordinates":[126.959685,37.510666]}},{"type":"Feature","properties":{"id":"A10023816","name":"LH서울양원1단지","district":"중랑구","neighborhood":"망우동","avgPrice":2.3,"households":4144,"buildingCount":22,"rank":251},"geometry":{"type":"Point","coordinates":[127.107189,37.608999]}},{"type":"Feature","properties":{"id":"A10022429","name":"중동 동원월드타운아파트","district":"마포구","neighborhood":"중동","avgPrice":4.84,"households":4143,"buildingCount":29,"rank":252},"geometry":{"type":"Point","coordinates":[126.909764,37.569893]}},{"type":"Feature","properties":{"id":"A10023815","name":"로프트원 태릉입구역","district":"중랑구","neighborhood":"묵동","avgPrice":1.37,"households":4143,"buildingCount":29,"rank":253},"geometry":{"type":"Point","coordinates":[127.076875,37.615381]}},{"type":"Feature","properties":{"id":"A10022428","name":"문래건영아파트","district":"영등포구","neighborhood":"문래동3가","avgPrice":6.2,"households":4142,"buildingCount":23,"rank":254},"geometry":{"type":"Point","coordinates":[126.892519,37.518419]}},{"type":"Feature","properties":{"id":"A15676702","name":"본동SH-ville","district":"동작구","neighborhood":"본동","avgPrice":12.95,"households":4141,"buildingCount":11,"rank":255},"geometry":{"type":"Point","coordinates":[126.931644,37.522975]}},{"type":"Feature","properties":{"id":"A15676701","name":"신동아리버파크제2관리사무소","district":"동작구","neighborhood":"노량진동","avgPrice":10.9,"households":4140,"buildingCount":7,"rank":256},"geometry":{"type":"Point","coordinates":[126.960064,37.50952]}},{"type":"Feature","properties":{"id":"A11054301","name":"창신쌍용1단지","district":"종로구","neighborhood":"창신동","avgPrice":4.63,"households":4138,"buildingCount":22,"rank":257},"geometry":{"type":"Point","coordinates":[127.013934,37.580457]}},{"type":"Feature","properties":{"id":"A10022424","name":"우민조원아파트","district":"관악구","neighborhood":"신림동","avgPrice":4.32,"households":4138,"buildingCount":12,"rank":258},"geometry":{"type":"Point","coordinates":[126.907282,37.484101]}},{"type":"Feature","properties":{"id":"A13381608","name":"청계현대아파트","district":"성동구","neighborhood":"마장동","avgPrice":6.98,"households":4137,"buildingCount":13,"rank":259},"geometry":{"type":"Point","coordinates":[127.042597,37.569489]}},{"type":"Feature","properties":{"id":"A10021037","name":"신부파스카 5차","district":"동대문구","neighborhood":"장안동","avgPrice":4.19,"households":4137,"buildingCount":23,"rank":260},"geometry":{"type":"Point","coordinates":[127.072278,37.574606]}},{"type":"Feature","properties":{"id":"A10021034","name":"브라이튼N40","district":"강남구","neighborhood":"논현동","avgPrice":39.26,"households":4134,"buildingCount":30,"rank":261},"geometry":{"type":"Point","coordinates":[127.026539,37.514257]}},{"type":"Feature","properties":{"id":"A13381604","name":"왕십리금호어울림아파트","district":"성동구","neighborhood":"마장동","avgPrice":8.55,"households":4133,"buildingCount":4,"rank":262},"geometry":{"type":"Point","coordinates":[127.040646,37.562946]}},{"type":"Feature","properties":{"id":"A12187501","name":"래미안마포리버웰","district":"마포구","neighborhood":"용강동","avgPrice":17.73,"households":4132,"buildingCount":4,"rank":263},"geometry":{"type":"Point","coordinates":[126.941678,37.542248]}},{"type":"Feature","properties":{"id":"A15870102","name":"목동현대A","district":"양천구","neighborhood":"목동","avgPrice":8.85,"households":4131,"buildingCount":29,"rank":264},"geometry":{"type":"Point","coordinates":[126.868288,37.528585]}},{"type":"Feature","properties":{"id":"A15870101","name":"목동트라팰리스","district":"양천구","neighborhood":"목동","avgPrice":8.95,"households":4130,"buildingCount":12,"rank":265},"geometry":{"type":"Point","coordinates":[126.870444,37.525987]}},{"type":"Feature","properties":{"id":"A13381601","name":"왕십리중앙하이츠","district":"성동구","neighborhood":"마장동","avgPrice":6.34,"households":4130,"buildingCount":12,"rank":266},"geometry":{"type":"Point","coordinates":[127.039237,37.565441]}},{"type":"Feature","properties":{"id":"A10021030","name":"신도림팰러티움","district":"구로구","neighborhood":"신도림동","avgPrice":4.79,"households":4130,"buildingCount":12,"rank":267},"geometry":{"type":"Point","coordinates":[126.881951,37.504046]}},{"type":"Feature","properties":{"id":"A13820201","name":"올림픽훼밀리타운","district":"송파구","neighborhood":"문정동","avgPrice":20.02,"households":4124,"buildingCount":19,"rank":268},"geometry":{"type":"Point","coordinates":[127.115388,37.488636]}},{"type":"Feature","properties":{"id":"A10025768","name":"이편한세상 상도노빌리티","district":"동작구","neighborhood":"상도동","avgPrice":9,"households":4122,"buildingCount":10,"rank":269},"geometry":{"type":"Point","coordinates":[126.947549,37.505022]}},{"type":"Feature","properties":{"id":"A10025767","name":"홍제센트럴아이파크","district":"서대문구","neighborhood":"홍제동","avgPrice":8.65,"households":4121,"buildingCount":13,"rank":270},"geometry":{"type":"Point","coordinates":[126.944831,37.584867]}},{"type":"Feature","properties":{"id":"A10020977","name":"서울숲르씨엘아파트","district":"성동구","neighborhood":"금호동4가","avgPrice":8.73,"households":4119,"buildingCount":10,"rank":271},"geometry":{"type":"Point","coordinates":[127.022956,37.547372]}},{"type":"Feature","properties":{"id":"A10025765","name":"은평 스카이뷰 자이","district":"은평구","neighborhood":"진관동","avgPrice":7.19,"households":4119,"buildingCount":25,"rank":272},"geometry":{"type":"Point","coordinates":[126.917818,37.635173]}},{"type":"Feature","properties":{"id":"A10024379","name":"(풍납)대동아파트","district":"송파구","neighborhood":"풍납동","avgPrice":4.62,"households":4119,"buildingCount":6,"rank":273},"geometry":{"type":"Point","coordinates":[127.117,37.535285]}},{"type":"Feature","properties":{"id":"A10020974","name":"동양엔파트2차","district":"중랑구","neighborhood":"중화동","avgPrice":4.52,"households":4116,"buildingCount":30,"rank":274},"geometry":{"type":"Point","coordinates":[127.075332,37.594026]}},{"type":"Feature","properties":{"id":"A15788901","name":"화곡미성","district":"강서구","neighborhood":"화곡동","avgPrice":3.47,"households":4116,"buildingCount":30,"rank":275},"geometry":{"type":"Point","coordinates":[126.845116,37.535602]}},{"type":"Feature","properties":{"id":"A12010203","name":"홍은극동","district":"서대문구","neighborhood":"홍은동","avgPrice":3.45,"households":4116,"buildingCount":11,"rank":276},"geometry":{"type":"Point","coordinates":[126.950958,37.60266]}},{"type":"Feature","properties":{"id":"A12010202","name":"홍은풍림아이원","district":"서대문구","neighborhood":"홍은동","avgPrice":14.05,"households":4115,"buildingCount":22,"rank":277},"geometry":{"type":"Point","coordinates":[126.948058,37.603974]}},{"type":"Feature","properties":{"id":"A10027207","name":"래미안힐스테이트 고덕","district":"강동구","neighborhood":"고덕동","avgPrice":13.32,"households":4112,"buildingCount":25,"rank":278},"geometry":{"type":"Point","coordinates":[127.147074,37.558946]}},{"type":"Feature","properties":{"id":"A10022419","name":"길음역 롯데캐슬 트윈골드","district":"성북구","neighborhood":"길음동","avgPrice":10.9,"households":4112,"buildingCount":16,"rank":279},"geometry":{"type":"Point","coordinates":[127.032998,37.609695]}},{"type":"Feature","properties":{"id":"A10027205","name":"아크로리버파크","district":"서초구","neighborhood":"반포동","avgPrice":44.97,"households":4110,"buildingCount":20,"rank":280},"geometry":{"type":"Point","coordinates":[126.992604,37.50554]}},{"type":"Feature","properties":{"id":"A15288611","name":"신도림미성","district":"구로구","neighborhood":"신도림동","avgPrice":4.74,"households":4109,"buildingCount":5,"rank":281},"geometry":{"type":"Point","coordinates":[126.876469,37.507388]}},{"type":"Feature","properties":{"id":"A10022416","name":"더써밋타워","district":"동작구","neighborhood":"노량진동","avgPrice":2.67,"households":4109,"buildingCount":27,"rank":282},"geometry":{"type":"Point","coordinates":[126.940492,37.513064]}},{"type":"Feature","properties":{"id":"A13972603","name":"중계4단지목화","district":"노원구","neighborhood":"중계동","avgPrice":1.98,"households":4108,"buildingCount":28,"rank":283},"geometry":{"type":"Point","coordinates":[127.069475,37.643166]}},{"type":"Feature","properties":{"id":"A13972602","name":"중계중앙하이츠아쿠아","district":"노원구","neighborhood":"중계동","avgPrice":4.62,"households":4107,"buildingCount":11,"rank":284},"geometry":{"type":"Point","coordinates":[127.067945,37.644992]}},{"type":"Feature","properties":{"id":"A13972601","name":"중계건영2차","district":"노원구","neighborhood":"중계동","avgPrice":4.45,"households":4106,"buildingCount":10,"rank":285},"geometry":{"type":"Point","coordinates":[127.066148,37.646878]}},{"type":"Feature","properties":{"id":"A10022412","name":"신림한양아파트","district":"관악구","neighborhood":"신림동","avgPrice":3.47,"households":4105,"buildingCount":27,"rank":286},"geometry":{"type":"Point","coordinates":[126.914991,37.472975]}},{"type":"Feature","properties":{"id":"A13186801","name":"신내다우훼밀리","district":"중랑구","neighborhood":"신내동","avgPrice":3.39,"households":4105,"buildingCount":16,"rank":287},"geometry":{"type":"Point","coordinates":[127.096056,37.60046]}},{"type":"Feature","properties":{"id":"A13784102","name":"방배1차이편한세상","district":"서초구","neighborhood":"방배동","avgPrice":16.4,"households":4103,"buildingCount":7,"rank":288},"geometry":{"type":"Point","coordinates":[126.998944,37.487702]}},{"type":"Feature","properties":{"id":"A13281802","name":"도봉럭키","district":"도봉구","neighborhood":"도봉동","avgPrice":3.43,"households":4102,"buildingCount":24,"rank":289},"geometry":{"type":"Point","coordinates":[127.044448,37.679177]}},{"type":"Feature","properties":{"id":"A10021020","name":"한진그랑빌 ","district":"중구","neighborhood":"신당동","avgPrice":7.55,"households":4099,"buildingCount":29,"rank":290},"geometry":{"type":"Point","coordinates":[127.026267,37.563322]}},{"type":"Feature","properties":{"id":"A13552002","name":"강남데시앙포레","district":"강남구","neighborhood":"수서동","avgPrice":14.5,"households":4095,"buildingCount":6,"rank":291},"geometry":{"type":"Point","coordinates":[127.090877,37.480983]}},{"type":"Feature","properties":{"id":"A13552001","name":"서울주택도시공사 수서6단지","district":"강남구","neighborhood":"수서동","avgPrice":2.66,"households":4094,"buildingCount":10,"rank":292},"geometry":{"type":"Point","coordinates":[127.105229,37.487378]}},{"type":"Feature","properties":{"id":"A10020968","name":"염광아파트","district":"중랑구","neighborhood":"망우동","avgPrice":7.55,"households":4089,"buildingCount":7,"rank":293},"geometry":{"type":"Point","coordinates":[127.106774,37.602349]}},{"type":"Feature","properties":{"id":"A10025755","name":"청담신동아아파트","district":"강남구","neighborhood":"청담동","avgPrice":18.84,"households":4088,"buildingCount":12,"rank":294},"geometry":{"type":"Point","coordinates":[127.058719,37.523046]}},{"type":"Feature","properties":{"id":"A10025754","name":"답십리파크자이","district":"동대문구","neighborhood":"답십리동","avgPrice":7.74,"households":4087,"buildingCount":16,"rank":295},"geometry":{"type":"Point","coordinates":[127.059521,37.567732]}},{"type":"Feature","properties":{"id":"A10024367","name":"가양동 강나루 2차현대아파트","district":"강서구","neighborhood":"가양동","avgPrice":15,"households":4086,"buildingCount":11,"rank":296},"geometry":{"type":"Point","coordinates":[126.855845,37.561286]}},{"type":"Feature","properties":{"id":"A10025753","name":"길음뉴타운11단지 롯데캐슬골든힐스아파트","district":"성북구","neighborhood":"길음동","avgPrice":6.06,"households":4086,"buildingCount":7,"rank":297},"geometry":{"type":"Point","coordinates":[127.015961,37.608918]}},{"type":"Feature","properties":{"id":"A10020964","name":"힐스테이트관악센트씨엘","district":"관악구","neighborhood":"봉천동","avgPrice":15.75,"households":4085,"buildingCount":13,"rank":298},"geometry":{"type":"Point","coordinates":[126.947308,37.464225]}},{"type":"Feature","properties":{"id":"A10024366","name":"면목풍림아파트","district":"중랑구","neighborhood":"면목동","avgPrice":3.3,"households":4085,"buildingCount":16,"rank":299},"geometry":{"type":"Point","coordinates":[127.072231,37.590951]}},{"type":"Feature","properties":{"id":"A15786118","name":"염창한마음삼성","district":"강서구","neighborhood":"염창동","avgPrice":14.65,"households":4084,"buildingCount":4,"rank":300},"geometry":{"type":"Point","coordinates":[126.869883,37.553033]}},{"type":"Feature","properties":{"id":"A10024365","name":"상도역롯데캐슬파크엘","district":"동작구","neighborhood":"상도동","avgPrice":11.45,"households":4084,"buildingCount":17,"rank":301},"geometry":{"type":"Point","coordinates":[126.94656,37.500777]}},{"type":"Feature","properties":{"id":"A15786116","name":"염창금호","district":"강서구","neighborhood":"염창동","avgPrice":13.25,"households":4082,"buildingCount":25,"rank":302},"geometry":{"type":"Point","coordinates":[126.865017,37.556546]}},{"type":"Feature","properties":{"id":"A10022406","name":"신성은하수아파트","district":"구로구","neighborhood":"신도림동","avgPrice":4.95,"households":4078,"buildingCount":29,"rank":303},"geometry":{"type":"Point","coordinates":[126.887426,37.507644]}},{"type":"Feature","properties":{"id":"A13684306","name":"정릉중앙하이츠빌2단지","district":"성북구","neighborhood":"정릉동","avgPrice":4.17,"households":4078,"buildingCount":26,"rank":304},"geometry":{"type":"Point","coordinates":[127.010261,37.603903]}},{"type":"Feature","properties":{"id":"A15786111","name":"염창극동","district":"강서구","neighborhood":"염창동","avgPrice":5.5,"households":4077,"buildingCount":29,"rank":305},"geometry":{"type":"Point","coordinates":[126.871202,37.552966]}},{"type":"Feature","properties":{"id":"A15383604","name":"독산진도3차","district":"금천구","neighborhood":"독산동","avgPrice":3.36,"households":4077,"buildingCount":20,"rank":306},"geometry":{"type":"Point","coordinates":[126.893254,37.468391]}},{"type":"Feature","properties":{"id":"A10021018","name":" 동방아파트","district":"양천구","neighborhood":"신월동","avgPrice":3.05,"households":4076,"buildingCount":16,"rank":307},"geometry":{"type":"Point","coordinates":[126.846626,37.521352]}},{"type":"Feature","properties":{"id":"A10022403","name":"힐스테이트 e편한세상 문정아파트","district":"송파구","neighborhood":"문정동","avgPrice":11.44,"households":4075,"buildingCount":5,"rank":308},"geometry":{"type":"Point","coordinates":[127.118316,37.485749]}},{"type":"Feature","properties":{"id":"A15383601","name":"독산진도2차","district":"금천구","neighborhood":"독산동","avgPrice":2.97,"households":4074,"buildingCount":17,"rank":309},"geometry":{"type":"Point","coordinates":[126.892189,37.469889]}},{"type":"Feature","properties":{"id":"A13377302","name":"금호베스트빌아파트 제2관리사무소","district":"성동구","neighborhood":"하왕십리동","avgPrice":12.72,"households":4073,"buildingCount":10,"rank":310},"geometry":{"type":"Point","coordinates":[127.0194,37.55981]}},{"type":"Feature","properties":{"id":"A13377301","name":"하왕십리극동미라주2","district":"성동구","neighborhood":"하왕십리동","avgPrice":13.68,"households":4072,"buildingCount":26,"rank":311},"geometry":{"type":"Point","coordinates":[127.063654,37.571555]}},{"type":"Feature","properties":{"id":"A13185402","name":"묵동한국","district":"중랑구","neighborhood":"묵동","avgPrice":3.93,"households":4071,"buildingCount":5,"rank":312},"geometry":{"type":"Point","coordinates":[127.073561,37.614305]}},{"type":"Feature","properties":{"id":"A15208204","name":"고척한일유앤아이","district":"구로구","neighborhood":"고척동","avgPrice":3.97,"households":4069,"buildingCount":21,"rank":313},"geometry":{"type":"Point","coordinates":[126.851129,37.507886]}},{"type":"Feature","properties":{"id":"A15208202","name":"고척삼익1단지","district":"구로구","neighborhood":"고척동","avgPrice":3.66,"households":4067,"buildingCount":23,"rank":314},"geometry":{"type":"Point","coordinates":[126.852792,37.507922]}},{"type":"Feature","properties":{"id":"A15303205","name":"관악벽산타운5단지","district":"금천구","neighborhood":"시흥동","avgPrice":9.55,"households":4066,"buildingCount":25,"rank":315},"geometry":{"type":"Point","coordinates":[126.918775,37.44827]}},{"type":"Feature","properties":{"id":"A15208201","name":"고척양우","district":"구로구","neighborhood":"고척동","avgPrice":3.1,"households":4066,"buildingCount":16,"rank":316},"geometry":{"type":"Point","coordinates":[126.856657,37.504829]}},{"type":"Feature","properties":{"id":"A15303204","name":"벽산6","district":"금천구","neighborhood":"시흥동","avgPrice":12.9,"households":4065,"buildingCount":19,"rank":317},"geometry":{"type":"Point","coordinates":[126.918162,37.44992]}},{"type":"Feature","properties":{"id":"A15303203","name":"관악우방","district":"금천구","neighborhood":"시흥동","avgPrice":3.46,"households":4064,"buildingCount":26,"rank":318},"geometry":{"type":"Point","coordinates":[126.91344,37.449378]}},{"type":"Feature","properties":{"id":"A15303202","name":"관악벽산2단지","district":"금천구","neighborhood":"시흥동","avgPrice":14.75,"households":4063,"buildingCount":22,"rank":319},"geometry":{"type":"Point","coordinates":[126.919038,37.45171]}},{"type":"Feature","properties":{"id":"A10020959","name":"묵동신도브래뉴주상복합아파트","district":"중랑구","neighborhood":"묵동","avgPrice":2.82,"households":4059,"buildingCount":11,"rank":320},"geometry":{"type":"Point","coordinates":[127.077266,37.616946]}},{"type":"Feature","properties":{"id":"A10020958","name":"호반써밋개봉아파트","district":"구로구","neighborhood":"개봉동","avgPrice":5.24,"households":4058,"buildingCount":24,"rank":321},"geometry":{"type":"Point","coordinates":[126.888876,37.492485]}},{"type":"Feature","properties":{"id":"A10024359","name":"삼정아트테라스정동","district":"중구","neighborhood":"정동","avgPrice":2.51,"households":4057,"buildingCount":23,"rank":322},"geometry":{"type":"Point","coordinates":[126.971935,37.563201]}},{"type":"Feature","properties":{"id":"A10024358","name":"풍납 갑을아파트","district":"송파구","neighborhood":"풍납동","avgPrice":5.25,"households":4056,"buildingCount":21,"rank":323},"geometry":{"type":"Point","coordinates":[127.1126,37.535225]}},{"type":"Feature","properties":{"id":"A10025743","name":"희훈타워빌","district":"구로구","neighborhood":"구로동","avgPrice":4.3,"households":4055,"buildingCount":20,"rank":324},"geometry":{"type":"Point","coordinates":[126.888851,37.502009]}},{"type":"Feature","properties":{"id":"A15283809","name":"구로우성","district":"구로구","neighborhood":"구로동","avgPrice":9.55,"households":4053,"buildingCount":21,"rank":325},"geometry":{"type":"Point","coordinates":[126.888927,37.503984]}},{"type":"Feature","properties":{"id":"A10024355","name":"목동세종그랑시아 아파트","district":"양천구","neighborhood":"목동","avgPrice":5.34,"households":4053,"buildingCount":6,"rank":326},"geometry":{"type":"Point","coordinates":[126.863997,37.538444]}},{"type":"Feature","properties":{"id":"A15283807","name":"LG신도림자이","district":"구로구","neighborhood":"구로동","avgPrice":8.2,"households":4051,"buildingCount":29,"rank":327},"geometry":{"type":"Point","coordinates":[126.892111,37.503537]}},{"type":"Feature","properties":{"id":"A10024353","name":"염창현대아이파크아파트","district":"강서구","neighborhood":"염창동","avgPrice":7.04,"households":4051,"buildingCount":27,"rank":328},"geometry":{"type":"Point","coordinates":[126.87593,37.547578]}},{"type":"Feature","properties":{"id":"A15283806","name":"구로다솜금호","district":"구로구","neighborhood":"구로동","avgPrice":3.86,"households":4050,"buildingCount":8,"rank":329},"geometry":{"type":"Point","coordinates":[126.891965,37.502879]}},{"type":"Feature","properties":{"id":"A15786104","name":"삼성하나로","district":"강서구","neighborhood":"염창동","avgPrice":4.72,"households":4049,"buildingCount":11,"rank":330},"geometry":{"type":"Point","coordinates":[126.872128,37.551574]}},{"type":"Feature","properties":{"id":"A15188801","name":"신림초원","district":"관악구","neighborhood":"신림동","avgPrice":2.3,"households":4049,"buildingCount":4,"rank":331},"geometry":{"type":"Point","coordinates":[126.91422,37.473379]}},{"type":"Feature","properties":{"id":"A15283803","name":"구로금호어울림","district":"구로구","neighborhood":"구로동","avgPrice":3.32,"households":4047,"buildingCount":16,"rank":332},"geometry":{"type":"Point","coordinates":[126.892041,37.499921]}},{"type":"Feature","properties":{"id":"A15283801","name":"신도림쌍용플래티넘노블","district":"구로구","neighborhood":"구로동","avgPrice":5.13,"households":4045,"buildingCount":16,"rank":333},"geometry":{"type":"Point","coordinates":[126.891477,37.500934]}},{"type":"Feature","properties":{"id":"A15190301","name":"신림미성","district":"관악구","neighborhood":"신림동","avgPrice":1.53,"households":4037,"buildingCount":21,"rank":334},"geometry":{"type":"Point","coordinates":[126.929869,37.471711]}},{"type":"Feature","properties":{"id":"A15721011","name":"마곡엠밸리3단지","district":"강서구","neighborhood":"마곡동","avgPrice":7.49,"households":4035,"buildingCount":8,"rank":335},"geometry":{"type":"Point","coordinates":[126.820144,37.568101]}},{"type":"Feature","properties":{"id":"A15721010","name":"마곡엠밸리14단지","district":"강서구","neighborhood":"마곡동","avgPrice":14.3,"households":4034,"buildingCount":6,"rank":336},"geometry":{"type":"Point","coordinates":[126.825694,37.557397]}},{"type":"Feature","properties":{"id":"A10020947","name":"현대파크빌아파트","district":"구로구","neighborhood":"구로동","avgPrice":4.12,"households":4026,"buildingCount":20,"rank":337},"geometry":{"type":"Point","coordinates":[126.893241,37.496304]}},{"type":"Feature","properties":{"id":"A13983608","name":"상계한신","district":"노원구","neighborhood":"상계동","avgPrice":10.45,"households":4025,"buildingCount":23,"rank":338},"geometry":{"type":"Point","coordinates":[127.05921,37.672979]}},{"type":"Feature","properties":{"id":"A10024347","name":"마포프레스티지자이아파트","district":"마포구","neighborhood":"염리동","avgPrice":17.15,"households":4024,"buildingCount":4,"rank":339},"geometry":{"type":"Point","coordinates":[126.947756,37.552792]}},{"type":"Feature","properties":{"id":"A13676605","name":"길음뉴타운 데시앙","district":"성북구","neighborhood":"정릉동","avgPrice":3.83,"households":4021,"buildingCount":17,"rank":340},"geometry":{"type":"Point","coordinates":[127.016425,37.606201]}},{"type":"Feature","properties":{"id":"A13488104","name":"길동GS강동자이","district":"강동구","neighborhood":"길동","avgPrice":12.85,"households":4016,"buildingCount":29,"rank":341},"geometry":{"type":"Point","coordinates":[127.128962,37.54603]}},{"type":"Feature","properties":{"id":"A13177702","name":"면목두원","district":"중랑구","neighborhood":"면목동","avgPrice":3.46,"households":4015,"buildingCount":9,"rank":342},"geometry":{"type":"Point","coordinates":[127.079767,37.573563]}},{"type":"Feature","properties":{"id":"A13177701","name":"면목","district":"중랑구","neighborhood":"면목동","avgPrice":2.28,"households":4014,"buildingCount":25,"rank":343},"geometry":{"type":"Point","coordinates":[127.096451,37.586526]}},{"type":"Feature","properties":{"id":"A15282405","name":"산업인","district":"구로구","neighborhood":"고척동","avgPrice":1.6,"households":4014,"buildingCount":23,"rank":344},"geometry":{"type":"Point","coordinates":[126.8666,37.504393]}},{"type":"Feature","properties":{"id":"A13771601","name":"방배서리풀e편한세상","district":"서초구","neighborhood":"방배동","avgPrice":20.78,"households":4013,"buildingCount":13,"rank":345},"geometry":{"type":"Point","coordinates":[126.998411,37.483987]}},{"type":"Feature","properties":{"id":"A14088302","name":"한강트럼프월드3차","district":"용산구","neighborhood":"한강로3가","avgPrice":17.05,"households":4013,"buildingCount":8,"rank":346},"geometry":{"type":"Point","coordinates":[126.963062,37.523398]}},{"type":"Feature","properties":{"id":"A15721009","name":"마곡엠밸리2단지","district":"강서구","neighborhood":"마곡동","avgPrice":7.99,"households":4012,"buildingCount":27,"rank":347},"geometry":{"type":"Point","coordinates":[126.820607,37.569377]}},{"type":"Feature","properties":{"id":"A15282403","name":"고척한효","district":"구로구","neighborhood":"고척동","avgPrice":3.94,"households":4012,"buildingCount":21,"rank":348},"geometry":{"type":"Point","coordinates":[126.861801,37.501345]}},{"type":"Feature","properties":{"id":"A15721008","name":"마곡엠밸리4단지","district":"강서구","neighborhood":"마곡동","avgPrice":7.72,"households":4011,"buildingCount":17,"rank":349},"geometry":{"type":"Point","coordinates":[126.824403,37.569546]}},{"type":"Feature","properties":{"id":"A15721007","name":"마곡엠밸리7단지","district":"강서구","neighborhood":"마곡동","avgPrice":11.96,"households":4010,"buildingCount":16,"rank":350},"geometry":{"type":"Point","coordinates":[126.823377,37.564881]}},{"type":"Feature","properties":{"id":"A15721006","name":"마곡엠밸리6단지","district":"강서구","neighborhood":"마곡동","avgPrice":8.39,"households":4009,"buildingCount":7,"rank":351},"geometry":{"type":"Point","coordinates":[126.820481,37.565322]}},{"type":"Feature","properties":{"id":"A15721005","name":"마곡벽산","district":"강서구","neighborhood":"마곡동","avgPrice":5.14,"households":4008,"buildingCount":16,"rank":352},"geometry":{"type":"Point","coordinates":[126.83773,37.575872]}},{"type":"Feature","properties":{"id":"A13080801","name":"답십리대림","district":"동대문구","neighborhood":"답십리동","avgPrice":4.75,"households":4008,"buildingCount":28,"rank":353},"geometry":{"type":"Point","coordinates":[127.063791,37.570907]}},{"type":"Feature","properties":{"id":"A13309301","name":"금호한신휴플러스","district":"성동구","neighborhood":"금호동3가","avgPrice":8.16,"households":4007,"buildingCount":16,"rank":354},"geometry":{"type":"Point","coordinates":[127.017912,37.550311]}},{"type":"Feature","properties":{"id":"A15721004","name":"마곡한솔솔파크","district":"강서구","neighborhood":"마곡동","avgPrice":6.57,"households":4007,"buildingCount":15,"rank":355},"geometry":{"type":"Point","coordinates":[126.823363,37.569629]}},{"type":"Feature","properties":{"id":"A15721003","name":"마곡신안","district":"강서구","neighborhood":"마곡동","avgPrice":5.82,"households":4006,"buildingCount":25,"rank":356},"geometry":{"type":"Point","coordinates":[126.823636,37.569246]}},{"type":"Feature","properties":{"id":"A10027687","name":"마곡힐스테이트","district":"강서구","neighborhood":"마곡동","avgPrice":9.43,"households":4004,"buildingCount":23,"rank":357},"geometry":{"type":"Point","coordinates":[126.818443,37.564278]}},{"type":"Feature","properties":{"id":"A15721001","name":"마곡금호어울림","district":"강서구","neighborhood":"마곡동","avgPrice":5.62,"households":4004,"buildingCount":19,"rank":358},"geometry":{"type":"Point","coordinates":[126.837821,37.574683]}},{"type":"Feature","properties":{"id":"A10026299","name":"래미안로이파크아파트","district":"동작구","neighborhood":"사당동","avgPrice":12.54,"households":4002,"buildingCount":16,"rank":359},"geometry":{"type":"Point","coordinates":[126.973323,37.488512]}},{"type":"Feature","properties":{"id":"A10022897","name":"미아sh빌아파트","district":"강북구","neighborhood":"미아동","avgPrice":10.9,"households":4002,"buildingCount":25,"rank":360},"geometry":{"type":"Point","coordinates":[127.019197,37.625421]}},{"type":"Feature","properties":{"id":"A10027684","name":"당산브라운스톤아파트","district":"영등포구","neighborhood":"당산동4가","avgPrice":12.65,"households":4001,"buildingCount":31,"rank":361},"geometry":{"type":"Point","coordinates":[126.901941,37.527338]}},{"type":"Feature","properties":{"id":"A10025729","name":"목동파크자이아파트","district":"양천구","neighborhood":"신정동","avgPrice":10.71,"households":3999,"buildingCount":20,"rank":362},"geometry":{"type":"Point","coordinates":[126.868743,37.509402]}},{"type":"Feature","properties":{"id":"A10027681","name":"홍제금호어울림아파트","district":"서대문구","neighborhood":"홍제동","avgPrice":5.58,"households":3998,"buildingCount":15,"rank":363},"geometry":{"type":"Point","coordinates":[126.940859,37.584642]}},{"type":"Feature","properties":{"id":"A10022891","name":"브라이튼여의도아파트","district":"영등포구","neighborhood":"여의도동","avgPrice":30.78,"households":3996,"buildingCount":12,"rank":364},"geometry":{"type":"Point","coordinates":[126.92984,37.524074]}},{"type":"Feature","properties":{"id":"A10020935","name":"응암sh빌아파트","district":"은평구","neighborhood":"응암동","avgPrice":9.9,"households":3993,"buildingCount":24,"rank":365},"geometry":{"type":"Point","coordinates":[126.926835,37.598093]}},{"type":"Feature","properties":{"id":"A10024334","name":"마포KCC웰츠타워","district":"마포구","neighborhood":"신공덕동","avgPrice":12.76,"households":3990,"buildingCount":31,"rank":366},"geometry":{"type":"Point","coordinates":[126.952605,37.542785]}},{"type":"Feature","properties":{"id":"A10024333","name":"용산 베르디움 프렌즈","district":"용산구","neighborhood":"한강로2가","avgPrice":3.49,"households":3989,"buildingCount":17,"rank":367},"geometry":{"type":"Point","coordinates":[126.971544,37.535471]}},{"type":"Feature","properties":{"id":"A15681503","name":"사당극동","district":"동작구","neighborhood":"사당동","avgPrice":8.67,"households":3986,"buildingCount":17,"rank":368},"geometry":{"type":"Point","coordinates":[126.97461,37.491054]}},{"type":"Feature","properties":{"id":"A15681502","name":"사당우성2단지","district":"동작구","neighborhood":"사당동","avgPrice":15.42,"households":3985,"buildingCount":12,"rank":369},"geometry":{"type":"Point","coordinates":[126.976521,37.488036]}},{"type":"Feature","properties":{"id":"A13707019","name":"서초한신리빙타워","district":"서초구","neighborhood":"서초동","avgPrice":11.33,"households":3985,"buildingCount":29,"rank":370},"geometry":{"type":"Point","coordinates":[127.014664,37.482682]}},{"type":"Feature","properties":{"id":"A15681501","name":"사당우성(4-3)아파트","district":"동작구","neighborhood":"사당동","avgPrice":9.2,"households":3984,"buildingCount":19,"rank":371},"geometry":{"type":"Point","coordinates":[126.977702,37.487618]}},{"type":"Feature","properties":{"id":"A13982202","name":"상계주공12단지","district":"노원구","neighborhood":"상계동","avgPrice":3.04,"households":3984,"buildingCount":17,"rank":372},"geometry":{"type":"Point","coordinates":[127.059248,37.666073]}},{"type":"Feature","properties":{"id":"A13707017","name":"서초동아타워","district":"서초구","neighborhood":"서초동","avgPrice":10.95,"households":3983,"buildingCount":19,"rank":373},"geometry":{"type":"Point","coordinates":[127.025297,37.496062]}},{"type":"Feature","properties":{"id":"A13707016","name":"서초교대e편한세상","district":"서초구","neighborhood":"서초동","avgPrice":22.09,"households":3982,"buildingCount":22,"rank":374},"geometry":{"type":"Point","coordinates":[127.016712,37.496459]}},{"type":"Feature","properties":{"id":"A15186002","name":"대학동현대(구신림9동)","district":"관악구","neighborhood":"신림동","avgPrice":5.16,"households":3980,"buildingCount":5,"rank":375},"geometry":{"type":"Point","coordinates":[126.93536,37.46103]}},{"type":"Feature","properties":{"id":"A15003802","name":"당산푸르지오","district":"영등포구","neighborhood":"영등포동8가","avgPrice":10.24,"households":3976,"buildingCount":23,"rank":376},"geometry":{"type":"Point","coordinates":[126.90632,37.530065]}},{"type":"Feature","properties":{"id":"A15601105","name":"신대방현대","district":"동작구","neighborhood":"신대방동","avgPrice":6.62,"households":3976,"buildingCount":13,"rank":377},"geometry":{"type":"Point","coordinates":[126.912153,37.494668]}},{"type":"Feature","properties":{"id":"A13707010","name":"래미안서초유니빌","district":"서초구","neighborhood":"서초동","avgPrice":3.16,"households":3976,"buildingCount":4,"rank":378},"geometry":{"type":"Point","coordinates":[127.017011,37.484692]}},{"type":"Feature","properties":{"id":"A15003801","name":"영등포삼환","district":"영등포구","neighborhood":"영등포동8가","avgPrice":8.25,"households":3975,"buildingCount":16,"rank":379},"geometry":{"type":"Point","coordinates":[126.905081,37.529433]}},{"type":"Feature","properties":{"id":"A15601104","name":"보라매롯데낙천대","district":"동작구","neighborhood":"신대방동","avgPrice":7.11,"households":3975,"buildingCount":28,"rank":380},"geometry":{"type":"Point","coordinates":[126.913579,37.49436]}},{"type":"Feature","properties":{"id":"A15601103","name":"신대방경남아너스빌","district":"동작구","neighborhood":"신대방동","avgPrice":10.23,"households":3974,"buildingCount":16,"rank":381},"geometry":{"type":"Point","coordinates":[126.90843,37.489394]}},{"type":"Feature","properties":{"id":"A15601102","name":"신대방경남교수","district":"동작구","neighborhood":"신대방동","avgPrice":7.79,"households":3973,"buildingCount":8,"rank":382},"geometry":{"type":"Point","coordinates":[126.913502,37.496054]}},{"type":"Feature","properties":{"id":"A15007201","name":"신대림자이","district":"영등포구","neighborhood":"대림동","avgPrice":5.45,"households":3973,"buildingCount":12,"rank":383},"geometry":{"type":"Point","coordinates":[126.902189,37.486652]}},{"type":"Feature","properties":{"id":"A12172201","name":"신촌포스빌","district":"마포구","neighborhood":"노고산동","avgPrice":1.73,"households":3973,"buildingCount":12,"rank":384},"geometry":{"type":"Point","coordinates":[126.942147,37.556222]}},{"type":"Feature","properties":{"id":"A14003106","name":"이촌강촌아파트","district":"용산구","neighborhood":"이촌동","avgPrice":16.99,"households":3972,"buildingCount":13,"rank":385},"geometry":{"type":"Point","coordinates":[126.979018,37.519232]}},{"type":"Feature","properties":{"id":"A14003105","name":"한강대우","district":"용산구","neighborhood":"이촌동","avgPrice":21.55,"households":3971,"buildingCount":17,"rank":386},"geometry":{"type":"Point","coordinates":[126.96945,37.522237]}},{"type":"Feature","properties":{"id":"A10026289","name":"공릉2차신도브래뉴아파트","district":"노원구","neighborhood":"공릉동","avgPrice":13.35,"households":3971,"buildingCount":14,"rank":387},"geometry":{"type":"Point","coordinates":[127.071918,37.625655]}},{"type":"Feature","properties":{"id":"A15102203","name":"신림쌍용","district":"관악구","neighborhood":"신림동","avgPrice":13.1,"households":3971,"buildingCount":28,"rank":388},"geometry":{"type":"Point","coordinates":[126.911748,37.472126]}},{"type":"Feature","properties":{"id":"A14003104","name":"이촌동삼성리버스위트","district":"용산구","neighborhood":"이촌동","avgPrice":26.58,"households":3970,"buildingCount":22,"rank":389},"geometry":{"type":"Point","coordinates":[126.976801,37.517187]}},{"type":"Feature","properties":{"id":"A15102202","name":"신림동부센트레빌","district":"관악구","neighborhood":"신림동","avgPrice":4.64,"households":3970,"buildingCount":23,"rank":390},"geometry":{"type":"Point","coordinates":[126.916274,37.473099]}},{"type":"Feature","properties":{"id":"A14003101","name":"이촌반도","district":"용산구","neighborhood":"이촌동","avgPrice":23.47,"households":3967,"buildingCount":20,"rank":391},"geometry":{"type":"Point","coordinates":[126.982201,37.517021]}},{"type":"Feature","properties":{"id":"A15001020","name":"여의도삼부","district":"영등포구","neighborhood":"여의도동","avgPrice":25.92,"households":3966,"buildingCount":12,"rank":392},"geometry":{"type":"Point","coordinates":[126.931928,37.524518]}},{"type":"Feature","properties":{"id":"A10027670","name":"상봉듀오트리스","district":"중랑구","neighborhood":"상봉동","avgPrice":7.94,"households":3966,"buildingCount":16,"rank":393},"geometry":{"type":"Point","coordinates":[127.092228,37.597446]}},{"type":"Feature","properties":{"id":"A10024327","name":"오렌지카운티 을지로","district":"중구","neighborhood":"오장동","avgPrice":1.24,"households":3962,"buildingCount":24,"rank":394},"geometry":{"type":"Point","coordinates":[127.001409,37.56524]}},{"type":"Feature","properties":{"id":"A14387605","name":"자양한양","district":"광진구","neighborhood":"자양동","avgPrice":16.89,"households":3961,"buildingCount":26,"rank":395},"geometry":{"type":"Point","coordinates":[127.090931,37.531973]}},{"type":"Feature","properties":{"id":"A10021490","name":"건영약수맨션","district":"동작구","neighborhood":"상도동","avgPrice":6.8,"households":3960,"buildingCount":16,"rank":396},"geometry":{"type":"Point","coordinates":[126.948911,37.506138]}},{"type":"Feature","properties":{"id":"A10025710","name":"경희궁 롯데캐슬아파트","district":"종로구","neighborhood":"무악동","avgPrice":11.28,"households":3959,"buildingCount":9,"rank":397},"geometry":{"type":"Point","coordinates":[126.959447,37.573864]}},{"type":"Feature","properties":{"id":"A15179701","name":"임광관악파크","district":"관악구","neighborhood":"신림동","avgPrice":8.5,"households":3958,"buildingCount":26,"rank":398},"geometry":{"type":"Point","coordinates":[126.919122,37.46971]}},{"type":"Feature","properties":{"id":"A10020921","name":"관악우정하이비전아파트 2단지","district":"관악구","neighborhood":"신림동","avgPrice":3.44,"households":3958,"buildingCount":4,"rank":399},"geometry":{"type":"Point","coordinates":[126.940103,37.469409]}},{"type":"Feature","properties":{"id":"A10024322","name":"삼호한숲아파트","district":"서초구","neighborhood":"방배동","avgPrice":9.5,"households":3957,"buildingCount":14,"rank":400},"geometry":{"type":"Point","coordinates":[126.998808,37.477772]}},{"type":"Feature","properties":{"id":"A13882402","name":"문정푸르지오1차","district":"송파구","neighborhood":"문정동","avgPrice":21.8,"households":3955,"buildingCount":12,"rank":401},"geometry":{"type":"Point","coordinates":[127.128102,37.487062]}},{"type":"Feature","properties":{"id":"A13882401","name":"문정푸르지오2차","district":"송파구","neighborhood":"문정동","avgPrice":24.9,"households":3954,"buildingCount":15,"rank":402},"geometry":{"type":"Point","coordinates":[127.126967,37.486736]}},{"type":"Feature","properties":{"id":"A13707009","name":"래미안 서초스위트 아파트","district":"서초구","neighborhood":"서초동","avgPrice":20.12,"households":3954,"buildingCount":12,"rank":403},"geometry":{"type":"Point","coordinates":[127.020509,37.502287]}},{"type":"Feature","properties":{"id":"A13608601","name":"보문아남","district":"성북구","neighborhood":"보문동6가","avgPrice":3.97,"households":3952,"buildingCount":24,"rank":404},"geometry":{"type":"Point","coordinates":[127.017371,37.58121]}},{"type":"Feature","properties":{"id":"A15086202","name":"양평신동아아파트","district":"영등포구","neighborhood":"양평동1가","avgPrice":5.89,"households":3951,"buildingCount":25,"rank":405},"geometry":{"type":"Point","coordinates":[126.886589,37.522147]}},{"type":"Feature","properties":{"id":"A13707006","name":"대림서초리시온","district":"서초구","neighborhood":"서초동","avgPrice":3.2,"households":3951,"buildingCount":8,"rank":406},"geometry":{"type":"Point","coordinates":[127.015457,37.493456]}},{"type":"Feature","properties":{"id":"A15086201","name":"양평서통한신","district":"영등포구","neighborhood":"양평동1가","avgPrice":16.15,"households":3950,"buildingCount":17,"rank":407},"geometry":{"type":"Point","coordinates":[126.888117,37.521641]}},{"type":"Feature","properties":{"id":"A13707003","name":"서초대우아이빌","district":"서초구","neighborhood":"서초동","avgPrice":2.14,"households":3948,"buildingCount":8,"rank":408},"geometry":{"type":"Point","coordinates":[127.006341,37.479479]}},{"type":"Feature","properties":{"id":"A13707002","name":"아남","district":"서초구","neighborhood":"서초동","avgPrice":12.67,"households":3947,"buildingCount":28,"rank":409},"geometry":{"type":"Point","coordinates":[127.020931,37.493063]}},{"type":"Feature","properties":{"id":"A13610107","name":"길음뉴타운 경남아너스빌","district":"성북구","neighborhood":"정릉동","avgPrice":4.42,"households":3946,"buildingCount":19,"rank":410},"geometry":{"type":"Point","coordinates":[127.017216,37.604482]}},{"type":"Feature","properties":{"id":"A13290003","name":"창동동아","district":"도봉구","neighborhood":"창동","avgPrice":11.7,"households":3945,"buildingCount":7,"rank":411},"geometry":{"type":"Point","coordinates":[127.049883,37.656757]}},{"type":"Feature","properties":{"id":"A15001019","name":"여의도광장","district":"영등포구","neighborhood":"여의도동","avgPrice":22.8,"households":3944,"buildingCount":20,"rank":412},"geometry":{"type":"Point","coordinates":[126.921196,37.520625]}},{"type":"Feature","properties":{"id":"A12109002","name":"염리삼성래미안","district":"마포구","neighborhood":"염리동","avgPrice":10.12,"households":3942,"buildingCount":27,"rank":413},"geometry":{"type":"Point","coordinates":[126.946857,37.549016]}},{"type":"Feature","properties":{"id":"A12204006","name":"불광롯데캐슬","district":"은평구","neighborhood":"불광동","avgPrice":6.14,"households":3942,"buildingCount":10,"rank":414},"geometry":{"type":"Point","coordinates":[126.933104,37.612909]}},{"type":"Feature","properties":{"id":"A13610103","name":"정릉힐스테이트","district":"성북구","neighborhood":"정릉동","avgPrice":4.84,"households":3942,"buildingCount":24,"rank":415},"geometry":{"type":"Point","coordinates":[127.015552,37.602861]}},{"type":"Feature","properties":{"id":"A15001016","name":"여의도대교","district":"영등포구","neighborhood":"여의도동","avgPrice":21.49,"households":3941,"buildingCount":20,"rank":416},"geometry":{"type":"Point","coordinates":[126.933816,37.522155]}},{"type":"Feature","properties":{"id":"A12109001","name":"마포자이","district":"마포구","neighborhood":"염리동","avgPrice":17.27,"households":3941,"buildingCount":28,"rank":417},"geometry":{"type":"Point","coordinates":[126.945164,37.543268]}},{"type":"Feature","properties":{"id":"A13610102","name":"길음뉴타운10단지","district":"성북구","neighborhood":"정릉동","avgPrice":10.1,"households":3941,"buildingCount":27,"rank":418},"geometry":{"type":"Point","coordinates":[127.018305,37.603284]}},{"type":"Feature","properties":{"id":"A12204005","name":"북한산래미안아파트(임대)","district":"은평구","neighborhood":"불광동","avgPrice":5.92,"households":3941,"buildingCount":22,"rank":419},"geometry":{"type":"Point","coordinates":[126.938038,37.611357]}},{"type":"Feature","properties":{"id":"A10022878","name":"개봉상우2차아파트","district":"구로구","neighborhood":"개봉동","avgPrice":3.45,"households":3941,"buildingCount":22,"rank":420},"geometry":{"type":"Point","coordinates":[126.860994,37.49367]}},{"type":"Feature","properties":{"id":"A12204004","name":"북한산힐스테이트3차아파트","district":"은평구","neighborhood":"불광동","avgPrice":9.9,"households":3940,"buildingCount":8,"rank":421},"geometry":{"type":"Point","coordinates":[126.934883,37.618813]}},{"type":"Feature","properties":{"id":"A10026279","name":"방학금광포란재아파트","district":"도봉구","neighborhood":"방학동","avgPrice":3.37,"households":3940,"buildingCount":21,"rank":422},"geometry":{"type":"Point","coordinates":[127.045103,37.66467]}},{"type":"Feature","properties":{"id":"A12204003","name":"북한산힐스테이트1차","district":"은평구","neighborhood":"불광동","avgPrice":5.18,"households":3939,"buildingCount":22,"rank":423},"geometry":{"type":"Point","coordinates":[126.937062,37.61263]}},{"type":"Feature","properties":{"id":"A12204002","name":"북한산대창센시티","district":"은평구","neighborhood":"불광동","avgPrice":4.12,"households":3938,"buildingCount":10,"rank":424},"geometry":{"type":"Point","coordinates":[126.929253,37.625224]}},{"type":"Feature","properties":{"id":"A15001012","name":"여의도공작","district":"영등포구","neighborhood":"여의도동","avgPrice":21.89,"households":3937,"buildingCount":28,"rank":425},"geometry":{"type":"Point","coordinates":[126.929756,37.526636]}},{"type":"Feature","properties":{"id":"A12204001","name":"북한산수자인","district":"은평구","neighborhood":"불광동","avgPrice":14.55,"households":3937,"buildingCount":15,"rank":426},"geometry":{"type":"Point","coordinates":[126.932005,37.621675]}},{"type":"Feature","properties":{"id":"A10020919","name":"래미안라그란데","district":"동대문구","neighborhood":"이문동","avgPrice":7.8,"households":3935,"buildingCount":28,"rank":427},"geometry":{"type":"Point","coordinates":[127.053462,37.56495]}},{"type":"Feature","properties":{"id":"A12012101","name":"래미안남가좌2차","district":"서대문구","neighborhood":"남가좌동","avgPrice":7.19,"households":3935,"buildingCount":26,"rank":428},"geometry":{"type":"Point","coordinates":[126.91262,37.572005]}},{"type":"Feature","properties":{"id":"A10025703","name":"삼형그레이스빌아파트","district":"강서구","neighborhood":"등촌동","avgPrice":13.2,"households":3931,"buildingCount":9,"rank":429},"geometry":{"type":"Point","coordinates":[126.863163,37.538249]}},{"type":"Feature","properties":{"id":"A10024316","name":"영등포 중흥S-클래스","district":"영등포구","neighborhood":"양평동1가","avgPrice":10.4,"households":3930,"buildingCount":30,"rank":430},"geometry":{"type":"Point","coordinates":[126.886282,37.523485]}},{"type":"Feature","properties":{"id":"A15677204","name":"사당신동아4단지","district":"동작구","neighborhood":"사당동","avgPrice":9.07,"households":3929,"buildingCount":6,"rank":431},"geometry":{"type":"Point","coordinates":[126.978002,37.489803]}},{"type":"Feature","properties":{"id":"A10024313","name":"힐스테이트녹번역아파트","district":"은평구","neighborhood":"응암동","avgPrice":7.32,"households":3927,"buildingCount":26,"rank":432},"geometry":{"type":"Point","coordinates":[126.934685,37.599292]}},{"type":"Feature","properties":{"id":"A13782602","name":"방배신삼호","district":"서초구","neighborhood":"방배동","avgPrice":26.76,"households":3926,"buildingCount":17,"rank":433},"geometry":{"type":"Point","coordinates":[126.989818,37.497256]}},{"type":"Feature","properties":{"id":"A13782601","name":"쌍용예가클래식","district":"서초구","neighborhood":"방배동","avgPrice":16.32,"households":3925,"buildingCount":9,"rank":434},"geometry":{"type":"Point","coordinates":[126.987561,37.493725]}},{"type":"Feature","properties":{"id":"A14381415","name":"광장현대3단지아파트","district":"광진구","neighborhood":"광장동","avgPrice":11.34,"households":3924,"buildingCount":25,"rank":435},"geometry":{"type":"Point","coordinates":[127.098718,37.540617]}},{"type":"Feature","properties":{"id":"A15805404","name":"목동대원칸타빌2,3단지","district":"양천구","neighborhood":"목동","avgPrice":9.08,"households":3924,"buildingCount":9,"rank":436},"geometry":{"type":"Point","coordinates":[126.867336,37.532024]}},{"type":"Feature","properties":{"id":"A13881005","name":"가락래미안파크팰리스","district":"송파구","neighborhood":"가락동","avgPrice":14.31,"households":3923,"buildingCount":21,"rank":437},"geometry":{"type":"Point","coordinates":[127.132117,37.498158]}},{"type":"Feature","properties":{"id":"A15805403","name":"목동금호어울림","district":"양천구","neighborhood":"목동","avgPrice":8.64,"households":3923,"buildingCount":24,"rank":438},"geometry":{"type":"Point","coordinates":[126.867979,37.53368]}},{"type":"Feature","properties":{"id":"A13382106","name":"성수동아","district":"성동구","neighborhood":"성수동1가","avgPrice":14.83,"households":3921,"buildingCount":14,"rank":439},"geometry":{"type":"Point","coordinates":[127.04575,37.54441]}},{"type":"Feature","properties":{"id":"A13382104","name":"서울숲대림아파트","district":"성동구","neighborhood":"성수동1가","avgPrice":12.18,"households":3919,"buildingCount":26,"rank":440},"geometry":{"type":"Point","coordinates":[127.045805,37.541891]}},{"type":"Feature","properties":{"id":"A13550502","name":"도곡삼성래미안","district":"강남구","neighborhood":"도곡동","avgPrice":23.46,"households":3918,"buildingCount":26,"rank":441},"geometry":{"type":"Point","coordinates":[127.050673,37.489829]}},{"type":"Feature","properties":{"id":"A15213007","name":"천왕연지타운2단지","district":"구로구","neighborhood":"천왕동","avgPrice":4.17,"households":3916,"buildingCount":9,"rank":442},"geometry":{"type":"Point","coordinates":[126.844803,37.483308]}},{"type":"Feature","properties":{"id":"A15213006","name":"천왕이펜하우스1단지","district":"구로구","neighborhood":"천왕동","avgPrice":4.05,"households":3915,"buildingCount":26,"rank":443},"geometry":{"type":"Point","coordinates":[126.837388,37.486099]}},{"type":"Feature","properties":{"id":"A12009203","name":"홍제무악청구1차","district":"서대문구","neighborhood":"홍제동","avgPrice":6.03,"households":3914,"buildingCount":30,"rank":444},"geometry":{"type":"Point","coordinates":[126.951857,37.582067]}},{"type":"Feature","properties":{"id":"A15213005","name":"천왕이펜하우스3단지","district":"구로구","neighborhood":"천왕동","avgPrice":3.84,"households":3914,"buildingCount":16,"rank":445},"geometry":{"type":"Point","coordinates":[126.839984,37.482563]}},{"type":"Feature","properties":{"id":"A15001009","name":"여의도수정","district":"영등포구","neighborhood":"여의도동","avgPrice":20.33,"households":3913,"buildingCount":13,"rank":446},"geometry":{"type":"Point","coordinates":[126.930769,37.523014]}},{"type":"Feature","properties":{"id":"A12009202","name":"홍제삼성래미안","district":"서대문구","neighborhood":"홍제동","avgPrice":4.85,"households":3913,"buildingCount":12,"rank":447},"geometry":{"type":"Point","coordinates":[126.951413,37.578352]}},{"type":"Feature","properties":{"id":"A15213004","name":"천왕이펜하우스4단지","district":"구로구","neighborhood":"천왕동","avgPrice":3.43,"households":3913,"buildingCount":25,"rank":448},"geometry":{"type":"Point","coordinates":[126.837972,37.480607]}},{"type":"Feature","properties":{"id":"A12071004","name":"진흥","district":"서대문구","neighborhood":"홍은동","avgPrice":4.2,"households":3912,"buildingCount":17,"rank":449},"geometry":{"type":"Point","coordinates":[126.932548,37.579927]}},{"type":"Feature","properties":{"id":"A15213003","name":"천왕이펜하우스2단지","district":"구로구","neighborhood":"천왕동","avgPrice":3.93,"households":3912,"buildingCount":7,"rank":450},"geometry":{"type":"Point","coordinates":[126.838501,37.484709]}},{"type":"Feature","properties":{"id":"A12009201","name":"홍제성원아파트","district":"서대문구","neighborhood":"홍제동","avgPrice":3.64,"households":3912,"buildingCount":10,"rank":451},"geometry":{"type":"Point","coordinates":[126.942896,37.583652]}},{"type":"Feature","properties":{"id":"A13203303","name":"쌍문한양1차","district":"도봉구","neighborhood":"쌍문동","avgPrice":3.61,"households":3912,"buildingCount":31,"rank":452},"geometry":{"type":"Point","coordinates":[127.030643,37.645871]}},{"type":"Feature","properties":{"id":"A13203302","name":"쌍문삼성래미안","district":"도봉구","neighborhood":"쌍문동","avgPrice":13.95,"households":3911,"buildingCount":20,"rank":453},"geometry":{"type":"Point","coordinates":[127.027256,37.646232]}},{"type":"Feature","properties":{"id":"A12071003","name":"홍은동미성아파트","district":"서대문구","neighborhood":"홍은동","avgPrice":12,"households":3911,"buildingCount":9,"rank":454},"geometry":{"type":"Point","coordinates":[126.935098,37.594195]}},{"type":"Feature","properties":{"id":"A15213002","name":"천왕이펜하우스6단지","district":"구로구","neighborhood":"천왕동","avgPrice":3.55,"households":3911,"buildingCount":15,"rank":455},"geometry":{"type":"Point","coordinates":[126.841357,37.478165]}},{"type":"Feature","properties":{"id":"A12071002","name":"홍은동부센트레빌","district":"서대문구","neighborhood":"홍은동","avgPrice":14.3,"households":3910,"buildingCount":6,"rank":456},"geometry":{"type":"Point","coordinates":[126.938233,37.596497]}},{"type":"Feature","properties":{"id":"A15213001","name":"천왕이펜하우스5단지","district":"구로구","neighborhood":"천왕동","avgPrice":4.15,"households":3910,"buildingCount":6,"rank":457},"geometry":{"type":"Point","coordinates":[126.841494,37.479915]}},{"type":"Feature","properties":{"id":"A15001005","name":"여의도금호리첸시아","district":"영등포구","neighborhood":"여의도동","avgPrice":19.28,"households":3909,"buildingCount":12,"rank":458},"geometry":{"type":"Point","coordinates":[126.939305,37.518382]}},{"type":"Feature","properties":{"id":"A12071001","name":"홍은두산","district":"서대문구","neighborhood":"홍은동","avgPrice":6.55,"households":3909,"buildingCount":19,"rank":459},"geometry":{"type":"Point","coordinates":[126.93151,37.578897]}},{"type":"Feature","properties":{"id":"A15001004","name":"여의도장미","district":"영등포구","neighborhood":"여의도동","avgPrice":23.51,"households":3908,"buildingCount":27,"rank":460},"geometry":{"type":"Point","coordinates":[126.93417,37.523466]}},{"type":"Feature","properties":{"id":"A15001003","name":"서울아파트관리사무소","district":"영등포구","neighborhood":"여의도동","avgPrice":42.01,"households":3907,"buildingCount":20,"rank":461},"geometry":{"type":"Point","coordinates":[126.931169,37.526994]}},{"type":"Feature","properties":{"id":"A15001001","name":"여의도초원","district":"영등포구","neighborhood":"여의도동","avgPrice":12.75,"households":3905,"buildingCount":24,"rank":462},"geometry":{"type":"Point","coordinates":[126.92421,37.531055]}},{"type":"Feature","properties":{"id":"A10020907","name":"서울숲아이파크리버포레","district":"성동구","neighborhood":"성수동1가","avgPrice":21.88,"households":3902,"buildingCount":10,"rank":463},"geometry":{"type":"Point","coordinates":[127.043054,37.550609]}},{"type":"Feature","properties":{"id":"A10020905","name":"도봉산니베니움아파트","district":"도봉구","neighborhood":"도봉동","avgPrice":7.25,"households":3900,"buildingCount":29,"rank":464},"geometry":{"type":"Point","coordinates":[127.036834,37.66619]}},{"type":"Feature","properties":{"id":"A13187306","name":"신내10단지","district":"중랑구","neighborhood":"신내동","avgPrice":12.3,"households":3896,"buildingCount":15,"rank":465},"geometry":{"type":"Point","coordinates":[127.094769,37.608572]}},{"type":"Feature","properties":{"id":"A13187305","name":"신내9단지","district":"중랑구","neighborhood":"신내동","avgPrice":14.15,"households":3895,"buildingCount":25,"rank":466},"geometry":{"type":"Point","coordinates":[127.096578,37.612043]}},{"type":"Feature","properties":{"id":"A14381407","name":"광장동 광나루현대","district":"광진구","neighborhood":"광장동","avgPrice":9.99,"households":3895,"buildingCount":6,"rank":467},"geometry":{"type":"Point","coordinates":[127.108511,37.546983]}},{"type":"Feature","properties":{"id":"A10024302","name":"독산역 롯데캐슬아파트","district":"금천구","neighborhood":"독산동","avgPrice":5.35,"households":3895,"buildingCount":29,"rank":468},"geometry":{"type":"Point","coordinates":[126.891716,37.463742]}},{"type":"Feature","properties":{"id":"A13187302","name":"신내대명11단지","district":"중랑구","neighborhood":"신내동","avgPrice":16,"households":3892,"buildingCount":29,"rank":469},"geometry":{"type":"Point","coordinates":[127.119032,37.58407]}},{"type":"Feature","properties":{"id":"A13813010","name":"오금현대아파트","district":"송파구","neighborhood":"오금동","avgPrice":15.65,"households":3884,"buildingCount":20,"rank":470},"geometry":{"type":"Point","coordinates":[127.128756,37.508918]}},{"type":"Feature","properties":{"id":"A14206004","name":"번동 쌍용아파트","district":"강북구","neighborhood":"번동","avgPrice":2.72,"households":3884,"buildingCount":25,"rank":471},"geometry":{"type":"Point","coordinates":[127.032203,37.637852]}},{"type":"Feature","properties":{"id":"A13070302","name":"래미안용두1차","district":"동대문구","neighborhood":"용두동","avgPrice":12.95,"households":3883,"buildingCount":10,"rank":472},"geometry":{"type":"Point","coordinates":[127.036974,37.576355]}},{"type":"Feature","properties":{"id":"A15080002","name":"당산진로","district":"영등포구","neighborhood":"당산동1가","avgPrice":7.83,"households":3883,"buildingCount":27,"rank":473},"geometry":{"type":"Point","coordinates":[126.89632,37.520624]}},{"type":"Feature","properties":{"id":"A14206003","name":"번동1단지주공아파트","district":"강북구","neighborhood":"번동","avgPrice":7.1,"households":3883,"buildingCount":27,"rank":474},"geometry":{"type":"Point","coordinates":[127.047131,37.62469]}},{"type":"Feature","properties":{"id":"A13070301","name":"래미안허브리츠","district":"동대문구","neighborhood":"용두동","avgPrice":8.69,"households":3882,"buildingCount":16,"rank":475},"geometry":{"type":"Point","coordinates":[127.035892,37.57533]}},{"type":"Feature","properties":{"id":"A14206002","name":"번동금호어울림","district":"강북구","neighborhood":"번동","avgPrice":2.93,"households":3882,"buildingCount":23,"rank":476},"geometry":{"type":"Point","coordinates":[127.035981,37.630868]}},{"type":"Feature","properties":{"id":"A14206001","name":"번동삼성","district":"강북구","neighborhood":"번동","avgPrice":3.27,"households":3881,"buildingCount":30,"rank":477},"geometry":{"type":"Point","coordinates":[127.032008,37.641509]}},{"type":"Feature","properties":{"id":"A10022859","name":"디에이치퍼스티어아이파크","district":"강남구","neighborhood":"개포동","avgPrice":3.33,"households":3880,"buildingCount":4,"rank":478},"geometry":{"type":"Point","coordinates":[127.047527,37.479377]}},{"type":"Feature","properties":{"id":"A13010006","name":"장안현대홈타운","district":"동대문구","neighborhood":"장안동","avgPrice":6.04,"households":3878,"buildingCount":17,"rank":479},"geometry":{"type":"Point","coordinates":[127.074488,37.56944]}},{"type":"Feature","properties":{"id":"A13010005","name":"래미안장안2차","district":"동대문구","neighborhood":"장안동","avgPrice":6.32,"households":3877,"buildingCount":21,"rank":480},"geometry":{"type":"Point","coordinates":[127.075411,37.573882]}},{"type":"Feature","properties":{"id":"A13010004","name":"장안현대힐스테이트","district":"동대문구","neighborhood":"장안동","avgPrice":16.7,"households":3876,"buildingCount":9,"rank":481},"geometry":{"type":"Point","coordinates":[127.055608,37.57746]}},{"type":"Feature","properties":{"id":"A13679903","name":"돈암신일해피트리","district":"성북구","neighborhood":"돈암동","avgPrice":13.5,"households":3875,"buildingCount":24,"rank":482},"geometry":{"type":"Point","coordinates":[127.011709,37.598014]}},{"type":"Feature","properties":{"id":"A13010003","name":"장안현대","district":"동대문구","neighborhood":"장안동","avgPrice":4.37,"households":3875,"buildingCount":27,"rank":483},"geometry":{"type":"Point","coordinates":[127.069245,37.581208]}},{"type":"Feature","properties":{"id":"A13679902","name":"돈암힐스테이트","district":"성북구","neighborhood":"돈암동","avgPrice":5.03,"households":3874,"buildingCount":12,"rank":484},"geometry":{"type":"Point","coordinates":[127.015042,37.598681]}},{"type":"Feature","properties":{"id":"A13010002","name":"장안삼성쉐르빌","district":"동대문구","neighborhood":"장안동","avgPrice":4.15,"households":3874,"buildingCount":20,"rank":485},"geometry":{"type":"Point","coordinates":[127.070247,37.571454]}},{"type":"Feature","properties":{"id":"A13010001","name":"장안2차현대홈타운","district":"동대문구","neighborhood":"장안동","avgPrice":9.8,"households":3873,"buildingCount":23,"rank":486},"geometry":{"type":"Point","coordinates":[127.071545,37.568526]}},{"type":"Feature","properties":{"id":"A10021466","name":"목동3차우성아파트","district":"양천구","neighborhood":"신정동","avgPrice":3.21,"households":3873,"buildingCount":18,"rank":487},"geometry":{"type":"Point","coordinates":[126.848356,37.521517]}},{"type":"Feature","properties":{"id":"A13778306","name":"서울우면","district":"서초구","neighborhood":"우면동","avgPrice":17.75,"households":3872,"buildingCount":20,"rank":488},"geometry":{"type":"Point","coordinates":[127.024599,37.463739]}},{"type":"Feature","properties":{"id":"A10022851","name":"힐스테이트리슈빌강일","district":"강동구","neighborhood":"강일동","avgPrice":8.72,"households":3872,"buildingCount":7,"rank":489},"geometry":{"type":"Point","coordinates":[127.174613,37.57357]}},{"type":"Feature","properties":{"id":"A15784601","name":"마곡현대아파트","district":"강서구","neighborhood":"방화동","avgPrice":4.55,"households":3869,"buildingCount":7,"rank":490},"geometry":{"type":"Point","coordinates":[126.814353,37.570143]}},{"type":"Feature","properties":{"id":"A13813008","name":"오금대림","district":"송파구","neighborhood":"오금동","avgPrice":14.62,"households":3861,"buildingCount":20,"rank":491},"geometry":{"type":"Point","coordinates":[127.129037,37.509687]}},{"type":"Feature","properties":{"id":"A15106901","name":"봉천두산1,2단지","district":"관악구","neighborhood":"봉천동","avgPrice":6.77,"households":3860,"buildingCount":20,"rank":492},"geometry":{"type":"Point","coordinates":[126.943923,37.485226]}},{"type":"Feature","properties":{"id":"A15384101","name":"현대공무원","district":"금천구","neighborhood":"시흥동","avgPrice":2.84,"households":3860,"buildingCount":29,"rank":493},"geometry":{"type":"Point","coordinates":[126.908491,37.451081]}},{"type":"Feature","properties":{"id":"A13813006","name":"오금현대백조","district":"송파구","neighborhood":"오금동","avgPrice":16.66,"households":3859,"buildingCount":19,"rank":494},"geometry":{"type":"Point","coordinates":[127.126454,37.505884]}},{"type":"Feature","properties":{"id":"A15192202","name":"봉천동아제2","district":"관악구","neighborhood":"봉천동","avgPrice":5.83,"households":3859,"buildingCount":20,"rank":495},"geometry":{"type":"Point","coordinates":[126.955592,37.489782]}},{"type":"Feature","properties":{"id":"A13718001","name":"서초더샵포레","district":"서초구","neighborhood":"내곡동","avgPrice":11.15,"households":3858,"buildingCount":25,"rank":496},"geometry":{"type":"Point","coordinates":[127.063784,37.452]}},{"type":"Feature","properties":{"id":"A13813005","name":"가락우창","district":"송파구","neighborhood":"오금동","avgPrice":10.36,"households":3858,"buildingCount":30,"rank":497},"geometry":{"type":"Point","coordinates":[127.13698,37.499236]}},{"type":"Feature","properties":{"id":"A15192201","name":"관악동부센트레빌","district":"관악구","neighborhood":"봉천동","avgPrice":6.38,"households":3858,"buildingCount":20,"rank":498},"geometry":{"type":"Point","coordinates":[126.950956,37.487215]}},{"type":"Feature","properties":{"id":"A15205305","name":"구로두산위브","district":"구로구","neighborhood":"구로동","avgPrice":3.54,"households":3858,"buildingCount":20,"rank":499},"geometry":{"type":"Point","coordinates":[126.890337,37.486056]}},{"type":"Feature","properties":{"id":"A13813004","name":"가락상아1차","district":"송파구","neighborhood":"오금동","avgPrice":10.73,"households":3857,"buildingCount":15,"rank":500},"geometry":{"type":"Point","coordinates":[127.135476,37.498716]}},{"type":"Feature","properties":{"id":"A13813003","name":"오금삼성","district":"송파구","neighborhood":"오금동","avgPrice":7.24,"households":3856,"buildingCount":17,"rank":501},"geometry":{"type":"Point","coordinates":[127.139021,37.496418]}},{"type":"Feature","properties":{"id":"A15205303","name":"구로한신휴플러스","district":"구로구","neighborhood":"구로동","avgPrice":3.51,"households":3856,"buildingCount":8,"rank":502},"geometry":{"type":"Point","coordinates":[126.878861,37.49315]}},{"type":"Feature","properties":{"id":"A13813002","name":"오금우방","district":"송파구","neighborhood":"오금동","avgPrice":5.97,"households":3855,"buildingCount":25,"rank":503},"geometry":{"type":"Point","coordinates":[127.139671,37.501351]}},{"type":"Feature","properties":{"id":"A15205301","name":"구로신성미소지움","district":"구로구","neighborhood":"구로동","avgPrice":4.08,"households":3854,"buildingCount":25,"rank":504},"geometry":{"type":"Point","coordinates":[126.89671,37.479339]}},{"type":"Feature","properties":{"id":"A10027638","name":"강일리버파크11단지","district":"강동구","neighborhood":"강일동","avgPrice":2.28,"households":3850,"buildingCount":27,"rank":505},"geometry":{"type":"Point","coordinates":[127.180042,37.563049]}},{"type":"Feature","properties":{"id":"A15776916","name":"등촌주공9단지","district":"강서구","neighborhood":"등촌동","avgPrice":10.5,"households":3849,"buildingCount":5,"rank":506},"geometry":{"type":"Point","coordinates":[126.850648,37.561597]}},{"type":"Feature","properties":{"id":"A10026249","name":"송파레미니스2단지","district":"송파구","neighborhood":"오금동","avgPrice":7.66,"households":3847,"buildingCount":7,"rank":507},"geometry":{"type":"Point","coordinates":[127.138052,37.506472]}},{"type":"Feature","properties":{"id":"A10027633","name":"상도2차 두산위브트레지움 아파트","district":"동작구","neighborhood":"상도동","avgPrice":15.2,"households":3845,"buildingCount":11,"rank":508},"geometry":{"type":"Point","coordinates":[126.942579,37.503991]}},{"type":"Feature","properties":{"id":"A12003001","name":"충정로 skview 아파트","district":"서대문구","neighborhood":"합동","avgPrice":16.3,"households":3844,"buildingCount":29,"rank":509},"geometry":{"type":"Point","coordinates":[126.965844,37.561859]}},{"type":"Feature","properties":{"id":"A10027632","name":"송파 와이즈더샵","district":"송파구","neighborhood":"장지동","avgPrice":13.23,"households":3844,"buildingCount":16,"rank":510},"geometry":{"type":"Point","coordinates":[127.143452,37.476389]}},{"type":"Feature","properties":{"id":"A10021457","name":"방이금호어울림아파트","district":"송파구","neighborhood":"방이동","avgPrice":6.6,"households":3843,"buildingCount":19,"rank":511},"geometry":{"type":"Point","coordinates":[127.118243,37.512481]}},{"type":"Feature","properties":{"id":"A15089513","name":"여의도진주","district":"영등포구","neighborhood":"여의도동","avgPrice":14.57,"households":3839,"buildingCount":4,"rank":512},"geometry":{"type":"Point","coordinates":[126.933005,37.51814]}},{"type":"Feature","properties":{"id":"A15089510","name":"여의도은하","district":"영등포구","neighborhood":"여의도동","avgPrice":19.32,"households":3836,"buildingCount":4,"rank":513},"geometry":{"type":"Point","coordinates":[126.935111,37.518708]}},{"type":"Feature","properties":{"id":"A13486601","name":"천호한신","district":"강동구","neighborhood":"천호동","avgPrice":3.69,"households":3836,"buildingCount":12,"rank":514},"geometry":{"type":"Point","coordinates":[127.134915,37.545944]}},{"type":"Feature","properties":{"id":"A15284305","name":"구로새솔금호","district":"구로구","neighborhood":"구로동","avgPrice":3.56,"households":3835,"buildingCount":20,"rank":515},"geometry":{"type":"Point","coordinates":[126.890199,37.500043]}},{"type":"Feature","properties":{"id":"A13082704","name":"이문쌍용","district":"동대문구","neighborhood":"이문동","avgPrice":9.2,"households":3832,"buildingCount":8,"rank":516},"geometry":{"type":"Point","coordinates":[127.0679,37.601662]}},{"type":"Feature","properties":{"id":"A15284302","name":"구로대성스카이렉스","district":"구로구","neighborhood":"구로동","avgPrice":1.21,"households":3832,"buildingCount":6,"rank":517},"geometry":{"type":"Point","coordinates":[126.887581,37.486691]}},{"type":"Feature","properties":{"id":"A13082703","name":"이문현대","district":"동대문구","neighborhood":"이문동","avgPrice":8.65,"households":3831,"buildingCount":20,"rank":518},"geometry":{"type":"Point","coordinates":[127.070764,37.602288]}},{"type":"Feature","properties":{"id":"A13905105","name":"월계동현대","district":"노원구","neighborhood":"월계동","avgPrice":7.35,"households":3831,"buildingCount":29,"rank":519},"geometry":{"type":"Point","coordinates":[127.062585,37.618534]}},{"type":"Feature","properties":{"id":"A13082702","name":"이문1차푸르지오","district":"동대문구","neighborhood":"이문동","avgPrice":11.65,"households":3830,"buildingCount":27,"rank":520},"geometry":{"type":"Point","coordinates":[127.069369,37.601779]}},{"type":"Feature","properties":{"id":"A13406205","name":"신성둔촌미소지움1차","district":"강동구","neighborhood":"둔촌동","avgPrice":7.75,"households":3828,"buildingCount":20,"rank":521},"geometry":{"type":"Point","coordinates":[127.142881,37.527878]}},{"type":"Feature","properties":{"id":"A13905102","name":"월계대동","district":"노원구","neighborhood":"월계동","avgPrice":3.62,"households":3828,"buildingCount":13,"rank":522},"geometry":{"type":"Point","coordinates":[127.060541,37.621808]}},{"type":"Feature","properties":{"id":"A15105503","name":"관악드림타운제2","district":"관악구","neighborhood":"봉천동","avgPrice":6.48,"households":3827,"buildingCount":27,"rank":523},"geometry":{"type":"Point","coordinates":[126.950673,37.489788]}},{"type":"Feature","properties":{"id":"A13406204","name":"둔촌신동아","district":"강동구","neighborhood":"둔촌동","avgPrice":6.1,"households":3827,"buildingCount":23,"rank":524},"geometry":{"type":"Point","coordinates":[127.141627,37.528751]}},{"type":"Feature","properties":{"id":"A13086101","name":"제기안암골벽산","district":"동대문구","neighborhood":"제기동","avgPrice":5.39,"households":3827,"buildingCount":7,"rank":525},"geometry":{"type":"Point","coordinates":[127.031959,37.583458]}},{"type":"Feature","properties":{"id":"A13905101","name":"월계한일1차","district":"노원구","neighborhood":"월계동","avgPrice":4.34,"households":3827,"buildingCount":19,"rank":526},"geometry":{"type":"Point","coordinates":[127.0618,37.621988]}},{"type":"Feature","properties":{"id":"A10024799","name":"대치1차현대아파트","district":"강남구","neighborhood":"대치동","avgPrice":20.85,"households":3825,"buildingCount":17,"rank":527},"geometry":{"type":"Point","coordinates":[127.065414,37.499953]}},{"type":"Feature","properties":{"id":"A10024798","name":"상일우성타운","district":"강동구","neighborhood":"상일동","avgPrice":13.69,"households":3824,"buildingCount":24,"rank":528},"geometry":{"type":"Point","coordinates":[127.159319,37.546693]}},{"type":"Feature","properties":{"id":"A13406201","name":"둔촌현대2차","district":"강동구","neighborhood":"둔촌동","avgPrice":6.33,"households":3824,"buildingCount":10,"rank":529},"geometry":{"type":"Point","coordinates":[127.140561,37.529384]}},{"type":"Feature","properties":{"id":"A10024793","name":"매봉삼성아파트","district":"강남구","neighborhood":"도곡동","avgPrice":13.5,"households":3819,"buildingCount":30,"rank":530},"geometry":{"type":"Point","coordinates":[127.046338,37.488659]}},{"type":"Feature","properties":{"id":"A10022836","name":"우디안3단지","district":"중랑구","neighborhood":"신내동","avgPrice":1.57,"households":3815,"buildingCount":23,"rank":531},"geometry":{"type":"Point","coordinates":[127.110179,37.617783]}},{"type":"Feature","properties":{"id":"A10021449","name":"성수강변금호타운아파트","district":"성동구","neighborhood":"성수동2가","avgPrice":19.17,"households":3814,"buildingCount":18,"rank":532},"geometry":{"type":"Point","coordinates":[127.057706,37.535194]}},{"type":"Feature","properties":{"id":"A10027622","name":"노원프레미어스엠코","district":"노원구","neighborhood":"공릉동","avgPrice":5.44,"households":3813,"buildingCount":16,"rank":533},"geometry":{"type":"Point","coordinates":[127.076042,37.618434]}},{"type":"Feature","properties":{"id":"A13980706","name":"공릉대주파크빌","district":"노원구","neighborhood":"공릉동","avgPrice":3.38,"households":3811,"buildingCount":8,"rank":534},"geometry":{"type":"Point","coordinates":[127.072149,37.621136]}},{"type":"Feature","properties":{"id":"A10026232","name":"래미안미드카운티","district":"동대문구","neighborhood":"답십리동","avgPrice":9.23,"households":3809,"buildingCount":8,"rank":535},"geometry":{"type":"Point","coordinates":[127.056268,37.574425]}},{"type":"Feature","properties":{"id":"A15683402","name":"상도동중앙하이츠빌아파트","district":"동작구","neighborhood":"상도동","avgPrice":8.2,"households":3806,"buildingCount":14,"rank":536},"geometry":{"type":"Point","coordinates":[126.949782,37.499036]}},{"type":"Feature","properties":{"id":"A13481802","name":"둔촌현대4차","district":"강동구","neighborhood":"둔촌동","avgPrice":6.89,"households":3804,"buildingCount":16,"rank":537},"geometry":{"type":"Point","coordinates":[127.143846,37.529555]}},{"type":"Feature","properties":{"id":"A13677101","name":"정릉2차 e편한세상","district":"성북구","neighborhood":"정릉동","avgPrice":7.35,"households":3803,"buildingCount":8,"rank":538},"geometry":{"type":"Point","coordinates":[127.019379,37.599961]}},{"type":"Feature","properties":{"id":"A15603009","name":"상도더샵2차","district":"동작구","neighborhood":"상도동","avgPrice":9.81,"households":3801,"buildingCount":30,"rank":539},"geometry":{"type":"Point","coordinates":[126.943406,37.502558]}},{"type":"Feature","properties":{"id":"A15603008","name":"힐스테이트상도프레스티지","district":"동작구","neighborhood":"상도동","avgPrice":11.53,"households":3800,"buildingCount":25,"rank":540},"geometry":{"type":"Point","coordinates":[126.949171,37.496715]}},{"type":"Feature","properties":{"id":"A15005705","name":"신길삼환","district":"영등포구","neighborhood":"신길동","avgPrice":6.67,"households":3800,"buildingCount":8,"rank":541},"geometry":{"type":"Point","coordinates":[126.91932,37.507203]}},{"type":"Feature","properties":{"id":"A15603007","name":"상도래미안1차제2","district":"동작구","neighborhood":"상도동","avgPrice":12.85,"households":3799,"buildingCount":14,"rank":542},"geometry":{"type":"Point","coordinates":[126.925438,37.52446]}},{"type":"Feature","properties":{"id":"A15603006","name":"래미안상도3차","district":"동작구","neighborhood":"상도동","avgPrice":10.44,"households":3798,"buildingCount":16,"rank":543},"geometry":{"type":"Point","coordinates":[126.954772,37.499507]}},{"type":"Feature","properties":{"id":"A12170702","name":"래미안밤섬리베뉴 2","district":"마포구","neighborhood":"상수동","avgPrice":7.25,"households":3797,"buildingCount":30,"rank":544},"geometry":{"type":"Point","coordinates":[126.926527,37.547352]}},{"type":"Feature","properties":{"id":"A15603004","name":"상도sh-ville","district":"동작구","neighborhood":"상도동","avgPrice":11.65,"households":3796,"buildingCount":5,"rank":545},"geometry":{"type":"Point","coordinates":[126.954352,37.502081]}},{"type":"Feature","properties":{"id":"A15603003","name":"상도건영제2 관리사무소","district":"동작구","neighborhood":"상도동","avgPrice":7.24,"households":3795,"buildingCount":6,"rank":546},"geometry":{"type":"Point","coordinates":[126.914534,37.5232]}},{"type":"Feature","properties":{"id":"A10024789","name":"당산센트럴아이파크","district":"영등포구","neighborhood":"당산동5가","avgPrice":13.85,"households":3794,"buildingCount":25,"rank":547},"geometry":{"type":"Point","coordinates":[126.903129,37.529977]}},{"type":"Feature","properties":{"id":"A15603002","name":"브라운스톤상도","district":"동작구","neighborhood":"상도동","avgPrice":9.97,"households":3794,"buildingCount":11,"rank":548},"geometry":{"type":"Point","coordinates":[126.943912,37.50596]}},{"type":"Feature","properties":{"id":"A15603001","name":"상도동원베네스트","district":"동작구","neighborhood":"상도동","avgPrice":8.28,"households":3793,"buildingCount":14,"rank":549},"geometry":{"type":"Point","coordinates":[126.944404,37.502947]}},{"type":"Feature","properties":{"id":"A10024787","name":"이편한세상 송파파크센트럴","district":"송파구","neighborhood":"거여동","avgPrice":18.65,"households":3792,"buildingCount":14,"rank":550},"geometry":{"type":"Point","coordinates":[127.150146,37.49382]}},{"type":"Feature","properties":{"id":"A10024784","name":"서교푸르지오아파트","district":"마포구","neighborhood":"서교동","avgPrice":7.29,"households":3789,"buildingCount":20,"rank":551},"geometry":{"type":"Point","coordinates":[126.923635,37.553765]}},{"type":"Feature","properties":{"id":"A14005001","name":"청암자이","district":"용산구","neighborhood":"청암동","avgPrice":13,"households":3788,"buildingCount":11,"rank":552},"geometry":{"type":"Point","coordinates":[126.948287,37.534894]}},{"type":"Feature","properties":{"id":"A10024782","name":"창동한신아파트","district":"도봉구","neighborhood":"창동","avgPrice":5.81,"households":3787,"buildingCount":4,"rank":553},"geometry":{"type":"Point","coordinates":[127.034913,37.6458]}},{"type":"Feature","properties":{"id":"A10023395","name":"리마크빌 군자","district":"광진구","neighborhood":"중곡동","avgPrice":1.77,"households":3786,"buildingCount":28,"rank":554},"geometry":{"type":"Point","coordinates":[127.076309,37.558964]}},{"type":"Feature","properties":{"id":"A10024780","name":"금강주택","district":"종로구","neighborhood":"평창동","avgPrice":3.72,"households":3785,"buildingCount":6,"rank":555},"geometry":{"type":"Point","coordinates":[126.968293,37.606957]}},{"type":"Feature","properties":{"id":"A10027614","name":"상도 휴엔하임 도시형생횔주택","district":"동작구","neighborhood":"상도동","avgPrice":0.94,"households":3784,"buildingCount":18,"rank":556},"geometry":{"type":"Point","coordinates":[126.937929,37.504916]}},{"type":"Feature","properties":{"id":"A10026227","name":"아크로리버뷰 신반포","district":"서초구","neighborhood":"잠원동","avgPrice":34.18,"households":3783,"buildingCount":4,"rank":557},"geometry":{"type":"Point","coordinates":[127.00708,37.514573]}},{"type":"Feature","properties":{"id":"A12187906","name":"월드컵참누리","district":"마포구","neighborhood":"중동","avgPrice":10.85,"households":3781,"buildingCount":7,"rank":558},"geometry":{"type":"Point","coordinates":[126.905214,37.57239]}},{"type":"Feature","properties":{"id":"A12187905","name":"마포중동현대","district":"마포구","neighborhood":"중동","avgPrice":5.92,"households":3780,"buildingCount":16,"rank":559},"geometry":{"type":"Point","coordinates":[126.906917,37.571145]}},{"type":"Feature","properties":{"id":"A12187904","name":"DMC마포청구아파트","district":"마포구","neighborhood":"중동","avgPrice":6.11,"households":3779,"buildingCount":11,"rank":560},"geometry":{"type":"Point","coordinates":[126.901962,37.574069]}},{"type":"Feature","properties":{"id":"A15807316","name":"신트리4단지","district":"양천구","neighborhood":"신정동","avgPrice":3.76,"households":3778,"buildingCount":20,"rank":561},"geometry":{"type":"Point","coordinates":[126.850709,37.511346]}},{"type":"Feature","properties":{"id":"A10021433","name":"고덕아르테스미소지움","district":"강동구","neighborhood":"상일동","avgPrice":10.75,"households":3777,"buildingCount":25,"rank":562},"geometry":{"type":"Point","coordinates":[127.156955,37.549937]}},{"type":"Feature","properties":{"id":"A12187902","name":"건영월드컵","district":"마포구","neighborhood":"중동","avgPrice":5.02,"households":3777,"buildingCount":28,"rank":563},"geometry":{"type":"Point","coordinates":[126.91186,37.56877]}},{"type":"Feature","properties":{"id":"A15807315","name":"신정동일하이빌","district":"양천구","neighborhood":"신정동","avgPrice":2.93,"households":3777,"buildingCount":28,"rank":564},"geometry":{"type":"Point","coordinates":[126.858483,37.526629]}},{"type":"Feature","properties":{"id":"A12187901","name":"중동계룡","district":"마포구","neighborhood":"중동","avgPrice":5.15,"households":3776,"buildingCount":21,"rank":565},"geometry":{"type":"Point","coordinates":[126.905886,37.570507]}},{"type":"Feature","properties":{"id":"A15807313","name":"신트리2단지","district":"양천구","neighborhood":"신정동","avgPrice":1.83,"households":3775,"buildingCount":30,"rank":566},"geometry":{"type":"Point","coordinates":[126.852672,37.512955]}},{"type":"Feature","properties":{"id":"A15807311","name":"신트리3단지","district":"양천구","neighborhood":"신정동","avgPrice":6.44,"households":3773,"buildingCount":11,"rank":567},"geometry":{"type":"Point","coordinates":[126.852961,37.511871]}},{"type":"Feature","properties":{"id":"A13824006","name":"잠실파크리오","district":"송파구","neighborhood":"신천동","avgPrice":19.6,"households":3771,"buildingCount":28,"rank":568},"geometry":{"type":"Point","coordinates":[127.106284,37.520442]}},{"type":"Feature","properties":{"id":"A13824005","name":"신천장미1차2차","district":"송파구","neighborhood":"신천동","avgPrice":23,"households":3770,"buildingCount":8,"rank":569},"geometry":{"type":"Point","coordinates":[127.0991,37.519001]}},{"type":"Feature","properties":{"id":"A13480403","name":"고덕아남","district":"강동구","neighborhood":"고덕동","avgPrice":16.1,"households":3770,"buildingCount":25,"rank":570},"geometry":{"type":"Point","coordinates":[127.145898,37.558542]}},{"type":"Feature","properties":{"id":"A13824003","name":"한신코아","district":"송파구","neighborhood":"신천동","avgPrice":21.8,"households":3768,"buildingCount":4,"rank":571},"geometry":{"type":"Point","coordinates":[127.104383,37.516803]}},{"type":"Feature","properties":{"id":"A13480401","name":"고덕현대","district":"강동구","neighborhood":"고덕동","avgPrice":12.2,"households":3768,"buildingCount":21,"rank":572},"geometry":{"type":"Point","coordinates":[127.151971,37.556751]}},{"type":"Feature","properties":{"id":"A13824002","name":"잠실더샵스타파크","district":"송파구","neighborhood":"신천동","avgPrice":19.15,"households":3767,"buildingCount":21,"rank":573},"geometry":{"type":"Point","coordinates":[127.102173,37.517165]}},{"type":"Feature","properties":{"id":"A13824001","name":"포스코더샵스타리버","district":"송파구","neighborhood":"신천동","avgPrice":22.93,"households":3766,"buildingCount":9,"rank":574},"geometry":{"type":"Point","coordinates":[127.102404,37.519338]}},{"type":"Feature","properties":{"id":"A13305007","name":"마장세림","district":"성동구","neighborhood":"마장동","avgPrice":6.99,"households":3766,"buildingCount":9,"rank":575},"geometry":{"type":"Point","coordinates":[127.045128,37.564948]}},{"type":"Feature","properties":{"id":"A13305006","name":"왕십리삼성","district":"성동구","neighborhood":"마장동","avgPrice":7.39,"households":3765,"buildingCount":9,"rank":576},"geometry":{"type":"Point","coordinates":[127.040065,37.566088]}},{"type":"Feature","properties":{"id":"A13305005","name":"마장SH-vill임대","district":"성동구","neighborhood":"마장동","avgPrice":19.4,"households":3764,"buildingCount":14,"rank":577},"geometry":{"type":"Point","coordinates":[127.01012,37.572545]}},{"type":"Feature","properties":{"id":"A13612002","name":"성북동아에코빌","district":"성북구","neighborhood":"상월곡동","avgPrice":15.85,"households":3762,"buildingCount":17,"rank":578},"geometry":{"type":"Point","coordinates":[127.045209,37.60759]}},{"type":"Feature","properties":{"id":"A13305003","name":"청계미소지움","district":"성동구","neighborhood":"마장동","avgPrice":6.45,"households":3762,"buildingCount":19,"rank":579},"geometry":{"type":"Point","coordinates":[127.043688,37.568925]}},{"type":"Feature","properties":{"id":"A10024778","name":"상계중앙하이츠아파트","district":"노원구","neighborhood":"상계동","avgPrice":2.89,"households":3762,"buildingCount":15,"rank":580},"geometry":{"type":"Point","coordinates":[127.051793,37.672359]}},{"type":"Feature","properties":{"id":"A13612001","name":"상월곡우남","district":"성북구","neighborhood":"상월곡동","avgPrice":10.1,"households":3761,"buildingCount":6,"rank":581},"geometry":{"type":"Point","coordinates":[127.04657,37.605887]}},{"type":"Feature","properties":{"id":"A13305002","name":"왕십리 대성유니드 아파트","district":"성동구","neighborhood":"마장동","avgPrice":7.12,"households":3761,"buildingCount":15,"rank":582},"geometry":{"type":"Point","coordinates":[127.038588,37.566847]}},{"type":"Feature","properties":{"id":"A10024777","name":"상도동 롯데캐슬 비엔","district":"동작구","neighborhood":"상도동","avgPrice":6.87,"households":3761,"buildingCount":21,"rank":583},"geometry":{"type":"Point","coordinates":[126.943346,37.496373]}},{"type":"Feature","properties":{"id":"A10028177","name":"래미안밤섬리베뉴 Ⅰ","district":"마포구","neighborhood":"상수동","avgPrice":13.51,"households":3759,"buildingCount":12,"rank":584},"geometry":{"type":"Point","coordinates":[126.925566,37.546707]}},{"type":"Feature","properties":{"id":"A10023389","name":"청량리역해링턴플레이스","district":"동대문구","neighborhood":"용두동","avgPrice":8.89,"households":3759,"buildingCount":26,"rank":585},"geometry":{"type":"Point","coordinates":[127.042233,37.578138]}},{"type":"Feature","properties":{"id":"A10024774","name":"해주드림빌아파트","district":"은평구","neighborhood":"녹번동","avgPrice":4.29,"households":3758,"buildingCount":20,"rank":586},"geometry":{"type":"Point","coordinates":[126.923033,37.60384]}},{"type":"Feature","properties":{"id":"A15679109","name":"흑석한강센트레빌2차","district":"동작구","neighborhood":"흑석동","avgPrice":8.7,"households":3755,"buildingCount":19,"rank":587},"geometry":{"type":"Point","coordinates":[126.958502,37.50246]}},{"type":"Feature","properties":{"id":"A15679108","name":"흑석한강푸르지오","district":"동작구","neighborhood":"흑석동","avgPrice":12.65,"households":3754,"buildingCount":13,"rank":588},"geometry":{"type":"Point","coordinates":[126.965618,37.50328]}},{"type":"Feature","properties":{"id":"A10028172","name":"강남자곡아이파크","district":"강남구","neighborhood":"자곡동","avgPrice":11.67,"households":3754,"buildingCount":20,"rank":589},"geometry":{"type":"Point","coordinates":[127.101686,37.474698]}},{"type":"Feature","properties":{"id":"A10023384","name":"용마산모아엘가파크포레","district":"중랑구","neighborhood":"면목동","avgPrice":4.8,"households":3754,"buildingCount":5,"rank":590},"geometry":{"type":"Point","coordinates":[127.086281,37.57711]}},{"type":"Feature","properties":{"id":"A10024770","name":"상계 대창센시티","district":"노원구","neighborhood":"상계동","avgPrice":3.58,"households":3754,"buildingCount":26,"rank":591},"geometry":{"type":"Point","coordinates":[127.051578,37.671415]}},{"type":"Feature","properties":{"id":"A15679107","name":"흑석한강센트레빌","district":"동작구","neighborhood":"흑석동","avgPrice":13.31,"households":3753,"buildingCount":17,"rank":592},"geometry":{"type":"Point","coordinates":[126.965179,37.505793]}},{"type":"Feature","properties":{"id":"A15679106","name":"흑석해가든","district":"동작구","neighborhood":"흑석동","avgPrice":9.29,"households":3752,"buildingCount":16,"rank":593},"geometry":{"type":"Point","coordinates":[126.962194,37.506618]}},{"type":"Feature","properties":{"id":"A15679105","name":"명수대현대아파트","district":"동작구","neighborhood":"흑석동","avgPrice":17.47,"households":3751,"buildingCount":15,"rank":594},"geometry":{"type":"Point","coordinates":[126.966952,37.507935]}},{"type":"Feature","properties":{"id":"A10027602","name":"신금호파크자이아파트","district":"성동구","neighborhood":"금호동2가","avgPrice":13.39,"households":3751,"buildingCount":8,"rank":595},"geometry":{"type":"Point","coordinates":[127.018741,37.555567]}},{"type":"Feature","properties":{"id":"A10027601","name":"중계센트럴파크아파트","district":"노원구","neighborhood":"상계동","avgPrice":4.44,"households":3750,"buildingCount":31,"rank":596},"geometry":{"type":"Point","coordinates":[127.059604,37.643116]}},{"type":"Feature","properties":{"id":"A15679104","name":"흑석청호","district":"동작구","neighborhood":"흑석동","avgPrice":3.61,"households":3750,"buildingCount":15,"rank":597},"geometry":{"type":"Point","coordinates":[126.963043,37.501396]}},{"type":"Feature","properties":{"id":"A15679103","name":"우리유앤미","district":"동작구","neighborhood":"흑석동","avgPrice":7.66,"households":3749,"buildingCount":4,"rank":598},"geometry":{"type":"Point","coordinates":[126.9597,37.500651]}},{"type":"Feature","properties":{"id":"A13592605","name":"역삼e-편한세상","district":"강남구","neighborhood":"역삼동","avgPrice":21.35,"households":3748,"buildingCount":4,"rank":599},"geometry":{"type":"Point","coordinates":[127.049873,37.498693]}},{"type":"Feature","properties":{"id":"A10021425","name":"오금쌍용스윗닷홈1차","district":"송파구","neighborhood":"오금동","avgPrice":11.26,"households":3748,"buildingCount":27,"rank":600},"geometry":{"type":"Point","coordinates":[127.131963,37.506707]}},{"type":"Feature","properties":{"id":"A13592604","name":"역삼푸르지오","district":"강남구","neighborhood":"역삼동","avgPrice":20.73,"households":3747,"buildingCount":11,"rank":601},"geometry":{"type":"Point","coordinates":[127.046782,37.497679]}},{"type":"Feature","properties":{"id":"A15807306","name":"신정e-편한세상","district":"양천구","neighborhood":"신정동","avgPrice":10,"households":3747,"buildingCount":26,"rank":602},"geometry":{"type":"Point","coordinates":[126.843111,37.5125]}},{"type":"Feature","properties":{"id":"A13592601","name":"역삼개나리래미안","district":"강남구","neighborhood":"역삼동","avgPrice":23.83,"households":3744,"buildingCount":19,"rank":603},"geometry":{"type":"Point","coordinates":[127.046457,37.498613]}},{"type":"Feature","properties":{"id":"A13285601","name":"방학신동아5단지","district":"도봉구","neighborhood":"방학동","avgPrice":6.85,"households":3743,"buildingCount":10,"rank":604},"geometry":{"type":"Point","coordinates":[127.029876,37.661107]}},{"type":"Feature","properties":{"id":"A13380602","name":"금호1차푸르지오","district":"성동구","neighborhood":"금호동3가","avgPrice":8.49,"households":3740,"buildingCount":27,"rank":605},"geometry":{"type":"Point","coordinates":[127.020694,37.54983]}},{"type":"Feature","properties":{"id":"A13704104","name":"반포자이","district":"서초구","neighborhood":"반포동","avgPrice":37.13,"households":3737,"buildingCount":24,"rank":606},"geometry":{"type":"Point","coordinates":[127.014407,37.506513]}},{"type":"Feature","properties":{"id":"A13704101","name":"반포삼호가든맨션5차","district":"서초구","neighborhood":"반포동","avgPrice":28.3,"households":3734,"buildingCount":11,"rank":607},"geometry":{"type":"Point","coordinates":[127.011467,37.503995]}},{"type":"Feature","properties":{"id":"A10024769","name":"DMC 덕원아파트","district":"은평구","neighborhood":"증산동","avgPrice":4,"households":3732,"buildingCount":11,"rank":608},"geometry":{"type":"Point","coordinates":[126.903609,37.578818]}},{"type":"Feature","properties":{"id":"A10024768","name":"아임2030(청년주택)","district":"강서구","neighborhood":"등촌동","avgPrice":1.25,"households":3731,"buildingCount":28,"rank":609},"geometry":{"type":"Point","coordinates":[126.864594,37.551759]}},{"type":"Feature","properties":{"id":"A10023379","name":"한남리버탑아파트","district":"용산구","neighborhood":"한남동","avgPrice":9.43,"households":3728,"buildingCount":19,"rank":610},"geometry":{"type":"Point","coordinates":[127.008496,37.529722]}},{"type":"Feature","properties":{"id":"A12201103","name":"응암푸르지오","district":"은평구","neighborhood":"응암동","avgPrice":4.42,"households":3727,"buildingCount":15,"rank":611},"geometry":{"type":"Point","coordinates":[126.926228,37.597452]}},{"type":"Feature","properties":{"id":"A12201102","name":"응암동금호아파트","district":"은평구","neighborhood":"응암동","avgPrice":4.15,"households":3726,"buildingCount":22,"rank":612},"geometry":{"type":"Point","coordinates":[126.922134,37.59916]}},{"type":"Feature","properties":{"id":"A10024762","name":"청계대주파크빌","district":"성동구","neighborhood":"홍익동","avgPrice":5.83,"households":3725,"buildingCount":13,"rank":613},"geometry":{"type":"Point","coordinates":[127.031331,37.567612]}},{"type":"Feature","properties":{"id":"A12201101","name":"신동아아파트","district":"은평구","neighborhood":"응암동","avgPrice":2.64,"households":3725,"buildingCount":21,"rank":614},"geometry":{"type":"Point","coordinates":[126.923541,37.596971]}},{"type":"Feature","properties":{"id":"A10026209","name":"올림픽베어스타운","district":"송파구","neighborhood":"방이동","avgPrice":7.43,"households":3723,"buildingCount":7,"rank":615},"geometry":{"type":"Point","coordinates":[127.119004,37.514787]}},{"type":"Feature","properties":{"id":"A10026207","name":"서울숲리버뷰자이아파트","district":"성동구","neighborhood":"행당동","avgPrice":17.04,"households":3721,"buildingCount":6,"rank":616},"geometry":{"type":"Point","coordinates":[127.038383,37.555141]}},{"type":"Feature","properties":{"id":"A10023372","name":"BX201 청년주택","district":"관악구","neighborhood":"봉천동","avgPrice":10.7,"households":3721,"buildingCount":27,"rank":617},"geometry":{"type":"Point","coordinates":[126.980426,37.466115]}},{"type":"Feature","properties":{"id":"A10021419","name":"마곡센트레빌아파트","district":"강서구","neighborhood":"방화동","avgPrice":5.36,"households":3721,"buildingCount":23,"rank":618},"geometry":{"type":"Point","coordinates":[126.81606,37.572969]}},{"type":"Feature","properties":{"id":"A15786510","name":"염창한강동아(2차)","district":"강서구","neighborhood":"염창동","avgPrice":6.59,"households":3720,"buildingCount":12,"rank":619},"geometry":{"type":"Point","coordinates":[126.874327,37.553922]}},{"type":"Feature","properties":{"id":"A10021418","name":"센터스퀘어 서울대점","district":"관악구","neighborhood":"신림동","avgPrice":1.63,"households":3720,"buildingCount":20,"rank":620},"geometry":{"type":"Point","coordinates":[126.938426,37.470247]}},{"type":"Feature","properties":{"id":"A10022803","name":"연신내역루체스테이션","district":"은평구","neighborhood":"불광동","avgPrice":2.03,"households":3719,"buildingCount":5,"rank":621},"geometry":{"type":"Point","coordinates":[126.923302,37.618725]}},{"type":"Feature","properties":{"id":"A13377703","name":"행당한진타운","district":"성동구","neighborhood":"행당동","avgPrice":10.51,"households":3718,"buildingCount":28,"rank":622},"geometry":{"type":"Point","coordinates":[127.029121,37.55584]}},{"type":"Feature","properties":{"id":"A13684701","name":"정릉중앙하이츠","district":"성북구","neighborhood":"정릉동","avgPrice":2.63,"households":3717,"buildingCount":24,"rank":623},"geometry":{"type":"Point","coordinates":[127.002068,37.61973]}},{"type":"Feature","properties":{"id":"A10022801","name":"최강타워","district":"관악구","neighborhood":"신림동","avgPrice":2.39,"households":3717,"buildingCount":21,"rank":624},"geometry":{"type":"Point","coordinates":[126.930602,37.483644]}},{"type":"Feature","properties":{"id":"A10022800","name":"동원베네스트 아파트","district":"용산구","neighborhood":"이촌동","avgPrice":9.97,"households":3716,"buildingCount":19,"rank":625},"geometry":{"type":"Point","coordinates":[126.955092,37.526906]}},{"type":"Feature","properties":{"id":"A13472701","name":"고덕리엔파크3단지","district":"강동구","neighborhood":"상일동","avgPrice":6.44,"households":3712,"buildingCount":26,"rank":626},"geometry":{"type":"Point","coordinates":[127.175251,37.55264]}},{"type":"Feature","properties":{"id":"A14072901","name":"북한강성원아파트","district":"용산구","neighborhood":"이촌동","avgPrice":12.51,"households":3711,"buildingCount":27,"rank":627},"geometry":{"type":"Point","coordinates":[126.953727,37.527245]}},{"type":"Feature","properties":{"id":"A13604301","name":"삼선1SH-VILLE","district":"성북구","neighborhood":"삼선동3가","avgPrice":9.8,"households":3705,"buildingCount":23,"rank":628},"geometry":{"type":"Point","coordinates":[126.988106,37.572615]}},{"type":"Feature","properties":{"id":"A15210107","name":"오류동부골든","district":"구로구","neighborhood":"오류동","avgPrice":3.41,"households":3704,"buildingCount":19,"rank":629},"geometry":{"type":"Point","coordinates":[126.839222,37.499309]}},{"type":"Feature","properties":{"id":"A15210106","name":"오류한신플러스타운","district":"구로구","neighborhood":"오류동","avgPrice":3.65,"households":3703,"buildingCount":16,"rank":630},"geometry":{"type":"Point","coordinates":[126.840947,37.498369]}},{"type":"Feature","properties":{"id":"A15210105","name":"오류동부덕고개","district":"구로구","neighborhood":"오류동","avgPrice":13.5,"households":3702,"buildingCount":22,"rank":631},"geometry":{"type":"Point","coordinates":[126.847814,37.497099]}},{"type":"Feature","properties":{"id":"A15210104","name":"오류라인","district":"구로구","neighborhood":"오류동","avgPrice":3.1,"households":3701,"buildingCount":4,"rank":632},"geometry":{"type":"Point","coordinates":[126.847027,37.496698]}},{"type":"Feature","properties":{"id":"A15210103","name":"동부2차아파트","district":"구로구","neighborhood":"오류동","avgPrice":3.38,"households":3700,"buildingCount":15,"rank":633},"geometry":{"type":"Point","coordinates":[126.848315,37.496992]}},{"type":"Feature","properties":{"id":"A15210102","name":"오류금호어울림","district":"구로구","neighborhood":"오류동","avgPrice":8.3,"households":3699,"buildingCount":16,"rank":634},"geometry":{"type":"Point","coordinates":[126.839164,37.498461]}},{"type":"Feature","properties":{"id":"A10024756","name":"순화동포스코더샵","district":"중구","neighborhood":"순화동","avgPrice":6.5,"households":3698,"buildingCount":24,"rank":635},"geometry":{"type":"Point","coordinates":[126.989132,37.559235]}},{"type":"Feature","properties":{"id":"A15210101","name":"오류동선","district":"구로구","neighborhood":"오류동","avgPrice":2.92,"households":3698,"buildingCount":11,"rank":636},"geometry":{"type":"Point","coordinates":[126.839527,37.493656]}},{"type":"Feature","properties":{"id":"A10023368","name":"회기역 하트리움","district":"동대문구","neighborhood":"휘경동","avgPrice":1.8,"households":3696,"buildingCount":23,"rank":637},"geometry":{"type":"Point","coordinates":[127.058552,37.588601]}},{"type":"Feature","properties":{"id":"A10024752","name":"신한토탈아파트","district":"동작구","neighborhood":"대방동","avgPrice":4.31,"households":3694,"buildingCount":28,"rank":638},"geometry":{"type":"Point","coordinates":[126.933161,37.511821]}},{"type":"Feature","properties":{"id":"A10024751","name":"광장자이아파트","district":"광진구","neighborhood":"광장동","avgPrice":17.29,"households":3693,"buildingCount":16,"rank":639},"geometry":{"type":"Point","coordinates":[127.09524,37.542509]}},{"type":"Feature","properties":{"id":"A13790726","name":"신반포한신5지구(12차)","district":"서초구","neighborhood":"잠원동","avgPrice":17.75,"households":3692,"buildingCount":9,"rank":640},"geometry":{"type":"Point","coordinates":[127.00996,37.515928]}},{"type":"Feature","properties":{"id":"A10021408","name":"형인허브빌","district":"강동구","neighborhood":"명일동","avgPrice":5.31,"households":3689,"buildingCount":13,"rank":641},"geometry":{"type":"Point","coordinates":[127.14428,37.547016]}},{"type":"Feature","properties":{"id":"A10021407","name":"어울림거여동아파트","district":"송파구","neighborhood":"거여동","avgPrice":21.65,"households":3688,"buildingCount":11,"rank":642},"geometry":{"type":"Point","coordinates":[127.143078,37.492613]}},{"type":"Feature","properties":{"id":"A10023360","name":"빌라맨션아파트","district":"용산구","neighborhood":"이촌동","avgPrice":15.71,"households":3688,"buildingCount":4,"rank":643},"geometry":{"type":"Point","coordinates":[126.964324,37.521213]}},{"type":"Feature","properties":{"id":"A13790722","name":"잠원한신","district":"서초구","neighborhood":"잠원동","avgPrice":13.2,"households":3688,"buildingCount":8,"rank":644},"geometry":{"type":"Point","coordinates":[127.00904,37.513344]}},{"type":"Feature","properties":{"id":"A13790721","name":"신반포7차","district":"서초구","neighborhood":"잠원동","avgPrice":29,"households":3687,"buildingCount":9,"rank":645},"geometry":{"type":"Point","coordinates":[127.008349,37.512314]}},{"type":"Feature","properties":{"id":"A11005401","name":"광화문스페이스본 아파트","district":"종로구","neighborhood":"신문로2가","avgPrice":14.3,"households":3685,"buildingCount":15,"rank":646},"geometry":{"type":"Point","coordinates":[126.968476,37.586055]}},{"type":"Feature","properties":{"id":"A15190705","name":"신림푸르지오","district":"관악구","neighborhood":"신림동","avgPrice":6.35,"households":3685,"buildingCount":4,"rank":647},"geometry":{"type":"Point","coordinates":[126.910537,37.479087]}},{"type":"Feature","properties":{"id":"A13528008","name":"대치효성","district":"강남구","neighborhood":"대치동","avgPrice":12.59,"households":3684,"buildingCount":21,"rank":648},"geometry":{"type":"Point","coordinates":[127.061204,37.499916]}},{"type":"Feature","properties":{"id":"A15282810","name":"고척서울가든","district":"구로구","neighborhood":"고척동","avgPrice":3.63,"households":3684,"buildingCount":29,"rank":649},"geometry":{"type":"Point","coordinates":[126.8604,37.502515]}},{"type":"Feature","properties":{"id":"A13528007","name":"래미안대치하이스턴","district":"강남구","neighborhood":"대치동","avgPrice":24.6,"households":3683,"buildingCount":8,"rank":650},"geometry":{"type":"Point","coordinates":[127.065539,37.501036]}},{"type":"Feature","properties":{"id":"A15286210","name":"신도림현대","district":"구로구","neighborhood":"구로동","avgPrice":5.53,"households":3682,"buildingCount":24,"rank":651},"geometry":{"type":"Point","coordinates":[126.885839,37.504856]}},{"type":"Feature","properties":{"id":"A13528005","name":"테헤란로대우아이빌","district":"강남구","neighborhood":"대치동","avgPrice":3.14,"households":3681,"buildingCount":12,"rank":652},"geometry":{"type":"Point","coordinates":[127.054217,37.505696]}},{"type":"Feature","properties":{"id":"A13528004","name":"대치미도맨션","district":"강남구","neighborhood":"대치동","avgPrice":14.8,"households":3680,"buildingCount":12,"rank":653},"geometry":{"type":"Point","coordinates":[127.057326,37.496415]}},{"type":"Feature","properties":{"id":"A13528003","name":"대치삼성","district":"강남구","neighborhood":"대치동","avgPrice":22.48,"households":3679,"buildingCount":13,"rank":654},"geometry":{"type":"Point","coordinates":[127.058676,37.496524]}},{"type":"Feature","properties":{"id":"A13184401","name":"면목삼호","district":"중랑구","neighborhood":"면목동","avgPrice":6.55,"households":3679,"buildingCount":25,"rank":655},"geometry":{"type":"Point","coordinates":[127.088452,37.576419]}},{"type":"Feature","properties":{"id":"A12085303","name":"홍제한양","district":"서대문구","neighborhood":"홍제동","avgPrice":5.15,"households":3679,"buildingCount":12,"rank":656},"geometry":{"type":"Point","coordinates":[126.947179,37.583073]}},{"type":"Feature","properties":{"id":"A13528001","name":"대치대우아이빌4차","district":"강남구","neighborhood":"대치동","avgPrice":2.41,"households":3677,"buildingCount":12,"rank":657},"geometry":{"type":"Point","coordinates":[127.05042,37.502749]}},{"type":"Feature","properties":{"id":"A13120704","name":"면목금호어울림","district":"중랑구","neighborhood":"면목동","avgPrice":9.2,"households":3675,"buildingCount":11,"rank":658},"geometry":{"type":"Point","coordinates":[127.089725,37.577274]}},{"type":"Feature","properties":{"id":"A13009003","name":"브라운스톤휘경","district":"동대문구","neighborhood":"휘경동","avgPrice":6.03,"households":3673,"buildingCount":25,"rank":659},"geometry":{"type":"Point","coordinates":[127.06552,37.590048]}},{"type":"Feature","properties":{"id":"A13316001","name":"서울숲아이파크","district":"성동구","neighborhood":"송정동","avgPrice":7.32,"households":3672,"buildingCount":30,"rank":660},"geometry":{"type":"Point","coordinates":[127.069228,37.552901]}},{"type":"Feature","properties":{"id":"A13009002","name":"휘경주공1단지","district":"동대문구","neighborhood":"휘경동","avgPrice":5.41,"households":3672,"buildingCount":31,"rank":661},"geometry":{"type":"Point","coordinates":[127.071188,37.582777]}},{"type":"Feature","properties":{"id":"A13120701","name":"용마산금호어울림","district":"중랑구","neighborhood":"면목동","avgPrice":4.68,"households":3672,"buildingCount":27,"rank":662},"geometry":{"type":"Point","coordinates":[127.091472,37.577375]}},{"type":"Feature","properties":{"id":"A13009001","name":"휘경동양1.2차","district":"동대문구","neighborhood":"휘경동","avgPrice":11.25,"households":3671,"buildingCount":24,"rank":663},"geometry":{"type":"Point","coordinates":[127.017502,37.57827]}},{"type":"Feature","properties":{"id":"A10024749","name":"신림2차금호타운","district":"관악구","neighborhood":"신림동","avgPrice":2.95,"households":3670,"buildingCount":22,"rank":664},"geometry":{"type":"Point","coordinates":[126.939003,37.470954]}},{"type":"Feature","properties":{"id":"A10024745","name":"개봉역 센트레빌레우스","district":"구로구","neighborhood":"개봉동","avgPrice":10.25,"households":3666,"buildingCount":16,"rank":665},"geometry":{"type":"Point","coordinates":[126.903028,37.486185]}},{"type":"Feature","properties":{"id":"A10028146","name":"서초롯데캐슬프레지던트","district":"서초구","neighborhood":"서초동","avgPrice":22.66,"households":3665,"buildingCount":23,"rank":666},"geometry":{"type":"Point","coordinates":[127.019672,37.496878]}},{"type":"Feature","properties":{"id":"A10023356","name":"힐스테이트세운센트럴1단지","district":"중구","neighborhood":"입정동","avgPrice":6.26,"households":3663,"buildingCount":9,"rank":667},"geometry":{"type":"Point","coordinates":[126.993077,37.567994]}},{"type":"Feature","properties":{"id":"A15878601","name":"금하뜨라네","district":"양천구","neighborhood":"신월동","avgPrice":3,"households":3663,"buildingCount":8,"rank":668},"geometry":{"type":"Point","coordinates":[126.82389,37.533783]}},{"type":"Feature","properties":{"id":"A13790717","name":"신반포한신16차","district":"서초구","neighborhood":"잠원동","avgPrice":23.2,"households":3662,"buildingCount":7,"rank":669},"geometry":{"type":"Point","coordinates":[127.010041,37.517418]}},{"type":"Feature","properties":{"id":"A10024741","name":"사가정 센트럴 아이파크 아파트","district":"중랑구","neighborhood":"면목동","avgPrice":8.08,"households":3662,"buildingCount":31,"rank":670},"geometry":{"type":"Point","coordinates":[127.081721,37.582356]}},{"type":"Feature","properties":{"id":"A13790716","name":"신반포 한신 25,26,27차 아파트","district":"서초구","neighborhood":"잠원동","avgPrice":34.28,"households":3661,"buildingCount":12,"rank":671},"geometry":{"type":"Point","coordinates":[127.012998,37.517204]}},{"type":"Feature","properties":{"id":"A13583507","name":"은마","district":"강남구","neighborhood":"대치동","avgPrice":24.77,"households":3659,"buildingCount":24,"rank":672},"geometry":{"type":"Point","coordinates":[127.065535,37.49764]}},{"type":"Feature","properties":{"id":"A13790714","name":"강변아파트","district":"서초구","neighborhood":"잠원동","avgPrice":21.62,"households":3659,"buildingCount":17,"rank":673},"geometry":{"type":"Point","coordinates":[127.012375,37.517651]}},{"type":"Feature","properties":{"id":"A10023352","name":"세운푸르지오헤리시티","district":"중구","neighborhood":"인현동2가","avgPrice":2.95,"households":3659,"buildingCount":8,"rank":674},"geometry":{"type":"Point","coordinates":[126.996608,37.564638]}},{"type":"Feature","properties":{"id":"A13790713","name":"신반포청구","district":"서초구","neighborhood":"잠원동","avgPrice":20.9,"households":3658,"buildingCount":11,"rank":675},"geometry":{"type":"Point","coordinates":[127.008415,37.514156]}},{"type":"Feature","properties":{"id":"A13986013","name":"중계건영3차","district":"노원구","neighborhood":"중계동","avgPrice":7.39,"households":3658,"buildingCount":13,"rank":676},"geometry":{"type":"Point","coordinates":[127.074428,37.648587]}},{"type":"Feature","properties":{"id":"A10023350","name":"흑석자이","district":"동작구","neighborhood":"흑석동","avgPrice":13.57,"households":3657,"buildingCount":8,"rank":677},"geometry":{"type":"Point","coordinates":[126.96113,37.499957]}},{"type":"Feature","properties":{"id":"A13986012","name":"중계청구3차","district":"노원구","neighborhood":"중계동","avgPrice":8.05,"households":3657,"buildingCount":31,"rank":678},"geometry":{"type":"Point","coordinates":[127.078868,37.651289]}},{"type":"Feature","properties":{"id":"A13770611","name":"서초이오빌","district":"서초구","neighborhood":"서초동","avgPrice":2.45,"households":3653,"buildingCount":28,"rank":679},"geometry":{"type":"Point","coordinates":[127.012954,37.486544]}},{"type":"Feature","properties":{"id":"A13770610","name":"서초아트자이","district":"서초구","neighborhood":"서초동","avgPrice":19.17,"households":3652,"buildingCount":12,"rank":680},"geometry":{"type":"Point","coordinates":[127.011596,37.485719]}},{"type":"Feature","properties":{"id":"A15010502","name":"양평한신","district":"영등포구","neighborhood":"양평동5가","avgPrice":7.15,"households":3641,"buildingCount":16,"rank":681},"geometry":{"type":"Point","coordinates":[126.892121,37.540177]}},{"type":"Feature","properties":{"id":"A15010501","name":"양평동보아파트","district":"영등포구","neighborhood":"양평동5가","avgPrice":6.06,"households":3640,"buildingCount":13,"rank":682},"geometry":{"type":"Point","coordinates":[126.890818,37.537995]}},{"type":"Feature","properties":{"id":"A10023348","name":"개포자이프레지던스","district":"강남구","neighborhood":"개포동","avgPrice":25.23,"households":3634,"buildingCount":28,"rank":683},"geometry":{"type":"Point","coordinates":[127.071193,37.485642]}},{"type":"Feature","properties":{"id":"A13790709","name":"신반포한신19차","district":"서초구","neighborhood":"잠원동","avgPrice":23.55,"households":3633,"buildingCount":16,"rank":684},"geometry":{"type":"Point","coordinates":[127.010425,37.514043]}},{"type":"Feature","properties":{"id":"A13986009","name":"롯데우성","district":"노원구","neighborhood":"중계동","avgPrice":6.42,"households":3633,"buildingCount":30,"rank":685},"geometry":{"type":"Point","coordinates":[127.072691,37.646835]}},{"type":"Feature","properties":{"id":"A13790707","name":"잠원현대","district":"서초구","neighborhood":"잠원동","avgPrice":20.15,"households":3631,"buildingCount":4,"rank":686},"geometry":{"type":"Point","coordinates":[127.01252,37.518694]}},{"type":"Feature","properties":{"id":"A13770609","name":"현대슈퍼빌","district":"서초구","neighborhood":"서초동","avgPrice":22.64,"households":3630,"buildingCount":12,"rank":687},"geometry":{"type":"Point","coordinates":[127.016693,37.483637]}},{"type":"Feature","properties":{"id":"A13790706","name":"잠원한신로얄","district":"서초구","neighborhood":"잠원동","avgPrice":20.54,"households":3630,"buildingCount":24,"rank":688},"geometry":{"type":"Point","coordinates":[127.009233,37.513511]}},{"type":"Feature","properties":{"id":"A13982604","name":"상계보람","district":"노원구","neighborhood":"상계동","avgPrice":3.29,"households":3630,"buildingCount":23,"rank":689},"geometry":{"type":"Point","coordinates":[127.064684,37.664361]}},{"type":"Feature","properties":{"id":"A13770608","name":"서초현대ESA2차","district":"서초구","neighborhood":"서초동","avgPrice":18.42,"households":3629,"buildingCount":25,"rank":690},"geometry":{"type":"Point","coordinates":[127.00856,37.491091]}},{"type":"Feature","properties":{"id":"A10023343","name":"힐스테이트세운센트럴2단지","district":"중구","neighborhood":"입정동","avgPrice":5.88,"households":3629,"buildingCount":18,"rank":691},"geometry":{"type":"Point","coordinates":[126.994184,37.568048]}},{"type":"Feature","properties":{"id":"A13770607","name":"서초5차e편한세상","district":"서초구","neighborhood":"서초동","avgPrice":17.76,"households":3628,"buildingCount":31,"rank":692},"geometry":{"type":"Point","coordinates":[127.007303,37.479714]}},{"type":"Feature","properties":{"id":"A13986004","name":"중계주공10단지","district":"노원구","neighborhood":"중계동","avgPrice":4.34,"households":3628,"buildingCount":15,"rank":693},"geometry":{"type":"Point","coordinates":[127.073398,37.648085]}},{"type":"Feature","properties":{"id":"A13770606","name":"더미캘란","district":"서초구","neighborhood":"서초동","avgPrice":20.4,"households":3627,"buildingCount":28,"rank":694},"geometry":{"type":"Point","coordinates":[127.013466,37.486734]}},{"type":"Feature","properties":{"id":"A13790703","name":"잠원신화","district":"서초구","neighborhood":"잠원동","avgPrice":15.16,"households":3627,"buildingCount":4,"rank":695},"geometry":{"type":"Point","coordinates":[127.013737,37.515791]}},{"type":"Feature","properties":{"id":"A13790701","name":"잠원한신그린","district":"서초구","neighborhood":"잠원동","avgPrice":19.68,"households":3625,"buildingCount":20,"rank":696},"geometry":{"type":"Point","coordinates":[127.008042,37.51338]}},{"type":"Feature","properties":{"id":"A13487102","name":"천호현대타워","district":"강동구","neighborhood":"천호동","avgPrice":12.8,"households":3623,"buildingCount":4,"rank":697},"geometry":{"type":"Point","coordinates":[127.133475,37.536008]}},{"type":"Feature","properties":{"id":"A13295201","name":"브라운스톤쌍문","district":"도봉구","neighborhood":"쌍문동","avgPrice":3.82,"households":3620,"buildingCount":15,"rank":698},"geometry":{"type":"Point","coordinates":[127.029161,37.647334]}},{"type":"Feature","properties":{"id":"A15720001","name":"강서한강자이","district":"강서구","neighborhood":"가양동","avgPrice":9.6,"households":3613,"buildingCount":16,"rank":699},"geometry":{"type":"Point","coordinates":[126.849036,37.56588]}},{"type":"Feature","properties":{"id":"A10021899","name":"예성그랑펠리체아파트","district":"관악구","neighborhood":"남현동","avgPrice":5.89,"households":3613,"buildingCount":6,"rank":700},"geometry":{"type":"Point","coordinates":[126.978272,37.473187]}},{"type":"Feature","properties":{"id":"A15106001","name":"봉천신봉","district":"관악구","neighborhood":"봉천동","avgPrice":2.43,"households":3611,"buildingCount":20,"rank":701},"geometry":{"type":"Point","coordinates":[126.949553,37.484971]}},{"type":"Feature","properties":{"id":"A10026682","name":"위례포레샤인아파트","district":"송파구","neighborhood":"장지동","avgPrice":5.62,"households":3608,"buildingCount":20,"rank":702},"geometry":{"type":"Point","coordinates":[127.135283,37.476516]}},{"type":"Feature","properties":{"id":"A11076701","name":"주상복합아남아파트","district":"종로구","neighborhood":"명륜2가","avgPrice":5.22,"households":3606,"buildingCount":15,"rank":703},"geometry":{"type":"Point","coordinates":[127.000372,37.585379]}},{"type":"Feature","properties":{"id":"A10021891","name":"현대휴온아파트","district":"중랑구","neighborhood":"면목동","avgPrice":3.75,"households":3605,"buildingCount":4,"rank":704},"geometry":{"type":"Point","coordinates":[127.088798,37.575967]}},{"type":"Feature","properties":{"id":"A10024725","name":"e편한세상 영등포 아델포레","district":"영등포구","neighborhood":"대림동","avgPrice":8.27,"households":3604,"buildingCount":6,"rank":705},"geometry":{"type":"Point","coordinates":[126.906779,37.494393]}},{"type":"Feature","properties":{"id":"A10023336","name":"자양하늘채베르","district":"광진구","neighborhood":"자양동","avgPrice":6.75,"households":3601,"buildingCount":23,"rank":706},"geometry":{"type":"Point","coordinates":[127.077505,37.536523]}},{"type":"Feature","properties":{"id":"A13599303","name":"개포주공6단지","district":"강남구","neighborhood":"개포동","avgPrice":22.92,"households":3600,"buildingCount":21,"rank":707},"geometry":{"type":"Point","coordinates":[127.070857,37.488557]}},{"type":"Feature","properties":{"id":"A13981208","name":"상계불암현대","district":"노원구","neighborhood":"상계동","avgPrice":12.15,"households":3599,"buildingCount":11,"rank":708},"geometry":{"type":"Point","coordinates":[127.081665,37.667808]}},{"type":"Feature","properties":{"id":"A13599301","name":"개포주공7단지","district":"강남구","neighborhood":"개포동","avgPrice":22.96,"households":3598,"buildingCount":30,"rank":709},"geometry":{"type":"Point","coordinates":[127.072372,37.489361]}},{"type":"Feature","properties":{"id":"A10023333","name":"오금쌍용스윗닷홈2.3.4","district":"송파구","neighborhood":"오금동","avgPrice":18.7,"households":3598,"buildingCount":9,"rank":710},"geometry":{"type":"Point","coordinates":[127.079626,37.50883]}},{"type":"Feature","properties":{"id":"A15086603","name":"양평성원","district":"영등포구","neighborhood":"양평동4가","avgPrice":6.38,"households":3596,"buildingCount":11,"rank":711},"geometry":{"type":"Point","coordinates":[126.894011,37.534182]}},{"type":"Feature","properties":{"id":"A10023330","name":"무악재한화","district":"서대문구","neighborhood":"홍제동","avgPrice":6.83,"households":3595,"buildingCount":7,"rank":712},"geometry":{"type":"Point","coordinates":[126.949669,37.582114]}},{"type":"Feature","properties":{"id":"A13981204","name":"상계불암현대(임대)","district":"노원구","neighborhood":"상계동","avgPrice":3.66,"households":3595,"buildingCount":12,"rank":713},"geometry":{"type":"Point","coordinates":[127.081811,37.667797]}},{"type":"Feature","properties":{"id":"A15086601","name":"양평경남2차아너스빌","district":"영등포구","neighborhood":"양평동4가","avgPrice":11.15,"households":3594,"buildingCount":21,"rank":714},"geometry":{"type":"Point","coordinates":[126.872014,37.52172]}},{"type":"Feature","properties":{"id":"A13670801","name":"삼선SKView","district":"성북구","neighborhood":"삼선동3가","avgPrice":15.25,"households":3593,"buildingCount":9,"rank":715},"geometry":{"type":"Point","coordinates":[127.011022,37.586783]}},{"type":"Feature","properties":{"id":"A15181602","name":"낙성대현대","district":"관악구","neighborhood":"봉천동","avgPrice":8.73,"households":3591,"buildingCount":12,"rank":716},"geometry":{"type":"Point","coordinates":[126.963214,37.480965]}},{"type":"Feature","properties":{"id":"A13290404","name":"창동금호어울림","district":"도봉구","neighborhood":"창동","avgPrice":5.08,"households":3590,"buildingCount":24,"rank":717},"geometry":{"type":"Point","coordinates":[127.041725,37.656484]}},{"type":"Feature","properties":{"id":"A12072802","name":"남가좌현대제2","district":"서대문구","neighborhood":"남가좌동","avgPrice":7.4,"households":3589,"buildingCount":26,"rank":718},"geometry":{"type":"Point","coordinates":[126.918006,37.571054]}},{"type":"Feature","properties":{"id":"A12072801","name":"DMC센트레빌","district":"서대문구","neighborhood":"남가좌동","avgPrice":7.23,"households":3588,"buildingCount":18,"rank":719},"geometry":{"type":"Point","coordinates":[126.915541,37.575868]}},{"type":"Feature","properties":{"id":"A12171201","name":"밤섬경남아너스빌","district":"마포구","neighborhood":"신수동","avgPrice":10.29,"households":3582,"buildingCount":23,"rank":720},"geometry":{"type":"Point","coordinates":[126.936439,37.546725]}},{"type":"Feature","properties":{"id":"A10021884","name":"방배동부센트레빌아파트","district":"서초구","neighborhood":"방배동","avgPrice":21.03,"households":3577,"buildingCount":14,"rank":721},"geometry":{"type":"Point","coordinates":[126.988075,37.497745]}},{"type":"Feature","properties":{"id":"A10024719","name":"힐스테이트신촌","district":"서대문구","neighborhood":"북아현동","avgPrice":10.28,"households":3577,"buildingCount":12,"rank":722},"geometry":{"type":"Point","coordinates":[126.951051,37.562206]}},{"type":"Feature","properties":{"id":"A10025284","name":"거여리본타운 아파트","district":"송파구","neighborhood":"거여동","avgPrice":2.45,"households":3575,"buildingCount":16,"rank":723},"geometry":{"type":"Point","coordinates":[127.142297,37.49564]}},{"type":"Feature","properties":{"id":"A10025283","name":"래미안아트리치","district":"성북구","neighborhood":"석관동","avgPrice":6.82,"households":3574,"buildingCount":16,"rank":724},"geometry":{"type":"Point","coordinates":[127.063614,37.606046]}},{"type":"Feature","properties":{"id":"A10020494","name":"웰라이빌주상복합관리단","district":"강서구","neighborhood":"화곡동","avgPrice":3.13,"households":3573,"buildingCount":23,"rank":725},"geometry":{"type":"Point","coordinates":[126.842325,37.52856]}},{"type":"Feature","properties":{"id":"A10025280","name":"청담아이파크아파트","district":"강남구","neighborhood":"청담동","avgPrice":22.49,"households":3571,"buildingCount":5,"rank":726},"geometry":{"type":"Point","coordinates":[127.05508,37.525235]}},{"type":"Feature","properties":{"id":"A10024713","name":"숭인상가아파트","district":"종로구","neighborhood":"숭인동","avgPrice":3.62,"households":3571,"buildingCount":10,"rank":727},"geometry":{"type":"Point","coordinates":[127.020686,37.572194]}},{"type":"Feature","properties":{"id":"A10023324","name":"캐릭터그린빌아파트","district":"동작구","neighborhood":"신대방동","avgPrice":7.55,"households":3568,"buildingCount":15,"rank":728},"geometry":{"type":"Point","coordinates":[126.925459,37.491865]}},{"type":"Feature","properties":{"id":"A15776004","name":"현대3","district":"강서구","neighborhood":"염창동","avgPrice":4.99,"households":3567,"buildingCount":31,"rank":729},"geometry":{"type":"Point","coordinates":[126.876084,37.551983]}},{"type":"Feature","properties":{"id":"A13287503","name":"쌍문동익파크","district":"도봉구","neighborhood":"쌍문동","avgPrice":10.6,"households":3566,"buildingCount":15,"rank":730},"geometry":{"type":"Point","coordinates":[127.019434,37.66583]}},{"type":"Feature","properties":{"id":"A15776003","name":"이너스내안에","district":"강서구","neighborhood":"염창동","avgPrice":5.18,"households":3566,"buildingCount":16,"rank":731},"geometry":{"type":"Point","coordinates":[126.87341,37.552133]}},{"type":"Feature","properties":{"id":"A10023322","name":"삼전솔하임3차","district":"성북구","neighborhood":"하월곡동","avgPrice":0.76,"households":3566,"buildingCount":9,"rank":732},"geometry":{"type":"Point","coordinates":[127.029941,37.60684]}},{"type":"Feature","properties":{"id":"A15776002","name":"태진드림피아","district":"강서구","neighborhood":"염창동","avgPrice":5.39,"households":3565,"buildingCount":12,"rank":733},"geometry":{"type":"Point","coordinates":[126.870885,37.552571]}},{"type":"Feature","properties":{"id":"A15776001","name":"염창강변월드메르디앙","district":"강서구","neighborhood":"염창동","avgPrice":7.74,"households":3564,"buildingCount":5,"rank":734},"geometry":{"type":"Point","coordinates":[126.865417,37.557789]}},{"type":"Feature","properties":{"id":"A13881401","name":"거여현대2차","district":"송파구","neighborhood":"거여동","avgPrice":6.02,"households":3563,"buildingCount":30,"rank":735},"geometry":{"type":"Point","coordinates":[127.146652,37.494461]}},{"type":"Feature","properties":{"id":"A15809201","name":"신도신월1차","district":"양천구","neighborhood":"신월동","avgPrice":4.45,"households":3563,"buildingCount":27,"rank":736},"geometry":{"type":"Point","coordinates":[126.846487,37.518007]}},{"type":"Feature","properties":{"id":"A15081802","name":"대림동2차한신아파트","district":"영등포구","neighborhood":"대림동","avgPrice":14.25,"households":3562,"buildingCount":25,"rank":737},"geometry":{"type":"Point","coordinates":[126.904398,37.494773]}},{"type":"Feature","properties":{"id":"A13382502","name":"성수현대","district":"성동구","neighborhood":"성수동1가","avgPrice":9.91,"households":3561,"buildingCount":19,"rank":738},"geometry":{"type":"Point","coordinates":[127.040682,37.548072]}},{"type":"Feature","properties":{"id":"A13286110","name":"쌍문한양2,3,4차","district":"도봉구","neighborhood":"쌍문동","avgPrice":2.13,"households":3559,"buildingCount":11,"rank":739},"geometry":{"type":"Point","coordinates":[127.031619,37.657168]}},{"type":"Feature","properties":{"id":"A13706002","name":"방배SH-VILLE","district":"서초구","neighborhood":"방배동","avgPrice":23.7,"households":3556,"buildingCount":17,"rank":740},"geometry":{"type":"Point","coordinates":[127.000402,37.483114]}},{"type":"Feature","properties":{"id":"A13706001","name":"방배아크로리버","district":"서초구","neighborhood":"방배동","avgPrice":16.09,"households":3555,"buildingCount":5,"rank":741},"geometry":{"type":"Point","coordinates":[126.984943,37.497794]}},{"type":"Feature","properties":{"id":"A13202312","name":"방학신동아1단지","district":"도봉구","neighborhood":"방학동","avgPrice":12.05,"households":3551,"buildingCount":30,"rank":742},"geometry":{"type":"Point","coordinates":[127.028611,37.660689]}},{"type":"Feature","properties":{"id":"A10026660","name":"노원에너지제로주택","district":"노원구","neighborhood":"하계동","avgPrice":10.35,"households":3544,"buildingCount":9,"rank":743},"geometry":{"type":"Point","coordinates":[127.072641,37.638588]}},{"type":"Feature","properties":{"id":"A10020486","name":"디에이치 대치 에델루이아파트","district":"강남구","neighborhood":"대치동","avgPrice":2.59,"households":3544,"buildingCount":4,"rank":744},"geometry":{"type":"Point","coordinates":[127.053619,37.503169]}},{"type":"Feature","properties":{"id":"A10028105","name":"서초포레스타6단지","district":"서초구","neighborhood":"신원동","avgPrice":7.4,"households":3540,"buildingCount":30,"rank":745},"geometry":{"type":"Point","coordinates":[127.055746,37.450013]}},{"type":"Feature","properties":{"id":"A10024703","name":"면목 라온 프라이빗 아파트","district":"중랑구","neighborhood":"면목동","avgPrice":6.46,"households":3540,"buildingCount":8,"rank":746},"geometry":{"type":"Point","coordinates":[127.078794,37.582329]}},{"type":"Feature","properties":{"id":"A13785008","name":"래미안방배아트힐","district":"서초구","neighborhood":"방배동","avgPrice":17.74,"households":3539,"buildingCount":25,"rank":747},"geometry":{"type":"Point","coordinates":[127.005059,37.477615]}},{"type":"Feature","properties":{"id":"A10023316","name":"성수신성아파트","district":"성동구","neighborhood":"성수동2가","avgPrice":16.1,"households":3539,"buildingCount":16,"rank":748},"geometry":{"type":"Point","coordinates":[127.053,37.539502]}},{"type":"Feature","properties":{"id":"A10024702","name":"장위우방아파트","district":"성북구","neighborhood":"장위동","avgPrice":3.67,"households":3539,"buildingCount":28,"rank":749},"geometry":{"type":"Point","coordinates":[127.055034,37.610137]}},{"type":"Feature","properties":{"id":"A10023314","name":"LH수서1단지(행복주택)","district":"강남구","neighborhood":"자곡동","avgPrice":3.04,"households":3537,"buildingCount":9,"rank":750},"geometry":{"type":"Point","coordinates":[127.072066,37.508965]}},{"type":"Feature","properties":{"id":"A13286109","name":"쌍문현대1차","district":"도봉구","neighborhood":"쌍문동","avgPrice":2.74,"households":3537,"buildingCount":10,"rank":751},"geometry":{"type":"Point","coordinates":[127.031278,37.658534]}},{"type":"Feature","properties":{"id":"A13785005","name":"방배임광1,2차","district":"서초구","neighborhood":"방배동","avgPrice":26.82,"households":3536,"buildingCount":21,"rank":752},"geometry":{"type":"Point","coordinates":[127.002529,37.477081]}},{"type":"Feature","properties":{"id":"A13187702","name":"중화한신아파트","district":"중랑구","neighborhood":"중화동","avgPrice":4.48,"households":3536,"buildingCount":13,"rank":753},"geometry":{"type":"Point","coordinates":[127.081849,37.597079]}},{"type":"Feature","properties":{"id":"A13286107","name":"쌍문한양6차","district":"도봉구","neighborhood":"쌍문동","avgPrice":3.2,"households":3535,"buildingCount":18,"rank":754},"geometry":{"type":"Point","coordinates":[127.029278,37.655723]}},{"type":"Feature","properties":{"id":"A13286106","name":"쌍문성원","district":"도봉구","neighborhood":"쌍문동","avgPrice":3.08,"households":3534,"buildingCount":26,"rank":755},"geometry":{"type":"Point","coordinates":[127.028897,37.658399]}},{"type":"Feature","properties":{"id":"A13286105","name":"쌍문한양5차","district":"도봉구","neighborhood":"쌍문동","avgPrice":2.93,"households":3533,"buildingCount":15,"rank":756},"geometry":{"type":"Point","coordinates":[127.032203,37.656012]}},{"type":"Feature","properties":{"id":"A14380414","name":"극동2차아파트","district":"광진구","neighborhood":"광장동","avgPrice":15.84,"households":3532,"buildingCount":22,"rank":757},"geometry":{"type":"Point","coordinates":[127.105049,37.543764]}},{"type":"Feature","properties":{"id":"A13785001","name":"방배임광3차","district":"서초구","neighborhood":"방배동","avgPrice":14.99,"households":3532,"buildingCount":29,"rank":758},"geometry":{"type":"Point","coordinates":[127.002611,37.4771]}},{"type":"Feature","properties":{"id":"A15080402","name":"당산삼익","district":"영등포구","neighborhood":"당산동3가","avgPrice":5.9,"households":3527,"buildingCount":8,"rank":759},"geometry":{"type":"Point","coordinates":[126.895339,37.527912]}},{"type":"Feature","properties":{"id":"A13606201","name":"브라운스톤돈암","district":"성북구","neighborhood":"돈암동","avgPrice":5.34,"households":3526,"buildingCount":4,"rank":760},"geometry":{"type":"Point","coordinates":[127.01782,37.597798]}},{"type":"Feature","properties":{"id":"A13202308","name":"방학삼익세라믹","district":"도봉구","neighborhood":"방학동","avgPrice":2.59,"households":3526,"buildingCount":28,"rank":761},"geometry":{"type":"Point","coordinates":[127.034035,37.661186]}},{"type":"Feature","properties":{"id":"A13202306","name":"방학한화성원","district":"도봉구","neighborhood":"방학동","avgPrice":2.42,"households":3524,"buildingCount":27,"rank":762},"geometry":{"type":"Point","coordinates":[127.031765,37.661295]}},{"type":"Feature","properties":{"id":"A13202304","name":"대원그린아파트","district":"도봉구","neighborhood":"방학동","avgPrice":1.66,"households":3522,"buildingCount":20,"rank":763},"geometry":{"type":"Point","coordinates":[127.02815,37.662872]}},{"type":"Feature","properties":{"id":"A13202302","name":"방학극동아파트","district":"도봉구","neighborhood":"방학동","avgPrice":2.7,"households":3520,"buildingCount":28,"rank":764},"geometry":{"type":"Point","coordinates":[127.026709,37.664606]}},{"type":"Feature","properties":{"id":"A10021866","name":"강서센트레빌3차","district":"강서구","neighborhood":"방화동","avgPrice":5.81,"households":3517,"buildingCount":8,"rank":765},"geometry":{"type":"Point","coordinates":[126.816277,37.5714]}},{"type":"Feature","properties":{"id":"A15289508","name":"서울가든빌라","district":"구로구","neighborhood":"오류동","avgPrice":2.84,"households":3515,"buildingCount":24,"rank":766},"geometry":{"type":"Point","coordinates":[126.830949,37.492252]}},{"type":"Feature","properties":{"id":"A10025263","name":"고덕 그라시움 아파트","district":"강동구","neighborhood":"고덕동","avgPrice":15.01,"households":3512,"buildingCount":27,"rank":767},"geometry":{"type":"Point","coordinates":[127.163466,37.558069]}},{"type":"Feature","properties":{"id":"A15883402","name":"신정뉴타운롯데캐슬","district":"양천구","neighborhood":"신월동","avgPrice":11.35,"households":3508,"buildingCount":28,"rank":768},"geometry":{"type":"Point","coordinates":[126.847655,37.518659]}},{"type":"Feature","properties":{"id":"A15883401","name":"신정뉴타운두산위브","district":"양천구","neighborhood":"신월동","avgPrice":10.85,"households":3507,"buildingCount":19,"rank":769},"geometry":{"type":"Point","coordinates":[126.84565,37.519189]}},{"type":"Feature","properties":{"id":"A13873701","name":"오금현대백조(임대)","district":"송파구","neighborhood":"오금동","avgPrice":9.55,"households":3507,"buildingCount":16,"rank":770},"geometry":{"type":"Point","coordinates":[127.113904,37.52485]}},{"type":"Feature","properties":{"id":"A14380409","name":"광장극동1차","district":"광진구","neighborhood":"광장동","avgPrice":19.81,"households":3506,"buildingCount":19,"rank":771},"geometry":{"type":"Point","coordinates":[127.103604,37.542622]}},{"type":"Feature","properties":{"id":"A13186306","name":"신내12단지","district":"중랑구","neighborhood":"상봉동","avgPrice":7.45,"households":3505,"buildingCount":5,"rank":772},"geometry":{"type":"Point","coordinates":[127.091144,37.605393]}},{"type":"Feature","properties":{"id":"A15384501","name":"벽산타운3단지","district":"금천구","neighborhood":"시흥동","avgPrice":11.8,"households":3504,"buildingCount":4,"rank":773},"geometry":{"type":"Point","coordinates":[126.87694,37.471975]}},{"type":"Feature","properties":{"id":"A13186305","name":"신내엘지쌍용","district":"중랑구","neighborhood":"상봉동","avgPrice":7.25,"households":3504,"buildingCount":20,"rank":774},"geometry":{"type":"Point","coordinates":[127.090688,37.603744]}},{"type":"Feature","properties":{"id":"A15882010","name":"목동삼익","district":"양천구","neighborhood":"목동","avgPrice":9.32,"households":3502,"buildingCount":13,"rank":775},"geometry":{"type":"Point","coordinates":[126.876662,37.522725]}},{"type":"Feature","properties":{"id":"A13780201","name":"엠브이아파트","district":"서초구","neighborhood":"반포동","avgPrice":12.95,"households":3499,"buildingCount":8,"rank":776},"geometry":{"type":"Point","coordinates":[127.010289,37.49925]}},{"type":"Feature","properties":{"id":"A13985909","name":"중계주공2단지","district":"노원구","neighborhood":"중계동","avgPrice":2.25,"households":3491,"buildingCount":26,"rank":777},"geometry":{"type":"Point","coordinates":[127.078843,37.657493]}},{"type":"Feature","properties":{"id":"A13985908","name":"중계주공3단지","district":"노원구","neighborhood":"중계동","avgPrice":11.1,"households":3490,"buildingCount":7,"rank":778},"geometry":{"type":"Point","coordinates":[127.0773,37.65697]}},{"type":"Feature","properties":{"id":"A13985907","name":"중계염광아파트","district":"노원구","neighborhood":"중계동","avgPrice":4.5,"households":3489,"buildingCount":24,"rank":779},"geometry":{"type":"Point","coordinates":[127.072894,37.656197]}},{"type":"Feature","properties":{"id":"A10021859","name":"쌍문역시티프라디움","district":"도봉구","neighborhood":"쌍문동","avgPrice":3.67,"households":3489,"buildingCount":30,"rank":780},"geometry":{"type":"Point","coordinates":[127.026785,37.647069]}},{"type":"Feature","properties":{"id":"A10025259","name":"석계역 한일노벨리아시티","district":"성북구","neighborhood":"장위동","avgPrice":0.73,"households":3487,"buildingCount":14,"rank":781},"geometry":{"type":"Point","coordinates":[127.060814,37.613635]}},{"type":"Feature","properties":{"id":"A10021856","name":"삼성파크아파트","district":"강남구","neighborhood":"삼성동","avgPrice":12.48,"households":3486,"buildingCount":7,"rank":782},"geometry":{"type":"Point","coordinates":[127.053649,37.509273]}},{"type":"Feature","properties":{"id":"A13985904","name":"중계현대2차(4동)","district":"노원구","neighborhood":"중계동","avgPrice":4.17,"households":3486,"buildingCount":25,"rank":783},"geometry":{"type":"Point","coordinates":[127.08464,37.647905]}},{"type":"Feature","properties":{"id":"A10021855","name":"장안월드메르디앙2차아파트","district":"동대문구","neighborhood":"장안동","avgPrice":4.9,"households":3485,"buildingCount":22,"rank":784},"geometry":{"type":"Point","coordinates":[127.042442,37.57053]}},{"type":"Feature","properties":{"id":"A10020466","name":"청계 sk view 아파트","district":"성동구","neighborhood":"용답동","avgPrice":8.16,"households":3482,"buildingCount":12,"rank":785},"geometry":{"type":"Point","coordinates":[127.01244,37.565255]}},{"type":"Feature","properties":{"id":"A15882008","name":"목동현대1차","district":"양천구","neighborhood":"목동","avgPrice":16.82,"households":3479,"buildingCount":31,"rank":786},"geometry":{"type":"Point","coordinates":[126.872303,37.526032]}},{"type":"Feature","properties":{"id":"A13585404","name":"래미안도곡카운티","district":"강남구","neighborhood":"도곡동","avgPrice":23.96,"households":3477,"buildingCount":11,"rank":787},"geometry":{"type":"Point","coordinates":[127.050243,37.494997]}},{"type":"Feature","properties":{"id":"A15882006","name":"목동현대2차","district":"양천구","neighborhood":"목동","avgPrice":6.9,"households":3477,"buildingCount":6,"rank":788},"geometry":{"type":"Point","coordinates":[126.871782,37.523447]}},{"type":"Feature","properties":{"id":"A13585403","name":"타워팰리스G동","district":"강남구","neighborhood":"도곡동","avgPrice":18.8,"households":3476,"buildingCount":26,"rank":789},"geometry":{"type":"Point","coordinates":[127.052834,37.487338]}},{"type":"Feature","properties":{"id":"A13585402","name":"타워팰리스2차","district":"강남구","neighborhood":"도곡동","avgPrice":31.82,"households":3475,"buildingCount":26,"rank":790},"geometry":{"type":"Point","coordinates":[127.054535,37.489698]}},{"type":"Feature","properties":{"id":"A13585401","name":"개포우성5차","district":"강남구","neighborhood":"도곡동","avgPrice":20.25,"households":3474,"buildingCount":8,"rank":791},"geometry":{"type":"Point","coordinates":[127.047709,37.485541]}},{"type":"Feature","properties":{"id":"A15703204","name":"등촌IPARK","district":"강서구","neighborhood":"등촌동","avgPrice":11.15,"households":3469,"buildingCount":12,"rank":792},"geometry":{"type":"Point","coordinates":[126.856808,37.5527]}},{"type":"Feature","properties":{"id":"A12119007","name":"창전삼성","district":"마포구","neighborhood":"창전동","avgPrice":6.25,"households":3468,"buildingCount":28,"rank":793},"geometry":{"type":"Point","coordinates":[126.93235,37.551938]}},{"type":"Feature","properties":{"id":"A12119006","name":"서강쌍용예가","district":"마포구","neighborhood":"창전동","avgPrice":10.1,"households":3467,"buildingCount":13,"rank":794},"geometry":{"type":"Point","coordinates":[126.929154,37.547694]}},{"type":"Feature","properties":{"id":"A15670001","name":"동작상떼빌주상복합","district":"동작구","neighborhood":"신대방동","avgPrice":7.22,"households":3467,"buildingCount":10,"rank":795},"geometry":{"type":"Point","coordinates":[126.907053,37.487474]}},{"type":"Feature","properties":{"id":"A13812005","name":"송파파크데일2단지","district":"송파구","neighborhood":"마천동","avgPrice":5.48,"households":3467,"buildingCount":23,"rank":796},"geometry":{"type":"Point","coordinates":[127.158856,37.49577]}},{"type":"Feature","properties":{"id":"A13812004","name":"마천우방","district":"송파구","neighborhood":"마천동","avgPrice":5.08,"households":3466,"buildingCount":29,"rank":797},"geometry":{"type":"Point","coordinates":[127.151785,37.500408]}},{"type":"Feature","properties":{"id":"A12119004","name":"서강해모로","district":"마포구","neighborhood":"창전동","avgPrice":10.6,"households":3465,"buildingCount":31,"rank":798},"geometry":{"type":"Point","coordinates":[126.929632,37.546247]}},{"type":"Feature","properties":{"id":"A13812003","name":"금호어울림1차","district":"송파구","neighborhood":"마천동","avgPrice":10.5,"households":3465,"buildingCount":23,"rank":799},"geometry":{"type":"Point","coordinates":[127.154555,37.498514]}},{"type":"Feature","properties":{"id":"A13812002","name":"마천금호","district":"송파구","neighborhood":"마천동","avgPrice":6.49,"households":3464,"buildingCount":28,"rank":800},"geometry":{"type":"Point","coordinates":[127.154642,37.498211]}},{"type":"Feature","properties":{"id":"A13812001","name":"마천금호어울림2차","district":"송파구","neighborhood":"마천동","avgPrice":6.44,"households":3463,"buildingCount":30,"rank":801},"geometry":{"type":"Point","coordinates":[127.155567,37.493213]}},{"type":"Feature","properties":{"id":"A13006101","name":"제기한신","district":"동대문구","neighborhood":"제기동","avgPrice":5.62,"households":3459,"buildingCount":16,"rank":802},"geometry":{"type":"Point","coordinates":[127.039246,37.588951]}},{"type":"Feature","properties":{"id":"A11081503","name":"무악현대아파트","district":"종로구","neighborhood":"무악동","avgPrice":14.7,"households":3452,"buildingCount":15,"rank":803},"geometry":{"type":"Point","coordinates":[126.961277,37.575668]}},{"type":"Feature","properties":{"id":"A10025245","name":"래미안퍼스트하이","district":"성북구","neighborhood":"장위동","avgPrice":11.7,"households":3452,"buildingCount":20,"rank":804},"geometry":{"type":"Point","coordinates":[127.051494,37.620051]}},{"type":"Feature","properties":{"id":"A10020455","name":"서초자이르네 아파트 ","district":"서초구","neighborhood":"서초동","avgPrice":9.11,"households":3450,"buildingCount":4,"rank":805},"geometry":{"type":"Point","coordinates":[127.031136,37.48827]}},{"type":"Feature","properties":{"id":"A10025241","name":"꿈의숲 해링턴 플레이스 아파트","district":"강북구","neighborhood":"미아동","avgPrice":5.64,"households":3448,"buildingCount":15,"rank":806},"geometry":{"type":"Point","coordinates":[127.034691,37.618496]}},{"type":"Feature","properties":{"id":"A13920804","name":"상계주공10단지","district":"노원구","neighborhood":"상계동","avgPrice":3.3,"households":3444,"buildingCount":27,"rank":807},"geometry":{"type":"Point","coordinates":[127.055725,37.663088]}},{"type":"Feature","properties":{"id":"A13924205","name":"공릉동부","district":"노원구","neighborhood":"공릉동","avgPrice":3.78,"households":3443,"buildingCount":7,"rank":808},"geometry":{"type":"Point","coordinates":[127.078529,37.628193]}},{"type":"Feature","properties":{"id":"A13920803","name":"상계주공16단지","district":"노원구","neighborhood":"상계동","avgPrice":2.9,"households":3443,"buildingCount":25,"rank":809},"geometry":{"type":"Point","coordinates":[127.052486,37.668801]}},{"type":"Feature","properties":{"id":"A13580602","name":"개포경남아파트","district":"강남구","neighborhood":"개포동","avgPrice":20.65,"households":3442,"buildingCount":9,"rank":810},"geometry":{"type":"Point","coordinates":[127.054174,37.484515]}},{"type":"Feature","properties":{"id":"A12079501","name":"북아현두산","district":"서대문구","neighborhood":"북아현동","avgPrice":6.55,"households":3442,"buildingCount":5,"rank":811},"geometry":{"type":"Point","coordinates":[126.95026,37.559225]}},{"type":"Feature","properties":{"id":"A15009505","name":"문래두산위브","district":"영등포구","neighborhood":"문래동5가","avgPrice":5.13,"households":3442,"buildingCount":4,"rank":812},"geometry":{"type":"Point","coordinates":[126.885668,37.516885]}},{"type":"Feature","properties":{"id":"A13920802","name":"상계주공15단지","district":"노원구","neighborhood":"상계동","avgPrice":3.17,"households":3442,"buildingCount":16,"rank":813},"geometry":{"type":"Point","coordinates":[127.059553,37.647387]}},{"type":"Feature","properties":{"id":"A14276311","name":"번동주공3단지","district":"강북구","neighborhood":"번동","avgPrice":1.68,"households":3442,"buildingCount":25,"rank":814},"geometry":{"type":"Point","coordinates":[127.041644,37.629044]}},{"type":"Feature","properties":{"id":"A15009504","name":"문래현대5차아파트","district":"영등포구","neighborhood":"문래동5가","avgPrice":5.18,"households":3441,"buildingCount":17,"rank":815},"geometry":{"type":"Point","coordinates":[126.883049,37.517732]}},{"type":"Feature","properties":{"id":"A15009503","name":"문래대림","district":"영등포구","neighborhood":"문래동5가","avgPrice":4.93,"households":3440,"buildingCount":12,"rank":816},"geometry":{"type":"Point","coordinates":[126.888167,37.516927]}},{"type":"Feature","properties":{"id":"A15009502","name":"문래현대3차","district":"영등포구","neighborhood":"문래동5가","avgPrice":4.92,"households":3439,"buildingCount":13,"rank":817},"geometry":{"type":"Point","coordinates":[126.884606,37.516079]}},{"type":"Feature","properties":{"id":"A15603401","name":"경향렉스빌아파트","district":"동작구","neighborhood":"상도동","avgPrice":5.36,"households":3437,"buildingCount":23,"rank":818},"geometry":{"type":"Point","coordinates":[126.942031,37.495286]}},{"type":"Feature","properties":{"id":"A12293002","name":"응암우성","district":"은평구","neighborhood":"응암동","avgPrice":3.59,"households":3436,"buildingCount":4,"rank":819},"geometry":{"type":"Point","coordinates":[126.918091,37.583982]}},{"type":"Feature","properties":{"id":"A13405201","name":"암사선사현대","district":"강동구","neighborhood":"암사동","avgPrice":8.9,"households":3433,"buildingCount":20,"rank":820},"geometry":{"type":"Point","coordinates":[127.12572,37.552369]}},{"type":"Feature","properties":{"id":"A10023798","name":"용산원효루미니","district":"용산구","neighborhood":"원효로1가","avgPrice":3.82,"households":3433,"buildingCount":25,"rank":821},"geometry":{"type":"Point","coordinates":[126.969313,37.541331]}},{"type":"Feature","properties":{"id":"A10026626","name":"금천롯데캐슬골드파크2차","district":"금천구","neighborhood":"독산동","avgPrice":6.23,"households":3426,"buildingCount":31,"rank":822},"geometry":{"type":"Point","coordinates":[126.894071,37.458262]}},{"type":"Feature","properties":{"id":"A10021838","name":"장한평월드메르디앙 1차아파트","district":"동대문구","neighborhood":"장안동","avgPrice":4.83,"households":3426,"buildingCount":16,"rank":823},"geometry":{"type":"Point","coordinates":[127.070693,37.563617]}},{"type":"Feature","properties":{"id":"A10021832","name":"대림역경남아너스빌","district":"구로구","neighborhood":"구로동","avgPrice":4.16,"households":3420,"buildingCount":8,"rank":824},"geometry":{"type":"Point","coordinates":[126.893204,37.493331]}},{"type":"Feature","properties":{"id":"A13983105","name":"상계주공1단지","district":"노원구","neighborhood":"상계동","avgPrice":15.7,"households":3417,"buildingCount":13,"rank":825},"geometry":{"type":"Point","coordinates":[127.062796,37.647344]}},{"type":"Feature","properties":{"id":"A13385802","name":"무학현대","district":"성동구","neighborhood":"하왕십리동","avgPrice":6.31,"households":3417,"buildingCount":21,"rank":826},"geometry":{"type":"Point","coordinates":[127.027855,37.561228]}},{"type":"Feature","properties":{"id":"A13480803","name":"길동현대아파트","district":"강동구","neighborhood":"길동","avgPrice":12.45,"households":3414,"buildingCount":19,"rank":827},"geometry":{"type":"Point","coordinates":[127.147317,37.536574]}},{"type":"Feature","properties":{"id":"A13676103","name":"신동아파밀리에","district":"성북구","neighborhood":"석관동","avgPrice":5.14,"households":3414,"buildingCount":19,"rank":828},"geometry":{"type":"Point","coordinates":[127.053598,37.607545]}},{"type":"Feature","properties":{"id":"A13676102","name":"석관래미안제2임대","district":"성북구","neighborhood":"석관동","avgPrice":5.46,"households":3413,"buildingCount":31,"rank":829},"geometry":{"type":"Point","coordinates":[127.054557,37.608392]}},{"type":"Feature","properties":{"id":"A13983101","name":"상계마들","district":"노원구","neighborhood":"상계동","avgPrice":1.21,"households":3413,"buildingCount":15,"rank":830},"geometry":{"type":"Point","coordinates":[127.057169,37.641785]}},{"type":"Feature","properties":{"id":"A13676101","name":"래미안석관","district":"성북구","neighborhood":"석관동","avgPrice":1.49,"households":3412,"buildingCount":11,"rank":831},"geometry":{"type":"Point","coordinates":[127.055576,37.609379]}},{"type":"Feature","properties":{"id":"A13484201","name":"성내1차e-편한세상","district":"강동구","neighborhood":"성내동","avgPrice":7.4,"households":3410,"buildingCount":15,"rank":832},"geometry":{"type":"Point","coordinates":[127.131198,37.533206]}},{"type":"Feature","properties":{"id":"A15602007","name":"대방1차e편한세상","district":"동작구","neighborhood":"대방동","avgPrice":8.3,"households":3408,"buildingCount":18,"rank":833},"geometry":{"type":"Point","coordinates":[126.928707,37.511413]}},{"type":"Feature","properties":{"id":"A13272201","name":"창동대우그린아파트","district":"도봉구","neighborhood":"창동","avgPrice":4.32,"households":3405,"buildingCount":20,"rank":834},"geometry":{"type":"Point","coordinates":[127.049705,37.646304]}},{"type":"Feature","properties":{"id":"A15602002","name":"보라매코오롱하늘채","district":"동작구","neighborhood":"대방동","avgPrice":6.42,"households":3403,"buildingCount":11,"rank":835},"geometry":{"type":"Point","coordinates":[126.923183,37.498556]}},{"type":"Feature","properties":{"id":"A13611012","name":"길음뉴타운7단지제2","district":"성북구","neighborhood":"길음동","avgPrice":16.05,"households":3402,"buildingCount":9,"rank":836},"geometry":{"type":"Point","coordinates":[127.018167,37.610146]}},{"type":"Feature","properties":{"id":"A15602001","name":"대방경남아너스빌","district":"동작구","neighborhood":"대방동","avgPrice":8.81,"households":3402,"buildingCount":16,"rank":837},"geometry":{"type":"Point","coordinates":[126.925605,37.511495]}},{"type":"Feature","properties":{"id":"A10023788","name":"더플레이스충정로","district":"중구","neighborhood":"중림동","avgPrice":1.39,"households":3402,"buildingCount":12,"rank":838},"geometry":{"type":"Point","coordinates":[126.966019,37.558962]}},{"type":"Feature","properties":{"id":"A13611011","name":"래미안길음뉴타운9단지","district":"성북구","neighborhood":"길음동","avgPrice":7.53,"households":3401,"buildingCount":13,"rank":839},"geometry":{"type":"Point","coordinates":[127.019572,37.603656]}},{"type":"Feature","properties":{"id":"A10027189","name":"보문파크뷰자이아파트","district":"성북구","neighborhood":"보문동6가","avgPrice":6.39,"households":3401,"buildingCount":24,"rank":840},"geometry":{"type":"Point","coordinates":[127.018317,37.580498]}},{"type":"Feature","properties":{"id":"A13611010","name":"길음뉴타운8단지제2","district":"성북구","neighborhood":"길음동","avgPrice":8.4,"households":3400,"buildingCount":6,"rank":841},"geometry":{"type":"Point","coordinates":[127.017963,37.607434]}},{"type":"Feature","properties":{"id":"A10027188","name":"금천롯데캐슬골드파크1차아파트","district":"금천구","neighborhood":"독산동","avgPrice":7.01,"households":3400,"buildingCount":4,"rank":842},"geometry":{"type":"Point","coordinates":[126.894402,37.459812]}},{"type":"Feature","properties":{"id":"A14004002","name":"리버힐삼성아파트","district":"용산구","neighborhood":"산천동","avgPrice":9.9,"households":3398,"buildingCount":19,"rank":843},"geometry":{"type":"Point","coordinates":[126.950472,37.534959]}},{"type":"Feature","properties":{"id":"A14004001","name":"한강타운","district":"용산구","neighborhood":"산천동","avgPrice":6.61,"households":3397,"buildingCount":21,"rank":844},"geometry":{"type":"Point","coordinates":[126.950331,37.535786]}},{"type":"Feature","properties":{"id":"A10021828","name":"롯데캐슬주피터","district":"서초구","neighborhood":"서초동","avgPrice":22.1,"households":3395,"buildingCount":27,"rank":845},"geometry":{"type":"Point","coordinates":[127.030375,37.486732]}},{"type":"Feature","properties":{"id":"A10025227","name":"동대문더퍼스트데시앙아파트","district":"동대문구","neighborhood":"장안동","avgPrice":6.39,"households":3392,"buildingCount":4,"rank":846},"geometry":{"type":"Point","coordinates":[127.070597,37.574868]}},{"type":"Feature","properties":{"id":"A15807707","name":"신정양천","district":"양천구","neighborhood":"신정동","avgPrice":1.25,"households":3392,"buildingCount":28,"rank":847},"geometry":{"type":"Point","coordinates":[126.863026,37.509727]}},{"type":"Feature","properties":{"id":"A10022391","name":"북서울자이 폴라리스 아파트","district":"강북구","neighborhood":"미아동","avgPrice":15.15,"households":3391,"buildingCount":27,"rank":848},"geometry":{"type":"Point","coordinates":[127.003428,37.645945]}},{"type":"Feature","properties":{"id":"A15807706","name":"목동12단지","district":"양천구","neighborhood":"신정동","avgPrice":11.65,"households":3391,"buildingCount":25,"rank":849},"geometry":{"type":"Point","coordinates":[126.860466,37.514307]}},{"type":"Feature","properties":{"id":"A10021824","name":"목동3차월드메르디앙아파트","district":"양천구","neighborhood":"목동","avgPrice":5.28,"households":3391,"buildingCount":26,"rank":850},"geometry":{"type":"Point","coordinates":[126.867551,37.541709]}},{"type":"Feature","properties":{"id":"A10022390","name":"서초프라임헤센 아파트","district":"서초구","neighborhood":"서초동","avgPrice":9.9,"households":3390,"buildingCount":4,"rank":851},"geometry":{"type":"Point","coordinates":[127.020968,37.489575]}},{"type":"Feature","properties":{"id":"A15807705","name":"목동11단지","district":"양천구","neighborhood":"신정동","avgPrice":9.6,"households":3390,"buildingCount":16,"rank":852},"geometry":{"type":"Point","coordinates":[126.857418,37.512789]}},{"type":"Feature","properties":{"id":"A15807704","name":"목동2차우성임대","district":"양천구","neighborhood":"신정동","avgPrice":12.6,"households":3389,"buildingCount":15,"rank":853},"geometry":{"type":"Point","coordinates":[126.892268,37.505875]}},{"type":"Feature","properties":{"id":"A10025223","name":"충무로엘크루메트로시티2","district":"중구","neighborhood":"충무로5가","avgPrice":7.15,"households":3388,"buildingCount":5,"rank":854},"geometry":{"type":"Point","coordinates":[126.999839,37.563464]}},{"type":"Feature","properties":{"id":"A15807703","name":"목동2차우성","district":"양천구","neighborhood":"신정동","avgPrice":1.32,"households":3388,"buildingCount":7,"rank":855},"geometry":{"type":"Point","coordinates":[126.865257,37.506403]}},{"type":"Feature","properties":{"id":"A15807702","name":"목동2차삼성래미안","district":"양천구","neighborhood":"신정동","avgPrice":8.65,"households":3387,"buildingCount":5,"rank":856},"geometry":{"type":"Point","coordinates":[126.86806,37.510212]}},{"type":"Feature","properties":{"id":"A15807701","name":"신정세양청마루","district":"양천구","neighborhood":"신정동","avgPrice":6.48,"households":3386,"buildingCount":31,"rank":857},"geometry":{"type":"Point","coordinates":[126.863726,37.507214]}},{"type":"Feature","properties":{"id":"A12186901","name":"코오롱하늘채","district":"마포구","neighborhood":"연남동","avgPrice":7.36,"households":3385,"buildingCount":31,"rank":858},"geometry":{"type":"Point","coordinates":[126.921717,37.562915]}},{"type":"Feature","properties":{"id":"A15083703","name":"신길경남","district":"영등포구","neighborhood":"신길동","avgPrice":6.11,"households":3384,"buildingCount":7,"rank":859},"geometry":{"type":"Point","coordinates":[126.918489,37.515847]}},{"type":"Feature","properties":{"id":"A13384403","name":"옥수극동그린아파트","district":"성동구","neighborhood":"옥수동","avgPrice":9.32,"households":3383,"buildingCount":9,"rank":860},"geometry":{"type":"Point","coordinates":[127.010141,37.541782]}},{"type":"Feature","properties":{"id":"A15083701","name":"신길삼두","district":"영등포구","neighborhood":"신길동","avgPrice":3.29,"households":3382,"buildingCount":4,"rank":861},"geometry":{"type":"Point","coordinates":[126.923859,37.5143]}},{"type":"Feature","properties":{"id":"A13611009","name":"길음SHVILLE","district":"성북구","neighborhood":"길음동","avgPrice":9.4,"households":3378,"buildingCount":25,"rank":862},"geometry":{"type":"Point","coordinates":[127.0167,37.56987]}},{"type":"Feature","properties":{"id":"A13611008","name":"길음뉴타운8단지","district":"성북구","neighborhood":"길음동","avgPrice":7.3,"households":3377,"buildingCount":24,"rank":863},"geometry":{"type":"Point","coordinates":[127.019312,37.607048]}},{"type":"Feature","properties":{"id":"A13611007","name":"길음뉴타운푸르지오아파트2,3단지","district":"성북구","neighborhood":"길음동","avgPrice":11.5,"households":3376,"buildingCount":17,"rank":864},"geometry":{"type":"Point","coordinates":[127.015989,37.611756]}},{"type":"Feature","properties":{"id":"A13611006","name":"이편한세상 길음뉴타운4단지","district":"성북구","neighborhood":"길음동","avgPrice":10.75,"households":3375,"buildingCount":19,"rank":865},"geometry":{"type":"Point","coordinates":[127.019537,37.612394]}},{"type":"Feature","properties":{"id":"A13611005","name":"길음래미안3차","district":"성북구","neighborhood":"길음동","avgPrice":8.75,"households":3374,"buildingCount":9,"rank":866},"geometry":{"type":"Point","coordinates":[127.022774,37.606398]}},{"type":"Feature","properties":{"id":"A13611004","name":"길음삼부","district":"성북구","neighborhood":"길음동","avgPrice":6.95,"households":3373,"buildingCount":16,"rank":867},"geometry":{"type":"Point","coordinates":[127.024102,37.603307]}},{"type":"Feature","properties":{"id":"A13611002","name":"길음동부제2","district":"성북구","neighborhood":"길음동","avgPrice":8.85,"households":3371,"buildingCount":9,"rank":868},"geometry":{"type":"Point","coordinates":[127.039494,37.586655]}},{"type":"Feature","properties":{"id":"A13611001","name":"길음뉴타운4단지임대","district":"성북구","neighborhood":"길음동","avgPrice":6.36,"households":3370,"buildingCount":4,"rank":869},"geometry":{"type":"Point","coordinates":[127.019634,37.611925]}},{"type":"Feature","properties":{"id":"A12013003","name":"DMC래미안e편한세상","district":"서대문구","neighborhood":"북가좌동","avgPrice":9,"households":3367,"buildingCount":24,"rank":870},"geometry":{"type":"Point","coordinates":[126.91009,37.574108]}},{"type":"Feature","properties":{"id":"A12013002","name":"DMC아이파크","district":"서대문구","neighborhood":"북가좌동","avgPrice":6.86,"households":3366,"buildingCount":14,"rank":871},"geometry":{"type":"Point","coordinates":[126.914532,37.576401]}},{"type":"Feature","properties":{"id":"A12013001","name":"DMC휴먼빌","district":"서대문구","neighborhood":"북가좌동","avgPrice":5.32,"households":3365,"buildingCount":22,"rank":872},"geometry":{"type":"Point","coordinates":[126.911879,37.577571]}},{"type":"Feature","properties":{"id":"A10022384","name":"대방2차e편한세상아파트","district":"동작구","neighborhood":"대방동","avgPrice":4.26,"households":3363,"buildingCount":25,"rank":873},"geometry":{"type":"Point","coordinates":[126.92691,37.50296]}},{"type":"Feature","properties":{"id":"A10026604","name":"북한산 더샵","district":"서대문구","neighborhood":"홍은동","avgPrice":7.71,"households":3362,"buildingCount":4,"rank":874},"geometry":{"type":"Point","coordinates":[126.941599,37.593413]}},{"type":"Feature","properties":{"id":"A10020429","name":"신설동역 자이르네","district":"동대문구","neighborhood":"신설동","avgPrice":4.42,"households":3361,"buildingCount":28,"rank":875},"geometry":{"type":"Point","coordinates":[127.025975,37.573906]}},{"type":"Feature","properties":{"id":"A10020428","name":"세이지움상봉","district":"중랑구","neighborhood":"상봉동","avgPrice":2.01,"households":3360,"buildingCount":16,"rank":876},"geometry":{"type":"Point","coordinates":[127.0927,37.592665]}},{"type":"Feature","properties":{"id":"A15678103","name":"힐스테이트상도센트럴파크","district":"동작구","neighborhood":"상도동","avgPrice":11.41,"households":3358,"buildingCount":5,"rank":877},"geometry":{"type":"Point","coordinates":[126.950605,37.495496]}},{"type":"Feature","properties":{"id":"A15678102","name":"상도삼호","district":"동작구","neighborhood":"상도동","avgPrice":5.9,"households":3357,"buildingCount":27,"rank":878},"geometry":{"type":"Point","coordinates":[126.957398,37.493528]}},{"type":"Feature","properties":{"id":"A15678101","name":"상도현대","district":"동작구","neighborhood":"상도동","avgPrice":5.42,"households":3356,"buildingCount":19,"rank":879},"geometry":{"type":"Point","coordinates":[126.959517,37.494076]}},{"type":"Feature","properties":{"id":"A10020423","name":"와이센트럴시티상봉","district":"중랑구","neighborhood":"상봉동","avgPrice":1.95,"households":3355,"buildingCount":12,"rank":880},"geometry":{"type":"Point","coordinates":[127.10546,37.62817]}},{"type":"Feature","properties":{"id":"A12185504","name":"신수성원","district":"마포구","neighborhood":"신수동","avgPrice":9.15,"households":3353,"buildingCount":7,"rank":881},"geometry":{"type":"Point","coordinates":[126.937588,37.546838]}},{"type":"Feature","properties":{"id":"A13383003","name":"성수청구강변","district":"성동구","neighborhood":"성수동2가","avgPrice":19.55,"households":3348,"buildingCount":13,"rank":882},"geometry":{"type":"Point","coordinates":[127.056696,37.534618]}},{"type":"Feature","properties":{"id":"A13204205","name":"창동태영데시앙","district":"도봉구","neighborhood":"창동","avgPrice":4.97,"households":3344,"buildingCount":24,"rank":883},"geometry":{"type":"Point","coordinates":[127.03346,37.642933]}},{"type":"Feature","properties":{"id":"A13204204","name":"창동대우","district":"도봉구","neighborhood":"창동","avgPrice":3.89,"households":3343,"buildingCount":28,"rank":884},"geometry":{"type":"Point","coordinates":[127.037676,37.642402]}},{"type":"Feature","properties":{"id":"A13204203","name":"창동건영캐스빌","district":"도봉구","neighborhood":"창동","avgPrice":8.95,"households":3342,"buildingCount":7,"rank":885},"geometry":{"type":"Point","coordinates":[127.033945,37.641529]}},{"type":"Feature","properties":{"id":"A12125202","name":"성산월드타운대림","district":"마포구","neighborhood":"성산동","avgPrice":6.9,"households":3342,"buildingCount":11,"rank":886},"geometry":{"type":"Point","coordinates":[126.913654,37.564938]}},{"type":"Feature","properties":{"id":"A13511201","name":"압구정현대8차","district":"강남구","neighborhood":"압구정동","avgPrice":42.01,"households":3341,"buildingCount":30,"rank":887},"geometry":{"type":"Point","coordinates":[127.035228,37.530896]}},{"type":"Feature","properties":{"id":"A13204201","name":"창동금용","district":"도봉구","neighborhood":"창동","avgPrice":3.15,"households":3340,"buildingCount":13,"rank":888},"geometry":{"type":"Point","coordinates":[127.035349,37.637798]}},{"type":"Feature","properties":{"id":"A10022377","name":"청계벽산메가트리움","district":"동대문구","neighborhood":"답십리동","avgPrice":5.02,"households":3335,"buildingCount":14,"rank":889},"geometry":{"type":"Point","coordinates":[127.049975,37.569952]}},{"type":"Feature","properties":{"id":"A15885307","name":"신정청구아파트","district":"양천구","neighborhood":"신정동","avgPrice":7.38,"households":3334,"buildingCount":24,"rank":890},"geometry":{"type":"Point","coordinates":[126.875648,37.519169]}},{"type":"Feature","properties":{"id":"A10021809","name":"신우빌라","district":"도봉구","neighborhood":"방학동","avgPrice":1.61,"households":3334,"buildingCount":20,"rank":891},"geometry":{"type":"Point","coordinates":[127.032852,37.664806]}},{"type":"Feature","properties":{"id":"A15885306","name":"신정쌍용","district":"양천구","neighborhood":"신정동","avgPrice":7.11,"households":3333,"buildingCount":17,"rank":892},"geometry":{"type":"Point","coordinates":[126.875798,37.517672]}},{"type":"Feature","properties":{"id":"A10021807","name":"사당삼성아파트","district":"동작구","neighborhood":"사당동","avgPrice":5.24,"households":3332,"buildingCount":10,"rank":893},"geometry":{"type":"Point","coordinates":[126.97848,37.486028]}},{"type":"Feature","properties":{"id":"A10027162","name":"포레스트힐시티","district":"종로구","neighborhood":"효제동","avgPrice":1.04,"households":3332,"buildingCount":12,"rank":894},"geometry":{"type":"Point","coordinates":[127.001832,37.574218]}},{"type":"Feature","properties":{"id":"A10020419","name":"라온프라이빗종암","district":"성북구","neighborhood":"종암동","avgPrice":15.65,"households":3330,"buildingCount":30,"rank":895},"geometry":{"type":"Point","coordinates":[126.98828,37.581525]}},{"type":"Feature","properties":{"id":"A15885303","name":"신정대림","district":"양천구","neighborhood":"신정동","avgPrice":7.01,"households":3330,"buildingCount":5,"rank":896},"geometry":{"type":"Point","coordinates":[126.873635,37.517723]}},{"type":"Feature","properties":{"id":"A10045302","name":"신당남산타운(분양)","district":"중구","neighborhood":"신당동","avgPrice":16.17,"households":3328,"buildingCount":5,"rank":897},"geometry":{"type":"Point","coordinates":[126.983564,37.55271]}},{"type":"Feature","properties":{"id":"A15386404","name":"남서울건영아파트","district":"금천구","neighborhood":"시흥동","avgPrice":3.13,"households":3328,"buildingCount":7,"rank":898},"geometry":{"type":"Point","coordinates":[126.898637,37.452864]}},{"type":"Feature","properties":{"id":"A10045301","name":"신당남산타운임대","district":"중구","neighborhood":"신당동","avgPrice":9.62,"households":3327,"buildingCount":25,"rank":899},"geometry":{"type":"Point","coordinates":[127.00887,37.548893]}},{"type":"Feature","properties":{"id":"A10020416","name":"천왕역모아엘가트레뷰","district":"구로구","neighborhood":"오류동","avgPrice":5.95,"households":3327,"buildingCount":8,"rank":900},"geometry":{"type":"Point","coordinates":[126.893748,37.50009]}},{"type":"Feature","properties":{"id":"A10025204","name":"수서하니움","district":"강남구","neighborhood":"수서동","avgPrice":4.07,"households":3327,"buildingCount":8,"rank":901},"geometry":{"type":"Point","coordinates":[127.107184,37.48661]}},{"type":"Feature","properties":{"id":"A10025203","name":"디에이치 아너힐즈","district":"강남구","neighborhood":"개포동","avgPrice":24.94,"households":3326,"buildingCount":24,"rank":902},"geometry":{"type":"Point","coordinates":[127.067392,37.483988]}},{"type":"Feature","properties":{"id":"A13376702","name":"옥수현대","district":"성동구","neighborhood":"옥수동","avgPrice":12.71,"households":3326,"buildingCount":11,"rank":903},"geometry":{"type":"Point","coordinates":[127.018976,37.543522]}},{"type":"Feature","properties":{"id":"A10020415","name":"강남태영데시앙루브","district":"서초구","neighborhood":"서초동","avgPrice":7.88,"households":3326,"buildingCount":17,"rank":904},"geometry":{"type":"Point","coordinates":[127.024558,37.502866]}},{"type":"Feature","properties":{"id":"A13184804","name":"묵동신도1차","district":"중랑구","neighborhood":"묵동","avgPrice":4.25,"households":3326,"buildingCount":27,"rank":905},"geometry":{"type":"Point","coordinates":[127.077588,37.617075]}},{"type":"Feature","properties":{"id":"A13527019","name":"도곡쌍용예가","district":"강남구","neighborhood":"도곡동","avgPrice":18.64,"households":3325,"buildingCount":25,"rank":906},"geometry":{"type":"Point","coordinates":[127.038398,37.487668]}},{"type":"Feature","properties":{"id":"A10020414","name":"남대문(양동) 단지","district":"중구","neighborhood":"남대문로5가","avgPrice":11.25,"households":3325,"buildingCount":31,"rank":907},"geometry":{"type":"Point","coordinates":[126.997948,37.553475]}},{"type":"Feature","properties":{"id":"A13527018","name":"양재SK허브프리모","district":"강남구","neighborhood":"도곡동","avgPrice":4.79,"households":3324,"buildingCount":13,"rank":908},"geometry":{"type":"Point","coordinates":[127.03441,37.485276]}},{"type":"Feature","properties":{"id":"A10025201","name":"서광 프리메라","district":"강서구","neighborhood":"화곡동","avgPrice":2.7,"households":3324,"buildingCount":19,"rank":909},"geometry":{"type":"Point","coordinates":[126.84875,37.550214]}},{"type":"Feature","properties":{"id":"A13527017","name":"타워팰리스1차","district":"강남구","neighborhood":"도곡동","avgPrice":34.29,"households":3323,"buildingCount":23,"rank":910},"geometry":{"type":"Point","coordinates":[127.053479,37.488075]}},{"type":"Feature","properties":{"id":"A13527016","name":"도곡개포한신아파트","district":"강남구","neighborhood":"도곡동","avgPrice":20.19,"households":3322,"buildingCount":23,"rank":911},"geometry":{"type":"Point","coordinates":[127.048823,37.486884]}},{"type":"Feature","properties":{"id":"A13590204","name":"압구정한양아파트제2단지","district":"강남구","neighborhood":"압구정동","avgPrice":24,"households":3321,"buildingCount":27,"rank":912},"geometry":{"type":"Point","coordinates":[127.023826,37.530809]}},{"type":"Feature","properties":{"id":"A13527014","name":"도곡대림아크로빌","district":"강남구","neighborhood":"도곡동","avgPrice":20.02,"households":3320,"buildingCount":29,"rank":913},"geometry":{"type":"Point","coordinates":[127.039994,37.486503]}},{"type":"Feature","properties":{"id":"A13527013","name":"개포4차우성","district":"강남구","neighborhood":"도곡동","avgPrice":14.45,"households":3319,"buildingCount":29,"rank":914},"geometry":{"type":"Point","coordinates":[127.043716,37.490757]}},{"type":"Feature","properties":{"id":"A13527011","name":"아카데미스위트","district":"강남구","neighborhood":"도곡동","avgPrice":18.91,"households":3317,"buildingCount":8,"rank":915},"geometry":{"type":"Point","coordinates":[127.052126,37.488893]}},{"type":"Feature","properties":{"id":"A13527010","name":"도곡우성아파트","district":"강남구","neighborhood":"도곡동","avgPrice":15.4,"households":3316,"buildingCount":14,"rank":916},"geometry":{"type":"Point","coordinates":[127.036751,37.488394]}},{"type":"Feature","properties":{"id":"A13071201","name":"청량리홍릉동부임대","district":"동대문구","neighborhood":"청량리동","avgPrice":5.43,"households":3312,"buildingCount":23,"rank":917},"geometry":{"type":"Point","coordinates":[127.0461,37.586269]}},{"type":"Feature","properties":{"id":"A14322002","name":"성원상떼빌","district":"광진구","neighborhood":"중곡동","avgPrice":3.8,"households":3311,"buildingCount":14,"rank":918},"geometry":{"type":"Point","coordinates":[127.07964,37.571183]}},{"type":"Feature","properties":{"id":"A14322001","name":"중곡SK","district":"광진구","neighborhood":"중곡동","avgPrice":13.4,"households":3310,"buildingCount":24,"rank":919},"geometry":{"type":"Point","coordinates":[127.08625,37.568649]}},{"type":"Feature","properties":{"id":"A13410012","name":"고덕리엔파크1단지","district":"강동구","neighborhood":"강일동","avgPrice":6.97,"households":3309,"buildingCount":8,"rank":920},"geometry":{"type":"Point","coordinates":[127.171714,37.561093]}},{"type":"Feature","properties":{"id":"A13410011","name":"고덕리엔파크2단지","district":"강동구","neighborhood":"강일동","avgPrice":6.96,"households":3308,"buildingCount":17,"rank":921},"geometry":{"type":"Point","coordinates":[127.173032,37.559543]}},{"type":"Feature","properties":{"id":"A13410010","name":"강일리버파크7단지","district":"강동구","neighborhood":"강일동","avgPrice":5.11,"households":3307,"buildingCount":28,"rank":922},"geometry":{"type":"Point","coordinates":[127.178977,37.564807]}},{"type":"Feature","properties":{"id":"A10023755","name":"마포한강 J-SKY아파트","district":"마포구","neighborhood":"망원동","avgPrice":3.44,"households":3306,"buildingCount":21,"rank":923},"geometry":{"type":"Point","coordinates":[126.904042,37.552816]}},{"type":"Feature","properties":{"id":"A10027157","name":"서울가좌행복주택","district":"마포구","neighborhood":"성산동","avgPrice":1.12,"households":3306,"buildingCount":17,"rank":924},"geometry":{"type":"Point","coordinates":[126.913068,37.56927]}},{"type":"Feature","properties":{"id":"A15785507","name":"마곡현대1차","district":"강서구","neighborhood":"방화동","avgPrice":8.3,"households":3305,"buildingCount":24,"rank":925},"geometry":{"type":"Point","coordinates":[126.831984,37.54694]}},{"type":"Feature","properties":{"id":"A10080701","name":"엘아이지서울역리가","district":"중구","neighborhood":"만리동1가","avgPrice":9.3,"households":3300,"buildingCount":21,"rank":926},"geometry":{"type":"Point","coordinates":[126.966984,37.555888]}},{"type":"Feature","properties":{"id":"A10022362","name":"자양9차현대홈타운아파트","district":"광진구","neighborhood":"자양동","avgPrice":10.81,"households":3299,"buildingCount":4,"rank":927},"geometry":{"type":"Point","coordinates":[127.069309,37.5338]}},{"type":"Feature","properties":{"id":"A10022360","name":"숲에리움헹복주택","district":"구로구","neighborhood":"오류동","avgPrice":11.05,"households":3297,"buildingCount":15,"rank":928},"geometry":{"type":"Point","coordinates":[126.876232,37.506075]}},{"type":"Feature","properties":{"id":"A15286602","name":"구로월드","district":"구로구","neighborhood":"구로동","avgPrice":3.99,"households":3297,"buildingCount":24,"rank":929},"geometry":{"type":"Point","coordinates":[126.876175,37.50559]}},{"type":"Feature","properties":{"id":"A12177802","name":"창전삼성임대","district":"마포구","neighborhood":"창전동","avgPrice":8.8,"households":3295,"buildingCount":16,"rank":930},"geometry":{"type":"Point","coordinates":[126.926956,37.57665]}},{"type":"Feature","properties":{"id":"A12177801","name":"서강한화오벨리스크스위트","district":"마포구","neighborhood":"창전동","avgPrice":12.3,"households":3294,"buildingCount":29,"rank":931},"geometry":{"type":"Point","coordinates":[126.93185,37.546596]}},{"type":"Feature","properties":{"id":"A13527008","name":"도곡경남","district":"강남구","neighborhood":"도곡동","avgPrice":15.97,"households":3293,"buildingCount":4,"rank":932},"geometry":{"type":"Point","coordinates":[127.040894,37.488822]}},{"type":"Feature","properties":{"id":"A13527007","name":"도곡1차아이파크","district":"강남구","neighborhood":"도곡동","avgPrice":22.17,"households":3292,"buildingCount":8,"rank":933},"geometry":{"type":"Point","coordinates":[127.043172,37.491994]}},{"type":"Feature","properties":{"id":"A10020402","name":"중곡아파트2단지","district":"광진구","neighborhood":"중곡동","avgPrice":7.4,"households":3292,"buildingCount":10,"rank":934},"geometry":{"type":"Point","coordinates":[127.074006,37.527735]}},{"type":"Feature","properties":{"id":"A13183405","name":"면목대원칸타빌","district":"중랑구","neighborhood":"면목동","avgPrice":4.77,"households":3292,"buildingCount":31,"rank":935},"geometry":{"type":"Point","coordinates":[127.090171,37.578044]}},{"type":"Feature","properties":{"id":"A13527006","name":"역삼삼익","district":"강남구","neighborhood":"도곡동","avgPrice":17.98,"households":3291,"buildingCount":24,"rank":936},"geometry":{"type":"Point","coordinates":[127.042233,37.490829]}},{"type":"Feature","properties":{"id":"A13527005","name":"현대비전21","district":"강남구","neighborhood":"도곡동","avgPrice":19.75,"households":3290,"buildingCount":11,"rank":937},"geometry":{"type":"Point","coordinates":[127.051429,37.48741]}},{"type":"Feature","properties":{"id":"A13527004","name":"도곡삼성","district":"강남구","neighborhood":"도곡동","avgPrice":16.9,"households":3289,"buildingCount":22,"rank":938},"geometry":{"type":"Point","coordinates":[127.046669,37.488561]}},{"type":"Feature","properties":{"id":"A13527003","name":"우성캐릭터199 아파트","district":"강남구","neighborhood":"도곡동","avgPrice":19.89,"households":3288,"buildingCount":31,"rank":939},"geometry":{"type":"Point","coordinates":[127.051844,37.486899]}},{"type":"Feature","properties":{"id":"A13527002","name":"도곡현대그린","district":"강남구","neighborhood":"도곡동","avgPrice":19.3,"households":3287,"buildingCount":25,"rank":940},"geometry":{"type":"Point","coordinates":[127.041378,37.495025]}},{"type":"Feature","properties":{"id":"A12084302","name":"유원홍은","district":"서대문구","neighborhood":"홍은동","avgPrice":2.97,"households":3287,"buildingCount":19,"rank":941},"geometry":{"type":"Point","coordinates":[126.944665,37.597506]}},{"type":"Feature","properties":{"id":"A13527001","name":"도곡동양재디오빌","district":"강남구","neighborhood":"도곡동","avgPrice":19.8,"households":3286,"buildingCount":13,"rank":942},"geometry":{"type":"Point","coordinates":[127.046726,37.48628]}},{"type":"Feature","properties":{"id":"A13410009","name":"강일리버파크5단지","district":"강동구","neighborhood":"강일동","avgPrice":5.42,"households":3285,"buildingCount":10,"rank":943},"geometry":{"type":"Point","coordinates":[127.178225,37.567741]}},{"type":"Feature","properties":{"id":"A13410008","name":"강일리버파크3단지","district":"강동구","neighborhood":"강일동","avgPrice":5.42,"households":3284,"buildingCount":20,"rank":944},"geometry":{"type":"Point","coordinates":[127.174758,37.566724]}},{"type":"Feature","properties":{"id":"A13410007","name":"강일리버파크9단지","district":"강동구","neighborhood":"강일동","avgPrice":6.8,"households":3283,"buildingCount":18,"rank":945},"geometry":{"type":"Point","coordinates":[127.17879,37.559743]}},{"type":"Feature","properties":{"id":"A13410006","name":"강일리버파크4단지","district":"강동구","neighborhood":"강일동","avgPrice":5.54,"households":3282,"buildingCount":29,"rank":946},"geometry":{"type":"Point","coordinates":[127.176232,37.567318]}},{"type":"Feature","properties":{"id":"A13410005","name":"강일리버파크10단지","district":"강동구","neighborhood":"강일동","avgPrice":6.93,"households":3281,"buildingCount":18,"rank":947},"geometry":{"type":"Point","coordinates":[127.18072,37.560044]}},{"type":"Feature","properties":{"id":"A13123102","name":"중랑숲금호어울림","district":"중랑구","neighborhood":"망우동","avgPrice":8.7,"households":3280,"buildingCount":10,"rank":948},"geometry":{"type":"Point","coordinates":[127.108544,37.602332]}},{"type":"Feature","properties":{"id":"A13410004","name":"강일리버파크6단지","district":"강동구","neighborhood":"강일동","avgPrice":5.77,"households":3280,"buildingCount":19,"rank":949},"geometry":{"type":"Point","coordinates":[127.176366,37.56388]}},{"type":"Feature","properties":{"id":"A13008001","name":"신이문금호어울림","district":"동대문구","neighborhood":"이문동","avgPrice":5.34,"households":3280,"buildingCount":28,"rank":950},"geometry":{"type":"Point","coordinates":[127.06296,37.603846]}},{"type":"Feature","properties":{"id":"A13410003","name":"강일리버파크2단지","district":"강동구","neighborhood":"강일동","avgPrice":7.04,"households":3279,"buildingCount":11,"rank":951},"geometry":{"type":"Point","coordinates":[127.176236,37.569379]}},{"type":"Feature","properties":{"id":"A13123101","name":"망우신원","district":"중랑구","neighborhood":"망우동","avgPrice":2.93,"households":3279,"buildingCount":23,"rank":952},"geometry":{"type":"Point","coordinates":[127.108582,37.599985]}},{"type":"Feature","properties":{"id":"A13410002","name":"강일리버파크8단지","district":"강동구","neighborhood":"강일동","avgPrice":5.97,"households":3278,"buildingCount":9,"rank":953},"geometry":{"type":"Point","coordinates":[127.176932,37.561528]}},{"type":"Feature","properties":{"id":"A13410001","name":"강일리버파크1단지","district":"강동구","neighborhood":"강일동","avgPrice":6.13,"households":3277,"buildingCount":30,"rank":954},"geometry":{"type":"Point","coordinates":[127.171966,37.567538]}},{"type":"Feature","properties":{"id":"A10022359","name":"망원미원2차아파트","district":"마포구","neighborhood":"망원동","avgPrice":4.44,"households":3275,"buildingCount":27,"rank":955},"geometry":{"type":"Point","coordinates":[126.902259,37.55881]}},{"type":"Feature","properties":{"id":"A10022357","name":"에이치하우스장위","district":"성북구","neighborhood":"장위동","avgPrice":9.6,"households":3273,"buildingCount":7,"rank":956},"geometry":{"type":"Point","coordinates":[127.058185,37.61181]}},{"type":"Feature","properties":{"id":"A15685702","name":"흑석한강현대","district":"동작구","neighborhood":"흑석동","avgPrice":16.8,"households":3271,"buildingCount":21,"rank":957},"geometry":{"type":"Point","coordinates":[126.97035,37.50664]}},{"type":"Feature","properties":{"id":"A10023741","name":"명륜아남2차아파트","district":"종로구","neighborhood":"명륜2가","avgPrice":6.1,"households":3271,"buildingCount":31,"rank":958},"geometry":{"type":"Point","coordinates":[126.998577,37.586068]}},{"type":"Feature","properties":{"id":"A15780705","name":"가양4단지","district":"강서구","neighborhood":"가양동","avgPrice":13.55,"households":3270,"buildingCount":7,"rank":959},"geometry":{"type":"Point","coordinates":[126.852187,37.565614]}},{"type":"Feature","properties":{"id":"A13679403","name":"길음뉴타운7단지","district":"성북구","neighborhood":"길음동","avgPrice":7.37,"households":3270,"buildingCount":15,"rank":960},"geometry":{"type":"Point","coordinates":[127.018692,37.609832]}},{"type":"Feature","properties":{"id":"A13679402","name":"길음뉴타운9단지제2","district":"성북구","neighborhood":"길음동","avgPrice":9.75,"households":3269,"buildingCount":31,"rank":961},"geometry":{"type":"Point","coordinates":[126.993442,37.608975]}},{"type":"Feature","properties":{"id":"A15780704","name":"가양3단지(강변)","district":"강서구","neighborhood":"가양동","avgPrice":7.22,"households":3269,"buildingCount":28,"rank":962},"geometry":{"type":"Point","coordinates":[126.854823,37.564831]}},{"type":"Feature","properties":{"id":"A15780703","name":"가양대림경동","district":"강서구","neighborhood":"가양동","avgPrice":8.55,"households":3268,"buildingCount":17,"rank":963},"geometry":{"type":"Point","coordinates":[126.853196,37.565626]}},{"type":"Feature","properties":{"id":"A15780701","name":"가양중앙하이츠","district":"강서구","neighborhood":"가양동","avgPrice":6.99,"households":3266,"buildingCount":11,"rank":964},"geometry":{"type":"Point","coordinates":[126.849272,37.569878]}},{"type":"Feature","properties":{"id":"A13407104","name":"명일삼익그린2차","district":"강동구","neighborhood":"명일동","avgPrice":11.17,"households":3257,"buildingCount":26,"rank":965},"geometry":{"type":"Point","coordinates":[127.148282,37.550889]}},{"type":"Feature","properties":{"id":"A12271402","name":"동광갈현베르빌","district":"은평구","neighborhood":"갈현동","avgPrice":5.13,"households":3256,"buildingCount":8,"rank":966},"geometry":{"type":"Point","coordinates":[126.916978,37.612165]}},{"type":"Feature","properties":{"id":"A13003202","name":"답십리청솔우성","district":"동대문구","neighborhood":"답십리동","avgPrice":5.32,"households":3248,"buildingCount":4,"rank":967},"geometry":{"type":"Point","coordinates":[127.059699,37.57451]}},{"type":"Feature","properties":{"id":"A13003201","name":"답십리두산","district":"동대문구","neighborhood":"답십리동","avgPrice":12.05,"households":3247,"buildingCount":16,"rank":968},"geometry":{"type":"Point","coordinates":[127.059381,37.570202]}},{"type":"Feature","properties":{"id":"A10023737","name":"DMC자이2단지아파트","district":"은평구","neighborhood":"증산동","avgPrice":7.48,"households":3246,"buildingCount":24,"rank":969},"geometry":{"type":"Point","coordinates":[126.899671,37.578603]}},{"type":"Feature","properties":{"id":"A13981608","name":"상계동양메이저","district":"노원구","neighborhood":"상계동","avgPrice":12.85,"households":3243,"buildingCount":9,"rank":970},"geometry":{"type":"Point","coordinates":[127.063958,37.657643]}},{"type":"Feature","properties":{"id":"A10022348","name":"등촌동코오롱오투빌2차아파트","district":"강서구","neighborhood":"등촌동","avgPrice":4.69,"households":3243,"buildingCount":29,"rank":971},"geometry":{"type":"Point","coordinates":[126.860611,37.555573]}},{"type":"Feature","properties":{"id":"A10027136","name":"도봉숲 아뜨리움","district":"도봉구","neighborhood":"도봉동","avgPrice":2.25,"households":3243,"buildingCount":11,"rank":972},"geometry":{"type":"Point","coordinates":[127.042482,37.678234]}},{"type":"Feature","properties":{"id":"A10023734","name":"구산주택","district":"은평구","neighborhood":"구산동","avgPrice":1.68,"households":3243,"buildingCount":9,"rank":973},"geometry":{"type":"Point","coordinates":[126.915082,37.612257]}},{"type":"Feature","properties":{"id":"A15776414","name":"등촌주공4단지","district":"강서구","neighborhood":"등촌동","avgPrice":13.6,"households":3242,"buildingCount":16,"rank":974},"geometry":{"type":"Point","coordinates":[126.843741,37.561471]}},{"type":"Feature","properties":{"id":"A13981606","name":"상계대동아파트","district":"노원구","neighborhood":"상계동","avgPrice":6.5,"households":3241,"buildingCount":16,"rank":975},"geometry":{"type":"Point","coordinates":[127.070868,37.657491]}},{"type":"Feature","properties":{"id":"A10023732","name":"에드가 쌍문 청년주택","district":"도봉구","neighborhood":"쌍문동","avgPrice":1.3,"households":3241,"buildingCount":25,"rank":976},"geometry":{"type":"Point","coordinates":[127.01386,37.656523]}},{"type":"Feature","properties":{"id":"A13981604","name":"노원현대아파트","district":"노원구","neighborhood":"상계동","avgPrice":4.37,"households":3239,"buildingCount":20,"rank":977},"geometry":{"type":"Point","coordinates":[127.062973,37.65868]}},{"type":"Feature","properties":{"id":"A13290809","name":"창동주공1단지","district":"도봉구","neighborhood":"창동","avgPrice":2.91,"households":3239,"buildingCount":4,"rank":978},"geometry":{"type":"Point","coordinates":[127.039555,37.653543]}},{"type":"Feature","properties":{"id":"A13482706","name":"고덕주공9단지","district":"강동구","neighborhood":"명일동","avgPrice":10.93,"households":3238,"buildingCount":15,"rank":979},"geometry":{"type":"Point","coordinates":[127.150836,37.547855]}},{"type":"Feature","properties":{"id":"A10022341","name":"해링턴플레이스안암","district":"성북구","neighborhood":"안암동3가","avgPrice":6.22,"households":3236,"buildingCount":31,"rank":980},"geometry":{"type":"Point","coordinates":[127.028648,37.60443]}},{"type":"Feature","properties":{"id":"A13822902","name":"잠실우성4차","district":"송파구","neighborhood":"잠실동","avgPrice":16.53,"households":3234,"buildingCount":17,"rank":981},"geometry":{"type":"Point","coordinates":[127.082921,37.502719]}},{"type":"Feature","properties":{"id":"A13486102","name":"천호금호","district":"강동구","neighborhood":"천호동","avgPrice":2.12,"households":3232,"buildingCount":16,"rank":982},"geometry":{"type":"Point","coordinates":[127.142356,37.544839]}},{"type":"Feature","properties":{"id":"A12076601","name":"북가좌삼호제2","district":"서대문구","neighborhood":"북가좌동","avgPrice":11.85,"households":3230,"buildingCount":23,"rank":983},"geometry":{"type":"Point","coordinates":[126.937264,37.57514]}},{"type":"Feature","properties":{"id":"A15105008","name":"관악파크푸르지오","district":"관악구","neighborhood":"봉천동","avgPrice":5.69,"households":3227,"buildingCount":17,"rank":984},"geometry":{"type":"Point","coordinates":[126.965609,37.469675]}},{"type":"Feature","properties":{"id":"A13614302","name":"장위참누리","district":"성북구","neighborhood":"장위동","avgPrice":4.6,"households":3227,"buildingCount":17,"rank":985},"geometry":{"type":"Point","coordinates":[127.049511,37.623277]}},{"type":"Feature","properties":{"id":"A12208205","name":"미성아파트(신사동)","district":"은평구","neighborhood":"신사동","avgPrice":3.7,"households":3227,"buildingCount":25,"rank":986},"geometry":{"type":"Point","coordinates":[126.908146,37.589352]}},{"type":"Feature","properties":{"id":"A13614301","name":"장월SH-VILLE1단지","district":"성북구","neighborhood":"장위동","avgPrice":16.2,"households":3226,"buildingCount":4,"rank":987},"geometry":{"type":"Point","coordinates":[127.047802,37.622446]}},{"type":"Feature","properties":{"id":"A12208204","name":"새절역현대아파트","district":"은평구","neighborhood":"신사동","avgPrice":8.2,"households":3226,"buildingCount":23,"rank":988},"geometry":{"type":"Point","coordinates":[126.908321,37.592867]}},{"type":"Feature","properties":{"id":"A15105007","name":"부미아띠랑스힐","district":"관악구","neighborhood":"봉천동","avgPrice":4.26,"households":3226,"buildingCount":9,"rank":989},"geometry":{"type":"Point","coordinates":[126.954364,37.474808]}},{"type":"Feature","properties":{"id":"A15105006","name":"낙성대현대홈타운","district":"관악구","neighborhood":"봉천동","avgPrice":6.86,"households":3225,"buildingCount":16,"rank":990},"geometry":{"type":"Point","coordinates":[126.963538,37.480751]}},{"type":"Feature","properties":{"id":"A12208203","name":"신성아파트","district":"은평구","neighborhood":"신사동","avgPrice":2.56,"households":3225,"buildingCount":15,"rank":991},"geometry":{"type":"Point","coordinates":[126.905028,37.589826]}},{"type":"Feature","properties":{"id":"A13402305","name":"천호삼성아파트","district":"강동구","neighborhood":"천호동","avgPrice":2.21,"households":3225,"buildingCount":11,"rank":992},"geometry":{"type":"Point","coordinates":[127.140546,37.544706]}},{"type":"Feature","properties":{"id":"A13402304","name":"천호태영임대","district":"강동구","neighborhood":"천호동","avgPrice":6.95,"households":3224,"buildingCount":21,"rank":993},"geometry":{"type":"Point","coordinates":[127.124612,37.54171]}},{"type":"Feature","properties":{"id":"A15105005","name":"서울대입구삼성아파트","district":"관악구","neighborhood":"봉천동","avgPrice":5.31,"households":3224,"buildingCount":12,"rank":994},"geometry":{"type":"Point","coordinates":[126.95221,37.476161]}},{"type":"Feature","properties":{"id":"A15105004","name":"보라매삼성","district":"관악구","neighborhood":"봉천동","avgPrice":5.75,"households":3223,"buildingCount":9,"rank":995},"geometry":{"type":"Point","coordinates":[126.928071,37.494123]}},{"type":"Feature","properties":{"id":"A10025686","name":"행당두산위브아파트(임대)","district":"성동구","neighborhood":"행당동","avgPrice":8.83,"households":3221,"buildingCount":13,"rank":996},"geometry":{"type":"Point","coordinates":[127.037356,37.564732]}},{"type":"Feature","properties":{"id":"A15105002","name":"봉천인헌아파트","district":"관악구","neighborhood":"봉천동","avgPrice":2.3,"households":3221,"buildingCount":17,"rank":997},"geometry":{"type":"Point","coordinates":[126.965871,37.469854]}},{"type":"Feature","properties":{"id":"A14002501","name":"파크타워","district":"용산구","neighborhood":"용산동5가","avgPrice":25.99,"households":3220,"buildingCount":28,"rank":998},"geometry":{"type":"Point","coordinates":[126.971372,37.524258]}},{"type":"Feature","properties":{"id":"A10025685","name":"서울숲행당푸르지오(임대)","district":"성동구","neighborhood":"행당동","avgPrice":9.99,"households":3220,"buildingCount":19,"rank":999},"geometry":{"type":"Point","coordinates":[127.032495,37.555236]}},{"type":"Feature","properties":{"id":"A10025683","name":"백련산파크자이아파트","district":"은평구","neighborhood":"응암동","avgPrice":5.47,"households":3218,"buildingCount":31,"rank":1000},"geometry":{"type":"Point","coordinates":[126.922071,37.592256]}},{"type":"Feature","properties":{"id":"A10020894","name":"독산동삼익아파트","district":"금천구","neighborhood":"독산동","avgPrice":3.04,"households":3217,"buildingCount":9,"rank":1001},"geometry":{"type":"Point","coordinates":[126.900886,37.478155]}},{"type":"Feature","properties":{"id":"A10023728","name":"아그네스풍림아이원","district":"은평구","neighborhood":"역촌동","avgPrice":4.76,"households":3216,"buildingCount":25,"rank":1002},"geometry":{"type":"Point","coordinates":[126.918984,37.602958]}},{"type":"Feature","properties":{"id":"A13786803","name":"서초3차e편한세상","district":"서초구","neighborhood":"서초동","avgPrice":17.59,"households":3213,"buildingCount":5,"rank":1003},"geometry":{"type":"Point","coordinates":[127.007643,37.47871]}},{"type":"Feature","properties":{"id":"A10022339","name":"구산동2단지e편한세상아파트","district":"은평구","neighborhood":"구산동","avgPrice":3.3,"households":3213,"buildingCount":15,"rank":1004},"geometry":{"type":"Point","coordinates":[126.913437,37.612892]}},{"type":"Feature","properties":{"id":"A15809603","name":"벽산블루밍1단지,2단지","district":"양천구","neighborhood":"신월동","avgPrice":4.46,"households":3209,"buildingCount":17,"rank":1005},"geometry":{"type":"Point","coordinates":[126.842242,37.513592]}},{"type":"Feature","properties":{"id":"A10027121","name":"녹천역두산위브아파트","district":"노원구","neighborhood":"월계동","avgPrice":4.51,"households":3207,"buildingCount":6,"rank":1006},"geometry":{"type":"Point","coordinates":[127.05277,37.640604]}},{"type":"Feature","properties":{"id":"A15809601","name":"신월대주파크빌","district":"양천구","neighborhood":"신월동","avgPrice":3.67,"households":3207,"buildingCount":28,"rank":1007},"geometry":{"type":"Point","coordinates":[126.842662,37.514407]}},{"type":"Feature","properties":{"id":"A10022333","name":"대호프라자","district":"노원구","neighborhood":"중계동","avgPrice":3.32,"households":3207,"buildingCount":24,"rank":1008},"geometry":{"type":"Point","coordinates":[127.073221,37.659868]}},{"type":"Feature","properties":{"id":"A10022330","name":"논현우민아파트","district":"강남구","neighborhood":"논현동","avgPrice":8.45,"households":3204,"buildingCount":12,"rank":1009},"geometry":{"type":"Point","coordinates":[127.037388,37.517849]}},{"type":"Feature","properties":{"id":"A12287204","name":"이편한세상 수색 에코포레","district":"은평구","neighborhood":"수색동","avgPrice":14.4,"households":3203,"buildingCount":20,"rank":1010},"geometry":{"type":"Point","coordinates":[126.90068,37.62169]}},{"type":"Feature","properties":{"id":"A13481305","name":"길동우성2차","district":"강동구","neighborhood":"길동","avgPrice":10.7,"households":3202,"buildingCount":24,"rank":1011},"geometry":{"type":"Point","coordinates":[127.144233,37.537158]}},{"type":"Feature","properties":{"id":"A12287203","name":"수색대림한숲타운제2","district":"은평구","neighborhood":"수색동","avgPrice":9.6,"households":3202,"buildingCount":21,"rank":1012},"geometry":{"type":"Point","coordinates":[126.89909,37.583667]}},{"type":"Feature","properties":{"id":"A12287202","name":"DMC진흥아파트","district":"은평구","neighborhood":"수색동","avgPrice":8.5,"households":3201,"buildingCount":13,"rank":1013},"geometry":{"type":"Point","coordinates":[126.930028,37.620385]}},{"type":"Feature","properties":{"id":"A10025677","name":"은뜨락행복주택","district":"은평구","neighborhood":"진관동","avgPrice":2.41,"households":3191,"buildingCount":14,"rank":1014},"geometry":{"type":"Point","coordinates":[126.920049,37.629846]}},{"type":"Feature","properties":{"id":"A13114003","name":"장미","district":"중랑구","neighborhood":"묵동","avgPrice":3.45,"households":3190,"buildingCount":19,"rank":1015},"geometry":{"type":"Point","coordinates":[127.080208,37.606242]}},{"type":"Feature","properties":{"id":"A10020888","name":"보광타워","district":"동대문구","neighborhood":"답십리동","avgPrice":1.13,"households":3190,"buildingCount":21,"rank":1016},"geometry":{"type":"Point","coordinates":[127.050092,37.570387]}},{"type":"Feature","properties":{"id":"A10025675","name":"래미안블레스티지","district":"강남구","neighborhood":"개포동","avgPrice":24.57,"households":3189,"buildingCount":28,"rank":1017},"geometry":{"type":"Point","coordinates":[127.064887,37.481171]}},{"type":"Feature","properties":{"id":"A13114002","name":"묵동아이파크","district":"중랑구","neighborhood":"묵동","avgPrice":16.15,"households":3189,"buildingCount":16,"rank":1018},"geometry":{"type":"Point","coordinates":[127.073651,37.610531]}},{"type":"Feature","properties":{"id":"A10025672","name":"마포 보성 아파트","district":"마포구","neighborhood":"마포동","avgPrice":6.11,"households":3186,"buildingCount":17,"rank":1019},"geometry":{"type":"Point","coordinates":[126.946413,37.536069]}},{"type":"Feature","properties":{"id":"A10020884","name":"상봉타워","district":"중랑구","neighborhood":"상봉동","avgPrice":1.26,"households":3186,"buildingCount":28,"rank":1020},"geometry":{"type":"Point","coordinates":[127.086039,37.59564]}},{"type":"Feature","properties":{"id":"A14001101","name":"대우월드마크용산","district":"용산구","neighborhood":"한강로1가","avgPrice":14.59,"households":3185,"buildingCount":23,"rank":1021},"geometry":{"type":"Point","coordinates":[126.972814,37.537283]}},{"type":"Feature","properties":{"id":"A10027118","name":"경희궁자이2단지 아파트","district":"종로구","neighborhood":"홍파동","avgPrice":18.32,"households":3183,"buildingCount":16,"rank":1022},"geometry":{"type":"Point","coordinates":[126.963609,37.570696]}},{"type":"Feature","properties":{"id":"A10023715","name":"더샵파크프레스티지","district":"영등포구","neighborhood":"신길동","avgPrice":8.04,"households":3182,"buildingCount":11,"rank":1023},"geometry":{"type":"Point","coordinates":[126.916453,37.507699]}},{"type":"Feature","properties":{"id":"A13880407","name":"가락금호","district":"송파구","neighborhood":"가락동","avgPrice":10.55,"households":3178,"buildingCount":29,"rank":1024},"geometry":{"type":"Point","coordinates":[127.11635,37.496339]}},{"type":"Feature","properties":{"id":"A10022325","name":"성수금호타운2차아파트","district":"성동구","neighborhood":"성수동2가","avgPrice":7.72,"households":3178,"buildingCount":27,"rank":1025},"geometry":{"type":"Point","coordinates":[127.053267,37.543634]}},{"type":"Feature","properties":{"id":"A13880406","name":"가락우성1차","district":"송파구","neighborhood":"가락동","avgPrice":10,"households":3177,"buildingCount":29,"rank":1026},"geometry":{"type":"Point","coordinates":[127.117772,37.496717]}},{"type":"Feature","properties":{"id":"A12187403","name":"염리상록","district":"마포구","neighborhood":"염리동","avgPrice":6.32,"households":3173,"buildingCount":20,"rank":1027},"geometry":{"type":"Point","coordinates":[126.947755,37.551376]}},{"type":"Feature","properties":{"id":"A11014001","name":"로얄팰리스스위트","district":"종로구","neighborhood":"수송동","avgPrice":3.18,"households":3171,"buildingCount":28,"rank":1028},"geometry":{"type":"Point","coordinates":[126.981207,37.575045]}},{"type":"Feature","properties":{"id":"A10025665","name":"삼익1차플라주아파트","district":"양천구","neighborhood":"신월동","avgPrice":7.55,"households":3158,"buildingCount":24,"rank":1029},"geometry":{"type":"Point","coordinates":[126.842904,37.519663]}},{"type":"Feature","properties":{"id":"A12010104","name":"홍은벽산","district":"서대문구","neighborhood":"홍은동","avgPrice":8.15,"households":3156,"buildingCount":22,"rank":1030},"geometry":{"type":"Point","coordinates":[126.946373,37.594478]}},{"type":"Feature","properties":{"id":"A10023709","name":"DMC금호리첸시아","district":"서대문구","neighborhood":"남가좌동","avgPrice":7.73,"households":3155,"buildingCount":6,"rank":1031},"geometry":{"type":"Point","coordinates":[126.91592,37.570726]}},{"type":"Feature","properties":{"id":"A12010103","name":"홍은풍림2차","district":"서대문구","neighborhood":"홍은동","avgPrice":3.87,"households":3155,"buildingCount":4,"rank":1032},"geometry":{"type":"Point","coordinates":[126.943267,37.593407]}},{"type":"Feature","properties":{"id":"A15883803","name":"신월대림","district":"양천구","neighborhood":"신월동","avgPrice":3.94,"households":3153,"buildingCount":28,"rank":1033},"geometry":{"type":"Point","coordinates":[126.846114,37.522763]}},{"type":"Feature","properties":{"id":"A12010101","name":"홍은풍림1차","district":"서대문구","neighborhood":"홍은동","avgPrice":2.98,"households":3153,"buildingCount":29,"rank":1034},"geometry":{"type":"Point","coordinates":[126.942423,37.594687]}},{"type":"Feature","properties":{"id":"A13186708","name":"신내동성1,2차","district":"중랑구","neighborhood":"신내동","avgPrice":3.71,"households":3151,"buildingCount":17,"rank":1035},"geometry":{"type":"Point","coordinates":[127.097288,37.610067]}},{"type":"Feature","properties":{"id":"A10022318","name":"씨즈건대힐스","district":"광진구","neighborhood":"화양동","avgPrice":1.05,"households":3150,"buildingCount":8,"rank":1036},"geometry":{"type":"Point","coordinates":[127.074695,37.546192]}},{"type":"Feature","properties":{"id":"A10027105","name":"경희궁자이3단지","district":"종로구","neighborhood":"평동","avgPrice":15.98,"households":3149,"buildingCount":17,"rank":1037},"geometry":{"type":"Point","coordinates":[126.965891,37.568469]}},{"type":"Feature","properties":{"id":"A13877501","name":"송파삼성래미안","district":"송파구","neighborhood":"송파동","avgPrice":13.71,"households":3149,"buildingCount":28,"rank":1038},"geometry":{"type":"Point","coordinates":[127.118653,37.504687]}},{"type":"Feature","properties":{"id":"A13876114","name":"송파꿈에그린아파트","district":"송파구","neighborhood":"장지동","avgPrice":15.7,"households":3148,"buildingCount":9,"rank":1039},"geometry":{"type":"Point","coordinates":[127.140717,37.475]}},{"type":"Feature","properties":{"id":"A13876113","name":"송파더센트레아파트","district":"송파구","neighborhood":"장지동","avgPrice":8.82,"households":3147,"buildingCount":17,"rank":1040},"geometry":{"type":"Point","coordinates":[127.140185,37.479359]}},{"type":"Feature","properties":{"id":"A13876112","name":"송파파인타운13단지","district":"송파구","neighborhood":"장지동","avgPrice":11.76,"households":3146,"buildingCount":13,"rank":1041},"geometry":{"type":"Point","coordinates":[127.128634,37.477093]}},{"type":"Feature","properties":{"id":"A15671801","name":"상도두산위브","district":"동작구","neighborhood":"상도동","avgPrice":9.76,"households":3146,"buildingCount":7,"rank":1042},"geometry":{"type":"Point","coordinates":[126.943046,37.504679]}},{"type":"Feature","properties":{"id":"A13876111","name":"송파파인타운1단지","district":"송파구","neighborhood":"장지동","avgPrice":9.35,"households":3145,"buildingCount":10,"rank":1043},"geometry":{"type":"Point","coordinates":[127.134792,37.486874]}},{"type":"Feature","properties":{"id":"A10027101","name":"휘경현대아파트","district":"동대문구","neighborhood":"휘경동","avgPrice":4.28,"households":3145,"buildingCount":7,"rank":1044},"geometry":{"type":"Point","coordinates":[127.055571,37.586316]}},{"type":"Feature","properties":{"id":"A13876110","name":"송파파인타운3단지","district":"송파구","neighborhood":"장지동","avgPrice":9.65,"households":3144,"buildingCount":28,"rank":1045},"geometry":{"type":"Point","coordinates":[127.132838,37.483769]}},{"type":"Feature","properties":{"id":"A13380104","name":"금호벽산","district":"성동구","neighborhood":"금호동1가","avgPrice":15.85,"households":3137,"buildingCount":19,"rank":1046},"geometry":{"type":"Point","coordinates":[127.026868,37.551977]}},{"type":"Feature","properties":{"id":"A10025659","name":"응암역효성해링턴플레이스","district":"은평구","neighborhood":"신사동","avgPrice":4.85,"households":3131,"buildingCount":28,"rank":1047},"geometry":{"type":"Point","coordinates":[126.908804,37.597717]}},{"type":"Feature","properties":{"id":"A10025657","name":"송파 두산위브아파트","district":"송파구","neighborhood":"오금동","avgPrice":7.82,"households":3129,"buildingCount":19,"rank":1048},"geometry":{"type":"Point","coordinates":[127.14108,37.500471]}},{"type":"Feature","properties":{"id":"A10020869","name":"경남아파트","district":"중랑구","neighborhood":"망우동","avgPrice":3.17,"households":3129,"buildingCount":5,"rank":1049},"geometry":{"type":"Point","coordinates":[127.106652,37.603769]}},{"type":"Feature","properties":{"id":"A10020868","name":"어울채행복주택","district":"광진구","neighborhood":"자양동","avgPrice":4.47,"households":3128,"buildingCount":17,"rank":1050},"geometry":{"type":"Point","coordinates":[127.064184,37.540487]}},{"type":"Feature","properties":{"id":"A13989702","name":"상계동아불암임대","district":"노원구","neighborhood":"상계동","avgPrice":5.58,"households":3126,"buildingCount":10,"rank":1051},"geometry":{"type":"Point","coordinates":[127.059688,37.661999]}},{"type":"Feature","properties":{"id":"A13989701","name":"상계동아불암","district":"노원구","neighborhood":"상계동","avgPrice":3.67,"households":3125,"buildingCount":22,"rank":1052},"geometry":{"type":"Point","coordinates":[127.079821,37.666943]}},{"type":"Feature","properties":{"id":"A13876109","name":"송파파인타운2단지","district":"송파구","neighborhood":"장지동","avgPrice":6.93,"households":3122,"buildingCount":19,"rank":1053},"geometry":{"type":"Point","coordinates":[127.131246,37.484121]}},{"type":"Feature","properties":{"id":"A13585804","name":"역삼럭키","district":"강남구","neighborhood":"도곡동","avgPrice":17.7,"households":3121,"buildingCount":6,"rank":1054},"geometry":{"type":"Point","coordinates":[127.039805,37.490435]}},{"type":"Feature","properties":{"id":"A13876108","name":"송파파인타운6단지","district":"송파구","neighborhood":"장지동","avgPrice":9.48,"households":3121,"buildingCount":27,"rank":1055},"geometry":{"type":"Point","coordinates":[127.132009,37.480421]}},{"type":"Feature","properties":{"id":"A10022304","name":"신월 금용아파트","district":"양천구","neighborhood":"신월동","avgPrice":13.1,"households":3115,"buildingCount":15,"rank":1056},"geometry":{"type":"Point","coordinates":[126.842308,37.520719]}},{"type":"Feature","properties":{"id":"A15283711","name":"고척벽산블루밍","district":"구로구","neighborhood":"고척동","avgPrice":12.45,"households":3115,"buildingCount":21,"rank":1057},"geometry":{"type":"Point","coordinates":[126.86427,37.495543]}},{"type":"Feature","properties":{"id":"A10022303","name":"마포대림1차","district":"마포구","neighborhood":"용강동","avgPrice":13.52,"households":3114,"buildingCount":23,"rank":1058},"geometry":{"type":"Point","coordinates":[126.94187,37.54009]}},{"type":"Feature","properties":{"id":"A15722314","name":"방화2단지","district":"강서구","neighborhood":"방화동","avgPrice":7.25,"households":3112,"buildingCount":27,"rank":1059},"geometry":{"type":"Point","coordinates":[126.818551,37.575481]}},{"type":"Feature","properties":{"id":"A13472201","name":"천호삼성임대","district":"강동구","neighborhood":"천호동","avgPrice":9.35,"households":3107,"buildingCount":5,"rank":1060},"geometry":{"type":"Point","coordinates":[127.151756,37.525015]}},{"type":"Feature","properties":{"id":"A15303103","name":"시흥성지","district":"금천구","neighborhood":"시흥동","avgPrice":3.52,"households":3103,"buildingCount":28,"rank":1061},"geometry":{"type":"Point","coordinates":[126.897798,37.451023]}},{"type":"Feature","properties":{"id":"A15303102","name":"시흥베르빌","district":"금천구","neighborhood":"시흥동","avgPrice":4.36,"households":3102,"buildingCount":7,"rank":1062},"geometry":{"type":"Point","coordinates":[126.89785,37.457796]}},{"type":"Feature","properties":{"id":"A10025649","name":"신정이든채","district":"양천구","neighborhood":"신정동","avgPrice":2.64,"households":3100,"buildingCount":27,"rank":1063},"geometry":{"type":"Point","coordinates":[126.8341,37.512924]}},{"type":"Feature","properties":{"id":"A15088918","name":"여의도한양","district":"영등포구","neighborhood":"여의도동","avgPrice":23.95,"households":3097,"buildingCount":25,"rank":1064},"geometry":{"type":"Point","coordinates":[126.932385,37.521458]}},{"type":"Feature","properties":{"id":"A10025646","name":"대치풍림아이원아파트 1.2단지","district":"강남구","neighborhood":"대치동","avgPrice":10.46,"households":3097,"buildingCount":28,"rank":1065},"geometry":{"type":"Point","coordinates":[127.054839,37.501643]}},{"type":"Feature","properties":{"id":"A10024258","name":"디에이치포레센트아파트","district":"강남구","neighborhood":"일원동","avgPrice":22.56,"households":3095,"buildingCount":12,"rank":1066},"geometry":{"type":"Point","coordinates":[127.07873,37.490234]}},{"type":"Feature","properties":{"id":"A15088915","name":"롯데캐슬아이비","district":"영등포구","neighborhood":"여의도동","avgPrice":17.48,"households":3094,"buildingCount":27,"rank":1067},"geometry":{"type":"Point","coordinates":[126.931881,37.5202]}},{"type":"Feature","properties":{"id":"A15879502","name":"신정이펜하우스3단지","district":"양천구","neighborhood":"신정동","avgPrice":4.17,"households":3094,"buildingCount":4,"rank":1068},"geometry":{"type":"Point","coordinates":[126.8304,37.51251]}},{"type":"Feature","properties":{"id":"A15879501","name":"신정푸른마을1단지임대","district":"양천구","neighborhood":"신정동","avgPrice":1.97,"households":3093,"buildingCount":28,"rank":1069},"geometry":{"type":"Point","coordinates":[126.836303,37.512666]}},{"type":"Feature","properties":{"id":"A10025641","name":"마곡보타닉경남아너스빌아파트","district":"강서구","neighborhood":"방화동","avgPrice":5.75,"households":3092,"buildingCount":5,"rank":1070},"geometry":{"type":"Point","coordinates":[126.875774,37.54973]}},{"type":"Feature","properties":{"id":"A15283709","name":"고척청구아파트","district":"구로구","neighborhood":"고척동","avgPrice":4.01,"households":3092,"buildingCount":8,"rank":1071},"geometry":{"type":"Point","coordinates":[126.863754,37.50152]}},{"type":"Feature","properties":{"id":"A10024254","name":"디에이치반포라클라스","district":"서초구","neighborhood":"반포동","avgPrice":30.39,"households":3091,"buildingCount":16,"rank":1072},"geometry":{"type":"Point","coordinates":[127.013988,37.500692]}},{"type":"Feature","properties":{"id":"A10020852","name":"강변임광아파트 ","district":"성동구","neighborhood":"성수동2가","avgPrice":18.57,"households":3091,"buildingCount":8,"rank":1073},"geometry":{"type":"Point","coordinates":[127.05706,37.535213]}},{"type":"Feature","properties":{"id":"A15283707","name":"고척동센츄리","district":"구로구","neighborhood":"고척동","avgPrice":3.87,"households":3090,"buildingCount":24,"rank":1074},"geometry":{"type":"Point","coordinates":[126.862305,37.504537]}},{"type":"Feature","properties":{"id":"A10020851","name":"청계지웰에스테이트","district":"동대문구","neighborhood":"답십리동","avgPrice":0.89,"households":3090,"buildingCount":21,"rank":1075},"geometry":{"type":"Point","coordinates":[127.049551,37.570175]}},{"type":"Feature","properties":{"id":"A15283706","name":"고척동아한신","district":"구로구","neighborhood":"고척동","avgPrice":4.57,"households":3089,"buildingCount":4,"rank":1076},"geometry":{"type":"Point","coordinates":[126.865108,37.500858]}},{"type":"Feature","properties":{"id":"A15283704","name":"삼익아파트2단지","district":"구로구","neighborhood":"고척동","avgPrice":12.2,"households":3087,"buildingCount":27,"rank":1077},"geometry":{"type":"Point","coordinates":[126.852443,37.50759]}},{"type":"Feature","properties":{"id":"A15375810","name":"금천이랜드해가든","district":"금천구","neighborhood":"독산동","avgPrice":4.64,"households":3087,"buildingCount":20,"rank":1078},"geometry":{"type":"Point","coordinates":[126.893076,37.46093]}},{"type":"Feature","properties":{"id":"A13776301","name":"반포리체","district":"서초구","neighborhood":"반포동","avgPrice":27.53,"households":3085,"buildingCount":24,"rank":1079},"geometry":{"type":"Point","coordinates":[127.013533,37.503746]}},{"type":"Feature","properties":{"id":"A15283702","name":"고척우성꿈동산","district":"구로구","neighborhood":"고척동","avgPrice":3.07,"households":3085,"buildingCount":9,"rank":1080},"geometry":{"type":"Point","coordinates":[126.86624,37.50326]}},{"type":"Feature","properties":{"id":"A14376501","name":"한솔리베르","district":"광진구","neighborhood":"자양동","avgPrice":8.92,"households":3084,"buildingCount":24,"rank":1081},"geometry":{"type":"Point","coordinates":[127.084779,37.528069]}},{"type":"Feature","properties":{"id":"A15722307","name":"방화1단지(장미)","district":"강서구","neighborhood":"방화동","avgPrice":5.16,"households":3084,"buildingCount":4,"rank":1082},"geometry":{"type":"Point","coordinates":[126.817476,37.57428]}},{"type":"Feature","properties":{"id":"A15283701","name":"고척경남1차","district":"구로구","neighborhood":"고척동","avgPrice":3.47,"households":3084,"buildingCount":7,"rank":1083},"geometry":{"type":"Point","coordinates":[126.862699,37.505385]}},{"type":"Feature","properties":{"id":"A15722306","name":"마곡서광","district":"강서구","neighborhood":"방화동","avgPrice":3.43,"households":3083,"buildingCount":30,"rank":1084},"geometry":{"type":"Point","coordinates":[126.819331,37.579338]}},{"type":"Feature","properties":{"id":"A15722304","name":"치현마을동일스위트리버아파트","district":"강서구","neighborhood":"방화동","avgPrice":4.31,"households":3081,"buildingCount":27,"rank":1085},"geometry":{"type":"Point","coordinates":[126.815874,37.579298]}},{"type":"Feature","properties":{"id":"A13716003","name":"서초포레스타3단지","district":"서초구","neighborhood":"신원동","avgPrice":10.7,"households":3078,"buildingCount":31,"rank":1086},"geometry":{"type":"Point","coordinates":[127.058784,37.454792]}},{"type":"Feature","properties":{"id":"A13716002","name":"서초포레스타5단지","district":"서초구","neighborhood":"신원동","avgPrice":11.62,"households":3077,"buildingCount":21,"rank":1087},"geometry":{"type":"Point","coordinates":[127.057222,37.451588]}},{"type":"Feature","properties":{"id":"A13716001","name":"서초포레스타7단지","district":"서초구","neighborhood":"신원동","avgPrice":8.37,"households":3076,"buildingCount":11,"rank":1088},"geometry":{"type":"Point","coordinates":[127.056696,37.448538]}},{"type":"Feature","properties":{"id":"A13409001","name":"상일동아","district":"강동구","neighborhood":"상일동","avgPrice":3.91,"households":3075,"buildingCount":30,"rank":1089},"geometry":{"type":"Point","coordinates":[127.167389,37.546144]}},{"type":"Feature","properties":{"id":"A13811001","name":"거여6단지","district":"송파구","neighborhood":"거여동","avgPrice":2.1,"households":3072,"buildingCount":18,"rank":1090},"geometry":{"type":"Point","coordinates":[127.146591,37.488644]}},{"type":"Feature","properties":{"id":"A13312101","name":"성수두산위브","district":"성동구","neighborhood":"성수동2가","avgPrice":21.9,"households":3069,"buildingCount":31,"rank":1091},"geometry":{"type":"Point","coordinates":[127.058222,37.537647]}},{"type":"Feature","properties":{"id":"A10025638","name":"래미안길음센터피스","district":"성북구","neighborhood":"길음동","avgPrice":8.2,"households":3068,"buildingCount":28,"rank":1092},"geometry":{"type":"Point","coordinates":[127.027018,37.610845]}},{"type":"Feature","properties":{"id":"A15779704","name":"길성그랑프리텔1차","district":"강서구","neighborhood":"내발산동","avgPrice":4.69,"households":3067,"buildingCount":29,"rank":1093},"geometry":{"type":"Point","coordinates":[126.839251,37.55161]}},{"type":"Feature","properties":{"id":"A10020848","name":"개포럭키아파트","district":"강남구","neighborhood":"도곡동","avgPrice":18.95,"households":3066,"buildingCount":25,"rank":1094},"geometry":{"type":"Point","coordinates":[127.041103,37.4897]}},{"type":"Feature","properties":{"id":"A15375809","name":"독산주공14단지","district":"금천구","neighborhood":"독산동","avgPrice":2.59,"households":3065,"buildingCount":15,"rank":1095},"geometry":{"type":"Point","coordinates":[126.886435,37.460122]}},{"type":"Feature","properties":{"id":"A10025633","name":"마포 웨스트리버 태영데시앙아파트","district":"마포구","neighborhood":"창전동","avgPrice":10.66,"households":3063,"buildingCount":4,"rank":1096},"geometry":{"type":"Point","coordinates":[126.930484,37.549961]}},{"type":"Feature","properties":{"id":"A10025632","name":"송파해모로아파트","district":"송파구","neighborhood":"풍납동","avgPrice":7.57,"households":3062,"buildingCount":31,"rank":1097},"geometry":{"type":"Point","coordinates":[127.117145,37.529958]}},{"type":"Feature","properties":{"id":"A10024245","name":"이수푸르지오더프레티움","district":"동작구","neighborhood":"사당동","avgPrice":13.93,"households":3061,"buildingCount":8,"rank":1098},"geometry":{"type":"Point","coordinates":[126.980201,37.492414]}},{"type":"Feature","properties":{"id":"A10024244","name":"서울휘경행복주택","district":"동대문구","neighborhood":"휘경동","avgPrice":0.9,"households":3060,"buildingCount":30,"rank":1099},"geometry":{"type":"Point","coordinates":[127.07001,37.586893]}},{"type":"Feature","properties":{"id":"A13676504","name":"정릉스카이쌍용","district":"성북구","neighborhood":"정릉동","avgPrice":4,"households":3059,"buildingCount":28,"rank":1100},"geometry":{"type":"Point","coordinates":[127.016449,37.599746]}},{"type":"Feature","properties":{"id":"A10024240","name":"서초그랑자이","district":"서초구","neighborhood":"서초동","avgPrice":27.43,"households":3056,"buildingCount":5,"rank":1101},"geometry":{"type":"Point","coordinates":[127.026057,37.488931]}},{"type":"Feature","properties":{"id":"A13676501","name":"정릉쌍용","district":"성북구","neighborhood":"정릉동","avgPrice":9.25,"households":3056,"buildingCount":28,"rank":1102},"geometry":{"type":"Point","coordinates":[127.018284,37.599556]}},{"type":"Feature","properties":{"id":"A15781201","name":"강서센트레빌4차","district":"강서구","neighborhood":"공항동","avgPrice":15.6,"households":3052,"buildingCount":11,"rank":1103},"geometry":{"type":"Point","coordinates":[126.808142,37.560601]}},{"type":"Feature","properties":{"id":"A13292701","name":"창동성원","district":"도봉구","neighborhood":"창동","avgPrice":15.55,"households":3052,"buildingCount":11,"rank":1104},"geometry":{"type":"Point","coordinates":[127.049798,37.660817]}},{"type":"Feature","properties":{"id":"A14088201","name":"시티파크2단지","district":"용산구","neighborhood":"한강로3가","avgPrice":15.05,"households":3051,"buildingCount":14,"rank":1105},"geometry":{"type":"Point","coordinates":[126.969833,37.526243]}},{"type":"Feature","properties":{"id":"A13080702","name":"신답경남아파트","district":"동대문구","neighborhood":"답십리동","avgPrice":4.07,"households":3048,"buildingCount":28,"rank":1106},"geometry":{"type":"Point","coordinates":[127.044806,37.574863]}},{"type":"Feature","properties":{"id":"A13084101","name":"래미안장안","district":"동대문구","neighborhood":"장안동","avgPrice":6.51,"households":3045,"buildingCount":15,"rank":1107},"geometry":{"type":"Point","coordinates":[127.072929,37.565876]}},{"type":"Feature","properties":{"id":"A10027585","name":"방배3차 현대 홈 타운 아파트","district":"서초구","neighborhood":"방배동","avgPrice":18.09,"households":3041,"buildingCount":24,"rank":1108},"geometry":{"type":"Point","coordinates":[126.983828,37.491574]}},{"type":"Feature","properties":{"id":"A10026197","name":"문래동모아미래도아파트","district":"영등포구","neighborhood":"문래동5가","avgPrice":6,"households":3039,"buildingCount":5,"rank":1109},"geometry":{"type":"Point","coordinates":[126.887039,37.516903]}},{"type":"Feature","properties":{"id":"A10026195","name":"강변그대가갤럭시아파트","district":"강동구","neighborhood":"천호동","avgPrice":9.32,"households":3037,"buildingCount":14,"rank":1110},"geometry":{"type":"Point","coordinates":[127.122521,37.546588]}},{"type":"Feature","properties":{"id":"A10020839","name":"목동벽산미라지타워","district":"양천구","neighborhood":"목동","avgPrice":11.54,"households":3036,"buildingCount":29,"rank":1111},"geometry":{"type":"Point","coordinates":[126.868622,37.526552]}},{"type":"Feature","properties":{"id":"A10025626","name":"한강로쌍용스윗닷홈아파트","district":"용산구","neighborhood":"한강로3가","avgPrice":11.17,"households":3035,"buildingCount":21,"rank":1112},"geometry":{"type":"Point","coordinates":[126.963992,37.523509]}},{"type":"Feature","properties":{"id":"A10024237","name":"청신호 행복주택 정릉하늘마루","district":"성북구","neighborhood":"정릉동","avgPrice":0.93,"households":3032,"buildingCount":24,"rank":1113},"geometry":{"type":"Point","coordinates":[127.000151,37.606468]}},{"type":"Feature","properties":{"id":"A15279404","name":"고척대우","district":"구로구","neighborhood":"고척동","avgPrice":3.93,"households":3029,"buildingCount":9,"rank":1114},"geometry":{"type":"Point","coordinates":[126.855908,37.502925]}},{"type":"Feature","properties":{"id":"A15279403","name":"고척파크푸르지오","district":"구로구","neighborhood":"고척동","avgPrice":6.34,"households":3028,"buildingCount":29,"rank":1115},"geometry":{"type":"Point","coordinates":[126.858093,37.507637]}},{"type":"Feature","properties":{"id":"A15279402","name":"고척LIG리가아파트","district":"구로구","neighborhood":"고척동","avgPrice":5.01,"households":3027,"buildingCount":23,"rank":1116},"geometry":{"type":"Point","coordinates":[126.861461,37.505709]}},{"type":"Feature","properties":{"id":"A15279401","name":"고척청솔우성","district":"구로구","neighborhood":"고척동","avgPrice":3.76,"households":3026,"buildingCount":25,"rank":1117},"geometry":{"type":"Point","coordinates":[126.859931,37.506139]}},{"type":"Feature","properties":{"id":"A12285703","name":"미성아파트(불광동)","district":"은평구","neighborhood":"불광동","avgPrice":4.44,"households":3025,"buildingCount":14,"rank":1118},"geometry":{"type":"Point","coordinates":[126.928271,37.614962]}},{"type":"Feature","properties":{"id":"A13982103","name":"상계양우아파트","district":"노원구","neighborhood":"상계동","avgPrice":4.52,"households":3024,"buildingCount":26,"rank":1119},"geometry":{"type":"Point","coordinates":[127.071131,37.656252]}},{"type":"Feature","properties":{"id":"A13982101","name":"상계성원","district":"노원구","neighborhood":"상계동","avgPrice":5.95,"households":3022,"buildingCount":18,"rank":1120},"geometry":{"type":"Point","coordinates":[127.066029,37.66061]}},{"type":"Feature","properties":{"id":"A13770105","name":"반포미도2차","district":"서초구","neighborhood":"반포동","avgPrice":20.28,"households":3021,"buildingCount":30,"rank":1121},"geometry":{"type":"Point","coordinates":[127.007615,37.502494]}},{"type":"Feature","properties":{"id":"A15003701","name":"영등포경남아너스빌","district":"영등포구","neighborhood":"영등포동7가","avgPrice":7.34,"households":3014,"buildingCount":27,"rank":1122},"geometry":{"type":"Point","coordinates":[126.902673,37.523993]}},{"type":"Feature","properties":{"id":"A15601004","name":"신대방","district":"동작구","neighborhood":"신대방동","avgPrice":5.34,"households":3014,"buildingCount":17,"rank":1123},"geometry":{"type":"Point","coordinates":[126.908439,37.489334]}},{"type":"Feature","properties":{"id":"A14003008","name":"이촌한강맨션","district":"용산구","neighborhood":"이촌동","avgPrice":15.65,"households":3013,"buildingCount":17,"rank":1124},"geometry":{"type":"Point","coordinates":[126.972984,37.517891]}},{"type":"Feature","properties":{"id":"A15601003","name":"보라매e편한세상","district":"동작구","neighborhood":"신대방동","avgPrice":8.9,"households":3013,"buildingCount":14,"rank":1125},"geometry":{"type":"Point","coordinates":[126.928477,37.495483]}},{"type":"Feature","properties":{"id":"A14003007","name":"LG한강자이","district":"용산구","neighborhood":"이촌동","avgPrice":33.2,"households":3012,"buildingCount":16,"rank":1126},"geometry":{"type":"Point","coordinates":[126.970487,37.519503]}},{"type":"Feature","properties":{"id":"A15007101","name":"대림갑을명가","district":"영등포구","neighborhood":"대림동","avgPrice":12.95,"households":3012,"buildingCount":18,"rank":1127},"geometry":{"type":"Point","coordinates":[126.903695,37.495669]}},{"type":"Feature","properties":{"id":"A15601002","name":"보라매아카데미타워아파트","district":"동작구","neighborhood":"신대방동","avgPrice":6.74,"households":3012,"buildingCount":24,"rank":1128},"geometry":{"type":"Point","coordinates":[126.924111,37.491259]}},{"type":"Feature","properties":{"id":"A14003006","name":"이촌동아그린아파트","district":"용산구","neighborhood":"이촌동","avgPrice":10.13,"households":3011,"buildingCount":25,"rank":1129},"geometry":{"type":"Point","coordinates":[126.958174,37.523919]}},{"type":"Feature","properties":{"id":"A10022788","name":"금광포란재아파트","district":"금천구","neighborhood":"시흥동","avgPrice":3.31,"households":3011,"buildingCount":13,"rank":1130},"geometry":{"type":"Point","coordinates":[126.911503,37.451035]}},{"type":"Feature","properties":{"id":"A14003004","name":"이촌동부센트레빌","district":"용산구","neighborhood":"이촌동","avgPrice":17.53,"households":3009,"buildingCount":15,"rank":1131},"geometry":{"type":"Point","coordinates":[126.966339,37.520937]}},{"type":"Feature","properties":{"id":"A14003003","name":"한강삼익","district":"용산구","neighborhood":"이촌동","avgPrice":18,"households":3008,"buildingCount":10,"rank":1132},"geometry":{"type":"Point","coordinates":[126.97595,37.518349]}},{"type":"Feature","properties":{"id":"A10026187","name":"백운한비치1차아파트","district":"금천구","neighborhood":"시흥동","avgPrice":3.21,"households":3008,"buildingCount":24,"rank":1133},"geometry":{"type":"Point","coordinates":[126.911715,37.451447]}},{"type":"Feature","properties":{"id":"A14003002","name":"이촌왕궁","district":"용산구","neighborhood":"이촌동","avgPrice":21.12,"households":3007,"buildingCount":8,"rank":1134},"geometry":{"type":"Point","coordinates":[126.97827,37.517259]}},{"type":"Feature","properties":{"id":"A10027572","name":"마포영화블렌하임","district":"마포구","neighborhood":"망원동","avgPrice":7.26,"households":3007,"buildingCount":31,"rank":1135},"geometry":{"type":"Point","coordinates":[126.906265,37.558437]}},{"type":"Feature","properties":{"id":"A10027571","name":"개포4차현대아파트","district":"강남구","neighborhood":"일원동","avgPrice":21.55,"households":3006,"buildingCount":24,"rank":1136},"geometry":{"type":"Point","coordinates":[127.077738,37.490983]}},{"type":"Feature","properties":{"id":"A14003001","name":"동부이촌동우성","district":"용산구","neighborhood":"이촌동","avgPrice":14.85,"households":3006,"buildingCount":27,"rank":1137},"geometry":{"type":"Point","coordinates":[126.968776,37.521557]}},{"type":"Feature","properties":{"id":"A10020829","name":"홍제중앙하이츠아파트","district":"서대문구","neighborhood":"홍제동","avgPrice":2.66,"households":3005,"buildingCount":11,"rank":1138},"geometry":{"type":"Point","coordinates":[126.93674,37.586684]}},{"type":"Feature","properties":{"id":"A10025616","name":"가양보람아파트","district":"강서구","neighborhood":"가양동","avgPrice":7.85,"households":3004,"buildingCount":27,"rank":1139},"geometry":{"type":"Point","coordinates":[126.848553,37.567117]}},{"type":"Feature","properties":{"id":"A10026183","name":"용산지오베르크","district":"용산구","neighborhood":"문배동","avgPrice":7.35,"households":3004,"buildingCount":9,"rank":1140},"geometry":{"type":"Point","coordinates":[126.967331,37.537416]}},{"type":"Feature","properties":{"id":"A10025615","name":"경남아너스빌 101동 아파트","district":"서초구","neighborhood":"서초동","avgPrice":23,"households":3003,"buildingCount":12,"rank":1141},"geometry":{"type":"Point","coordinates":[127.014572,37.493686]}},{"type":"Feature","properties":{"id":"A10026182","name":"신미아파트","district":"영등포구","neighborhood":"신길동","avgPrice":6.26,"households":3003,"buildingCount":8,"rank":1142},"geometry":{"type":"Point","coordinates":[126.907355,37.501341]}},{"type":"Feature","properties":{"id":"A10020826","name":"아크로삼성","district":"강남구","neighborhood":"삼성동","avgPrice":22.1,"households":3002,"buildingCount":5,"rank":1143},"geometry":{"type":"Point","coordinates":[127.02497,37.51855]}},{"type":"Feature","properties":{"id":"A10021393","name":"태능시장 주상복합빌딩","district":"중랑구","neighborhood":"중화동","avgPrice":7.45,"households":3002,"buildingCount":24,"rank":1144},"geometry":{"type":"Point","coordinates":[127.093396,37.602025]}},{"type":"Feature","properties":{"id":"A10025614","name":"항동하버라인3단지","district":"구로구","neighborhood":"항동","avgPrice":4.18,"households":3002,"buildingCount":19,"rank":1145},"geometry":{"type":"Point","coordinates":[126.824182,37.479338]}},{"type":"Feature","properties":{"id":"A10026180","name":"롯데캐슬노블레스","district":"동대문구","neighborhood":"전농동","avgPrice":9.57,"households":3001,"buildingCount":9,"rank":1146},"geometry":{"type":"Point","coordinates":[127.049359,37.576505]}},{"type":"Feature","properties":{"id":"A10021391","name":"갈현동건영아파트","district":"은평구","neighborhood":"갈현동","avgPrice":9.45,"households":3000,"buildingCount":14,"rank":1147},"geometry":{"type":"Point","coordinates":[126.913796,37.629219]}},{"type":"Feature","properties":{"id":"A10021390","name":"송파가락두산위브센티움","district":"송파구","neighborhood":"가락동","avgPrice":1.39,"households":2999,"buildingCount":28,"rank":1148},"geometry":{"type":"Point","coordinates":[127.119145,37.494594]}},{"type":"Feature","properties":{"id":"A15773501","name":"방화월드메르디앙","district":"강서구","neighborhood":"방화동","avgPrice":11.55,"households":2996,"buildingCount":8,"rank":1149},"geometry":{"type":"Point","coordinates":[126.810188,37.5746]}},{"type":"Feature","properties":{"id":"A13283611","name":"방학신동아2단지","district":"도봉구","neighborhood":"방학동","avgPrice":9.65,"households":2992,"buildingCount":11,"rank":1150},"geometry":{"type":"Point","coordinates":[127.029811,37.66152]}},{"type":"Feature","properties":{"id":"A14386110","name":"자양우성3차","district":"광진구","neighborhood":"자양동","avgPrice":10.17,"households":2991,"buildingCount":7,"rank":1151},"geometry":{"type":"Point","coordinates":[127.071692,37.535956]}},{"type":"Feature","properties":{"id":"A13822004","name":"잠실엘스아파트","district":"송파구","neighborhood":"잠실동","avgPrice":22.77,"households":2987,"buildingCount":8,"rank":1152},"geometry":{"type":"Point","coordinates":[127.081439,37.514097]}},{"type":"Feature","properties":{"id":"A13822003","name":"잠실리센츠","district":"송파구","neighborhood":"잠실동","avgPrice":21.74,"households":2986,"buildingCount":4,"rank":1153},"geometry":{"type":"Point","coordinates":[127.08834,37.514125]}},{"type":"Feature","properties":{"id":"A13822002","name":"잠실동트리지움","district":"송파구","neighborhood":"잠실동","avgPrice":21.8,"households":2985,"buildingCount":17,"rank":1154},"geometry":{"type":"Point","coordinates":[127.089576,37.509936]}},{"type":"Feature","properties":{"id":"A13610007","name":"정릉풍림아이원","district":"성북구","neighborhood":"정릉동","avgPrice":3.85,"households":2985,"buildingCount":5,"rank":1155},"geometry":{"type":"Point","coordinates":[127.007656,37.618107]}},{"type":"Feature","properties":{"id":"A13822001","name":"잠실레이크팰리스","district":"송파구","neighborhood":"잠실동","avgPrice":22.17,"households":2984,"buildingCount":28,"rank":1156},"geometry":{"type":"Point","coordinates":[127.094713,37.508568]}},{"type":"Feature","properties":{"id":"A10027569","name":"북한산힐스테이트3차 3207동(임대동)아파트","district":"은평구","neighborhood":"불광동","avgPrice":7.5,"households":2983,"buildingCount":23,"rank":1157},"geometry":{"type":"Point","coordinates":[126.949284,37.581145]}},{"type":"Feature","properties":{"id":"A13610005","name":"정릉힐스테이트3차","district":"성북구","neighborhood":"정릉동","avgPrice":4.75,"households":2983,"buildingCount":25,"rank":1158},"geometry":{"type":"Point","coordinates":[127.007789,37.614495]}},{"type":"Feature","properties":{"id":"A10027568","name":"불광에스에이치빌","district":"은평구","neighborhood":"불광동","avgPrice":13.05,"households":2982,"buildingCount":13,"rank":1159},"geometry":{"type":"Point","coordinates":[126.935699,37.611524]}},{"type":"Feature","properties":{"id":"A13610004","name":"정릉산장","district":"성북구","neighborhood":"정릉동","avgPrice":12.7,"households":2982,"buildingCount":5,"rank":1160},"geometry":{"type":"Point","coordinates":[127.003264,37.616803]}},{"type":"Feature","properties":{"id":"A15785919","name":"염창우성1차","district":"강서구","neighborhood":"염창동","avgPrice":7.3,"households":2982,"buildingCount":5,"rank":1161},"geometry":{"type":"Point","coordinates":[126.8706,37.555439]}},{"type":"Feature","properties":{"id":"A13610003","name":"정릉힐스테이트1차아파트","district":"성북구","neighborhood":"정릉동","avgPrice":4.68,"households":2981,"buildingCount":21,"rank":1162},"geometry":{"type":"Point","coordinates":[127.017496,37.600353]}},{"type":"Feature","properties":{"id":"A10085903","name":"중림삼성사이버빌리지","district":"중구","neighborhood":"중림동","avgPrice":10.09,"households":2979,"buildingCount":20,"rank":1163},"geometry":{"type":"Point","coordinates":[126.965235,37.558077]}},{"type":"Feature","properties":{"id":"A13610001","name":"정릉우방아파트","district":"성북구","neighborhood":"정릉동","avgPrice":3.19,"households":2979,"buildingCount":31,"rank":1164},"geometry":{"type":"Point","coordinates":[127.009987,37.600367]}},{"type":"Feature","properties":{"id":"A10085902","name":"중림삼성래미안아파트","district":"중구","neighborhood":"중림동","avgPrice":9.65,"households":2978,"buildingCount":8,"rank":1165},"geometry":{"type":"Point","coordinates":[126.980548,37.546455]}},{"type":"Feature","properties":{"id":"A10022775","name":"봄작시티 24","district":"중랑구","neighborhood":"상봉동","avgPrice":1.61,"households":2977,"buildingCount":13,"rank":1166},"geometry":{"type":"Point","coordinates":[127.088857,37.596046]}},{"type":"Feature","properties":{"id":"A10026175","name":"쌍문염광아파트","district":"도봉구","neighborhood":"쌍문동","avgPrice":2.45,"households":2975,"buildingCount":16,"rank":1167},"geometry":{"type":"Point","coordinates":[127.026364,37.648424]}},{"type":"Feature","properties":{"id":"A12012001","name":"쌍용스윗닷홈","district":"서대문구","neighborhood":"남가좌동","avgPrice":6.01,"households":2974,"buildingCount":20,"rank":1168},"geometry":{"type":"Point","coordinates":[126.919086,37.575372]}},{"type":"Feature","properties":{"id":"A10024216","name":"디에이치 자이 개포","district":"강남구","neighborhood":"일원동","avgPrice":24.93,"households":2969,"buildingCount":4,"rank":1169},"geometry":{"type":"Point","coordinates":[127.075204,37.490812]}},{"type":"Feature","properties":{"id":"A14386109","name":"자양우성2차","district":"광진구","neighborhood":"자양동","avgPrice":7.96,"households":2969,"buildingCount":4,"rank":1170},"geometry":{"type":"Point","coordinates":[127.074125,37.53328]}},{"type":"Feature","properties":{"id":"A10021381","name":"아차산포레안아파트","district":"광진구","neighborhood":"구의동","avgPrice":7.07,"households":2969,"buildingCount":4,"rank":1171},"geometry":{"type":"Point","coordinates":[127.093249,37.547954]}},{"type":"Feature","properties":{"id":"A13994501","name":"공릉현대성우","district":"노원구","neighborhood":"공릉동","avgPrice":3.52,"households":2969,"buildingCount":19,"rank":1172},"geometry":{"type":"Point","coordinates":[127.077392,37.626402]}},{"type":"Feature","properties":{"id":"A10025600","name":"e편한세상 염창","district":"강서구","neighborhood":"염창동","avgPrice":8.59,"households":2967,"buildingCount":11,"rank":1173},"geometry":{"type":"Point","coordinates":[126.870778,37.548952]}},{"type":"Feature","properties":{"id":"A10024214","name":"신내역 금강펜테리움 센트럴파크아파트","district":"중랑구","neighborhood":"망우동","avgPrice":5.53,"households":2967,"buildingCount":16,"rank":1174},"geometry":{"type":"Point","coordinates":[127.110111,37.60928]}},{"type":"Feature","properties":{"id":"A13594007","name":"대청","district":"강남구","neighborhood":"개포동","avgPrice":12.42,"households":2966,"buildingCount":5,"rank":1175},"geometry":{"type":"Point","coordinates":[127.077066,37.495078]}},{"type":"Feature","properties":{"id":"A13974401","name":"공릉현대","district":"노원구","neighborhood":"공릉동","avgPrice":3.54,"households":2966,"buildingCount":12,"rank":1176},"geometry":{"type":"Point","coordinates":[127.077254,37.620967]}},{"type":"Feature","properties":{"id":"A15178204","name":"관악벽산블루밍임대","district":"관악구","neighborhood":"봉천동","avgPrice":9.95,"households":2965,"buildingCount":13,"rank":1177},"geometry":{"type":"Point","coordinates":[126.975612,37.462065]}},{"type":"Feature","properties":{"id":"A15178203","name":"봉천두산3단지","district":"관악구","neighborhood":"봉천동","avgPrice":10.55,"households":2964,"buildingCount":24,"rank":1178},"geometry":{"type":"Point","coordinates":[126.945823,37.485258]}},{"type":"Feature","properties":{"id":"A13590602","name":"압구정한양3단지","district":"강남구","neighborhood":"압구정동","avgPrice":44.44,"households":2963,"buildingCount":8,"rank":1179},"geometry":{"type":"Point","coordinates":[127.038125,37.529119]}},{"type":"Feature","properties":{"id":"A15178202","name":"봉천벽산블루밍3차","district":"관악구","neighborhood":"봉천동","avgPrice":5.46,"households":2963,"buildingCount":8,"rank":1180},"geometry":{"type":"Point","coordinates":[126.944472,37.488428]}},{"type":"Feature","properties":{"id":"A15805303","name":"목동롯데캐슬위너","district":"양천구","neighborhood":"목동","avgPrice":8.47,"households":2962,"buildingCount":21,"rank":1181},"geometry":{"type":"Point","coordinates":[126.867223,37.54682]}},{"type":"Feature","properties":{"id":"A15178201","name":"관악벽산블루밍","district":"관악구","neighborhood":"봉천동","avgPrice":5.62,"households":2962,"buildingCount":21,"rank":1182},"geometry":{"type":"Point","coordinates":[126.944743,37.48938]}},{"type":"Feature","properties":{"id":"A15805302","name":"목동2차성원아파트","district":"양천구","neighborhood":"목동","avgPrice":12.7,"households":2961,"buildingCount":31,"rank":1183},"geometry":{"type":"Point","coordinates":[126.864396,37.542034]}},{"type":"Feature","properties":{"id":"A13570502","name":"래미안삼성1차104단지","district":"강남구","neighborhood":"삼성동","avgPrice":22.75,"households":2960,"buildingCount":29,"rank":1184},"geometry":{"type":"Point","coordinates":[127.022128,37.50523]}},{"type":"Feature","properties":{"id":"A15805301","name":"목동부영그린타운3차","district":"양천구","neighborhood":"목동","avgPrice":1.41,"households":2960,"buildingCount":30,"rank":1185},"geometry":{"type":"Point","coordinates":[126.867037,37.542101]}},{"type":"Feature","properties":{"id":"A13550404","name":"도곡동 포스코트 아파트","district":"강남구","neighborhood":"도곡동","avgPrice":26.83,"households":2959,"buildingCount":16,"rank":1186},"geometry":{"type":"Point","coordinates":[127.047801,37.487972]}},{"type":"Feature","properties":{"id":"A13570501","name":"삼성동힐스테이트2단지","district":"강남구","neighborhood":"삼성동","avgPrice":24.85,"households":2959,"buildingCount":22,"rank":1187},"geometry":{"type":"Point","coordinates":[127.052353,37.513372]}},{"type":"Feature","properties":{"id":"A13603702","name":"브라운스톤동선","district":"성북구","neighborhood":"동소문동7가","avgPrice":6.16,"households":2959,"buildingCount":15,"rank":1188},"geometry":{"type":"Point","coordinates":[127.013819,37.596337]}},{"type":"Feature","properties":{"id":"A13550403","name":"도곡한신","district":"강남구","neighborhood":"도곡동","avgPrice":17.55,"households":2958,"buildingCount":25,"rank":1189},"geometry":{"type":"Point","coordinates":[127.044808,37.485318]}},{"type":"Feature","properties":{"id":"A13603701","name":"동소문한신휴플러스","district":"성북구","neighborhood":"동소문동4가","avgPrice":10.3,"households":2958,"buildingCount":29,"rank":1190},"geometry":{"type":"Point","coordinates":[127.011185,37.593332]}},{"type":"Feature","properties":{"id":"A13607101","name":"안암래미안","district":"성북구","neighborhood":"안암동1가","avgPrice":6.15,"households":2956,"buildingCount":24,"rank":1191},"geometry":{"type":"Point","coordinates":[127.023858,37.589161]}},{"type":"Feature","properties":{"id":"A13510203","name":"청담래미안","district":"강남구","neighborhood":"청담동","avgPrice":15.45,"households":2952,"buildingCount":29,"rank":1192},"geometry":{"type":"Point","coordinates":[127.042821,37.517942]}},{"type":"Feature","properties":{"id":"A12009102","name":"홍제현대아파트","district":"서대문구","neighborhood":"홍제동","avgPrice":5.62,"households":2952,"buildingCount":5,"rank":1193},"geometry":{"type":"Point","coordinates":[126.941241,37.589021]}},{"type":"Feature","properties":{"id":"A13510202","name":"청담2차현대아파트","district":"강남구","neighborhood":"청담동","avgPrice":21.48,"households":2951,"buildingCount":27,"rank":1194},"geometry":{"type":"Point","coordinates":[127.040621,37.521437]}},{"type":"Feature","properties":{"id":"A10027558","name":"강남효성해링턴코트","district":"강남구","neighborhood":"세곡동","avgPrice":15.7,"households":2951,"buildingCount":11,"rank":1195},"geometry":{"type":"Point","coordinates":[127.094788,37.468002]}},{"type":"Feature","properties":{"id":"A12009101","name":"홍제남양","district":"서대문구","neighborhood":"홍제동","avgPrice":4.22,"households":2951,"buildingCount":20,"rank":1196},"geometry":{"type":"Point","coordinates":[126.938122,37.588789]}},{"type":"Feature","properties":{"id":"A13510201","name":"청담삼환","district":"강남구","neighborhood":"청담동","avgPrice":12.15,"households":2950,"buildingCount":7,"rank":1197},"geometry":{"type":"Point","coordinates":[127.047687,37.521566]}},{"type":"Feature","properties":{"id":"A13203202","name":"쌍문청구","district":"도봉구","neighborhood":"쌍문동","avgPrice":3.46,"households":2950,"buildingCount":22,"rank":1198},"geometry":{"type":"Point","coordinates":[127.03454,37.659668]}},{"type":"Feature","properties":{"id":"A10027555","name":"방학동효성하이타운","district":"도봉구","neighborhood":"방학동","avgPrice":3.09,"households":2948,"buildingCount":14,"rank":1199},"geometry":{"type":"Point","coordinates":[127.033056,37.661318]}},{"type":"Feature","properties":{"id":"A10027553","name":"위례2차아이파크아파트","district":"송파구","neighborhood":"장지동","avgPrice":13.49,"households":2946,"buildingCount":18,"rank":1200},"geometry":{"type":"Point","coordinates":[127.143715,37.479567]}},{"type":"Feature","properties":{"id":"A10027551","name":"서강스카이빌1차아파트","district":"은평구","neighborhood":"응암동","avgPrice":4.79,"households":2944,"buildingCount":16,"rank":1201},"geometry":{"type":"Point","coordinates":[126.921543,37.599816]}},{"type":"Feature","properties":{"id":"A15880905","name":"목동금호베스트빌","district":"양천구","neighborhood":"목동","avgPrice":6.1,"households":2943,"buildingCount":16,"rank":1202},"geometry":{"type":"Point","coordinates":[126.867775,37.545167]}},{"type":"Feature","properties":{"id":"A10022761","name":"힐스테이트 남산","district":"중구","neighborhood":"묵정동","avgPrice":4.23,"households":2942,"buildingCount":8,"rank":1203},"geometry":{"type":"Point","coordinates":[126.99928,37.561533]}},{"type":"Feature","properties":{"id":"A10026162","name":"상록타워 아파트","district":"광진구","neighborhood":"광장동","avgPrice":7.84,"households":2941,"buildingCount":8,"rank":1204},"geometry":{"type":"Point","coordinates":[127.100964,37.54243]}},{"type":"Feature","properties":{"id":"A13778214","name":"서초네이처힐가든","district":"서초구","neighborhood":"우면동","avgPrice":4.72,"households":2940,"buildingCount":16,"rank":1205},"geometry":{"type":"Point","coordinates":[127.020562,37.464566]}},{"type":"Feature","properties":{"id":"A13778213","name":"서초네이처힐2단지","district":"서초구","neighborhood":"우면동","avgPrice":9.18,"households":2939,"buildingCount":18,"rank":1206},"geometry":{"type":"Point","coordinates":[127.021734,37.463065]}},{"type":"Feature","properties":{"id":"A13778212","name":"LH서초3단지","district":"서초구","neighborhood":"우면동","avgPrice":15.75,"households":2938,"buildingCount":19,"rank":1207},"geometry":{"type":"Point","coordinates":[127.022124,37.45862]}},{"type":"Feature","properties":{"id":"A13778211","name":"서초호반써밋","district":"서초구","neighborhood":"우면동","avgPrice":14.44,"households":2937,"buildingCount":11,"rank":1208},"geometry":{"type":"Point","coordinates":[127.013169,37.456433]}},{"type":"Feature","properties":{"id":"A13778210","name":"호반써밋서초파크뷰","district":"서초구","neighborhood":"우면동","avgPrice":8.53,"households":2936,"buildingCount":13,"rank":1209},"geometry":{"type":"Point","coordinates":[127.025035,37.459028]}},{"type":"Feature","properties":{"id":"A13187203","name":"신내진로아파트","district":"중랑구","neighborhood":"신내동","avgPrice":5.36,"households":2932,"buildingCount":4,"rank":1210},"geometry":{"type":"Point","coordinates":[127.093251,37.614105]}},{"type":"Feature","properties":{"id":"A13187201","name":"신내8단지두산화성","district":"중랑구","neighborhood":"신내동","avgPrice":14,"households":2930,"buildingCount":25,"rank":1211},"geometry":{"type":"Point","coordinates":[127.096205,37.612947]}},{"type":"Feature","properties":{"id":"A14070901","name":"동부센트레빌아스테리움서울","district":"용산구","neighborhood":"동자동","avgPrice":13.97,"households":2929,"buildingCount":5,"rank":1212},"geometry":{"type":"Point","coordinates":[126.973585,37.551116]}},{"type":"Feature","properties":{"id":"A14321001","name":"광장11현대홈타운","district":"광진구","neighborhood":"광장동","avgPrice":15.09,"households":2919,"buildingCount":4,"rank":1213},"geometry":{"type":"Point","coordinates":[127.09706,37.543119]}},{"type":"Feature","properties":{"id":"A10027547","name":"애필리움아파트","district":"은평구","neighborhood":"응암동","avgPrice":4.17,"households":2919,"buildingCount":16,"rank":1214},"geometry":{"type":"Point","coordinates":[126.916395,37.597926]}},{"type":"Feature","properties":{"id":"A10022756","name":"e편한세상 고덕 어반브릿지","district":"강동구","neighborhood":"상일동","avgPrice":7.56,"households":2916,"buildingCount":8,"rank":1215},"geometry":{"type":"Point","coordinates":[127.180898,37.555517]}},{"type":"Feature","properties":{"id":"A13778209","name":"호반써밋서초파크","district":"서초구","neighborhood":"우면동","avgPrice":9.3,"households":2914,"buildingCount":7,"rank":1216},"geometry":{"type":"Point","coordinates":[127.023738,37.458328]}},{"type":"Feature","properties":{"id":"A13778208","name":"서초네이처힐1단지","district":"서초구","neighborhood":"우면동","avgPrice":10.09,"households":2913,"buildingCount":9,"rank":1217},"geometry":{"type":"Point","coordinates":[127.020078,37.463537]}},{"type":"Feature","properties":{"id":"A10027541","name":"강서쌍용예가아파트","district":"강서구","neighborhood":"염창동","avgPrice":6.9,"households":2913,"buildingCount":13,"rank":1218},"geometry":{"type":"Point","coordinates":[126.866515,37.555434]}},{"type":"Feature","properties":{"id":"A10026154","name":"디오슈페리움1차","district":"서초구","neighborhood":"방배동","avgPrice":20.1,"households":2912,"buildingCount":23,"rank":1219},"geometry":{"type":"Point","coordinates":[126.982975,37.486093]}},{"type":"Feature","properties":{"id":"A13778207","name":"서초네이처힐6단지","district":"서초구","neighborhood":"우면동","avgPrice":8.7,"households":2912,"buildingCount":26,"rank":1220},"geometry":{"type":"Point","coordinates":[127.026561,37.461564]}},{"type":"Feature","properties":{"id":"A13778205","name":"서초네이처힐3단지","district":"서초구","neighborhood":"우면동","avgPrice":10.02,"households":2910,"buildingCount":27,"rank":1221},"geometry":{"type":"Point","coordinates":[127.028118,37.464095]}},{"type":"Feature","properties":{"id":"A13778204","name":"서초힐스","district":"서초구","neighborhood":"우면동","avgPrice":11.25,"households":2909,"buildingCount":24,"rank":1222},"geometry":{"type":"Point","coordinates":[127.017702,37.457462]}},{"type":"Feature","properties":{"id":"A13778203","name":"서초네이처힐7단지","district":"서초구","neighborhood":"우면동","avgPrice":7.85,"households":2908,"buildingCount":7,"rank":1223},"geometry":{"type":"Point","coordinates":[127.023124,37.461923]}},{"type":"Feature","properties":{"id":"A15089421","name":"여의도시범아파트","district":"영등포구","neighborhood":"여의도동","avgPrice":21.44,"households":2907,"buildingCount":4,"rank":1224},"geometry":{"type":"Point","coordinates":[126.937109,37.520693]}},{"type":"Feature","properties":{"id":"A13778202","name":"서초네이처힐5단지","district":"서초구","neighborhood":"우면동","avgPrice":9.99,"households":2907,"buildingCount":17,"rank":1225},"geometry":{"type":"Point","coordinates":[127.024806,37.462525]}},{"type":"Feature","properties":{"id":"A13087407","name":"휘경주공2단지","district":"동대문구","neighborhood":"휘경동","avgPrice":3.6,"households":2907,"buildingCount":12,"rank":1226},"geometry":{"type":"Point","coordinates":[127.069213,37.583578]}},{"type":"Feature","properties":{"id":"A13778201","name":"서초네이처힐4단지","district":"서초구","neighborhood":"우면동","avgPrice":8.95,"households":2906,"buildingCount":8,"rank":1227},"geometry":{"type":"Point","coordinates":[127.026184,37.463645]}},{"type":"Feature","properties":{"id":"A13087405","name":"휘경베스트빌현대","district":"동대문구","neighborhood":"휘경동","avgPrice":4.3,"households":2905,"buildingCount":17,"rank":1228},"geometry":{"type":"Point","coordinates":[127.074259,37.581733]}},{"type":"Feature","properties":{"id":"A13681304","name":"돈암현대","district":"성북구","neighborhood":"돈암동","avgPrice":3.74,"households":2903,"buildingCount":12,"rank":1229},"geometry":{"type":"Point","coordinates":[127.028157,37.604127]}},{"type":"Feature","properties":{"id":"A13681303","name":"돈암동부센트레빌","district":"성북구","neighborhood":"돈암동","avgPrice":6.03,"households":2902,"buildingCount":7,"rank":1230},"geometry":{"type":"Point","coordinates":[127.026321,37.602152]}},{"type":"Feature","properties":{"id":"A13087401","name":"휘경서울가든","district":"동대문구","neighborhood":"휘경동","avgPrice":3.31,"households":2901,"buildingCount":25,"rank":1231},"geometry":{"type":"Point","coordinates":[127.070904,37.584185]}},{"type":"Feature","properties":{"id":"A12275202","name":"북한산힐스테이트7차","district":"은평구","neighborhood":"불광동","avgPrice":7.36,"households":2898,"buildingCount":12,"rank":1232},"geometry":{"type":"Point","coordinates":[126.92662,37.616541]}},{"type":"Feature","properties":{"id":"A12275201","name":"북한산래미안아파트","district":"은평구","neighborhood":"불광동","avgPrice":9.14,"households":2897,"buildingCount":25,"rank":1233},"geometry":{"type":"Point","coordinates":[126.939717,37.610785]}},{"type":"Feature","properties":{"id":"A13007004","name":"용두신동아","district":"동대문구","neighborhood":"용두동","avgPrice":4.52,"households":2892,"buildingCount":28,"rank":1234},"geometry":{"type":"Point","coordinates":[127.032331,37.572687]}},{"type":"Feature","properties":{"id":"A13122104","name":"상봉태영데시앙","district":"중랑구","neighborhood":"상봉동","avgPrice":12.5,"households":2891,"buildingCount":12,"rank":1235},"geometry":{"type":"Point","coordinates":[127.092685,37.603357]}},{"type":"Feature","properties":{"id":"A13007002","name":"용두롯데캐슬피렌체","district":"동대문구","neighborhood":"용두동","avgPrice":3.98,"households":2890,"buildingCount":4,"rank":1236},"geometry":{"type":"Point","coordinates":[127.036257,37.57719]}},{"type":"Feature","properties":{"id":"A13007001","name":"용두두산위브","district":"동대문구","neighborhood":"용두동","avgPrice":7.54,"households":2889,"buildingCount":23,"rank":1237},"geometry":{"type":"Point","coordinates":[127.036095,37.573554]}},{"type":"Feature","properties":{"id":"A10022749","name":"원에디션강남","district":"강남구","neighborhood":"역삼동","avgPrice":8.78,"households":2888,"buildingCount":27,"rank":1238},"geometry":{"type":"Point","coordinates":[127.038176,37.507919]}},{"type":"Feature","properties":{"id":"A10021359","name":"목동신한","district":"양천구","neighborhood":"목동","avgPrice":11,"households":2884,"buildingCount":8,"rank":1239},"geometry":{"type":"Point","coordinates":[126.864482,37.549022]}},{"type":"Feature","properties":{"id":"A10027533","name":"비콘드림힐아파트","district":"노원구","neighborhood":"상계동","avgPrice":4.13,"households":2884,"buildingCount":24,"rank":1240},"geometry":{"type":"Point","coordinates":[127.059375,37.671021]}},{"type":"Feature","properties":{"id":"A10026147","name":"신설동 지웰홈스","district":"동대문구","neighborhood":"신설동","avgPrice":1.08,"households":2884,"buildingCount":15,"rank":1241},"geometry":{"type":"Point","coordinates":[127.023609,37.573203]}},{"type":"Feature","properties":{"id":"A13985406","name":"중계현대6차","district":"노원구","neighborhood":"중계동","avgPrice":7.15,"households":2883,"buildingCount":25,"rank":1242},"geometry":{"type":"Point","coordinates":[127.082782,37.645601]}},{"type":"Feature","properties":{"id":"A10021355","name":"구기동 청구빌라","district":"종로구","neighborhood":"구기동","avgPrice":4.44,"households":2880,"buildingCount":18,"rank":1243},"geometry":{"type":"Point","coordinates":[126.956256,37.604748]}},{"type":"Feature","properties":{"id":"A13985402","name":"중계현대그린","district":"노원구","neighborhood":"중계동","avgPrice":3.8,"households":2879,"buildingCount":27,"rank":1244},"geometry":{"type":"Point","coordinates":[127.084519,37.646883]}},{"type":"Feature","properties":{"id":"A13486504","name":"천호동아하이빌","district":"강동구","neighborhood":"천호동","avgPrice":5.24,"households":2878,"buildingCount":29,"rank":1245},"geometry":{"type":"Point","coordinates":[127.134517,37.544644]}},{"type":"Feature","properties":{"id":"A13678401","name":"동아에코빌","district":"성북구","neighborhood":"상월곡동","avgPrice":4.46,"households":2877,"buildingCount":25,"rank":1246},"geometry":{"type":"Point","coordinates":[127.045299,37.607957]}},{"type":"Feature","properties":{"id":"A15089411","name":"여의도삼익","district":"영등포구","neighborhood":"여의도동","avgPrice":19.91,"households":2876,"buildingCount":13,"rank":1247},"geometry":{"type":"Point","coordinates":[126.934181,37.519654]}},{"type":"Feature","properties":{"id":"A15284204","name":"구로성호주상복합","district":"구로구","neighborhood":"구로동","avgPrice":16,"households":2873,"buildingCount":24,"rank":1248},"geometry":{"type":"Point","coordinates":[126.90413,37.51224]}},{"type":"Feature","properties":{"id":"A13905003","name":"월계풍림아이원","district":"노원구","neighborhood":"월계동","avgPrice":5.22,"households":2868,"buildingCount":29,"rank":1249},"geometry":{"type":"Point","coordinates":[127.066654,37.616568]}},{"type":"Feature","properties":{"id":"A15072201","name":"당산반도유보라","district":"영등포구","neighborhood":"당산동4가","avgPrice":11.29,"households":2865,"buildingCount":21,"rank":1250},"geometry":{"type":"Point","coordinates":[126.901436,37.527154]}},{"type":"Feature","properties":{"id":"A10024699","name":"목동가든스위트아파트","district":"양천구","neighborhood":"목동","avgPrice":11.45,"households":2864,"buildingCount":24,"rank":1251},"geometry":{"type":"Point","coordinates":[126.878741,37.536134]}},{"type":"Feature","properties":{"id":"A10028094","name":"압구정하이츠파크","district":"강남구","neighborhood":"신사동","avgPrice":46.59,"households":2857,"buildingCount":22,"rank":1252},"geometry":{"type":"Point","coordinates":[127.033637,37.523781]}},{"type":"Feature","properties":{"id":"A10024691","name":"용산센트럴파크","district":"용산구","neighborhood":"한강로3가","avgPrice":25.22,"households":2856,"buildingCount":17,"rank":1253},"geometry":{"type":"Point","coordinates":[126.96762,37.52594]}},{"type":"Feature","properties":{"id":"A10095502","name":"청계천두산위브더제니스","district":"중구","neighborhood":"흥인동","avgPrice":10.95,"households":2855,"buildingCount":25,"rank":1254},"geometry":{"type":"Point","coordinates":[127.017086,37.566953]}},{"type":"Feature","properties":{"id":"A10095501","name":"동대문와이즈캐슬","district":"중구","neighborhood":"흥인동","avgPrice":0.97,"households":2854,"buildingCount":31,"rank":1255},"geometry":{"type":"Point","coordinates":[127.015422,37.565696]}},{"type":"Feature","properties":{"id":"A10027523","name":"월드메르디앙주상복합아파트","district":"송파구","neighborhood":"잠실동","avgPrice":16.95,"households":2853,"buildingCount":14,"rank":1256},"geometry":{"type":"Point","coordinates":[127.081156,37.507262]}},{"type":"Feature","properties":{"id":"A10027522","name":"우림필유아파트","district":"구로구","neighborhood":"오류동","avgPrice":3.58,"households":2852,"buildingCount":8,"rank":1257},"geometry":{"type":"Point","coordinates":[126.846771,37.494074]}},{"type":"Feature","properties":{"id":"A10021345","name":"구로지웰아파트","district":"구로구","neighborhood":"구로동","avgPrice":3.73,"households":2849,"buildingCount":12,"rank":1258},"geometry":{"type":"Point","coordinates":[126.886422,37.490655]}},{"type":"Feature","properties":{"id":"A13980604","name":"공릉대아2차","district":"노원구","neighborhood":"공릉동","avgPrice":4.06,"households":2848,"buildingCount":6,"rank":1259},"geometry":{"type":"Point","coordinates":[127.071331,37.623296]}},{"type":"Feature","properties":{"id":"A13386702","name":"서울숲한신더휴아파트","district":"성동구","neighborhood":"행당동","avgPrice":10.36,"households":2847,"buildingCount":14,"rank":1260},"geometry":{"type":"Point","coordinates":[127.036156,37.555245]}},{"type":"Feature","properties":{"id":"A13984005","name":"월계시영고층","district":"노원구","neighborhood":"월계동","avgPrice":8.15,"households":2847,"buildingCount":6,"rank":1261},"geometry":{"type":"Point","coordinates":[127.065419,37.624591]}},{"type":"Feature","properties":{"id":"A13984004","name":"그랑빌","district":"노원구","neighborhood":"월계동","avgPrice":5.92,"households":2846,"buildingCount":31,"rank":1262},"geometry":{"type":"Point","coordinates":[127.0687,37.617728]}},{"type":"Feature","properties":{"id":"A13984003","name":"월계삼호4차","district":"노원구","neighborhood":"월계동","avgPrice":3.98,"households":2845,"buildingCount":28,"rank":1263},"geometry":{"type":"Point","coordinates":[127.064203,37.626469]}},{"type":"Feature","properties":{"id":"A13178102","name":"경원","district":"중랑구","neighborhood":"신내동","avgPrice":1.96,"households":2840,"buildingCount":23,"rank":1264},"geometry":{"type":"Point","coordinates":[127.098462,37.605545]}},{"type":"Feature","properties":{"id":"A13178101","name":"신내데시앙","district":"중랑구","neighborhood":"신내동","avgPrice":12.85,"households":2839,"buildingCount":29,"rank":1265},"geometry":{"type":"Point","coordinates":[127.100332,37.612089]}},{"type":"Feature","properties":{"id":"A12170603","name":"공덕래미안5차","district":"마포구","neighborhood":"공덕동","avgPrice":6.55,"households":2837,"buildingCount":7,"rank":1266},"geometry":{"type":"Point","coordinates":[126.952153,37.550708]}},{"type":"Feature","properties":{"id":"A15005603","name":"신길삼성","district":"영등포구","neighborhood":"신길동","avgPrice":5.55,"households":2837,"buildingCount":25,"rank":1267},"geometry":{"type":"Point","coordinates":[126.915731,37.504973]}},{"type":"Feature","properties":{"id":"A12170602","name":"공덕2삼성임대","district":"마포구","neighborhood":"공덕동","avgPrice":14.2,"households":2836,"buildingCount":19,"rank":1268},"geometry":{"type":"Point","coordinates":[126.94771,37.542374]}},{"type":"Feature","properties":{"id":"A15005602","name":"신길우창","district":"영등포구","neighborhood":"신길동","avgPrice":6.69,"households":2836,"buildingCount":5,"rank":1269},"geometry":{"type":"Point","coordinates":[126.912408,37.497216]}},{"type":"Feature","properties":{"id":"A12170601","name":"삼성래미안공덕4차","district":"마포구","neighborhood":"공덕동","avgPrice":11.82,"households":2835,"buildingCount":31,"rank":1270},"geometry":{"type":"Point","coordinates":[126.951194,37.550296]}},{"type":"Feature","properties":{"id":"A10024687","name":"서초현대홈타운","district":"서초구","neighborhood":"서초동","avgPrice":14.29,"households":2831,"buildingCount":16,"rank":1271},"geometry":{"type":"Point","coordinates":[127.005247,37.488515]}},{"type":"Feature","properties":{"id":"A10028086","name":"위례 송파푸르지오","district":"송파구","neighborhood":"장지동","avgPrice":16.35,"households":2828,"buildingCount":19,"rank":1272},"geometry":{"type":"Point","coordinates":[127.140733,37.480867]}},{"type":"Feature","properties":{"id":"A10023296","name":"송파파인타운12단지","district":"송파구","neighborhood":"장지동","avgPrice":11.13,"households":2826,"buildingCount":4,"rank":1273},"geometry":{"type":"Point","coordinates":[127.132101,37.478497]}},{"type":"Feature","properties":{"id":"A13593908","name":"SH공사대치1단지","district":"강남구","neighborhood":"개포동","avgPrice":19.45,"households":2825,"buildingCount":29,"rank":1274},"geometry":{"type":"Point","coordinates":[127.050456,37.480259]}},{"type":"Feature","properties":{"id":"A10028083","name":"송파SK아파트","district":"송파구","neighborhood":"송파동","avgPrice":9.14,"households":2825,"buildingCount":13,"rank":1275},"geometry":{"type":"Point","coordinates":[127.118159,37.500663]}},{"type":"Feature","properties":{"id":"A10028080","name":"용두 롯데 캐슬리치 아파트","district":"동대문구","neighborhood":"용두동","avgPrice":7.05,"households":2822,"buildingCount":26,"rank":1276},"geometry":{"type":"Point","coordinates":[127.040931,37.576874]}},{"type":"Feature","properties":{"id":"A10021339","name":"한성아파트","district":"용산구","neighborhood":"한남동","avgPrice":4.59,"households":2822,"buildingCount":11,"rank":1277},"geometry":{"type":"Point","coordinates":[127.008964,37.534313]}},{"type":"Feature","properties":{"id":"A10023292","name":"방화메이빌아파트","district":"강서구","neighborhood":"방화동","avgPrice":3.06,"households":2822,"buildingCount":19,"rank":1278},"geometry":{"type":"Point","coordinates":[126.814003,37.579564]}},{"type":"Feature","properties":{"id":"A10027512","name":"문래유원아파트","district":"영등포구","neighborhood":"문래동6가","avgPrice":15.15,"households":2821,"buildingCount":16,"rank":1279},"geometry":{"type":"Point","coordinates":[126.88822,37.520929]}},{"type":"Feature","properties":{"id":"A13880806","name":"가락쌍용1차","district":"송파구","neighborhood":"가락동","avgPrice":11.69,"households":2821,"buildingCount":8,"rank":1280},"geometry":{"type":"Point","coordinates":[127.126631,37.497221]}},{"type":"Feature","properties":{"id":"A13789203","name":"양재우성","district":"서초구","neighborhood":"양재동","avgPrice":20.15,"households":2820,"buildingCount":28,"rank":1281},"geometry":{"type":"Point","coordinates":[127.032721,37.475006]}},{"type":"Feature","properties":{"id":"A13286904","name":"쌍문한양7차","district":"도봉구","neighborhood":"쌍문동","avgPrice":3.21,"households":2820,"buildingCount":21,"rank":1282},"geometry":{"type":"Point","coordinates":[127.034011,37.656105]}},{"type":"Feature","properties":{"id":"A13593901","name":"개포자이아파트","district":"강남구","neighborhood":"개포동","avgPrice":18.54,"households":2818,"buildingCount":24,"rank":1283},"geometry":{"type":"Point","coordinates":[127.076502,37.496151]}},{"type":"Feature","properties":{"id":"A13789201","name":"양재우성KBS(113동)","district":"서초구","neighborhood":"양재동","avgPrice":13.02,"households":2818,"buildingCount":11,"rank":1284},"geometry":{"type":"Point","coordinates":[127.030757,37.475386]}},{"type":"Feature","properties":{"id":"A10021335","name":"신사대주파크빌","district":"은평구","neighborhood":"신사동","avgPrice":2.81,"households":2818,"buildingCount":4,"rank":1285},"geometry":{"type":"Point","coordinates":[126.90802,37.590729]}},{"type":"Feature","properties":{"id":"A10022720","name":"상도 푸르지오 클라베뉴","district":"동작구","neighborhood":"상도동","avgPrice":8.55,"households":2817,"buildingCount":27,"rank":1286},"geometry":{"type":"Point","coordinates":[126.9392,37.497451]}},{"type":"Feature","properties":{"id":"A10021332","name":"신월코아루1단지","district":"양천구","neighborhood":"신월동","avgPrice":3.63,"households":2815,"buildingCount":13,"rank":1287},"geometry":{"type":"Point","coordinates":[126.829628,37.531731]}},{"type":"Feature","properties":{"id":"A13381902","name":"성수현대그린","district":"성동구","neighborhood":"성수동1가","avgPrice":9.56,"households":2814,"buildingCount":23,"rank":1288},"geometry":{"type":"Point","coordinates":[127.050314,37.540558]}},{"type":"Feature","properties":{"id":"A13385303","name":"응봉신동아","district":"성동구","neighborhood":"응봉동","avgPrice":6.97,"households":2813,"buildingCount":7,"rank":1289},"geometry":{"type":"Point","coordinates":[127.029406,37.550112]}},{"type":"Feature","properties":{"id":"A10021330","name":"뉴홍현솔레디움아파트","district":"구로구","neighborhood":"구로동","avgPrice":4.08,"households":2813,"buildingCount":21,"rank":1290},"geometry":{"type":"Point","coordinates":[126.883558,37.498864]}},{"type":"Feature","properties":{"id":"A15807211","name":"목동현대아파트","district":"양천구","neighborhood":"신정동","avgPrice":9.88,"households":2812,"buildingCount":12,"rank":1291},"geometry":{"type":"Point","coordinates":[126.877071,37.520246]}},{"type":"Feature","properties":{"id":"A15807210","name":"신정동아이파크","district":"양천구","neighborhood":"신정동","avgPrice":13.37,"households":2811,"buildingCount":28,"rank":1292},"geometry":{"type":"Point","coordinates":[126.872224,37.521597]}},{"type":"Feature","properties":{"id":"A13385301","name":"서울숲리버그린동아","district":"성동구","neighborhood":"응봉동","avgPrice":9.98,"households":2811,"buildingCount":9,"rank":1293},"geometry":{"type":"Point","coordinates":[127.037495,37.553021]}},{"type":"Feature","properties":{"id":"A13078301","name":"휘경센트레빌","district":"동대문구","neighborhood":"휘경동","avgPrice":6.54,"households":2810,"buildingCount":9,"rank":1294},"geometry":{"type":"Point","coordinates":[127.068456,37.591029]}},{"type":"Feature","properties":{"id":"A15183001","name":"해태보라매타워","district":"동작구","neighborhood":"신대방동","avgPrice":4.7,"households":2806,"buildingCount":8,"rank":1295},"geometry":{"type":"Point","coordinates":[126.924974,37.491238]}},{"type":"Feature","properties":{"id":"A13113008","name":"신내우디안1단지","district":"중랑구","neighborhood":"신내동","avgPrice":4.02,"households":2804,"buildingCount":13,"rank":1296},"geometry":{"type":"Point","coordinates":[127.106824,37.617373]}},{"type":"Feature","properties":{"id":"A13113007","name":"신내 데시앙포레","district":"중랑구","neighborhood":"신내동","avgPrice":4.36,"households":2803,"buildingCount":17,"rank":1297},"geometry":{"type":"Point","coordinates":[127.099382,37.611026]}},{"type":"Feature","properties":{"id":"A13113006","name":"신내경남아너스빌","district":"중랑구","neighborhood":"신내동","avgPrice":4.31,"households":2802,"buildingCount":23,"rank":1298},"geometry":{"type":"Point","coordinates":[127.096747,37.60365]}},{"type":"Feature","properties":{"id":"A15004202","name":"당산2가현대","district":"영등포구","neighborhood":"당산동2가","avgPrice":9.15,"households":2801,"buildingCount":29,"rank":1299},"geometry":{"type":"Point","coordinates":[126.894897,37.523559]}},{"type":"Feature","properties":{"id":"A15004201","name":"당산동대우","district":"영등포구","neighborhood":"당산동2가","avgPrice":6.65,"households":2800,"buildingCount":6,"rank":1300},"geometry":{"type":"Point","coordinates":[126.893014,37.521171]}},{"type":"Feature","properties":{"id":"A13113004","name":"신내동성3차아파트","district":"중랑구","neighborhood":"신내동","avgPrice":3.96,"households":2800,"buildingCount":15,"rank":1301},"geometry":{"type":"Point","coordinates":[127.096008,37.60849]}},{"type":"Feature","properties":{"id":"A13113003","name":"신내동성4차","district":"중랑구","neighborhood":"신내동","avgPrice":7.75,"households":2799,"buildingCount":24,"rank":1302},"geometry":{"type":"Point","coordinates":[127.096469,37.606729]}},{"type":"Feature","properties":{"id":"A13113002","name":"신내벽산","district":"중랑구","neighborhood":"신내동","avgPrice":3.43,"households":2798,"buildingCount":31,"rank":1303},"geometry":{"type":"Point","coordinates":[127.10006,37.603121]}},{"type":"Feature","properties":{"id":"A13113001","name":"신내동성7차","district":"중랑구","neighborhood":"신내동","avgPrice":3.5,"households":2797,"buildingCount":5,"rank":1304},"geometry":{"type":"Point","coordinates":[127.096557,37.606691]}},{"type":"Feature","properties":{"id":"A10023288","name":"LH서울금천 행복주택아파트","district":"금천구","neighborhood":"가산동","avgPrice":1.37,"households":2797,"buildingCount":15,"rank":1305},"geometry":{"type":"Point","coordinates":[126.890189,37.475888]}},{"type":"Feature","properties":{"id":"A15786426","name":"염창현대1차","district":"강서구","neighborhood":"염창동","avgPrice":6.09,"households":2796,"buildingCount":8,"rank":1306},"geometry":{"type":"Point","coordinates":[126.875207,37.552872]}},{"type":"Feature","properties":{"id":"A10027507","name":"한국현대아파트","district":"구로구","neighborhood":"구로동","avgPrice":3.56,"households":2795,"buildingCount":23,"rank":1307},"geometry":{"type":"Point","coordinates":[126.875464,37.497849]}},{"type":"Feature","properties":{"id":"A15786424","name":"염창한화꿈에그린","district":"강서구","neighborhood":"염창동","avgPrice":11.3,"households":2794,"buildingCount":17,"rank":1308},"geometry":{"type":"Point","coordinates":[126.873563,37.547845]}},{"type":"Feature","properties":{"id":"A10023285","name":"묵동월드메르디앙","district":"중랑구","neighborhood":"묵동","avgPrice":4.93,"households":2794,"buildingCount":21,"rank":1309},"geometry":{"type":"Point","coordinates":[127.073488,37.612956]}},{"type":"Feature","properties":{"id":"A10027504","name":"월드마크마포아파트","district":"마포구","neighborhood":"신공덕동","avgPrice":13.2,"households":2792,"buildingCount":28,"rank":1310},"geometry":{"type":"Point","coordinates":[126.953435,37.542361]}},{"type":"Feature","properties":{"id":"A10023282","name":"광진한화꿈에그린아파트","district":"광진구","neighborhood":"자양동","avgPrice":11.95,"households":2791,"buildingCount":9,"rank":1311},"geometry":{"type":"Point","coordinates":[127.061948,37.533598]}},{"type":"Feature","properties":{"id":"A10022715","name":"고덕풍경채어바니티","district":"강동구","neighborhood":"고덕동","avgPrice":10.72,"households":2791,"buildingCount":19,"rank":1312},"geometry":{"type":"Point","coordinates":[127.158026,37.563943]}},{"type":"Feature","properties":{"id":"A10023281","name":"광장 유진스웰","district":"광진구","neighborhood":"광장동","avgPrice":13.21,"households":2790,"buildingCount":28,"rank":1313},"geometry":{"type":"Point","coordinates":[127.109354,37.550365]}},{"type":"Feature","properties":{"id":"A15786420","name":"염창신동아","district":"강서구","neighborhood":"염창동","avgPrice":5.14,"households":2790,"buildingCount":22,"rank":1314},"geometry":{"type":"Point","coordinates":[126.868924,37.555163]}},{"type":"Feature","properties":{"id":"A13285507","name":"방학4단지신동아","district":"도봉구","neighborhood":"방학동","avgPrice":14.6,"households":2788,"buildingCount":15,"rank":1315},"geometry":{"type":"Point","coordinates":[127.029445,37.66283]}},{"type":"Feature","properties":{"id":"A15807208","name":"목동삼성래미안","district":"양천구","neighborhood":"신정동","avgPrice":8.97,"households":2788,"buildingCount":19,"rank":1316},"geometry":{"type":"Point","coordinates":[126.855856,37.528088]}},{"type":"Feature","properties":{"id":"A13784401","name":"방배브라운가","district":"서초구","neighborhood":"방배동","avgPrice":12.14,"households":2785,"buildingCount":15,"rank":1317},"geometry":{"type":"Point","coordinates":[126.991937,37.483512]}},{"type":"Feature","properties":{"id":"A15807205","name":"롯데캐슬","district":"양천구","neighborhood":"신정동","avgPrice":9.94,"households":2785,"buildingCount":17,"rank":1318},"geometry":{"type":"Point","coordinates":[126.874668,37.51998]}},{"type":"Feature","properties":{"id":"A15176701","name":"관악국제산장","district":"관악구","neighborhood":"신림동","avgPrice":2.98,"households":2785,"buildingCount":5,"rank":1319},"geometry":{"type":"Point","coordinates":[126.927752,37.460802]}},{"type":"Feature","properties":{"id":"A15807204","name":"신정현대","district":"양천구","neighborhood":"신정동","avgPrice":7.13,"households":2784,"buildingCount":29,"rank":1320},"geometry":{"type":"Point","coordinates":[126.854685,37.512228]}},{"type":"Feature","properties":{"id":"A13285503","name":"방학동양크레오","district":"도봉구","neighborhood":"방학동","avgPrice":3.42,"households":2784,"buildingCount":24,"rank":1321},"geometry":{"type":"Point","coordinates":[127.030285,37.664513]}},{"type":"Feature","properties":{"id":"A15807202","name":"신정명지해드는터","district":"양천구","neighborhood":"신정동","avgPrice":8.96,"households":2782,"buildingCount":4,"rank":1322},"geometry":{"type":"Point","coordinates":[126.872751,37.51867]}},{"type":"Feature","properties":{"id":"A15275101","name":"개봉건영","district":"구로구","neighborhood":"개봉동","avgPrice":2.94,"households":2779,"buildingCount":26,"rank":1323},"geometry":{"type":"Point","coordinates":[126.840642,37.501163]}},{"type":"Feature","properties":{"id":"A15083202","name":"도림동아에코빌","district":"영등포구","neighborhood":"도림동","avgPrice":5.27,"households":2778,"buildingCount":13,"rank":1324},"geometry":{"type":"Point","coordinates":[126.898681,37.509233]}},{"type":"Feature","properties":{"id":"A15370103","name":"남서울힐스테이트","district":"금천구","neighborhood":"시흥동","avgPrice":5.98,"households":2777,"buildingCount":8,"rank":1325},"geometry":{"type":"Point","coordinates":[126.900967,37.447787]}},{"type":"Feature","properties":{"id":"A13609001","name":"종암우림카이저팰리스","district":"성북구","neighborhood":"종암동","avgPrice":4.62,"households":2777,"buildingCount":19,"rank":1326},"geometry":{"type":"Point","coordinates":[127.033541,37.601916]}},{"type":"Feature","properties":{"id":"A15083201","name":"도림청구","district":"영등포구","neighborhood":"도림동","avgPrice":3.8,"households":2777,"buildingCount":11,"rank":1327},"geometry":{"type":"Point","coordinates":[126.895317,37.509266]}},{"type":"Feature","properties":{"id":"A13704004","name":"반포SKVIEW","district":"서초구","neighborhood":"반포동","avgPrice":21.45,"households":2776,"buildingCount":29,"rank":1328},"geometry":{"type":"Point","coordinates":[126.993783,37.497524]}},{"type":"Feature","properties":{"id":"A10024669","name":"동익빌라","district":"종로구","neighborhood":"구기동","avgPrice":4.44,"households":2771,"buildingCount":12,"rank":1329},"geometry":{"type":"Point","coordinates":[126.95793,37.604341]}},{"type":"Feature","properties":{"id":"A10024667","name":"구의세양아파트","district":"광진구","neighborhood":"구의동","avgPrice":9.35,"households":2769,"buildingCount":7,"rank":1330},"geometry":{"type":"Point","coordinates":[127.093838,37.537513]}},{"type":"Feature","properties":{"id":"A12106001","name":"토정한강삼성","district":"마포구","neighborhood":"토정동","avgPrice":10.6,"households":2768,"buildingCount":7,"rank":1331},"geometry":{"type":"Point","coordinates":[126.941369,37.539554]}},{"type":"Feature","properties":{"id":"A12201005","name":"녹번역센트레빌","district":"은평구","neighborhood":"응암동","avgPrice":5.42,"households":2768,"buildingCount":22,"rank":1332},"geometry":{"type":"Point","coordinates":[126.926661,37.598672]}},{"type":"Feature","properties":{"id":"A10024666","name":"서희스타힐스","district":"관악구","neighborhood":"봉천동","avgPrice":4.61,"households":2768,"buildingCount":8,"rank":1333},"geometry":{"type":"Point","coordinates":[126.959519,37.488627]}},{"type":"Feature","properties":{"id":"A12201004","name":"백련산힐스테이트임대","district":"은평구","neighborhood":"응암동","avgPrice":14.45,"households":2767,"buildingCount":7,"rank":1334},"geometry":{"type":"Point","coordinates":[126.924209,37.589499]}},{"type":"Feature","properties":{"id":"A12201003","name":"백련산힐스테이트1차","district":"은평구","neighborhood":"응암동","avgPrice":5.43,"households":2766,"buildingCount":30,"rank":1335},"geometry":{"type":"Point","coordinates":[126.925242,37.592315]}},{"type":"Feature","properties":{"id":"A12201002","name":"백련산힐스테이트2차","district":"은평구","neighborhood":"응암동","avgPrice":5.38,"households":2765,"buildingCount":5,"rank":1336},"geometry":{"type":"Point","coordinates":[126.923652,37.590924]}},{"type":"Feature","properties":{"id":"A12201001","name":"대주피오레아파트","district":"은평구","neighborhood":"응암동","avgPrice":4.28,"households":2764,"buildingCount":28,"rank":1337},"geometry":{"type":"Point","coordinates":[126.923304,37.586455]}},{"type":"Feature","properties":{"id":"A10028063","name":"신도림아이파크아파트","district":"구로구","neighborhood":"신도림동","avgPrice":4.53,"households":2763,"buildingCount":4,"rank":1338},"geometry":{"type":"Point","coordinates":[126.888315,37.511218]}},{"type":"Feature","properties":{"id":"A10022708","name":"오목교벽산블루밍","district":"영등포구","neighborhood":"양평동2가","avgPrice":4.4,"households":2763,"buildingCount":31,"rank":1339},"geometry":{"type":"Point","coordinates":[126.882101,37.523159]}},{"type":"Feature","properties":{"id":"A10024661","name":"월곡갑을명가주상복합아파트","district":"성북구","neighborhood":"하월곡동","avgPrice":4.1,"households":2763,"buildingCount":20,"rank":1340},"geometry":{"type":"Point","coordinates":[127.042035,37.603266]}},{"type":"Feature","properties":{"id":"A10026109","name":"창동서울가든아파트","district":"도봉구","neighborhood":"창동","avgPrice":5.69,"households":2762,"buildingCount":16,"rank":1341},"geometry":{"type":"Point","coordinates":[127.044506,37.64726]}},{"type":"Feature","properties":{"id":"A15383905","name":"남서울 무지개","district":"금천구","neighborhood":"시흥동","avgPrice":3.52,"households":2761,"buildingCount":8,"rank":1342},"geometry":{"type":"Point","coordinates":[126.898353,37.455967]}},{"type":"Feature","properties":{"id":"A10023272","name":"방배롯데캐슬로제","district":"서초구","neighborhood":"방배동","avgPrice":26.48,"households":2760,"buildingCount":20,"rank":1343},"geometry":{"type":"Point","coordinates":[126.994768,37.490184]}},{"type":"Feature","properties":{"id":"A13684605","name":"정릉푸른마을동아","district":"성북구","neighborhood":"정릉동","avgPrice":3.97,"households":2760,"buildingCount":15,"rank":1344},"geometry":{"type":"Point","coordinates":[127.014272,37.607551]}},{"type":"Feature","properties":{"id":"A10026104","name":"힐스테이트청계","district":"동대문구","neighborhood":"답십리동","avgPrice":8.58,"households":2757,"buildingCount":31,"rank":1345},"geometry":{"type":"Point","coordinates":[127.047168,37.571454]}},{"type":"Feature","properties":{"id":"A13971502","name":"상계주공3단지","district":"노원구","neighborhood":"상계동","avgPrice":4.53,"households":2755,"buildingCount":31,"rank":1346},"geometry":{"type":"Point","coordinates":[127.058483,37.65189]}},{"type":"Feature","properties":{"id":"A13971501","name":"상계미도","district":"노원구","neighborhood":"상계동","avgPrice":4.54,"households":2754,"buildingCount":7,"rank":1347},"geometry":{"type":"Point","coordinates":[127.060942,37.646222]}},{"type":"Feature","properties":{"id":"A14383205","name":"구의현대2단지","district":"광진구","neighborhood":"구의동","avgPrice":12.23,"households":2753,"buildingCount":22,"rank":1348},"geometry":{"type":"Point","coordinates":[127.096359,37.538794]}},{"type":"Feature","properties":{"id":"A14383203","name":"구의현대6단지","district":"광진구","neighborhood":"구의동","avgPrice":10.28,"households":2751,"buildingCount":30,"rank":1349},"geometry":{"type":"Point","coordinates":[127.094766,37.538418]}},{"type":"Feature","properties":{"id":"A13783001","name":"방배3차e편한세상","district":"서초구","neighborhood":"방배동","avgPrice":14.25,"households":2750,"buildingCount":18,"rank":1350},"geometry":{"type":"Point","coordinates":[126.991752,37.494301]}},{"type":"Feature","properties":{"id":"A13816202","name":"가락극동","district":"송파구","neighborhood":"가락동","avgPrice":13.33,"households":2750,"buildingCount":5,"rank":1351},"geometry":{"type":"Point","coordinates":[127.13265,37.49572]}},{"type":"Feature","properties":{"id":"A12185004","name":"성산시영아파트","district":"마포구","neighborhood":"성산동","avgPrice":8.57,"households":2748,"buildingCount":28,"rank":1352},"geometry":{"type":"Point","coordinates":[126.902508,37.569159]}},{"type":"Feature","properties":{"id":"A12185003","name":"SH성산아파트","district":"마포구","neighborhood":"성산동","avgPrice":12.5,"households":2747,"buildingCount":20,"rank":1353},"geometry":{"type":"Point","coordinates":[126.901516,37.565067]}},{"type":"Feature","properties":{"id":"A15303502","name":"관악산신도브래뉴","district":"금천구","neighborhood":"시흥동","avgPrice":3.9,"households":2746,"buildingCount":13,"rank":1354},"geometry":{"type":"Point","coordinates":[126.910604,37.447947]}},{"type":"Feature","properties":{"id":"A12185001","name":"성사1차 풍림아파트","district":"마포구","neighborhood":"성산동","avgPrice":4.72,"households":2745,"buildingCount":11,"rank":1355},"geometry":{"type":"Point","coordinates":[126.912439,37.568524]}},{"type":"Feature","properties":{"id":"A15210001","name":"천왕연지타운1단지","district":"구로구","neighborhood":"천왕동","avgPrice":3.78,"households":2737,"buildingCount":28,"rank":1356},"geometry":{"type":"Point","coordinates":[126.840082,37.486384]}},{"type":"Feature","properties":{"id":"A15786408","name":"삼정그린코아","district":"강서구","neighborhood":"염창동","avgPrice":7.89,"households":2736,"buildingCount":13,"rank":1357},"geometry":{"type":"Point","coordinates":[126.874897,37.547758]}},{"type":"Feature","properties":{"id":"A10024655","name":"쌍용스윗닷홈거여역1차아파트","district":"송파구","neighborhood":"거여동","avgPrice":7.3,"households":2736,"buildingCount":24,"rank":1358},"geometry":{"type":"Point","coordinates":[127.146356,37.492061]}},{"type":"Feature","properties":{"id":"A10028056","name":"북한산힐스테이트7차제2 (임대)","district":"은평구","neighborhood":"불광동","avgPrice":11.4,"households":2735,"buildingCount":27,"rank":1359},"geometry":{"type":"Point","coordinates":[126.943774,37.611745]}},{"type":"Feature","properties":{"id":"A10023268","name":"칸타빌수유팰리스","district":"강북구","neighborhood":"수유동","avgPrice":3.48,"households":2735,"buildingCount":8,"rank":1360},"geometry":{"type":"Point","coordinates":[127.025518,37.642181]}},{"type":"Feature","properties":{"id":"A15786405","name":"염창우성2차","district":"강서구","neighborhood":"염창동","avgPrice":5.75,"households":2733,"buildingCount":8,"rank":1361},"geometry":{"type":"Point","coordinates":[126.869273,37.555615]}},{"type":"Feature","properties":{"id":"A13276417","name":"벽산1","district":"도봉구","neighborhood":"방학동","avgPrice":11.65,"households":2728,"buildingCount":14,"rank":1362},"geometry":{"type":"Point","coordinates":[127.032481,37.660517]}},{"type":"Feature","properties":{"id":"A13276416","name":"방학우성1차","district":"도봉구","neighborhood":"방학동","avgPrice":4.75,"households":2727,"buildingCount":28,"rank":1363},"geometry":{"type":"Point","coordinates":[127.023908,37.657961]}},{"type":"Feature","properties":{"id":"A13276415","name":"방학청구","district":"도봉구","neighborhood":"방학동","avgPrice":3.21,"households":2726,"buildingCount":23,"rank":1364},"geometry":{"type":"Point","coordinates":[127.026221,37.657542]}},{"type":"Feature","properties":{"id":"A13790620","name":"한강","district":"서초구","neighborhood":"잠원동","avgPrice":23.92,"households":2725,"buildingCount":17,"rank":1365},"geometry":{"type":"Point","coordinates":[127.015223,37.521424]}},{"type":"Feature","properties":{"id":"A13276414","name":"방학신동아3단지","district":"도봉구","neighborhood":"방학동","avgPrice":16.2,"households":2725,"buildingCount":20,"rank":1366},"geometry":{"type":"Point","coordinates":[127.023026,37.660292]}},{"type":"Feature","properties":{"id":"A10021305","name":"현대ESA아파트","district":"서초구","neighborhood":"서초동","avgPrice":13.75,"households":2725,"buildingCount":29,"rank":1367},"geometry":{"type":"Point","coordinates":[127.022119,37.487979]}},{"type":"Feature","properties":{"id":"A13085902","name":"전농동신성미소지움아파트","district":"동대문구","neighborhood":"전농동","avgPrice":7.13,"households":2725,"buildingCount":23,"rank":1368},"geometry":{"type":"Point","coordinates":[127.048546,37.578301]}},{"type":"Feature","properties":{"id":"A13085901","name":"전농동아","district":"동대문구","neighborhood":"전농동","avgPrice":13.9,"households":2724,"buildingCount":24,"rank":1369},"geometry":{"type":"Point","coordinates":[127.055661,37.579151]}},{"type":"Feature","properties":{"id":"A13184301","name":"면목신성은하수","district":"중랑구","neighborhood":"면목동","avgPrice":9.2,"households":2718,"buildingCount":18,"rank":1370},"geometry":{"type":"Point","coordinates":[127.075648,37.592755]}},{"type":"Feature","properties":{"id":"A10024646","name":"궁전아파트","district":"서초구","neighborhood":"반포동","avgPrice":25.48,"households":2706,"buildingCount":17,"rank":1371},"geometry":{"type":"Point","coordinates":[127.000687,37.500263]}},{"type":"Feature","properties":{"id":"A10028046","name":"힐스테이트서초젠트리스","district":"서초구","neighborhood":"신원동","avgPrice":13.34,"households":2704,"buildingCount":16,"rank":1372},"geometry":{"type":"Point","coordinates":[127.057437,37.456159]}},{"type":"Feature","properties":{"id":"A13987306","name":"하계극동건영벽산","district":"노원구","neighborhood":"하계동","avgPrice":4.01,"households":2704,"buildingCount":16,"rank":1373},"geometry":{"type":"Point","coordinates":[127.063659,37.636237]}},{"type":"Feature","properties":{"id":"A13987305","name":"하계학여울청구","district":"노원구","neighborhood":"하계동","avgPrice":14.35,"households":2703,"buildingCount":12,"rank":1374},"geometry":{"type":"Point","coordinates":[127.064479,37.632619]}},{"type":"Feature","properties":{"id":"A13987304","name":"하계 6단지 장미아파트","district":"노원구","neighborhood":"하계동","avgPrice":3.53,"households":2702,"buildingCount":19,"rank":1375},"geometry":{"type":"Point","coordinates":[127.067879,37.633632]}},{"type":"Feature","properties":{"id":"A10024642","name":"사당진흥아파트","district":"동작구","neighborhood":"사당동","avgPrice":1.43,"households":2702,"buildingCount":14,"rank":1376},"geometry":{"type":"Point","coordinates":[126.968718,37.491959]}},{"type":"Feature","properties":{"id":"A13987303","name":"하계현대우성","district":"노원구","neighborhood":"하계동","avgPrice":7.57,"households":2701,"buildingCount":13,"rank":1377},"geometry":{"type":"Point","coordinates":[127.06673,37.636159]}},{"type":"Feature","properties":{"id":"A10024640","name":"청담2차e편한세상아파트","district":"강남구","neighborhood":"청담동","avgPrice":20.1,"households":2700,"buildingCount":11,"rank":1378},"geometry":{"type":"Point","coordinates":[127.045244,37.521103]}},{"type":"Feature","properties":{"id":"A10028042","name":"센시티일육","district":"동대문구","neighborhood":"답십리동","avgPrice":8.8,"households":2700,"buildingCount":9,"rank":1379},"geometry":{"type":"Point","coordinates":[127.035656,37.5951]}},{"type":"Feature","properties":{"id":"A13987302","name":"하계시영5단지","district":"노원구","neighborhood":"하계동","avgPrice":1.92,"households":2700,"buildingCount":12,"rank":1380},"geometry":{"type":"Point","coordinates":[127.065692,37.633165]}},{"type":"Feature","properties":{"id":"A13987301","name":"하계학여울청구B","district":"노원구","neighborhood":"하계동","avgPrice":5.01,"households":2699,"buildingCount":14,"rank":1381},"geometry":{"type":"Point","coordinates":[127.061663,37.635998]}},{"type":"Feature","properties":{"id":"A10023253","name":"신일해피트리2차아파트","district":"동대문구","neighborhood":"장안동","avgPrice":4.6,"households":2699,"buildingCount":26,"rank":1382},"geometry":{"type":"Point","coordinates":[127.063587,37.563796]}},{"type":"Feature","properties":{"id":"A10023252","name":"브라운스톤 금호2차아파트","district":"성동구","neighborhood":"금호동4가","avgPrice":13.9,"households":2698,"buildingCount":30,"rank":1383},"geometry":{"type":"Point","coordinates":[127.015363,37.547572]}},{"type":"Feature","properties":{"id":"A15785005","name":"방화11단지","district":"강서구","neighborhood":"방화동","avgPrice":10.25,"households":2698,"buildingCount":23,"rank":1384},"geometry":{"type":"Point","coordinates":[126.806044,37.570378]}},{"type":"Feature","properties":{"id":"A13790612","name":"잠원훼미리 아파트","district":"서초구","neighborhood":"잠원동","avgPrice":17.88,"households":2696,"buildingCount":24,"rank":1385},"geometry":{"type":"Point","coordinates":[127.014945,37.519124]}},{"type":"Feature","properties":{"id":"A13583404","name":"쌍용대치1차","district":"강남구","neighborhood":"대치동","avgPrice":22.15,"households":2695,"buildingCount":15,"rank":1386},"geometry":{"type":"Point","coordinates":[127.071272,37.498064]}},{"type":"Feature","properties":{"id":"A15785002","name":"방화3차우림필유","district":"강서구","neighborhood":"방화동","avgPrice":4.29,"households":2695,"buildingCount":4,"rank":1387},"geometry":{"type":"Point","coordinates":[126.808264,37.568431]}},{"type":"Feature","properties":{"id":"A13583403","name":"대치우성1차아파트","district":"강남구","neighborhood":"대치동","avgPrice":19.25,"households":2694,"buildingCount":24,"rank":1388},"geometry":{"type":"Point","coordinates":[127.068954,37.499924]}},{"type":"Feature","properties":{"id":"A13583402","name":"대치쌍용2차","district":"강남구","neighborhood":"대치동","avgPrice":22.6,"households":2693,"buildingCount":14,"rank":1389},"geometry":{"type":"Point","coordinates":[127.070671,37.499594]}},{"type":"Feature","properties":{"id":"A13408003","name":"고덕아이파크아파트","district":"강동구","neighborhood":"고덕동","avgPrice":13.18,"households":2686,"buildingCount":15,"rank":1390},"geometry":{"type":"Point","coordinates":[127.155141,37.55897]}},{"type":"Feature","properties":{"id":"A10027985","name":"강남자곡힐스테이트아파트","district":"강남구","neighborhood":"자곡동","avgPrice":6.55,"households":2685,"buildingCount":12,"rank":1391},"geometry":{"type":"Point","coordinates":[127.088293,37.47142]}},{"type":"Feature","properties":{"id":"A13311101","name":"성수금호3차","district":"성동구","neighborhood":"성수동1가","avgPrice":10.75,"households":2678,"buildingCount":28,"rank":1392},"geometry":{"type":"Point","coordinates":[127.050502,37.541976]}},{"type":"Feature","properties":{"id":"A10024638","name":"관악월드메르디앙아파트","district":"관악구","neighborhood":"봉천동","avgPrice":4.35,"households":2677,"buildingCount":30,"rank":1393},"geometry":{"type":"Point","coordinates":[126.95897,37.483398]}},{"type":"Feature","properties":{"id":"A10024636","name":"세양청마루","district":"노원구","neighborhood":"월계동","avgPrice":4.06,"households":2675,"buildingCount":24,"rank":1394},"geometry":{"type":"Point","coordinates":[127.060445,37.620662]}},{"type":"Feature","properties":{"id":"A10024634","name":"신림서초아파트","district":"관악구","neighborhood":"신림동","avgPrice":3.52,"households":2673,"buildingCount":8,"rank":1395},"geometry":{"type":"Point","coordinates":[126.931966,37.463593]}},{"type":"Feature","properties":{"id":"A15685206","name":"신대방우성1차","district":"동작구","neighborhood":"신대방동","avgPrice":8.65,"households":2670,"buildingCount":5,"rank":1396},"geometry":{"type":"Point","coordinates":[126.91173,37.492188]}},{"type":"Feature","properties":{"id":"A10028033","name":"용마산하늘채아파트","district":"중랑구","neighborhood":"면목동","avgPrice":6.49,"households":2670,"buildingCount":29,"rank":1397},"geometry":{"type":"Point","coordinates":[127.087033,37.572476]}},{"type":"Feature","properties":{"id":"A10023245","name":"선정릉역 모아엘가퍼스트홈","district":"강남구","neighborhood":"논현동","avgPrice":2.58,"households":2670,"buildingCount":27,"rank":1398},"geometry":{"type":"Point","coordinates":[127.042985,37.510565]}},{"type":"Feature","properties":{"id":"A15873701","name":"목동10단지","district":"양천구","neighborhood":"신정동","avgPrice":12,"households":2669,"buildingCount":7,"rank":1399},"geometry":{"type":"Point","coordinates":[126.856565,37.519095]}},{"type":"Feature","properties":{"id":"A15681802","name":"사당현대아파트","district":"동작구","neighborhood":"사당동","avgPrice":5.28,"households":2668,"buildingCount":7,"rank":1400},"geometry":{"type":"Point","coordinates":[126.970801,37.489563]}},{"type":"Feature","properties":{"id":"A13790604","name":"잠원동대우아이빌","district":"서초구","neighborhood":"잠원동","avgPrice":3.91,"households":2667,"buildingCount":7,"rank":1401},"geometry":{"type":"Point","coordinates":[127.018276,37.511332]}},{"type":"Feature","properties":{"id":"A15685201","name":"신대방우성2차","district":"동작구","neighborhood":"신대방동","avgPrice":5.5,"households":2665,"buildingCount":8,"rank":1402},"geometry":{"type":"Point","coordinates":[126.91031,37.492816]}},{"type":"Feature","properties":{"id":"A12289501","name":"역촌센트레빌","district":"은평구","neighborhood":"역촌동","avgPrice":4.37,"households":2665,"buildingCount":19,"rank":1403},"geometry":{"type":"Point","coordinates":[126.917749,37.610024]}},{"type":"Feature","properties":{"id":"A13582002","name":"논현동현","district":"강남구","neighborhood":"논현동","avgPrice":20.48,"households":2658,"buildingCount":15,"rank":1404},"geometry":{"type":"Point","coordinates":[127.037734,37.520607]}},{"type":"Feature","properties":{"id":"A13275001","name":"창동수산트리플아파트","district":"도봉구","neighborhood":"창동","avgPrice":3.72,"households":2656,"buildingCount":24,"rank":1405},"geometry":{"type":"Point","coordinates":[127.033992,37.640399]}},{"type":"Feature","properties":{"id":"A13083102","name":"래미안이문2차","district":"동대문구","neighborhood":"이문동","avgPrice":6.42,"households":2655,"buildingCount":14,"rank":1406},"geometry":{"type":"Point","coordinates":[127.060253,37.59344]}},{"type":"Feature","properties":{"id":"A10021794","name":"망우동청광오뜨빌아파트","district":"중랑구","neighborhood":"망우동","avgPrice":3.17,"households":2647,"buildingCount":30,"rank":1407},"geometry":{"type":"Point","coordinates":[127.102991,37.599498]}},{"type":"Feature","properties":{"id":"A10024626","name":"공덕SK리더스뷰 2단지","district":"마포구","neighborhood":"공덕동","avgPrice":11.1,"households":2644,"buildingCount":30,"rank":1408},"geometry":{"type":"Point","coordinates":[126.949356,37.544985]}},{"type":"Feature","properties":{"id":"A10025193","name":"항동 한양수자인 에듀힐즈","district":"구로구","neighborhood":"항동","avgPrice":5.46,"households":2644,"buildingCount":25,"rank":1409},"geometry":{"type":"Point","coordinates":[126.826049,37.477994]}},{"type":"Feature","properties":{"id":"A10025192","name":"나인원 한남","district":"용산구","neighborhood":"한남동","avgPrice":119.75,"households":2643,"buildingCount":4,"rank":1410},"geometry":{"type":"Point","coordinates":[127.003365,37.536254]}},{"type":"Feature","properties":{"id":"A10072501","name":"쌍용남산플래티넘","district":"중구","neighborhood":"회현동2가","avgPrice":14.95,"households":2639,"buildingCount":28,"rank":1411},"geometry":{"type":"Point","coordinates":[126.983185,37.559392]}},{"type":"Feature","properties":{"id":"A10024621","name":"태흥아파트","district":"관악구","neighborhood":"신림동","avgPrice":2.59,"households":2639,"buildingCount":27,"rank":1412},"geometry":{"type":"Point","coordinates":[126.931027,37.466033]}},{"type":"Feature","properties":{"id":"A10024620","name":"인왕산어울림 아파트","district":"서대문구","neighborhood":"홍제동","avgPrice":5.56,"households":2638,"buildingCount":13,"rank":1413},"geometry":{"type":"Point","coordinates":[126.949007,37.58525]}},{"type":"Feature","properties":{"id":"A10028021","name":"서초포레스타2단지아파트","district":"서초구","neighborhood":"내곡동","avgPrice":7.29,"households":2637,"buildingCount":10,"rank":1414},"geometry":{"type":"Point","coordinates":[127.060992,37.455381]}},{"type":"Feature","properties":{"id":"A10028020","name":"해태아파트","district":"강서구","neighborhood":"공항동","avgPrice":4.02,"households":2636,"buildingCount":16,"rank":1415},"geometry":{"type":"Point","coordinates":[126.815848,37.56371]}},{"type":"Feature","properties":{"id":"A13383801","name":"옥수중앙하이츠","district":"성동구","neighborhood":"옥수동","avgPrice":14.65,"households":2634,"buildingCount":13,"rank":1416},"geometry":{"type":"Point","coordinates":[127.016085,37.538722]}},{"type":"Feature","properties":{"id":"A13076801","name":"이문삼성래미안아파트","district":"동대문구","neighborhood":"이문동","avgPrice":6.03,"households":2633,"buildingCount":13,"rank":1417},"geometry":{"type":"Point","coordinates":[127.056784,37.600142]}},{"type":"Feature","properties":{"id":"A12284701","name":"불광대호2차","district":"은평구","neighborhood":"불광동","avgPrice":12.45,"households":2632,"buildingCount":11,"rank":1418},"geometry":{"type":"Point","coordinates":[126.902826,37.58164]}},{"type":"Feature","properties":{"id":"A10027969","name":"왕십리텐즈힐1단지(임대)","district":"성동구","neighborhood":"하왕십리동","avgPrice":15.15,"households":2627,"buildingCount":14,"rank":1419},"geometry":{"type":"Point","coordinates":[127.023866,37.54514]}},{"type":"Feature","properties":{"id":"A10021789","name":"힐스테이트서리풀","district":"서초구","neighborhood":"서초동","avgPrice":23,"households":2621,"buildingCount":16,"rank":1420},"geometry":{"type":"Point","coordinates":[127.005996,37.490198]}},{"type":"Feature","properties":{"id":"A12171101","name":"월드컵아이파크1단지","district":"마포구","neighborhood":"성산동","avgPrice":6.94,"households":2621,"buildingCount":4,"rank":1421},"geometry":{"type":"Point","coordinates":[126.914404,37.567428]}},{"type":"Feature","properties":{"id":"A10021787","name":"금강하이츠빌라","district":"종로구","neighborhood":"평창동","avgPrice":2.79,"households":2619,"buildingCount":19,"rank":1422},"geometry":{"type":"Point","coordinates":[126.976022,37.608353]}},{"type":"Feature","properties":{"id":"A15101101","name":"신림동부","district":"관악구","neighborhood":"신림동","avgPrice":4.02,"households":2617,"buildingCount":7,"rank":1423},"geometry":{"type":"Point","coordinates":[126.929282,37.480655]}},{"type":"Feature","properties":{"id":"A10025187","name":"묵동리본타워","district":"중랑구","neighborhood":"묵동","avgPrice":3.79,"households":2617,"buildingCount":24,"rank":1424},"geometry":{"type":"Point","coordinates":[127.086328,37.619154]}},{"type":"Feature","properties":{"id":"A10025185","name":"잠실올림픽공원아이파크","district":"송파구","neighborhood":"풍납동","avgPrice":14.64,"households":2615,"buildingCount":24,"rank":1425},"geometry":{"type":"Point","coordinates":[127.114558,37.525769]}},{"type":"Feature","properties":{"id":"A10026571","name":"꿈의숲코오롱하늘채아파트","district":"성북구","neighborhood":"장위동","avgPrice":6.33,"households":2615,"buildingCount":27,"rank":1426},"geometry":{"type":"Point","coordinates":[127.046109,37.619781]}},{"type":"Feature","properties":{"id":"A10024615","name":"힐스테이트클래시안아파트","district":"영등포구","neighborhood":"신길동","avgPrice":9.56,"households":2612,"buildingCount":24,"rank":1427},"geometry":{"type":"Point","coordinates":[126.912153,37.504071]}},{"type":"Feature","properties":{"id":"A13782902","name":"현대멤피스아파트","district":"서초구","neighborhood":"방배동","avgPrice":18.5,"households":2609,"buildingCount":24,"rank":1428},"geometry":{"type":"Point","coordinates":[126.988767,37.494691]}},{"type":"Feature","properties":{"id":"A15677501","name":"남성두산위브트레지움","district":"동작구","neighborhood":"사당동","avgPrice":12.28,"households":2609,"buildingCount":13,"rank":1429},"geometry":{"type":"Point","coordinates":[126.969429,37.491528]}},{"type":"Feature","properties":{"id":"A15792602","name":"화곡푸르지오","district":"강서구","neighborhood":"화곡동","avgPrice":7.36,"households":2609,"buildingCount":13,"rank":1430},"geometry":{"type":"Point","coordinates":[126.831533,37.544404]}},{"type":"Feature","properties":{"id":"A10028012","name":"광진We’vePark","district":"광진구","neighborhood":"군자동","avgPrice":8.77,"households":2607,"buildingCount":29,"rank":1431},"geometry":{"type":"Point","coordinates":[127.071067,37.548483]}},{"type":"Feature","properties":{"id":"A13594403","name":"개포7차우성","district":"강남구","neighborhood":"일원동","avgPrice":14.45,"households":2606,"buildingCount":26,"rank":1432},"geometry":{"type":"Point","coordinates":[127.078327,37.492292]}},{"type":"Feature","properties":{"id":"A13594402","name":"개포한신","district":"강남구","neighborhood":"일원동","avgPrice":19.32,"households":2605,"buildingCount":16,"rank":1433},"geometry":{"type":"Point","coordinates":[127.079279,37.491207]}},{"type":"Feature","properties":{"id":"A13881302","name":"거여현대3차","district":"송파구","neighborhood":"거여동","avgPrice":6.54,"households":2603,"buildingCount":5,"rank":1434},"geometry":{"type":"Point","coordinates":[127.144915,37.497084]}},{"type":"Feature","properties":{"id":"A13075405","name":"답십리두산제2","district":"동대문구","neighborhood":"답십리동","avgPrice":14.1,"households":2602,"buildingCount":30,"rank":1435},"geometry":{"type":"Point","coordinates":[127.057232,37.571115]}},{"type":"Feature","properties":{"id":"A13075404","name":"답십리동아제2","district":"동대문구","neighborhood":"답십리동","avgPrice":9.49,"households":2601,"buildingCount":29,"rank":1436},"geometry":{"type":"Point","coordinates":[127.061176,37.585965]}},{"type":"Feature","properties":{"id":"A13075403","name":"답십리청솔우성제2","district":"동대문구","neighborhood":"답십리동","avgPrice":7.25,"households":2600,"buildingCount":22,"rank":1437},"geometry":{"type":"Point","coordinates":[127.017212,37.582185]}},{"type":"Feature","properties":{"id":"A13821007","name":"송파파인타운9단지","district":"송파구","neighborhood":"장지동","avgPrice":7.09,"households":2599,"buildingCount":26,"rank":1438},"geometry":{"type":"Point","coordinates":[127.12873,37.47812]}},{"type":"Feature","properties":{"id":"A13075402","name":"래미안엘파인","district":"동대문구","neighborhood":"답십리동","avgPrice":5.49,"households":2599,"buildingCount":16,"rank":1439},"geometry":{"type":"Point","coordinates":[127.065195,37.575857]}},{"type":"Feature","properties":{"id":"A13821006","name":"송파파인타운8단지","district":"송파구","neighborhood":"장지동","avgPrice":6.92,"households":2598,"buildingCount":17,"rank":1440},"geometry":{"type":"Point","coordinates":[127.128274,37.479359]}},{"type":"Feature","properties":{"id":"A13821005","name":"송파파인타운10단지","district":"송파구","neighborhood":"장지동","avgPrice":7.8,"households":2597,"buildingCount":14,"rank":1441},"geometry":{"type":"Point","coordinates":[127.130555,37.477588]}},{"type":"Feature","properties":{"id":"A13821004","name":"송파파인타운7단지","district":"송파구","neighborhood":"장지동","avgPrice":8.37,"households":2596,"buildingCount":8,"rank":1442},"geometry":{"type":"Point","coordinates":[127.130788,37.47916]}},{"type":"Feature","properties":{"id":"A13821003","name":"송파파인타운5단지","district":"송파구","neighborhood":"장지동","avgPrice":8.53,"households":2595,"buildingCount":18,"rank":1443},"geometry":{"type":"Point","coordinates":[127.130026,37.480106]}},{"type":"Feature","properties":{"id":"A13821002","name":"송파파인타운11단지","district":"송파구","neighborhood":"장지동","avgPrice":9.48,"households":2594,"buildingCount":23,"rank":1444},"geometry":{"type":"Point","coordinates":[127.133175,37.479643]}},{"type":"Feature","properties":{"id":"A13170401","name":"한일써너스빌아파트","district":"중랑구","neighborhood":"상봉동","avgPrice":5.3,"households":2594,"buildingCount":8,"rank":1445},"geometry":{"type":"Point","coordinates":[127.09101,37.597129]}},{"type":"Feature","properties":{"id":"A14206310","name":"번동주공2단지","district":"강북구","neighborhood":"번동","avgPrice":1.58,"households":2594,"buildingCount":16,"rank":1446},"geometry":{"type":"Point","coordinates":[127.045506,37.626466]}},{"type":"Feature","properties":{"id":"A13821001","name":"송파파인타운4단지","district":"송파구","neighborhood":"장지동","avgPrice":9.71,"households":2593,"buildingCount":9,"rank":1447},"geometry":{"type":"Point","coordinates":[127.129552,37.481851]}},{"type":"Feature","properties":{"id":"A10027951","name":"공덕자이(임대)","district":"마포구","neighborhood":"아현동","avgPrice":5.25,"households":2588,"buildingCount":5,"rank":1448},"geometry":{"type":"Point","coordinates":[126.958787,37.554474]}},{"type":"Feature","properties":{"id":"A13302001","name":"청계벽산","district":"성동구","neighborhood":"하왕십리동","avgPrice":8.3,"households":2587,"buildingCount":14,"rank":1449},"geometry":{"type":"Point","coordinates":[127.031585,37.568649]}},{"type":"Feature","properties":{"id":"A12011002","name":"연희대우","district":"서대문구","neighborhood":"연희동","avgPrice":13.7,"households":2584,"buildingCount":24,"rank":1450},"geometry":{"type":"Point","coordinates":[126.928937,37.561966]}},{"type":"Feature","properties":{"id":"A10025175","name":"신동아갯마을아파트","district":"동작구","neighborhood":"동작동","avgPrice":13.4,"households":2584,"buildingCount":16,"rank":1451},"geometry":{"type":"Point","coordinates":[126.98098,37.497117]}},{"type":"Feature","properties":{"id":"A10025174","name":"힐스테이트강동리버뷰","district":"강동구","neighborhood":"암사동","avgPrice":14.35,"households":2583,"buildingCount":8,"rank":1452},"geometry":{"type":"Point","coordinates":[127.125178,37.548453]}},{"type":"Feature","properties":{"id":"A15884703","name":"신월시영아파트","district":"양천구","neighborhood":"신월동","avgPrice":3.71,"households":2583,"buildingCount":23,"rank":1453},"geometry":{"type":"Point","coordinates":[126.834189,37.517922]}},{"type":"Feature","properties":{"id":"A10023219","name":"신목동파라곤아파트","district":"양천구","neighborhood":"신월동","avgPrice":6.01,"households":2581,"buildingCount":16,"rank":1454},"geometry":{"type":"Point","coordinates":[126.843984,37.523184]}},{"type":"Feature","properties":{"id":"A10028007","name":"동구햇살","district":"양천구","neighborhood":"목동","avgPrice":5.01,"households":2581,"buildingCount":16,"rank":1455},"geometry":{"type":"Point","coordinates":[126.865077,37.53864]}},{"type":"Feature","properties":{"id":"A10021770","name":"염창현대2차아파트","district":"강서구","neighborhood":"염창동","avgPrice":4.9,"households":2581,"buildingCount":9,"rank":1456},"geometry":{"type":"Point","coordinates":[126.87278,37.5511]}},{"type":"Feature","properties":{"id":"A13993503","name":"하계한신","district":"노원구","neighborhood":"하계동","avgPrice":13.75,"households":2580,"buildingCount":16,"rank":1457},"geometry":{"type":"Point","coordinates":[127.069516,37.637153]}},{"type":"Feature","properties":{"id":"A10028006","name":"e편한세상마포리버파크","district":"마포구","neighborhood":"용강동","avgPrice":10.2,"households":2580,"buildingCount":22,"rank":1458},"geometry":{"type":"Point","coordinates":[126.9445,37.540929]}},{"type":"Feature","properties":{"id":"A10024603","name":"종암sh빌아파트","district":"성북구","neighborhood":"종암동","avgPrice":10.15,"households":2579,"buildingCount":28,"rank":1459},"geometry":{"type":"Point","coordinates":[127.034274,37.59957]}},{"type":"Feature","properties":{"id":"A13993502","name":"하계한신동성","district":"노원구","neighborhood":"하계동","avgPrice":6.42,"households":2579,"buildingCount":28,"rank":1460},"geometry":{"type":"Point","coordinates":[127.075224,37.640386]}},{"type":"Feature","properties":{"id":"A13993501","name":"하계삼익선경","district":"노원구","neighborhood":"하계동","avgPrice":5.78,"households":2578,"buildingCount":22,"rank":1461},"geometry":{"type":"Point","coordinates":[127.076925,37.63903]}},{"type":"Feature","properties":{"id":"A10028001","name":"금호어울림센터힐아파트","district":"성북구","neighborhood":"돈암동","avgPrice":5.98,"households":2575,"buildingCount":8,"rank":1462},"geometry":{"type":"Point","coordinates":[127.02275,37.600377]}},{"type":"Feature","properties":{"id":"A15728014","name":"수산오성","district":"강서구","neighborhood":"내발산동","avgPrice":4.92,"households":2575,"buildingCount":29,"rank":1463},"geometry":{"type":"Point","coordinates":[126.835118,37.548722]}},{"type":"Feature","properties":{"id":"A15728013","name":"우장산롯데1차","district":"강서구","neighborhood":"내발산동","avgPrice":5.32,"households":2574,"buildingCount":19,"rank":1464},"geometry":{"type":"Point","coordinates":[126.840939,37.554154]}},{"type":"Feature","properties":{"id":"A10028000","name":"정릉꿈에그린아파트","district":"성북구","neighborhood":"정릉동","avgPrice":4.72,"households":2574,"buildingCount":12,"rank":1465},"geometry":{"type":"Point","coordinates":[127.010858,37.601633]}},{"type":"Feature","properties":{"id":"A15728011","name":"마곡엠밸리15단지","district":"강서구","neighborhood":"마곡동","avgPrice":11.85,"households":2572,"buildingCount":15,"rank":1466},"geometry":{"type":"Point","coordinates":[126.82744,37.55714]}},{"type":"Feature","properties":{"id":"A13606107","name":"돈암삼성","district":"성북구","neighborhood":"돈암동","avgPrice":12.95,"households":2571,"buildingCount":13,"rank":1467},"geometry":{"type":"Point","coordinates":[127.023312,37.599036]}},{"type":"Feature","properties":{"id":"A15728010","name":"우장산롯데2차","district":"강서구","neighborhood":"내발산동","avgPrice":5.57,"households":2571,"buildingCount":22,"rank":1468},"geometry":{"type":"Point","coordinates":[126.842753,37.554647]}},{"type":"Feature","properties":{"id":"A13606106","name":"돈암삼성임대","district":"성북구","neighborhood":"돈암동","avgPrice":11.8,"households":2570,"buildingCount":17,"rank":1469},"geometry":{"type":"Point","coordinates":[127.031896,37.57824]}},{"type":"Feature","properties":{"id":"A14206307","name":"번동솔그린","district":"강북구","neighborhood":"번동","avgPrice":2.98,"households":2570,"buildingCount":11,"rank":1470},"geometry":{"type":"Point","coordinates":[127.039351,37.626068]}},{"type":"Feature","properties":{"id":"A13606105","name":"돈암풍림임대","district":"성북구","neighborhood":"돈암동","avgPrice":8.8,"households":2569,"buildingCount":23,"rank":1471},"geometry":{"type":"Point","coordinates":[127.002026,37.571895]}},{"type":"Feature","properties":{"id":"A13286002","name":"쌍문현대2차","district":"도봉구","neighborhood":"쌍문동","avgPrice":3,"households":2569,"buildingCount":13,"rank":1472},"geometry":{"type":"Point","coordinates":[127.030181,37.659231]}},{"type":"Feature","properties":{"id":"A14206306","name":"번동신원","district":"강북구","neighborhood":"번동","avgPrice":2.87,"households":2569,"buildingCount":5,"rank":1473},"geometry":{"type":"Point","coordinates":[127.043131,37.62576]}},{"type":"Feature","properties":{"id":"A14206305","name":"번동기산그린","district":"강북구","neighborhood":"번동","avgPrice":2.73,"households":2568,"buildingCount":21,"rank":1474},"geometry":{"type":"Point","coordinates":[127.043788,37.627419]}},{"type":"Feature","properties":{"id":"A13606102","name":"돈암범양","district":"성북구","neighborhood":"돈암동","avgPrice":4.68,"households":2566,"buildingCount":13,"rank":1475},"geometry":{"type":"Point","coordinates":[127.028037,37.603424]}},{"type":"Feature","properties":{"id":"A14206303","name":"번동한솔솔파크","district":"강북구","neighborhood":"번동","avgPrice":4,"households":2566,"buildingCount":19,"rank":1476},"geometry":{"type":"Point","coordinates":[127.038853,37.627187]}},{"type":"Feature","properties":{"id":"A13606101","name":"돈암풍림","district":"성북구","neighborhood":"돈암동","avgPrice":15.55,"households":2565,"buildingCount":23,"rank":1477},"geometry":{"type":"Point","coordinates":[127.022155,37.597021]}},{"type":"Feature","properties":{"id":"A14206302","name":"번동한진","district":"강북구","neighborhood":"번동","avgPrice":3.05,"households":2565,"buildingCount":5,"rank":1478},"geometry":{"type":"Point","coordinates":[127.044594,37.62468]}},{"type":"Feature","properties":{"id":"A10027948","name":"강동역신동아파밀리에","district":"강동구","neighborhood":"천호동","avgPrice":8.76,"households":2564,"buildingCount":10,"rank":1479},"geometry":{"type":"Point","coordinates":[127.133224,37.536499]}},{"type":"Feature","properties":{"id":"A14206301","name":"번동동문아파트","district":"강북구","neighborhood":"번동","avgPrice":3.72,"households":2564,"buildingCount":20,"rank":1480},"geometry":{"type":"Point","coordinates":[127.038098,37.623913]}},{"type":"Feature","properties":{"id":"A11087602","name":"종로센트레빌","district":"종로구","neighborhood":"숭인동","avgPrice":6.54,"households":2558,"buildingCount":7,"rank":1481},"geometry":{"type":"Point","coordinates":[127.016019,37.580925]}},{"type":"Feature","properties":{"id":"A11087601","name":"롯데캐슬천지인","district":"종로구","neighborhood":"숭인동","avgPrice":7.62,"households":2557,"buildingCount":11,"rank":1482},"geometry":{"type":"Point","coordinates":[127.016015,37.574041]}},{"type":"Feature","properties":{"id":"A10021765","name":"반포센트레빌아스테리움","district":"서초구","neighborhood":"반포동","avgPrice":23.07,"households":2555,"buildingCount":28,"rank":1483},"geometry":{"type":"Point","coordinates":[127.016251,37.503309]}},{"type":"Feature","properties":{"id":"A10025166","name":"북한산 두산 위브","district":"서대문구","neighborhood":"홍은동","avgPrice":5.12,"households":2554,"buildingCount":17,"rank":1484},"geometry":{"type":"Point","coordinates":[126.945556,37.598019]}},{"type":"Feature","properties":{"id":"A10020376","name":"포제스한강","district":"광진구","neighborhood":"광장동","avgPrice":41.98,"households":2552,"buildingCount":21,"rank":1485},"geometry":{"type":"Point","coordinates":[127.108168,37.52544]}},{"type":"Feature","properties":{"id":"A15788302","name":"화곡대림아파트","district":"강서구","neighborhood":"화곡동","avgPrice":12.55,"households":2551,"buildingCount":15,"rank":1486},"geometry":{"type":"Point","coordinates":[126.837348,37.533646]}},{"type":"Feature","properties":{"id":"A10021760","name":"한일써너스빌리젠시2단지","district":"중랑구","neighborhood":"망우동","avgPrice":5.14,"households":2550,"buildingCount":26,"rank":1487},"geometry":{"type":"Point","coordinates":[127.094548,37.597788]}},{"type":"Feature","properties":{"id":"A15728009","name":"우장산힐스테이트","district":"강서구","neighborhood":"내발산동","avgPrice":9.74,"households":2549,"buildingCount":13,"rank":1488},"geometry":{"type":"Point","coordinates":[126.840249,37.556021]}},{"type":"Feature","properties":{"id":"A15728008","name":"마곡수명산파크1단지","district":"강서구","neighborhood":"내발산동","avgPrice":5.34,"households":2548,"buildingCount":27,"rank":1489},"geometry":{"type":"Point","coordinates":[126.830091,37.554421]}},{"type":"Feature","properties":{"id":"A15728007","name":"마곡수명산파크5단지","district":"강서구","neighborhood":"내발산동","avgPrice":5.13,"households":2547,"buildingCount":7,"rank":1490},"geometry":{"type":"Point","coordinates":[126.827233,37.552177]}},{"type":"Feature","properties":{"id":"A15728006","name":"마곡수명산파크4단지","district":"강서구","neighborhood":"내발산동","avgPrice":6.07,"households":2546,"buildingCount":26,"rank":1491},"geometry":{"type":"Point","coordinates":[126.823216,37.551299]}},{"type":"Feature","properties":{"id":"A15609502","name":"사당자이","district":"동작구","neighborhood":"사당동","avgPrice":6.6,"households":2545,"buildingCount":21,"rank":1492},"geometry":{"type":"Point","coordinates":[126.962493,37.488636]}},{"type":"Feature","properties":{"id":"A15728005","name":"마곡수명산파크7단지","district":"강서구","neighborhood":"내발산동","avgPrice":4.26,"households":2545,"buildingCount":25,"rank":1493},"geometry":{"type":"Point","coordinates":[126.822549,37.548126]}},{"type":"Feature","properties":{"id":"A13685104","name":"정릉중앙하이츠빌1단지","district":"성북구","neighborhood":"정릉동","avgPrice":4.18,"households":2545,"buildingCount":17,"rank":1494},"geometry":{"type":"Point","coordinates":[127.009507,37.602696]}},{"type":"Feature","properties":{"id":"A15728004","name":"마곡수명산파크2단지","district":"강서구","neighborhood":"내발산동","avgPrice":6.99,"households":2544,"buildingCount":8,"rank":1495},"geometry":{"type":"Point","coordinates":[126.827479,37.554523]}},{"type":"Feature","properties":{"id":"A15609501","name":"사당제일","district":"동작구","neighborhood":"사당동","avgPrice":5.83,"households":2544,"buildingCount":29,"rank":1496},"geometry":{"type":"Point","coordinates":[126.968636,37.484096]}},{"type":"Feature","properties":{"id":"A13681701","name":"석관중앙하이츠","district":"성북구","neighborhood":"석관동","avgPrice":3.82,"households":2544,"buildingCount":9,"rank":1497},"geometry":{"type":"Point","coordinates":[127.066499,37.611704]}},{"type":"Feature","properties":{"id":"A13378103","name":"서울숲2차푸르지오임대","district":"성동구","neighborhood":"금호동4가","avgPrice":20.75,"households":2543,"buildingCount":8,"rank":1498},"geometry":{"type":"Point","coordinates":[127.039932,37.57043]}},{"type":"Feature","properties":{"id":"A15728003","name":"마곡수명산파크3단지","district":"강서구","neighborhood":"내발산동","avgPrice":7.27,"households":2543,"buildingCount":17,"rank":1499},"geometry":{"type":"Point","coordinates":[126.825012,37.552994]}},{"type":"Feature","properties":{"id":"A13378102","name":"서울숲2차푸르지오","district":"성동구","neighborhood":"금호동4가","avgPrice":14.49,"households":2542,"buildingCount":24,"rank":1500},"geometry":{"type":"Point","coordinates":[127.024069,37.546117]}},{"type":"Feature","properties":{"id":"A15728002","name":"마곡수명산파크6단지","district":"강서구","neighborhood":"내발산동","avgPrice":5.03,"households":2542,"buildingCount":16,"rank":1501},"geometry":{"type":"Point","coordinates":[126.825831,37.550354]}},{"type":"Feature","properties":{"id":"A13378101","name":"금호대우임대","district":"성동구","neighborhood":"금호동4가","avgPrice":19.06,"households":2541,"buildingCount":16,"rank":1502},"geometry":{"type":"Point","coordinates":[127.009946,37.57124]}},{"type":"Feature","properties":{"id":"A15209007","name":"개봉 푸르지오","district":"구로구","neighborhood":"개봉동","avgPrice":5.66,"households":2541,"buildingCount":15,"rank":1503},"geometry":{"type":"Point","coordinates":[126.848148,37.500399]}},{"type":"Feature","properties":{"id":"A15209006","name":"개봉고운아파트","district":"구로구","neighborhood":"개봉동","avgPrice":3.16,"households":2540,"buildingCount":23,"rank":1504},"geometry":{"type":"Point","coordinates":[126.850565,37.498971]}},{"type":"Feature","properties":{"id":"A15209005","name":"개봉거성","district":"구로구","neighborhood":"개봉동","avgPrice":1.86,"households":2539,"buildingCount":14,"rank":1505},"geometry":{"type":"Point","coordinates":[126.848208,37.492833]}},{"type":"Feature","properties":{"id":"A15209004","name":"개봉동아이파크","district":"구로구","neighborhood":"개봉동","avgPrice":10,"households":2538,"buildingCount":16,"rank":1506},"geometry":{"type":"Point","coordinates":[126.859795,37.490077]}},{"type":"Feature","properties":{"id":"A15209003","name":"청실아파트","district":"구로구","neighborhood":"개봉동","avgPrice":3.23,"households":2537,"buildingCount":5,"rank":1507},"geometry":{"type":"Point","coordinates":[126.859633,37.495418]}},{"type":"Feature","properties":{"id":"A15209002","name":"개봉한마을","district":"구로구","neighborhood":"개봉동","avgPrice":5.23,"households":2536,"buildingCount":23,"rank":1508},"geometry":{"type":"Point","coordinates":[126.862554,37.49529]}},{"type":"Feature","properties":{"id":"A13281201","name":"도봉서울가든","district":"도봉구","neighborhood":"도봉동","avgPrice":2.66,"households":2535,"buildingCount":9,"rank":1509},"geometry":{"type":"Point","coordinates":[127.041701,37.686624]}},{"type":"Feature","properties":{"id":"A12182101","name":"망원1차대림","district":"마포구","neighborhood":"망원동","avgPrice":15.05,"households":2533,"buildingCount":14,"rank":1510},"geometry":{"type":"Point","coordinates":[126.904876,37.55344]}},{"type":"Feature","properties":{"id":"A14320003","name":"구의현대13차폴라트리움","district":"광진구","neighborhood":"구의동","avgPrice":10.83,"households":2530,"buildingCount":10,"rank":1511},"geometry":{"type":"Point","coordinates":[127.094665,37.539452]}},{"type":"Feature","properties":{"id":"A10027935","name":"대림쌍용플래티넘S","district":"영등포구","neighborhood":"대림동","avgPrice":0.7,"households":2530,"buildingCount":23,"rank":1512},"geometry":{"type":"Point","coordinates":[126.898082,37.495282]}},{"type":"Feature","properties":{"id":"A14320002","name":"구의대림아크로리버","district":"광진구","neighborhood":"구의동","avgPrice":13.34,"households":2529,"buildingCount":4,"rank":1513},"geometry":{"type":"Point","coordinates":[127.092584,37.535826]}},{"type":"Feature","properties":{"id":"A14320001","name":"구의현대7단지","district":"광진구","neighborhood":"구의동","avgPrice":7.91,"households":2528,"buildingCount":11,"rank":1514},"geometry":{"type":"Point","coordinates":[127.091059,37.536881]}},{"type":"Feature","properties":{"id":"A10025159","name":"한양수자인사가정파크아파트","district":"중랑구","neighborhood":"면목동","avgPrice":5.71,"households":2526,"buildingCount":26,"rank":1515},"geometry":{"type":"Point","coordinates":[127.094033,37.57949]}},{"type":"Feature","properties":{"id":"A10025157","name":"신도브래뉴신월2차아파트","district":"양천구","neighborhood":"신월동","avgPrice":1.5,"households":2524,"buildingCount":6,"rank":1516},"geometry":{"type":"Point","coordinates":[126.843572,37.525642]}},{"type":"Feature","properties":{"id":"A10021752","name":"면목신우아파트","district":"중랑구","neighborhood":"면목동","avgPrice":3.87,"households":2521,"buildingCount":31,"rank":1517},"geometry":{"type":"Point","coordinates":[127.079327,37.580458]}},{"type":"Feature","properties":{"id":"A10020365","name":"라봄성동청년안심주택","district":"성동구","neighborhood":"마장동","avgPrice":2.61,"households":2520,"buildingCount":12,"rank":1518},"geometry":{"type":"Point","coordinates":[127.055012,37.571465]}},{"type":"Feature","properties":{"id":"A10020363","name":"청담르엘","district":"강남구","neighborhood":"청담동","avgPrice":13.8,"households":2518,"buildingCount":19,"rank":1519},"geometry":{"type":"Point","coordinates":[127.041221,37.526066]}},{"type":"Feature","properties":{"id":"A13984411","name":"월계사슴3단지","district":"노원구","neighborhood":"월계동","avgPrice":2.29,"households":2518,"buildingCount":27,"rank":1520},"geometry":{"type":"Point","coordinates":[127.059731,37.631733]}},{"type":"Feature","properties":{"id":"A10020361","name":"방배한진로즈힐아파트","district":"서초구","neighborhood":"방배동","avgPrice":14.07,"households":2516,"buildingCount":7,"rank":1521},"geometry":{"type":"Point","coordinates":[126.983494,37.486742]}},{"type":"Feature","properties":{"id":"A15284603","name":"구로럭키","district":"구로구","neighborhood":"구로동","avgPrice":3.9,"households":2516,"buildingCount":31,"rank":1522},"geometry":{"type":"Point","coordinates":[126.893796,37.492064]}},{"type":"Feature","properties":{"id":"A14377402","name":"이튼타워리버5차","district":"광진구","neighborhood":"자양동","avgPrice":16.18,"households":2515,"buildingCount":27,"rank":1523},"geometry":{"type":"Point","coordinates":[127.068973,37.532194]}},{"type":"Feature","properties":{"id":"A15288004","name":"구로현대","district":"구로구","neighborhood":"구로동","avgPrice":4,"households":2515,"buildingCount":12,"rank":1524},"geometry":{"type":"Point","coordinates":[126.896292,37.488465]}},{"type":"Feature","properties":{"id":"A15288002","name":"구로이화우성","district":"구로구","neighborhood":"구로동","avgPrice":4.36,"households":2513,"buildingCount":5,"rank":1525},"geometry":{"type":"Point","coordinates":[126.894008,37.489724]}},{"type":"Feature","properties":{"id":"A12290901","name":"백련산힐스테이트3차","district":"은평구","neighborhood":"응암동","avgPrice":5.63,"households":2511,"buildingCount":8,"rank":1526},"geometry":{"type":"Point","coordinates":[126.923995,37.587984]}},{"type":"Feature","properties":{"id":"A13373302","name":"왕십리텐즈힐2구역214동","district":"성동구","neighborhood":"상왕십리동","avgPrice":16.4,"households":2509,"buildingCount":23,"rank":1527},"geometry":{"type":"Point","coordinates":[127.053156,37.582715]}},{"type":"Feature","properties":{"id":"A14280502","name":"미아동부센트레빌","district":"강북구","neighborhood":"미아동","avgPrice":5.43,"households":2509,"buildingCount":15,"rank":1528},"geometry":{"type":"Point","coordinates":[127.025788,37.613674]}},{"type":"Feature","properties":{"id":"A13373301","name":"텐즈힐2구역","district":"성동구","neighborhood":"상왕십리동","avgPrice":12.83,"households":2508,"buildingCount":27,"rank":1529},"geometry":{"type":"Point","coordinates":[127.025374,37.569337]}},{"type":"Feature","properties":{"id":"A13006003","name":"제기이수브라운스톤","district":"동대문구","neighborhood":"제기동","avgPrice":5.49,"households":2500,"buildingCount":4,"rank":1530},"geometry":{"type":"Point","coordinates":[127.034129,37.582196]}},{"type":"Feature","properties":{"id":"A13006002","name":"제기현대","district":"동대문구","neighborhood":"제기동","avgPrice":5.06,"households":2499,"buildingCount":12,"rank":1531},"geometry":{"type":"Point","coordinates":[127.035628,37.580175]}},{"type":"Feature","properties":{"id":"A10021748","name":"장수마을동원데쟈뷰아파트","district":"양천구","neighborhood":"신월동","avgPrice":4.07,"households":2496,"buildingCount":14,"rank":1532},"geometry":{"type":"Point","coordinates":[126.844486,37.521519]}},{"type":"Feature","properties":{"id":"A13984409","name":"월계사슴2단지","district":"노원구","neighborhood":"월계동","avgPrice":1.53,"households":2495,"buildingCount":18,"rank":1533},"geometry":{"type":"Point","coordinates":[127.061134,37.632594]}},{"type":"Feature","properties":{"id":"A10027920","name":"텐즈힐1단지","district":"성동구","neighborhood":"하왕십리동","avgPrice":13.85,"households":2494,"buildingCount":29,"rank":1534},"geometry":{"type":"Point","coordinates":[127.02804,37.56845]}},{"type":"Feature","properties":{"id":"A10020359","name":"남구로역 동일센타시아","district":"구로구","neighborhood":"가리봉동","avgPrice":3.61,"households":2493,"buildingCount":18,"rank":1535},"geometry":{"type":"Point","coordinates":[126.896764,37.48191]}},{"type":"Feature","properties":{"id":"A10020358","name":"래미안 원페를라","district":"서초구","neighborhood":"방배동","avgPrice":19.3,"households":2492,"buildingCount":8,"rank":1536},"geometry":{"type":"Point","coordinates":[126.989132,37.485479]}},{"type":"Feature","properties":{"id":"A10021742","name":"프라비다트라움","district":"관악구","neighborhood":"신림동","avgPrice":0.97,"households":2490,"buildingCount":8,"rank":1537},"geometry":{"type":"Point","coordinates":[126.921285,37.485584]}},{"type":"Feature","properties":{"id":"A13677401","name":"이편한세상보문","district":"성북구","neighborhood":"보문동3가","avgPrice":6.73,"households":2486,"buildingCount":9,"rank":1538},"geometry":{"type":"Point","coordinates":[127.01587,37.582802]}},{"type":"Feature","properties":{"id":"A10025140","name":"동소문현대아파트","district":"성북구","neighborhood":"돈암동","avgPrice":3.97,"households":2486,"buildingCount":11,"rank":1539},"geometry":{"type":"Point","coordinates":[127.012798,37.598046]}},{"type":"Feature","properties":{"id":"A13920707","name":"상계주공6단지","district":"노원구","neighborhood":"상계동","avgPrice":3.74,"households":2486,"buildingCount":30,"rank":1540},"geometry":{"type":"Point","coordinates":[127.064719,37.65369]}},{"type":"Feature","properties":{"id":"A14277601","name":"래미안미아1차","district":"강북구","neighborhood":"미아동","avgPrice":6.5,"households":2485,"buildingCount":31,"rank":1541},"geometry":{"type":"Point","coordinates":[127.018884,37.62603]}},{"type":"Feature","properties":{"id":"A13920706","name":"상계주공4단지","district":"노원구","neighborhood":"상계동","avgPrice":3.25,"households":2485,"buildingCount":12,"rank":1542},"geometry":{"type":"Point","coordinates":[127.0643,37.650453]}},{"type":"Feature","properties":{"id":"A13920703","name":"상계주공5단지","district":"노원구","neighborhood":"상계동","avgPrice":3.46,"households":2482,"buildingCount":21,"rank":1543},"geometry":{"type":"Point","coordinates":[127.064656,37.652814]}},{"type":"Feature","properties":{"id":"A15009402","name":"문래삼환","district":"영등포구","neighborhood":"문래동4가","avgPrice":6.25,"households":2478,"buildingCount":20,"rank":1544},"geometry":{"type":"Point","coordinates":[126.889087,37.514026]}},{"type":"Feature","properties":{"id":"A15009401","name":"리버뷰신안인스빌","district":"영등포구","neighborhood":"문래동4가","avgPrice":6.22,"households":2477,"buildingCount":24,"rank":1545},"geometry":{"type":"Point","coordinates":[126.890293,37.51329]}},{"type":"Feature","properties":{"id":"A10023695","name":"힐데스하임천호아파트","district":"강동구","neighborhood":"천호동","avgPrice":7.67,"households":2469,"buildingCount":20,"rank":1546},"geometry":{"type":"Point","coordinates":[127.126125,37.541882]}},{"type":"Feature","properties":{"id":"A10023694","name":"엠쉐르빌","district":"서초구","neighborhood":"서초동","avgPrice":19.05,"households":2468,"buildingCount":20,"rank":1547},"geometry":{"type":"Point","coordinates":[127.025062,37.498689]}},{"type":"Feature","properties":{"id":"A10026526","name":"대치풍림아이원3.4차아파트","district":"강남구","neighborhood":"대치동","avgPrice":16.65,"households":2465,"buildingCount":12,"rank":1548},"geometry":{"type":"Point","coordinates":[127.061722,37.496712]}},{"type":"Feature","properties":{"id":"A10027912","name":"강남한신휴플러스 6단지","district":"강남구","neighborhood":"율현동","avgPrice":7.23,"households":2465,"buildingCount":21,"rank":1549},"geometry":{"type":"Point","coordinates":[127.105382,37.467663]}},{"type":"Feature","properties":{"id":"A10027090","name":"마포센트럴아이파크","district":"마포구","neighborhood":"아현동","avgPrice":12.89,"households":2462,"buildingCount":16,"rank":1550},"geometry":{"type":"Point","coordinates":[126.959183,37.555544]}},{"type":"Feature","properties":{"id":"A10025137","name":"신내글로리움아파트","district":"중랑구","neighborhood":"신내동","avgPrice":1.8,"households":2462,"buildingCount":24,"rank":1551},"geometry":{"type":"Point","coordinates":[127.094667,37.609423]}},{"type":"Feature","properties":{"id":"A13385705","name":"한신무학","district":"성동구","neighborhood":"하왕십리동","avgPrice":7.16,"households":2459,"buildingCount":5,"rank":1552},"geometry":{"type":"Point","coordinates":[127.028325,37.562396]}},{"type":"Feature","properties":{"id":"A10020346","name":"한화포레나미아아파트","district":"강북구","neighborhood":"미아동","avgPrice":5.12,"households":2459,"buildingCount":4,"rank":1553},"geometry":{"type":"Point","coordinates":[127.009228,37.64617]}},{"type":"Feature","properties":{"id":"A10020345","name":"서울숲 아이파크 리버포레2차","district":"성동구","neighborhood":"성수동1가","avgPrice":20.75,"households":2458,"buildingCount":4,"rank":1554},"geometry":{"type":"Point","coordinates":[127.046095,37.542996]}},{"type":"Feature","properties":{"id":"A10025133","name":"노원 센트럴푸르지오","district":"노원구","neighborhood":"상계동","avgPrice":5.92,"households":2458,"buildingCount":8,"rank":1555},"geometry":{"type":"Point","coordinates":[127.074515,37.665076]}},{"type":"Feature","properties":{"id":"A10020344","name":"이문아이파크자이","district":"동대문구","neighborhood":"이문동","avgPrice":15,"households":2457,"buildingCount":16,"rank":1556},"geometry":{"type":"Point","coordinates":[127.062742,37.55946]}},{"type":"Feature","properties":{"id":"A10020343","name":"힐스테이트청량리메트로블","district":"동대문구","neighborhood":"용두동","avgPrice":4.27,"households":2456,"buildingCount":16,"rank":1557},"geometry":{"type":"Point","coordinates":[127.039426,37.577145]}},{"type":"Feature","properties":{"id":"A10025130","name":"DMC에코자이","district":"서대문구","neighborhood":"남가좌동","avgPrice":7.74,"households":2455,"buildingCount":14,"rank":1558},"geometry":{"type":"Point","coordinates":[126.91916,37.577175]}},{"type":"Feature","properties":{"id":"A13983004","name":"상계주공2단지","district":"노원구","neighborhood":"상계동","avgPrice":3.25,"households":2455,"buildingCount":22,"rank":1559},"geometry":{"type":"Point","coordinates":[127.059124,37.649965]}},{"type":"Feature","properties":{"id":"A13078701","name":"장안위더스빌","district":"동대문구","neighborhood":"장안동","avgPrice":4.71,"households":2454,"buildingCount":31,"rank":1560},"geometry":{"type":"Point","coordinates":[127.062027,37.566176]}},{"type":"Feature","properties":{"id":"A13804206","name":"풍납한강극동","district":"송파구","neighborhood":"풍납동","avgPrice":8.15,"households":2451,"buildingCount":25,"rank":1561},"geometry":{"type":"Point","coordinates":[127.112838,37.529451]}},{"type":"Feature","properties":{"id":"A13671213","name":"종암2차SK뷰","district":"성북구","neighborhood":"종암동","avgPrice":5.85,"households":2451,"buildingCount":31,"rank":1562},"geometry":{"type":"Point","coordinates":[127.034756,37.601809]}},{"type":"Feature","properties":{"id":"A13703027","name":"잠원동아","district":"서초구","neighborhood":"잠원동","avgPrice":23.42,"households":2450,"buildingCount":27,"rank":1563},"geometry":{"type":"Point","coordinates":[127.010298,37.508639]}},{"type":"Feature","properties":{"id":"A14080901","name":"용산푸르지오파크타운","district":"용산구","neighborhood":"동빙고동","avgPrice":17.3,"households":2450,"buildingCount":7,"rank":1564},"geometry":{"type":"Point","coordinates":[126.995297,37.525834]}},{"type":"Feature","properties":{"id":"A13671212","name":"래미안종암2차","district":"성북구","neighborhood":"종암동","avgPrice":10.05,"households":2450,"buildingCount":17,"rank":1565},"geometry":{"type":"Point","coordinates":[127.031946,37.599034]}},{"type":"Feature","properties":{"id":"A13484102","name":"성내코오롱","district":"강동구","neighborhood":"성내동","avgPrice":6.53,"households":2450,"buildingCount":10,"rank":1566},"geometry":{"type":"Point","coordinates":[127.132391,37.534382]}},{"type":"Feature","properties":{"id":"A13671211","name":"래미안종암3차","district":"성북구","neighborhood":"종암동","avgPrice":13.15,"households":2449,"buildingCount":20,"rank":1567},"geometry":{"type":"Point","coordinates":[127.038827,37.601118]}},{"type":"Feature","properties":{"id":"A13671210","name":"종암SK제2","district":"성북구","neighborhood":"종암동","avgPrice":13.05,"households":2448,"buildingCount":29,"rank":1568},"geometry":{"type":"Point","coordinates":[127.02424,37.57797]}},{"type":"Feature","properties":{"id":"A13771001","name":"방배롯데캐슬아르떼","district":"서초구","neighborhood":"방배동","avgPrice":21.2,"households":2447,"buildingCount":4,"rank":1569},"geometry":{"type":"Point","coordinates":[126.984372,37.483779]}},{"type":"Feature","properties":{"id":"A13272102","name":"방학동부센트레빌","district":"도봉구","neighborhood":"방학동","avgPrice":4.35,"households":2445,"buildingCount":15,"rank":1570},"geometry":{"type":"Point","coordinates":[127.039086,37.663715]}},{"type":"Feature","properties":{"id":"A13272101","name":"방학명품ESA2단지","district":"도봉구","neighborhood":"방학동","avgPrice":7.9,"households":2444,"buildingCount":6,"rank":1571},"geometry":{"type":"Point","coordinates":[127.045597,37.666477]}},{"type":"Feature","properties":{"id":"A13080201","name":"답십리대우","district":"동대문구","neighborhood":"답십리동","avgPrice":5.85,"households":2442,"buildingCount":12,"rank":1572},"geometry":{"type":"Point","coordinates":[127.053405,37.573373]}},{"type":"Feature","properties":{"id":"A10023688","name":"서초금호어울림아파트","district":"서초구","neighborhood":"서초동","avgPrice":13.57,"households":2441,"buildingCount":16,"rank":1573},"geometry":{"type":"Point","coordinates":[127.006802,37.478536]}},{"type":"Feature","properties":{"id":"A10027909","name":"강남한신휴플러스 8단지","district":"강남구","neighborhood":"율현동","avgPrice":7.52,"households":2441,"buildingCount":11,"rank":1574},"geometry":{"type":"Point","coordinates":[127.110505,37.470092]}},{"type":"Feature","properties":{"id":"A10027908","name":"래미안첼리투스","district":"용산구","neighborhood":"이촌동","avgPrice":36.25,"households":2440,"buildingCount":8,"rank":1575},"geometry":{"type":"Point","coordinates":[126.980065,37.517273]}},{"type":"Feature","properties":{"id":"A14024002","name":"서빙고신동아","district":"용산구","neighborhood":"서빙고동","avgPrice":32.25,"households":2440,"buildingCount":24,"rank":1576},"geometry":{"type":"Point","coordinates":[126.988093,37.518282]}},{"type":"Feature","properties":{"id":"A10027089","name":"현대썬앤빌청계","district":"동대문구","neighborhood":"답십리동","avgPrice":0.81,"households":2440,"buildingCount":19,"rank":1577},"geometry":{"type":"Point","coordinates":[127.055133,37.566177]}},{"type":"Feature","properties":{"id":"A14024001","name":"서빙고금호베스트빌","district":"용산구","neighborhood":"서빙고동","avgPrice":19.8,"households":2439,"buildingCount":31,"rank":1578},"geometry":{"type":"Point","coordinates":[126.991757,37.523075]}},{"type":"Feature","properties":{"id":"A10027906","name":"공덕자이 아파트","district":"마포구","neighborhood":"아현동","avgPrice":15.22,"households":2438,"buildingCount":12,"rank":1579},"geometry":{"type":"Point","coordinates":[126.958539,37.553036]}},{"type":"Feature","properties":{"id":"A10026517","name":"서울역한라비발디센트럴아파트","district":"중구","neighborhood":"만리동2가","avgPrice":10.25,"households":2435,"buildingCount":19,"rank":1580},"geometry":{"type":"Point","coordinates":[126.965564,37.55509]}},{"type":"Feature","properties":{"id":"A13788208","name":"서초래미안","district":"서초구","neighborhood":"서초동","avgPrice":21.38,"households":2434,"buildingCount":24,"rank":1581},"geometry":{"type":"Point","coordinates":[127.018794,37.498712]}},{"type":"Feature","properties":{"id":"A10027902","name":"마포한강푸르지오","district":"마포구","neighborhood":"합정동","avgPrice":16.78,"households":2434,"buildingCount":9,"rank":1582},"geometry":{"type":"Point","coordinates":[126.912144,37.550014]}},{"type":"Feature","properties":{"id":"A10023681","name":"신안타워아파트","district":"구로구","neighborhood":"구로동","avgPrice":3.42,"households":2434,"buildingCount":4,"rank":1583},"geometry":{"type":"Point","coordinates":[126.888757,37.495826]}},{"type":"Feature","properties":{"id":"A10027901","name":"용산 KCC 웰츠타워","district":"용산구","neighborhood":"문배동","avgPrice":10.59,"households":2433,"buildingCount":18,"rank":1584},"geometry":{"type":"Point","coordinates":[126.968768,37.537775]}},{"type":"Feature","properties":{"id":"A13788206","name":"서초아크로비스타","district":"서초구","neighborhood":"서초동","avgPrice":24.65,"households":2432,"buildingCount":24,"rank":1585},"geometry":{"type":"Point","coordinates":[127.01333,37.498269]}},{"type":"Feature","properties":{"id":"A11077101","name":"창신쌍용아파트2단지","district":"종로구","neighborhood":"창신동","avgPrice":6.1,"households":2431,"buildingCount":5,"rank":1586},"geometry":{"type":"Point","coordinates":[127.011765,37.580354]}},{"type":"Feature","properties":{"id":"A10025127","name":"길성그랑프리텔아파트","district":"양천구","neighborhood":"목동","avgPrice":4.7,"households":2431,"buildingCount":18,"rank":1587},"geometry":{"type":"Point","coordinates":[126.866589,37.538585]}},{"type":"Feature","properties":{"id":"A15807606","name":"목동14단지","district":"양천구","neighborhood":"신정동","avgPrice":6.8,"households":2430,"buildingCount":15,"rank":1588},"geometry":{"type":"Point","coordinates":[126.869607,37.514719]}},{"type":"Feature","properties":{"id":"A10021724","name":"프라비다 M","district":"관악구","neighborhood":"봉천동","avgPrice":1.62,"households":2430,"buildingCount":21,"rank":1589},"geometry":{"type":"Point","coordinates":[126.947632,37.482386]}},{"type":"Feature","properties":{"id":"A13788203","name":"유원서초아파트","district":"서초구","neighborhood":"서초동","avgPrice":17.78,"households":2429,"buildingCount":20,"rank":1590},"geometry":{"type":"Point","coordinates":[127.018344,37.496241]}},{"type":"Feature","properties":{"id":"A15807605","name":"목동13단지","district":"양천구","neighborhood":"신정동","avgPrice":9.25,"households":2429,"buildingCount":6,"rank":1591},"geometry":{"type":"Point","coordinates":[126.869378,37.514262]}},{"type":"Feature","properties":{"id":"A15807604","name":"목동8단지","district":"양천구","neighborhood":"신정동","avgPrice":8.75,"households":2428,"buildingCount":8,"rank":1592},"geometry":{"type":"Point","coordinates":[126.867573,37.520378]}},{"type":"Feature","properties":{"id":"A10020336","name":"더샵강동센트럴시티","district":"강동구","neighborhood":"천호동","avgPrice":7.1,"households":2428,"buildingCount":31,"rank":1593},"geometry":{"type":"Point","coordinates":[127.122118,37.53397]}},{"type":"Feature","properties":{"id":"A15807603","name":"삼성쉐르빌1 아파트","district":"양천구","neighborhood":"신정동","avgPrice":24.37,"households":2427,"buildingCount":18,"rank":1594},"geometry":{"type":"Point","coordinates":[126.85132,37.5043]}},{"type":"Feature","properties":{"id":"A13788201","name":"서초현대4차","district":"서초구","neighborhood":"서초동","avgPrice":18.8,"households":2427,"buildingCount":4,"rank":1595},"geometry":{"type":"Point","coordinates":[127.018573,37.500196]}},{"type":"Feature","properties":{"id":"A10025122","name":"지밸리소홈","district":"영등포구","neighborhood":"대림동","avgPrice":11.95,"households":2426,"buildingCount":28,"rank":1596},"geometry":{"type":"Point","coordinates":[126.880946,37.536705]}},{"type":"Feature","properties":{"id":"A13671209","name":"래미안라센트","district":"성북구","neighborhood":"종암동","avgPrice":7.65,"households":2426,"buildingCount":8,"rank":1597},"geometry":{"type":"Point","coordinates":[127.038744,37.599442]}},{"type":"Feature","properties":{"id":"A15807601","name":"목동삼성쉐르빌2차","district":"양천구","neighborhood":"신정동","avgPrice":16.77,"households":2425,"buildingCount":25,"rank":1598},"geometry":{"type":"Point","coordinates":[126.865397,37.522694]}},{"type":"Feature","properties":{"id":"A13671208","name":"래미안세레니티","district":"성북구","neighborhood":"종암동","avgPrice":6.4,"households":2425,"buildingCount":16,"rank":1599},"geometry":{"type":"Point","coordinates":[127.03102,37.599266]}},{"type":"Feature","properties":{"id":"A13671207","name":"종암극동아파트","district":"성북구","neighborhood":"종암동","avgPrice":4.4,"households":2424,"buildingCount":21,"rank":1600},"geometry":{"type":"Point","coordinates":[127.033479,37.595208]}},{"type":"Feature","properties":{"id":"A10025120","name":"수명산 동원데쟈뷰아파트","district":"양천구","neighborhood":"신월동","avgPrice":1.87,"households":2424,"buildingCount":4,"rank":1601},"geometry":{"type":"Point","coordinates":[126.827068,37.540912]}},{"type":"Feature","properties":{"id":"A15083603","name":"문래힐스테이트","district":"영등포구","neighborhood":"문래동3가","avgPrice":11.17,"households":2423,"buildingCount":20,"rank":1602},"geometry":{"type":"Point","coordinates":[126.890848,37.518439]}},{"type":"Feature","properties":{"id":"A13384304","name":"성수동아그린","district":"성동구","neighborhood":"성수동1가","avgPrice":8.26,"households":2423,"buildingCount":6,"rank":1603},"geometry":{"type":"Point","coordinates":[127.048272,37.550949]}},{"type":"Feature","properties":{"id":"A13671206","name":"종암아이파크1차","district":"성북구","neighborhood":"종암동","avgPrice":6.9,"households":2423,"buildingCount":14,"rank":1604},"geometry":{"type":"Point","coordinates":[127.03027,37.602156]}},{"type":"Feature","properties":{"id":"A13671205","name":"종암SK","district":"성북구","neighborhood":"종암동","avgPrice":14,"households":2422,"buildingCount":19,"rank":1605},"geometry":{"type":"Point","coordinates":[127.036012,37.595777]}},{"type":"Feature","properties":{"id":"A13384303","name":"뚝섬중앙하이츠빌","district":"성동구","neighborhood":"성수동1가","avgPrice":12.79,"households":2422,"buildingCount":15,"rank":1606},"geometry":{"type":"Point","coordinates":[127.047826,37.547848]}},{"type":"Feature","properties":{"id":"A13380901","name":"브라운스톤금호아파트","district":"성동구","neighborhood":"금호동4가","avgPrice":11.27,"households":2422,"buildingCount":12,"rank":1607},"geometry":{"type":"Point","coordinates":[127.015828,37.546821]}},{"type":"Feature","properties":{"id":"A15083602","name":"문래공원한신","district":"영등포구","neighborhood":"문래동3가","avgPrice":6.67,"households":2422,"buildingCount":27,"rank":1608},"geometry":{"type":"Point","coordinates":[126.893037,37.517564]}},{"type":"Feature","properties":{"id":"A13703019","name":"롯데캐슬갤럭시아파트","district":"서초구","neighborhood":"잠원동","avgPrice":27.03,"households":2421,"buildingCount":18,"rank":1609},"geometry":{"type":"Point","coordinates":[127.016199,37.519482]}},{"type":"Feature","properties":{"id":"A15083601","name":"문래국화","district":"영등포구","neighborhood":"문래동3가","avgPrice":9.45,"households":2421,"buildingCount":27,"rank":1610},"geometry":{"type":"Point","coordinates":[126.9107,37.520595]}},{"type":"Feature","properties":{"id":"A13671204","name":"종암2차아이파크","district":"성북구","neighborhood":"종암동","avgPrice":6.15,"households":2421,"buildingCount":29,"rank":1611},"geometry":{"type":"Point","coordinates":[127.032513,37.596303]}},{"type":"Feature","properties":{"id":"A13704404","name":"반포미도아파트","district":"서초구","neighborhood":"반포동","avgPrice":26.44,"households":2420,"buildingCount":8,"rank":1612},"geometry":{"type":"Point","coordinates":[127.008768,37.50126]}},{"type":"Feature","properties":{"id":"A13384301","name":"한양현대아파트","district":"성동구","neighborhood":"성수동1가","avgPrice":8.84,"households":2420,"buildingCount":15,"rank":1613},"geometry":{"type":"Point","coordinates":[127.048209,37.545403]}},{"type":"Feature","properties":{"id":"A13671203","name":"종암선경아파트","district":"성북구","neighborhood":"종암동","avgPrice":3.92,"households":2420,"buildingCount":4,"rank":1614},"geometry":{"type":"Point","coordinates":[127.033814,37.594364]}},{"type":"Feature","properties":{"id":"A12281801","name":"갈현한솔아파트","district":"은평구","neighborhood":"갈현동","avgPrice":2.9,"households":2420,"buildingCount":4,"rank":1615},"geometry":{"type":"Point","coordinates":[126.909871,37.617877]}},{"type":"Feature","properties":{"id":"A13703011","name":"잠원롯데캐슬갤럭시1차","district":"서초구","neighborhood":"잠원동","avgPrice":42.5,"households":2413,"buildingCount":21,"rank":1616},"geometry":{"type":"Point","coordinates":[127.015266,37.512199]}},{"type":"Feature","properties":{"id":"A10086801","name":"황학아크로타워","district":"중구","neighborhood":"황학동","avgPrice":7.9,"households":2407,"buildingCount":8,"rank":1617},"geometry":{"type":"Point","coordinates":[127.021875,37.56612]}},{"type":"Feature","properties":{"id":"A10023673","name":"반포 르엘 아파트","district":"서초구","neighborhood":"잠원동","avgPrice":36.43,"households":2405,"buildingCount":28,"rank":1618},"geometry":{"type":"Point","coordinates":[127.002785,37.507676]}},{"type":"Feature","properties":{"id":"A10027073","name":"래미안에스티움","district":"영등포구","neighborhood":"신길동","avgPrice":10.92,"households":2403,"buildingCount":4,"rank":1619},"geometry":{"type":"Point","coordinates":[126.913909,37.501123]}},{"type":"Feature","properties":{"id":"A10023670","name":"천호역한강청년주택","district":"강동구","neighborhood":"천호동","avgPrice":1.61,"households":2402,"buildingCount":18,"rank":1620},"geometry":{"type":"Point","coordinates":[127.122365,37.539455]}},{"type":"Feature","properties":{"id":"A10021716","name":"성수강변현대아파트","district":"성동구","neighborhood":"성수동2가","avgPrice":20.71,"households":2401,"buildingCount":18,"rank":1621},"geometry":{"type":"Point","coordinates":[127.050881,37.536409]}},{"type":"Feature","properties":{"id":"A10027071","name":"한남아이파크","district":"용산구","neighborhood":"한남동","avgPrice":6.28,"households":2401,"buildingCount":20,"rank":1622},"geometry":{"type":"Point","coordinates":[127.007232,37.532431]}},{"type":"Feature","properties":{"id":"A10025116","name":"e편한세상독산더타워아파트","district":"금천구","neighborhood":"독산동","avgPrice":5,"households":2399,"buildingCount":9,"rank":1623},"geometry":{"type":"Point","coordinates":[126.896309,37.465815]}},{"type":"Feature","properties":{"id":"A10025115","name":"항동중흥S클래스베르데카운티","district":"구로구","neighborhood":"항동","avgPrice":9.4,"households":2398,"buildingCount":13,"rank":1624},"geometry":{"type":"Point","coordinates":[126.912018,37.4991]}},{"type":"Feature","properties":{"id":"A10020326","name":"에드가 수유 청년주택","district":"강북구","neighborhood":"수유동","avgPrice":1.25,"households":2397,"buildingCount":20,"rank":1625},"geometry":{"type":"Point","coordinates":[127.028542,37.63258]}},{"type":"Feature","properties":{"id":"A10025112","name":"고덕롯데캐슬베네루체","district":"강동구","neighborhood":"상일동","avgPrice":11.1,"households":2395,"buildingCount":22,"rank":1626},"geometry":{"type":"Point","coordinates":[127.167801,37.548594]}},{"type":"Feature","properties":{"id":"A11052201","name":"명륜아남1차","district":"종로구","neighborhood":"명륜2가","avgPrice":7.72,"households":2395,"buildingCount":22,"rank":1627},"geometry":{"type":"Point","coordinates":[126.999431,37.585544]}},{"type":"Feature","properties":{"id":"A13204105","name":"창동주공3단지","district":"도봉구","neighborhood":"창동","avgPrice":3.8,"households":2383,"buildingCount":22,"rank":1628},"geometry":{"type":"Point","coordinates":[127.043571,37.649486]}},{"type":"Feature","properties":{"id":"A13204104","name":"창동주공4단지","district":"도봉구","neighborhood":"창동","avgPrice":2.37,"households":2382,"buildingCount":31,"rank":1629},"geometry":{"type":"Point","coordinates":[127.047594,37.645028]}},{"type":"Feature","properties":{"id":"A13204103","name":"창동삼성","district":"도봉구","neighborhood":"창동","avgPrice":10.4,"households":2381,"buildingCount":13,"rank":1630},"geometry":{"type":"Point","coordinates":[127.048928,37.647363]}},{"type":"Feature","properties":{"id":"A13511101","name":"압구정 현대(10,13,14차)","district":"강남구","neighborhood":"압구정동","avgPrice":14.55,"households":2380,"buildingCount":31,"rank":1631},"geometry":{"type":"Point","coordinates":[127.025072,37.522482]}},{"type":"Feature","properties":{"id":"A10023669","name":"보문리슈빌하우트","district":"성북구","neighborhood":"보문동1가","avgPrice":6.83,"households":2380,"buildingCount":24,"rank":1632},"geometry":{"type":"Point","coordinates":[127.019555,37.587246]}},{"type":"Feature","properties":{"id":"A12105001","name":"마포쌍용황금","district":"마포구","neighborhood":"마포동","avgPrice":8.41,"households":2377,"buildingCount":27,"rank":1633},"geometry":{"type":"Point","coordinates":[126.945646,37.537113]}},{"type":"Feature","properties":{"id":"A10023665","name":"우림 루미아트","district":"마포구","neighborhood":"망원동","avgPrice":5.13,"households":2376,"buildingCount":4,"rank":1634},"geometry":{"type":"Point","coordinates":[126.901056,37.559754]}},{"type":"Feature","properties":{"id":"A10023661","name":"힐스테이트뉴포레","district":"관악구","neighborhood":"신림동","avgPrice":7.63,"households":2372,"buildingCount":8,"rank":1635},"geometry":{"type":"Point","coordinates":[126.905607,37.484002]}},{"type":"Feature","properties":{"id":"A13588601","name":"수서동익","district":"강남구","neighborhood":"수서동","avgPrice":13.48,"households":2369,"buildingCount":8,"rank":1636},"geometry":{"type":"Point","coordinates":[127.096519,37.485251]}},{"type":"Feature","properties":{"id":"A10021705","name":"더샵둔촌포레","district":"강동구","neighborhood":"둔촌동","avgPrice":11.53,"households":2369,"buildingCount":9,"rank":1637},"geometry":{"type":"Point","coordinates":[127.146674,37.531666]}},{"type":"Feature","properties":{"id":"A10025104","name":"고덕센트럴 아이파크","district":"강동구","neighborhood":"상일동","avgPrice":10.9,"households":2366,"buildingCount":17,"rank":1638},"geometry":{"type":"Point","coordinates":[127.166799,37.551964]}},{"type":"Feature","properties":{"id":"A15386303","name":"시흥현대빌라","district":"금천구","neighborhood":"시흥동","avgPrice":2.49,"households":2366,"buildingCount":13,"rank":1639},"geometry":{"type":"Point","coordinates":[126.90574,37.452692]}},{"type":"Feature","properties":{"id":"A10025101","name":"성수 대명루첸아파트","district":"성동구","neighborhood":"성수동2가","avgPrice":10.78,"households":2363,"buildingCount":26,"rank":1640},"geometry":{"type":"Point","coordinates":[127.059116,37.537208]}},{"type":"Feature","properties":{"id":"A14319015","name":"구의현대홈시티","district":"광진구","neighborhood":"자양동","avgPrice":7.13,"households":2361,"buildingCount":16,"rank":1641},"geometry":{"type":"Point","coordinates":[127.08315,37.537441]}},{"type":"Feature","properties":{"id":"A14319013","name":"한강성원","district":"광진구","neighborhood":"자양동","avgPrice":8.66,"households":2359,"buildingCount":28,"rank":1642},"geometry":{"type":"Point","coordinates":[127.066164,37.533317]}},{"type":"Feature","properties":{"id":"A14319012","name":"자양더샵스타시티","district":"광진구","neighborhood":"자양동","avgPrice":16.7,"households":2358,"buildingCount":26,"rank":1643},"geometry":{"type":"Point","coordinates":[127.072595,37.53753]}},{"type":"Feature","properties":{"id":"A13475001","name":"천호동아코아","district":"강동구","neighborhood":"천호동","avgPrice":3.75,"households":2358,"buildingCount":15,"rank":1644},"geometry":{"type":"Point","coordinates":[127.125969,37.54128]}},{"type":"Feature","properties":{"id":"A14075201","name":"용산파크자이","district":"용산구","neighborhood":"한강로1가","avgPrice":16.4,"households":2357,"buildingCount":31,"rank":1645},"geometry":{"type":"Point","coordinates":[126.97203,37.536989]}},{"type":"Feature","properties":{"id":"A14319011","name":"자양우성1차","district":"광진구","neighborhood":"자양동","avgPrice":8.49,"households":2357,"buildingCount":29,"rank":1646},"geometry":{"type":"Point","coordinates":[127.074652,37.534288]}},{"type":"Feature","properties":{"id":"A14319010","name":"한강우성아파트","district":"광진구","neighborhood":"자양동","avgPrice":12.38,"households":2356,"buildingCount":14,"rank":1647},"geometry":{"type":"Point","coordinates":[127.065801,37.532542]}},{"type":"Feature","properties":{"id":"A10022263","name":"은평뉴타운2단지제1아파트(우물골4단지)","district":"은평구","neighborhood":"진관동","avgPrice":14.2,"households":2339,"buildingCount":5,"rank":1648},"geometry":{"type":"Point","coordinates":[126.926344,37.639953]}},{"type":"Feature","properties":{"id":"A10022261","name":"은평서해그랑블","district":"은평구","neighborhood":"구산동","avgPrice":3.61,"households":2337,"buildingCount":22,"rank":1649},"geometry":{"type":"Point","coordinates":[126.906492,37.616816]}},{"type":"Feature","properties":{"id":"A10020308","name":"강동와이시티","district":"강동구","neighborhood":"길동","avgPrice":0.65,"households":2337,"buildingCount":24,"rank":1650},"geometry":{"type":"Point","coordinates":[127.137427,37.536449]}},{"type":"Feature","properties":{"id":"A10020307","name":"새절역 두산위브트레지움 ","district":"은평구","neighborhood":"신사동","avgPrice":8.7,"households":2336,"buildingCount":21,"rank":1651},"geometry":{"type":"Point","coordinates":[126.95201,37.5973]}},{"type":"Feature","properties":{"id":"A14319009","name":"자양로얄동아","district":"광진구","neighborhood":"자양동","avgPrice":8.81,"households":2334,"buildingCount":16,"rank":1652},"geometry":{"type":"Point","coordinates":[127.081426,37.528201]}},{"type":"Feature","properties":{"id":"A10020305","name":"광운대역 현대프라힐스","district":"노원구","neighborhood":"월계동","avgPrice":4.37,"households":2334,"buildingCount":16,"rank":1653},"geometry":{"type":"Point","coordinates":[127.062261,37.619608]}},{"type":"Feature","properties":{"id":"A14319008","name":"자양대동","district":"광진구","neighborhood":"자양동","avgPrice":8.09,"households":2333,"buildingCount":14,"rank":1654},"geometry":{"type":"Point","coordinates":[127.068301,37.536494]}},{"type":"Feature","properties":{"id":"A14319007","name":"자양현대홈타운8차","district":"광진구","neighborhood":"자양동","avgPrice":11.9,"households":2332,"buildingCount":31,"rank":1655},"geometry":{"type":"Point","coordinates":[127.072296,37.533781]}},{"type":"Feature","properties":{"id":"A10020303","name":"삼환나띠르빌","district":"서초구","neighborhood":"방배동","avgPrice":9.4,"households":2332,"buildingCount":4,"rank":1656},"geometry":{"type":"Point","coordinates":[127.005314,37.480463]}},{"type":"Feature","properties":{"id":"A14319006","name":"자양2차현대","district":"광진구","neighborhood":"자양동","avgPrice":11.95,"households":2331,"buildingCount":27,"rank":1657},"geometry":{"type":"Point","coordinates":[127.070732,37.534042]}},{"type":"Feature","properties":{"id":"A14319005","name":"자양한강현대","district":"광진구","neighborhood":"자양동","avgPrice":9.89,"households":2330,"buildingCount":22,"rank":1658},"geometry":{"type":"Point","coordinates":[127.066862,37.533122]}},{"type":"Feature","properties":{"id":"A15701602","name":"우장산롯데캐슬","district":"강서구","neighborhood":"화곡동","avgPrice":7.75,"households":2329,"buildingCount":12,"rank":1659},"geometry":{"type":"Point","coordinates":[126.848405,37.555444]}},{"type":"Feature","properties":{"id":"A13183303","name":"용마동아아파트","district":"중랑구","neighborhood":"면목동","avgPrice":3.96,"households":2329,"buildingCount":6,"rank":1660},"geometry":{"type":"Point","coordinates":[127.09505,37.578797]}},{"type":"Feature","properties":{"id":"A14319003","name":"자양현대","district":"광진구","neighborhood":"자양동","avgPrice":8.82,"households":2328,"buildingCount":5,"rank":1661},"geometry":{"type":"Point","coordinates":[127.078972,37.52838]}},{"type":"Feature","properties":{"id":"A15701601","name":"우장산롯데3차","district":"강서구","neighborhood":"화곡동","avgPrice":5.01,"households":2328,"buildingCount":25,"rank":1662},"geometry":{"type":"Point","coordinates":[126.846467,37.552448]}},{"type":"Feature","properties":{"id":"A14319002","name":"자양한강극동","district":"광진구","neighborhood":"자양동","avgPrice":8.79,"households":2327,"buildingCount":6,"rank":1663},"geometry":{"type":"Point","coordinates":[127.06446,37.533796]}},{"type":"Feature","properties":{"id":"A14319001","name":"자양경남아너스빌","district":"광진구","neighborhood":"자양동","avgPrice":7.49,"households":2326,"buildingCount":8,"rank":1664},"geometry":{"type":"Point","coordinates":[127.084171,37.5295]}},{"type":"Feature","properties":{"id":"A15301105","name":"독산동중앙하이츠빌아파트","district":"금천구","neighborhood":"독산동","avgPrice":4.18,"households":2323,"buildingCount":10,"rank":1665},"geometry":{"type":"Point","coordinates":[126.888764,37.464635]}},{"type":"Feature","properties":{"id":"A13123004","name":"한울네세창","district":"중랑구","neighborhood":"망우동","avgPrice":3.2,"households":2321,"buildingCount":17,"rank":1666},"geometry":{"type":"Point","coordinates":[127.10632,37.598397]}},{"type":"Feature","properties":{"id":"A13123003","name":"금호","district":"중랑구","neighborhood":"망우동","avgPrice":4.94,"households":2320,"buildingCount":4,"rank":1667},"geometry":{"type":"Point","coordinates":[127.107822,37.59978]}},{"type":"Feature","properties":{"id":"A13123002","name":"중랑숲Liga아파트","district":"중랑구","neighborhood":"망우동","avgPrice":6.9,"households":2319,"buildingCount":23,"rank":1668},"geometry":{"type":"Point","coordinates":[127.085624,37.602565]}},{"type":"Feature","properties":{"id":"A13123001","name":"예성그린캐슬아파트","district":"중랑구","neighborhood":"망우동","avgPrice":3.42,"households":2318,"buildingCount":27,"rank":1669},"geometry":{"type":"Point","coordinates":[127.10206,37.597018]}},{"type":"Feature","properties":{"id":"A13887901","name":"송파현대힐스테이트","district":"송파구","neighborhood":"풍납동","avgPrice":8.12,"households":2314,"buildingCount":13,"rank":1670},"geometry":{"type":"Point","coordinates":[127.118624,37.531025]}},{"type":"Feature","properties":{"id":"A10023644","name":"월드메르디앙오페라하우스","district":"서초구","neighborhood":"서초동","avgPrice":14.12,"households":2313,"buildingCount":5,"rank":1671},"geometry":{"type":"Point","coordinates":[127.012201,37.485847]}},{"type":"Feature","properties":{"id":"A10022258","name":"청솔2차우성아파트","district":"동대문구","neighborhood":"답십리동","avgPrice":4.65,"households":2313,"buildingCount":22,"rank":1672},"geometry":{"type":"Point","coordinates":[127.06201,37.57557]}},{"type":"Feature","properties":{"id":"A13986306","name":"중계그린","district":"노원구","neighborhood":"중계동","avgPrice":3.23,"households":2313,"buildingCount":11,"rank":1673},"geometry":{"type":"Point","coordinates":[127.06313,37.641895]}},{"type":"Feature","properties":{"id":"A10022256","name":"남해그린힐아파트","district":"은평구","neighborhood":"불광동","avgPrice":2.59,"households":2311,"buildingCount":16,"rank":1674},"geometry":{"type":"Point","coordinates":[126.934332,37.613755]}},{"type":"Feature","properties":{"id":"A15784008","name":"등촌서광","district":"강서구","neighborhood":"등촌동","avgPrice":16.9,"households":2310,"buildingCount":8,"rank":1675},"geometry":{"type":"Point","coordinates":[126.856584,37.557612]}},{"type":"Feature","properties":{"id":"A41279932","name":"은평뉴타운기자촌11단지","district":"은평구","neighborhood":"진관동","avgPrice":4.67,"households":2310,"buildingCount":13,"rank":1676},"geometry":{"type":"Point","coordinates":[126.933903,37.634167]}},{"type":"Feature","properties":{"id":"A41279931","name":"은평뉴타운구파발10단지3관리","district":"은평구","neighborhood":"진관동","avgPrice":6.55,"households":2309,"buildingCount":27,"rank":1677},"geometry":{"type":"Point","coordinates":[126.922508,37.639909]}},{"type":"Feature","properties":{"id":"A13986302","name":"중계경남롯데상아","district":"노원구","neighborhood":"중계동","avgPrice":4.52,"households":2309,"buildingCount":6,"rank":1678},"geometry":{"type":"Point","coordinates":[127.063026,37.638054]}},{"type":"Feature","properties":{"id":"A15780605","name":"가양2단지","district":"강서구","neighborhood":"가양동","avgPrice":4.22,"households":2309,"buildingCount":17,"rank":1679},"geometry":{"type":"Point","coordinates":[126.847175,37.570521]}},{"type":"Feature","properties":{"id":"A41279930","name":"은평뉴타운폭포동4단지제1","district":"은평구","neighborhood":"진관동","avgPrice":12.95,"households":2308,"buildingCount":26,"rank":1680},"geometry":{"type":"Point","coordinates":[126.913695,37.633775]}},{"type":"Feature","properties":{"id":"A15780604","name":"한강타운아파트","district":"강서구","neighborhood":"가양동","avgPrice":7.72,"households":2308,"buildingCount":27,"rank":1681},"geometry":{"type":"Point","coordinates":[126.845043,37.571351]}},{"type":"Feature","properties":{"id":"A15780603","name":"가양동신대아","district":"강서구","neighborhood":"가양동","avgPrice":9.08,"households":2307,"buildingCount":28,"rank":1682},"geometry":{"type":"Point","coordinates":[126.843359,37.572213]}},{"type":"Feature","properties":{"id":"A15780602","name":"가양한보구암","district":"강서구","neighborhood":"가양동","avgPrice":9.75,"households":2306,"buildingCount":25,"rank":1683},"geometry":{"type":"Point","coordinates":[126.848921,37.568766]}},{"type":"Feature","properties":{"id":"A15784003","name":"등촌코오롱오투빌1차","district":"강서구","neighborhood":"등촌동","avgPrice":6.85,"households":2305,"buildingCount":17,"rank":1684},"geometry":{"type":"Point","coordinates":[126.825894,37.563905]}},{"type":"Feature","properties":{"id":"A10026989","name":"대림아르빌아파트","district":"구로구","neighborhood":"구로동","avgPrice":4.49,"households":2298,"buildingCount":16,"rank":1685},"geometry":{"type":"Point","coordinates":[126.895409,37.490542]}},{"type":"Feature","properties":{"id":"A10026988","name":"트리마제","district":"성동구","neighborhood":"성수동1가","avgPrice":34.04,"households":2297,"buildingCount":28,"rank":1686},"geometry":{"type":"Point","coordinates":[127.045047,37.538813]}},{"type":"Feature","properties":{"id":"A15102902","name":"신림건영4차","district":"관악구","neighborhood":"신림동","avgPrice":4.18,"households":2297,"buildingCount":17,"rank":1687},"geometry":{"type":"Point","coordinates":[126.93319,37.480389]}},{"type":"Feature","properties":{"id":"A15380101","name":"가산삼익아파트","district":"금천구","neighborhood":"가산동","avgPrice":2.88,"households":2296,"buildingCount":11,"rank":1688},"geometry":{"type":"Point","coordinates":[126.893077,37.473012]}},{"type":"Feature","properties":{"id":"A13407002","name":"명일삼익가든1,2차","district":"강동구","neighborhood":"명일동","avgPrice":9.03,"households":2294,"buildingCount":13,"rank":1689},"geometry":{"type":"Point","coordinates":[127.147148,37.547216]}},{"type":"Feature","properties":{"id":"A41279929","name":"은평뉴타운제각말5단지제4","district":"은평구","neighborhood":"진관동","avgPrice":10.05,"households":2286,"buildingCount":13,"rank":1690},"geometry":{"type":"Point","coordinates":[126.916696,37.63475]}},{"type":"Feature","properties":{"id":"A41279928","name":"은평뉴타운구파발10단지2관리","district":"은평구","neighborhood":"진관동","avgPrice":8.95,"households":2285,"buildingCount":18,"rank":1691},"geometry":{"type":"Point","coordinates":[126.926778,37.636378]}},{"type":"Feature","properties":{"id":"A41279927","name":"은평뉴타운 구파발10단지 제1","district":"은평구","neighborhood":"진관동","avgPrice":11.1,"households":2284,"buildingCount":7,"rank":1692},"geometry":{"type":"Point","coordinates":[126.91674,37.64212]}},{"type":"Feature","properties":{"id":"A13579506","name":"개나리SKVIEW","district":"강남구","neighborhood":"역삼동","avgPrice":16.45,"households":2283,"buildingCount":5,"rank":1693},"geometry":{"type":"Point","coordinates":[127.050093,37.5016]}},{"type":"Feature","properties":{"id":"A41279926","name":"은평뉴타운폭포동4단지제3","district":"은평구","neighborhood":"진관동","avgPrice":13.15,"households":2283,"buildingCount":28,"rank":1694},"geometry":{"type":"Point","coordinates":[126.914948,37.632902]}},{"type":"Feature","properties":{"id":"A10022249","name":"아남아파트","district":"송파구","neighborhood":"마천동","avgPrice":4.93,"households":2283,"buildingCount":4,"rank":1695},"geometry":{"type":"Point","coordinates":[127.146066,37.500459]}},{"type":"Feature","properties":{"id":"A13579505","name":"래미안그레이튼3차","district":"강남구","neighborhood":"역삼동","avgPrice":20.35,"households":2282,"buildingCount":17,"rank":1696},"geometry":{"type":"Point","coordinates":[127.047338,37.495314]}},{"type":"Feature","properties":{"id":"A41279925","name":"은평뉴타운제각말5단지제3","district":"은평구","neighborhood":"진관동","avgPrice":9.95,"households":2282,"buildingCount":12,"rank":1697},"geometry":{"type":"Point","coordinates":[126.934657,37.638884]}},{"type":"Feature","properties":{"id":"A10022248","name":"광진동양파라곤","district":"광진구","neighborhood":"군자동","avgPrice":7.02,"households":2282,"buildingCount":25,"rank":1698},"geometry":{"type":"Point","coordinates":[127.070279,37.548616]}},{"type":"Feature","properties":{"id":"A41279924","name":"은평뉴타운폭포동4단지제2","district":"은평구","neighborhood":"진관동","avgPrice":13.05,"households":2281,"buildingCount":27,"rank":1699},"geometry":{"type":"Point","coordinates":[126.92703,37.640349]}},{"type":"Feature","properties":{"id":"A10023633","name":"래미안 엘리니티","district":"동대문구","neighborhood":"용두동","avgPrice":9.24,"households":2281,"buildingCount":8,"rank":1700},"geometry":{"type":"Point","coordinates":[127.028476,37.579627]}},{"type":"Feature","properties":{"id":"A13579504","name":"한화진넥스빌","district":"강남구","neighborhood":"역삼동","avgPrice":2.58,"households":2281,"buildingCount":17,"rank":1701},"geometry":{"type":"Point","coordinates":[127.044282,37.50199]}},{"type":"Feature","properties":{"id":"A13579503","name":"역삼2차아이파크","district":"강남구","neighborhood":"역삼동","avgPrice":19.93,"households":2280,"buildingCount":9,"rank":1702},"geometry":{"type":"Point","coordinates":[127.05164,37.496726]}},{"type":"Feature","properties":{"id":"A41279923","name":"은평뉴타운제각말5단지제1","district":"은평구","neighborhood":"진관동","avgPrice":9.75,"households":2280,"buildingCount":10,"rank":1703},"geometry":{"type":"Point","coordinates":[126.93211,37.628417]}},{"type":"Feature","properties":{"id":"A41279922","name":"은평뉴타운제각말5단지제2","district":"은평구","neighborhood":"진관동","avgPrice":9.85,"households":2279,"buildingCount":11,"rank":1704},"geometry":{"type":"Point","coordinates":[126.936525,37.638046]}},{"type":"Feature","properties":{"id":"A13579501","name":"역삼개나리푸르지오","district":"강남구","neighborhood":"역삼동","avgPrice":24.74,"households":2278,"buildingCount":21,"rank":1705},"geometry":{"type":"Point","coordinates":[127.049993,37.499733]}},{"type":"Feature","properties":{"id":"A41279921","name":"은평뉴타운구파발9단지1관리","district":"은평구","neighborhood":"진관동","avgPrice":7.1,"households":2278,"buildingCount":17,"rank":1706},"geometry":{"type":"Point","coordinates":[126.920394,37.636884]}},{"type":"Feature","properties":{"id":"A41279920","name":"은평뉴타운구파발9단지제2","district":"은평구","neighborhood":"진관동","avgPrice":6.75,"households":2277,"buildingCount":10,"rank":1707},"geometry":{"type":"Point","coordinates":[126.923813,37.643819]}},{"type":"Feature","properties":{"id":"A13482603","name":"명일한양","district":"강동구","neighborhood":"명일동","avgPrice":13.76,"households":2274,"buildingCount":28,"rank":1708},"geometry":{"type":"Point","coordinates":[127.155168,37.550419]}},{"type":"Feature","properties":{"id":"A14278101","name":"수유극동아파트","district":"강북구","neighborhood":"수유동","avgPrice":3.37,"households":2271,"buildingCount":4,"rank":1709},"geometry":{"type":"Point","coordinates":[127.012692,37.642229]}},{"type":"Feature","properties":{"id":"A15280304","name":"개봉거성푸르뫼1차","district":"구로구","neighborhood":"개봉동","avgPrice":13.3,"households":2270,"buildingCount":21,"rank":1710},"geometry":{"type":"Point","coordinates":[126.903202,37.47759]}},{"type":"Feature","properties":{"id":"A15101509","name":"신림SH빌(임대)","district":"관악구","neighborhood":"신림동","avgPrice":7.7,"households":2269,"buildingCount":8,"rank":1711},"geometry":{"type":"Point","coordinates":[126.94145,37.48884]}},{"type":"Feature","properties":{"id":"A15280303","name":"개봉거성푸르뫼2차아피트","district":"구로구","neighborhood":"개봉동","avgPrice":3.18,"households":2269,"buildingCount":4,"rank":1712},"geometry":{"type":"Point","coordinates":[126.843253,37.500124]}},{"type":"Feature","properties":{"id":"A15101508","name":"신림현대","district":"관악구","neighborhood":"신림동","avgPrice":4.03,"households":2268,"buildingCount":12,"rank":1713},"geometry":{"type":"Point","coordinates":[126.932423,37.475087]}},{"type":"Feature","properties":{"id":"A13307204","name":"행당대림","district":"성동구","neighborhood":"행당동","avgPrice":22.65,"households":2267,"buildingCount":16,"rank":1714},"geometry":{"type":"Point","coordinates":[127.027096,37.557887]}},{"type":"Feature","properties":{"id":"A15101507","name":"신림주공1단지","district":"관악구","neighborhood":"신림동","avgPrice":1.34,"households":2267,"buildingCount":12,"rank":1715},"geometry":{"type":"Point","coordinates":[126.927967,37.466025]}},{"type":"Feature","properties":{"id":"A15101506","name":"삼성산주공3단지","district":"관악구","neighborhood":"신림동","avgPrice":3.73,"households":2266,"buildingCount":11,"rank":1716},"geometry":{"type":"Point","coordinates":[126.926159,37.462467]}},{"type":"Feature","properties":{"id":"A12208105","name":"현대아파트","district":"은평구","neighborhood":"신사동","avgPrice":3.23,"households":2266,"buildingCount":4,"rank":1717},"geometry":{"type":"Point","coordinates":[126.907135,37.597852]}},{"type":"Feature","properties":{"id":"A10026977","name":"월드메르디앙아파트","district":"서초구","neighborhood":"잠원동","avgPrice":11.71,"households":2265,"buildingCount":23,"rank":1718},"geometry":{"type":"Point","coordinates":[127.01647,37.512625]}},{"type":"Feature","properties":{"id":"A13307202","name":"신동아","district":"성동구","neighborhood":"행당동","avgPrice":7.35,"households":2265,"buildingCount":31,"rank":1719},"geometry":{"type":"Point","coordinates":[127.032748,37.554276]}},{"type":"Feature","properties":{"id":"A15101505","name":"신림벽산블루밍","district":"관악구","neighborhood":"신림동","avgPrice":4.17,"households":2265,"buildingCount":10,"rank":1720},"geometry":{"type":"Point","coordinates":[126.931228,37.463933]}},{"type":"Feature","properties":{"id":"A12208104","name":"라이프 씨티아파트","district":"은평구","neighborhood":"신사동","avgPrice":2.75,"households":2265,"buildingCount":16,"rank":1721},"geometry":{"type":"Point","coordinates":[126.905548,37.602369]}},{"type":"Feature","properties":{"id":"A13307201","name":"행당브라운스톤","district":"성동구","neighborhood":"행당동","avgPrice":9,"households":2264,"buildingCount":8,"rank":1722},"geometry":{"type":"Point","coordinates":[127.029952,37.558458]}},{"type":"Feature","properties":{"id":"A15101504","name":"관악산휴먼시아","district":"관악구","neighborhood":"신림동","avgPrice":4.18,"households":2264,"buildingCount":11,"rank":1723},"geometry":{"type":"Point","coordinates":[126.920098,37.459076]}},{"type":"Feature","properties":{"id":"A12208103","name":"신사동 한신 휴 플러스","district":"은평구","neighborhood":"신사동","avgPrice":4.11,"households":2264,"buildingCount":11,"rank":1724},"geometry":{"type":"Point","coordinates":[126.906192,37.599006]}},{"type":"Feature","properties":{"id":"A13402204","name":"강변그대가리버뷰","district":"강동구","neighborhood":"천호동","avgPrice":8.31,"households":2263,"buildingCount":7,"rank":1725},"geometry":{"type":"Point","coordinates":[127.123097,37.5478]}},{"type":"Feature","properties":{"id":"A15101503","name":"신림2차푸르지오","district":"관악구","neighborhood":"신림동","avgPrice":4.46,"households":2263,"buildingCount":6,"rank":1726},"geometry":{"type":"Point","coordinates":[126.919793,37.46138]}},{"type":"Feature","properties":{"id":"A12208102","name":"신사씨티","district":"은평구","neighborhood":"신사동","avgPrice":2.66,"households":2263,"buildingCount":24,"rank":1727},"geometry":{"type":"Point","coordinates":[126.904129,37.600227]}},{"type":"Feature","properties":{"id":"A12208101","name":"신사성원아파트","district":"은평구","neighborhood":"신사동","avgPrice":3.48,"households":2262,"buildingCount":9,"rank":1728},"geometry":{"type":"Point","coordinates":[126.913326,37.600488]}},{"type":"Feature","properties":{"id":"A13402202","name":"천호e-편한세상","district":"강동구","neighborhood":"천호동","avgPrice":7.44,"households":2261,"buildingCount":25,"rank":1729},"geometry":{"type":"Point","coordinates":[127.124292,37.544411]}},{"type":"Feature","properties":{"id":"A15101501","name":"보라매파크뷰","district":"관악구","neighborhood":"신림동","avgPrice":4.08,"households":2261,"buildingCount":20,"rank":1730},"geometry":{"type":"Point","coordinates":[126.943596,37.4649]}},{"type":"Feature","properties":{"id":"A10026972","name":"서초동 아이파크","district":"서초구","neighborhood":"서초동","avgPrice":11.86,"households":2260,"buildingCount":7,"rank":1731},"geometry":{"type":"Point","coordinates":[127.022994,37.48565]}},{"type":"Feature","properties":{"id":"A10020797","name":"신영지웰에스테이트개봉역","district":"구로구","neighborhood":"개봉동","avgPrice":4.68,"households":2259,"buildingCount":17,"rank":1732},"geometry":{"type":"Point","coordinates":[126.857689,37.4955]}},{"type":"Feature","properties":{"id":"A10020796","name":"잠실더샵루벤","district":"송파구","neighborhood":"송파동","avgPrice":16.52,"households":2258,"buildingCount":17,"rank":1733},"geometry":{"type":"Point","coordinates":[127.078814,37.53376]}},{"type":"Feature","properties":{"id":"A10024198","name":"불광롯데캐슬4차아파트","district":"은평구","neighborhood":"불광동","avgPrice":15.85,"households":2258,"buildingCount":6,"rank":1734},"geometry":{"type":"Point","coordinates":[126.934276,37.612849]}},{"type":"Feature","properties":{"id":"A10024197","name":"송파레이크힐아파트","district":"송파구","neighborhood":"거여동","avgPrice":7.24,"households":2257,"buildingCount":17,"rank":1735},"geometry":{"type":"Point","coordinates":[127.144019,37.485985]}},{"type":"Feature","properties":{"id":"A41279918","name":"은평뉴타운우물골7단지","district":"은평구","neighborhood":"진관동","avgPrice":9.95,"households":2254,"buildingCount":30,"rank":1736},"geometry":{"type":"Point","coordinates":[126.9187,37.633397]}},{"type":"Feature","properties":{"id":"A13786704","name":"서초한신플러스타운","district":"서초구","neighborhood":"서초동","avgPrice":20.75,"households":2253,"buildingCount":28,"rank":1737},"geometry":{"type":"Point","coordinates":[127.014306,37.482854]}},{"type":"Feature","properties":{"id":"A41279917","name":"은평뉴타운우물골6단지","district":"은평구","neighborhood":"진관동","avgPrice":12.35,"households":2253,"buildingCount":21,"rank":1738},"geometry":{"type":"Point","coordinates":[126.924408,37.635639]}},{"type":"Feature","properties":{"id":"A41279916","name":"은평뉴타운우물골5단지","district":"은평구","neighborhood":"진관동","avgPrice":5.8,"households":2252,"buildingCount":12,"rank":1739},"geometry":{"type":"Point","coordinates":[126.915956,37.634409]}},{"type":"Feature","properties":{"id":"A41279915","name":"은평뉴타운우물골8단지","district":"은평구","neighborhood":"진관동","avgPrice":7.55,"households":2251,"buildingCount":11,"rank":1740},"geometry":{"type":"Point","coordinates":[126.919404,37.634418]}},{"type":"Feature","properties":{"id":"A15772902","name":"등촌우성102동","district":"강서구","neighborhood":"등촌동","avgPrice":9.05,"households":2250,"buildingCount":22,"rank":1741},"geometry":{"type":"Point","coordinates":[126.859687,37.557439]}},{"type":"Feature","properties":{"id":"A41279914","name":"은평뉴타운마고정2단지","district":"은평구","neighborhood":"진관동","avgPrice":7.9,"households":2250,"buildingCount":28,"rank":1742},"geometry":{"type":"Point","coordinates":[126.923447,37.63308]}},{"type":"Feature","properties":{"id":"A15676512","name":"대방주공1단지","district":"동작구","neighborhood":"대방동","avgPrice":1.47,"households":2250,"buildingCount":31,"rank":1743},"geometry":{"type":"Point","coordinates":[126.930315,37.510687]}},{"type":"Feature","properties":{"id":"A41279913","name":"은평뉴타운마고정11단지","district":"은평구","neighborhood":"진관동","avgPrice":7.4,"households":2249,"buildingCount":18,"rank":1744},"geometry":{"type":"Point","coordinates":[126.921164,37.636026]}},{"type":"Feature","properties":{"id":"A15772901","name":"등촌우성101동","district":"강서구","neighborhood":"등촌동","avgPrice":4.42,"households":2249,"buildingCount":19,"rank":1745},"geometry":{"type":"Point","coordinates":[126.859958,37.557468]}},{"type":"Feature","properties":{"id":"A41279912","name":"은평뉴타운마고정3단지","district":"은평구","neighborhood":"진관동","avgPrice":14.5,"households":2248,"buildingCount":9,"rank":1746},"geometry":{"type":"Point","coordinates":[126.927287,37.633276]}},{"type":"Feature","properties":{"id":"A10027023","name":"문래우정아파트","district":"영등포구","neighborhood":"문래동3가","avgPrice":5.86,"households":2248,"buildingCount":27,"rank":1747},"geometry":{"type":"Point","coordinates":[126.892872,37.515533]}},{"type":"Feature","properties":{"id":"A10023620","name":"방배 현대멤피스 2차 아파트","district":"서초구","neighborhood":"방배동","avgPrice":15,"households":2247,"buildingCount":27,"rank":1748},"geometry":{"type":"Point","coordinates":[126.998057,37.480097]}},{"type":"Feature","properties":{"id":"A41279911","name":"은평뉴타운박석고개제12단지아파트","district":"은평구","neighborhood":"진관동","avgPrice":7.65,"households":2247,"buildingCount":6,"rank":1749},"geometry":{"type":"Point","coordinates":[126.918574,37.636356]}},{"type":"Feature","properties":{"id":"A15809502","name":"수명산롯데캐슬","district":"양천구","neighborhood":"신월동","avgPrice":5.7,"households":2247,"buildingCount":12,"rank":1750},"geometry":{"type":"Point","coordinates":[126.82851,37.544631]}},{"type":"Feature","properties":{"id":"A13980108","name":"공릉우성","district":"노원구","neighborhood":"공릉동","avgPrice":3.81,"households":2247,"buildingCount":21,"rank":1751},"geometry":{"type":"Point","coordinates":[127.072676,37.628557]}},{"type":"Feature","properties":{"id":"A13287801","name":"쌍문현대3차","district":"도봉구","neighborhood":"쌍문동","avgPrice":2.85,"households":2247,"buildingCount":16,"rank":1752},"geometry":{"type":"Point","coordinates":[127.021471,37.652013]}},{"type":"Feature","properties":{"id":"A41279910","name":"은평뉴타운박석고개1단지","district":"은평구","neighborhood":"진관동","avgPrice":7.75,"households":2246,"buildingCount":18,"rank":1753},"geometry":{"type":"Point","coordinates":[126.921148,37.633733]}},{"type":"Feature","properties":{"id":"A13881701","name":"송파파크데일1단지","district":"송파구","neighborhood":"마천동","avgPrice":5.75,"households":2246,"buildingCount":14,"rank":1754},"geometry":{"type":"Point","coordinates":[127.15902,37.499042]}},{"type":"Feature","properties":{"id":"A13980107","name":"공릉신도1차","district":"노원구","neighborhood":"공릉동","avgPrice":4.94,"households":2246,"buildingCount":27,"rank":1755},"geometry":{"type":"Point","coordinates":[127.069939,37.627654]}},{"type":"Feature","properties":{"id":"A10022233","name":"등촌2차보람아파트","district":"강서구","neighborhood":"등촌동","avgPrice":4.6,"households":2246,"buildingCount":15,"rank":1756},"geometry":{"type":"Point","coordinates":[126.858402,37.553753]}},{"type":"Feature","properties":{"id":"A13885102","name":"한양아파트","district":"송파구","neighborhood":"송파동","avgPrice":14.38,"households":2245,"buildingCount":11,"rank":1757},"geometry":{"type":"Point","coordinates":[127.114115,37.505824]}},{"type":"Feature","properties":{"id":"A10022232","name":"풍전아파트","district":"용산구","neighborhood":"원효로4가","avgPrice":7.68,"households":2245,"buildingCount":5,"rank":1758},"geometry":{"type":"Point","coordinates":[126.953665,37.532663]}},{"type":"Feature","properties":{"id":"A13382802","name":"성수한강한신","district":"성동구","neighborhood":"성수동2가","avgPrice":24.55,"households":2244,"buildingCount":28,"rank":1759},"geometry":{"type":"Point","coordinates":[127.060294,37.544507]}},{"type":"Feature","properties":{"id":"A13980105","name":"공릉대동2차","district":"노원구","neighborhood":"공릉동","avgPrice":3.59,"households":2244,"buildingCount":27,"rank":1760},"geometry":{"type":"Point","coordinates":[127.072492,37.619747]}},{"type":"Feature","properties":{"id":"A10022230","name":"르메이에르","district":"동작구","neighborhood":"사당동","avgPrice":4.79,"households":2243,"buildingCount":24,"rank":1761},"geometry":{"type":"Point","coordinates":[126.973735,37.478469]}},{"type":"Feature","properties":{"id":"A13980102","name":"공릉신원","district":"노원구","neighborhood":"공릉동","avgPrice":3.56,"households":2241,"buildingCount":16,"rank":1762},"geometry":{"type":"Point","coordinates":[127.075368,37.627711]}},{"type":"Feature","properties":{"id":"A13706303","name":"방배대우효령","district":"서초구","neighborhood":"방배동","avgPrice":13.27,"households":2240,"buildingCount":24,"rank":1763},"geometry":{"type":"Point","coordinates":[126.993717,37.479601]}},{"type":"Feature","properties":{"id":"A13706302","name":"방배래미안타워","district":"서초구","neighborhood":"방배동","avgPrice":15.2,"households":2239,"buildingCount":13,"rank":1764},"geometry":{"type":"Point","coordinates":[126.991316,37.47475]}},{"type":"Feature","properties":{"id":"A15005102","name":"신기목련","district":"영등포구","neighborhood":"신길동","avgPrice":2.92,"households":2231,"buildingCount":31,"rank":1765},"geometry":{"type":"Point","coordinates":[126.915011,37.508255]}},{"type":"Feature","properties":{"id":"A10026961","name":"송파파크데일3단지아파트","district":"송파구","neighborhood":"마천동","avgPrice":2.37,"households":2228,"buildingCount":16,"rank":1766},"geometry":{"type":"Point","coordinates":[127.157918,37.494653]}},{"type":"Feature","properties":{"id":"A10024188","name":"롯데타워아파트","district":"동작구","neighborhood":"신대방동","avgPrice":6.7,"households":2227,"buildingCount":7,"rank":1767},"geometry":{"type":"Point","coordinates":[126.923214,37.490761]}},{"type":"Feature","properties":{"id":"A10020786","name":"골드타워신대방청년주택","district":"동작구","neighborhood":"신대방동","avgPrice":2.36,"households":2227,"buildingCount":5,"rank":1768},"geometry":{"type":"Point","coordinates":[126.925852,37.497774]}},{"type":"Feature","properties":{"id":"A10025573","name":"세림리오빌아파트","district":"광진구","neighborhood":"구의동","avgPrice":6.63,"households":2226,"buildingCount":8,"rank":1769},"geometry":{"type":"Point","coordinates":[127.092226,37.539248]}},{"type":"Feature","properties":{"id":"A10024186","name":"청담우방아파트","district":"강남구","neighborhood":"청담동","avgPrice":15.05,"households":2225,"buildingCount":20,"rank":1770},"geometry":{"type":"Point","coordinates":[127.043919,37.518112]}},{"type":"Feature","properties":{"id":"A41279909","name":"은평뉴타운박석고개13단지","district":"은평구","neighborhood":"진관동","avgPrice":9.5,"households":2224,"buildingCount":13,"rank":1771},"geometry":{"type":"Point","coordinates":[126.922233,37.631228]}},{"type":"Feature","properties":{"id":"A10027019","name":"상암DMC엘가","district":"서대문구","neighborhood":"남가좌동","avgPrice":12.8,"households":2223,"buildingCount":31,"rank":1772},"geometry":{"type":"Point","coordinates":[126.917861,37.569849]}},{"type":"Feature","properties":{"id":"A41279908","name":"은평뉴타운 상림마을3단지","district":"은평구","neighborhood":"진관동","avgPrice":5.75,"households":2223,"buildingCount":11,"rank":1773},"geometry":{"type":"Point","coordinates":[126.926315,37.646152]}},{"type":"Feature","properties":{"id":"A41279907","name":"은평뉴타운상림마을11단지","district":"은평구","neighborhood":"진관동","avgPrice":14.1,"households":2222,"buildingCount":18,"rank":1774},"geometry":{"type":"Point","coordinates":[126.926877,37.644224]}},{"type":"Feature","properties":{"id":"A13993901","name":"하계학여울청구A","district":"노원구","neighborhood":"하계동","avgPrice":11.2,"households":2222,"buildingCount":13,"rank":1775},"geometry":{"type":"Point","coordinates":[127.035398,37.6398]}},{"type":"Feature","properties":{"id":"A41279906","name":"은평뉴타운상림마을10단지","district":"은평구","neighborhood":"진관동","avgPrice":7.55,"households":2221,"buildingCount":9,"rank":1776},"geometry":{"type":"Point","coordinates":[126.927991,37.645093]}},{"type":"Feature","properties":{"id":"A10022228","name":"한남동현대하이페리온아파트","district":"용산구","neighborhood":"한남동","avgPrice":34.88,"households":2220,"buildingCount":21,"rank":1777},"geometry":{"type":"Point","coordinates":[127.004642,37.527547]}},{"type":"Feature","properties":{"id":"A10027016","name":"방배자이아파트","district":"서초구","neighborhood":"방배동","avgPrice":20.52,"households":2220,"buildingCount":29,"rank":1778},"geometry":{"type":"Point","coordinates":[126.999061,37.486395]}},{"type":"Feature","properties":{"id":"A41279905","name":"은평뉴타운상림마을4단지","district":"은평구","neighborhood":"진관동","avgPrice":6.85,"households":2220,"buildingCount":14,"rank":1779},"geometry":{"type":"Point","coordinates":[126.927522,37.647096]}},{"type":"Feature","properties":{"id":"A41279904","name":"은평뉴타운상림마을6단지","district":"은평구","neighborhood":"진관동","avgPrice":11,"households":2219,"buildingCount":4,"rank":1780},"geometry":{"type":"Point","coordinates":[126.931091,37.649185]}},{"type":"Feature","properties":{"id":"A41279903","name":"은평뉴타운상림마을7단지","district":"은평구","neighborhood":"진관동","avgPrice":8.6,"households":2218,"buildingCount":13,"rank":1781},"geometry":{"type":"Point","coordinates":[126.931781,37.648829]}},{"type":"Feature","properties":{"id":"A41279902","name":"은평뉴타운상림마을5단지","district":"은평구","neighborhood":"진관동","avgPrice":13.4,"households":2217,"buildingCount":23,"rank":1782},"geometry":{"type":"Point","coordinates":[126.928708,37.648117]}},{"type":"Feature","properties":{"id":"A10023610","name":"송파kcc아파트","district":"송파구","neighborhood":"송파동","avgPrice":19.8,"households":2216,"buildingCount":12,"rank":1783},"geometry":{"type":"Point","coordinates":[127.117186,37.502911]}},{"type":"Feature","properties":{"id":"A13785302","name":"방배우성","district":"서초구","neighborhood":"방배동","avgPrice":13.54,"households":2216,"buildingCount":28,"rank":1784},"geometry":{"type":"Point","coordinates":[126.982993,37.474222]}},{"type":"Feature","properties":{"id":"A41279901","name":"은평뉴타운상림마을14단지","district":"은평구","neighborhood":"진관동","avgPrice":11.35,"households":2216,"buildingCount":17,"rank":1785},"geometry":{"type":"Point","coordinates":[126.930851,37.642183]}},{"type":"Feature","properties":{"id":"A11054101","name":"창신두산","district":"종로구","neighborhood":"창신동","avgPrice":5.96,"households":2216,"buildingCount":19,"rank":1786},"geometry":{"type":"Point","coordinates":[127.014055,37.574138]}},{"type":"Feature","properties":{"id":"A10022224","name":"신월나산아파트","district":"양천구","neighborhood":"신월동","avgPrice":2.59,"households":2216,"buildingCount":16,"rank":1787},"geometry":{"type":"Point","coordinates":[126.834256,37.527573]}},{"type":"Feature","properties":{"id":"A13785301","name":"방배래미안","district":"서초구","neighborhood":"방배동","avgPrice":15.65,"households":2215,"buildingCount":21,"rank":1788},"geometry":{"type":"Point","coordinates":[126.984485,37.472403]}},{"type":"Feature","properties":{"id":"A10022222","name":"신정대성유니드1차아파트","district":"양천구","neighborhood":"신정동","avgPrice":3.52,"households":2214,"buildingCount":15,"rank":1789},"geometry":{"type":"Point","coordinates":[126.849095,37.520457]}},{"type":"Feature","properties":{"id":"A10022221","name":"서빙고 그린파크 아파트","district":"용산구","neighborhood":"서빙고동","avgPrice":10.41,"households":2213,"buildingCount":9,"rank":1790},"geometry":{"type":"Point","coordinates":[126.991109,37.523047]}},{"type":"Feature","properties":{"id":"A11034001","name":"현대뜨레비앙","district":"종로구","neighborhood":"익선동","avgPrice":2.79,"households":2213,"buildingCount":29,"rank":1791},"geometry":{"type":"Point","coordinates":[126.990012,37.575212]}},{"type":"Feature","properties":{"id":"A12127008","name":"상암월드컵8단지","district":"마포구","neighborhood":"상암동","avgPrice":14.2,"households":2208,"buildingCount":30,"rank":1792},"geometry":{"type":"Point","coordinates":[126.882856,37.577538]}},{"type":"Feature","properties":{"id":"A13820007","name":"문정시영","district":"송파구","neighborhood":"문정동","avgPrice":4.86,"households":2208,"buildingCount":10,"rank":1793},"geometry":{"type":"Point","coordinates":[127.135793,37.490966]}},{"type":"Feature","properties":{"id":"A13820006","name":"문정래미안","district":"송파구","neighborhood":"문정동","avgPrice":13.33,"households":2207,"buildingCount":23,"rank":1794},"geometry":{"type":"Point","coordinates":[127.130422,37.490581]}},{"type":"Feature","properties":{"id":"A12127007","name":"상암월드컵1단지","district":"마포구","neighborhood":"상암동","avgPrice":8.65,"households":2207,"buildingCount":23,"rank":1795},"geometry":{"type":"Point","coordinates":[126.893312,37.575323]}},{"type":"Feature","properties":{"id":"A13820005","name":"문정건영","district":"송파구","neighborhood":"문정동","avgPrice":23.5,"households":2206,"buildingCount":22,"rank":1796},"geometry":{"type":"Point","coordinates":[127.12575,37.482441]}},{"type":"Feature","properties":{"id":"A12127006","name":"상암월드컵파크4단지","district":"마포구","neighborhood":"상암동","avgPrice":10.09,"households":2206,"buildingCount":18,"rank":1797},"geometry":{"type":"Point","coordinates":[126.888738,37.57772]}},{"type":"Feature","properties":{"id":"A13820004","name":"가락1차현대아파트","district":"송파구","neighborhood":"문정동","avgPrice":16.4,"households":2205,"buildingCount":8,"rank":1798},"geometry":{"type":"Point","coordinates":[127.126884,37.491396]}},{"type":"Feature","properties":{"id":"A12127005","name":"상암월드컵파크7단지","district":"마포구","neighborhood":"상암동","avgPrice":8.06,"households":2205,"buildingCount":17,"rank":1799},"geometry":{"type":"Point","coordinates":[126.881367,37.581807]}},{"type":"Feature","properties":{"id":"A12127004","name":"상암월드컵파크2단지","district":"마포구","neighborhood":"상암동","avgPrice":6.75,"households":2204,"buildingCount":28,"rank":1800},"geometry":{"type":"Point","coordinates":[126.89158,37.574824]}},{"type":"Feature","properties":{"id":"A12127003","name":"상암월드컵파크3단지","district":"마포구","neighborhood":"상암동","avgPrice":7.34,"households":2203,"buildingCount":9,"rank":1801},"geometry":{"type":"Point","coordinates":[126.88965,37.57269]}},{"type":"Feature","properties":{"id":"A13820002","name":"문정세양청마루","district":"송파구","neighborhood":"문정동","avgPrice":5.45,"households":2203,"buildingCount":27,"rank":1802},"geometry":{"type":"Point","coordinates":[127.136992,37.492454]}},{"type":"Feature","properties":{"id":"A13820001","name":"문정3차푸르지오","district":"송파구","neighborhood":"문정동","avgPrice":18.65,"households":2202,"buildingCount":6,"rank":1803},"geometry":{"type":"Point","coordinates":[127.133508,37.487119]}},{"type":"Feature","properties":{"id":"A12127002","name":"상암월드컵파크6단지","district":"마포구","neighborhood":"상암동","avgPrice":9.69,"households":2202,"buildingCount":8,"rank":1804},"geometry":{"type":"Point","coordinates":[126.88448,37.579698]}},{"type":"Feature","properties":{"id":"A12127001","name":"상암월드컵파크5단지","district":"마포구","neighborhood":"상암동","avgPrice":8.64,"households":2201,"buildingCount":27,"rank":1805},"geometry":{"type":"Point","coordinates":[126.886037,37.580271]}},{"type":"Feature","properties":{"id":"A10024179","name":"독산동태영아파트","district":"금천구","neighborhood":"독산동","avgPrice":3.23,"households":2197,"buildingCount":5,"rank":1806},"geometry":{"type":"Point","coordinates":[126.890493,37.466273]}},{"type":"Feature","properties":{"id":"A10025564","name":"항동 하버라인9단지","district":"구로구","neighborhood":"항동","avgPrice":2.18,"households":2196,"buildingCount":17,"rank":1807},"geometry":{"type":"Point","coordinates":[126.826132,37.480529]}},{"type":"Feature","properties":{"id":"A10025562","name":"신길센트럴아이파크","district":"영등포구","neighborhood":"신길동","avgPrice":8.9,"households":2194,"buildingCount":16,"rank":1808},"geometry":{"type":"Point","coordinates":[126.904601,37.504157]}},{"type":"Feature","properties":{"id":"A12010001","name":"홍은동원베네스트","district":"서대문구","neighborhood":"홍은동","avgPrice":4.37,"households":2192,"buildingCount":18,"rank":1809},"geometry":{"type":"Point","coordinates":[126.943936,37.598943]}},{"type":"Feature","properties":{"id":"A10023606","name":"면목1차두산아파트","district":"중랑구","neighborhood":"면목동","avgPrice":12.25,"households":2191,"buildingCount":24,"rank":1810},"geometry":{"type":"Point","coordinates":[127.102676,37.59829]}},{"type":"Feature","properties":{"id":"A15883702","name":"신월서울가든","district":"양천구","neighborhood":"신월동","avgPrice":3.74,"households":2191,"buildingCount":20,"rank":1811},"geometry":{"type":"Point","coordinates":[126.848681,37.525342]}},{"type":"Feature","properties":{"id":"A10020771","name":"신도림아르디에","district":"구로구","neighborhood":"신도림동","avgPrice":1.38,"households":2191,"buildingCount":4,"rank":1812},"geometry":{"type":"Point","coordinates":[126.887645,37.507271]}},{"type":"Feature","properties":{"id":"A10024172","name":"문정현대아파트","district":"송파구","neighborhood":"문정동","avgPrice":18.1,"households":2190,"buildingCount":11,"rank":1813},"geometry":{"type":"Point","coordinates":[127.125889,37.48567]}},{"type":"Feature","properties":{"id":"A10020770","name":"잠원대주피오레아파트","district":"서초구","neighborhood":"잠원동","avgPrice":11.29,"households":2190,"buildingCount":24,"rank":1814},"geometry":{"type":"Point","coordinates":[127.017012,37.512888]}},{"type":"Feature","properties":{"id":"A10024171","name":"방배그랑자이아파트","district":"서초구","neighborhood":"방배동","avgPrice":23.58,"households":2189,"buildingCount":4,"rank":1815},"geometry":{"type":"Point","coordinates":[126.999785,37.476475]}},{"type":"Feature","properties":{"id":"A10023604","name":"고척아이파크MD","district":"구로구","neighborhood":"고척동","avgPrice":14.5,"households":2189,"buildingCount":24,"rank":1816},"geometry":{"type":"Point","coordinates":[126.859914,37.498069]}},{"type":"Feature","properties":{"id":"A10022217","name":"현진에버빌아파트","district":"동작구","neighborhood":"신대방동","avgPrice":4.52,"households":2188,"buildingCount":4,"rank":1817},"geometry":{"type":"Point","coordinates":[126.907041,37.485844]}},{"type":"Feature","properties":{"id":"A10022213","name":"성산동성아파트","district":"마포구","neighborhood":"성산동","avgPrice":5.09,"households":2184,"buildingCount":25,"rank":1818},"geometry":{"type":"Point","coordinates":[126.905615,37.564901]}},{"type":"Feature","properties":{"id":"A15176202","name":"성현동아","district":"관악구","neighborhood":"봉천동","avgPrice":10.95,"households":2181,"buildingCount":22,"rank":1819},"geometry":{"type":"Point","coordinates":[126.956323,37.489568]}},{"type":"Feature","properties":{"id":"A15770102","name":"그랜드아이파크","district":"강서구","neighborhood":"화곡동","avgPrice":6.25,"households":2180,"buildingCount":16,"rank":1820},"geometry":{"type":"Point","coordinates":[126.851042,37.554284]}},{"type":"Feature","properties":{"id":"A13592002","name":"대우디오빌역삼","district":"강남구","neighborhood":"역삼동","avgPrice":17.15,"households":2179,"buildingCount":11,"rank":1821},"geometry":{"type":"Point","coordinates":[127.033358,37.504771]}},{"type":"Feature","properties":{"id":"A13817101","name":"송파호수임광","district":"송파구","neighborhood":"송파동","avgPrice":7.25,"households":2179,"buildingCount":28,"rank":1822},"geometry":{"type":"Point","coordinates":[127.107409,37.510317]}},{"type":"Feature","properties":{"id":"A15770101","name":"화곡2차보람","district":"강서구","neighborhood":"화곡동","avgPrice":3.57,"households":2179,"buildingCount":23,"rank":1823},"geometry":{"type":"Point","coordinates":[126.841964,37.527654]}},{"type":"Feature","properties":{"id":"A13201209","name":"도봉한신","district":"도봉구","neighborhood":"도봉동","avgPrice":3.55,"households":2175,"buildingCount":9,"rank":1824},"geometry":{"type":"Point","coordinates":[127.047979,37.685882]}},{"type":"Feature","properties":{"id":"A13201208","name":"서원아파트","district":"도봉구","neighborhood":"도봉동","avgPrice":1.73,"households":2174,"buildingCount":20,"rank":1825},"geometry":{"type":"Point","coordinates":[127.047958,37.672359]}},{"type":"Feature","properties":{"id":"A13201207","name":"도봉삼환","district":"도봉구","neighborhood":"도봉동","avgPrice":7.15,"households":2173,"buildingCount":17,"rank":1826},"geometry":{"type":"Point","coordinates":[127.048384,37.681432]}},{"type":"Feature","properties":{"id":"A10026947","name":"꿈의숲롯데캐슬아파트","district":"강북구","neighborhood":"미아동","avgPrice":5.41,"households":2172,"buildingCount":5,"rank":1827},"geometry":{"type":"Point","coordinates":[127.036391,37.617408]}},{"type":"Feature","properties":{"id":"A13201206","name":"도봉동아에코빌","district":"도봉구","neighborhood":"도봉동","avgPrice":4.11,"households":2172,"buildingCount":28,"rank":1828},"geometry":{"type":"Point","coordinates":[127.046817,37.681399]}},{"type":"Feature","properties":{"id":"A10026946","name":"경희궁자이1단지(임대아파트)","district":"종로구","neighborhood":"행촌동","avgPrice":5.41,"households":2171,"buildingCount":18,"rank":1829},"geometry":{"type":"Point","coordinates":[126.963513,37.572038]}},{"type":"Feature","properties":{"id":"A13201203","name":"도봉극동아파트","district":"도봉구","neighborhood":"도봉동","avgPrice":2.84,"households":2169,"buildingCount":7,"rank":1830},"geometry":{"type":"Point","coordinates":[127.049504,37.682486]}},{"type":"Feature","properties":{"id":"A13201202","name":"도봉파크빌3단지","district":"도봉구","neighborhood":"도봉동","avgPrice":3.66,"households":2168,"buildingCount":16,"rank":1831},"geometry":{"type":"Point","coordinates":[127.048677,37.687666]}},{"type":"Feature","properties":{"id":"A15783907","name":"한사랑2차삼성아파트(등촌동)","district":"강서구","neighborhood":"등촌동","avgPrice":5.42,"households":2167,"buildingCount":19,"rank":1832},"geometry":{"type":"Point","coordinates":[126.86419,37.554398]}},{"type":"Feature","properties":{"id":"A13201201","name":"도봉현대성우","district":"도봉구","neighborhood":"도봉동","avgPrice":2.83,"households":2167,"buildingCount":20,"rank":1833},"geometry":{"type":"Point","coordinates":[127.047832,37.676199]}},{"type":"Feature","properties":{"id":"A10020768","name":"장안동  청년주택 하트리움","district":"동대문구","neighborhood":"장안동","avgPrice":2.39,"households":2167,"buildingCount":22,"rank":1834},"geometry":{"type":"Point","coordinates":[127.066732,37.568233]}},{"type":"Feature","properties":{"id":"A10026941","name":"서초푸르지오써밋","district":"서초구","neighborhood":"서초동","avgPrice":24.64,"households":2166,"buildingCount":27,"rank":1835},"geometry":{"type":"Point","coordinates":[127.020744,37.501198]}},{"type":"Feature","properties":{"id":"A10026940","name":"경희궁자이4단지주상복합","district":"종로구","neighborhood":"교북동","avgPrice":6.33,"households":2165,"buildingCount":19,"rank":1836},"geometry":{"type":"Point","coordinates":[126.961393,37.571579]}},{"type":"Feature","properties":{"id":"A15783905","name":"등촌삼성한사랑","district":"강서구","neighborhood":"등촌동","avgPrice":2.83,"households":2165,"buildingCount":25,"rank":1837},"geometry":{"type":"Point","coordinates":[126.854045,37.55595]}},{"type":"Feature","properties":{"id":"A13984814","name":"월계주공2단지","district":"노원구","neighborhood":"월계동","avgPrice":2.52,"households":2165,"buildingCount":9,"rank":1838},"geometry":{"type":"Point","coordinates":[127.052504,37.628635]}},{"type":"Feature","properties":{"id":"A13984813","name":"월계주공1단지","district":"노원구","neighborhood":"월계동","avgPrice":11.3,"households":2164,"buildingCount":28,"rank":1839},"geometry":{"type":"Point","coordinates":[127.0539,37.62824]}},{"type":"Feature","properties":{"id":"A15783902","name":"등촌태영","district":"강서구","neighborhood":"등촌동","avgPrice":4.83,"households":2162,"buildingCount":8,"rank":1840},"geometry":{"type":"Point","coordinates":[126.864155,37.555794]}},{"type":"Feature","properties":{"id":"A10025550","name":"두산힐스빌아파트","district":"서초구","neighborhood":"반포동","avgPrice":7.96,"households":2161,"buildingCount":28,"rank":1841},"geometry":{"type":"Point","coordinates":[127.010044,37.501345]}},{"type":"Feature","properties":{"id":"A10022209","name":"삼성서초가든스위트아파트","district":"서초구","neighborhood":"서초동","avgPrice":26.91,"households":2159,"buildingCount":9,"rank":1842},"geometry":{"type":"Point","coordinates":[127.026001,37.494577]}},{"type":"Feature","properties":{"id":"A10022206","name":"은평뉴타운엘크루","district":"은평구","neighborhood":"진관동","avgPrice":4.21,"households":2156,"buildingCount":13,"rank":1843},"geometry":{"type":"Point","coordinates":[126.919232,37.639567]}},{"type":"Feature","properties":{"id":"A13086802","name":"청량리홍릉동부","district":"동대문구","neighborhood":"청량리동","avgPrice":9.25,"households":2155,"buildingCount":27,"rank":1844},"geometry":{"type":"Point","coordinates":[127.018372,37.586685]}},{"type":"Feature","properties":{"id":"A13680701","name":"길음신안파크","district":"성북구","neighborhood":"길음동","avgPrice":6.55,"households":2153,"buildingCount":28,"rank":1845},"geometry":{"type":"Point","coordinates":[127.015874,37.613986]}},{"type":"Feature","properties":{"id":"A10022202","name":"강동밀레니얼중흥S-클래스","district":"강동구","neighborhood":"천호동","avgPrice":11.9,"households":2152,"buildingCount":14,"rank":1846},"geometry":{"type":"Point","coordinates":[127.108372,37.536085]}},{"type":"Feature","properties":{"id":"A15208007","name":"고척월드메르디앙","district":"구로구","neighborhood":"고척동","avgPrice":5,"households":2150,"buildingCount":14,"rank":1847},"geometry":{"type":"Point","coordinates":[126.863172,37.502915]}},{"type":"Feature","properties":{"id":"A15208006","name":"고척벽산베스트블루밍","district":"구로구","neighborhood":"고척동","avgPrice":5.56,"households":2149,"buildingCount":21,"rank":1848},"geometry":{"type":"Point","coordinates":[126.864377,37.495555]}},{"type":"Feature","properties":{"id":"A15208005","name":"고척마젤란","district":"구로구","neighborhood":"고척동","avgPrice":4.56,"households":2148,"buildingCount":27,"rank":1849},"geometry":{"type":"Point","coordinates":[126.86407,37.504292]}},{"type":"Feature","properties":{"id":"A15208003","name":"고척삼환로즈빌","district":"구로구","neighborhood":"고척동","avgPrice":5.33,"households":2146,"buildingCount":27,"rank":1850},"geometry":{"type":"Point","coordinates":[126.858005,37.497872]}},{"type":"Feature","properties":{"id":"A12181103","name":"마포태영아파트","district":"마포구","neighborhood":"대흥동","avgPrice":11.84,"households":2144,"buildingCount":19,"rank":1851},"geometry":{"type":"Point","coordinates":[126.942688,37.544524]}},{"type":"Feature","properties":{"id":"A12181102","name":"마포태영제2","district":"마포구","neighborhood":"대흥동","avgPrice":9.9,"households":2143,"buildingCount":31,"rank":1852},"geometry":{"type":"Point","coordinates":[126.912108,37.548165]}},{"type":"Feature","properties":{"id":"A12181101","name":"동양엔파트","district":"마포구","neighborhood":"대흥동","avgPrice":9.32,"households":2142,"buildingCount":4,"rank":1853},"geometry":{"type":"Point","coordinates":[126.940564,37.547617]}},{"type":"Feature","properties":{"id":"A15303003","name":"시흥목련","district":"금천구","neighborhood":"시흥동","avgPrice":2.01,"households":2142,"buildingCount":28,"rank":1854},"geometry":{"type":"Point","coordinates":[126.897686,37.45458]}},{"type":"Feature","properties":{"id":"A15303002","name":"관악산벽산타운1단지","district":"금천구","neighborhood":"시흥동","avgPrice":2.68,"households":2141,"buildingCount":11,"rank":1855},"geometry":{"type":"Point","coordinates":[126.919032,37.451661]}},{"type":"Feature","properties":{"id":"A10026934","name":"삼성동롯데캐슬킹덤아파트","district":"강남구","neighborhood":"삼성동","avgPrice":18.65,"households":2138,"buildingCount":8,"rank":1856},"geometry":{"type":"Point","coordinates":[127.048562,37.51782]}},{"type":"Feature","properties":{"id":"A10020758","name":"양평현대3차아파트","district":"영등포구","neighborhood":"양평동3가","avgPrice":6.27,"households":2136,"buildingCount":7,"rank":1857},"geometry":{"type":"Point","coordinates":[126.894927,37.531277]}},{"type":"Feature","properties":{"id":"A13677807","name":"정릉우정에쉐르","district":"성북구","neighborhood":"정릉동","avgPrice":3.84,"households":2136,"buildingCount":31,"rank":1858},"geometry":{"type":"Point","coordinates":[127.010465,37.599969]}},{"type":"Feature","properties":{"id":"A10020757","name":"전농하우스토리","district":"동대문구","neighborhood":"전농동","avgPrice":12.05,"households":2135,"buildingCount":19,"rank":1859},"geometry":{"type":"Point","coordinates":[127.050156,37.556085]}},{"type":"Feature","properties":{"id":"A10024156","name":"서초꽃마을주얼리","district":"서초구","neighborhood":"서초동","avgPrice":2.17,"households":2132,"buildingCount":17,"rank":1860},"geometry":{"type":"Point","coordinates":[127.007616,37.489617]}},{"type":"Feature","properties":{"id":"A10024154","name":"금강KCC아파트","district":"광진구","neighborhood":"자양동","avgPrice":9.7,"households":2130,"buildingCount":6,"rank":1861},"geometry":{"type":"Point","coordinates":[127.074369,37.537651]}},{"type":"Feature","properties":{"id":"A10024152","name":"포레나송파","district":"송파구","neighborhood":"거여동","avgPrice":7.34,"households":2128,"buildingCount":23,"rank":1862},"geometry":{"type":"Point","coordinates":[127.148777,37.485783]}},{"type":"Feature","properties":{"id":"A10020750","name":"성북펠릭스","district":"성북구","neighborhood":"하월곡동","avgPrice":1.67,"households":2128,"buildingCount":7,"rank":1863},"geometry":{"type":"Point","coordinates":[126.99466,37.60425]}},{"type":"Feature","properties":{"id":"A13772801","name":"서초현대아파트","district":"서초구","neighborhood":"서초동","avgPrice":11.73,"households":2126,"buildingCount":8,"rank":1864},"geometry":{"type":"Point","coordinates":[127.019993,37.490753]}},{"type":"Feature","properties":{"id":"A15782501","name":"강서월드메르디앙","district":"강서구","neighborhood":"내발산동","avgPrice":5.97,"households":2126,"buildingCount":8,"rank":1865},"geometry":{"type":"Point","coordinates":[126.842892,37.556533]}},{"type":"Feature","properties":{"id":"A10024150","name":"망원성원2차아파트","district":"마포구","neighborhood":"망원동","avgPrice":4.99,"households":2126,"buildingCount":8,"rank":1866},"geometry":{"type":"Point","coordinates":[126.901234,37.556332]}},{"type":"Feature","properties":{"id":"A15283603","name":"고척경남2차","district":"구로구","neighborhood":"고척동","avgPrice":3.63,"households":2125,"buildingCount":10,"rank":1867},"geometry":{"type":"Point","coordinates":[126.856697,37.504213]}},{"type":"Feature","properties":{"id":"A13524009","name":"개포대치2단지","district":"강남구","neighborhood":"개포동","avgPrice":23.25,"households":2121,"buildingCount":10,"rank":1868},"geometry":{"type":"Point","coordinates":[127.052794,37.486122]}},{"type":"Feature","properties":{"id":"A15722204","name":"방화동E편한세상","district":"강서구","neighborhood":"방화동","avgPrice":11.05,"households":2120,"buildingCount":16,"rank":1869},"geometry":{"type":"Point","coordinates":[126.808236,37.570224]}},{"type":"Feature","properties":{"id":"A15722203","name":"방화신동아","district":"강서구","neighborhood":"방화동","avgPrice":4.17,"households":2119,"buildingCount":4,"rank":1870},"geometry":{"type":"Point","coordinates":[126.816004,37.56987]}},{"type":"Feature","properties":{"id":"A13524006","name":"개포2차 현대아파트","district":"강남구","neighborhood":"개포동","avgPrice":17.05,"households":2118,"buildingCount":18,"rank":1871},"geometry":{"type":"Point","coordinates":[127.052932,37.481369]}},{"type":"Feature","properties":{"id":"A13524005","name":"개포현대1차","district":"강남구","neighborhood":"개포동","avgPrice":13.2,"households":2117,"buildingCount":27,"rank":1872},"geometry":{"type":"Point","coordinates":[127.060167,37.484327]}},{"type":"Feature","properties":{"id":"A15722201","name":"마곡서광2차아파트","district":"강서구","neighborhood":"방화동","avgPrice":4.62,"households":2117,"buildingCount":4,"rank":1873},"geometry":{"type":"Point","coordinates":[126.810678,37.572022]}},{"type":"Feature","properties":{"id":"A13524004","name":"개포우성3차","district":"강남구","neighborhood":"개포동","avgPrice":25.33,"households":2116,"buildingCount":30,"rank":1874},"geometry":{"type":"Point","coordinates":[127.056064,37.484028]}},{"type":"Feature","properties":{"id":"A15075001","name":"당산코오롱","district":"영등포구","neighborhood":"당산동1가","avgPrice":4.26,"households":2116,"buildingCount":6,"rank":1875},"geometry":{"type":"Point","coordinates":[126.899259,37.519984]}},{"type":"Feature","properties":{"id":"A10027498","name":"가야아파트","district":"중랑구","neighborhood":"망우동","avgPrice":3.46,"households":2114,"buildingCount":28,"rank":1876},"geometry":{"type":"Point","coordinates":[127.094807,37.595878]}},{"type":"Feature","properties":{"id":"A10027495","name":"이수자이 주상복합","district":"동작구","neighborhood":"사당동","avgPrice":11.91,"households":2111,"buildingCount":9,"rank":1877},"geometry":{"type":"Point","coordinates":[126.980276,37.48439]}},{"type":"Feature","properties":{"id":"A10027493","name":"덕영드림아파트","district":"구로구","neighborhood":"구로동","avgPrice":3.55,"households":2109,"buildingCount":16,"rank":1878},"geometry":{"type":"Point","coordinates":[126.884114,37.500844]}},{"type":"Feature","properties":{"id":"A10026924","name":"대치SK VIEW","district":"강남구","neighborhood":"대치동","avgPrice":28.35,"households":2107,"buildingCount":29,"rank":1879},"geometry":{"type":"Point","coordinates":[127.060267,37.495688]}},{"type":"Feature","properties":{"id":"A10020749","name":"루미노816청년안심주택","district":"은평구","neighborhood":"불광동","avgPrice":16.55,"households":2106,"buildingCount":25,"rank":1880},"geometry":{"type":"Point","coordinates":[126.904682,37.62448]}},{"type":"Feature","properties":{"id":"A10026922","name":"래미안용산아파트","district":"용산구","neighborhood":"한강로2가","avgPrice":31.96,"households":2105,"buildingCount":9,"rank":1881},"geometry":{"type":"Point","coordinates":[126.966972,37.529105]}},{"type":"Feature","properties":{"id":"A10025533","name":"용산롯데캐슬센터포레아파트","district":"용산구","neighborhood":"효창동","avgPrice":12.89,"households":2102,"buildingCount":20,"rank":1882},"geometry":{"type":"Point","coordinates":[126.963314,37.539627]}},{"type":"Feature","properties":{"id":"A10024145","name":"우장산역 해링턴타워","district":"강서구","neighborhood":"화곡동","avgPrice":1.96,"households":2100,"buildingCount":25,"rank":1883},"geometry":{"type":"Point","coordinates":[126.835937,37.546157]}},{"type":"Feature","properties":{"id":"A15088802","name":"여의도화랑","district":"영등포구","neighborhood":"여의도동","avgPrice":17.33,"households":2099,"buildingCount":13,"rank":1884},"geometry":{"type":"Point","coordinates":[126.935529,37.522128]}},{"type":"Feature","properties":{"id":"A13923108","name":"하계청솔","district":"노원구","neighborhood":"하계동","avgPrice":3.08,"households":2094,"buildingCount":15,"rank":1885},"geometry":{"type":"Point","coordinates":[127.071121,37.632372]}},{"type":"Feature","properties":{"id":"A13484501","name":"둔촌역청구아파트","district":"강동구","neighborhood":"성내동","avgPrice":6.22,"households":2093,"buildingCount":24,"rank":1886},"geometry":{"type":"Point","coordinates":[127.13314,37.529409]}},{"type":"Feature","properties":{"id":"A13923106","name":"하계2차현대아파트","district":"노원구","neighborhood":"하계동","avgPrice":6.27,"households":2092,"buildingCount":14,"rank":1887},"geometry":{"type":"Point","coordinates":[127.066014,37.637614]}},{"type":"Feature","properties":{"id":"A13923104","name":"하계미성","district":"노원구","neighborhood":"하계동","avgPrice":4.71,"households":2090,"buildingCount":21,"rank":1888},"geometry":{"type":"Point","coordinates":[127.069617,37.634503]}},{"type":"Feature","properties":{"id":"A13923103","name":"하계청구","district":"노원구","neighborhood":"하계동","avgPrice":4.83,"households":2089,"buildingCount":7,"rank":1889},"geometry":{"type":"Point","coordinates":[127.068445,37.638426]}},{"type":"Feature","properties":{"id":"A13923102","name":"하계우방","district":"노원구","neighborhood":"하계동","avgPrice":3.43,"households":2088,"buildingCount":21,"rank":1890},"geometry":{"type":"Point","coordinates":[127.077272,37.637512]}},{"type":"Feature","properties":{"id":"A13309103","name":"금호벽산(임대)","district":"성동구","neighborhood":"금호동1가","avgPrice":9.66,"households":2087,"buildingCount":4,"rank":1891},"geometry":{"type":"Point","coordinates":[127.027325,37.551816]}},{"type":"Feature","properties":{"id":"A13309102","name":"금호삼성래미안","district":"성동구","neighborhood":"금호동1가","avgPrice":9.35,"households":2086,"buildingCount":31,"rank":1892},"geometry":{"type":"Point","coordinates":[127.027374,37.549106]}},{"type":"Feature","properties":{"id":"A13309101","name":"신금호두산위브","district":"성동구","neighborhood":"금호동1가","avgPrice":7.19,"households":2085,"buildingCount":8,"rank":1893},"geometry":{"type":"Point","coordinates":[127.022655,37.556004]}},{"type":"Feature","properties":{"id":"A10025527","name":"하버라인10단지","district":"구로구","neighborhood":"항동","avgPrice":2.18,"households":2075,"buildingCount":27,"rank":1894},"geometry":{"type":"Point","coordinates":[126.826183,37.479617]}},{"type":"Feature","properties":{"id":"A10026910","name":"관악우정하이비전아파트 1단지","district":"관악구","neighborhood":"신림동","avgPrice":11.5,"households":2072,"buildingCount":23,"rank":1895},"geometry":{"type":"Point","coordinates":[126.976598,37.49703]}},{"type":"Feature","properties":{"id":"A10020736","name":"길동생활A","district":"강동구","neighborhood":"길동","avgPrice":2.44,"households":2072,"buildingCount":21,"rank":1896},"geometry":{"type":"Point","coordinates":[127.140233,37.539604]}},{"type":"Feature","properties":{"id":"A13883602","name":"방이코오롱","district":"송파구","neighborhood":"방이동","avgPrice":12.15,"households":2068,"buildingCount":10,"rank":1897},"geometry":{"type":"Point","coordinates":[127.123196,37.508518]}},{"type":"Feature","properties":{"id":"A10024134","name":"브라운스톤 암사아파트","district":"강동구","neighborhood":"천호동","avgPrice":7.2,"households":2068,"buildingCount":4,"rank":1898},"geometry":{"type":"Point","coordinates":[127.129108,37.548646]}},{"type":"Feature","properties":{"id":"A13883601","name":"잠실한양3차","district":"송파구","neighborhood":"방이동","avgPrice":15.95,"households":2067,"buildingCount":10,"rank":1899},"geometry":{"type":"Point","coordinates":[127.122485,37.506148]}},{"type":"Feature","properties":{"id":"A10020731","name":"e편한세상답십리아르테포레아파트","district":"동대문구","neighborhood":"답십리동","avgPrice":14.25,"households":2067,"buildingCount":6,"rank":1900},"geometry":{"type":"Point","coordinates":[127.066802,37.59042]}},{"type":"Feature","properties":{"id":"A10024132","name":"자양호반써밋아파트","district":"광진구","neighborhood":"자양동","avgPrice":7.7,"households":2066,"buildingCount":16,"rank":1901},"geometry":{"type":"Point","coordinates":[127.068801,37.53743]}},{"type":"Feature","properties":{"id":"A10024131","name":"래미안 라클래시","district":"강남구","neighborhood":"삼성동","avgPrice":28.34,"households":2065,"buildingCount":4,"rank":1902},"geometry":{"type":"Point","coordinates":[127.049865,37.517709]}},{"type":"Feature","properties":{"id":"A13077703","name":"휘경롯데1차","district":"동대문구","neighborhood":"휘경동","avgPrice":11.85,"households":2065,"buildingCount":29,"rank":1903},"geometry":{"type":"Point","coordinates":[127.063421,37.590964]}},{"type":"Feature","properties":{"id":"A13982005","name":"상계한신2차","district":"노원구","neighborhood":"상계동","avgPrice":2.7,"households":2065,"buildingCount":25,"rank":1904},"geometry":{"type":"Point","coordinates":[127.068047,37.664895]}},{"type":"Feature","properties":{"id":"A13077702","name":"휘경 미소지움아파트","district":"동대문구","neighborhood":"휘경동","avgPrice":4.53,"households":2064,"buildingCount":29,"rank":1905},"geometry":{"type":"Point","coordinates":[127.064917,37.591605]}},{"type":"Feature","properties":{"id":"A13982003","name":"상계신동아","district":"노원구","neighborhood":"상계동","avgPrice":3.37,"households":2063,"buildingCount":4,"rank":1906},"geometry":{"type":"Point","coordinates":[127.06742,37.667139]}},{"type":"Feature","properties":{"id":"A13982002","name":"상계한신3차","district":"노원구","neighborhood":"상계동","avgPrice":3.37,"households":2062,"buildingCount":28,"rank":1907},"geometry":{"type":"Point","coordinates":[127.06759,37.666355]}},{"type":"Feature","properties":{"id":"A13176102","name":"중랑해모로","district":"중랑구","neighborhood":"망우동","avgPrice":12.65,"households":2058,"buildingCount":20,"rank":1908},"geometry":{"type":"Point","coordinates":[127.108442,37.601189]}},{"type":"Feature","properties":{"id":"A13176101","name":"한일써너스빌리젠시","district":"중랑구","neighborhood":"망우동","avgPrice":5.09,"households":2057,"buildingCount":20,"rank":1909},"geometry":{"type":"Point","coordinates":[127.093363,37.597232]}},{"type":"Feature","properties":{"id":"A13204510","name":"창동북한산아이파크","district":"도봉구","neighborhood":"창동","avgPrice":12,"households":2053,"buildingCount":29,"rank":1910},"geometry":{"type":"Point","coordinates":[127.042305,37.659056]}},{"type":"Feature","properties":{"id":"A15007002","name":"신대림한솔솔파크","district":"영등포구","neighborhood":"대림동","avgPrice":5.35,"households":2052,"buildingCount":24,"rank":1911},"geometry":{"type":"Point","coordinates":[126.899513,37.487362]}},{"type":"Feature","properties":{"id":"A10027474","name":"역삼자이아파트","district":"강남구","neighborhood":"역삼동","avgPrice":22.67,"households":2048,"buildingCount":9,"rank":1912},"geometry":{"type":"Point","coordinates":[127.044638,37.50007]}},{"type":"Feature","properties":{"id":"A10027472","name":"상도효성해링턴플레이스","district":"동작구","neighborhood":"상도동","avgPrice":9.18,"households":2046,"buildingCount":27,"rank":1913},"geometry":{"type":"Point","coordinates":[126.94215,37.505793]}},{"type":"Feature","properties":{"id":"A10025518","name":"현대프라자주상복합아파트","district":"영등포구","neighborhood":"영등포동5가","avgPrice":3.65,"households":2045,"buildingCount":11,"rank":1914},"geometry":{"type":"Point","coordinates":[126.906844,37.522202]}},{"type":"Feature","properties":{"id":"A10020729","name":"리스트안암","district":"동대문구","neighborhood":"제기동","avgPrice":1.51,"households":2044,"buildingCount":24,"rank":1915},"geometry":{"type":"Point","coordinates":[127.036878,37.589983]}},{"type":"Feature","properties":{"id":"A10021295","name":"경희궁의아침4단지","district":"종로구","neighborhood":"내수동","avgPrice":14.52,"households":2043,"buildingCount":6,"rank":1916},"geometry":{"type":"Point","coordinates":[126.97244,37.572605]}},{"type":"Feature","properties":{"id":"A10026900","name":"왕십리 자이 아파트","district":"성동구","neighborhood":"하왕십리동","avgPrice":9.26,"households":2041,"buildingCount":12,"rank":1917},"geometry":{"type":"Point","coordinates":[127.02449,37.560681]}},{"type":"Feature","properties":{"id":"A10024128","name":"현재트윈빌아파트","district":"은평구","neighborhood":"갈현동","avgPrice":4.53,"households":2041,"buildingCount":4,"rank":1918},"geometry":{"type":"Point","coordinates":[126.908601,37.616741]}},{"type":"Feature","properties":{"id":"A10021293","name":"신월보람6차아파트","district":"양천구","neighborhood":"신월동","avgPrice":1.84,"households":2041,"buildingCount":10,"rank":1919},"geometry":{"type":"Point","coordinates":[126.847363,37.526626]}},{"type":"Feature","properties":{"id":"A13783802","name":"방배디오빌","district":"서초구","neighborhood":"방배동","avgPrice":20.85,"households":2039,"buildingCount":25,"rank":1920},"geometry":{"type":"Point","coordinates":[126.984371,37.485982]}},{"type":"Feature","properties":{"id":"A10021291","name":"양평역월드메르디앙아파트","district":"영등포구","neighborhood":"양평동3가","avgPrice":6.44,"households":2039,"buildingCount":6,"rank":1921},"geometry":{"type":"Point","coordinates":[126.886711,37.525958]}},{"type":"Feature","properties":{"id":"A10025511","name":"남현동 흥화 브라운아파트","district":"관악구","neighborhood":"남현동","avgPrice":13.6,"households":2038,"buildingCount":22,"rank":1922},"geometry":{"type":"Point","coordinates":[126.973043,37.471212]}},{"type":"Feature","properties":{"id":"A10021290","name":"희훈리치파크아파트","district":"강서구","neighborhood":"화곡동","avgPrice":3.64,"households":2038,"buildingCount":28,"rank":1923},"geometry":{"type":"Point","coordinates":[126.833999,37.546416]}},{"type":"Feature","properties":{"id":"A10024123","name":"은평뉴타운폭포동4단지제4관리아파트","district":"은평구","neighborhood":"진관동","avgPrice":13.5,"households":2036,"buildingCount":11,"rank":1924},"geometry":{"type":"Point","coordinates":[126.924972,37.641064]}},{"type":"Feature","properties":{"id":"A15086007","name":"신길우성2차","district":"영등포구","neighborhood":"신길동","avgPrice":7.52,"households":2034,"buildingCount":15,"rank":1925},"geometry":{"type":"Point","coordinates":[126.911166,37.498019]}},{"type":"Feature","properties":{"id":"A15086006","name":"보라매경남아너스빌","district":"영등포구","neighborhood":"신길동","avgPrice":7.34,"households":2033,"buildingCount":19,"rank":1926},"geometry":{"type":"Point","coordinates":[126.910244,37.494945]}},{"type":"Feature","properties":{"id":"A15086004","name":"신길우성3차아파트","district":"영등포구","neighborhood":"신길동","avgPrice":5.73,"households":2031,"buildingCount":10,"rank":1927},"geometry":{"type":"Point","coordinates":[126.909359,37.497316]}},{"type":"Feature","properties":{"id":"A13608401","name":"보문하우스토리주상복합","district":"성북구","neighborhood":"보문동4가","avgPrice":5.86,"households":2030,"buildingCount":29,"rank":1928},"geometry":{"type":"Point","coordinates":[127.02109,37.583957]}},{"type":"Feature","properties":{"id":"A13204508","name":"창동주공2단지","district":"도봉구","neighborhood":"창동","avgPrice":2.63,"households":2030,"buildingCount":13,"rank":1929},"geometry":{"type":"Point","coordinates":[127.042199,37.65271]}},{"type":"Feature","properties":{"id":"A13383301","name":"성수우방2차","district":"성동구","neighborhood":"성수동2가","avgPrice":6.73,"households":2029,"buildingCount":6,"rank":1930},"geometry":{"type":"Point","coordinates":[127.051568,37.548416]}},{"type":"Feature","properties":{"id":"A13204507","name":"창동상아1차","district":"도봉구","neighborhood":"창동","avgPrice":3.53,"households":2029,"buildingCount":22,"rank":1931},"geometry":{"type":"Point","coordinates":[127.042515,37.654105]}},{"type":"Feature","properties":{"id":"A15086001","name":"보라매두산위브","district":"영등포구","neighborhood":"신길동","avgPrice":6.79,"households":2028,"buildingCount":24,"rank":1932},"geometry":{"type":"Point","coordinates":[126.914696,37.497214]}},{"type":"Feature","properties":{"id":"A13204506","name":"창동동아그린","district":"도봉구","neighborhood":"창동","avgPrice":4.19,"households":2028,"buildingCount":11,"rank":1933},"geometry":{"type":"Point","coordinates":[127.04654,37.654185]}},{"type":"Feature","properties":{"id":"A13204505","name":"창동상아2차","district":"도봉구","neighborhood":"창동","avgPrice":3.38,"households":2027,"buildingCount":25,"rank":1934},"geometry":{"type":"Point","coordinates":[127.04415,37.653256]}},{"type":"Feature","properties":{"id":"A13204503","name":"창동현대","district":"도봉구","neighborhood":"창동","avgPrice":1.88,"households":2025,"buildingCount":12,"rank":1935},"geometry":{"type":"Point","coordinates":[127.042508,37.634581]}},{"type":"Feature","properties":{"id":"A13204502","name":"북한산한신휴플러스","district":"도봉구","neighborhood":"창동","avgPrice":5.42,"households":2024,"buildingCount":13,"rank":1936},"geometry":{"type":"Point","coordinates":[127.043053,37.655792]}},{"type":"Feature","properties":{"id":"A13204501","name":"창동대동","district":"도봉구","neighborhood":"창동","avgPrice":3.37,"households":2023,"buildingCount":21,"rank":1937},"geometry":{"type":"Point","coordinates":[127.04414,37.661651]}},{"type":"Feature","properties":{"id":"A10025509","name":"동대문서희스타힐스","district":"동대문구","neighborhood":"장안동","avgPrice":3.27,"households":2015,"buildingCount":21,"rank":1938},"geometry":{"type":"Point","coordinates":[127.070536,37.56929]}},{"type":"Feature","properties":{"id":"A10021288","name":"라이프시티아파트","district":"은평구","neighborhood":"갈현동","avgPrice":2.78,"households":2015,"buildingCount":4,"rank":1939},"geometry":{"type":"Point","coordinates":[126.910284,37.623086]}},{"type":"Feature","properties":{"id":"A10027461","name":"힐스테이트 송파위례아파트","district":"송파구","neighborhood":"장지동","avgPrice":12.99,"households":2014,"buildingCount":29,"rank":1940},"geometry":{"type":"Point","coordinates":[127.142446,37.4796]}},{"type":"Feature","properties":{"id":"A10022672","name":"우당아파트","district":"양천구","neighborhood":"신월동","avgPrice":3.05,"households":2013,"buildingCount":27,"rank":1941},"geometry":{"type":"Point","coordinates":[126.847723,37.523039]}},{"type":"Feature","properties":{"id":"A10020718","name":"LH관악봉천행복주택","district":"관악구","neighborhood":"봉천동","avgPrice":8.55,"households":2012,"buildingCount":5,"rank":1942},"geometry":{"type":"Point","coordinates":[126.963084,37.49253]}},{"type":"Feature","properties":{"id":"A10020716","name":"장위자이레디언트","district":"성북구","neighborhood":"장위동","avgPrice":8.5,"households":2010,"buildingCount":15,"rank":1943},"geometry":{"type":"Point","coordinates":[127.003476,37.59057]}},{"type":"Feature","properties":{"id":"A10045601","name":"신당현대","district":"중구","neighborhood":"신당동","avgPrice":6.82,"households":2010,"buildingCount":29,"rank":1944},"geometry":{"type":"Point","coordinates":[127.021758,37.559997]}},{"type":"Feature","properties":{"id":"A10025504","name":"숲속마을 신동아파밀리에 아파트","district":"동작구","neighborhood":"신대방동","avgPrice":5.07,"households":2010,"buildingCount":26,"rank":1945},"geometry":{"type":"Point","coordinates":[126.924084,37.49661]}},{"type":"Feature","properties":{"id":"A10021282","name":"마포대림2차e-편한세상아파트 ","district":"마포구","neighborhood":"용강동","avgPrice":11.99,"households":2009,"buildingCount":19,"rank":1946},"geometry":{"type":"Point","coordinates":[126.940779,37.54091]}},{"type":"Feature","properties":{"id":"A10021281","name":"대림역삼아파트","district":"강남구","neighborhood":"역삼동","avgPrice":13.68,"households":2008,"buildingCount":9,"rank":1947},"geometry":{"type":"Point","coordinates":[127.046308,37.496234]}},{"type":"Feature","properties":{"id":"A15704028","name":"염창동아1차","district":"강서구","neighborhood":"염창동","avgPrice":6.36,"households":2004,"buildingCount":19,"rank":1948},"geometry":{"type":"Point","coordinates":[126.872885,37.554536]}},{"type":"Feature","properties":{"id":"A15704025","name":"염창강변한솔솔파크","district":"강서구","neighborhood":"염창동","avgPrice":7.15,"households":2001,"buildingCount":24,"rank":1949},"geometry":{"type":"Point","coordinates":[126.866611,37.556638]}},{"type":"Feature","properties":{"id":"A15805203","name":"목동건영","district":"양천구","neighborhood":"목동","avgPrice":4.19,"households":2001,"buildingCount":25,"rank":1950},"geometry":{"type":"Point","coordinates":[126.872853,37.541824]}},{"type":"Feature","properties":{"id":"A13819001","name":"잠실한솔","district":"송파구","neighborhood":"석촌동","avgPrice":10.76,"households":2000,"buildingCount":20,"rank":1951},"geometry":{"type":"Point","coordinates":[127.104701,37.503675]}},{"type":"Feature","properties":{"id":"A15805202","name":"목동e-편한세상","district":"양천구","neighborhood":"목동","avgPrice":7.1,"households":2000,"buildingCount":25,"rank":1952},"geometry":{"type":"Point","coordinates":[126.871728,37.539142]}},{"type":"Feature","properties":{"id":"A15704023","name":"강변힐스테이트","district":"강서구","neighborhood":"염창동","avgPrice":8.01,"households":1999,"buildingCount":5,"rank":1953},"geometry":{"type":"Point","coordinates":[126.874554,37.551302]}},{"type":"Feature","properties":{"id":"A14207203","name":"수유벽산","district":"강북구","neighborhood":"수유동","avgPrice":3.85,"households":1996,"buildingCount":7,"rank":1954},"geometry":{"type":"Point","coordinates":[127.019136,37.642405]}},{"type":"Feature","properties":{"id":"A14207202","name":"래미안수유","district":"강북구","neighborhood":"수유동","avgPrice":4.25,"households":1995,"buildingCount":4,"rank":1955},"geometry":{"type":"Point","coordinates":[127.017956,37.644693]}},{"type":"Feature","properties":{"id":"A15081201","name":"대림성원","district":"영등포구","neighborhood":"대림동","avgPrice":4.02,"households":1995,"buildingCount":15,"rank":1956},"geometry":{"type":"Point","coordinates":[126.899578,37.500178]}},{"type":"Feature","properties":{"id":"A14207201","name":"래미안수유임대","district":"강북구","neighborhood":"수유동","avgPrice":11.15,"households":1994,"buildingCount":8,"rank":1957},"geometry":{"type":"Point","coordinates":[127.02454,37.624165]}},{"type":"Feature","properties":{"id":"A12104007","name":"마포도화우성아파트","district":"마포구","neighborhood":"도화동","avgPrice":10.38,"households":1992,"buildingCount":7,"rank":1958},"geometry":{"type":"Point","coordinates":[126.948436,37.536634]}},{"type":"Feature","properties":{"id":"A13510103","name":"삼성청담공원","district":"강남구","neighborhood":"청담동","avgPrice":15.47,"households":1991,"buildingCount":31,"rank":1959},"geometry":{"type":"Point","coordinates":[127.050396,37.522355]}},{"type":"Feature","properties":{"id":"A12009002","name":"인왕산한신휴플러스","district":"서대문구","neighborhood":"홍제동","avgPrice":6.03,"households":1991,"buildingCount":23,"rank":1960},"geometry":{"type":"Point","coordinates":[126.947599,37.585197]}},{"type":"Feature","properties":{"id":"A13510102","name":"청담현대3차","district":"강남구","neighborhood":"청담동","avgPrice":17.9,"households":1990,"buildingCount":28,"rank":1961},"geometry":{"type":"Point","coordinates":[127.053077,37.52691]}},{"type":"Feature","properties":{"id":"A12104005","name":"마포삼성","district":"마포구","neighborhood":"도화동","avgPrice":12.47,"households":1990,"buildingCount":13,"rank":1962},"geometry":{"type":"Point","coordinates":[126.950406,37.540015]}},{"type":"Feature","properties":{"id":"A12009001","name":"홍제유원하나제2","district":"서대문구","neighborhood":"홍제동","avgPrice":3.81,"households":1990,"buildingCount":5,"rank":1963},"geometry":{"type":"Point","coordinates":[126.952162,37.594939]}},{"type":"Feature","properties":{"id":"A13203102","name":"쌍문극동","district":"도봉구","neighborhood":"쌍문동","avgPrice":2.94,"households":1989,"buildingCount":11,"rank":1964},"geometry":{"type":"Point","coordinates":[127.027426,37.651422]}},{"type":"Feature","properties":{"id":"A10027456","name":"중화동양엔파트 주상복합","district":"중랑구","neighborhood":"중화동","avgPrice":7.01,"households":1988,"buildingCount":8,"rank":1965},"geometry":{"type":"Point","coordinates":[127.081796,37.606885]}},{"type":"Feature","properties":{"id":"A12104001","name":"도화현대","district":"마포구","neighborhood":"도화동","avgPrice":8.02,"households":1986,"buildingCount":12,"rank":1966},"geometry":{"type":"Point","coordinates":[126.954007,37.540265]}},{"type":"Feature","properties":{"id":"A10027454","name":"왕십리모노퍼스","district":"성동구","neighborhood":"하왕십리동","avgPrice":4.77,"households":1986,"buildingCount":8,"rank":1967},"geometry":{"type":"Point","coordinates":[127.029332,37.569539]}},{"type":"Feature","properties":{"id":"A10021278","name":"평창동 롯데캐슬로잔","district":"종로구","neighborhood":"평창동","avgPrice":15.54,"households":1984,"buildingCount":12,"rank":1968},"geometry":{"type":"Point","coordinates":[126.977575,37.609997]}},{"type":"Feature","properties":{"id":"A10027452","name":"마곡엠밸리10단지 아파트","district":"강서구","neighborhood":"마곡동","avgPrice":6.34,"households":1984,"buildingCount":26,"rank":1969},"geometry":{"type":"Point","coordinates":[126.819325,37.559289]}},{"type":"Feature","properties":{"id":"A13587603","name":"선릉에클라트","district":"강남구","neighborhood":"삼성동","avgPrice":2.39,"households":1980,"buildingCount":17,"rank":1970},"geometry":{"type":"Point","coordinates":[127.050908,37.50634]}},{"type":"Feature","properties":{"id":"A10026061","name":"불광삼익아파트","district":"은평구","neighborhood":"불광동","avgPrice":3.44,"households":1979,"buildingCount":14,"rank":1971},"geometry":{"type":"Point","coordinates":[126.931787,37.620358]}},{"type":"Feature","properties":{"id":"A15884202","name":"신월신안약수","district":"양천구","neighborhood":"신월동","avgPrice":4.12,"households":1977,"buildingCount":7,"rank":1972},"geometry":{"type":"Point","coordinates":[126.847517,37.516601]}},{"type":"Feature","properties":{"id":"A13993002","name":"중계현대2차","district":"노원구","neighborhood":"중계동","avgPrice":12.7,"households":1974,"buildingCount":13,"rank":1973},"geometry":{"type":"Point","coordinates":[127.084668,37.647838]}},{"type":"Feature","properties":{"id":"A10024102","name":"대치르엘","district":"강남구","neighborhood":"대치동","avgPrice":21.83,"households":1973,"buildingCount":8,"rank":1974},"geometry":{"type":"Point","coordinates":[127.064072,37.501571]}},{"type":"Feature","properties":{"id":"A13993001","name":"중계현대3차","district":"노원구","neighborhood":"중계동","avgPrice":6.8,"households":1973,"buildingCount":16,"rank":1975},"geometry":{"type":"Point","coordinates":[127.081766,37.65048]}},{"type":"Feature","properties":{"id":"A14286203","name":"번동주공5단지","district":"강북구","neighborhood":"번동","avgPrice":1.57,"households":1973,"buildingCount":15,"rank":1976},"geometry":{"type":"Point","coordinates":[127.036135,37.633067]}},{"type":"Feature","properties":{"id":"A14090902","name":"이촌대림","district":"용산구","neighborhood":"이촌동","avgPrice":14.79,"households":1972,"buildingCount":24,"rank":1977},"geometry":{"type":"Point","coordinates":[126.954933,37.525195]}},{"type":"Feature","properties":{"id":"A15704017","name":"염창강변성원","district":"강서구","neighborhood":"염창동","avgPrice":6.07,"households":1972,"buildingCount":23,"rank":1978},"geometry":{"type":"Point","coordinates":[126.872073,37.555618]}},{"type":"Feature","properties":{"id":"A13379001","name":"금호자이2차","district":"성동구","neighborhood":"금호동3가","avgPrice":9.77,"households":1971,"buildingCount":14,"rank":1979},"geometry":{"type":"Point","coordinates":[127.021736,37.550489]}},{"type":"Feature","properties":{"id":"A13183701","name":"아남리치카운티","district":"중랑구","neighborhood":"면목동","avgPrice":4.61,"households":1971,"buildingCount":20,"rank":1980},"geometry":{"type":"Point","coordinates":[127.084898,37.589119]}},{"type":"Feature","properties":{"id":"A15704015","name":"염창롯데캐슬","district":"강서구","neighborhood":"염창동","avgPrice":9.15,"households":1970,"buildingCount":14,"rank":1981},"geometry":{"type":"Point","coordinates":[126.868266,37.550801]}},{"type":"Feature","properties":{"id":"A13070101","name":"회기힐스테이트","district":"동대문구","neighborhood":"회기동","avgPrice":6.21,"households":1960,"buildingCount":12,"rank":1982},"geometry":{"type":"Point","coordinates":[127.053663,37.590129]}},{"type":"Feature","properties":{"id":"A10027446","name":"강남더샵포레스트","district":"강남구","neighborhood":"수서동","avgPrice":23.15,"households":1957,"buildingCount":24,"rank":1983},"geometry":{"type":"Point","coordinates":[127.094874,37.481253]}},{"type":"Feature","properties":{"id":"A10022656","name":"서초벽산블루밍아파트","district":"서초구","neighborhood":"서초동","avgPrice":12.86,"households":1955,"buildingCount":14,"rank":1984},"geometry":{"type":"Point","coordinates":[127.021282,37.484253]}},{"type":"Feature","properties":{"id":"A13986703","name":"중계경남아너스빌","district":"노원구","neighborhood":"중계동","avgPrice":4.17,"households":1954,"buildingCount":26,"rank":1985},"geometry":{"type":"Point","coordinates":[127.076567,37.662054]}},{"type":"Feature","properties":{"id":"A10021269","name":"한강로대우아이빌","district":"용산구","neighborhood":"한강로2가","avgPrice":2.35,"households":1954,"buildingCount":21,"rank":1986},"geometry":{"type":"Point","coordinates":[126.969127,37.531557]}},{"type":"Feature","properties":{"id":"A10022655","name":"이안테라디움 성북","district":"성북구","neighborhood":"정릉동","avgPrice":0.99,"households":1954,"buildingCount":4,"rank":1987},"geometry":{"type":"Point","coordinates":[126.99674,37.609091]}},{"type":"Feature","properties":{"id":"A13986702","name":"삼창타워프라자","district":"노원구","neighborhood":"중계동","avgPrice":10.45,"households":1953,"buildingCount":19,"rank":1988},"geometry":{"type":"Point","coordinates":[127.073133,37.659158]}},{"type":"Feature","properties":{"id":"A11087101","name":"경희궁의아침2단지","district":"종로구","neighborhood":"내수동","avgPrice":14.3,"households":1952,"buildingCount":16,"rank":1989},"geometry":{"type":"Point","coordinates":[126.971078,37.573973]}},{"type":"Feature","properties":{"id":"A13986701","name":"중계성원2차","district":"노원구","neighborhood":"중계동","avgPrice":3.11,"households":1952,"buildingCount":8,"rank":1990},"geometry":{"type":"Point","coordinates":[127.075417,37.661303]}},{"type":"Feature","properties":{"id":"A10022652","name":"LH 수서2단지","district":"강남구","neighborhood":"자곡동","avgPrice":3.63,"households":1951,"buildingCount":26,"rank":1991},"geometry":{"type":"Point","coordinates":[127.107696,37.478916]}},{"type":"Feature","properties":{"id":"A10026053","name":"마포한강 아이파크","district":"마포구","neighborhood":"망원동","avgPrice":10.35,"households":1950,"buildingCount":19,"rank":1992},"geometry":{"type":"Point","coordinates":[126.90309,37.552615]}},{"type":"Feature","properties":{"id":"A10026051","name":"반포래미안아이파크","district":"서초구","neighborhood":"반포동","avgPrice":31.26,"households":1948,"buildingCount":8,"rank":1993},"geometry":{"type":"Point","coordinates":[127.013261,37.501525]}},{"type":"Feature","properties":{"id":"A15784402","name":"등촌태진아름","district":"강서구","neighborhood":"등촌동","avgPrice":4.77,"households":1948,"buildingCount":31,"rank":1994},"geometry":{"type":"Point","coordinates":[126.861062,37.549436]}},{"type":"Feature","properties":{"id":"A10021263","name":"경향렉스빌아파트","district":"은평구","neighborhood":"응암동","avgPrice":4.35,"households":1948,"buildingCount":23,"rank":1995},"geometry":{"type":"Point","coordinates":[126.925707,37.600777]}},{"type":"Feature","properties":{"id":"A15609008","name":"사당대아2차","district":"동작구","neighborhood":"사당동","avgPrice":9.8,"households":1946,"buildingCount":7,"rank":1996},"geometry":{"type":"Point","coordinates":[126.967708,37.487631]}},{"type":"Feature","properties":{"id":"A15285503","name":"구로보광","district":"구로구","neighborhood":"구로동","avgPrice":4.54,"households":1946,"buildingCount":21,"rank":1997},"geometry":{"type":"Point","coordinates":[126.885963,37.495241]}},{"type":"Feature","properties":{"id":"A15609007","name":"이수역리가","district":"동작구","neighborhood":"사당동","avgPrice":10.6,"households":1945,"buildingCount":29,"rank":1998},"geometry":{"type":"Point","coordinates":[126.973933,37.489381]}},{"type":"Feature","properties":{"id":"A15609006","name":"신동아5","district":"동작구","neighborhood":"사당동","avgPrice":7.57,"households":1944,"buildingCount":26,"rank":1999},"geometry":{"type":"Point","coordinates":[126.976828,37.491109]}},{"type":"Feature","properties":{"id":"A15609005","name":"사당 대림아파트","district":"동작구","neighborhood":"사당동","avgPrice":9.37,"households":1943,"buildingCount":17,"rank":2000},"geometry":{"type":"Point","coordinates":[126.972579,37.486989]}},{"type":"Feature","properties":{"id":"A15704009","name":"염창벽산늘푸른","district":"강서구","neighborhood":"염창동","avgPrice":4.65,"households":1943,"buildingCount":16,"rank":2001},"geometry":{"type":"Point","coordinates":[126.86606,37.558116]}},{"type":"Feature","properties":{"id":"A15704007","name":"염창1차보람더하임아파트","district":"강서구","neighborhood":"염창동","avgPrice":7.63,"households":1941,"buildingCount":20,"rank":2002},"geometry":{"type":"Point","coordinates":[126.870358,37.551612]}},{"type":"Feature","properties":{"id":"A15609003","name":"사당휴먼시아","district":"동작구","neighborhood":"사당동","avgPrice":6.63,"households":1941,"buildingCount":21,"rank":2003},"geometry":{"type":"Point","coordinates":[126.970053,37.478995]}},{"type":"Feature","properties":{"id":"A13370801","name":"성동삼성쉐르빌","district":"성동구","neighborhood":"도선동","avgPrice":6.45,"households":1940,"buildingCount":7,"rank":2004},"geometry":{"type":"Point","coordinates":[127.03496,37.564368]}},{"type":"Feature","properties":{"id":"A15609002","name":"사당삼호그린","district":"동작구","neighborhood":"사당동","avgPrice":6.21,"households":1940,"buildingCount":5,"rank":2005},"geometry":{"type":"Point","coordinates":[126.96539,37.48617]}},{"type":"Feature","properties":{"id":"A15704006","name":"염창우성3차","district":"강서구","neighborhood":"염창동","avgPrice":3.14,"households":1940,"buildingCount":11,"rank":2006},"geometry":{"type":"Point","coordinates":[126.86927,37.549948]}},{"type":"Feature","properties":{"id":"A15609001","name":"사당유니드","district":"동작구","neighborhood":"사당동","avgPrice":15.15,"households":1939,"buildingCount":31,"rank":2007},"geometry":{"type":"Point","coordinates":[126.975205,37.49338]}},{"type":"Feature","properties":{"id":"A15205108","name":"구일우성아파트","district":"구로구","neighborhood":"구로동","avgPrice":4.16,"households":1939,"buildingCount":19,"rank":2008},"geometry":{"type":"Point","coordinates":[126.877002,37.490286]}},{"type":"Feature","properties":{"id":"A15704003","name":"염창월드메르디앙","district":"강서구","neighborhood":"염창동","avgPrice":6.28,"households":1937,"buildingCount":6,"rank":2009},"geometry":{"type":"Point","coordinates":[126.872844,37.552773]}},{"type":"Feature","properties":{"id":"A15704002","name":"염창 일신건영휴먼빌아파트","district":"강서구","neighborhood":"염창동","avgPrice":5.9,"households":1936,"buildingCount":20,"rank":2010},"geometry":{"type":"Point","coordinates":[126.873441,37.552058]}},{"type":"Feature","properties":{"id":"A15704001","name":"염창2차한화꿈에그린","district":"강서구","neighborhood":"염창동","avgPrice":6.96,"households":1935,"buildingCount":23,"rank":2011},"geometry":{"type":"Point","coordinates":[126.866828,37.55157]}},{"type":"Feature","properties":{"id":"A15205104","name":"구로한일유엔아이","district":"구로구","neighborhood":"구로동","avgPrice":6.9,"households":1935,"buildingCount":16,"rank":2012},"geometry":{"type":"Point","coordinates":[126.875583,37.486302]}},{"type":"Feature","properties":{"id":"A15205103","name":"구로우성(1동)","district":"구로구","neighborhood":"구로동","avgPrice":5.05,"households":1934,"buildingCount":18,"rank":2013},"geometry":{"type":"Point","coordinates":[126.881122,37.499517]}},{"type":"Feature","properties":{"id":"A10027439","name":"래미안 신반포팰리스","district":"서초구","neighborhood":"잠원동","avgPrice":30.65,"households":1929,"buildingCount":16,"rank":2014},"geometry":{"type":"Point","coordinates":[127.012077,37.514863]}},{"type":"Feature","properties":{"id":"A13122002","name":"상봉프레미어스엠코","district":"중랑구","neighborhood":"상봉동","avgPrice":7.5,"households":1928,"buildingCount":24,"rank":2015},"geometry":{"type":"Point","coordinates":[127.090658,37.598104]}},{"type":"Feature","properties":{"id":"A10022649","name":"송파더플래티넘","district":"송파구","neighborhood":"오금동","avgPrice":9.87,"households":1927,"buildingCount":17,"rank":2016},"geometry":{"type":"Point","coordinates":[127.136341,37.503018]}},{"type":"Feature","properties":{"id":"A13122001","name":"상봉건영캐스빌","district":"중랑구","neighborhood":"상봉동","avgPrice":5.18,"households":1927,"buildingCount":23,"rank":2017},"geometry":{"type":"Point","coordinates":[127.091135,37.602586]}},{"type":"Feature","properties":{"id":"A15776715","name":"등촌주공7단지","district":"강서구","neighborhood":"등촌동","avgPrice":6.35,"households":1926,"buildingCount":15,"rank":2018},"geometry":{"type":"Point","coordinates":[126.852174,37.561042]}},{"type":"Feature","properties":{"id":"A10027433","name":"마곡엠밸리8단지","district":"강서구","neighborhood":"마곡동","avgPrice":8.07,"households":1923,"buildingCount":25,"rank":2019},"geometry":{"type":"Point","coordinates":[126.819605,37.563954]}},{"type":"Feature","properties":{"id":"A10021259","name":"암사라인아파트","district":"강동구","neighborhood":"암사동","avgPrice":4.38,"households":1923,"buildingCount":16,"rank":2020},"geometry":{"type":"Point","coordinates":[127.131254,37.555247]}},{"type":"Feature","properties":{"id":"A10027432","name":"서울 왕십리 KCC스위첸아파트","district":"성동구","neighborhood":"하왕십리동","avgPrice":8.14,"households":1922,"buildingCount":7,"rank":2021},"geometry":{"type":"Point","coordinates":[127.026658,37.560835]}},{"type":"Feature","properties":{"id":"A10026046","name":"청광플러스원 아파트","district":"중랑구","neighborhood":"중화동","avgPrice":4.79,"households":1922,"buildingCount":4,"rank":2022},"geometry":{"type":"Point","coordinates":[127.080077,37.602714]}},{"type":"Feature","properties":{"id":"A13981903","name":"상계주공14단지","district":"노원구","neighborhood":"상계동","avgPrice":2.97,"households":1921,"buildingCount":7,"rank":2023},"geometry":{"type":"Point","coordinates":[127.05892,37.669433]}},{"type":"Feature","properties":{"id":"A10021256","name":"가락풍림아파트","district":"송파구","neighborhood":"가락동","avgPrice":14.8,"households":1920,"buildingCount":12,"rank":2024},"geometry":{"type":"Point","coordinates":[127.126425,37.495526]}},{"type":"Feature","properties":{"id":"A10022641","name":"이튼타워리버2차아파트","district":"광진구","neighborhood":"자양동","avgPrice":11.77,"households":1919,"buildingCount":30,"rank":2025},"geometry":{"type":"Point","coordinates":[127.069088,37.535555]}},{"type":"Feature","properties":{"id":"A13981901","name":"상계주공13단지","district":"노원구","neighborhood":"상계동","avgPrice":2.44,"households":1919,"buildingCount":26,"rank":2026},"geometry":{"type":"Point","coordinates":[127.062039,37.66774]}},{"type":"Feature","properties":{"id":"A10022640","name":"한남하이츠빌라","district":"성동구","neighborhood":"옥수동","avgPrice":10.64,"households":1918,"buildingCount":12,"rank":2027},"geometry":{"type":"Point","coordinates":[127.010374,37.540129]}},{"type":"Feature","properties":{"id":"A10021254","name":"장은하이빌아파트","district":"노원구","neighborhood":"월계동","avgPrice":3.75,"households":1918,"buildingCount":23,"rank":2028},"geometry":{"type":"Point","coordinates":[127.061869,37.620628]}},{"type":"Feature","properties":{"id":"A15185704","name":"신림건영1차","district":"관악구","neighborhood":"신림동","avgPrice":3,"households":1918,"buildingCount":8,"rank":2029},"geometry":{"type":"Point","coordinates":[126.912591,37.476296]}},{"type":"Feature","properties":{"id":"A13980513","name":"공릉풍림아이원","district":"노원구","neighborhood":"공릉동","avgPrice":10.85,"households":1917,"buildingCount":5,"rank":2030},"geometry":{"type":"Point","coordinates":[127.065475,37.630022]}},{"type":"Feature","properties":{"id":"A13980512","name":"공릉1단지","district":"노원구","neighborhood":"공릉동","avgPrice":1.38,"households":1916,"buildingCount":29,"rank":2031},"geometry":{"type":"Point","coordinates":[127.069777,37.630233]}},{"type":"Feature","properties":{"id":"A13980511","name":"공릉3단지라이프","district":"노원구","neighborhood":"공릉동","avgPrice":11.55,"households":1915,"buildingCount":25,"rank":2032},"geometry":{"type":"Point","coordinates":[127.068337,37.627909]}},{"type":"Feature","properties":{"id":"A13980510","name":"공릉2단지라이프","district":"노원구","neighborhood":"공릉동","avgPrice":5.35,"households":1914,"buildingCount":6,"rank":2033},"geometry":{"type":"Point","coordinates":[127.066565,37.630706]}},{"type":"Feature","properties":{"id":"A13486401","name":"천호현대","district":"강동구","neighborhood":"천호동","avgPrice":4.64,"households":1914,"buildingCount":8,"rank":2034},"geometry":{"type":"Point","coordinates":[127.135798,37.541965]}},{"type":"Feature","properties":{"id":"A15284101","name":"구로2차순영웰라이빌","district":"구로구","neighborhood":"구로동","avgPrice":11.9,"households":1909,"buildingCount":15,"rank":2035},"geometry":{"type":"Point","coordinates":[126.891387,37.496284]}},{"type":"Feature","properties":{"id":"A13082502","name":"이문중앙하이츠빌","district":"동대문구","neighborhood":"이문동","avgPrice":4.93,"households":1908,"buildingCount":24,"rank":2036},"geometry":{"type":"Point","coordinates":[127.064601,37.59645]}},{"type":"Feature","properties":{"id":"A13406007","name":"둔촌성원","district":"강동구","neighborhood":"둔촌동","avgPrice":4.19,"households":1908,"buildingCount":15,"rank":2037},"geometry":{"type":"Point","coordinates":[127.147907,37.532903]}},{"type":"Feature","properties":{"id":"A15101903","name":"건영3차아파트","district":"관악구","neighborhood":"신림동","avgPrice":15.05,"households":1907,"buildingCount":26,"rank":2038},"geometry":{"type":"Point","coordinates":[126.943197,37.466916]}},{"type":"Feature","properties":{"id":"A13082501","name":"이문삼익아파트","district":"동대문구","neighborhood":"이문동","avgPrice":4.76,"households":1907,"buildingCount":7,"rank":2039},"geometry":{"type":"Point","coordinates":[127.067674,37.595822]}},{"type":"Feature","properties":{"id":"A13406005","name":"둔촌프라자","district":"강동구","neighborhood":"둔촌동","avgPrice":7.97,"households":1906,"buildingCount":8,"rank":2040},"geometry":{"type":"Point","coordinates":[127.148168,37.535513]}},{"type":"Feature","properties":{"id":"A15101901","name":"신림금호타운1차","district":"관악구","neighborhood":"신림동","avgPrice":12.75,"households":1905,"buildingCount":11,"rank":2041},"geometry":{"type":"Point","coordinates":[126.937353,37.465545]}},{"type":"Feature","properties":{"id":"A15105303","name":"관악현대","district":"관악구","neighborhood":"봉천동","avgPrice":8.95,"households":1905,"buildingCount":17,"rank":2042},"geometry":{"type":"Point","coordinates":[126.958346,37.492028]}},{"type":"Feature","properties":{"id":"A13501008","name":"거평","district":"강남구","neighborhood":"논현동","avgPrice":2.76,"households":1905,"buildingCount":5,"rank":2043},"geometry":{"type":"Point","coordinates":[127.027669,37.506339]}},{"type":"Feature","properties":{"id":"A13713002","name":"양재리본타워2단지","district":"서초구","neighborhood":"양재동","avgPrice":8.17,"households":1904,"buildingCount":15,"rank":2044},"geometry":{"type":"Point","coordinates":[127.036336,37.465032]}},{"type":"Feature","properties":{"id":"A13501007","name":"논현쌍용","district":"강남구","neighborhood":"논현동","avgPrice":7.57,"households":1904,"buildingCount":4,"rank":2045},"geometry":{"type":"Point","coordinates":[127.038162,37.519659]}},{"type":"Feature","properties":{"id":"A13406003","name":"둔촌하이츠","district":"강동구","neighborhood":"둔촌동","avgPrice":6.75,"households":1904,"buildingCount":8,"rank":2046},"geometry":{"type":"Point","coordinates":[127.142438,37.529313]}},{"type":"Feature","properties":{"id":"A15105302","name":"관악푸르지오아파트","district":"관악구","neighborhood":"봉천동","avgPrice":6,"households":1904,"buildingCount":15,"rank":2047},"geometry":{"type":"Point","coordinates":[126.960869,37.487354]}},{"type":"Feature","properties":{"id":"A13501006","name":"아크로힐스논현","district":"강남구","neighborhood":"논현동","avgPrice":19.33,"households":1903,"buildingCount":28,"rank":2048},"geometry":{"type":"Point","coordinates":[127.038952,37.509497]}},{"type":"Feature","properties":{"id":"A10025985","name":"래미안 구의 파크스위트 아파트","district":"광진구","neighborhood":"구의동","avgPrice":14.1,"households":1903,"buildingCount":4,"rank":2049},"geometry":{"type":"Point","coordinates":[127.074702,37.53813]}},{"type":"Feature","properties":{"id":"A15105301","name":"관악푸르지오제2단지","district":"관악구","neighborhood":"봉천동","avgPrice":11.09,"households":1903,"buildingCount":7,"rank":2050},"geometry":{"type":"Point","coordinates":[126.923412,37.491045]}},{"type":"Feature","properties":{"id":"A13713001","name":"양재리본타워1단지","district":"서초구","neighborhood":"양재동","avgPrice":8.01,"households":1903,"buildingCount":6,"rank":2051},"geometry":{"type":"Point","coordinates":[127.039105,37.483836]}},{"type":"Feature","properties":{"id":"A13406002","name":"둔촌동동아","district":"강동구","neighborhood":"둔촌동","avgPrice":3.87,"households":1903,"buildingCount":8,"rank":2052},"geometry":{"type":"Point","coordinates":[127.144202,37.528804]}},{"type":"Feature","properties":{"id":"A13501005","name":"논현두산위브1단지","district":"강남구","neighborhood":"논현동","avgPrice":13.6,"households":1902,"buildingCount":21,"rank":2053},"geometry":{"type":"Point","coordinates":[127.038775,37.513534]}},{"type":"Feature","properties":{"id":"A13501004","name":"논현신동아","district":"강남구","neighborhood":"논현동","avgPrice":11.63,"households":1901,"buildingCount":23,"rank":2054},"geometry":{"type":"Point","coordinates":[127.025528,37.513607]}},{"type":"Feature","properties":{"id":"A10024597","name":"염리동세양청마루아파트","district":"마포구","neighborhood":"염리동","avgPrice":9.02,"households":1901,"buildingCount":17,"rank":2055},"geometry":{"type":"Point","coordinates":[126.946409,37.543043]}},{"type":"Feature","properties":{"id":"A13501002","name":"마일스디오빌","district":"강남구","neighborhood":"논현동","avgPrice":2.39,"households":1899,"buildingCount":20,"rank":2056},"geometry":{"type":"Point","coordinates":[127.029057,37.513866]}},{"type":"Feature","properties":{"id":"A13501001","name":"동양파라곤","district":"강남구","neighborhood":"논현동","avgPrice":29.67,"households":1898,"buildingCount":28,"rank":2057},"geometry":{"type":"Point","coordinates":[127.038152,37.514745]}},{"type":"Feature","properties":{"id":"A12115001","name":"한강밤섬자이아파트","district":"마포구","neighborhood":"하중동","avgPrice":18.57,"households":1898,"buildingCount":23,"rank":2058},"geometry":{"type":"Point","coordinates":[126.928554,37.544784]}},{"type":"Feature","properties":{"id":"A10025980","name":"방원예뜨랑아파트","district":"양천구","neighborhood":"신월동","avgPrice":16.25,"households":1898,"buildingCount":26,"rank":2059},"geometry":{"type":"Point","coordinates":[126.835191,37.527437]}},{"type":"Feature","properties":{"id":"A10024594","name":"이문2차푸르지오아파트","district":"동대문구","neighborhood":"이문동","avgPrice":4.6,"households":1898,"buildingCount":30,"rank":2060},"geometry":{"type":"Point","coordinates":[127.07062,37.604252]}},{"type":"Feature","properties":{"id":"A10027425","name":"이태원주공아파트","district":"용산구","neighborhood":"이태원동","avgPrice":11.37,"households":1894,"buildingCount":11,"rank":2061},"geometry":{"type":"Point","coordinates":[126.993862,37.53428]}},{"type":"Feature","properties":{"id":"A10026039","name":"천왕이펜하우스8단지","district":"구로구","neighborhood":"천왕동","avgPrice":1.83,"households":1894,"buildingCount":5,"rank":2062},"geometry":{"type":"Point","coordinates":[126.842525,37.47671]}},{"type":"Feature","properties":{"id":"A10027424","name":"상도파크자이 아파트","district":"동작구","neighborhood":"상도동","avgPrice":11.54,"households":1893,"buildingCount":11,"rank":2063},"geometry":{"type":"Point","coordinates":[126.938365,37.505699]}},{"type":"Feature","properties":{"id":"A13980509","name":"공릉삼익4단지","district":"노원구","neighborhood":"공릉동","avgPrice":2.87,"households":1892,"buildingCount":7,"rank":2064},"geometry":{"type":"Point","coordinates":[127.071971,37.629922]}},{"type":"Feature","properties":{"id":"A10026036","name":"마포자이 더 센트리지 아파트","district":"마포구","neighborhood":"염리동","avgPrice":13.1,"households":1891,"buildingCount":16,"rank":2065},"geometry":{"type":"Point","coordinates":[126.948512,37.550889]}},{"type":"Feature","properties":{"id":"A15089307","name":"여의대우트럼프월드2차","district":"영등포구","neighborhood":"여의도동","avgPrice":16.75,"households":1890,"buildingCount":6,"rank":2066},"geometry":{"type":"Point","coordinates":[126.92289,37.517049]}},{"type":"Feature","properties":{"id":"A15875103","name":"목동신시가지 6단지아파트","district":"양천구","neighborhood":"목동","avgPrice":17.63,"households":1887,"buildingCount":22,"rank":2067},"geometry":{"type":"Point","coordinates":[126.884791,37.534637]}},{"type":"Feature","properties":{"id":"A15875102","name":"목동2단지","district":"양천구","neighborhood":"목동","avgPrice":9.8,"households":1886,"buildingCount":10,"rank":2068},"geometry":{"type":"Point","coordinates":[126.87808,37.53658]}},{"type":"Feature","properties":{"id":"A15875101","name":"목동1단지","district":"양천구","neighborhood":"목동","avgPrice":12.2,"households":1885,"buildingCount":29,"rank":2069},"geometry":{"type":"Point","coordinates":[126.881871,37.537894]}},{"type":"Feature","properties":{"id":"A10021241","name":"코업스타클래스","district":"성북구","neighborhood":"하월곡동","avgPrice":9.6,"households":1884,"buildingCount":7,"rank":2070},"geometry":{"type":"Point","coordinates":[127.040511,37.601723]}},{"type":"Feature","properties":{"id":"A13920209","name":"상계중앙하이츠2차","district":"노원구","neighborhood":"상계동","avgPrice":13.65,"households":1883,"buildingCount":23,"rank":2071},"geometry":{"type":"Point","coordinates":[127.067406,37.655036]}},{"type":"Feature","properties":{"id":"A14272314","name":"미아뉴타운두산위브트레지움","district":"강북구","neighborhood":"미아동","avgPrice":5.23,"households":1881,"buildingCount":4,"rank":2072},"geometry":{"type":"Point","coordinates":[127.016974,37.617599]}},{"type":"Feature","properties":{"id":"A13920207","name":"상계1차중앙하이츠","district":"노원구","neighborhood":"상계동","avgPrice":4.26,"households":1881,"buildingCount":26,"rank":2073},"geometry":{"type":"Point","coordinates":[127.069113,37.653778]}},{"type":"Feature","properties":{"id":"A13792001","name":"서초삼풍","district":"서초구","neighborhood":"서초동","avgPrice":27.09,"households":1880,"buildingCount":13,"rank":2074},"geometry":{"type":"Point","coordinates":[127.015736,37.498483]}},{"type":"Feature","properties":{"id":"A14272313","name":"송천센트레빌","district":"강북구","neighborhood":"미아동","avgPrice":6.05,"households":1880,"buildingCount":7,"rank":2075},"geometry":{"type":"Point","coordinates":[127.025836,37.612701]}},{"type":"Feature","properties":{"id":"A13920205","name":"상계한일유엔아이","district":"노원구","neighborhood":"상계동","avgPrice":12.9,"households":1879,"buildingCount":15,"rank":2076},"geometry":{"type":"Point","coordinates":[127.06358,37.658479]}},{"type":"Feature","properties":{"id":"A14272311","name":"SK북한산시티임대","district":"강북구","neighborhood":"미아동","avgPrice":8.4,"households":1878,"buildingCount":17,"rank":2077},"geometry":{"type":"Point","coordinates":[127.050756,37.65067]}},{"type":"Feature","properties":{"id":"A14272310","name":"미아벽산임대","district":"강북구","neighborhood":"미아동","avgPrice":7.4,"households":1877,"buildingCount":23,"rank":2078},"geometry":{"type":"Point","coordinates":[127.03179,37.652695]}},{"type":"Feature","properties":{"id":"A13580002","name":"개포우성8차","district":"강남구","neighborhood":"개포동","avgPrice":17.12,"households":1876,"buildingCount":17,"rank":2079},"geometry":{"type":"Point","coordinates":[127.06233,37.488218]}},{"type":"Feature","properties":{"id":"A13920202","name":"상계코오롱","district":"노원구","neighborhood":"상계동","avgPrice":3.86,"households":1876,"buildingCount":10,"rank":2080},"geometry":{"type":"Point","coordinates":[127.069852,37.652712]}},{"type":"Feature","properties":{"id":"A13580001","name":"개포현대3차","district":"강남구","neighborhood":"개포동","avgPrice":15.9,"households":1875,"buildingCount":5,"rank":2081},"geometry":{"type":"Point","coordinates":[127.060721,37.488004]}},{"type":"Feature","properties":{"id":"A15005501","name":"포레나 신길","district":"영등포구","neighborhood":"신길동","avgPrice":8.41,"households":1874,"buildingCount":24,"rank":2082},"geometry":{"type":"Point","coordinates":[126.909574,37.503048]}},{"type":"Feature","properties":{"id":"A13613201","name":"하월곡샹그레빌","district":"성북구","neighborhood":"하월곡동","avgPrice":4.22,"households":1874,"buildingCount":16,"rank":2083},"geometry":{"type":"Point","coordinates":[127.041353,37.596428]}},{"type":"Feature","properties":{"id":"A10025976","name":"DMC센트럴아이파크","district":"서대문구","neighborhood":"남가좌동","avgPrice":13.32,"households":1873,"buildingCount":30,"rank":2084},"geometry":{"type":"Point","coordinates":[126.920548,37.578834]}},{"type":"Feature","properties":{"id":"A10024587","name":"대명비발디아파트","district":"마포구","neighborhood":"연남동","avgPrice":5.42,"households":1870,"buildingCount":25,"rank":2085},"geometry":{"type":"Point","coordinates":[126.923581,37.561655]}},{"type":"Feature","properties":{"id":"A10023195","name":"용산파크 이편한세상","district":"용산구","neighborhood":"한강로2가","avgPrice":22.65,"households":1864,"buildingCount":16,"rank":2086},"geometry":{"type":"Point","coordinates":[126.970921,37.533976]}},{"type":"Feature","properties":{"id":"A10024581","name":"DMC문영퀸즈파크","district":"은평구","neighborhood":"증산동","avgPrice":3.7,"households":1864,"buildingCount":7,"rank":2087},"geometry":{"type":"Point","coordinates":[126.907677,37.587674]}},{"type":"Feature","properties":{"id":"A13785705","name":"서초우성5차아파트","district":"서초구","neighborhood":"서초동","avgPrice":16.29,"households":1863,"buildingCount":4,"rank":2088},"geometry":{"type":"Point","coordinates":[127.026859,37.49455]}},{"type":"Feature","properties":{"id":"A10023191","name":"서초신원아침도시2차아파트","district":"서초구","neighborhood":"서초동","avgPrice":10.71,"households":1860,"buildingCount":30,"rank":2089},"geometry":{"type":"Point","coordinates":[127.024133,37.484364]}},{"type":"Feature","properties":{"id":"A10022623","name":"대우디오빌프라임","district":"서초구","neighborhood":"서초동","avgPrice":7.15,"households":1859,"buildingCount":12,"rank":2090},"geometry":{"type":"Point","coordinates":[127.029996,37.491568]}},{"type":"Feature","properties":{"id":"A10026025","name":"사당갑을명가아파트","district":"동작구","neighborhood":"사당동","avgPrice":5.02,"households":1859,"buildingCount":29,"rank":2091},"geometry":{"type":"Point","coordinates":[126.966454,37.482574]}},{"type":"Feature","properties":{"id":"A10021237","name":"송파건원여미지아파트","district":"송파구","neighborhood":"마천동","avgPrice":4.62,"households":1859,"buildingCount":19,"rank":2092},"geometry":{"type":"Point","coordinates":[127.145611,37.500028]}},{"type":"Feature","properties":{"id":"A13593802","name":"수서1-1단지아파트","district":"강남구","neighborhood":"일원동","avgPrice":3.86,"households":1858,"buildingCount":27,"rank":2093},"geometry":{"type":"Point","coordinates":[127.090734,37.492463]}},{"type":"Feature","properties":{"id":"A10026024","name":"독산라이프아파트","district":"금천구","neighborhood":"독산동","avgPrice":3.02,"households":1858,"buildingCount":27,"rank":2094},"geometry":{"type":"Point","coordinates":[126.892167,37.461083]}},{"type":"Feature","properties":{"id":"A10022621","name":"문정동마에스트로청년주택","district":"송파구","neighborhood":"문정동","avgPrice":18.8,"households":1857,"buildingCount":24,"rank":2095},"geometry":{"type":"Point","coordinates":[127.126478,37.490512]}},{"type":"Feature","properties":{"id":"A13593801","name":"일원동 수서아파트","district":"강남구","neighborhood":"일원동","avgPrice":13.25,"households":1857,"buildingCount":25,"rank":2096},"geometry":{"type":"Point","coordinates":[127.090646,37.492634]}},{"type":"Feature","properties":{"id":"A10026023","name":"목동롯데캐슬 마에스트로","district":"양천구","neighborhood":"목동","avgPrice":8.07,"households":1857,"buildingCount":9,"rank":2097},"geometry":{"type":"Point","coordinates":[126.86605,37.545462]}},{"type":"Feature","properties":{"id":"A12187703","name":"성산2차현대","district":"마포구","neighborhood":"중동","avgPrice":5.94,"households":1856,"buildingCount":17,"rank":2098},"geometry":{"type":"Point","coordinates":[126.908694,37.570481]}},{"type":"Feature","properties":{"id":"A14272309","name":"래미안트리베라1차","district":"강북구","neighborhood":"미아동","avgPrice":12.85,"households":1855,"buildingCount":31,"rank":2099},"geometry":{"type":"Point","coordinates":[127.020705,37.61393]}},{"type":"Feature","properties":{"id":"A13880701","name":"가락미륭아파트","district":"송파구","neighborhood":"가락동","avgPrice":10.03,"households":1855,"buildingCount":18,"rank":2100},"geometry":{"type":"Point","coordinates":[127.12863,37.493739]}},{"type":"Feature","properties":{"id":"A14272308","name":"래미안트리베라2차","district":"강북구","neighborhood":"미아동","avgPrice":15.95,"households":1854,"buildingCount":6,"rank":2101},"geometry":{"type":"Point","coordinates":[127.020434,37.617516]}},{"type":"Feature","properties":{"id":"A10021232","name":"화곡 1동 복지아파트","district":"강서구","neighborhood":"화곡동","avgPrice":5.25,"households":1854,"buildingCount":8,"rank":2102},"geometry":{"type":"Point","coordinates":[126.83268,37.554545]}},{"type":"Feature","properties":{"id":"A14272307","name":"미아현대","district":"강북구","neighborhood":"미아동","avgPrice":3.78,"households":1853,"buildingCount":12,"rank":2103},"geometry":{"type":"Point","coordinates":[127.027157,37.628881]}},{"type":"Feature","properties":{"id":"A14272306","name":"미아경남아너스빌","district":"강북구","neighborhood":"미아동","avgPrice":4.69,"households":1852,"buildingCount":23,"rank":2104},"geometry":{"type":"Point","coordinates":[127.031176,37.618913]}},{"type":"Feature","properties":{"id":"A13385202","name":"응봉대림2차","district":"성동구","neighborhood":"응봉동","avgPrice":18.25,"households":1851,"buildingCount":26,"rank":2105},"geometry":{"type":"Point","coordinates":[127.032433,37.552847]}},{"type":"Feature","properties":{"id":"A14272305","name":"벽산라이브파크","district":"강북구","neighborhood":"미아동","avgPrice":3.87,"households":1851,"buildingCount":21,"rank":2106},"geometry":{"type":"Point","coordinates":[127.011089,37.621038]}},{"type":"Feature","properties":{"id":"A14272304","name":"SK북한산시티아파트","district":"강북구","neighborhood":"미아동","avgPrice":6.8,"households":1850,"buildingCount":7,"rank":2107},"geometry":{"type":"Point","coordinates":[127.014249,37.61797]}},{"type":"Feature","properties":{"id":"A13672102","name":"삼선힐스테이트","district":"성북구","neighborhood":"삼선동2가","avgPrice":12.75,"households":1849,"buildingCount":24,"rank":2108},"geometry":{"type":"Point","coordinates":[127.010556,37.583853]}},{"type":"Feature","properties":{"id":"A14272303","name":"한일유앤아이","district":"강북구","neighborhood":"미아동","avgPrice":4.3,"households":1849,"buildingCount":20,"rank":2109},"geometry":{"type":"Point","coordinates":[127.036496,37.614702]}},{"type":"Feature","properties":{"id":"A13672101","name":"삼선푸르지오아파트","district":"성북구","neighborhood":"삼선동2가","avgPrice":5.79,"households":1848,"buildingCount":4,"rank":2110},"geometry":{"type":"Point","coordinates":[127.01342,37.583529]}},{"type":"Feature","properties":{"id":"A10025969","name":"DMC월드아파트","district":"은평구","neighborhood":"증산동","avgPrice":4.63,"households":1845,"buildingCount":22,"rank":2111},"geometry":{"type":"Point","coordinates":[126.911617,37.586123]}},{"type":"Feature","properties":{"id":"A10024577","name":"위례포레샤인18단지","district":"송파구","neighborhood":"거여동","avgPrice":6.86,"households":1839,"buildingCount":23,"rank":2112},"geometry":{"type":"Point","coordinates":[127.152178,37.487678]}},{"type":"Feature","properties":{"id":"A15004101","name":"당산신동아파밀리에","district":"영등포구","neighborhood":"당산동1가","avgPrice":6.3,"households":1839,"buildingCount":20,"rank":2113},"geometry":{"type":"Point","coordinates":[126.900465,37.519832]}},{"type":"Feature","properties":{"id":"A10024574","name":"서초센트럴아이파크","district":"서초구","neighborhood":"서초동","avgPrice":19.15,"households":1836,"buildingCount":16,"rank":2114},"geometry":{"type":"Point","coordinates":[127.011468,37.48721]}},{"type":"Feature","properties":{"id":"A10023188","name":"청량리역 한양수자인 그라시엘","district":"동대문구","neighborhood":"용두동","avgPrice":10.25,"households":1836,"buildingCount":20,"rank":2115},"geometry":{"type":"Point","coordinates":[127.063844,37.584795]}},{"type":"Feature","properties":{"id":"A15288814","name":"신도림대림1,2차","district":"구로구","neighborhood":"신도림동","avgPrice":7.22,"households":1834,"buildingCount":21,"rank":2116},"geometry":{"type":"Point","coordinates":[126.879211,37.505835]}},{"type":"Feature","properties":{"id":"A15288813","name":"신도림동아1차","district":"구로구","neighborhood":"신도림동","avgPrice":8.52,"households":1833,"buildingCount":26,"rank":2117},"geometry":{"type":"Point","coordinates":[126.882916,37.511044]}},{"type":"Feature","properties":{"id":"A15288812","name":"신도림4차e-편한세상","district":"구로구","neighborhood":"신도림동","avgPrice":6.45,"households":1832,"buildingCount":13,"rank":2118},"geometry":{"type":"Point","coordinates":[126.886813,37.509509]}},{"type":"Feature","properties":{"id":"A15288810","name":"신도림동아3차","district":"구로구","neighborhood":"신도림동","avgPrice":9.24,"households":1830,"buildingCount":4,"rank":2119},"geometry":{"type":"Point","coordinates":[126.884166,37.509697]}},{"type":"Feature","properties":{"id":"A10027403","name":"마곡엠밸리12단지","district":"강서구","neighborhood":"마곡동","avgPrice":7.18,"households":1830,"buildingCount":16,"rank":2120},"geometry":{"type":"Point","coordinates":[126.822886,37.558926]}},{"type":"Feature","properties":{"id":"A15786321","name":"염창관음삼성","district":"강서구","neighborhood":"염창동","avgPrice":5.86,"households":1830,"buildingCount":10,"rank":2121},"geometry":{"type":"Point","coordinates":[126.86912,37.552585]}},{"type":"Feature","properties":{"id":"A10026015","name":"반포써밋","district":"서초구","neighborhood":"반포동","avgPrice":25.53,"households":1828,"buildingCount":15,"rank":2122},"geometry":{"type":"Point","coordinates":[127.018034,37.501784]}},{"type":"Feature","properties":{"id":"A13285406","name":"방학삼성래미안1단지","district":"도봉구","neighborhood":"방학동","avgPrice":13.05,"households":1826,"buildingCount":10,"rank":2123},"geometry":{"type":"Point","coordinates":[127.047329,37.666953]}},{"type":"Feature","properties":{"id":"A15176603","name":"봉천갑을","district":"관악구","neighborhood":"봉천동","avgPrice":4.45,"households":1826,"buildingCount":18,"rank":2124},"geometry":{"type":"Point","coordinates":[126.952163,37.474883]}},{"type":"Feature","properties":{"id":"A15176602","name":"봉천건영6차아파트","district":"관악구","neighborhood":"봉천동","avgPrice":5.21,"households":1825,"buildingCount":14,"rank":2125},"geometry":{"type":"Point","coordinates":[126.951954,37.477089]}},{"type":"Feature","properties":{"id":"A13285404","name":"방학명품ESA1단지","district":"도봉구","neighborhood":"방학동","avgPrice":14.85,"households":1824,"buildingCount":25,"rank":2126},"geometry":{"type":"Point","coordinates":[127.045817,37.668673]}},{"type":"Feature","properties":{"id":"A15271602","name":"그린빌라","district":"구로구","neighborhood":"항동","avgPrice":11.7,"households":1821,"buildingCount":4,"rank":2127},"geometry":{"type":"Point","coordinates":[126.82239,37.486019]}},{"type":"Feature","properties":{"id":"A12182901","name":"상수두산위브","district":"마포구","neighborhood":"상수동","avgPrice":10.34,"households":1821,"buildingCount":7,"rank":2128},"geometry":{"type":"Point","coordinates":[126.924379,37.546951]}},{"type":"Feature","properties":{"id":"A13285401","name":"브라운스톤 방학아파트","district":"도봉구","neighborhood":"방학동","avgPrice":4.32,"households":1821,"buildingCount":20,"rank":2129},"geometry":{"type":"Point","coordinates":[127.045098,37.663521]}},{"type":"Feature","properties":{"id":"A15807101","name":"목동9단지","district":"양천구","neighborhood":"신정동","avgPrice":15.35,"households":1820,"buildingCount":17,"rank":2130},"geometry":{"type":"Point","coordinates":[126.861298,37.518668]}},{"type":"Feature","properties":{"id":"A15271601","name":"서울수목원현대홈타운스위트","district":"구로구","neighborhood":"항동","avgPrice":4.12,"households":1820,"buildingCount":7,"rank":2131},"geometry":{"type":"Point","coordinates":[126.820158,37.48424]}},{"type":"Feature","properties":{"id":"A10024567","name":"포레나영등포센트럴아파트","district":"영등포구","neighborhood":"영등포동7가","avgPrice":9.07,"households":1808,"buildingCount":4,"rank":2132},"geometry":{"type":"Point","coordinates":[126.905606,37.523361]}},{"type":"Feature","properties":{"id":"A15288809","name":"신도림동아2차","district":"구로구","neighborhood":"신도림동","avgPrice":8.35,"households":1808,"buildingCount":29,"rank":2133},"geometry":{"type":"Point","coordinates":[126.885986,37.508348]}},{"type":"Feature","properties":{"id":"A15288808","name":"SK VIEW","district":"구로구","neighborhood":"신도림동","avgPrice":6.89,"households":1807,"buildingCount":29,"rank":2134},"geometry":{"type":"Point","coordinates":[126.886567,37.506907]}},{"type":"Feature","properties":{"id":"A15288807","name":"신도림대림7차e-편한세상","district":"구로구","neighborhood":"신도림동","avgPrice":12.3,"households":1806,"buildingCount":14,"rank":2135},"geometry":{"type":"Point","coordinates":[126.869794,37.478355]}},{"type":"Feature","properties":{"id":"A10024564","name":"개포래미안포레스트","district":"강남구","neighborhood":"개포동","avgPrice":21.89,"households":1805,"buildingCount":20,"rank":2136},"geometry":{"type":"Point","coordinates":[127.054257,37.478384]}},{"type":"Feature","properties":{"id":"A15288806","name":"신도림우성1,2차","district":"구로구","neighborhood":"신도림동","avgPrice":5.99,"households":1805,"buildingCount":10,"rank":2137},"geometry":{"type":"Point","coordinates":[126.885853,37.511567]}},{"type":"Feature","properties":{"id":"A15288805","name":"신도림대림5차e-편한세상","district":"구로구","neighborhood":"신도림동","avgPrice":12.2,"households":1804,"buildingCount":4,"rank":2138},"geometry":{"type":"Point","coordinates":[126.883888,37.478715]}},{"type":"Feature","properties":{"id":"A10024562","name":"고덕센트럴푸르지오","district":"강동구","neighborhood":"고덕동","avgPrice":8.44,"households":1803,"buildingCount":23,"rank":2139},"geometry":{"type":"Point","coordinates":[127.170103,37.55761]}},{"type":"Feature","properties":{"id":"A15288804","name":"신도림우성3차","district":"구로구","neighborhood":"신도림동","avgPrice":6.31,"households":1803,"buildingCount":18,"rank":2140},"geometry":{"type":"Point","coordinates":[126.884423,37.513038]}},{"type":"Feature","properties":{"id":"A10086301","name":"충무로진양","district":"중구","neighborhood":"충무로4가","avgPrice":12.65,"households":1802,"buildingCount":18,"rank":2141},"geometry":{"type":"Point","coordinates":[126.985304,37.581015]}},{"type":"Feature","properties":{"id":"A15288803","name":"신도림현대","district":"구로구","neighborhood":"신도림동","avgPrice":7.75,"households":1802,"buildingCount":24,"rank":2142},"geometry":{"type":"Point","coordinates":[126.884238,37.511953]}},{"type":"Feature","properties":{"id":"A15786314","name":"염창태영송화","district":"강서구","neighborhood":"염창동","avgPrice":5.28,"households":1802,"buildingCount":25,"rank":2143},"geometry":{"type":"Point","coordinates":[126.867226,37.553387]}},{"type":"Feature","properties":{"id":"A15288802","name":"신도림대림3차","district":"구로구","neighborhood":"신도림동","avgPrice":7.13,"households":1801,"buildingCount":29,"rank":2144},"geometry":{"type":"Point","coordinates":[126.878054,37.506903]}},{"type":"Feature","properties":{"id":"A15786312","name":"염창극동상록수","district":"강서구","neighborhood":"염창동","avgPrice":5.62,"households":1800,"buildingCount":7,"rank":2145},"geometry":{"type":"Point","coordinates":[126.872085,37.548878]}},{"type":"Feature","properties":{"id":"A15288801","name":"신도림우성5차","district":"구로구","neighborhood":"신도림동","avgPrice":5.42,"households":1800,"buildingCount":24,"rank":2146},"geometry":{"type":"Point","coordinates":[126.884152,37.512615]}},{"type":"Feature","properties":{"id":"A13185607","name":"신내건영2차아파트","district":"중랑구","neighborhood":"상봉동","avgPrice":4.28,"households":1798,"buildingCount":21,"rank":2147},"geometry":{"type":"Point","coordinates":[127.093036,37.60112]}},{"type":"Feature","properties":{"id":"A10026004","name":"신반포자이아파트","district":"서초구","neighborhood":"잠원동","avgPrice":30.56,"households":1796,"buildingCount":8,"rank":2148},"geometry":{"type":"Point","coordinates":[127.008362,37.510137]}},{"type":"Feature","properties":{"id":"A15076801","name":"금호어울림","district":"영등포구","neighborhood":"문래동3가","avgPrice":7.43,"households":1795,"buildingCount":20,"rank":2149},"geometry":{"type":"Point","coordinates":[126.897627,37.519039]}},{"type":"Feature","properties":{"id":"A10026002","name":"삼환고덕아파트","district":"강동구","neighborhood":"명일동","avgPrice":9.35,"households":1794,"buildingCount":23,"rank":2150},"geometry":{"type":"Point","coordinates":[127.153798,37.553707]}},{"type":"Feature","properties":{"id":"A10021214","name":"우민늘푸른아파트","district":"구로구","neighborhood":"구로동","avgPrice":4.1,"households":1794,"buildingCount":24,"rank":2151},"geometry":{"type":"Point","coordinates":[126.894011,37.487996]}},{"type":"Feature","properties":{"id":"A13185603","name":"신내건영1차","district":"중랑구","neighborhood":"상봉동","avgPrice":1.88,"households":1794,"buildingCount":4,"rank":2152},"geometry":{"type":"Point","coordinates":[127.091094,37.605349]}},{"type":"Feature","properties":{"id":"A13185602","name":"상봉우정","district":"중랑구","neighborhood":"상봉동","avgPrice":4.87,"households":1793,"buildingCount":21,"rank":2153},"geometry":{"type":"Point","coordinates":[127.088698,37.599306]}},{"type":"Feature","properties":{"id":"A10021213","name":"신구아파트","district":"강북구","neighborhood":"미아동","avgPrice":3.15,"households":1793,"buildingCount":8,"rank":2154},"geometry":{"type":"Point","coordinates":[127.030359,37.626721]}},{"type":"Feature","properties":{"id":"A14072702","name":"이촌","district":"용산구","neighborhood":"이촌동","avgPrice":14.2,"households":1790,"buildingCount":16,"rank":2155},"geometry":{"type":"Point","coordinates":[126.954356,37.527841]}},{"type":"Feature","properties":{"id":"A10021210","name":"신풍역 비스타동원","district":"영등포구","neighborhood":"신길동","avgPrice":3.67,"households":1790,"buildingCount":23,"rank":2156},"geometry":{"type":"Point","coordinates":[126.909366,37.499697]}},{"type":"Feature","properties":{"id":"A14072701","name":"한가람아파트","district":"용산구","neighborhood":"이촌동","avgPrice":18.8,"households":1789,"buildingCount":28,"rank":2157},"geometry":{"type":"Point","coordinates":[126.972584,37.521372]}},{"type":"Feature","properties":{"id":"A13816101","name":"송파동부센트레빌","district":"송파구","neighborhood":"가락동","avgPrice":15.4,"households":1788,"buildingCount":18,"rank":2158},"geometry":{"type":"Point","coordinates":[127.108591,37.500387]}},{"type":"Feature","properties":{"id":"A13509101","name":"삼성청구타운","district":"강남구","neighborhood":"삼성동","avgPrice":17.19,"households":1787,"buildingCount":20,"rank":2159},"geometry":{"type":"Point","coordinates":[127.058354,37.51979]}},{"type":"Feature","properties":{"id":"A15303401","name":"시흥금강","district":"금천구","neighborhood":"시흥동","avgPrice":3.23,"households":1784,"buildingCount":6,"rank":2160},"geometry":{"type":"Point","coordinates":[126.908004,37.463256]}},{"type":"Feature","properties":{"id":"A10025946","name":"금천롯데캐슬골드파크3차아파트","district":"금천구","neighborhood":"독산동","avgPrice":6.58,"households":1780,"buildingCount":26,"rank":2161},"geometry":{"type":"Point","coordinates":[126.89725,37.459919]}},{"type":"Feature","properties":{"id":"A13983816","name":"상계은빛1단지","district":"노원구","neighborhood":"상계동","avgPrice":2.71,"households":1776,"buildingCount":27,"rank":2162},"geometry":{"type":"Point","coordinates":[127.053701,37.681538]}},{"type":"Feature","properties":{"id":"A10023169","name":"현대타워아파트","district":"송파구","neighborhood":"신천동","avgPrice":11.26,"households":1775,"buildingCount":8,"rank":2163},"geometry":{"type":"Point","coordinates":[127.102499,37.515133]}},{"type":"Feature","properties":{"id":"A13983815","name":"상계은빛2단지","district":"노원구","neighborhood":"상계동","avgPrice":2.78,"households":1775,"buildingCount":8,"rank":2164},"geometry":{"type":"Point","coordinates":[127.053512,37.679887]}},{"type":"Feature","properties":{"id":"A10024552","name":"래미안리더스원","district":"서초구","neighborhood":"서초동","avgPrice":27.45,"households":1772,"buildingCount":20,"rank":2165},"geometry":{"type":"Point","coordinates":[127.028095,37.490906]}},{"type":"Feature","properties":{"id":"A13983811","name":"수락산벨리체아파트","district":"노원구","neighborhood":"상계동","avgPrice":6.02,"households":1771,"buildingCount":11,"rank":2166},"geometry":{"type":"Point","coordinates":[127.056642,37.681578]}},{"type":"Feature","properties":{"id":"A13983810","name":"상계수락파크빌","district":"노원구","neighborhood":"상계동","avgPrice":5.04,"households":1770,"buildingCount":12,"rank":2167},"geometry":{"type":"Point","coordinates":[127.057954,37.677585]}},{"type":"Feature","properties":{"id":"A10023162","name":"대치푸르지오써밋","district":"강남구","neighborhood":"대치동","avgPrice":24.28,"households":1768,"buildingCount":11,"rank":2168},"geometry":{"type":"Point","coordinates":[127.061706,37.501558]}},{"type":"Feature","properties":{"id":"A13184208","name":"면목현대","district":"중랑구","neighborhood":"면목동","avgPrice":11.2,"households":1764,"buildingCount":17,"rank":2169},"geometry":{"type":"Point","coordinates":[127.089786,37.57624]}},{"type":"Feature","properties":{"id":"A10021203","name":"미아요진아파트","district":"강북구","neighborhood":"미아동","avgPrice":3.16,"households":1762,"buildingCount":12,"rank":2170},"geometry":{"type":"Point","coordinates":[127.027024,37.633445]}},{"type":"Feature","properties":{"id":"A12081703","name":"디엠씨한양","district":"서대문구","neighborhood":"북가좌동","avgPrice":10.95,"households":1759,"buildingCount":13,"rank":2171},"geometry":{"type":"Point","coordinates":[126.910874,37.574555]}},{"type":"Feature","properties":{"id":"A10024547","name":"포레나노원 아파트","district":"노원구","neighborhood":"상계동","avgPrice":6.97,"households":1746,"buildingCount":8,"rank":2172},"geometry":{"type":"Point","coordinates":[127.062362,37.664054]}},{"type":"Feature","properties":{"id":"A13987205","name":"하계1차청구아파트","district":"노원구","neighborhood":"하계동","avgPrice":8.03,"households":1742,"buildingCount":22,"rank":2173},"geometry":{"type":"Point","coordinates":[127.071645,37.638366]}},{"type":"Feature","properties":{"id":"A13983803","name":"상계대림e-편한세상","district":"노원구","neighborhood":"상계동","avgPrice":3.33,"households":1742,"buildingCount":8,"rank":2174},"geometry":{"type":"Point","coordinates":[127.074557,37.663073]}},{"type":"Feature","properties":{"id":"A10023157","name":"우남아파트","district":"은평구","neighborhood":"갈현동","avgPrice":3.03,"households":1742,"buildingCount":4,"rank":2175},"geometry":{"type":"Point","coordinates":[126.906761,37.617899]}},{"type":"Feature","properties":{"id":"A13983801","name":"대망드림힐","district":"노원구","neighborhood":"상계동","avgPrice":3.9,"households":1740,"buildingCount":31,"rank":2176},"geometry":{"type":"Point","coordinates":[127.058551,37.676429]}},{"type":"Feature","properties":{"id":"A15282608","name":"고척우성현대","district":"구로구","neighborhood":"고척동","avgPrice":10.5,"households":1739,"buildingCount":14,"rank":2177},"geometry":{"type":"Point","coordinates":[126.862791,37.498857]}},{"type":"Feature","properties":{"id":"A13583301","name":"논현동부센트레빌","district":"강남구","neighborhood":"논현동","avgPrice":14.98,"households":1731,"buildingCount":23,"rank":2178},"geometry":{"type":"Point","coordinates":[127.037546,37.510339]}},{"type":"Feature","properties":{"id":"A13922114","name":"중계주공5단지","district":"노원구","neighborhood":"중계동","avgPrice":4.28,"households":1730,"buildingCount":25,"rank":2179},"geometry":{"type":"Point","coordinates":[127.076039,37.652703]}},{"type":"Feature","properties":{"id":"A13922111","name":"중계주공8단지","district":"노원구","neighborhood":"중계동","avgPrice":3.22,"households":1727,"buildingCount":24,"rank":2180},"geometry":{"type":"Point","coordinates":[127.075422,37.646307]}},{"type":"Feature","properties":{"id":"A13523005","name":"일원목련타운","district":"강남구","neighborhood":"일원동","avgPrice":22,"households":1726,"buildingCount":11,"rank":2181},"geometry":{"type":"Point","coordinates":[127.085086,37.484946]}},{"type":"Feature","properties":{"id":"A13922110","name":"중계양지대림2차","district":"노원구","neighborhood":"중계동","avgPrice":6.8,"households":1726,"buildingCount":24,"rank":2182},"geometry":{"type":"Point","coordinates":[127.072783,37.654734]}},{"type":"Feature","properties":{"id":"A13523004","name":"일원샘터마을","district":"강남구","neighborhood":"일원동","avgPrice":19.85,"households":1725,"buildingCount":20,"rank":2183},"geometry":{"type":"Point","coordinates":[127.082578,37.484365]}},{"type":"Feature","properties":{"id":"A13523003","name":"수서가람","district":"강남구","neighborhood":"일원동","avgPrice":13.91,"households":1724,"buildingCount":16,"rank":2184},"geometry":{"type":"Point","coordinates":[127.085398,37.482468]}},{"type":"Feature","properties":{"id":"A15010307","name":"양평동6차현대아파트","district":"영등포구","neighborhood":"양평동3가","avgPrice":13.35,"households":1724,"buildingCount":25,"rank":2185},"geometry":{"type":"Point","coordinates":[126.893522,37.531863]}},{"type":"Feature","properties":{"id":"A15010306","name":"양평거성파스텔","district":"영등포구","neighborhood":"양평동3가","avgPrice":7.61,"households":1723,"buildingCount":7,"rank":2186},"geometry":{"type":"Point","coordinates":[126.891879,37.531529]}},{"type":"Feature","properties":{"id":"A13523001","name":"일원청솔빌리지","district":"강남구","neighborhood":"일원동","avgPrice":14.89,"households":1722,"buildingCount":5,"rank":2187},"geometry":{"type":"Point","coordinates":[127.08236,37.480464]}},{"type":"Feature","properties":{"id":"A15010305","name":"양평현대2차","district":"영등포구","neighborhood":"양평동3가","avgPrice":7.58,"households":1722,"buildingCount":22,"rank":2188},"geometry":{"type":"Point","coordinates":[126.895602,37.532093]}},{"type":"Feature","properties":{"id":"A15010304","name":"양평삼호","district":"영등포구","neighborhood":"양평동3가","avgPrice":5.33,"households":1721,"buildingCount":20,"rank":2189},"geometry":{"type":"Point","coordinates":[126.892948,37.528319]}},{"type":"Feature","properties":{"id":"A15010303","name":"양평동삼천리아파트","district":"영등포구","neighborhood":"양평동3가","avgPrice":6.4,"households":1720,"buildingCount":5,"rank":2190},"geometry":{"type":"Point","coordinates":[126.885644,37.526082]}},{"type":"Feature","properties":{"id":"A10027881","name":"석촌호수 효성해링턴타워","district":"송파구","neighborhood":"석촌동","avgPrice":2.01,"households":1720,"buildingCount":5,"rank":2191},"geometry":{"type":"Point","coordinates":[127.098313,37.500178]}},{"type":"Feature","properties":{"id":"A10025927","name":"방배아트자이","district":"서초구","neighborhood":"방배동","avgPrice":18.24,"households":1719,"buildingCount":31,"rank":2192},"geometry":{"type":"Point","coordinates":[127.002524,37.479789]}},{"type":"Feature","properties":{"id":"A15010302","name":"양평경남1차","district":"영등포구","neighborhood":"양평동3가","avgPrice":15.35,"households":1719,"buildingCount":6,"rank":2193},"geometry":{"type":"Point","coordinates":[126.923112,37.521]}},{"type":"Feature","properties":{"id":"A15010301","name":"양평우림루미아트","district":"영등포구","neighborhood":"양평동3가","avgPrice":5.85,"households":1718,"buildingCount":20,"rank":2194},"geometry":{"type":"Point","coordinates":[126.887995,37.526687]}},{"type":"Feature","properties":{"id":"A13887405","name":"풍납 현대리버빌1차","district":"송파구","neighborhood":"풍납동","avgPrice":14.7,"households":1713,"buildingCount":15,"rank":2195},"geometry":{"type":"Point","coordinates":[127.117558,37.508335]}},{"type":"Feature","properties":{"id":"A13887403","name":"현대리버빌2차아파트","district":"송파구","neighborhood":"풍납동","avgPrice":22.2,"households":1711,"buildingCount":30,"rank":2196},"geometry":{"type":"Point","coordinates":[127.116837,37.532149]}},{"type":"Feature","properties":{"id":"A10024532","name":"북한산두산위브2차","district":"서대문구","neighborhood":"홍은동","avgPrice":4.34,"households":1710,"buildingCount":27,"rank":2197},"geometry":{"type":"Point","coordinates":[126.931631,37.579128]}},{"type":"Feature","properties":{"id":"A10023143","name":"신반포르엘","district":"서초구","neighborhood":"잠원동","avgPrice":28.44,"households":1707,"buildingCount":12,"rank":2198},"geometry":{"type":"Point","coordinates":[127.013649,37.516896]}},{"type":"Feature","properties":{"id":"A12289402","name":"신성수정","district":"은평구","neighborhood":"신사동","avgPrice":3.2,"households":1705,"buildingCount":10,"rank":2199},"geometry":{"type":"Point","coordinates":[126.906192,37.59256]}},{"type":"Feature","properties":{"id":"A12289401","name":"뉴신사신성아파트","district":"은평구","neighborhood":"신사동","avgPrice":3.1,"households":1704,"buildingCount":7,"rank":2200},"geometry":{"type":"Point","coordinates":[126.906379,37.593544]}},{"type":"Feature","properties":{"id":"A13922108","name":"중계양지대림1차","district":"노원구","neighborhood":"중계동","avgPrice":12.7,"households":1703,"buildingCount":21,"rank":2201},"geometry":{"type":"Point","coordinates":[127.071392,37.651724]}},{"type":"Feature","properties":{"id":"A13922105","name":"중계양지대림2-2임대","district":"노원구","neighborhood":"중계동","avgPrice":9.1,"households":1700,"buildingCount":5,"rank":2202},"geometry":{"type":"Point","coordinates":[127.072822,37.648308]}},{"type":"Feature","properties":{"id":"A13922103","name":"중계3벽산","district":"노원구","neighborhood":"중계동","avgPrice":4.7,"households":1698,"buildingCount":27,"rank":2203},"geometry":{"type":"Point","coordinates":[127.073667,37.654361]}},{"type":"Feature","properties":{"id":"A13922102","name":"중계신안","district":"노원구","neighborhood":"중계동","avgPrice":5.22,"households":1697,"buildingCount":23,"rank":2204},"geometry":{"type":"Point","coordinates":[127.071967,37.651337]}},{"type":"Feature","properties":{"id":"A12172402","name":"서희스타힐스","district":"마포구","neighborhood":"대흥동","avgPrice":1.46,"households":1696,"buildingCount":8,"rank":2205},"geometry":{"type":"Point","coordinates":[126.943289,37.556296]}},{"type":"Feature","properties":{"id":"A12172401","name":"마포자이2차","district":"마포구","neighborhood":"대흥동","avgPrice":16.39,"households":1695,"buildingCount":22,"rank":2206},"geometry":{"type":"Point","coordinates":[126.942092,37.54934]}},{"type":"Feature","properties":{"id":"A10027877","name":"현대썬앤빌601","district":"동대문구","neighborhood":"장안동","avgPrice":0.67,"households":1695,"buildingCount":19,"rank":2207},"geometry":{"type":"Point","coordinates":[127.069383,37.569216]}},{"type":"Feature","properties":{"id":"A12209001","name":"DMC청구아파트","district":"은평구","neighborhood":"수색동","avgPrice":5.47,"households":1692,"buildingCount":11,"rank":2208},"geometry":{"type":"Point","coordinates":[126.901308,37.58074]}},{"type":"Feature","properties":{"id":"A10021698","name":"마곡수명산파크8단지","district":"강서구","neighborhood":"내발산동","avgPrice":5.32,"households":1690,"buildingCount":6,"rank":2209},"geometry":{"type":"Point","coordinates":[126.828571,37.551614]}},{"type":"Feature","properties":{"id":"A13403101","name":"성내삼성","district":"강동구","neighborhood":"성내동","avgPrice":1.17,"households":1690,"buildingCount":20,"rank":2210},"geometry":{"type":"Point","coordinates":[127.129172,37.530117]}},{"type":"Feature","properties":{"id":"A10025097","name":"월계센트럴아이파크아파트","district":"노원구","neighborhood":"월계동","avgPrice":6.6,"households":1687,"buildingCount":20,"rank":2211},"geometry":{"type":"Point","coordinates":[127.057463,37.630246]}},{"type":"Feature","properties":{"id":"A10025915","name":"목동동구햇살아파트","district":"양천구","neighborhood":"목동","avgPrice":7.1,"households":1686,"buildingCount":12,"rank":2212},"geometry":{"type":"Point","coordinates":[126.867714,37.521083]}},{"type":"Feature","properties":{"id":"A10025913","name":"가산지웰에스테이트2차","district":"금천구","neighborhood":"가산동","avgPrice":0.81,"households":1684,"buildingCount":10,"rank":2213},"geometry":{"type":"Point","coordinates":[126.890495,37.478388]}},{"type":"Feature","properties":{"id":"A10025092","name":"e편한세상서울대입구아파트","district":"관악구","neighborhood":"봉천동","avgPrice":8.3,"households":1682,"buildingCount":31,"rank":2214},"geometry":{"type":"Point","coordinates":[126.943356,37.478051]}},{"type":"Feature","properties":{"id":"A13886009","name":"상아2차아파트","district":"송파구","neighborhood":"오금동","avgPrice":8.27,"households":1682,"buildingCount":31,"rank":2215},"geometry":{"type":"Point","coordinates":[127.136697,37.498012]}},{"type":"Feature","properties":{"id":"A10024524","name":"더클래식동작","district":"동작구","neighborhood":"노량진동","avgPrice":1.66,"households":1681,"buildingCount":17,"rank":2216},"geometry":{"type":"Point","coordinates":[126.938558,37.512371]}},{"type":"Feature","properties":{"id":"A10023132","name":"디아크리온강남 아파트","district":"강남구","neighborhood":"자곡동","avgPrice":6.83,"households":1675,"buildingCount":27,"rank":2217},"geometry":{"type":"Point","coordinates":[127.042776,37.539205]}},{"type":"Feature","properties":{"id":"A13981006","name":"상계불암대림","district":"노원구","neighborhood":"상계동","avgPrice":4.12,"households":1675,"buildingCount":15,"rank":2218},"geometry":{"type":"Point","coordinates":[127.077252,37.663215]}},{"type":"Feature","properties":{"id":"A13383702","name":"송정건영","district":"성동구","neighborhood":"송정동","avgPrice":5.71,"households":1674,"buildingCount":5,"rank":2219},"geometry":{"type":"Point","coordinates":[127.0706,37.55581]}},{"type":"Feature","properties":{"id":"A15278301","name":"오류동부골든SH임대","district":"구로구","neighborhood":"오류동","avgPrice":5.4,"households":1674,"buildingCount":20,"rank":2220},"geometry":{"type":"Point","coordinates":[126.878726,37.499775]}},{"type":"Feature","properties":{"id":"A13981001","name":"상계불암대림제2","district":"노원구","neighborhood":"상계동","avgPrice":5.73,"households":1670,"buildingCount":9,"rank":2221},"geometry":{"type":"Point","coordinates":[127.057608,37.659816]}},{"type":"Feature","properties":{"id":"A13707203","name":"풍림아이원플러스","district":"서초구","neighborhood":"서초동","avgPrice":2.88,"households":1670,"buildingCount":15,"rank":2222},"geometry":{"type":"Point","coordinates":[127.029793,37.49036]}},{"type":"Feature","properties":{"id":"A13175103","name":"면목한신","district":"중랑구","neighborhood":"면목동","avgPrice":2.71,"households":1668,"buildingCount":21,"rank":2223},"geometry":{"type":"Point","coordinates":[127.075454,37.587493]}},{"type":"Feature","properties":{"id":"A13822301","name":"갤러리아팰리스","district":"송파구","neighborhood":"잠실동","avgPrice":21.45,"households":1667,"buildingCount":12,"rank":2224},"geometry":{"type":"Point","coordinates":[127.094436,37.511482]}},{"type":"Feature","properties":{"id":"A14082302","name":"보광삼성리버빌","district":"용산구","neighborhood":"보광동","avgPrice":11.62,"households":1667,"buildingCount":6,"rank":2225},"geometry":{"type":"Point","coordinates":[127.000973,37.524183]}},{"type":"Feature","properties":{"id":"A13175102","name":"솔루테","district":"중랑구","neighborhood":"면목동","avgPrice":3.76,"households":1667,"buildingCount":4,"rank":2226},"geometry":{"type":"Point","coordinates":[127.07695,37.589242]}},{"type":"Feature","properties":{"id":"A13175101","name":"일신강변","district":"중랑구","neighborhood":"면목동","avgPrice":3.42,"households":1666,"buildingCount":11,"rank":2227},"geometry":{"type":"Point","coordinates":[127.074648,37.586793]}},{"type":"Feature","properties":{"id":"A13610301","name":"정릉성원","district":"성북구","neighborhood":"정릉동","avgPrice":3.67,"households":1662,"buildingCount":11,"rank":2228},"geometry":{"type":"Point","coordinates":[127.008386,37.606485]}},{"type":"Feature","properties":{"id":"A10021687","name":"동아타운아파트","district":"관악구","neighborhood":"봉천동","avgPrice":3.61,"households":1658,"buildingCount":13,"rank":2229},"geometry":{"type":"Point","coordinates":[126.961309,37.477006]}},{"type":"Feature","properties":{"id":"A10026470","name":"힐스테이트서울숲리버","district":"성동구","neighborhood":"금호동4가","avgPrice":15.03,"households":1653,"buildingCount":30,"rank":2230},"geometry":{"type":"Point","coordinates":[127.026444,37.546755]}},{"type":"Feature","properties":{"id":"A10020294","name":"잠실래미안아이파크","district":"송파구","neighborhood":"신천동","avgPrice":18.8,"households":1651,"buildingCount":8,"rank":2231},"geometry":{"type":"Point","coordinates":[127.107052,37.51661]}},{"type":"Feature","properties":{"id":"A10023129","name":"리스트강남","district":"강남구","neighborhood":"논현동","avgPrice":2.03,"households":1651,"buildingCount":19,"rank":2232},"geometry":{"type":"Point","coordinates":[127.027462,37.505694]}},{"type":"Feature","properties":{"id":"A13782804","name":"삼호","district":"서초구","neighborhood":"방배동","avgPrice":17.44,"households":1650,"buildingCount":4,"rank":2233},"geometry":{"type":"Point","coordinates":[126.986325,37.496336]}},{"type":"Feature","properties":{"id":"A10024514","name":"관악위버폴리스","district":"관악구","neighborhood":"봉천동","avgPrice":6.72,"households":1650,"buildingCount":31,"rank":2234},"geometry":{"type":"Point","coordinates":[126.953108,37.482557]}},{"type":"Feature","properties":{"id":"A13782803","name":"롯데캐슬헤론","district":"서초구","neighborhood":"방배동","avgPrice":15.02,"households":1649,"buildingCount":13,"rank":2235},"geometry":{"type":"Point","coordinates":[126.984377,37.496869]}},{"type":"Feature","properties":{"id":"A10020292","name":"루미아","district":"성북구","neighborhood":"하월곡동","avgPrice":1.3,"households":1649,"buildingCount":16,"rank":2236},"geometry":{"type":"Point","coordinates":[127.03149,37.59768]}},{"type":"Feature","properties":{"id":"A10023126","name":"DMC아트포레자이아파트","district":"은평구","neighborhood":"수색동","avgPrice":13.1,"households":1648,"buildingCount":18,"rank":2237},"geometry":{"type":"Point","coordinates":[126.914658,37.601215]}},{"type":"Feature","properties":{"id":"A11055002","name":"종로청계힐스테이트","district":"종로구","neighborhood":"숭인동","avgPrice":6.42,"households":1647,"buildingCount":10,"rank":2238},"geometry":{"type":"Point","coordinates":[127.021289,37.575962]}},{"type":"Feature","properties":{"id":"A13881204","name":"가락프라자","district":"송파구","neighborhood":"가락동","avgPrice":12.49,"households":1644,"buildingCount":27,"rank":2239},"geometry":{"type":"Point","coordinates":[127.13356,37.491913]}},{"type":"Feature","properties":{"id":"A15081606","name":"대림신동아","district":"영등포구","neighborhood":"대림동","avgPrice":12.35,"households":1644,"buildingCount":23,"rank":2240},"geometry":{"type":"Point","coordinates":[126.89464,37.49587]}},{"type":"Feature","properties":{"id":"A12188205","name":"신촌태영데시앙","district":"마포구","neighborhood":"창전동","avgPrice":8.54,"households":1644,"buildingCount":8,"rank":2241},"geometry":{"type":"Point","coordinates":[126.931119,37.553274]}},{"type":"Feature","properties":{"id":"A15809003","name":"신월2차미소지움","district":"양천구","neighborhood":"신월동","avgPrice":4.46,"households":1643,"buildingCount":14,"rank":2242},"geometry":{"type":"Point","coordinates":[126.845405,37.521636]}},{"type":"Feature","properties":{"id":"A15081604","name":"대림3동현대아파트","district":"영등포구","neighborhood":"대림동","avgPrice":13.2,"households":1642,"buildingCount":18,"rank":2243},"geometry":{"type":"Point","coordinates":[126.894904,37.502135]}},{"type":"Feature","properties":{"id":"A15809002","name":"신정이펜하우스2단지","district":"양천구","neighborhood":"신정동","avgPrice":4.69,"households":1642,"buildingCount":23,"rank":2244},"geometry":{"type":"Point","coordinates":[126.830334,37.515774]}},{"type":"Feature","properties":{"id":"A12188202","name":"창전현대홈타운","district":"마포구","neighborhood":"창전동","avgPrice":9.1,"households":1641,"buildingCount":5,"rank":2245},"geometry":{"type":"Point","coordinates":[126.932263,37.550768]}},{"type":"Feature","properties":{"id":"A15809001","name":"신월대방샤인힐","district":"양천구","neighborhood":"신월동","avgPrice":3.58,"households":1641,"buildingCount":19,"rank":2246},"geometry":{"type":"Point","coordinates":[126.838451,37.520454]}},{"type":"Feature","properties":{"id":"A12188201","name":"신촌금호","district":"마포구","neighborhood":"창전동","avgPrice":6.78,"households":1640,"buildingCount":24,"rank":2247},"geometry":{"type":"Point","coordinates":[126.932126,37.552691]}},{"type":"Feature","properties":{"id":"A15081602","name":"대림현대2차","district":"영등포구","neighborhood":"대림동","avgPrice":4.73,"households":1640,"buildingCount":22,"rank":2248},"geometry":{"type":"Point","coordinates":[126.894692,37.502854]}},{"type":"Feature","properties":{"id":"A13550701","name":"삼성동중앙하이츠빌리지","district":"강남구","neighborhood":"삼성동","avgPrice":26.5,"households":1639,"buildingCount":16,"rank":2249},"geometry":{"type":"Point","coordinates":[127.046358,37.516093]}},{"type":"Feature","properties":{"id":"A13282510","name":"방학우성2차","district":"도봉구","neighborhood":"방학동","avgPrice":7.85,"households":1639,"buildingCount":31,"rank":2250},"geometry":{"type":"Point","coordinates":[127.02189,37.657011]}},{"type":"Feature","properties":{"id":"A10026469","name":"묵동자이2단지아파트","district":"중랑구","neighborhood":"묵동","avgPrice":6.74,"households":1631,"buildingCount":14,"rank":2251},"geometry":{"type":"Point","coordinates":[127.077661,37.614226]}},{"type":"Feature","properties":{"id":"A10027851","name":"신촌푸르지오 아파트","district":"서대문구","neighborhood":"북아현동","avgPrice":11.47,"households":1627,"buildingCount":12,"rank":2252},"geometry":{"type":"Point","coordinates":[126.952014,37.56014]}},{"type":"Feature","properties":{"id":"A10024505","name":"신마곡 벽산 블루밍","district":"강서구","neighborhood":"방화동","avgPrice":5.03,"households":1620,"buildingCount":27,"rank":2253},"geometry":{"type":"Point","coordinates":[126.808179,37.57129]}},{"type":"Feature","properties":{"id":"A10021670","name":"금강아파트","district":"양천구","neighborhood":"신월동","avgPrice":1.96,"households":1620,"buildingCount":15,"rank":2254},"geometry":{"type":"Point","coordinates":[126.833854,37.525332]}},{"type":"Feature","properties":{"id":"A10023118","name":"공덕동 크로시티 행복주택","district":"마포구","neighborhood":"공덕동","avgPrice":7,"households":1619,"buildingCount":30,"rank":2255},"geometry":{"type":"Point","coordinates":[126.951784,37.545872]}},{"type":"Feature","properties":{"id":"A10024503","name":"아크로 서울포레스트","district":"성동구","neighborhood":"성수동1가","avgPrice":99.72,"households":1618,"buildingCount":16,"rank":2256},"geometry":{"type":"Point","coordinates":[127.043847,37.544464]}},{"type":"Feature","properties":{"id":"A10025070","name":"보라매 sk뷰","district":"영등포구","neighborhood":"신길동","avgPrice":7.25,"households":1618,"buildingCount":20,"rank":2257},"geometry":{"type":"Point","coordinates":[126.917489,37.50372]}},{"type":"Feature","properties":{"id":"A10023116","name":"충정로현대아파트","district":"서대문구","neighborhood":"충정로2가","avgPrice":4.79,"households":1617,"buildingCount":20,"rank":2258},"geometry":{"type":"Point","coordinates":[126.963198,37.563683]}},{"type":"Feature","properties":{"id":"A10020281","name":"현대썬앤빌테헤란","district":"강남구","neighborhood":"대치동","avgPrice":3.91,"households":1617,"buildingCount":28,"rank":2259},"geometry":{"type":"Point","coordinates":[127.054771,37.50432]}},{"type":"Feature","properties":{"id":"A10024501","name":"논현 기린힐스","district":"강남구","neighborhood":"논현동","avgPrice":19.1,"households":1616,"buildingCount":16,"rank":2260},"geometry":{"type":"Point","coordinates":[127.042196,37.530835]}},{"type":"Feature","properties":{"id":"A13379401","name":"성수갤러리아포레","district":"성동구","neighborhood":"성수동1가","avgPrice":79.55,"households":1615,"buildingCount":7,"rank":2261},"geometry":{"type":"Point","coordinates":[127.042735,37.545771]}},{"type":"Feature","properties":{"id":"A12276901","name":"구산그린빌","district":"은평구","neighborhood":"구산동","avgPrice":1.42,"households":1615,"buildingCount":16,"rank":2262},"geometry":{"type":"Point","coordinates":[126.904245,37.60553]}},{"type":"Feature","properties":{"id":"A13187501","name":"중화극동","district":"중랑구","neighborhood":"중화동","avgPrice":3.55,"households":1613,"buildingCount":31,"rank":2263},"geometry":{"type":"Point","coordinates":[127.083482,37.603574]}},{"type":"Feature","properties":{"id":"A15177101","name":"라이프아파트","district":"관악구","neighborhood":"신림동","avgPrice":4.16,"households":1610,"buildingCount":24,"rank":2264},"geometry":{"type":"Point","coordinates":[126.903589,37.482414]}},{"type":"Feature","properties":{"id":"A15205513","name":"신도림태영타운","district":"구로구","neighborhood":"구로동","avgPrice":7.86,"households":1609,"buildingCount":29,"rank":2265},"geometry":{"type":"Point","coordinates":[126.888596,37.506148]}},{"type":"Feature","properties":{"id":"A13606006","name":"길음현대","district":"성북구","neighborhood":"길음동","avgPrice":3.42,"households":1609,"buildingCount":8,"rank":2266},"geometry":{"type":"Point","coordinates":[127.01995,37.608266]}},{"type":"Feature","properties":{"id":"A13606005","name":"동소문한진임대","district":"성북구","neighborhood":"돈암동","avgPrice":9.85,"households":1608,"buildingCount":5,"rank":2267},"geometry":{"type":"Point","coordinates":[127.014844,37.59102]}},{"type":"Feature","properties":{"id":"A15080205","name":"당산동부센트레빌","district":"영등포구","neighborhood":"당산동3가","avgPrice":9.32,"households":1608,"buildingCount":30,"rank":2268},"geometry":{"type":"Point","coordinates":[126.90042,37.524482]}},{"type":"Feature","properties":{"id":"A14380211","name":"워커힐아파트","district":"광진구","neighborhood":"광장동","avgPrice":19.76,"households":1607,"buildingCount":20,"rank":2269},"geometry":{"type":"Point","coordinates":[127.107132,37.550908]}},{"type":"Feature","properties":{"id":"A15080204","name":"당산한양","district":"영등포구","neighborhood":"당산동3가","avgPrice":7.74,"households":1607,"buildingCount":20,"rank":2270},"geometry":{"type":"Point","coordinates":[126.900633,37.525355]}},{"type":"Feature","properties":{"id":"A15205511","name":"신도림롯데","district":"구로구","neighborhood":"구로동","avgPrice":6.27,"households":1607,"buildingCount":13,"rank":2271},"geometry":{"type":"Point","coordinates":[126.884337,37.503557]}},{"type":"Feature","properties":{"id":"A13606004","name":"돈암한신한진아파트","district":"성북구","neighborhood":"돈암동","avgPrice":5.13,"households":1607,"buildingCount":24,"rank":2272},"geometry":{"type":"Point","coordinates":[127.009428,37.593456]}},{"type":"Feature","properties":{"id":"A13606003","name":"돈암일신건영휴먼빌","district":"성북구","neighborhood":"돈암동","avgPrice":5.78,"households":1606,"buildingCount":7,"rank":2273},"geometry":{"type":"Point","coordinates":[127.012425,37.600736]}},{"type":"Feature","properties":{"id":"A13606002","name":"돈암포스코더샵","district":"성북구","neighborhood":"돈암동","avgPrice":12.95,"households":1605,"buildingCount":25,"rank":2274},"geometry":{"type":"Point","coordinates":[127.002258,37.575765]}},{"type":"Feature","properties":{"id":"A10027849","name":"목동센트럴푸르지오아파트","district":"양천구","neighborhood":"목동","avgPrice":14.33,"households":1604,"buildingCount":4,"rank":2275},"geometry":{"type":"Point","coordinates":[126.87667,37.523727]}},{"type":"Feature","properties":{"id":"A14206202","name":"번동주공4단지","district":"강북구","neighborhood":"번동","avgPrice":2.84,"households":1604,"buildingCount":6,"rank":2276},"geometry":{"type":"Point","coordinates":[127.03926,37.630779]}},{"type":"Feature","properties":{"id":"A14206201","name":"오동공원현대홈타운","district":"강북구","neighborhood":"번동","avgPrice":3.6,"households":1603,"buildingCount":28,"rank":2277},"geometry":{"type":"Point","coordinates":[127.035254,37.626755]}},{"type":"Feature","properties":{"id":"A12008003","name":"독립문극동","district":"서대문구","neighborhood":"현저동","avgPrice":7.51,"households":1601,"buildingCount":8,"rank":2278},"geometry":{"type":"Point","coordinates":[126.956862,37.572013]}},{"type":"Feature","properties":{"id":"A12103006","name":"대우메트로디오빌","district":"마포구","neighborhood":"신공덕동","avgPrice":2.75,"households":1600,"buildingCount":4,"rank":2279},"geometry":{"type":"Point","coordinates":[126.952778,37.543533]}},{"type":"Feature","properties":{"id":"A13202103","name":"방학삼성래미안2단지","district":"도봉구","neighborhood":"방학동","avgPrice":10.65,"households":1599,"buildingCount":19,"rank":2280},"geometry":{"type":"Point","coordinates":[127.04606,37.664807]}},{"type":"Feature","properties":{"id":"A12008001","name":"독립문파크빌","district":"서대문구","neighborhood":"현저동","avgPrice":3.98,"households":1599,"buildingCount":24,"rank":2281},"geometry":{"type":"Point","coordinates":[126.951563,37.574945]}},{"type":"Feature","properties":{"id":"A10026457","name":"양평역미소지움아파트","district":"영등포구","neighborhood":"양평동3가","avgPrice":5.33,"households":1598,"buildingCount":23,"rank":2282},"geometry":{"type":"Point","coordinates":[126.884626,37.526125]}},{"type":"Feature","properties":{"id":"A13202102","name":"방학성원","district":"도봉구","neighborhood":"방학동","avgPrice":2.86,"households":1598,"buildingCount":27,"rank":2283},"geometry":{"type":"Point","coordinates":[127.035931,37.661625]}},{"type":"Feature","properties":{"id":"A12103002","name":"신공덕3차삼성래미안","district":"마포구","neighborhood":"신공덕동","avgPrice":11.3,"households":1596,"buildingCount":14,"rank":2284},"geometry":{"type":"Point","coordinates":[126.956905,37.545462]}},{"type":"Feature","properties":{"id":"A10020279","name":"빌리브 디에이블","district":"마포구","neighborhood":"노고산동","avgPrice":4.79,"households":1594,"buildingCount":24,"rank":2285},"geometry":{"type":"Point","coordinates":[126.91002,37.569315]}},{"type":"Feature","properties":{"id":"A10020277","name":"테스트","district":"구로구","neighborhood":"오류동","avgPrice":10.65,"households":1592,"buildingCount":16,"rank":2286},"geometry":{"type":"Point","coordinates":[126.868518,37.511835]}},{"type":"Feature","properties":{"id":"A15788203","name":"화곡중앙하이츠","district":"강서구","neighborhood":"화곡동","avgPrice":1.31,"households":1591,"buildingCount":27,"rank":2287},"geometry":{"type":"Point","coordinates":[126.838034,37.535192]}},{"type":"Feature","properties":{"id":"A15883202","name":"양천롯데캐슬","district":"양천구","neighborhood":"신월동","avgPrice":12.6,"households":1586,"buildingCount":24,"rank":2288},"geometry":{"type":"Point","coordinates":[126.840106,37.523331]}},{"type":"Feature","properties":{"id":"A15883201","name":"양천벽산블루밍","district":"양천구","neighborhood":"신월동","avgPrice":4.18,"households":1585,"buildingCount":23,"rank":2289},"geometry":{"type":"Point","coordinates":[126.839578,37.524465]}},{"type":"Feature","properties":{"id":"A15205508","name":"신구로자이","district":"구로구","neighborhood":"구로동","avgPrice":5.78,"households":1583,"buildingCount":8,"rank":2290},"geometry":{"type":"Point","coordinates":[126.88409,37.500004]}},{"type":"Feature","properties":{"id":"A15609401","name":"사당삼익그린뷰","district":"동작구","neighborhood":"사당동","avgPrice":4.87,"households":1583,"buildingCount":14,"rank":2291},"geometry":{"type":"Point","coordinates":[126.969273,37.477245]}},{"type":"Feature","properties":{"id":"A13378001","name":"서울숲힐스테이트","district":"성동구","neighborhood":"성수동2가","avgPrice":20.92,"households":1580,"buildingCount":10,"rank":2292},"geometry":{"type":"Point","coordinates":[127.052161,37.541332]}},{"type":"Feature","properties":{"id":"A12275501","name":"디엠씨자이1단지(DMC자이1)","district":"은평구","neighborhood":"수색동","avgPrice":14.35,"households":1580,"buildingCount":7,"rank":2293},"geometry":{"type":"Point","coordinates":[126.89893,37.579765]}},{"type":"Feature","properties":{"id":"A10020269","name":"구의새한","district":"광진구","neighborhood":"구의동","avgPrice":7.36,"households":1563,"buildingCount":4,"rank":2294},"geometry":{"type":"Point","coordinates":[127.08803,37.541043]}},{"type":"Feature","properties":{"id":"A10020267","name":"DMC 가재울 아이파크","district":"서대문구","neighborhood":"남가좌동","avgPrice":6.25,"households":1561,"buildingCount":22,"rank":2295},"geometry":{"type":"Point","coordinates":[126.91263,37.580646]}},{"type":"Feature","properties":{"id":"A10021652","name":"경희궁파크팰리스","district":"종로구","neighborhood":"내수동","avgPrice":13.53,"households":1560,"buildingCount":14,"rank":2296},"geometry":{"type":"Point","coordinates":[126.970279,37.574245]}},{"type":"Feature","properties":{"id":"A15608003","name":"이수힐스테이트","district":"동작구","neighborhood":"동작동","avgPrice":13.5,"households":1550,"buildingCount":16,"rank":2297},"geometry":{"type":"Point","coordinates":[126.978541,37.494927]}},{"type":"Feature","properties":{"id":"A13905302","name":"성원(사슴4)","district":"노원구","neighborhood":"월계동","avgPrice":2.8,"households":1550,"buildingCount":30,"rank":2298},"geometry":{"type":"Point","coordinates":[127.06262,37.629527]}},{"type":"Feature","properties":{"id":"A15096001","name":"신길자이","district":"영등포구","neighborhood":"신길동","avgPrice":11.65,"households":1549,"buildingCount":12,"rank":2299},"geometry":{"type":"Point","coordinates":[126.916629,37.506438]}},{"type":"Feature","properties":{"id":"A15608002","name":"동작금강KCC","district":"동작구","neighborhood":"동작동","avgPrice":8.33,"households":1549,"buildingCount":22,"rank":2300},"geometry":{"type":"Point","coordinates":[126.97854,37.49395]}},{"type":"Feature","properties":{"id":"A13905301","name":"월계서광","district":"노원구","neighborhood":"월계동","avgPrice":4,"households":1549,"buildingCount":13,"rank":2301},"geometry":{"type":"Point","coordinates":[127.064859,37.623176]}},{"type":"Feature","properties":{"id":"A15608001","name":"이수교스위첸","district":"동작구","neighborhood":"동작동","avgPrice":14.9,"households":1548,"buildingCount":4,"rank":2302},"geometry":{"type":"Point","coordinates":[126.919116,37.515865]}},{"type":"Feature","properties":{"id":"A15703005","name":"등촌대동황토방2차아파트","district":"강서구","neighborhood":"등촌동","avgPrice":5.93,"households":1548,"buildingCount":8,"rank":2303},"geometry":{"type":"Point","coordinates":[126.862362,37.55513]}},{"type":"Feature","properties":{"id":"A15703004","name":"등촌부영","district":"강서구","neighborhood":"등촌동","avgPrice":5.81,"households":1547,"buildingCount":8,"rank":2304},"geometry":{"type":"Point","coordinates":[126.843708,37.563551]}},{"type":"Feature","properties":{"id":"A15703002","name":"등촌대동황토방","district":"강서구","neighborhood":"등촌동","avgPrice":5.5,"households":1545,"buildingCount":6,"rank":2305},"geometry":{"type":"Point","coordinates":[126.862613,37.556107]}},{"type":"Feature","properties":{"id":"A15703001","name":"코오롱하늘채아파트","district":"강서구","neighborhood":"등촌동","avgPrice":5.53,"households":1544,"buildingCount":5,"rank":2306},"geometry":{"type":"Point","coordinates":[126.86078,37.554368]}},{"type":"Feature","properties":{"id":"A10021649","name":"대흥동 세양아파트","district":"마포구","neighborhood":"대흥동","avgPrice":7.83,"households":1536,"buildingCount":27,"rank":2307},"geometry":{"type":"Point","coordinates":[126.944873,37.54443]}},{"type":"Feature","properties":{"id":"A10025049","name":"염창동길훈아파트","district":"강서구","neighborhood":"염창동","avgPrice":5.69,"households":1534,"buildingCount":28,"rank":2308},"geometry":{"type":"Point","coordinates":[126.868053,37.555883]}},{"type":"Feature","properties":{"id":"A10021647","name":"마에스트로캠퍼스타운","district":"관악구","neighborhood":"봉천동","avgPrice":0.88,"households":1534,"buildingCount":24,"rank":2309},"geometry":{"type":"Point","coordinates":[126.94722,37.482183]}},{"type":"Feature","properties":{"id":"A10026434","name":"서울 오류동 행복주택","district":"구로구","neighborhood":"오류동","avgPrice":1.65,"households":1533,"buildingCount":16,"rank":2310},"geometry":{"type":"Point","coordinates":[126.847593,37.495697]}},{"type":"Feature","properties":{"id":"A10020258","name":"이편한세상 강동 프레스티지원","district":"강동구","neighborhood":"천호동","avgPrice":16.65,"households":1531,"buildingCount":9,"rank":2311},"geometry":{"type":"Point","coordinates":[127.108082,37.551475]}},{"type":"Feature","properties":{"id":"A13980903","name":"불암산센트럴아파트","district":"노원구","neighborhood":"상계동","avgPrice":2.65,"households":1530,"buildingCount":12,"rank":2312},"geometry":{"type":"Point","coordinates":[127.081263,37.672083]}},{"type":"Feature","properties":{"id":"A11081302","name":"인왕산아이파크","district":"종로구","neighborhood":"무악동","avgPrice":9.03,"households":1529,"buildingCount":11,"rank":2313},"geometry":{"type":"Point","coordinates":[126.9577,37.576951]}},{"type":"Feature","properties":{"id":"A10020255","name":"월계건양 노블레스 아파트 ","district":"노원구","neighborhood":"월계동","avgPrice":5.95,"households":1528,"buildingCount":29,"rank":2314},"geometry":{"type":"Point","coordinates":[127.032904,37.65681]}},{"type":"Feature","properties":{"id":"A15683601","name":"상도1동대림","district":"동작구","neighborhood":"상도동","avgPrice":8.15,"households":1527,"buildingCount":7,"rank":2315},"geometry":{"type":"Point","coordinates":[126.944114,37.522345]}},{"type":"Feature","properties":{"id":"A10020253","name":"해링턴플레이스노원센트럴","district":"노원구","neighborhood":"상계동","avgPrice":3.03,"households":1526,"buildingCount":5,"rank":2316},"geometry":{"type":"Point","coordinates":[127.082234,37.671801]}},{"type":"Feature","properties":{"id":"A13293505","name":"도봉래미안","district":"도봉구","neighborhood":"도봉동","avgPrice":8.95,"households":1525,"buildingCount":7,"rank":2317},"geometry":{"type":"Point","coordinates":[127.047162,37.679684]}},{"type":"Feature","properties":{"id":"A13485401","name":"암사동한솔아파트","district":"강동구","neighborhood":"암사동","avgPrice":6.75,"households":1523,"buildingCount":11,"rank":2318},"geometry":{"type":"Point","coordinates":[127.140123,37.552042]}},{"type":"Feature","properties":{"id":"A15188101","name":"신림건영2차","district":"관악구","neighborhood":"신림동","avgPrice":2.62,"households":1522,"buildingCount":11,"rank":2319},"geometry":{"type":"Point","coordinates":[126.916905,37.470913]}},{"type":"Feature","properties":{"id":"A15603206","name":"상도더샵","district":"동작구","neighborhood":"상도동","avgPrice":12,"households":1520,"buildingCount":24,"rank":2320},"geometry":{"type":"Point","coordinates":[126.942883,37.501978]}},{"type":"Feature","properties":{"id":"A13924004","name":"삼익포레스트아파트","district":"노원구","neighborhood":"공릉동","avgPrice":3.7,"households":1520,"buildingCount":27,"rank":2321},"geometry":{"type":"Point","coordinates":[127.081814,37.626911]}},{"type":"Feature","properties":{"id":"A13924003","name":"공릉한보아파트","district":"노원구","neighborhood":"공릉동","avgPrice":12.4,"households":1519,"buildingCount":8,"rank":2322},"geometry":{"type":"Point","coordinates":[127.080316,37.628116]}},{"type":"Feature","properties":{"id":"A15603205","name":"상도건영","district":"동작구","neighborhood":"노량진동","avgPrice":8.01,"households":1519,"buildingCount":12,"rank":2323},"geometry":{"type":"Point","coordinates":[126.949985,37.507763]}},{"type":"Feature","properties":{"id":"A15603204","name":"상도래미안1차","district":"동작구","neighborhood":"상도동","avgPrice":8.1,"households":1518,"buildingCount":12,"rank":2324},"geometry":{"type":"Point","coordinates":[126.933086,37.505214]}},{"type":"Feature","properties":{"id":"A15603203","name":"아이파크상도동","district":"동작구","neighborhood":"상도동","avgPrice":8.48,"households":1517,"buildingCount":6,"rank":2325},"geometry":{"type":"Point","coordinates":[126.942694,37.500719]}},{"type":"Feature","properties":{"id":"A10024987","name":"서초동원베네스트아파트","district":"서초구","neighborhood":"서초동","avgPrice":11.56,"households":1514,"buildingCount":17,"rank":2326},"geometry":{"type":"Point","coordinates":[127.02683,37.485138]}},{"type":"Feature","properties":{"id":"A13405003","name":"프라이어팰리스","district":"강동구","neighborhood":"암사동","avgPrice":10.62,"households":1513,"buildingCount":8,"rank":2327},"geometry":{"type":"Point","coordinates":[127.139461,37.55355]}},{"type":"Feature","properties":{"id":"A13405002","name":"암사삼성광나루","district":"강동구","neighborhood":"암사동","avgPrice":8.11,"households":1512,"buildingCount":24,"rank":2328},"geometry":{"type":"Point","coordinates":[127.127376,37.554043]}},{"type":"Feature","properties":{"id":"A10023599","name":"잠실엘타워","district":"송파구","neighborhood":"잠실동","avgPrice":2.33,"households":1512,"buildingCount":8,"rank":2329},"geometry":{"type":"Point","coordinates":[127.085435,37.509907]}},{"type":"Feature","properties":{"id":"A10023598","name":"고척아이파크RD","district":"구로구","neighborhood":"고척동","avgPrice":5.4,"households":1511,"buildingCount":11,"rank":2330},"geometry":{"type":"Point","coordinates":[126.859555,37.500776]}},{"type":"Feature","properties":{"id":"A10027817","name":"DMC파크뷰자이아파트","district":"서대문구","neighborhood":"남가좌동","avgPrice":9.48,"households":1509,"buildingCount":14,"rank":2331},"geometry":{"type":"Point","coordinates":[126.917198,37.572455]}},{"type":"Feature","properties":{"id":"A10024981","name":"콤비아파트","district":"영등포구","neighborhood":"여의도동","avgPrice":10.02,"households":1508,"buildingCount":28,"rank":2332},"geometry":{"type":"Point","coordinates":[126.939039,37.518956]}},{"type":"Feature","properties":{"id":"A10027816","name":"북한산 푸르지오","district":"은평구","neighborhood":"녹번동","avgPrice":6.99,"households":1508,"buildingCount":15,"rank":2333},"geometry":{"type":"Point","coordinates":[126.936266,37.606839]}},{"type":"Feature","properties":{"id":"A12114001","name":"서강GS","district":"마포구","neighborhood":"신정동","avgPrice":9.29,"households":1507,"buildingCount":29,"rank":2334},"geometry":{"type":"Point","coordinates":[126.931051,37.544055]}},{"type":"Feature","properties":{"id":"A10023593","name":"신정동 보람쉬움아파트","district":"양천구","neighborhood":"신정동","avgPrice":4.03,"households":1506,"buildingCount":8,"rank":2335},"geometry":{"type":"Point","coordinates":[126.855545,37.525562]}},{"type":"Feature","properties":{"id":"A10021638","name":"성수1차대우아파트","district":"성동구","neighborhood":"성수동2가","avgPrice":5.05,"households":1504,"buildingCount":6,"rank":2336},"geometry":{"type":"Point","coordinates":[127.06535,37.545417]}},{"type":"Feature","properties":{"id":"A10021637","name":"동원베네스트","district":"용산구","neighborhood":"한남동","avgPrice":9.67,"households":1503,"buildingCount":15,"rank":2337},"geometry":{"type":"Point","coordinates":[127.00803,37.530157]}},{"type":"Feature","properties":{"id":"A10021636","name":"순영1차 웰라이빌","district":"구로구","neighborhood":"구로동","avgPrice":11.15,"households":1502,"buildingCount":4,"rank":2338},"geometry":{"type":"Point","coordinates":[126.89158,37.498186]}},{"type":"Feature","properties":{"id":"A15870701","name":"신정이펜하우스1단지(총세대 기준)","district":"양천구","neighborhood":"신정동","avgPrice":4.79,"households":1496,"buildingCount":16,"rank":2339},"geometry":{"type":"Point","coordinates":[126.827378,37.515216]}},{"type":"Feature","properties":{"id":"A13484004","name":"SK허브진주상복합아파트","district":"강동구","neighborhood":"성내동","avgPrice":13.15,"households":1491,"buildingCount":15,"rank":2340},"geometry":{"type":"Point","coordinates":[127.136444,37.513585]}},{"type":"Feature","properties":{"id":"A13484003","name":"성내현대","district":"강동구","neighborhood":"성내동","avgPrice":5.75,"households":1490,"buildingCount":19,"rank":2341},"geometry":{"type":"Point","coordinates":[127.126345,37.535326]}},{"type":"Feature","properties":{"id":"A15004507","name":"당산삼성래미안","district":"영등포구","neighborhood":"당산동5가","avgPrice":15.8,"households":1489,"buildingCount":24,"rank":2342},"geometry":{"type":"Point","coordinates":[126.903165,37.531913]}},{"type":"Feature","properties":{"id":"A15004506","name":"당산동1차효성아파트","district":"영등포구","neighborhood":"당산동5가","avgPrice":9.15,"households":1488,"buildingCount":6,"rank":2343},"geometry":{"type":"Point","coordinates":[126.90107,37.530164]}},{"type":"Feature","properties":{"id":"A15004505","name":"당산유원제일2차","district":"영등포구","neighborhood":"당산동5가","avgPrice":13.2,"households":1487,"buildingCount":21,"rank":2344},"geometry":{"type":"Point","coordinates":[126.898319,37.533174]}},{"type":"Feature","properties":{"id":"A15004503","name":"당산2차효성타운","district":"영등포구","neighborhood":"당산동5가","avgPrice":8.75,"households":1485,"buildingCount":10,"rank":2345},"geometry":{"type":"Point","coordinates":[126.900356,37.53067]}},{"type":"Feature","properties":{"id":"A15004502","name":"당산디오빌","district":"영등포구","neighborhood":"당산동5가","avgPrice":2.9,"households":1484,"buildingCount":21,"rank":2346},"geometry":{"type":"Point","coordinates":[126.902343,37.53306]}},{"type":"Feature","properties":{"id":"A15004501","name":"당산성원아파트","district":"영등포구","neighborhood":"당산동5가","avgPrice":6.89,"households":1483,"buildingCount":22,"rank":2347},"geometry":{"type":"Point","coordinates":[126.899577,37.534378]}},{"type":"Feature","properties":{"id":"A10024974","name":"신촌숲 아이파크 아파트","district":"마포구","neighborhood":"신수동","avgPrice":15.54,"households":1480,"buildingCount":22,"rank":2348},"geometry":{"type":"Point","coordinates":[126.934179,37.551131]}},{"type":"Feature","properties":{"id":"A10024972","name":"길동신동아아파트","district":"강동구","neighborhood":"길동","avgPrice":9.6,"households":1478,"buildingCount":14,"rank":2349},"geometry":{"type":"Point","coordinates":[127.147308,37.541464]}},{"type":"Feature","properties":{"id":"A10023586","name":"힐스테이트 창경궁","district":"종로구","neighborhood":"충신동","avgPrice":8.38,"households":1478,"buildingCount":17,"rank":2350},"geometry":{"type":"Point","coordinates":[127.004674,37.575317]}},{"type":"Feature","properties":{"id":"A10026418","name":"e편한세상금호파크힐스","district":"성동구","neighborhood":"금호동1가","avgPrice":5.74,"households":1475,"buildingCount":10,"rank":2351},"geometry":{"type":"Point","coordinates":[127.02456,37.552929]}},{"type":"Feature","properties":{"id":"A10021629","name":"한양 아이클래스 구로","district":"구로구","neighborhood":"개봉동","avgPrice":2.36,"households":1474,"buildingCount":23,"rank":2352},"geometry":{"type":"Point","coordinates":[126.856878,37.495325]}},{"type":"Feature","properties":{"id":"A15886512","name":"신정학마을1단지","district":"양천구","neighborhood":"신정동","avgPrice":3.36,"households":1473,"buildingCount":13,"rank":2353},"geometry":{"type":"Point","coordinates":[126.844395,37.508086]}},{"type":"Feature","properties":{"id":"A10022194","name":"충정우리유앤미아파트","district":"서대문구","neighborhood":"충정로3가","avgPrice":6.67,"households":1472,"buildingCount":24,"rank":2354},"geometry":{"type":"Point","coordinates":[126.96244,37.562007]}},{"type":"Feature","properties":{"id":"A10027800","name":"래미안 대치 팰리스","district":"강남구","neighborhood":"대치동","avgPrice":34.92,"households":1471,"buildingCount":12,"rank":2355},"geometry":{"type":"Point","coordinates":[127.057921,37.494115]}},{"type":"Feature","properties":{"id":"A10021626","name":"창신이수아파트","district":"종로구","neighborhood":"창신동","avgPrice":5.74,"households":1471,"buildingCount":21,"rank":2356},"geometry":{"type":"Point","coordinates":[127.015054,37.577863]}},{"type":"Feature","properties":{"id":"A10026414","name":"은평뉴타운솔하임","district":"은평구","neighborhood":"진관동","avgPrice":2.21,"households":1471,"buildingCount":29,"rank":2357},"geometry":{"type":"Point","coordinates":[126.917323,37.639412]}},{"type":"Feature","properties":{"id":"A15886510","name":"신정학마을2단지","district":"양천구","neighborhood":"신정동","avgPrice":1.9,"households":1471,"buildingCount":22,"rank":2358},"geometry":{"type":"Point","coordinates":[126.845158,37.509332]}},{"type":"Feature","properties":{"id":"A10026411","name":"래미안서초에스티지에스아파트","district":"서초구","neighborhood":"서초동","avgPrice":34.93,"households":1468,"buildingCount":24,"rank":2359},"geometry":{"type":"Point","coordinates":[127.025996,37.487955]}},{"type":"Feature","properties":{"id":"A14077902","name":"한남더힐","district":"용산구","neighborhood":"한남동","avgPrice":78.98,"households":1467,"buildingCount":8,"rank":2360},"geometry":{"type":"Point","coordinates":[127.009525,37.536942]}},{"type":"Feature","properties":{"id":"A10025024","name":"신길센트럴자이","district":"영등포구","neighborhood":"신길동","avgPrice":9.85,"households":1467,"buildingCount":20,"rank":2361},"geometry":{"type":"Point","coordinates":[126.907745,37.503118]}},{"type":"Feature","properties":{"id":"A14077901","name":"한남힐스테이트","district":"용산구","neighborhood":"한남동","avgPrice":16.39,"households":1466,"buildingCount":20,"rank":2362},"geometry":{"type":"Point","coordinates":[127.003858,37.528424]}},{"type":"Feature","properties":{"id":"A13380803","name":"서울숲푸르지오","district":"성동구","neighborhood":"금호동4가","avgPrice":13.52,"households":1463,"buildingCount":30,"rank":2363},"geometry":{"type":"Point","coordinates":[127.022338,37.54482]}},{"type":"Feature","properties":{"id":"A10020230","name":"잠실르엘","district":"송파구","neighborhood":"신천동","avgPrice":35.24,"households":1461,"buildingCount":8,"rank":2364},"geometry":{"type":"Point","coordinates":[127.107374,37.514388]}},{"type":"Feature","properties":{"id":"A12281702","name":"갈현동현대아파트","district":"은평구","neighborhood":"갈현동","avgPrice":3.67,"households":1460,"buildingCount":27,"rank":2365},"geometry":{"type":"Point","coordinates":[126.914218,37.622231]}},{"type":"Feature","properties":{"id":"A12281701","name":"코오롱하늘채아파트","district":"은평구","neighborhood":"갈현동","avgPrice":4.21,"households":1459,"buildingCount":5,"rank":2366},"geometry":{"type":"Point","coordinates":[126.911383,37.623193]}},{"type":"Feature","properties":{"id":"A13077201","name":"제기한신제2임대아파트","district":"동대문구","neighborhood":"제기동","avgPrice":8.2,"households":1458,"buildingCount":22,"rank":2367},"geometry":{"type":"Point","coordinates":[127.033626,37.594695]}},{"type":"Feature","properties":{"id":"A10024966","name":"더스타일하우스디센트럴","district":"서대문구","neighborhood":"충정로3가","avgPrice":1.27,"households":1451,"buildingCount":28,"rank":2368},"geometry":{"type":"Point","coordinates":[126.962295,37.561349]}},{"type":"Feature","properties":{"id":"A10024965","name":"ym프라젠스파아파트","district":"광진구","neighborhood":"자양동","avgPrice":11.65,"households":1450,"buildingCount":24,"rank":2369},"geometry":{"type":"Point","coordinates":[127.084141,37.530922]}},{"type":"Feature","properties":{"id":"A15886508","name":"신정푸른마을2단지","district":"양천구","neighborhood":"신정동","avgPrice":3.49,"households":1448,"buildingCount":9,"rank":2370},"geometry":{"type":"Point","coordinates":[126.835272,37.513646]}},{"type":"Feature","properties":{"id":"A15886507","name":"신정푸른마을3단지","district":"양천구","neighborhood":"신정동","avgPrice":4.11,"households":1447,"buildingCount":18,"rank":2371},"geometry":{"type":"Point","coordinates":[126.836939,37.511499]}},{"type":"Feature","properties":{"id":"A12201301","name":"경남아파트-응암경남","district":"은평구","neighborhood":"응암동","avgPrice":3.03,"households":1447,"buildingCount":10,"rank":2372},"geometry":{"type":"Point","coordinates":[126.92039,37.583259]}},{"type":"Feature","properties":{"id":"A15886505","name":"신정푸른마을4단지","district":"양천구","neighborhood":"신정동","avgPrice":4.86,"households":1445,"buildingCount":27,"rank":2373},"geometry":{"type":"Point","coordinates":[126.839242,37.513388]}},{"type":"Feature","properties":{"id":"A15886504","name":"신정5차현대","district":"양천구","neighborhood":"신정동","avgPrice":7.9,"households":1444,"buildingCount":20,"rank":2374},"geometry":{"type":"Point","coordinates":[126.854569,37.51238]}},{"type":"Feature","properties":{"id":"A10022185","name":"태형아파트","district":"양천구","neighborhood":"신월동","avgPrice":2.84,"households":1442,"buildingCount":27,"rank":2375},"geometry":{"type":"Point","coordinates":[126.832681,37.532831]}},{"type":"Feature","properties":{"id":"A15886501","name":"신정학마을3단지","district":"양천구","neighborhood":"신정동","avgPrice":14.25,"households":1441,"buildingCount":31,"rank":2376},"geometry":{"type":"Point","coordinates":[126.87394,37.529095]}},{"type":"Feature","properties":{"id":"A13377903","name":"행당한진타운제2","district":"성동구","neighborhood":"행당동","avgPrice":16.75,"households":1440,"buildingCount":14,"rank":2377},"geometry":{"type":"Point","coordinates":[127.034558,37.557149]}},{"type":"Feature","properties":{"id":"A10022183","name":"신일해피트리아파트","district":"강북구","neighborhood":"미아동","avgPrice":3.67,"households":1440,"buildingCount":20,"rank":2378},"geometry":{"type":"Point","coordinates":[127.026605,37.63222]}},{"type":"Feature","properties":{"id":"A13377902","name":"행당대림제2","district":"성동구","neighborhood":"행당동","avgPrice":22.55,"households":1439,"buildingCount":30,"rank":2379},"geometry":{"type":"Point","coordinates":[127.030582,37.556808]}},{"type":"Feature","properties":{"id":"A10026403","name":"고덕숲아이파크아파트","district":"강동구","neighborhood":"상일동","avgPrice":10.59,"households":1439,"buildingCount":11,"rank":2380},"geometry":{"type":"Point","coordinates":[127.161623,37.551416]}},{"type":"Feature","properties":{"id":"A13377901","name":"행당두산위브아파트","district":"성동구","neighborhood":"행당동","avgPrice":15.5,"households":1438,"buildingCount":28,"rank":2381},"geometry":{"type":"Point","coordinates":[127.031745,37.556608]}},{"type":"Feature","properties":{"id":"A10022181","name":"사당kcc아파트","district":"동작구","neighborhood":"사당동","avgPrice":7.4,"households":1438,"buildingCount":18,"rank":2382},"geometry":{"type":"Point","coordinates":[126.930252,37.531885]}},{"type":"Feature","properties":{"id":"A10021614","name":"현대성우아파트","district":"양천구","neighborhood":"신월동","avgPrice":2.45,"households":1438,"buildingCount":5,"rank":2383},"geometry":{"type":"Point","coordinates":[126.836475,37.523797]}},{"type":"Feature","properties":{"id":"A10025015","name":"휘경 해모로 프레스티지 아파트","district":"동대문구","neighborhood":"휘경동","avgPrice":6.05,"households":1437,"buildingCount":5,"rank":2384},"geometry":{"type":"Point","coordinates":[127.062374,37.591391]}},{"type":"Feature","properties":{"id":"A10021612","name":"블루힐하우스","district":"서초구","neighborhood":"잠원동","avgPrice":17.98,"households":1436,"buildingCount":16,"rank":2385},"geometry":{"type":"Point","coordinates":[127.00621,37.511893]}},{"type":"Feature","properties":{"id":"A10025013","name":"사당롯데캐슬골든포레","district":"동작구","neighborhood":"사당동","avgPrice":9.07,"households":1435,"buildingCount":6,"rank":2386},"geometry":{"type":"Point","coordinates":[126.972414,37.490788]}},{"type":"Feature","properties":{"id":"A13591402","name":"역삼금호어울림","district":"강남구","neighborhood":"역삼동","avgPrice":14.19,"households":1432,"buildingCount":5,"rank":2387},"geometry":{"type":"Point","coordinates":[127.034984,37.492102]}},{"type":"Feature","properties":{"id":"A10025010","name":"고덕 아르테온 아파트","district":"강동구","neighborhood":"상일동","avgPrice":13.73,"households":1432,"buildingCount":31,"rank":2388},"geometry":{"type":"Point","coordinates":[127.164446,37.555537]}},{"type":"Feature","properties":{"id":"A10020222","name":"힐스테이트장승배기역 ","district":"동작구","neighborhood":"노량진동","avgPrice":12.85,"households":1432,"buildingCount":27,"rank":2389},"geometry":{"type":"Point","coordinates":[126.958092,37.51411]}},{"type":"Feature","properties":{"id":"A12185304","name":"신공덕2차삼성래미안","district":"마포구","neighborhood":"신공덕동","avgPrice":10.1,"households":1431,"buildingCount":17,"rank":2390},"geometry":{"type":"Point","coordinates":[126.958132,37.546412]}},{"type":"Feature","properties":{"id":"A13184610","name":"신내5단지대림두산","district":"중랑구","neighborhood":"묵동","avgPrice":1.44,"households":1431,"buildingCount":29,"rank":2391},"geometry":{"type":"Point","coordinates":[127.078792,37.617406]}},{"type":"Feature","properties":{"id":"A12185303","name":"신공덕1차삼성래미안아파트","district":"마포구","neighborhood":"신공덕동","avgPrice":12.21,"households":1430,"buildingCount":24,"rank":2392},"geometry":{"type":"Point","coordinates":[126.95582,37.543426]}},{"type":"Feature","properties":{"id":"A10020220","name":"펜트힐 캐스케이드","district":"강남구","neighborhood":"논현동","avgPrice":6.53,"households":1430,"buildingCount":20,"rank":2393},"geometry":{"type":"Point","coordinates":[127.035885,37.518096]}},{"type":"Feature","properties":{"id":"A13511004","name":"압구정신현대","district":"강남구","neighborhood":"압구정동","avgPrice":15.45,"households":1422,"buildingCount":6,"rank":2394},"geometry":{"type":"Point","coordinates":[127.025394,37.530435]}},{"type":"Feature","properties":{"id":"A13511003","name":"압구정미성2차","district":"강남구","neighborhood":"압구정동","avgPrice":39.9,"households":1421,"buildingCount":9,"rank":2395},"geometry":{"type":"Point","coordinates":[127.019038,37.523672]}},{"type":"Feature","properties":{"id":"A13204003","name":"창동한승미메이드","district":"도봉구","neighborhood":"창동","avgPrice":3.61,"households":1420,"buildingCount":17,"rank":2396},"geometry":{"type":"Point","coordinates":[127.042886,37.632974]}},{"type":"Feature","properties":{"id":"A13511001","name":"압구정미성1차","district":"강남구","neighborhood":"압구정동","avgPrice":48.37,"households":1419,"buildingCount":6,"rank":2397},"geometry":{"type":"Point","coordinates":[127.020016,37.52522]}},{"type":"Feature","properties":{"id":"A12125001","name":"성산2차e-편한세상","district":"마포구","neighborhood":"성산동","avgPrice":6.39,"households":1419,"buildingCount":10,"rank":2398},"geometry":{"type":"Point","coordinates":[126.905441,37.569847]}},{"type":"Feature","properties":{"id":"A13204002","name":"창동신도브래뉴","district":"도봉구","neighborhood":"창동","avgPrice":5.54,"households":1419,"buildingCount":12,"rank":2399},"geometry":{"type":"Point","coordinates":[127.04531,37.65623]}},{"type":"Feature","properties":{"id":"A12220005","name":"은평뉴타운상림마을1단지","district":"은평구","neighborhood":"진관동","avgPrice":5.1,"households":1419,"buildingCount":15,"rank":2400},"geometry":{"type":"Point","coordinates":[126.922739,37.641538]}},{"type":"Feature","properties":{"id":"A10023569","name":"장위지웰에스테이트","district":"성북구","neighborhood":"장위동","avgPrice":2.72,"households":1419,"buildingCount":21,"rank":2401},"geometry":{"type":"Point","coordinates":[127.056287,37.617835]}},{"type":"Feature","properties":{"id":"A12220004","name":"은평뉴타운상림마을12단지","district":"은평구","neighborhood":"진관동","avgPrice":11.7,"households":1418,"buildingCount":27,"rank":2402},"geometry":{"type":"Point","coordinates":[126.921935,37.641087]}},{"type":"Feature","properties":{"id":"A13204001","name":"창동대림","district":"도봉구","neighborhood":"창동","avgPrice":1.62,"households":1418,"buildingCount":16,"rank":2403},"geometry":{"type":"Point","coordinates":[127.040257,37.644164]}},{"type":"Feature","properties":{"id":"A13790929","name":"신반포한신2차","district":"서초구","neighborhood":"잠원동","avgPrice":21.45,"households":1417,"buildingCount":6,"rank":2404},"geometry":{"type":"Point","coordinates":[127.002216,37.510472]}},{"type":"Feature","properties":{"id":"A12220003","name":"은평뉴타운상림마을2단지","district":"은평구","neighborhood":"진관동","avgPrice":11.65,"households":1417,"buildingCount":24,"rank":2405},"geometry":{"type":"Point","coordinates":[126.926552,37.646658]}},{"type":"Feature","properties":{"id":"A12220002","name":"은평뉴타운상림마을13단지","district":"은평구","neighborhood":"진관동","avgPrice":9.3,"households":1416,"buildingCount":8,"rank":2406},"geometry":{"type":"Point","coordinates":[126.929413,37.64209]}},{"type":"Feature","properties":{"id":"A10023565","name":"개포6차우성아파트","district":"강남구","neighborhood":"개포동","avgPrice":16.76,"households":1415,"buildingCount":17,"rank":2407},"geometry":{"type":"Point","coordinates":[127.056883,37.476253]}},{"type":"Feature","properties":{"id":"A12220001","name":"은평뉴타운상림마을6단지 제1아파트(8단지 푸르지오)","district":"은평구","neighborhood":"진관동","avgPrice":5.8,"households":1415,"buildingCount":24,"rank":2408},"geometry":{"type":"Point","coordinates":[126.91646,37.640778]}},{"type":"Feature","properties":{"id":"A10023562","name":"홍은동일아파트","district":"서대문구","neighborhood":"홍은동","avgPrice":3.36,"households":1412,"buildingCount":6,"rank":2409},"geometry":{"type":"Point","coordinates":[126.946704,37.598418]}},{"type":"Feature","properties":{"id":"A10022175","name":"용답중앙하이츠아파트","district":"성동구","neighborhood":"용답동","avgPrice":5.62,"households":1411,"buildingCount":24,"rank":2410},"geometry":{"type":"Point","coordinates":[127.055621,37.563101]}},{"type":"Feature","properties":{"id":"A13895503","name":"한화오벨리스크","district":"송파구","neighborhood":"가락동","avgPrice":1.57,"households":1411,"buildingCount":12,"rank":2411},"geometry":{"type":"Point","coordinates":[127.121877,37.494881]}},{"type":"Feature","properties":{"id":"A13895502","name":"가락3차쌍용스윗닷홈(1~4동)","district":"송파구","neighborhood":"가락동","avgPrice":10.36,"households":1410,"buildingCount":5,"rank":2412},"geometry":{"type":"Point","coordinates":[127.122683,37.498279]}},{"type":"Feature","properties":{"id":"A10023560","name":"서대문푸르지오센트럴파크","district":"서대문구","neighborhood":"홍제동","avgPrice":8.6,"households":1410,"buildingCount":24,"rank":2413},"geometry":{"type":"Point","coordinates":[126.950031,37.581293]}},{"type":"Feature","properties":{"id":"A15881702","name":"목동성원","district":"양천구","neighborhood":"목동","avgPrice":12.95,"households":1409,"buildingCount":31,"rank":2414},"geometry":{"type":"Point","coordinates":[126.863144,37.542356]}},{"type":"Feature","properties":{"id":"A13895501","name":"송파성원상떼빌","district":"송파구","neighborhood":"가락동","avgPrice":7.78,"households":1409,"buildingCount":27,"rank":2415},"geometry":{"type":"Point","coordinates":[127.120892,37.495059]}},{"type":"Feature","properties":{"id":"A13184609","name":"신내4단지","district":"중랑구","neighborhood":"묵동","avgPrice":2.8,"households":1409,"buildingCount":8,"rank":2416},"geometry":{"type":"Point","coordinates":[127.084789,37.6163]}},{"type":"Feature","properties":{"id":"A15881701","name":"목동금강에스쁘아","district":"양천구","neighborhood":"목동","avgPrice":6.31,"households":1408,"buildingCount":13,"rank":2417},"geometry":{"type":"Point","coordinates":[126.87145,37.537933]}},{"type":"Feature","properties":{"id":"A10021603","name":"둔촌한솔솔파크","district":"강동구","neighborhood":"둔촌동","avgPrice":6.93,"households":1406,"buildingCount":28,"rank":2418},"geometry":{"type":"Point","coordinates":[127.148074,37.533844]}},{"type":"Feature","properties":{"id":"A10020216","name":"역삼우정에쉐르2","district":"강남구","neighborhood":"역삼동","avgPrice":4.15,"households":1405,"buildingCount":22,"rank":2419},"geometry":{"type":"Point","coordinates":[127.045864,37.50268]}},{"type":"Feature","properties":{"id":"A10025003","name":"마포그랑자이아파트","district":"마포구","neighborhood":"대흥동","avgPrice":16.5,"households":1404,"buildingCount":15,"rank":2420},"geometry":{"type":"Point","coordinates":[126.944076,37.554424]}},{"type":"Feature","properties":{"id":"A14287102","name":"우이동성원아파트","district":"강북구","neighborhood":"우이동","avgPrice":12.25,"households":1402,"buildingCount":12,"rank":2421},"geometry":{"type":"Point","coordinates":[127.013354,37.661951]}},{"type":"Feature","properties":{"id":"A12180506","name":"공덕삼성래미안3차","district":"마포구","neighborhood":"공덕동","avgPrice":9.25,"households":1400,"buildingCount":12,"rank":2422},"geometry":{"type":"Point","coordinates":[126.952282,37.547557]}},{"type":"Feature","properties":{"id":"A13471501","name":"암사한강현대","district":"강동구","neighborhood":"암사동","avgPrice":6.8,"households":1399,"buildingCount":13,"rank":2423},"geometry":{"type":"Point","coordinates":[127.131648,37.55569]}},{"type":"Feature","properties":{"id":"A13009206","name":"휘경동일스위트리버","district":"동대문구","neighborhood":"휘경동","avgPrice":5.14,"households":1398,"buildingCount":4,"rank":2424},"geometry":{"type":"Point","coordinates":[127.068778,37.587438]}},{"type":"Feature","properties":{"id":"A14382101","name":"구의삼성쉐르빌","district":"광진구","neighborhood":"구의동","avgPrice":8.97,"households":1397,"buildingCount":23,"rank":2425},"geometry":{"type":"Point","coordinates":[127.094914,37.539965]}},{"type":"Feature","properties":{"id":"A13009202","name":"휘경동일하이빌","district":"동대문구","neighborhood":"휘경동","avgPrice":5.15,"households":1394,"buildingCount":20,"rank":2426},"geometry":{"type":"Point","coordinates":[127.073321,37.582353]}},{"type":"Feature","properties":{"id":"A10024947","name":"백련산 해모로 아파트","district":"은평구","neighborhood":"응암동","avgPrice":5.6,"households":1390,"buildingCount":25,"rank":2427},"geometry":{"type":"Point","coordinates":[126.922047,37.596267]}},{"type":"Feature","properties":{"id":"A10024942","name":"방배서리풀그랑블아파트","district":"서초구","neighborhood":"방배동","avgPrice":11.7,"households":1385,"buildingCount":26,"rank":2428},"geometry":{"type":"Point","coordinates":[126.997499,37.486081]}},{"type":"Feature","properties":{"id":"A11084601","name":"평창롯데","district":"종로구","neighborhood":"평창동","avgPrice":9.5,"households":1384,"buildingCount":29,"rank":2429},"geometry":{"type":"Point","coordinates":[126.977466,37.59339]}},{"type":"Feature","properties":{"id":"A10023551","name":"동작협성휴포레시그니처아파트","district":"동작구","neighborhood":"신대방동","avgPrice":7.22,"households":1380,"buildingCount":4,"rank":2430},"geometry":{"type":"Point","coordinates":[126.905217,37.486326]}},{"type":"Feature","properties":{"id":"A13790910","name":"반포한신타워","district":"서초구","neighborhood":"잠원동","avgPrice":20.27,"households":1377,"buildingCount":12,"rank":2431},"geometry":{"type":"Point","coordinates":[127.006022,37.510889]}},{"type":"Feature","properties":{"id":"A14375801","name":"우성6","district":"광진구","neighborhood":"자양동","avgPrice":9.28,"households":1376,"buildingCount":5,"rank":2432},"geometry":{"type":"Point","coordinates":[127.070682,37.536691]}},{"type":"Feature","properties":{"id":"A13583701","name":"대치현대","district":"강남구","neighborhood":"대치동","avgPrice":17.39,"households":1375,"buildingCount":12,"rank":2433},"geometry":{"type":"Point","coordinates":[127.060985,37.500822]}},{"type":"Feature","properties":{"id":"A13084804","name":"전농SK","district":"동대문구","neighborhood":"전농동","avgPrice":5.91,"households":1375,"buildingCount":25,"rank":2434},"geometry":{"type":"Point","coordinates":[127.060634,37.5766]}},{"type":"Feature","properties":{"id":"A13084803","name":"전농우성","district":"동대문구","neighborhood":"전농동","avgPrice":4.32,"households":1374,"buildingCount":10,"rank":2435},"geometry":{"type":"Point","coordinates":[127.064994,37.577402]}},{"type":"Feature","properties":{"id":"A13084802","name":"전농SK제2(임대)","district":"동대문구","neighborhood":"전농동","avgPrice":8.5,"households":1373,"buildingCount":12,"rank":2436},"geometry":{"type":"Point","coordinates":[127.036352,37.59186]}},{"type":"Feature","properties":{"id":"A10020204","name":"마장한영스테이","district":"노원구","neighborhood":"공릉동","avgPrice":9.8,"households":1372,"buildingCount":14,"rank":2437},"geometry":{"type":"Point","coordinates":[127.06434,37.660005]}},{"type":"Feature","properties":{"id":"A15381402","name":"독산계룡","district":"금천구","neighborhood":"독산동","avgPrice":3.29,"households":1371,"buildingCount":28,"rank":2438},"geometry":{"type":"Point","coordinates":[126.892773,37.466925]}},{"type":"Feature","properties":{"id":"A13183204","name":"용마한신","district":"중랑구","neighborhood":"면목동","avgPrice":3.07,"households":1369,"buildingCount":23,"rank":2439},"geometry":{"type":"Point","coordinates":[127.096238,37.581329]}},{"type":"Feature","properties":{"id":"A14282301","name":"미아2동경남아너스빌","district":"강북구","neighborhood":"미아동","avgPrice":6.92,"households":1368,"buildingCount":18,"rank":2440},"geometry":{"type":"Point","coordinates":[127.018437,37.629379]}},{"type":"Feature","properties":{"id":"A13183202","name":"용마한신2차아파트","district":"중랑구","neighborhood":"면목동","avgPrice":4.19,"households":1367,"buildingCount":15,"rank":2441},"geometry":{"type":"Point","coordinates":[127.094238,37.581009]}},{"type":"Feature","properties":{"id":"A13470104","name":"청광플러스원큐브3차","district":"강동구","neighborhood":"길동","avgPrice":0.68,"households":1367,"buildingCount":13,"rank":2442},"geometry":{"type":"Point","coordinates":[127.138277,37.537804]}},{"type":"Feature","properties":{"id":"A13470103","name":"길동라인","district":"강동구","neighborhood":"길동","avgPrice":4.65,"households":1366,"buildingCount":17,"rank":2443},"geometry":{"type":"Point","coordinates":[127.14193,37.539128]}},{"type":"Feature","properties":{"id":"A13470102","name":"강동QV2차","district":"강동구","neighborhood":"길동","avgPrice":9.35,"households":1365,"buildingCount":19,"rank":2444},"geometry":{"type":"Point","coordinates":[127.14584,37.512055]}},{"type":"Feature","properties":{"id":"A14070302","name":"용산더프라임","district":"용산구","neighborhood":"원효로1가","avgPrice":12.57,"households":1364,"buildingCount":19,"rank":2445},"geometry":{"type":"Point","coordinates":[126.97041,37.540524]}},{"type":"Feature","properties":{"id":"A13470101","name":"길동삼익파크","district":"강동구","neighborhood":"길동","avgPrice":11.9,"households":1364,"buildingCount":6,"rank":2446},"geometry":{"type":"Point","coordinates":[127.147263,37.544735]}},{"type":"Feature","properties":{"id":"A14070301","name":"리첸시아용산","district":"용산구","neighborhood":"원효로1가","avgPrice":11.64,"households":1363,"buildingCount":7,"rank":2447},"geometry":{"type":"Point","coordinates":[126.967178,37.538294]}},{"type":"Feature","properties":{"id":"A10024938","name":"래미안루센티아 아파트","district":"서대문구","neighborhood":"남가좌동","avgPrice":7.69,"households":1360,"buildingCount":12,"rank":2448},"geometry":{"type":"Point","coordinates":[126.917461,37.576212]}},{"type":"Feature","properties":{"id":"A15301001","name":"진도1차","district":"금천구","neighborhood":"독산동","avgPrice":3.09,"households":1358,"buildingCount":11,"rank":2449},"geometry":{"type":"Point","coordinates":[126.890864,37.467847]}},{"type":"Feature","properties":{"id":"A14010003","name":"용산CJ나인파크","district":"용산구","neighborhood":"문배동","avgPrice":10.29,"households":1356,"buildingCount":14,"rank":2450},"geometry":{"type":"Point","coordinates":[126.96909,37.536082]}},{"type":"Feature","properties":{"id":"A10023548","name":"정동상림원아파트","district":"중구","neighborhood":"정동","avgPrice":3.32,"households":1356,"buildingCount":11,"rank":2451},"geometry":{"type":"Point","coordinates":[126.970284,37.567237]}},{"type":"Feature","properties":{"id":"A10023547","name":"개포상록스타힐스","district":"강남구","neighborhood":"일원동","avgPrice":10.35,"households":1355,"buildingCount":20,"rank":2452},"geometry":{"type":"Point","coordinates":[127.076294,37.488373]}},{"type":"Feature","properties":{"id":"A14010002","name":"이안용산프리미어","district":"용산구","neighborhood":"문배동","avgPrice":9.8,"households":1355,"buildingCount":27,"rank":2453},"geometry":{"type":"Point","coordinates":[126.970553,37.538632]}},{"type":"Feature","properties":{"id":"A10024932","name":"e편한세상 강동에코포레 아파트","district":"강동구","neighborhood":"길동","avgPrice":10.25,"households":1354,"buildingCount":22,"rank":2454},"geometry":{"type":"Point","coordinates":[127.148194,37.541318]}},{"type":"Feature","properties":{"id":"A14010001","name":"용산아크로타워","district":"용산구","neighborhood":"문배동","avgPrice":10.05,"households":1354,"buildingCount":9,"rank":2455},"geometry":{"type":"Point","coordinates":[126.968594,37.536765]}},{"type":"Feature","properties":{"id":"A13986207","name":"중계양지대림1-2임대","district":"노원구","neighborhood":"중계동","avgPrice":7.75,"households":1353,"buildingCount":8,"rank":2456},"geometry":{"type":"Point","coordinates":[127.081348,37.650024]}},{"type":"Feature","properties":{"id":"A10022158","name":"대호103동  아파트","district":"은평구","neighborhood":"불광동","avgPrice":3.97,"households":1352,"buildingCount":11,"rank":2457},"geometry":{"type":"Point","coordinates":[126.933571,37.614854]}},{"type":"Feature","properties":{"id":"A10023543","name":"가양역두산위브아파트","district":"강서구","neighborhood":"등촌동","avgPrice":6.31,"households":1351,"buildingCount":12,"rank":2458},"geometry":{"type":"Point","coordinates":[126.854224,37.556523]}},{"type":"Feature","properties":{"id":"A15685503","name":"보라매파크빌","district":"동작구","neighborhood":"신대방동","avgPrice":8.05,"households":1350,"buildingCount":28,"rank":2459},"geometry":{"type":"Point","coordinates":[126.915067,37.493804]}},{"type":"Feature","properties":{"id":"A10022156","name":"더트루엘마곡HQ","district":"강서구","neighborhood":"공항동","avgPrice":4.05,"households":1350,"buildingCount":6,"rank":2460},"geometry":{"type":"Point","coordinates":[126.815107,37.561395]}},{"type":"Feature","properties":{"id":"A10022155","name":"청광플러스원아파트","district":"금천구","neighborhood":"독산동","avgPrice":3.66,"households":1349,"buildingCount":16,"rank":2461},"geometry":{"type":"Point","coordinates":[126.894124,37.471335]}},{"type":"Feature","properties":{"id":"A13790902","name":"잠원킴스빌리지","district":"서초구","neighborhood":"잠원동","avgPrice":6.7,"households":1348,"buildingCount":4,"rank":2462},"geometry":{"type":"Point","coordinates":[127.006516,37.510791]}},{"type":"Feature","properties":{"id":"A15378501","name":"시흥월드메르디앙","district":"금천구","neighborhood":"시흥동","avgPrice":14.05,"households":1347,"buildingCount":10,"rank":2463},"geometry":{"type":"Point","coordinates":[126.871546,37.45042]}},{"type":"Feature","properties":{"id":"A13986201","name":"중계우성3차","district":"노원구","neighborhood":"중계동","avgPrice":13.95,"households":1347,"buildingCount":17,"rank":2464},"geometry":{"type":"Point","coordinates":[127.073042,37.652426]}},{"type":"Feature","properties":{"id":"A13176902","name":"신내9단지임대","district":"중랑구","neighborhood":"신내동","avgPrice":14.1,"households":1346,"buildingCount":9,"rank":2465},"geometry":{"type":"Point","coordinates":[127.12141,37.59829]}},{"type":"Feature","properties":{"id":"A10022152","name":"서울공릉행복주택","district":"노원구","neighborhood":"공릉동","avgPrice":1.22,"households":1346,"buildingCount":17,"rank":2466},"geometry":{"type":"Point","coordinates":[127.087527,37.624612]}},{"type":"Feature","properties":{"id":"A13176901","name":"신내6단지","district":"중랑구","neighborhood":"신내동","avgPrice":12.45,"households":1345,"buildingCount":26,"rank":2467},"geometry":{"type":"Point","coordinates":[127.092055,37.615953]}},{"type":"Feature","properties":{"id":"A13770801","name":"방배한신트리플","district":"서초구","neighborhood":"방배동","avgPrice":3.14,"households":1344,"buildingCount":21,"rank":2468},"geometry":{"type":"Point","coordinates":[126.989286,37.49124]}},{"type":"Feature","properties":{"id":"A15285004","name":"구로극동","district":"구로구","neighborhood":"구로동","avgPrice":3.29,"households":1342,"buildingCount":24,"rank":2469},"geometry":{"type":"Point","coordinates":[126.889525,37.4909]}},{"type":"Feature","properties":{"id":"A13275303","name":"도봉파크빌2단지","district":"도봉구","neighborhood":"도봉동","avgPrice":3.59,"households":1341,"buildingCount":7,"rank":2470},"geometry":{"type":"Point","coordinates":[127.050772,37.684302]}},{"type":"Feature","properties":{"id":"A13275302","name":"도봉서원제2","district":"도봉구","neighborhood":"도봉동","avgPrice":3.54,"households":1340,"buildingCount":31,"rank":2471},"geometry":{"type":"Point","coordinates":[127.055974,37.67708]}},{"type":"Feature","properties":{"id":"A13275301","name":"도봉양우내안애아파트","district":"도봉구","neighborhood":"도봉동","avgPrice":3.53,"households":1339,"buildingCount":8,"rank":2472},"geometry":{"type":"Point","coordinates":[127.049521,37.683414]}},{"type":"Feature","properties":{"id":"A13522008","name":"수서주공","district":"강남구","neighborhood":"수서동","avgPrice":12.15,"households":1338,"buildingCount":21,"rank":2473},"geometry":{"type":"Point","coordinates":[127.100246,37.490039]}},{"type":"Feature","properties":{"id":"A15605103","name":"신동아리버파크","district":"동작구","neighborhood":"노량진동","avgPrice":8.69,"households":1338,"buildingCount":31,"rank":2474},"geometry":{"type":"Point","coordinates":[126.94523,37.507358]}},{"type":"Feature","properties":{"id":"A13522007","name":"수서까치마을","district":"강남구","neighborhood":"수서동","avgPrice":9.48,"households":1337,"buildingCount":16,"rank":2475},"geometry":{"type":"Point","coordinates":[127.087663,37.484831]}},{"type":"Feature","properties":{"id":"A15605102","name":"본동한신휴플러스","district":"동작구","neighborhood":"본동","avgPrice":8.21,"households":1337,"buildingCount":9,"rank":2476},"geometry":{"type":"Point","coordinates":[126.949705,37.509024]}},{"type":"Feature","properties":{"id":"A13522006","name":"수서신동아","district":"강남구","neighborhood":"수서동","avgPrice":10.63,"households":1336,"buildingCount":7,"rank":2477},"geometry":{"type":"Point","coordinates":[127.098401,37.487153]}},{"type":"Feature","properties":{"id":"A13522004","name":"수서삼성","district":"강남구","neighborhood":"수서동","avgPrice":16.55,"households":1334,"buildingCount":13,"rank":2478},"geometry":{"type":"Point","coordinates":[127.09068,37.484953]}},{"type":"Feature","properties":{"id":"A13522003","name":"수서삼익","district":"강남구","neighborhood":"수서동","avgPrice":22.08,"households":1333,"buildingCount":21,"rank":2479},"geometry":{"type":"Point","coordinates":[127.100974,37.489692]}},{"type":"Feature","properties":{"id":"A13003007","name":"래미안위브","district":"동대문구","neighborhood":"답십리동","avgPrice":9.78,"households":1331,"buildingCount":4,"rank":2480},"geometry":{"type":"Point","coordinates":[127.053972,37.572085]}},{"type":"Feature","properties":{"id":"A13310004","name":"옥수극동","district":"성동구","neighborhood":"옥수동","avgPrice":20.9,"households":1329,"buildingCount":23,"rank":2481},"geometry":{"type":"Point","coordinates":[127.011117,37.541868]}},{"type":"Feature","properties":{"id":"A10026881","name":"서울역센트럴자이아파트","district":"중구","neighborhood":"만리동2가","avgPrice":12.64,"households":1329,"buildingCount":5,"rank":2482},"geometry":{"type":"Point","coordinates":[126.96403,37.553782]}},{"type":"Feature","properties":{"id":"A13003005","name":"청계한신휴플러스","district":"동대문구","neighborhood":"답십리동","avgPrice":8.01,"households":1329,"buildingCount":7,"rank":2483},"geometry":{"type":"Point","coordinates":[127.045826,37.572377]}},{"type":"Feature","properties":{"id":"A10024927","name":"구로항동제일풍경채포레스트","district":"구로구","neighborhood":"항동","avgPrice":4.6,"households":1328,"buildingCount":24,"rank":2484},"geometry":{"type":"Point","coordinates":[126.816123,37.475494]}},{"type":"Feature","properties":{"id":"A13003003","name":"답십리두산위브","district":"동대문구","neighborhood":"답십리동","avgPrice":6.31,"households":1327,"buildingCount":24,"rank":2485},"geometry":{"type":"Point","coordinates":[127.057787,37.566165]}},{"type":"Feature","properties":{"id":"A10024925","name":"문래롯데캐슬아파트","district":"영등포구","neighborhood":"문래동6가","avgPrice":6.53,"households":1326,"buildingCount":19,"rank":2486},"geometry":{"type":"Point","coordinates":[126.885583,37.518202]}},{"type":"Feature","properties":{"id":"A13003002","name":"답십리동서울한양","district":"동대문구","neighborhood":"답십리동","avgPrice":3.64,"households":1326,"buildingCount":18,"rank":2487},"geometry":{"type":"Point","coordinates":[127.060453,37.571564]}},{"type":"Feature","properties":{"id":"A10023539","name":"한일베라체캠퍼스","district":"동대문구","neighborhood":"회기동","avgPrice":1.57,"households":1326,"buildingCount":28,"rank":2488},"geometry":{"type":"Point","coordinates":[127.056072,37.590748]}},{"type":"Feature","properties":{"id":"A10022149","name":"신월동 길훈엔트런스빌아파트","district":"양천구","neighborhood":"신월동","avgPrice":2.56,"households":1322,"buildingCount":27,"rank":2489},"geometry":{"type":"Point","coordinates":[126.831018,37.52358]}},{"type":"Feature","properties":{"id":"A13981407","name":"상계조합대림","district":"노원구","neighborhood":"상계동","avgPrice":10.9,"households":1320,"buildingCount":4,"rank":2490},"geometry":{"type":"Point","coordinates":[127.07051,37.656543]}},{"type":"Feature","properties":{"id":"A10022146","name":"구로영화참마음아파트","district":"구로구","neighborhood":"구로동","avgPrice":4.58,"households":1319,"buildingCount":11,"rank":2491},"geometry":{"type":"Point","coordinates":[126.874226,37.497095]}},{"type":"Feature","properties":{"id":"A13980019","name":"공릉태강","district":"노원구","neighborhood":"공릉동","avgPrice":3.41,"households":1318,"buildingCount":21,"rank":2492},"geometry":{"type":"Point","coordinates":[127.083099,37.623497]}},{"type":"Feature","properties":{"id":"A13981405","name":"청암2단지","district":"노원구","neighborhood":"상계동","avgPrice":2.71,"households":1318,"buildingCount":7,"rank":2493},"geometry":{"type":"Point","coordinates":[127.07859,37.663035]}},{"type":"Feature","properties":{"id":"A10022144","name":"신원주상복합2차아파트","district":"도봉구","neighborhood":"쌍문동","avgPrice":14.4,"households":1317,"buildingCount":5,"rank":2494},"geometry":{"type":"Point","coordinates":[127.035825,37.658332]}},{"type":"Feature","properties":{"id":"A13980018","name":"공릉비선","district":"노원구","neighborhood":"공릉동","avgPrice":2.87,"households":1317,"buildingCount":4,"rank":2495},"geometry":{"type":"Point","coordinates":[127.087335,37.625694]}},{"type":"Feature","properties":{"id":"A13980017","name":"공릉2-6","district":"노원구","neighborhood":"공릉동","avgPrice":14.3,"households":1316,"buildingCount":11,"rank":2496},"geometry":{"type":"Point","coordinates":[127.087909,37.62453]}},{"type":"Feature","properties":{"id":"A13482505","name":"명일동우성","district":"강동구","neighborhood":"명일동","avgPrice":11.45,"households":1315,"buildingCount":23,"rank":2497},"geometry":{"type":"Point","coordinates":[127.148368,37.549827]}},{"type":"Feature","properties":{"id":"A13981402","name":"상계청암1단지","district":"노원구","neighborhood":"상계동","avgPrice":4.22,"households":1315,"buildingCount":11,"rank":2498},"geometry":{"type":"Point","coordinates":[127.079568,37.665758]}},{"type":"Feature","properties":{"id":"A13980014","name":"공릉해링턴플레이스(구.효성화운트빌)","district":"노원구","neighborhood":"공릉동","avgPrice":6.23,"households":1313,"buildingCount":29,"rank":2499},"geometry":{"type":"Point","coordinates":[127.086791,37.627691]}},{"type":"Feature","properties":{"id":"A13822702","name":"잠실우성1,2,3차","district":"송파구","neighborhood":"잠실동","avgPrice":22.65,"households":1312,"buildingCount":27,"rank":2500},"geometry":{"type":"Point","coordinates":[127.073087,37.506526]}},{"type":"Feature","properties":{"id":"A13822701","name":"잠실아시아선수촌","district":"송파구","neighborhood":"잠실동","avgPrice":35.65,"households":1311,"buildingCount":16,"rank":2501},"geometry":{"type":"Point","coordinates":[127.07664,37.507509]}},{"type":"Feature","properties":{"id":"A13980012","name":"공릉우방4단지","district":"노원구","neighborhood":"공릉동","avgPrice":4.16,"households":1311,"buildingCount":31,"rank":2502},"geometry":{"type":"Point","coordinates":[127.087273,37.626673]}},{"type":"Feature","properties":{"id":"A15185201","name":"신림현대성우","district":"관악구","neighborhood":"신림동","avgPrice":4.23,"households":1310,"buildingCount":7,"rank":2503},"geometry":{"type":"Point","coordinates":[126.931551,37.484292]}},{"type":"Feature","properties":{"id":"A13980010","name":"공릉화랑타운","district":"노원구","neighborhood":"공릉동","avgPrice":5.12,"households":1309,"buildingCount":13,"rank":2504},"geometry":{"type":"Point","coordinates":[127.088525,37.623486]}},{"type":"Feature","properties":{"id":"A14086101","name":"이태원남산대림","district":"용산구","neighborhood":"이태원동","avgPrice":13.16,"households":1308,"buildingCount":24,"rank":2505},"geometry":{"type":"Point","coordinates":[126.988794,37.540746]}},{"type":"Feature","properties":{"id":"A12076401","name":"홍제비콘드림힐","district":"서대문구","neighborhood":"홍제동","avgPrice":4.38,"households":1308,"buildingCount":17,"rank":2506},"geometry":{"type":"Point","coordinates":[126.949317,37.590603]}},{"type":"Feature","properties":{"id":"A10026879","name":"마곡13단지 힐스테이트마스터 아파트","district":"강서구","neighborhood":"마곡동","avgPrice":9.53,"households":1306,"buildingCount":21,"rank":2507},"geometry":{"type":"Point","coordinates":[126.818288,37.557791]}},{"type":"Feature","properties":{"id":"A13307101","name":"서울숲삼부아파트","district":"성동구","neighborhood":"행당동","avgPrice":12.63,"households":1303,"buildingCount":18,"rank":2508},"geometry":{"type":"Point","coordinates":[127.037529,37.55999]}},{"type":"Feature","properties":{"id":"A12208002","name":"신사이랜드타운","district":"은평구","neighborhood":"신사동","avgPrice":3.41,"households":1302,"buildingCount":20,"rank":2509},"geometry":{"type":"Point","coordinates":[126.903688,37.590537]}},{"type":"Feature","properties":{"id":"A10026874","name":"강변에스케이뷰","district":"광진구","neighborhood":"구의동","avgPrice":9.28,"households":1301,"buildingCount":5,"rank":2510},"geometry":{"type":"Point","coordinates":[127.095521,37.539915]}},{"type":"Feature","properties":{"id":"A13402103","name":"천호우성","district":"강동구","neighborhood":"천호동","avgPrice":6.27,"households":1301,"buildingCount":17,"rank":2511},"geometry":{"type":"Point","coordinates":[127.138789,37.548834]}},{"type":"Feature","properties":{"id":"A12208001","name":"은평신사두산위브아파트","district":"은평구","neighborhood":"신사동","avgPrice":4.48,"households":1301,"buildingCount":27,"rank":2512},"geometry":{"type":"Point","coordinates":[126.905922,37.599894]}},{"type":"Feature","properties":{"id":"A10026873","name":"극동강변아파트","district":"동작구","neighborhood":"본동","avgPrice":6.61,"households":1300,"buildingCount":21,"rank":2513},"geometry":{"type":"Point","coordinates":[126.952001,37.511647]}},{"type":"Feature","properties":{"id":"A10024098","name":"보라매자이 더 포레스트","district":"동작구","neighborhood":"신대방동","avgPrice":9.85,"households":1297,"buildingCount":24,"rank":2514},"geometry":{"type":"Point","coordinates":[126.926049,37.498559]}},{"type":"Feature","properties":{"id":"A10020694","name":"상봉베스트원아파트","district":"중랑구","neighborhood":"상봉동","avgPrice":2.1,"households":1295,"buildingCount":16,"rank":2515},"geometry":{"type":"Point","coordinates":[127.086364,37.596142]}},{"type":"Feature","properties":{"id":"A13786606","name":"서초더샵","district":"서초구","neighborhood":"서초동","avgPrice":18.25,"households":1294,"buildingCount":17,"rank":2516},"geometry":{"type":"Point","coordinates":[127.0092,37.482606]}},{"type":"Feature","properties":{"id":"A10024913","name":"반포센트럴자이아파트","district":"서초구","neighborhood":"잠원동","avgPrice":35.47,"households":1293,"buildingCount":28,"rank":2517},"geometry":{"type":"Point","coordinates":[127.001841,37.506864]}},{"type":"Feature","properties":{"id":"A13786601","name":"서초자이","district":"서초구","neighborhood":"서초동","avgPrice":18.38,"households":1289,"buildingCount":28,"rank":2518},"geometry":{"type":"Point","coordinates":[127.020374,37.484955]}},{"type":"Feature","properties":{"id":"A14386802","name":"자양경남","district":"광진구","neighborhood":"자양동","avgPrice":11.3,"households":1289,"buildingCount":16,"rank":2519},"geometry":{"type":"Point","coordinates":[127.078573,37.529006]}},{"type":"Feature","properties":{"id":"A10022137","name":"이튼타워리버1차","district":"광진구","neighborhood":"자양동","avgPrice":11.28,"households":1289,"buildingCount":15,"rank":2520},"geometry":{"type":"Point","coordinates":[127.069732,37.536853]}},{"type":"Feature","properties":{"id":"A13594702","name":"상록수아파트","district":"강남구","neighborhood":"일원동","avgPrice":19.22,"households":1288,"buildingCount":24,"rank":2521},"geometry":{"type":"Point","coordinates":[127.082206,37.481976]}},{"type":"Feature","properties":{"id":"A13594701","name":"한솔마을","district":"강남구","neighborhood":"일원동","avgPrice":18.51,"households":1287,"buildingCount":20,"rank":2522},"geometry":{"type":"Point","coordinates":[127.077621,37.481821]}},{"type":"Feature","properties":{"id":"A13881603","name":"거여현대1차","district":"송파구","neighborhood":"거여동","avgPrice":6.87,"households":1287,"buildingCount":27,"rank":2523},"geometry":{"type":"Point","coordinates":[127.141061,37.492984]}},{"type":"Feature","properties":{"id":"A13980009","name":"공릉태릉우성","district":"노원구","neighborhood":"공릉동","avgPrice":4.76,"households":1287,"buildingCount":30,"rank":2524},"geometry":{"type":"Point","coordinates":[127.084765,37.624544]}},{"type":"Feature","properties":{"id":"A15809403","name":"신월대성유니드","district":"양천구","neighborhood":"신월동","avgPrice":4.36,"households":1287,"buildingCount":27,"rank":2525},"geometry":{"type":"Point","coordinates":[126.840789,37.520202]}},{"type":"Feature","properties":{"id":"A10022135","name":"동도센트리움캠퍼스파크","district":"광진구","neighborhood":"화양동","avgPrice":1.32,"households":1287,"buildingCount":9,"rank":2526},"geometry":{"type":"Point","coordinates":[127.070902,37.547598]}},{"type":"Feature","properties":{"id":"A15809402","name":"신월삼정그린뷰","district":"양천구","neighborhood":"신월동","avgPrice":4.11,"households":1286,"buildingCount":15,"rank":2527},"geometry":{"type":"Point","coordinates":[126.838573,37.522744]}},{"type":"Feature","properties":{"id":"A13881601","name":"거여우방","district":"송파구","neighborhood":"거여동","avgPrice":15.45,"households":1285,"buildingCount":21,"rank":2528},"geometry":{"type":"Point","coordinates":[127.142448,37.492622]}},{"type":"Feature","properties":{"id":"A15809401","name":"신월2차보람쉬움","district":"양천구","neighborhood":"신월동","avgPrice":3.48,"households":1285,"buildingCount":18,"rank":2529},"geometry":{"type":"Point","coordinates":[126.83718,37.524664]}},{"type":"Feature","properties":{"id":"A13980006","name":"공릉청솔9단지","district":"노원구","neighborhood":"공릉동","avgPrice":9.7,"households":1284,"buildingCount":26,"rank":2530},"geometry":{"type":"Point","coordinates":[127.085742,37.622049]}},{"type":"Feature","properties":{"id":"A15277302","name":"신도림디큐브시티","district":"구로구","neighborhood":"신도림동","avgPrice":9.57,"households":1284,"buildingCount":12,"rank":2531},"geometry":{"type":"Point","coordinates":[126.888131,37.508133]}},{"type":"Feature","properties":{"id":"A15085404","name":"신길한성","district":"영등포구","neighborhood":"신길동","avgPrice":6.48,"households":1284,"buildingCount":17,"rank":2532},"geometry":{"type":"Point","coordinates":[126.9192,37.504561]}},{"type":"Feature","properties":{"id":"A10022130","name":"삼성풍림2차아파트","district":"강남구","neighborhood":"삼성동","avgPrice":13.88,"households":1282,"buildingCount":10,"rank":2533},"geometry":{"type":"Point","coordinates":[127.058101,37.511824]}},{"type":"Feature","properties":{"id":"A13980004","name":"청솔아파트8","district":"노원구","neighborhood":"공릉동","avgPrice":4.68,"households":1282,"buildingCount":15,"rank":2534},"geometry":{"type":"Point","coordinates":[127.086062,37.623335]}},{"type":"Feature","properties":{"id":"A12283603","name":"대림아파트(녹번동)","district":"은평구","neighborhood":"녹번동","avgPrice":4.41,"households":1282,"buildingCount":31,"rank":2535},"geometry":{"type":"Point","coordinates":[126.937124,37.599832]}},{"type":"Feature","properties":{"id":"A12283602","name":"녹번JR아파트","district":"은평구","neighborhood":"녹번동","avgPrice":4.01,"households":1281,"buildingCount":25,"rank":2536},"geometry":{"type":"Point","coordinates":[126.937954,37.600002]}},{"type":"Feature","properties":{"id":"A12283601","name":"녹번2차현대아파트(녹번2현대)","district":"은평구","neighborhood":"녹번동","avgPrice":6.46,"households":1280,"buildingCount":19,"rank":2537},"geometry":{"type":"Point","coordinates":[126.924632,37.605151]}},{"type":"Feature","properties":{"id":"A15005002","name":"레전드힐스","district":"영등포구","neighborhood":"신길동","avgPrice":0.66,"households":1270,"buildingCount":16,"rank":2538},"geometry":{"type":"Point","coordinates":[126.908423,37.505623]}},{"type":"Feature","properties":{"id":"A15005001","name":"신길우성4차아파트","district":"영등포구","neighborhood":"신길동","avgPrice":6.36,"households":1269,"buildingCount":7,"rank":2539},"geometry":{"type":"Point","coordinates":[126.916995,37.514038]}},{"type":"Feature","properties":{"id":"A14021001","name":"한남동리첸시아","district":"용산구","neighborhood":"한남동","avgPrice":7.36,"households":1266,"buildingCount":25,"rank":2540},"geometry":{"type":"Point","coordinates":[127.008146,37.534444]}},{"type":"Feature","properties":{"id":"A10020686","name":"더포디엄830","district":"광진구","neighborhood":"자양동","avgPrice":2.99,"households":1266,"buildingCount":17,"rank":2541},"geometry":{"type":"Point","coordinates":[127.063914,37.55685]}},{"type":"Feature","properties":{"id":"A10025472","name":"신동아럭스빌아파트","district":"서초구","neighborhood":"방배동","avgPrice":16.56,"households":1264,"buildingCount":10,"rank":2542},"geometry":{"type":"Point","coordinates":[127.0014,37.475261]}},{"type":"Feature","properties":{"id":"A10024086","name":"DMC SK VIEW","district":"은평구","neighborhood":"수색동","avgPrice":8.75,"households":1264,"buildingCount":23,"rank":2543},"geometry":{"type":"Point","coordinates":[126.900106,37.581125]}},{"type":"Feature","properties":{"id":"A10020684","name":"길동생활B","district":"강동구","neighborhood":"길동","avgPrice":1.96,"households":1264,"buildingCount":22,"rank":2544},"geometry":{"type":"Point","coordinates":[127.14035,37.539971]}},{"type":"Feature","properties":{"id":"A10024085","name":"송파위례리슈빌","district":"송파구","neighborhood":"거여동","avgPrice":14.34,"households":1263,"buildingCount":13,"rank":2545},"geometry":{"type":"Point","coordinates":[127.14619,37.484364]}},{"type":"Feature","properties":{"id":"A10020681","name":"그란츠 리버파크","district":"강동구","neighborhood":"성내동","avgPrice":9.36,"households":1261,"buildingCount":16,"rank":2546},"geometry":{"type":"Point","coordinates":[127.152742,37.51714]}},{"type":"Feature","properties":{"id":"A10023516","name":"영등포자이르네","district":"영등포구","neighborhood":"대림동","avgPrice":3.94,"households":1261,"buildingCount":16,"rank":2547},"geometry":{"type":"Point","coordinates":[126.904851,37.488313]}},{"type":"Feature","properties":{"id":"A10023515","name":"우장산숲 아이파크","district":"강서구","neighborhood":"화곡동","avgPrice":7.68,"households":1260,"buildingCount":29,"rank":2548},"geometry":{"type":"Point","coordinates":[126.839296,37.54495]}},{"type":"Feature","properties":{"id":"A10024082","name":"이문휘경지웰에스테이트","district":"동대문구","neighborhood":"휘경동","avgPrice":1.41,"households":1260,"buildingCount":23,"rank":2549},"geometry":{"type":"Point","coordinates":[127.063929,37.594409]}},{"type":"Feature","properties":{"id":"A13785203","name":"방배1차현대","district":"서초구","neighborhood":"방배동","avgPrice":16.46,"households":1256,"buildingCount":10,"rank":2550},"geometry":{"type":"Point","coordinates":[126.983993,37.488575]}},{"type":"Feature","properties":{"id":"A13785201","name":"방배2차현대홈타운","district":"서초구","neighborhood":"방배동","avgPrice":17.58,"households":1254,"buildingCount":31,"rank":2551},"geometry":{"type":"Point","coordinates":[126.983966,37.490082]}},{"type":"Feature","properties":{"id":"A13286304","name":"쌍문삼익","district":"도봉구","neighborhood":"쌍문동","avgPrice":8.6,"households":1254,"buildingCount":8,"rank":2552},"geometry":{"type":"Point","coordinates":[127.034222,37.657372]}},{"type":"Feature","properties":{"id":"A13880204","name":"가락대림아파트","district":"송파구","neighborhood":"가락동","avgPrice":8.96,"households":1253,"buildingCount":27,"rank":2553},"geometry":{"type":"Point","coordinates":[127.118987,37.499026]}},{"type":"Feature","properties":{"id":"A13880201","name":"가락현대6차","district":"송파구","neighborhood":"가락동","avgPrice":13,"households":1250,"buildingCount":19,"rank":2554},"geometry":{"type":"Point","coordinates":[127.122631,37.497231]}},{"type":"Feature","properties":{"id":"A12282203","name":"경남아너스빌(구산동)","district":"은평구","neighborhood":"구산동","avgPrice":3.79,"households":1247,"buildingCount":13,"rank":2555},"geometry":{"type":"Point","coordinates":[126.905326,37.605598]}},{"type":"Feature","properties":{"id":"A12282201","name":"경향파크아파트","district":"은평구","neighborhood":"구산동","avgPrice":2.93,"households":1245,"buildingCount":16,"rank":2556},"geometry":{"type":"Point","coordinates":[126.905577,37.610789]}},{"type":"Feature","properties":{"id":"A10026856","name":"신동아 타워 아파트","district":"도봉구","neighborhood":"방학동","avgPrice":2.5,"households":1241,"buildingCount":21,"rank":2557},"geometry":{"type":"Point","coordinates":[127.028888,37.662189]}},{"type":"Feature","properties":{"id":"A12070201","name":"충정리시온","district":"서대문구","neighborhood":"충정로3가","avgPrice":3.06,"households":1240,"buildingCount":24,"rank":2558},"geometry":{"type":"Point","coordinates":[126.964886,37.560334]}},{"type":"Feature","properties":{"id":"A10025467","name":"풍납대아아파트","district":"송파구","neighborhood":"풍납동","avgPrice":5.16,"households":1238,"buildingCount":8,"rank":2559},"geometry":{"type":"Point","coordinates":[127.118096,37.532873]}},{"type":"Feature","properties":{"id":"A10026852","name":"래미안강동팰리스","district":"강동구","neighborhood":"천호동","avgPrice":10.32,"households":1237,"buildingCount":16,"rank":2560},"geometry":{"type":"Point","coordinates":[127.131975,37.537222]}},{"type":"Feature","properties":{"id":"A10025461","name":"래미안장위포레카운티아파트","district":"성북구","neighborhood":"장위동","avgPrice":14.95,"households":1232,"buildingCount":31,"rank":2561},"geometry":{"type":"Point","coordinates":[127.053335,37.618263]}},{"type":"Feature","properties":{"id":"A10023508","name":"마포더클래시","district":"마포구","neighborhood":"아현동","avgPrice":14.68,"households":1232,"buildingCount":20,"rank":2562},"geometry":{"type":"Point","coordinates":[126.95056,37.555162]}},{"type":"Feature","properties":{"id":"A10025460","name":"잠실아르누보팰리스","district":"송파구","neighborhood":"송파동","avgPrice":15.84,"households":1231,"buildingCount":20,"rank":2563},"geometry":{"type":"Point","coordinates":[127.104835,37.509037]}},{"type":"Feature","properties":{"id":"A10020672","name":"세이지움 개봉","district":"구로구","neighborhood":"개봉동","avgPrice":1.53,"households":1231,"buildingCount":21,"rank":2564},"geometry":{"type":"Point","coordinates":[126.850458,37.490087]}},{"type":"Feature","properties":{"id":"A13991018","name":"롯데캐슬루나","district":"노원구","neighborhood":"월계동","avgPrice":5.49,"households":1229,"buildingCount":9,"rank":2565},"geometry":{"type":"Point","coordinates":[127.049773,37.626554]}},{"type":"Feature","properties":{"id":"A13991017","name":"월계초안산쌍용","district":"노원구","neighborhood":"월계동","avgPrice":10.1,"households":1228,"buildingCount":24,"rank":2566},"geometry":{"type":"Point","coordinates":[127.064282,37.642455]}},{"type":"Feature","properties":{"id":"A10022118","name":"쌍문미라보아파트","district":"도봉구","neighborhood":"쌍문동","avgPrice":2.69,"households":1228,"buildingCount":15,"rank":2567},"geometry":{"type":"Point","coordinates":[127.03134,37.655073]}},{"type":"Feature","properties":{"id":"A10022117","name":"일성트루엘아파트","district":"동대문구","neighborhood":"장안동","avgPrice":4.82,"households":1227,"buildingCount":29,"rank":2568},"geometry":{"type":"Point","coordinates":[127.06528,37.565339]}},{"type":"Feature","properties":{"id":"A13991016","name":"월계동원베네스트","district":"노원구","neighborhood":"월계동","avgPrice":3.68,"households":1227,"buildingCount":27,"rank":2569},"geometry":{"type":"Point","coordinates":[127.058451,37.63176]}},{"type":"Feature","properties":{"id":"A13991015","name":"월계유원","district":"노원구","neighborhood":"월계동","avgPrice":2.89,"households":1226,"buildingCount":24,"rank":2570},"geometry":{"type":"Point","coordinates":[127.045305,37.629759]}},{"type":"Feature","properties":{"id":"A13186504","name":"신내영풍마드레빌","district":"중랑구","neighborhood":"신내동","avgPrice":4.23,"households":1225,"buildingCount":24,"rank":2571},"geometry":{"type":"Point","coordinates":[127.100096,37.605525]}},{"type":"Feature","properties":{"id":"A14380605","name":"광장신동아파밀리에","district":"광진구","neighborhood":"광장동","avgPrice":10.66,"households":1224,"buildingCount":23,"rank":2572},"geometry":{"type":"Point","coordinates":[127.104848,37.546928]}},{"type":"Feature","properties":{"id":"A13186503","name":"신내석탑","district":"중랑구","neighborhood":"신내동","avgPrice":3.21,"households":1224,"buildingCount":16,"rank":2573},"geometry":{"type":"Point","coordinates":[127.101072,37.60368]}},{"type":"Feature","properties":{"id":"A13780403","name":"반포한신서래","district":"서초구","neighborhood":"반포동","avgPrice":22.03,"households":1223,"buildingCount":12,"rank":2574},"geometry":{"type":"Point","coordinates":[127.000878,37.499126]}},{"type":"Feature","properties":{"id":"A13186502","name":"신내우남푸르미아","district":"중랑구","neighborhood":"신내동","avgPrice":4.27,"households":1223,"buildingCount":24,"rank":2575},"geometry":{"type":"Point","coordinates":[127.098764,37.60616]}},{"type":"Feature","properties":{"id":"A13780402","name":"반포현대동궁","district":"서초구","neighborhood":"반포동","avgPrice":15.2,"households":1222,"buildingCount":4,"rank":2576},"geometry":{"type":"Point","coordinates":[127.00209,37.500559]}},{"type":"Feature","properties":{"id":"A15209305","name":"개봉한진","district":"구로구","neighborhood":"개봉동","avgPrice":3.72,"households":1222,"buildingCount":9,"rank":2577},"geometry":{"type":"Point","coordinates":[126.85205,37.484635]}},{"type":"Feature","properties":{"id":"A15209304","name":"영화 아이닉스","district":"구로구","neighborhood":"개봉동","avgPrice":4.23,"households":1221,"buildingCount":8,"rank":2578},"geometry":{"type":"Point","coordinates":[126.860127,37.496261]}},{"type":"Feature","properties":{"id":"A10022110","name":"보람쉬움아파트","district":"구로구","neighborhood":"구로동","avgPrice":4.17,"households":1220,"buildingCount":24,"rank":2579},"geometry":{"type":"Point","coordinates":[126.897519,37.486754]}},{"type":"Feature","properties":{"id":"A15209303","name":"대상","district":"구로구","neighborhood":"개봉동","avgPrice":3.05,"households":1220,"buildingCount":5,"rank":2580},"geometry":{"type":"Point","coordinates":[126.849851,37.482276]}},{"type":"Feature","properties":{"id":"A13817001","name":"래미안송파파인탑","district":"송파구","neighborhood":"송파동","avgPrice":13.65,"households":1218,"buildingCount":18,"rank":2581},"geometry":{"type":"Point","coordinates":[127.120118,37.502535]}},{"type":"Feature","properties":{"id":"A12182401","name":"망원2차대림","district":"마포구","neighborhood":"망원동","avgPrice":12.05,"households":1216,"buildingCount":13,"rank":2582},"geometry":{"type":"Point","coordinates":[126.899352,37.55724]}},{"type":"Feature","properties":{"id":"A14320304","name":"구의현대프라임","district":"광진구","neighborhood":"구의동","avgPrice":12.94,"households":1214,"buildingCount":28,"rank":2583},"geometry":{"type":"Point","coordinates":[127.09774,37.537289]}},{"type":"Feature","properties":{"id":"A10026849","name":"묵정아파트","district":"중구","neighborhood":"묵정동","avgPrice":2.9,"households":1213,"buildingCount":28,"rank":2584},"geometry":{"type":"Point","coordinates":[127.000037,37.560697]}},{"type":"Feature","properties":{"id":"A14320302","name":"구의강변우성","district":"광진구","neighborhood":"구의동","avgPrice":9.61,"households":1212,"buildingCount":16,"rank":2585},"geometry":{"type":"Point","coordinates":[127.092975,37.535292]}},{"type":"Feature","properties":{"id":"A12102008","name":"삼성래미안공덕2차","district":"마포구","neighborhood":"공덕동","avgPrice":14.5,"households":1211,"buildingCount":25,"rank":2586},"geometry":{"type":"Point","coordinates":[126.959708,37.551202]}},{"type":"Feature","properties":{"id":"A12102005","name":"마포현대아파트","district":"마포구","neighborhood":"공덕동","avgPrice":8.86,"households":1208,"buildingCount":28,"rank":2587},"geometry":{"type":"Point","coordinates":[126.949982,37.550128]}},{"type":"Feature","properties":{"id":"A12007001","name":"독립문삼호","district":"서대문구","neighborhood":"영천동","avgPrice":7.16,"households":1208,"buildingCount":4,"rank":2588},"geometry":{"type":"Point","coordinates":[126.958441,37.570087]}},{"type":"Feature","properties":{"id":"A10026842","name":"은평지웰테라스","district":"은평구","neighborhood":"진관동","avgPrice":5.31,"households":1206,"buildingCount":23,"rank":2589},"geometry":{"type":"Point","coordinates":[126.932012,37.643414]}},{"type":"Feature","properties":{"id":"A10025456","name":"신당 파인힐 하나유보라","district":"중구","neighborhood":"신당동","avgPrice":3.05,"households":1206,"buildingCount":25,"rank":2590},"geometry":{"type":"Point","coordinates":[127.024957,37.564219]}},{"type":"Feature","properties":{"id":"A12102002","name":"공덕한화꿈에그린","district":"마포구","neighborhood":"공덕동","avgPrice":9.62,"households":1205,"buildingCount":20,"rank":2591},"geometry":{"type":"Point","coordinates":[126.955346,37.547072]}},{"type":"Feature","properties":{"id":"A15783806","name":"등촌라인","district":"강서구","neighborhood":"등촌동","avgPrice":5.08,"households":1205,"buildingCount":19,"rank":2592},"geometry":{"type":"Point","coordinates":[126.856081,37.559564]}},{"type":"Feature","properties":{"id":"A10020665","name":"반석푸른숲아파트","district":"관악구","neighborhood":"봉천동","avgPrice":4.8,"households":1203,"buildingCount":15,"rank":2593},"geometry":{"type":"Point","coordinates":[126.965813,37.468551]}},{"type":"Feature","properties":{"id":"A15284906","name":"구로삼성래미안","district":"구로구","neighborhood":"구로동","avgPrice":5.83,"households":1202,"buildingCount":11,"rank":2594},"geometry":{"type":"Point","coordinates":[126.891882,37.487777]}},{"type":"Feature","properties":{"id":"A10020664","name":"동도센트리움 아파트 오피스텔","district":"구로구","neighborhood":"개봉동","avgPrice":3.65,"households":1202,"buildingCount":25,"rank":2595},"geometry":{"type":"Point","coordinates":[126.846998,37.498148]}},{"type":"Feature","properties":{"id":"A12179508","name":"상암월드컵파크10단지","district":"마포구","neighborhood":"상암동","avgPrice":4.84,"households":1200,"buildingCount":21,"rank":2596},"geometry":{"type":"Point","coordinates":[126.882221,37.585446]}},{"type":"Feature","properties":{"id":"A15383308","name":"독산주공13단지","district":"금천구","neighborhood":"독산동","avgPrice":1.78,"households":1198,"buildingCount":6,"rank":2597},"geometry":{"type":"Point","coordinates":[126.886986,37.457872]}},{"type":"Feature","properties":{"id":"A13872504","name":"장미3차","district":"송파구","neighborhood":"신천동","avgPrice":27.31,"households":1197,"buildingCount":28,"rank":2598},"geometry":{"type":"Point","coordinates":[127.103591,37.518377]}},{"type":"Feature","properties":{"id":"A13086705","name":"청량리미주","district":"동대문구","neighborhood":"청량리동","avgPrice":8.32,"households":1197,"buildingCount":20,"rank":2599},"geometry":{"type":"Point","coordinates":[127.046269,37.583131]}},{"type":"Feature","properties":{"id":"A10022108","name":"염창동강변코아루아파트","district":"강서구","neighborhood":"염창동","avgPrice":7.24,"households":1197,"buildingCount":23,"rank":2600},"geometry":{"type":"Point","coordinates":[126.873405,37.553339]}},{"type":"Feature","properties":{"id":"A12179505","name":"상암월드컵파크12단지","district":"마포구","neighborhood":"상암동","avgPrice":5.55,"households":1197,"buildingCount":11,"rank":2601},"geometry":{"type":"Point","coordinates":[126.87994,37.586396]}},{"type":"Feature","properties":{"id":"A15383307","name":"독산한신","district":"금천구","neighborhood":"독산동","avgPrice":4.07,"households":1197,"buildingCount":23,"rank":2602},"geometry":{"type":"Point","coordinates":[126.88965,37.455447]}},{"type":"Feature","properties":{"id":"A13872503","name":"잠실푸르지오월드마크","district":"송파구","neighborhood":"신천동","avgPrice":16.06,"households":1196,"buildingCount":8,"rank":2603},"geometry":{"type":"Point","coordinates":[127.103344,37.517423]}},{"type":"Feature","properties":{"id":"A13086704","name":"청량리한신","district":"동대문구","neighborhood":"청량리동","avgPrice":11.35,"households":1196,"buildingCount":8,"rank":2604},"geometry":{"type":"Point","coordinates":[127.049995,37.588136]}},{"type":"Feature","properties":{"id":"A12179504","name":"상암월드컵파크9단지","district":"마포구","neighborhood":"상암동","avgPrice":4.78,"households":1196,"buildingCount":7,"rank":2605},"geometry":{"type":"Point","coordinates":[126.878554,37.583489]}},{"type":"Feature","properties":{"id":"A13872502","name":"롯데캐슬골드","district":"송파구","neighborhood":"신천동","avgPrice":22.37,"households":1195,"buildingCount":5,"rank":2606},"geometry":{"type":"Point","coordinates":[127.100704,37.514432]}},{"type":"Feature","properties":{"id":"A13086703","name":"청량리한신1차","district":"동대문구","neighborhood":"청량리동","avgPrice":5.21,"households":1195,"buildingCount":11,"rank":2607},"geometry":{"type":"Point","coordinates":[127.049219,37.58816]}},{"type":"Feature","properties":{"id":"A12179503","name":"상암월드컵파크11단지","district":"마포구","neighborhood":"상암동","avgPrice":4.38,"households":1195,"buildingCount":30,"rank":2608},"geometry":{"type":"Point","coordinates":[126.881338,37.587672]}},{"type":"Feature","properties":{"id":"A15288301","name":"궁동우신빌라","district":"구로구","neighborhood":"궁동","avgPrice":3.48,"households":1195,"buildingCount":16,"rank":2609},"geometry":{"type":"Point","coordinates":[126.830509,37.494293]}},{"type":"Feature","properties":{"id":"A15882201","name":"신월수명산SK-VIEW","district":"양천구","neighborhood":"신월동","avgPrice":14.1,"households":1194,"buildingCount":11,"rank":2610},"geometry":{"type":"Point","coordinates":[126.883452,37.51321]}},{"type":"Feature","properties":{"id":"A12179502","name":"DMC상암센트럴파크1단지","district":"마포구","neighborhood":"상암동","avgPrice":7.73,"households":1194,"buildingCount":14,"rank":2611},"geometry":{"type":"Point","coordinates":[126.896946,37.574003]}},{"type":"Feature","properties":{"id":"A13086701","name":"청량리현대","district":"동대문구","neighborhood":"청량리동","avgPrice":5.11,"households":1193,"buildingCount":4,"rank":2612},"geometry":{"type":"Point","coordinates":[127.04626,37.584917]}},{"type":"Feature","properties":{"id":"A12179501","name":"DMC상암센트럴파크2단지","district":"마포구","neighborhood":"상암동","avgPrice":4.77,"households":1193,"buildingCount":23,"rank":2613},"geometry":{"type":"Point","coordinates":[126.896796,37.575057]}},{"type":"Feature","properties":{"id":"A15076302","name":"여의도자이","district":"영등포구","neighborhood":"여의도동","avgPrice":25.13,"households":1191,"buildingCount":20,"rank":2614},"geometry":{"type":"Point","coordinates":[126.926082,37.517814]}},{"type":"Feature","properties":{"id":"A15076301","name":"여의도대우트럼프월드","district":"영등포구","neighborhood":"여의도동","avgPrice":8.8,"households":1190,"buildingCount":16,"rank":2615},"geometry":{"type":"Point","coordinates":[126.925326,37.526025]}},{"type":"Feature","properties":{"id":"A13280104","name":"유원도봉아파트","district":"도봉구","neighborhood":"도봉동","avgPrice":2.95,"households":1186,"buildingCount":27,"rank":2616},"geometry":{"type":"Point","coordinates":[127.049031,37.682033]}},{"type":"Feature","properties":{"id":"A12086001","name":"홍제태영으뜸","district":"서대문구","neighborhood":"홍제동","avgPrice":3.2,"households":1185,"buildingCount":24,"rank":2617},"geometry":{"type":"Point","coordinates":[126.946792,37.593742]}},{"type":"Feature","properties":{"id":"A10026834","name":"힐스테이트백련산4차","district":"은평구","neighborhood":"응암동","avgPrice":13.95,"households":1177,"buildingCount":29,"rank":2618},"geometry":{"type":"Point","coordinates":[126.921595,37.59004]}},{"type":"Feature","properties":{"id":"A10025447","name":"경남아파트","district":"금천구","neighborhood":"시흥동","avgPrice":2.8,"households":1176,"buildingCount":5,"rank":2619},"geometry":{"type":"Point","coordinates":[126.906798,37.454629]}},{"type":"Feature","properties":{"id":"A10020658","name":"서울대벤처타운역푸르지오아파트","district":"관악구","neighborhood":"신림동","avgPrice":10.75,"households":1175,"buildingCount":11,"rank":2620},"geometry":{"type":"Point","coordinates":[126.948584,37.485285]}},{"type":"Feature","properties":{"id":"A15088717","name":"여의도미성","district":"영등포구","neighborhood":"여의도동","avgPrice":21.05,"households":1174,"buildingCount":13,"rank":2621},"geometry":{"type":"Point","coordinates":[126.924705,37.519782]}},{"type":"Feature","properties":{"id":"A10020656","name":"어반허브 서울스테이션","district":"용산구","neighborhood":"서계동","avgPrice":2.41,"households":1173,"buildingCount":20,"rank":2622},"geometry":{"type":"Point","coordinates":[126.978204,37.52288]}},{"type":"Feature","properties":{"id":"A10024056","name":"정릉피오레","district":"성북구","neighborhood":"정릉동","avgPrice":3.81,"households":1171,"buildingCount":20,"rank":2623},"geometry":{"type":"Point","coordinates":[127.000941,37.617211]}},{"type":"Feature","properties":{"id":"A10020653","name":"방주기픈샘1차아파트","district":"양천구","neighborhood":"신월동","avgPrice":3.12,"households":1170,"buildingCount":16,"rank":2624},"geometry":{"type":"Point","coordinates":[126.842705,37.52508]}},{"type":"Feature","properties":{"id":"A13392307","name":"강변건영","district":"성동구","neighborhood":"성수동1가","avgPrice":18.31,"households":1165,"buildingCount":20,"rank":2625},"geometry":{"type":"Point","coordinates":[127.045045,37.540377]}},{"type":"Feature","properties":{"id":"A15722108","name":"방화동부센트레빌","district":"강서구","neighborhood":"방화동","avgPrice":9.3,"households":1163,"buildingCount":30,"rank":2626},"geometry":{"type":"Point","coordinates":[126.81496,37.574704]}},{"type":"Feature","properties":{"id":"A15722106","name":"마곡우림필유아파트","district":"강서구","neighborhood":"방화동","avgPrice":12.65,"households":1161,"buildingCount":15,"rank":2627},"geometry":{"type":"Point","coordinates":[126.821317,37.571816]}},{"type":"Feature","properties":{"id":"A15722104","name":"마곡청구아파트","district":"강서구","neighborhood":"방화동","avgPrice":11.85,"households":1159,"buildingCount":12,"rank":2628},"geometry":{"type":"Point","coordinates":[126.821425,37.572977]}},{"type":"Feature","properties":{"id":"A15095002","name":"신대림신동아파밀리에","district":"영등포구","neighborhood":"대림동","avgPrice":5.27,"households":1159,"buildingCount":7,"rank":2629},"geometry":{"type":"Point","coordinates":[126.902793,37.495084]}},{"type":"Feature","properties":{"id":"A15095001","name":"대림동현대","district":"영등포구","neighborhood":"대림동","avgPrice":11.5,"households":1158,"buildingCount":13,"rank":2630},"geometry":{"type":"Point","coordinates":[126.895594,37.505543]}},{"type":"Feature","properties":{"id":"A13085301","name":"전농삼성","district":"동대문구","neighborhood":"전농동","avgPrice":8.1,"households":1158,"buildingCount":30,"rank":2631},"geometry":{"type":"Point","coordinates":[127.055296,37.582399]}},{"type":"Feature","properties":{"id":"A15607001","name":"흑석동양","district":"동작구","neighborhood":"흑석동","avgPrice":8.11,"households":1157,"buildingCount":8,"rank":2632},"geometry":{"type":"Point","coordinates":[126.95862,37.500358]}},{"type":"Feature","properties":{"id":"A15722102","name":"개화산동부센트레빌","district":"강서구","neighborhood":"방화동","avgPrice":5.2,"households":1157,"buildingCount":7,"rank":2633},"geometry":{"type":"Point","coordinates":[126.812634,37.580756]}},{"type":"Feature","properties":{"id":"A10023996","name":"개포더샵트리에","district":"강남구","neighborhood":"개포동","avgPrice":21.32,"households":1153,"buildingCount":11,"rank":2634},"geometry":{"type":"Point","coordinates":[127.057306,37.484928]}},{"type":"Feature","properties":{"id":"A14009001","name":"용산e편한세상","district":"용산구","neighborhood":"신계동","avgPrice":15.43,"households":1152,"buildingCount":19,"rank":2635},"geometry":{"type":"Point","coordinates":[126.967111,37.535957]}},{"type":"Feature","properties":{"id":"A10023994","name":"e편한세상백련산 아파트","district":"은평구","neighborhood":"응암동","avgPrice":5.31,"households":1151,"buildingCount":11,"rank":2636},"geometry":{"type":"Point","coordinates":[126.923883,37.595567]}},{"type":"Feature","properties":{"id":"A10027396","name":"신정숲속마을아파트","district":"양천구","neighborhood":"신정동","avgPrice":3.22,"households":1151,"buildingCount":28,"rank":2637},"geometry":{"type":"Point","coordinates":[126.834593,37.505626]}},{"type":"Feature","properties":{"id":"A10023991","name":"태릉해링턴플레이스","district":"노원구","neighborhood":"공릉동","avgPrice":6.28,"households":1148,"buildingCount":26,"rank":2638},"geometry":{"type":"Point","coordinates":[127.083084,37.625928]}},{"type":"Feature","properties":{"id":"A10023990","name":"청년주택 와이엔타워","district":"노원구","neighborhood":"공릉동","avgPrice":16.1,"households":1147,"buildingCount":20,"rank":2639},"geometry":{"type":"Point","coordinates":[127.044388,37.67643]}},{"type":"Feature","properties":{"id":"A13120003","name":"면목두산6차","district":"중랑구","neighborhood":"면목동","avgPrice":4.11,"households":1147,"buildingCount":7,"rank":2640},"geometry":{"type":"Point","coordinates":[127.080687,37.577593]}},{"type":"Feature","properties":{"id":"A13120001","name":"면목마젤란21","district":"중랑구","neighborhood":"면목동","avgPrice":4.7,"households":1145,"buildingCount":10,"rank":2641},"geometry":{"type":"Point","coordinates":[127.083972,37.586223]}},{"type":"Feature","properties":{"id":"A10078103","name":"청구e편한세상임대","district":"중구","neighborhood":"신당동","avgPrice":9.55,"households":1143,"buildingCount":23,"rank":2642},"geometry":{"type":"Point","coordinates":[126.969702,37.554645]}},{"type":"Feature","properties":{"id":"A10078102","name":"파라다이스","district":"중구","neighborhood":"신당동","avgPrice":5.24,"households":1142,"buildingCount":20,"rank":2643},"geometry":{"type":"Point","coordinates":[127.017331,37.562485]}},{"type":"Feature","properties":{"id":"A10020646","name":"우장산동문디이스트아파트","district":"강서구","neighborhood":"내발산동","avgPrice":5.13,"households":1142,"buildingCount":22,"rank":2644},"geometry":{"type":"Point","coordinates":[126.833698,37.549575]}},{"type":"Feature","properties":{"id":"A10020643","name":"나이아가라아파트","district":"양천구","neighborhood":"신월동","avgPrice":3.62,"households":1139,"buildingCount":12,"rank":2645},"geometry":{"type":"Point","coordinates":[126.847247,37.522902]}},{"type":"Feature","properties":{"id":"A10024042","name":"e편한세상 청계 센트럴포레","district":"동대문구","neighborhood":"용두동","avgPrice":15.35,"households":1136,"buildingCount":17,"rank":2646},"geometry":{"type":"Point","coordinates":[127.029213,37.571256]}},{"type":"Feature","properties":{"id":"A10020640","name":"마포창전쌍용스윗닷홈","district":"마포구","neighborhood":"창전동","avgPrice":8.27,"households":1136,"buildingCount":15,"rank":2647},"geometry":{"type":"Point","coordinates":[126.931975,37.548158]}},{"type":"Feature","properties":{"id":"A15781003","name":"가양9-2","district":"강서구","neighborhood":"가양동","avgPrice":14.65,"households":1132,"buildingCount":21,"rank":2648},"geometry":{"type":"Point","coordinates":[126.864098,37.559067]}},{"type":"Feature","properties":{"id":"A15781002","name":"가양9-1","district":"강서구","neighborhood":"가양동","avgPrice":14.55,"households":1131,"buildingCount":20,"rank":2649},"geometry":{"type":"Point","coordinates":[126.861501,37.560507]}},{"type":"Feature","properties":{"id":"A15282105","name":"개봉영화","district":"구로구","neighborhood":"개봉동","avgPrice":11.5,"households":1131,"buildingCount":28,"rank":2650},"geometry":{"type":"Point","coordinates":[126.859982,37.496212]}},{"type":"Feature","properties":{"id":"A15187101","name":"신림우방","district":"관악구","neighborhood":"신림동","avgPrice":4.17,"households":1131,"buildingCount":21,"rank":2651},"geometry":{"type":"Point","coordinates":[126.91883,37.48901]}},{"type":"Feature","properties":{"id":"A13292501","name":"창동현대타운(주복)","district":"도봉구","neighborhood":"창동","avgPrice":2.68,"households":1130,"buildingCount":24,"rank":2652},"geometry":{"type":"Point","coordinates":[127.035282,37.647152]}},{"type":"Feature","properties":{"id":"A13923001","name":"중계한신코아","district":"노원구","neighborhood":"하계동","avgPrice":5.78,"households":1126,"buildingCount":31,"rank":2653},"geometry":{"type":"Point","coordinates":[127.069546,37.640068]}},{"type":"Feature","properties":{"id":"A10022599","name":"묵동위더스빌 주상복합","district":"중랑구","neighborhood":"묵동","avgPrice":4.34,"households":1121,"buildingCount":17,"rank":2654},"geometry":{"type":"Point","coordinates":[127.077099,37.614706]}},{"type":"Feature","properties":{"id":"A10026816","name":"아크로타워스퀘어","district":"영등포구","neighborhood":"영등포동7가","avgPrice":10.9,"households":1117,"buildingCount":20,"rank":2655},"geometry":{"type":"Point","coordinates":[126.906871,37.52438]}},{"type":"Feature","properties":{"id":"A15774708","name":"가양7단지","district":"강서구","neighborhood":"가양동","avgPrice":10.8,"households":1116,"buildingCount":6,"rank":2656},"geometry":{"type":"Point","coordinates":[126.861624,37.560729]}},{"type":"Feature","properties":{"id":"A10027381","name":"보라매 신동아파밀리에아파트","district":"영등포구","neighborhood":"대림동","avgPrice":4.59,"households":1115,"buildingCount":13,"rank":2657},"geometry":{"type":"Point","coordinates":[126.894606,37.496689]}},{"type":"Feature","properties":{"id":"A10025428","name":"e편한세상서울대입구 3단지","district":"관악구","neighborhood":"봉천동","avgPrice":2.67,"households":1115,"buildingCount":20,"rank":2658},"geometry":{"type":"Point","coordinates":[126.940554,37.477592]}},{"type":"Feature","properties":{"id":"A13779432","name":"한신타운","district":"서초구","neighborhood":"잠원동","avgPrice":22.78,"households":1113,"buildingCount":8,"rank":2659},"geometry":{"type":"Point","coordinates":[127.010899,37.516115]}},{"type":"Feature","properties":{"id":"A10022590","name":"신사 홍익아파트","district":"은평구","neighborhood":"신사동","avgPrice":2.79,"households":1112,"buildingCount":16,"rank":2660},"geometry":{"type":"Point","coordinates":[126.908144,37.597509]}},{"type":"Feature","properties":{"id":"A10024035","name":"강남파라곤","district":"강남구","neighborhood":"논현동","avgPrice":21,"households":1108,"buildingCount":9,"rank":2661},"geometry":{"type":"Point","coordinates":[127.040474,37.516436]}},{"type":"Feature","properties":{"id":"A15778101","name":"방화동성아파트","district":"강서구","neighborhood":"방화동","avgPrice":4.66,"households":1107,"buildingCount":25,"rank":2662},"geometry":{"type":"Point","coordinates":[126.812081,37.57966]}},{"type":"Feature","properties":{"id":"A10024034","name":"수유역푸르지오시티","district":"강북구","neighborhood":"미아동","avgPrice":0.91,"households":1107,"buildingCount":5,"rank":2663},"geometry":{"type":"Point","coordinates":[127.023807,37.634219]}},{"type":"Feature","properties":{"id":"A13388001","name":"청계벽산아파트제2관리사무소","district":"성동구","neighborhood":"하왕십리동","avgPrice":15.37,"households":1101,"buildingCount":8,"rank":2664},"geometry":{"type":"Point","coordinates":[127.061682,37.55828]}},{"type":"Feature","properties":{"id":"A13790004","name":"우면대림","district":"서초구","neighborhood":"우면동","avgPrice":12.91,"households":1101,"buildingCount":24,"rank":2665},"geometry":{"type":"Point","coordinates":[127.023065,37.472837]}},{"type":"Feature","properties":{"id":"A13790003","name":"우면동동고","district":"서초구","neighborhood":"우면동","avgPrice":9.21,"households":1100,"buildingCount":16,"rank":2666},"geometry":{"type":"Point","coordinates":[127.023612,37.471389]}},{"type":"Feature","properties":{"id":"A13790002","name":"우면코오롱","district":"서초구","neighborhood":"우면동","avgPrice":9.09,"households":1099,"buildingCount":9,"rank":2667},"geometry":{"type":"Point","coordinates":[127.027636,37.472563]}},{"type":"Feature","properties":{"id":"A13790001","name":"우면한라","district":"서초구","neighborhood":"우면동","avgPrice":9.05,"households":1098,"buildingCount":20,"rank":2668},"geometry":{"type":"Point","coordinates":[127.0259,37.471581]}},{"type":"Feature","properties":{"id":"A13483002","name":"명일지에스","district":"강동구","neighborhood":"명일동","avgPrice":6.99,"households":1098,"buildingCount":9,"rank":2669},"geometry":{"type":"Point","coordinates":[127.145677,37.548986]}},{"type":"Feature","properties":{"id":"A10023979","name":"어바니엘 천호","district":"강동구","neighborhood":"천호동","avgPrice":1.31,"households":1094,"buildingCount":20,"rank":2670},"geometry":{"type":"Point","coordinates":[127.128856,37.538192]}},{"type":"Feature","properties":{"id":"A13611202","name":"길음동부센트레빌","district":"성북구","neighborhood":"길음동","avgPrice":5.25,"households":1093,"buildingCount":23,"rank":2671},"geometry":{"type":"Point","coordinates":[127.02492,37.610404]}},{"type":"Feature","properties":{"id":"A13611201","name":"래미안길음2차아파트","district":"성북구","neighborhood":"길음동","avgPrice":14.1,"households":1092,"buildingCount":10,"rank":2672},"geometry":{"type":"Point","coordinates":[127.021113,37.609598]}},{"type":"Feature","properties":{"id":"A10027375","name":"목동힐스테이트","district":"양천구","neighborhood":"신정동","avgPrice":13,"households":1088,"buildingCount":28,"rank":2673},"geometry":{"type":"Point","coordinates":[126.85646,37.520196]}},{"type":"Feature","properties":{"id":"A12013202","name":"북가좌삼호","district":"서대문구","neighborhood":"북가좌동","avgPrice":5.53,"households":1088,"buildingCount":13,"rank":2674},"geometry":{"type":"Point","coordinates":[126.913356,37.576566]}},{"type":"Feature","properties":{"id":"A12013201","name":"DMC두산위브","district":"서대문구","neighborhood":"북가좌동","avgPrice":5.52,"households":1087,"buildingCount":22,"rank":2675},"geometry":{"type":"Point","coordinates":[126.917108,37.580215]}},{"type":"Feature","properties":{"id":"A10023971","name":"신반포20차아파트","district":"서초구","neighborhood":"잠원동","avgPrice":34.88,"households":1086,"buildingCount":18,"rank":2676},"geometry":{"type":"Point","coordinates":[127.00247,37.510494]}},{"type":"Feature","properties":{"id":"A10025418","name":"래미안 신반포 리오센트","district":"서초구","neighborhood":"잠원동","avgPrice":30.49,"households":1084,"buildingCount":24,"rank":2677},"geometry":{"type":"Point","coordinates":[127.013638,37.518692]}},{"type":"Feature","properties":{"id":"A15885514","name":"신정6차현대","district":"양천구","neighborhood":"신정동","avgPrice":9.4,"households":1084,"buildingCount":19,"rank":2678},"geometry":{"type":"Point","coordinates":[126.842294,37.508372]}},{"type":"Feature","properties":{"id":"A10027371","name":"마곡엠밸리11단지","district":"강서구","neighborhood":"마곡동","avgPrice":7.11,"households":1084,"buildingCount":7,"rank":2679},"geometry":{"type":"Point","coordinates":[126.821123,37.559525]}},{"type":"Feature","properties":{"id":"A10026804","name":"강변현대아파트","district":"송파구","neighborhood":"풍납동","avgPrice":6.1,"households":1084,"buildingCount":17,"rank":2680},"geometry":{"type":"Point","coordinates":[127.11181,37.534572]}},{"type":"Feature","properties":{"id":"A10020628","name":"고덕 온빛채","district":"강동구","neighborhood":"고덕동","avgPrice":3.78,"households":1082,"buildingCount":22,"rank":2681},"geometry":{"type":"Point","coordinates":[127.159538,37.558311]}},{"type":"Feature","properties":{"id":"A10024029","name":"신사삼성래미안아파트","district":"강남구","neighborhood":"신사동","avgPrice":14.15,"households":1081,"buildingCount":9,"rank":2682},"geometry":{"type":"Point","coordinates":[127.043182,37.510945]}},{"type":"Feature","properties":{"id":"A10025415","name":"래미안솔베뉴","district":"강동구","neighborhood":"명일동","avgPrice":11.62,"households":1081,"buildingCount":12,"rank":2683},"geometry":{"type":"Point","coordinates":[127.145209,37.55248]}},{"type":"Feature","properties":{"id":"A10026801","name":"브라운스톤 영등포","district":"영등포구","neighborhood":"영등포동7가","avgPrice":6.33,"households":1081,"buildingCount":16,"rank":2684},"geometry":{"type":"Point","coordinates":[126.911454,37.524193]}},{"type":"Feature","properties":{"id":"A13787105","name":"서초한빛삼성","district":"서초구","neighborhood":"서초동","avgPrice":12.3,"households":1079,"buildingCount":4,"rank":2685},"geometry":{"type":"Point","coordinates":[127.008136,37.488398]}},{"type":"Feature","properties":{"id":"A10024026","name":"셀립은평","district":"은평구","neighborhood":"불광동","avgPrice":5.65,"households":1078,"buildingCount":10,"rank":2686},"geometry":{"type":"Point","coordinates":[126.929361,37.611824]}},{"type":"Feature","properties":{"id":"A15179403","name":"신림주공2단지","district":"관악구","neighborhood":"신림동","avgPrice":8.05,"households":1077,"buildingCount":21,"rank":2687},"geometry":{"type":"Point","coordinates":[126.9267,37.463994]}},{"type":"Feature","properties":{"id":"A13787102","name":"서초2차e편한세상","district":"서초구","neighborhood":"서초동","avgPrice":21.85,"households":1076,"buildingCount":4,"rank":2688},"geometry":{"type":"Point","coordinates":[127.009174,37.485961]}},{"type":"Feature","properties":{"id":"A10020622","name":"호반써밋 에이디션","district":"용산구","neighborhood":"한강로2가","avgPrice":19.45,"households":1076,"buildingCount":13,"rank":2689},"geometry":{"type":"Point","coordinates":[126.985628,37.51874]}},{"type":"Feature","properties":{"id":"A10025410","name":"휘경SK뷰아파트","district":"동대문구","neighborhood":"휘경동","avgPrice":8.06,"households":1076,"buildingCount":5,"rank":2690},"geometry":{"type":"Point","coordinates":[127.066174,37.593619]}},{"type":"Feature","properties":{"id":"A14383901","name":"군자일성파크","district":"광진구","neighborhood":"군자동","avgPrice":5.35,"households":1076,"buildingCount":13,"rank":2691},"geometry":{"type":"Point","coordinates":[127.072648,37.551341]}},{"type":"Feature","properties":{"id":"A15805115","name":"목동7단지","district":"양천구","neighborhood":"목동","avgPrice":11.2,"households":1073,"buildingCount":27,"rank":2692},"geometry":{"type":"Point","coordinates":[126.868725,37.525663]}},{"type":"Feature","properties":{"id":"A15805114","name":"목동현대하이페리온","district":"양천구","neighborhood":"목동","avgPrice":12.7,"households":1072,"buildingCount":20,"rank":2693},"geometry":{"type":"Point","coordinates":[126.870425,37.524266]}},{"type":"Feature","properties":{"id":"A13204409","name":"창동동아청솔","district":"도봉구","neighborhood":"창동","avgPrice":5.53,"households":1070,"buildingCount":22,"rank":2694},"geometry":{"type":"Point","coordinates":[127.048318,37.657267]}},{"type":"Feature","properties":{"id":"A15805111","name":"목동현대하이페리온2차","district":"양천구","neighborhood":"목동","avgPrice":23.71,"households":1069,"buildingCount":30,"rank":2695},"geometry":{"type":"Point","coordinates":[126.870319,37.523949]}},{"type":"Feature","properties":{"id":"A13608301","name":"보문아이파크","district":"성북구","neighborhood":"보문동3가","avgPrice":12.95,"households":1069,"buildingCount":4,"rank":2696},"geometry":{"type":"Point","coordinates":[127.016599,37.585568]}},{"type":"Feature","properties":{"id":"A13204408","name":"상계17단지","district":"도봉구","neighborhood":"창동","avgPrice":4.8,"households":1069,"buildingCount":25,"rank":2697},"geometry":{"type":"Point","coordinates":[127.053501,37.644241]}},{"type":"Feature","properties":{"id":"A13204406","name":"창동쌍용","district":"도봉구","neighborhood":"창동","avgPrice":5.44,"households":1067,"buildingCount":28,"rank":2698},"geometry":{"type":"Point","coordinates":[127.048115,37.659726]}},{"type":"Feature","properties":{"id":"A13204404","name":"창동아이파크(창동2.3차현대)","district":"도봉구","neighborhood":"창동","avgPrice":5.59,"households":1065,"buildingCount":4,"rank":2699},"geometry":{"type":"Point","coordinates":[127.050292,37.651325]}},{"type":"Feature","properties":{"id":"A14270301","name":"수유역두산위브","district":"강북구","neighborhood":"번동","avgPrice":4.39,"households":1065,"buildingCount":29,"rank":2700},"geometry":{"type":"Point","coordinates":[127.031988,37.635835]}},{"type":"Feature","properties":{"id":"A13204402","name":"창동현대4차아이파크","district":"도봉구","neighborhood":"창동","avgPrice":5.49,"households":1063,"buildingCount":8,"rank":2701},"geometry":{"type":"Point","coordinates":[127.046265,37.65886]}},{"type":"Feature","properties":{"id":"A10023966","name":"어바니엘한강","district":"동작구","neighborhood":"노량진동","avgPrice":2.26,"households":1060,"buildingCount":5,"rank":2702},"geometry":{"type":"Point","coordinates":[126.946551,37.513042]}},{"type":"Feature","properties":{"id":"A14210002","name":"삼각산아이원","district":"강북구","neighborhood":"미아동","avgPrice":4.44,"households":1057,"buildingCount":17,"rank":2703},"geometry":{"type":"Point","coordinates":[127.017999,37.615344]}},{"type":"Feature","properties":{"id":"A14210001","name":"삼각산아이원임대","district":"강북구","neighborhood":"미아동","avgPrice":11.75,"households":1056,"buildingCount":25,"rank":2704},"geometry":{"type":"Point","coordinates":[127.010156,37.63411]}},{"type":"Feature","properties":{"id":"A10027364","name":"덕수궁롯데캐슬아파트","district":"중구","neighborhood":"순화동","avgPrice":10.07,"households":1056,"buildingCount":29,"rank":2705},"geometry":{"type":"Point","coordinates":[126.970363,37.563555]}},{"type":"Feature","properties":{"id":"A13376906","name":"응봉대림강변","district":"성동구","neighborhood":"응봉동","avgPrice":16.75,"households":1052,"buildingCount":19,"rank":2706},"geometry":{"type":"Point","coordinates":[127.03535,37.56998]}},{"type":"Feature","properties":{"id":"A10021186","name":"대림동1차한신아파트","district":"영등포구","neighborhood":"대림동","avgPrice":11.8,"households":1052,"buildingCount":28,"rank":2707},"geometry":{"type":"Point","coordinates":[126.903517,37.494508]}},{"type":"Feature","properties":{"id":"A10022572","name":"힐스테이트 천호역 젠트리스","district":"강동구","neighborhood":"성내동","avgPrice":10.38,"households":1052,"buildingCount":27,"rank":2708},"geometry":{"type":"Point","coordinates":[127.125502,37.537411]}},{"type":"Feature","properties":{"id":"A15785711","name":"방화2-2 그린","district":"강서구","neighborhood":"방화동","avgPrice":6.45,"households":1052,"buildingCount":28,"rank":2709},"geometry":{"type":"Point","coordinates":[126.818551,37.575481]}},{"type":"Feature","properties":{"id":"A10021185","name":"비콘드림힐3차아파트","district":"노원구","neighborhood":"상계동","avgPrice":7,"households":1051,"buildingCount":23,"rank":2710},"geometry":{"type":"Point","coordinates":[127.063874,37.666091]}},{"type":"Feature","properties":{"id":"A15785710","name":"방화4단지(삼익삼환)","district":"강서구","neighborhood":"방화동","avgPrice":5.92,"households":1051,"buildingCount":5,"rank":2711},"geometry":{"type":"Point","coordinates":[126.814771,37.576861]}},{"type":"Feature","properties":{"id":"A10020618","name":"센터스퀘어 발산","district":"강서구","neighborhood":"내발산동","avgPrice":2.85,"households":1051,"buildingCount":12,"rank":2712},"geometry":{"type":"Point","coordinates":[126.838422,37.53263]}},{"type":"Feature","properties":{"id":"A10024018","name":"양원역 금호어울림포레스트아파트","district":"중랑구","neighborhood":"망우동","avgPrice":4.12,"households":1049,"buildingCount":26,"rank":2713},"geometry":{"type":"Point","coordinates":[127.109398,37.602006]}},{"type":"Feature","properties":{"id":"A10025404","name":"아스하임4차","district":"광진구","neighborhood":"화양동","avgPrice":1.37,"households":1049,"buildingCount":16,"rank":2714},"geometry":{"type":"Point","coordinates":[127.071048,37.54728]}},{"type":"Feature","properties":{"id":"A13188406","name":"면목두산2.3차","district":"중랑구","neighborhood":"면목동","avgPrice":5.32,"households":1048,"buildingCount":14,"rank":2715},"geometry":{"type":"Point","coordinates":[127.083583,37.580576]}},{"type":"Feature","properties":{"id":"A13994302","name":"상계한양","district":"노원구","neighborhood":"상계동","avgPrice":4.67,"households":1048,"buildingCount":12,"rank":2716},"geometry":{"type":"Point","coordinates":[127.067563,37.651685]}},{"type":"Feature","properties":{"id":"A15805109","name":"목동대림2차","district":"양천구","neighborhood":"목동","avgPrice":10.72,"households":1046,"buildingCount":14,"rank":2717},"geometry":{"type":"Point","coordinates":[126.874312,37.523614]}},{"type":"Feature","properties":{"id":"A10020611","name":"청담신원아침도시마인","district":"강남구","neighborhood":"청담동","avgPrice":2.52,"households":1044,"buildingCount":7,"rank":2718},"geometry":{"type":"Point","coordinates":[127.049664,37.526429]}},{"type":"Feature","properties":{"id":"A13283405","name":"방학벽산2차","district":"도봉구","neighborhood":"방학동","avgPrice":11.9,"households":1043,"buildingCount":17,"rank":2719},"geometry":{"type":"Point","coordinates":[127.06305,37.669295]}},{"type":"Feature","properties":{"id":"A40010008","name":"한국감정원1","district":"강남구","neighborhood":"개포동","avgPrice":20.4,"households":1042,"buildingCount":7,"rank":2720},"geometry":{"type":"Point","coordinates":[127.058492,37.482382]}},{"type":"Feature","properties":{"id":"A15805105","name":"목동성원","district":"양천구","neighborhood":"목동","avgPrice":8.25,"households":1042,"buildingCount":31,"rank":2721},"geometry":{"type":"Point","coordinates":[126.869612,37.530896]}},{"type":"Feature","properties":{"id":"A14319311","name":"자양우성7차","district":"광진구","neighborhood":"자양동","avgPrice":9.82,"households":1040,"buildingCount":19,"rank":2722},"geometry":{"type":"Point","coordinates":[127.07477,37.536283]}},{"type":"Feature","properties":{"id":"A15081107","name":"대림현대3차","district":"영등포구","neighborhood":"대림동","avgPrice":5.6,"households":1040,"buildingCount":25,"rank":2723},"geometry":{"type":"Point","coordinates":[126.895467,37.505481]}},{"type":"Feature","properties":{"id":"A15805102","name":"목동현대아이파크","district":"양천구","neighborhood":"목동","avgPrice":7.8,"households":1039,"buildingCount":20,"rank":2724},"geometry":{"type":"Point","coordinates":[126.864979,37.52898]}},{"type":"Feature","properties":{"id":"A15805101","name":"목동대원칸타빌","district":"양천구","neighborhood":"목동","avgPrice":8.13,"households":1038,"buildingCount":16,"rank":2725},"geometry":{"type":"Point","coordinates":[126.868846,37.546865]}},{"type":"Feature","properties":{"id":"A15081105","name":"대림코오롱","district":"영등포구","neighborhood":"대림동","avgPrice":6.14,"households":1038,"buildingCount":29,"rank":2726},"geometry":{"type":"Point","coordinates":[126.894886,37.507063]}},{"type":"Feature","properties":{"id":"A13510009","name":"청담래미안로이뷰","district":"강남구","neighborhood":"청담동","avgPrice":22.5,"households":1036,"buildingCount":11,"rank":2727},"geometry":{"type":"Point","coordinates":[127.056184,37.524453]}},{"type":"Feature","properties":{"id":"A13603501","name":"돈암동일하이빌","district":"성북구","neighborhood":"동소문동5가","avgPrice":6.27,"households":1036,"buildingCount":9,"rank":2728},"geometry":{"type":"Point","coordinates":[127.01484,37.591671]}},{"type":"Feature","properties":{"id":"A13510007","name":"청담자이","district":"강남구","neighborhood":"청담동","avgPrice":21.81,"households":1034,"buildingCount":11,"rank":2729},"geometry":{"type":"Point","coordinates":[127.057347,37.523311]}},{"type":"Feature","properties":{"id":"A13510006","name":"청담대림","district":"강남구","neighborhood":"청담동","avgPrice":17.76,"households":1033,"buildingCount":27,"rank":2730},"geometry":{"type":"Point","coordinates":[127.047842,37.520554]}},{"type":"Feature","properties":{"id":"A13510005","name":"청담삼성진흥","district":"강남구","neighborhood":"청담동","avgPrice":27.04,"households":1032,"buildingCount":21,"rank":2731},"geometry":{"type":"Point","coordinates":[127.05257,37.520102]}},{"type":"Feature","properties":{"id":"A10023959","name":"홍제역 해링턴플레이스아파트","district":"서대문구","neighborhood":"홍제동","avgPrice":8.09,"households":1032,"buildingCount":15,"rank":2732},"geometry":{"type":"Point","coordinates":[126.947612,37.589821]}},{"type":"Feature","properties":{"id":"A13510003","name":"청담대우유로카운티","district":"강남구","neighborhood":"청담동","avgPrice":19.73,"households":1030,"buildingCount":25,"rank":2733},"geometry":{"type":"Point","coordinates":[127.049947,37.523485]}},{"type":"Feature","properties":{"id":"A10023956","name":"어바니엘가산","district":"금천구","neighborhood":"가산동","avgPrice":8.55,"households":1029,"buildingCount":4,"rank":2734},"geometry":{"type":"Point","coordinates":[126.880363,37.484966]}},{"type":"Feature","properties":{"id":"A13510002","name":"청담휴먼스타빌","district":"강남구","neighborhood":"청담동","avgPrice":5.45,"households":1029,"buildingCount":13,"rank":2735},"geometry":{"type":"Point","coordinates":[127.046069,37.523696]}},{"type":"Feature","properties":{"id":"A15785709","name":"방화청솔3단지","district":"강서구","neighborhood":"방화동","avgPrice":3.3,"households":1029,"buildingCount":25,"rank":2736},"geometry":{"type":"Point","coordinates":[126.813119,37.575663]}},{"type":"Feature","properties":{"id":"A13510001","name":"청담삼성1차","district":"강남구","neighborhood":"청담동","avgPrice":16.8,"households":1028,"buildingCount":31,"rank":2737},"geometry":{"type":"Point","coordinates":[127.047859,37.51944]}},{"type":"Feature","properties":{"id":"A13203002","name":"북한산코오롱하늘채","district":"도봉구","neighborhood":"쌍문동","avgPrice":4.37,"households":1028,"buildingCount":4,"rank":2738},"geometry":{"type":"Point","coordinates":[127.023036,37.648256]}},{"type":"Feature","properties":{"id":"A10023955","name":"에피소드수유838","district":"강북구","neighborhood":"수유동","avgPrice":1.02,"households":1028,"buildingCount":25,"rank":2739},"geometry":{"type":"Point","coordinates":[127.023346,37.636899]}},{"type":"Feature","properties":{"id":"A13203001","name":"쌍문동북한산월드메르디앙","district":"도봉구","neighborhood":"쌍문동","avgPrice":3.73,"households":1027,"buildingCount":12,"rank":2740},"geometry":{"type":"Point","coordinates":[127.013603,37.653837]}},{"type":"Feature","properties":{"id":"A15286809","name":"구로주공","district":"구로구","neighborhood":"구로동","avgPrice":6.85,"households":1026,"buildingCount":21,"rank":2741},"geometry":{"type":"Point","coordinates":[126.87563,37.493536]}},{"type":"Feature","properties":{"id":"A10027354","name":"올림픽파크한양수자인","district":"강동구","neighborhood":"성내동","avgPrice":10.03,"households":1025,"buildingCount":18,"rank":2742},"geometry":{"type":"Point","coordinates":[127.128194,37.526745]}},{"type":"Feature","properties":{"id":"A10023952","name":"중랑숲시티프라디움","district":"중랑구","neighborhood":"망우동","avgPrice":4.34,"households":1025,"buildingCount":6,"rank":2743},"geometry":{"type":"Point","coordinates":[127.108377,37.607658]}},{"type":"Feature","properties":{"id":"A10023951","name":"광진그랜드파크","district":"광진구","neighborhood":"구의동","avgPrice":13.49,"households":1024,"buildingCount":17,"rank":2744},"geometry":{"type":"Point","coordinates":[127.080896,37.544184]}},{"type":"Feature","properties":{"id":"A15286807","name":"구로현대연예인","district":"구로구","neighborhood":"구로동","avgPrice":4.02,"households":1024,"buildingCount":16,"rank":2745},"geometry":{"type":"Point","coordinates":[126.877259,37.492844]}},{"type":"Feature","properties":{"id":"A15785703","name":"마곡한숲대림아파트","district":"강서구","neighborhood":"방화동","avgPrice":11,"households":1023,"buildingCount":29,"rank":2746},"geometry":{"type":"Point","coordinates":[126.817452,37.577419]}},{"type":"Feature","properties":{"id":"A15286806","name":"중앙구로하이츠","district":"구로구","neighborhood":"구로동","avgPrice":9.45,"households":1023,"buildingCount":24,"rank":2747},"geometry":{"type":"Point","coordinates":[126.875909,37.497078]}},{"type":"Feature","properties":{"id":"A15286805","name":"구로한신1차","district":"구로구","neighborhood":"구로동","avgPrice":13.7,"households":1022,"buildingCount":31,"rank":2748},"geometry":{"type":"Point","coordinates":[126.911322,37.48155]}},{"type":"Feature","properties":{"id":"A10021177","name":"문영칸타빌레아파트","district":"영등포구","neighborhood":"대림동","avgPrice":4.25,"households":1022,"buildingCount":11,"rank":2749},"geometry":{"type":"Point","coordinates":[126.897035,37.489722]}},{"type":"Feature","properties":{"id":"A10027350","name":"대성유니드아파트","district":"성북구","neighborhood":"돈암동","avgPrice":4.72,"households":1021,"buildingCount":5,"rank":2750},"geometry":{"type":"Point","coordinates":[127.020935,37.597328]}},{"type":"Feature","properties":{"id":"A10020608","name":"용산 남영역 롯데캐슬 헤리티지","district":"용산구","neighborhood":"갈월동","avgPrice":3.9,"households":1020,"buildingCount":10,"rank":2751},"geometry":{"type":"Point","coordinates":[126.988586,37.550195]}},{"type":"Feature","properties":{"id":"A10022560","name":"증산동 두산위브아파트","district":"은평구","neighborhood":"증산동","avgPrice":5.42,"households":1019,"buildingCount":6,"rank":2752},"geometry":{"type":"Point","coordinates":[126.906275,37.583975]}},{"type":"Feature","properties":{"id":"A15286802","name":"구로현대상선","district":"구로구","neighborhood":"구로동","avgPrice":3.87,"households":1019,"buildingCount":19,"rank":2753},"geometry":{"type":"Point","coordinates":[126.875299,37.49609]}},{"type":"Feature","properties":{"id":"A10024008","name":"신내역 힐데스하임아파트","district":"중랑구","neighborhood":"망우동","avgPrice":5.44,"households":1018,"buildingCount":15,"rank":2754},"geometry":{"type":"Point","coordinates":[127.105857,37.609632]}},{"type":"Feature","properties":{"id":"A15286801","name":"구로우방","district":"구로구","neighborhood":"구로동","avgPrice":3.77,"households":1018,"buildingCount":21,"rank":2755},"geometry":{"type":"Point","coordinates":[126.874565,37.497602]}},{"type":"Feature","properties":{"id":"A14286108","name":"해모로","district":"강북구","neighborhood":"번동","avgPrice":3.53,"households":1017,"buildingCount":16,"rank":2756},"geometry":{"type":"Point","coordinates":[127.037521,37.626305]}},{"type":"Feature","properties":{"id":"A14319307","name":"자양한라","district":"광진구","neighborhood":"자양동","avgPrice":8.31,"households":1015,"buildingCount":5,"rank":2757},"geometry":{"type":"Point","coordinates":[127.070019,37.535655]}},{"type":"Feature","properties":{"id":"A10020603","name":"강동역 두산위브 센티움 아파트","district":"강동구","neighborhood":"천호동","avgPrice":2.48,"households":1015,"buildingCount":19,"rank":2758},"geometry":{"type":"Point","coordinates":[127.126992,37.539371]}},{"type":"Feature","properties":{"id":"A14319306","name":"이튼타워리버3차","district":"광진구","neighborhood":"자양동","avgPrice":13.64,"households":1014,"buildingCount":21,"rank":2759},"geometry":{"type":"Point","coordinates":[127.067983,37.532974]}},{"type":"Feature","properties":{"id":"A11008001","name":"무악현대임대아파트","district":"종로구","neighborhood":"무악동","avgPrice":8.15,"households":1014,"buildingCount":23,"rank":2760},"geometry":{"type":"Point","coordinates":[126.960601,37.57547]}},{"type":"Feature","properties":{"id":"A13922910","name":"중계주공7단지","district":"노원구","neighborhood":"중계동","avgPrice":2.25,"households":1014,"buildingCount":15,"rank":2761},"geometry":{"type":"Point","coordinates":[127.079742,37.64719]}},{"type":"Feature","properties":{"id":"A10020602","name":"장위아트포레아파트","district":"성북구","neighborhood":"석관동","avgPrice":1.75,"households":1014,"buildingCount":5,"rank":2762},"geometry":{"type":"Point","coordinates":[127.032302,37.60677]}},{"type":"Feature","properties":{"id":"A14319305","name":"광진트라팰리스","district":"광진구","neighborhood":"자양동","avgPrice":18.16,"households":1013,"buildingCount":29,"rank":2763},"geometry":{"type":"Point","coordinates":[127.068347,37.531689]}},{"type":"Feature","properties":{"id":"A14286104","name":"번동한양","district":"강북구","neighborhood":"번동","avgPrice":3.3,"households":1013,"buildingCount":22,"rank":2764},"geometry":{"type":"Point","coordinates":[127.041021,37.626734]}},{"type":"Feature","properties":{"id":"A13470504","name":"둔촌현대3차","district":"강동구","neighborhood":"둔촌동","avgPrice":5.44,"households":1011,"buildingCount":13,"rank":2765},"geometry":{"type":"Point","coordinates":[127.144543,37.527448]}},{"type":"Feature","properties":{"id":"A14319303","name":"자양현대홈타운10차","district":"광진구","neighborhood":"자양동","avgPrice":5.3,"households":1011,"buildingCount":30,"rank":2766},"geometry":{"type":"Point","coordinates":[127.070041,37.53376]}},{"type":"Feature","properties":{"id":"A13187004","name":"신내성원","district":"중랑구","neighborhood":"신내동","avgPrice":3.89,"households":1011,"buildingCount":7,"rank":2767},"geometry":{"type":"Point","coordinates":[127.094716,37.604546]}},{"type":"Feature","properties":{"id":"A12084504","name":"홍은현대","district":"서대문구","neighborhood":"홍은동","avgPrice":1.73,"households":1011,"buildingCount":27,"rank":2768},"geometry":{"type":"Point","coordinates":[126.935412,37.58751]}},{"type":"Feature","properties":{"id":"A13527203","name":"도곡렉슬","district":"강남구","neighborhood":"도곡동","avgPrice":28.59,"households":1010,"buildingCount":20,"rank":2769},"geometry":{"type":"Point","coordinates":[127.050689,37.49362]}},{"type":"Feature","properties":{"id":"A14319302","name":"자양우방리버파크","district":"광진구","neighborhood":"자양동","avgPrice":11.17,"households":1010,"buildingCount":22,"rank":2770},"geometry":{"type":"Point","coordinates":[127.070538,37.531067]}},{"type":"Feature","properties":{"id":"A13470503","name":"둔촌푸르지오","district":"강동구","neighborhood":"둔촌동","avgPrice":9.52,"households":1010,"buildingCount":24,"rank":2771},"geometry":{"type":"Point","coordinates":[127.146567,37.53423]}},{"type":"Feature","properties":{"id":"A14319301","name":"자양현대6차","district":"광진구","neighborhood":"자양동","avgPrice":13.65,"households":1009,"buildingCount":19,"rank":2772},"geometry":{"type":"Point","coordinates":[127.071791,37.533039]}},{"type":"Feature","properties":{"id":"A13470502","name":"신성둔촌미소지움2차","district":"강동구","neighborhood":"둔촌동","avgPrice":8.38,"households":1009,"buildingCount":23,"rank":2773},"geometry":{"type":"Point","coordinates":[127.143658,37.527281]}},{"type":"Feature","properties":{"id":"A14074102","name":"효창한신","district":"용산구","neighborhood":"효창동","avgPrice":7.52,"households":1006,"buildingCount":9,"rank":2774},"geometry":{"type":"Point","coordinates":[126.957761,37.541882]}},{"type":"Feature","properties":{"id":"A14074101","name":"효창파크푸르지오","district":"용산구","neighborhood":"효창동","avgPrice":12.4,"households":1005,"buildingCount":13,"rank":2775},"geometry":{"type":"Point","coordinates":[126.958319,37.540089]}},{"type":"Feature","properties":{"id":"A10023948","name":"어바니엘 염창","district":"양천구","neighborhood":"목동","avgPrice":1.24,"households":1000,"buildingCount":21,"rank":2776},"geometry":{"type":"Point","coordinates":[126.874759,37.546483]}},{"type":"Feature","properties":{"id":"A10027346","name":"파크하비오푸르지오아파트","district":"송파구","neighborhood":"문정동","avgPrice":12.17,"households":996,"buildingCount":24,"rank":2777},"geometry":{"type":"Point","coordinates":[127.123646,37.48062]}},{"type":"Feature","properties":{"id":"A13986606","name":"중계성원1차","district":"노원구","neighborhood":"중계동","avgPrice":5.36,"households":996,"buildingCount":5,"rank":2778},"geometry":{"type":"Point","coordinates":[127.070115,37.650125]}},{"type":"Feature","properties":{"id":"A10022556","name":"래미안 원펜타스","district":"서초구","neighborhood":"반포동","avgPrice":41.87,"households":994,"buildingCount":20,"rank":2779},"geometry":{"type":"Point","coordinates":[127.004024,37.506949]}},{"type":"Feature","properties":{"id":"A15780905","name":"가양6단지","district":"강서구","neighborhood":"가양동","avgPrice":5.32,"households":992,"buildingCount":25,"rank":2780},"geometry":{"type":"Point","coordinates":[126.859238,37.563222]}},{"type":"Feature","properties":{"id":"A13922909","name":"중계주공6단지","district":"노원구","neighborhood":"중계동","avgPrice":2.72,"households":992,"buildingCount":6,"rank":2781},"geometry":{"type":"Point","coordinates":[127.078351,37.648699]}},{"type":"Feature","properties":{"id":"A10021167","name":"서울숲 금강아미움아파트","district":"성동구","neighborhood":"성수동2가","avgPrice":6.62,"households":991,"buildingCount":7,"rank":2782},"geometry":{"type":"Point","coordinates":[127.059807,37.546668]}},{"type":"Feature","properties":{"id":"A13922908","name":"중계삼성","district":"노원구","neighborhood":"중계동","avgPrice":4.38,"households":991,"buildingCount":20,"rank":2783},"geometry":{"type":"Point","coordinates":[127.083342,37.648952]}},{"type":"Feature","properties":{"id":"A15780904","name":"가양도시개발공사8단지(임대)","district":"강서구","neighborhood":"가양동","avgPrice":2.85,"households":991,"buildingCount":29,"rank":2784},"geometry":{"type":"Point","coordinates":[126.857038,37.562121]}},{"type":"Feature","properties":{"id":"A13922907","name":"동진신안","district":"노원구","neighborhood":"중계동","avgPrice":6.53,"households":990,"buildingCount":31,"rank":2785},"geometry":{"type":"Point","coordinates":[127.078352,37.649731]}},{"type":"Feature","properties":{"id":"A13922905","name":"중계한화꿈에그린","district":"노원구","neighborhood":"중계동","avgPrice":12.8,"households":988,"buildingCount":31,"rank":2786},"geometry":{"type":"Point","coordinates":[127.074438,37.659147]}},{"type":"Feature","properties":{"id":"A13922904","name":"중계금호","district":"노원구","neighborhood":"중계동","avgPrice":7.7,"households":987,"buildingCount":27,"rank":2787},"geometry":{"type":"Point","coordinates":[127.080842,37.646975]}},{"type":"Feature","properties":{"id":"A13922903","name":"중계대림벽산","district":"노원구","neighborhood":"중계동","avgPrice":8.27,"households":986,"buildingCount":14,"rank":2788},"geometry":{"type":"Point","coordinates":[127.078034,37.647181]}},{"type":"Feature","properties":{"id":"A13922901","name":"중계현대1차","district":"노원구","neighborhood":"중계동","avgPrice":4.09,"households":984,"buildingCount":10,"rank":2789},"geometry":{"type":"Point","coordinates":[127.082021,37.648794]}},{"type":"Feature","properties":{"id":"A13586102","name":"도곡현대","district":"강남구","neighborhood":"도곡동","avgPrice":13.95,"households":983,"buildingCount":21,"rank":2790},"geometry":{"type":"Point","coordinates":[127.045625,37.487933]}},{"type":"Feature","properties":{"id":"A13586101","name":"도곡대림","district":"강남구","neighborhood":"도곡동","avgPrice":21.95,"households":982,"buildingCount":25,"rank":2791},"geometry":{"type":"Point","coordinates":[127.048126,37.48782]}},{"type":"Feature","properties":{"id":"A15380403","name":"가산두산위브","district":"금천구","neighborhood":"가산동","avgPrice":4.3,"households":981,"buildingCount":16,"rank":2792},"geometry":{"type":"Point","coordinates":[126.891743,37.4761]}},{"type":"Feature","properties":{"id":"A13087201","name":"청량리신현대","district":"동대문구","neighborhood":"회기동","avgPrice":4.91,"households":979,"buildingCount":16,"rank":2793},"geometry":{"type":"Point","coordinates":[127.051685,37.589637]}},{"type":"Feature","properties":{"id":"A10025898","name":"용산kcc스위첸","district":"용산구","neighborhood":"효창동","avgPrice":16,"households":976,"buildingCount":24,"rank":2794},"geometry":{"type":"Point","coordinates":[126.959981,37.540741]}},{"type":"Feature","properties":{"id":"A13003406","name":"답십리동아","district":"동대문구","neighborhood":"답십리동","avgPrice":5.07,"households":974,"buildingCount":19,"rank":2795},"geometry":{"type":"Point","coordinates":[127.061661,37.569412]}},{"type":"Feature","properties":{"id":"A13003405","name":"답십리동답한신","district":"동대문구","neighborhood":"답십리동","avgPrice":3.19,"households":973,"buildingCount":24,"rank":2796},"geometry":{"type":"Point","coordinates":[127.062514,37.570912]}},{"type":"Feature","properties":{"id":"A15205002","name":"구로두산제2","district":"구로구","neighborhood":"구로동","avgPrice":6.35,"households":972,"buildingCount":26,"rank":2797},"geometry":{"type":"Point","coordinates":[126.905406,37.492935]}},{"type":"Feature","properties":{"id":"A13003404","name":"답십리우성그린","district":"동대문구","neighborhood":"답십리동","avgPrice":4.02,"households":972,"buildingCount":13,"rank":2798},"geometry":{"type":"Point","coordinates":[127.066071,37.574946]}},{"type":"Feature","properties":{"id":"A15205001","name":"우리유앤미","district":"구로구","neighborhood":"구로동","avgPrice":3.77,"households":971,"buildingCount":4,"rank":2799},"geometry":{"type":"Point","coordinates":[126.881772,37.49652]}},{"type":"Feature","properties":{"id":"A10023939","name":"삼성석탑아파트","district":"강남구","neighborhood":"삼성동","avgPrice":17.4,"households":970,"buildingCount":19,"rank":2800},"geometry":{"type":"Point","coordinates":[127.052752,37.53898]}},{"type":"Feature","properties":{"id":"A13003402","name":"세양청마루","district":"동대문구","neighborhood":"답십리동","avgPrice":4.64,"households":970,"buildingCount":24,"rank":2801},"geometry":{"type":"Point","coordinates":[127.06553,37.573708]}},{"type":"Feature","properties":{"id":"A15776617","name":"등촌주공6단지","district":"강서구","neighborhood":"등촌동","avgPrice":3.21,"households":967,"buildingCount":6,"rank":2802},"geometry":{"type":"Point","coordinates":[126.848419,37.559765]}},{"type":"Feature","properties":{"id":"A10023934","name":"엘크루발산아파트","district":"강서구","neighborhood":"등촌동","avgPrice":1.13,"households":965,"buildingCount":4,"rank":2803},"geometry":{"type":"Point","coordinates":[126.841085,37.559163]}},{"type":"Feature","properties":{"id":"A10021157","name":"삼전현대아파트","district":"송파구","neighborhood":"삼전동","avgPrice":24.7,"households":960,"buildingCount":20,"rank":2804},"geometry":{"type":"Point","coordinates":[127.088626,37.500245]}},{"type":"Feature","properties":{"id":"A15876402","name":"신정삼성SH임대","district":"양천구","neighborhood":"신정동","avgPrice":7.15,"households":960,"buildingCount":27,"rank":2805},"geometry":{"type":"Point","coordinates":[126.85422,37.49962]}},{"type":"Feature","properties":{"id":"A15876401","name":"서울주택도시공사 목동현대B 임대아파트","district":"양천구","neighborhood":"신정동","avgPrice":13.47,"households":959,"buildingCount":30,"rank":2806},"geometry":{"type":"Point","coordinates":[126.867908,37.5124]}},{"type":"Feature","properties":{"id":"A13980415","name":"공릉두산힐스빌","district":"노원구","neighborhood":"공릉동","avgPrice":4.88,"households":958,"buildingCount":20,"rank":2807},"geometry":{"type":"Point","coordinates":[127.079979,37.620882]}},{"type":"Feature","properties":{"id":"A13980413","name":"화랑해링턴플레이스","district":"노원구","neighborhood":"공릉동","avgPrice":4.46,"households":956,"buildingCount":6,"rank":2808},"geometry":{"type":"Point","coordinates":[127.081319,37.623932]}},{"type":"Feature","properties":{"id":"A13985201","name":"월계극동","district":"노원구","neighborhood":"월계동","avgPrice":3.09,"households":956,"buildingCount":16,"rank":2809},"geometry":{"type":"Point","coordinates":[127.04622,37.629293]}},{"type":"Feature","properties":{"id":"A13980411","name":"공릉동신","district":"노원구","neighborhood":"공릉동","avgPrice":4.17,"households":954,"buildingCount":11,"rank":2810},"geometry":{"type":"Point","coordinates":[127.076808,37.628078]}},{"type":"Feature","properties":{"id":"A15280602","name":"신개봉삼환","district":"구로구","neighborhood":"개봉동","avgPrice":3.67,"households":951,"buildingCount":25,"rank":2811},"geometry":{"type":"Point","coordinates":[126.857765,37.496716]}},{"type":"Feature","properties":{"id":"A12175203","name":"마포래미안푸르지오","district":"마포구","neighborhood":"아현동","avgPrice":16.07,"households":948,"buildingCount":4,"rank":2812},"geometry":{"type":"Point","coordinates":[126.953753,37.555514]}},{"type":"Feature","properties":{"id":"A12175202","name":"마포트라팰리스2차","district":"마포구","neighborhood":"아현동","avgPrice":8.98,"households":947,"buildingCount":10,"rank":2813},"geometry":{"type":"Point","coordinates":[126.955708,37.552213]}},{"type":"Feature","properties":{"id":"A15101802","name":"신림신도브래뉴","district":"관악구","neighborhood":"신림동","avgPrice":10.85,"households":945,"buildingCount":24,"rank":2814},"geometry":{"type":"Point","coordinates":[126.910941,37.483832]}},{"type":"Feature","properties":{"id":"A15072002","name":"당산SHVILLE","district":"영등포구","neighborhood":"당산동3가","avgPrice":6.54,"households":944,"buildingCount":22,"rank":2815},"geometry":{"type":"Point","coordinates":[126.901431,37.524208]}},{"type":"Feature","properties":{"id":"A15072001","name":"당산쌍용예가클래식","district":"영등포구","neighborhood":"당산동3가","avgPrice":7.32,"households":943,"buildingCount":10,"rank":2816},"geometry":{"type":"Point","coordinates":[126.893712,37.527563]}},{"type":"Feature","properties":{"id":"A10024495","name":"e편한세상 문래 에듀플라츠","district":"영등포구","neighborhood":"문래동6가","avgPrice":7.99,"households":938,"buildingCount":26,"rank":2817},"geometry":{"type":"Point","coordinates":[126.885452,37.520014]}},{"type":"Feature","properties":{"id":"A10023927","name":"송파레이크파크호반써밋1차","district":"송파구","neighborhood":"거여동","avgPrice":21.95,"households":937,"buildingCount":15,"rank":2818},"geometry":{"type":"Point","coordinates":[127.14045,37.484]}},{"type":"Feature","properties":{"id":"A10023926","name":"롯데캐슬클라시아","district":"성북구","neighborhood":"길음동","avgPrice":9.59,"households":936,"buildingCount":13,"rank":2819},"geometry":{"type":"Point","coordinates":[127.025631,37.607847]}},{"type":"Feature","properties":{"id":"A10022539","name":"경남아너스빌 201동","district":"서초구","neighborhood":"서초동","avgPrice":12.27,"households":935,"buildingCount":7,"rank":2820},"geometry":{"type":"Point","coordinates":[127.014227,37.483832]}},{"type":"Feature","properties":{"id":"A13002002","name":"래미안아름숲","district":"동대문구","neighborhood":"전농동","avgPrice":7.26,"households":935,"buildingCount":14,"rank":2821},"geometry":{"type":"Point","coordinates":[127.061155,37.581003]}},{"type":"Feature","properties":{"id":"A10024492","name":"위례포레샤인13단지아파트","district":"송파구","neighborhood":"거여동","avgPrice":4.98,"households":935,"buildingCount":14,"rank":2822},"geometry":{"type":"Point","coordinates":[127.138079,37.482377]}},{"type":"Feature","properties":{"id":"A10022537","name":"염창힐스테이트아파트","district":"강서구","neighborhood":"염창동","avgPrice":7.9,"households":933,"buildingCount":29,"rank":2823},"geometry":{"type":"Point","coordinates":[126.873621,37.551418]}},{"type":"Feature","properties":{"id":"A10024490","name":"여의도더리브스타일","district":"영등포구","neighborhood":"영등포동1가","avgPrice":1.47,"households":933,"buildingCount":12,"rank":2824},"geometry":{"type":"Point","coordinates":[126.913137,37.517753]}},{"type":"Feature","properties":{"id":"A10023922","name":"송파레이크파크 호반 써밋2","district":"송파구","neighborhood":"거여동","avgPrice":21.6,"households":932,"buildingCount":30,"rank":2825},"geometry":{"type":"Point","coordinates":[127.143333,37.484983]}},{"type":"Feature","properties":{"id":"A10095301","name":"브라운스톤서울아파트","district":"중구","neighborhood":"중림동","avgPrice":9.65,"households":932,"buildingCount":20,"rank":2826},"geometry":{"type":"Point","coordinates":[126.968211,37.560846]}},{"type":"Feature","properties":{"id":"A13980407","name":"효성아파트","district":"노원구","neighborhood":"공릉동","avgPrice":4.62,"households":929,"buildingCount":23,"rank":2827},"geometry":{"type":"Point","coordinates":[127.088533,37.62115]}},{"type":"Feature","properties":{"id":"A13980403","name":"공릉삼익2차","district":"노원구","neighborhood":"공릉동","avgPrice":3.35,"households":925,"buildingCount":27,"rank":2828},"geometry":{"type":"Point","coordinates":[127.080448,37.625979]}},{"type":"Feature","properties":{"id":"A13980402","name":"공릉건영장미","district":"노원구","neighborhood":"공릉동","avgPrice":3.8,"households":924,"buildingCount":12,"rank":2829},"geometry":{"type":"Point","coordinates":[127.071452,37.624435]}},{"type":"Feature","properties":{"id":"A13980401","name":"공릉신성미소지움","district":"노원구","neighborhood":"공릉동","avgPrice":4.16,"households":923,"buildingCount":29,"rank":2830},"geometry":{"type":"Point","coordinates":[127.08095,37.624897]}},{"type":"Feature","properties":{"id":"A13920106","name":"상계극동늘푸른","district":"노원구","neighborhood":"상계동","avgPrice":3.62,"households":919,"buildingCount":5,"rank":2831},"geometry":{"type":"Point","coordinates":[127.057211,37.677299]}},{"type":"Feature","properties":{"id":"A13920105","name":"상계수락한신","district":"노원구","neighborhood":"상계동","avgPrice":3.47,"households":918,"buildingCount":28,"rank":2832},"geometry":{"type":"Point","coordinates":[127.060011,37.673938]}},{"type":"Feature","properties":{"id":"A13805003","name":"신구블레스밸리","district":"송파구","neighborhood":"방이동","avgPrice":10.98,"households":917,"buildingCount":12,"rank":2833},"geometry":{"type":"Point","coordinates":[127.122322,37.511385]}},{"type":"Feature","properties":{"id":"A14085101","name":"원효로강변삼성스위트","district":"용산구","neighborhood":"원효로4가","avgPrice":9.39,"households":917,"buildingCount":4,"rank":2834},"geometry":{"type":"Point","coordinates":[126.948566,37.5341]}},{"type":"Feature","properties":{"id":"A13920104","name":"우림루미아트1.2단지","district":"노원구","neighborhood":"상계동","avgPrice":4.47,"households":917,"buildingCount":29,"rank":2835},"geometry":{"type":"Point","coordinates":[127.056149,37.674549]}},{"type":"Feature","properties":{"id":"A13805002","name":"올림픽선수기자촌아파트","district":"송파구","neighborhood":"방이동","avgPrice":22.5,"households":916,"buildingCount":29,"rank":2836},"geometry":{"type":"Point","coordinates":[127.13588,37.517225]}},{"type":"Feature","properties":{"id":"A13805001","name":"방이대림가락","district":"송파구","neighborhood":"방이동","avgPrice":16.63,"households":915,"buildingCount":4,"rank":2837},"geometry":{"type":"Point","coordinates":[127.124396,37.507685]}},{"type":"Feature","properties":{"id":"A13920102","name":"상계수락현대","district":"노원구","neighborhood":"상계동","avgPrice":3.45,"households":915,"buildingCount":24,"rank":2838},"geometry":{"type":"Point","coordinates":[127.060211,37.675224]}},{"type":"Feature","properties":{"id":"A12170402","name":"마포한화오벨리스크","district":"마포구","neighborhood":"도화동","avgPrice":5.43,"households":914,"buildingCount":28,"rank":2839},"geometry":{"type":"Point","coordinates":[126.945727,37.540181]}},{"type":"Feature","properties":{"id":"A15005402","name":"신길삼성래미안","district":"영등포구","neighborhood":"신길동","avgPrice":5.15,"households":914,"buildingCount":7,"rank":2840},"geometry":{"type":"Point","coordinates":[126.914972,37.506284]}},{"type":"Feature","properties":{"id":"A12170401","name":"마포동원베네스트","district":"마포구","neighborhood":"도화동","avgPrice":7.72,"households":913,"buildingCount":19,"rank":2841},"geometry":{"type":"Point","coordinates":[126.952373,37.540204]}},{"type":"Feature","properties":{"id":"A15005401","name":"신길삼성제2","district":"영등포구","neighborhood":"신길동","avgPrice":4.83,"households":913,"buildingCount":15,"rank":2842},"geometry":{"type":"Point","coordinates":[126.911037,37.496421]}},{"type":"Feature","properties":{"id":"A10024488","name":"꿈의숲아이파크아파트","district":"성북구","neighborhood":"장위동","avgPrice":7.15,"households":910,"buildingCount":26,"rank":2843},"geometry":{"type":"Point","coordinates":[127.04896,37.618662]}},{"type":"Feature","properties":{"id":"A13114201","name":"묵동동구햇살","district":"중랑구","neighborhood":"묵동","avgPrice":4.34,"households":910,"buildingCount":4,"rank":2844},"geometry":{"type":"Point","coordinates":[127.074578,37.613318]}},{"type":"Feature","properties":{"id":"A14001303","name":"용산시티파크1단지","district":"용산구","neighborhood":"한강로3가","avgPrice":25.05,"households":909,"buildingCount":6,"rank":2845},"geometry":{"type":"Point","coordinates":[126.969833,37.526243]}},{"type":"Feature","properties":{"id":"A10024487","name":"강일푸르내","district":"강동구","neighborhood":"강일동","avgPrice":11.05,"households":909,"buildingCount":13,"rank":2846},"geometry":{"type":"Point","coordinates":[127.100252,37.544545]}},{"type":"Feature","properties":{"id":"A10023099","name":"롯데캐슬 리버파크 시그니처 아파트","district":"광진구","neighborhood":"자양동","avgPrice":6.87,"households":907,"buildingCount":25,"rank":2847},"geometry":{"type":"Point","coordinates":[127.062784,37.535752]}},{"type":"Feature","properties":{"id":"A10027319","name":"도곡한라비발디아파트","district":"강남구","neighborhood":"도곡동","avgPrice":17.34,"households":906,"buildingCount":13,"rank":2848},"geometry":{"type":"Point","coordinates":[127.039219,37.48772]}},{"type":"Feature","properties":{"id":"A13785607","name":"롯데캐슬클래식","district":"서초구","neighborhood":"서초동","avgPrice":22.14,"households":904,"buildingCount":16,"rank":2849},"geometry":{"type":"Point","coordinates":[127.021555,37.499931]}},{"type":"Feature","properties":{"id":"A10022528","name":"상봉 동양엔파트","district":"중랑구","neighborhood":"상봉동","avgPrice":1.58,"households":903,"buildingCount":12,"rank":2850},"geometry":{"type":"Point","coordinates":[127.082237,37.59499]}},{"type":"Feature","properties":{"id":"A10023914","name":"인히어쌍문아파트","district":"도봉구","neighborhood":"쌍문동","avgPrice":1.32,"households":903,"buildingCount":21,"rank":2851},"geometry":{"type":"Point","coordinates":[127.032617,37.645883]}},{"type":"Feature","properties":{"id":"A13785604","name":"서초진흥","district":"서초구","neighborhood":"서초동","avgPrice":24.74,"households":901,"buildingCount":5,"rank":2852},"geometry":{"type":"Point","coordinates":[127.022571,37.497391]}},{"type":"Feature","properties":{"id":"A10022525","name":"강동헤리티지자이","district":"강동구","neighborhood":"길동","avgPrice":10.67,"households":900,"buildingCount":8,"rank":2853},"geometry":{"type":"Point","coordinates":[127.116666,37.513225]}},{"type":"Feature","properties":{"id":"A10021139","name":"등촌월드메르디앙","district":"강서구","neighborhood":"등촌동","avgPrice":4.99,"households":900,"buildingCount":20,"rank":2854},"geometry":{"type":"Point","coordinates":[126.84696,37.564548]}},{"type":"Feature","properties":{"id":"A13478602","name":"명일진로","district":"강동구","neighborhood":"명일동","avgPrice":8.02,"households":898,"buildingCount":7,"rank":2855},"geometry":{"type":"Point","coordinates":[127.154799,37.553297]}},{"type":"Feature","properties":{"id":"A13478601","name":"고덕현대아파트","district":"강동구","neighborhood":"명일동","avgPrice":10.73,"households":897,"buildingCount":31,"rank":2856},"geometry":{"type":"Point","coordinates":[127.152621,37.54998]}},{"type":"Feature","properties":{"id":"A10022522","name":"신도림2차 푸르지오 아파트","district":"구로구","neighborhood":"신도림동","avgPrice":8.89,"households":897,"buildingCount":22,"rank":2857},"geometry":{"type":"Point","coordinates":[126.889454,37.510491]}},{"type":"Feature","properties":{"id":"A13789002","name":"양재신영체르니","district":"서초구","neighborhood":"양재동","avgPrice":3.59,"households":897,"buildingCount":4,"rank":2858},"geometry":{"type":"Point","coordinates":[127.041638,37.479032]}},{"type":"Feature","properties":{"id":"A13880603","name":"가락한신","district":"송파구","neighborhood":"가락동","avgPrice":16.6,"households":896,"buildingCount":25,"rank":2859},"geometry":{"type":"Point","coordinates":[127.121639,37.489623]}},{"type":"Feature","properties":{"id":"A13880602","name":"가락우성2차아파트","district":"송파구","neighborhood":"가락동","avgPrice":7.6,"households":895,"buildingCount":12,"rank":2860},"geometry":{"type":"Point","coordinates":[127.125645,37.491852]}},{"type":"Feature","properties":{"id":"A12187602","name":"래미안용강아파트","district":"마포구","neighborhood":"용강동","avgPrice":16.65,"households":894,"buildingCount":24,"rank":2861},"geometry":{"type":"Point","coordinates":[126.94148,37.543787]}},{"type":"Feature","properties":{"id":"A13381701","name":"사근중앙하이츠","district":"성동구","neighborhood":"사근동","avgPrice":4.3,"households":891,"buildingCount":12,"rank":2862},"geometry":{"type":"Point","coordinates":[127.048677,37.56149]}},{"type":"Feature","properties":{"id":"A10025867","name":"흑석롯데캐슬에듀포레","district":"동작구","neighborhood":"흑석동","avgPrice":13.38,"households":882,"buildingCount":13,"rank":2863},"geometry":{"type":"Point","coordinates":[126.959656,37.504333]}},{"type":"Feature","properties":{"id":"A15786227","name":"염창동아3차","district":"강서구","neighborhood":"염창동","avgPrice":6.81,"households":875,"buildingCount":25,"rank":2864},"geometry":{"type":"Point","coordinates":[126.877634,37.54988]}},{"type":"Feature","properties":{"id":"A10024473","name":"고덕자이 아파트","district":"강동구","neighborhood":"상일동","avgPrice":11.84,"households":874,"buildingCount":9,"rank":2865},"geometry":{"type":"Point","coordinates":[127.170869,37.552367]}},{"type":"Feature","properties":{"id":"A13186907","name":"신내중앙하이츠","district":"중랑구","neighborhood":"신내동","avgPrice":3.61,"households":872,"buildingCount":16,"rank":2866},"geometry":{"type":"Point","coordinates":[127.098025,37.603417]}},{"type":"Feature","properties":{"id":"A10024470","name":"신길파크자이","district":"영등포구","neighborhood":"신길동","avgPrice":9.89,"households":871,"buildingCount":4,"rank":2867},"geometry":{"type":"Point","coordinates":[126.913456,37.502798]}},{"type":"Feature","properties":{"id":"A10023083","name":"청량리역 롯데캐슬 SKY-L65","district":"동대문구","neighborhood":"전농동","avgPrice":12.57,"households":870,"buildingCount":27,"rank":2868},"geometry":{"type":"Point","coordinates":[127.032756,37.55892]}},{"type":"Feature","properties":{"id":"A15786222","name":"염창태진한솔","district":"강서구","neighborhood":"염창동","avgPrice":5.8,"households":870,"buildingCount":25,"rank":2869},"geometry":{"type":"Point","coordinates":[126.873971,37.549116]}},{"type":"Feature","properties":{"id":"A13186905","name":"라이프미성","district":"중랑구","neighborhood":"신내동","avgPrice":2.62,"households":870,"buildingCount":17,"rank":2870},"geometry":{"type":"Point","coordinates":[127.099028,37.602971]}},{"type":"Feature","properties":{"id":"A10027303","name":"목동효성아파트","district":"양천구","neighborhood":"목동","avgPrice":5.7,"households":869,"buildingCount":31,"rank":2871},"geometry":{"type":"Point","coordinates":[126.876671,37.54401]}},{"type":"Feature","properties":{"id":"A10021128","name":"천왕연지마을2단지","district":"구로구","neighborhood":"천왕동","avgPrice":1.91,"households":868,"buildingCount":9,"rank":2872},"geometry":{"type":"Point","coordinates":[126.842457,37.484708]}},{"type":"Feature","properties":{"id":"A10027301","name":"마포한강2차푸르지오","district":"마포구","neighborhood":"합정동","avgPrice":13.54,"households":867,"buildingCount":15,"rank":2873},"geometry":{"type":"Point","coordinates":[126.911558,37.551112]}},{"type":"Feature","properties":{"id":"A10022512","name":"THE STUDIO 163","district":"은평구","neighborhood":"갈현동","avgPrice":1.81,"households":866,"buildingCount":7,"rank":2874},"geometry":{"type":"Point","coordinates":[126.919069,37.617818]}},{"type":"Feature","properties":{"id":"A13285305","name":"방학거성학마을","district":"도봉구","neighborhood":"방학동","avgPrice":3.4,"households":864,"buildingCount":20,"rank":2875},"geometry":{"type":"Point","coordinates":[127.039631,37.666513]}},{"type":"Feature","properties":{"id":"A15807005","name":"신정도시마을","district":"양천구","neighborhood":"신정동","avgPrice":2.26,"households":863,"buildingCount":25,"rank":2876},"geometry":{"type":"Point","coordinates":[126.843429,37.511515]}},{"type":"Feature","properties":{"id":"A10021122","name":"올림픽파크포레온","district":"강동구","neighborhood":"둔촌동","avgPrice":20.56,"households":862,"buildingCount":27,"rank":2877},"geometry":{"type":"Point","coordinates":[127.135682,37.530262]}},{"type":"Feature","properties":{"id":"A15807004","name":"신정이펜하우스4단지","district":"양천구","neighborhood":"신정동","avgPrice":4.55,"households":862,"buildingCount":13,"rank":2878},"geometry":{"type":"Point","coordinates":[126.830002,37.510927]}},{"type":"Feature","properties":{"id":"A13509015","name":"동일파크스위트","district":"강남구","neighborhood":"삼성동","avgPrice":19.59,"households":861,"buildingCount":13,"rank":2879},"geometry":{"type":"Point","coordinates":[127.065713,37.516213]}},{"type":"Feature","properties":{"id":"A14077401","name":"점보","district":"용산구","neighborhood":"이촌동","avgPrice":16.79,"households":861,"buildingCount":4,"rank":2880},"geometry":{"type":"Point","coordinates":[126.978708,37.518029]}},{"type":"Feature","properties":{"id":"A15807003","name":"신정이펜하우스5단지","district":"양천구","neighborhood":"신정동","avgPrice":4.74,"households":861,"buildingCount":22,"rank":2881},"geometry":{"type":"Point","coordinates":[126.833338,37.510701]}},{"type":"Feature","properties":{"id":"A13509014","name":"래미안삼성1차103단지","district":"강남구","neighborhood":"삼성동","avgPrice":16.15,"households":860,"buildingCount":20,"rank":2882},"geometry":{"type":"Point","coordinates":[127.054666,37.538845]}},{"type":"Feature","properties":{"id":"A15807002","name":"신트리1단지","district":"양천구","neighborhood":"신정동","avgPrice":4.46,"households":860,"buildingCount":21,"rank":2883},"geometry":{"type":"Point","coordinates":[126.854317,37.513948]}},{"type":"Feature","properties":{"id":"A13509013","name":"래미안삼성1차(105)","district":"강남구","neighborhood":"삼성동","avgPrice":21.52,"households":859,"buildingCount":31,"rank":2884},"geometry":{"type":"Point","coordinates":[127.063742,37.51645]}},{"type":"Feature","properties":{"id":"A15807001","name":"경남아너스빌","district":"양천구","neighborhood":"신정동","avgPrice":8.71,"households":859,"buildingCount":15,"rank":2885},"geometry":{"type":"Point","coordinates":[126.871722,37.517434]}},{"type":"Feature","properties":{"id":"A13380303","name":"래미안하이리버제2임대","district":"성동구","neighborhood":"금호동2가","avgPrice":18,"households":858,"buildingCount":18,"rank":2886},"geometry":{"type":"Point","coordinates":[127.018936,37.554635]}},{"type":"Feature","properties":{"id":"A13509012","name":"삼성힐스테이트1단지","district":"강남구","neighborhood":"삼성동","avgPrice":16.85,"households":858,"buildingCount":10,"rank":2887},"geometry":{"type":"Point","coordinates":[127.048444,37.516307]}},{"type":"Feature","properties":{"id":"A13380302","name":"래미안하이리버","district":"성동구","neighborhood":"금호동2가","avgPrice":13.09,"households":857,"buildingCount":16,"rank":2888},"geometry":{"type":"Point","coordinates":[127.024508,37.551333]}},{"type":"Feature","properties":{"id":"A13509010","name":"삼성롯데캐슬프레미어","district":"강남구","neighborhood":"삼성동","avgPrice":26.34,"households":856,"buildingCount":18,"rank":2889},"geometry":{"type":"Point","coordinates":[127.045156,37.515234]}},{"type":"Feature","properties":{"id":"A13380301","name":"금호센트럴자이","district":"성동구","neighborhood":"금호동2가","avgPrice":11.83,"households":856,"buildingCount":16,"rank":2890},"geometry":{"type":"Point","coordinates":[127.045616,37.576055]}},{"type":"Feature","properties":{"id":"A14209001","name":"우이대우","district":"강북구","neighborhood":"우이동","avgPrice":3.59,"households":854,"buildingCount":28,"rank":2891},"geometry":{"type":"Point","coordinates":[127.011111,37.655427]}},{"type":"Feature","properties":{"id":"A10025858","name":"항동하버라인8단지","district":"구로구","neighborhood":"항동","avgPrice":2.73,"households":852,"buildingCount":8,"rank":2892},"geometry":{"type":"Point","coordinates":[126.817855,37.474949]}},{"type":"Feature","properties":{"id":"A10025855","name":"e편한세상화랑대아파트","district":"중랑구","neighborhood":"묵동","avgPrice":0.66,"households":849,"buildingCount":23,"rank":2893},"geometry":{"type":"Point","coordinates":[127.078356,37.611424]}},{"type":"Feature","properties":{"id":"A10024468","name":"강동리버스트4단지","district":"강동구","neighborhood":"강일동","avgPrice":4.8,"households":848,"buildingCount":24,"rank":2894},"geometry":{"type":"Point","coordinates":[127.172407,37.572911]}},{"type":"Feature","properties":{"id":"A10023079","name":"DMC파인시티자이","district":"은평구","neighborhood":"수색동","avgPrice":7.48,"households":845,"buildingCount":22,"rank":2895},"geometry":{"type":"Point","coordinates":[126.955896,37.60333]}},{"type":"Feature","properties":{"id":"A10025850","name":"헬리오시티아파트","district":"송파구","neighborhood":"가락동","avgPrice":18.34,"households":844,"buildingCount":4,"rank":2896},"geometry":{"type":"Point","coordinates":[127.107103,37.49742]}},{"type":"Feature","properties":{"id":"A10024464","name":"지웰홈스 왕십리","district":"성동구","neighborhood":"행당동","avgPrice":2.27,"households":844,"buildingCount":24,"rank":2897},"geometry":{"type":"Point","coordinates":[127.037619,37.56325]}},{"type":"Feature","properties":{"id":"A10024463","name":"방학지음재힐스","district":"도봉구","neighborhood":"방학동","avgPrice":0.8,"households":843,"buildingCount":24,"rank":2898},"geometry":{"type":"Point","coordinates":[127.044821,37.667286]}},{"type":"Feature","properties":{"id":"A10023076","name":"DMC SKVIEW 아이파크포레","district":"은평구","neighborhood":"수색동","avgPrice":12.9,"households":842,"buildingCount":5,"rank":2899},"geometry":{"type":"Point","coordinates":[126.90416,37.60369]}},{"type":"Feature","properties":{"id":"A10023075","name":"지와인 아파트","district":"강서구","neighborhood":"등촌동","avgPrice":6.1,"households":841,"buildingCount":8,"rank":2900},"geometry":{"type":"Point","coordinates":[126.866497,37.553915]}},{"type":"Feature","properties":{"id":"A15786213","name":"염창무학","district":"강서구","neighborhood":"염창동","avgPrice":5.63,"households":840,"buildingCount":6,"rank":2901},"geometry":{"type":"Point","coordinates":[126.876644,37.551436]}},{"type":"Feature","properties":{"id":"A10022507","name":"다울숲아파트","district":"구로구","neighborhood":"구로동","avgPrice":4.4,"households":840,"buildingCount":6,"rank":2902},"geometry":{"type":"Point","coordinates":[126.888571,37.492264]}},{"type":"Feature","properties":{"id":"A13185508","name":"브라운스톤태릉","district":"중랑구","neighborhood":"묵동","avgPrice":5.18,"households":838,"buildingCount":25,"rank":2903},"geometry":{"type":"Point","coordinates":[127.082341,37.61872]}},{"type":"Feature","properties":{"id":"A10021119","name":"신길동대성유니드아파트","district":"영등포구","neighborhood":"신길동","avgPrice":4.32,"households":838,"buildingCount":10,"rank":2904},"geometry":{"type":"Point","coordinates":[126.903034,37.501684]}},{"type":"Feature","properties":{"id":"A13776510","name":"반포힐스테이트","district":"서초구","neighborhood":"반포동","avgPrice":32.4,"households":837,"buildingCount":8,"rank":2905},"geometry":{"type":"Point","coordinates":[127.011419,37.499812]}},{"type":"Feature","properties":{"id":"A10022504","name":"에피소드용산241","district":"용산구","neighborhood":"한강로3가","avgPrice":6.26,"households":837,"buildingCount":8,"rank":2906},"geometry":{"type":"Point","coordinates":[126.963108,37.524837]}},{"type":"Feature","properties":{"id":"A13185507","name":"묵동신안1차","district":"중랑구","neighborhood":"묵동","avgPrice":4.18,"households":837,"buildingCount":7,"rank":2907},"geometry":{"type":"Point","coordinates":[127.08118,37.612886]}},{"type":"Feature","properties":{"id":"A15383702","name":"시흥삼익","district":"금천구","neighborhood":"시흥동","avgPrice":3.37,"households":836,"buildingCount":14,"rank":2908},"geometry":{"type":"Point","coordinates":[126.909521,37.463373]}},{"type":"Feature","properties":{"id":"A10023070","name":"잠실 센트럴파크","district":"송파구","neighborhood":"잠실동","avgPrice":3.04,"households":836,"buildingCount":8,"rank":2909},"geometry":{"type":"Point","coordinates":[127.083445,37.510625]}},{"type":"Feature","properties":{"id":"A15076702","name":"영등포아트자이","district":"영등포구","neighborhood":"도림동","avgPrice":8.41,"households":835,"buildingCount":16,"rank":2910},"geometry":{"type":"Point","coordinates":[126.900104,37.510208]}},{"type":"Feature","properties":{"id":"A13509009","name":"아이파크삼성동","district":"강남구","neighborhood":"삼성동","avgPrice":22.15,"households":834,"buildingCount":24,"rank":2911},"geometry":{"type":"Point","coordinates":[127.059339,37.518289]}},{"type":"Feature","properties":{"id":"A15076701","name":"도림한라","district":"영등포구","neighborhood":"도림동","avgPrice":4.51,"households":834,"buildingCount":16,"rank":2912},"geometry":{"type":"Point","coordinates":[126.897386,37.507567]}},{"type":"Feature","properties":{"id":"A13509007","name":"삼성롯데","district":"강남구","neighborhood":"삼성동","avgPrice":19.75,"households":832,"buildingCount":6,"rank":2913},"geometry":{"type":"Point","coordinates":[127.047793,37.512807]}},{"type":"Feature","properties":{"id":"A13185502","name":"묵동신안2차","district":"중랑구","neighborhood":"묵동","avgPrice":4.02,"households":832,"buildingCount":10,"rank":2914},"geometry":{"type":"Point","coordinates":[127.080042,37.614129]}},{"type":"Feature","properties":{"id":"A13509006","name":"삼성서광","district":"강남구","neighborhood":"삼성동","avgPrice":16.14,"households":831,"buildingCount":26,"rank":2915},"geometry":{"type":"Point","coordinates":[127.043305,37.517111]}},{"type":"Feature","properties":{"id":"A13816005","name":"송파롯데캐슬파인힐","district":"송파구","neighborhood":"가락동","avgPrice":10.16,"households":831,"buildingCount":24,"rank":2916},"geometry":{"type":"Point","coordinates":[127.121392,37.494352]}},{"type":"Feature","properties":{"id":"A13185501","name":"묵동세방","district":"중랑구","neighborhood":"묵동","avgPrice":3.49,"households":831,"buildingCount":13,"rank":2917},"geometry":{"type":"Point","coordinates":[127.08369,37.615441]}},{"type":"Feature","properties":{"id":"A13509005","name":"삼성래미안2차","district":"강남구","neighborhood":"삼성동","avgPrice":17.9,"households":830,"buildingCount":13,"rank":2918},"geometry":{"type":"Point","coordinates":[127.043181,37.516538]}},{"type":"Feature","properties":{"id":"A12181406","name":"도화현대1차아파트","district":"마포구","neighborhood":"도화동","avgPrice":10.85,"households":830,"buildingCount":21,"rank":2919},"geometry":{"type":"Point","coordinates":[126.954678,37.541213]}},{"type":"Feature","properties":{"id":"A13509004","name":"삼성한솔","district":"강남구","neighborhood":"삼성동","avgPrice":17.85,"households":829,"buildingCount":25,"rank":2920},"geometry":{"type":"Point","coordinates":[127.045828,37.517557]}},{"type":"Feature","properties":{"id":"A13509003","name":"삼성풍림아파트1차","district":"강남구","neighborhood":"삼성동","avgPrice":19.35,"households":828,"buildingCount":27,"rank":2921},"geometry":{"type":"Point","coordinates":[127.024274,37.50289]}},{"type":"Feature","properties":{"id":"A13816002","name":"가락동부센트레빌","district":"송파구","neighborhood":"가락동","avgPrice":12.7,"households":828,"buildingCount":20,"rank":2922},"geometry":{"type":"Point","coordinates":[127.11645,37.497838]}},{"type":"Feature","properties":{"id":"A12181404","name":"도화현대홈타운","district":"마포구","neighborhood":"도화동","avgPrice":9.1,"households":828,"buildingCount":4,"rank":2923},"geometry":{"type":"Point","coordinates":[126.951896,37.537955]}},{"type":"Feature","properties":{"id":"A13816001","name":"가락현대5차","district":"송파구","neighborhood":"가락동","avgPrice":8.21,"households":827,"buildingCount":16,"rank":2924},"geometry":{"type":"Point","coordinates":[127.126333,37.498722]}},{"type":"Feature","properties":{"id":"A12181403","name":"도화현대2차아파트(임대)","district":"마포구","neighborhood":"도화동","avgPrice":5.05,"households":827,"buildingCount":27,"rank":2925},"geometry":{"type":"Point","coordinates":[126.890938,37.569585]}},{"type":"Feature","properties":{"id":"A13509001","name":"삼성현대","district":"강남구","neighborhood":"삼성동","avgPrice":21.99,"households":826,"buildingCount":17,"rank":2926},"geometry":{"type":"Point","coordinates":[127.051785,37.517278]}},{"type":"Feature","properties":{"id":"A10025846","name":"래미안베라힐즈","district":"은평구","neighborhood":"녹번동","avgPrice":7.24,"households":819,"buildingCount":12,"rank":2927},"geometry":{"type":"Point","coordinates":[126.936397,37.604054]}},{"type":"Feature","properties":{"id":"A10024457","name":"논현두산2차아파트","district":"강남구","neighborhood":"논현동","avgPrice":22.8,"households":816,"buildingCount":18,"rank":2928},"geometry":{"type":"Point","coordinates":[127.062206,37.514905]}},{"type":"Feature","properties":{"id":"A13776509","name":"래미안퍼스티지","district":"서초구","neighborhood":"반포동","avgPrice":41.75,"households":815,"buildingCount":16,"rank":2929},"geometry":{"type":"Point","coordinates":[126.998479,37.502886]}},{"type":"Feature","properties":{"id":"A13776508","name":"반포푸르지오","district":"서초구","neighborhood":"반포동","avgPrice":19,"households":814,"buildingCount":8,"rank":2930},"geometry":{"type":"Point","coordinates":[126.996491,37.503869]}},{"type":"Feature","properties":{"id":"A12101001","name":"서서울삼성아파트","district":"마포구","neighborhood":"아현동","avgPrice":6.23,"households":813,"buildingCount":19,"rank":2931},"geometry":{"type":"Point","coordinates":[126.95911,37.556437]}},{"type":"Feature","properties":{"id":"A13983713","name":"두산아파트","district":"노원구","neighborhood":"상계동","avgPrice":3.3,"households":812,"buildingCount":20,"rank":2932},"geometry":{"type":"Point","coordinates":[127.05318,37.677333]}},{"type":"Feature","properties":{"id":"A13983712","name":"상계3차현대아파트","district":"노원구","neighborhood":"상계동","avgPrice":10.7,"households":811,"buildingCount":12,"rank":2933},"geometry":{"type":"Point","coordinates":[127.053005,37.671658]}},{"type":"Feature","properties":{"id":"A15283902","name":"신구로현대","district":"구로구","neighborhood":"구로동","avgPrice":14.75,"households":807,"buildingCount":20,"rank":2934},"geometry":{"type":"Point","coordinates":[126.893115,37.496139]}},{"type":"Feature","properties":{"id":"A10023060","name":"노원롯데캐슬시그니처2단지","district":"노원구","neighborhood":"상계동","avgPrice":9.45,"households":805,"buildingCount":29,"rank":2935},"geometry":{"type":"Point","coordinates":[127.06246,37.665211]}},{"type":"Feature","properties":{"id":"A13184107","name":"면목두산4,5단지","district":"중랑구","neighborhood":"면목동","avgPrice":4.92,"households":802,"buildingCount":28,"rank":2936},"geometry":{"type":"Point","coordinates":[127.082263,37.578847]}},{"type":"Feature","properties":{"id":"A15382301","name":"독산신도브래뉴","district":"금천구","neighborhood":"독산동","avgPrice":4.34,"households":800,"buildingCount":29,"rank":2937},"geometry":{"type":"Point","coordinates":[126.900253,37.477011]}},{"type":"Feature","properties":{"id":"A13811206","name":"거여1단지","district":"송파구","neighborhood":"거여동","avgPrice":5.26,"households":799,"buildingCount":29,"rank":2938},"geometry":{"type":"Point","coordinates":[127.144611,37.49094]}},{"type":"Feature","properties":{"id":"A13811205","name":"거여5단지","district":"송파구","neighborhood":"거여동","avgPrice":6.3,"households":798,"buildingCount":9,"rank":2939},"geometry":{"type":"Point","coordinates":[127.145398,37.488984]}},{"type":"Feature","properties":{"id":"A10021100","name":"신대방벽산아파트","district":"동작구","neighborhood":"신대방동","avgPrice":4.71,"households":798,"buildingCount":20,"rank":2940},"geometry":{"type":"Point","coordinates":[126.921751,37.497363]}},{"type":"Feature","properties":{"id":"A12081602","name":"월드컵현대","district":"서대문구","neighborhood":"북가좌동","avgPrice":5.16,"households":797,"buildingCount":21,"rank":2941},"geometry":{"type":"Point","coordinates":[126.904344,37.57623]}},{"type":"Feature","properties":{"id":"A13811204","name":"거여3단지","district":"송파구","neighborhood":"거여동","avgPrice":2.89,"households":797,"buildingCount":19,"rank":2942},"geometry":{"type":"Point","coordinates":[127.147491,37.489839]}},{"type":"Feature","properties":{"id":"A13811203","name":"거여4단지","district":"송파구","neighborhood":"거여동","avgPrice":5.47,"households":796,"buildingCount":28,"rank":2943},"geometry":{"type":"Point","coordinates":[127.143867,37.489224]}},{"type":"Feature","properties":{"id":"A13811202","name":"동아효성아파트(거여2단지)","district":"송파구","neighborhood":"거여동","avgPrice":22.7,"households":795,"buildingCount":19,"rank":2944},"geometry":{"type":"Point","coordinates":[127.117442,37.509145]}},{"type":"Feature","properties":{"id":"A13312303","name":"성수아이파크","district":"성동구","neighborhood":"성수동2가","avgPrice":15.3,"households":793,"buildingCount":23,"rank":2945},"geometry":{"type":"Point","coordinates":[127.056604,37.547421]}},{"type":"Feature","properties":{"id":"A13312302","name":"성수롯데캐슬","district":"성동구","neighborhood":"성수동2가","avgPrice":14.75,"households":792,"buildingCount":12,"rank":2946},"geometry":{"type":"Point","coordinates":[127.056036,37.54609]}},{"type":"Feature","properties":{"id":"A13120403","name":"면목경남아너스빌","district":"중랑구","neighborhood":"면목동","avgPrice":4.88,"households":791,"buildingCount":16,"rank":2947},"geometry":{"type":"Point","coordinates":[127.080456,37.57541]}},{"type":"Feature","properties":{"id":"A10025836","name":"힐스테이트녹번","district":"은평구","neighborhood":"녹번동","avgPrice":7.03,"households":788,"buildingCount":31,"rank":2948},"geometry":{"type":"Point","coordinates":[126.936662,37.601786]}},{"type":"Feature","properties":{"id":"A13983709","name":"상계현대2차","district":"노원구","neighborhood":"상계동","avgPrice":3.37,"households":787,"buildingCount":17,"rank":2949},"geometry":{"type":"Point","coordinates":[127.050315,37.672383]}},{"type":"Feature","properties":{"id":"A13983707","name":"상계현대1차","district":"노원구","neighborhood":"상계동","avgPrice":16.6,"households":785,"buildingCount":14,"rank":2950},"geometry":{"type":"Point","coordinates":[127.053001,37.6732]}},{"type":"Feature","properties":{"id":"A10023059","name":"더샵파크솔레이유아파트","district":"강동구","neighborhood":"둔촌동","avgPrice":8.71,"households":783,"buildingCount":15,"rank":2951},"geometry":{"type":"Point","coordinates":[127.144871,37.529833]}},{"type":"Feature","properties":{"id":"A13676704","name":"정릉풍림아이원임대","district":"성북구","neighborhood":"정릉동","avgPrice":14,"households":781,"buildingCount":17,"rank":2952},"geometry":{"type":"Point","coordinates":[127.023892,37.583685]}},{"type":"Feature","properties":{"id":"A10024443","name":"쌍용더플래티넘용마산","district":"중랑구","neighborhood":"면목동","avgPrice":6.27,"households":781,"buildingCount":13,"rank":2953},"geometry":{"type":"Point","coordinates":[127.085315,37.572496]}},{"type":"Feature","properties":{"id":"A13676703","name":"정릉1차e-편한세상","district":"성북구","neighborhood":"정릉동","avgPrice":10.15,"households":780,"buildingCount":24,"rank":2954},"geometry":{"type":"Point","coordinates":[127.010203,37.615196]}},{"type":"Feature","properties":{"id":"A10023056","name":"증산중앙하이츠아파트","district":"은평구","neighborhood":"증산동","avgPrice":4.94,"households":780,"buildingCount":15,"rank":2955},"geometry":{"type":"Point","coordinates":[126.908355,37.58312]}},{"type":"Feature","properties":{"id":"A12078707","name":"홍제원현대임대","district":"서대문구","neighborhood":"홍제동","avgPrice":12.4,"households":779,"buildingCount":21,"rank":2956},"geometry":{"type":"Point","coordinates":[126.951126,37.572575]}},{"type":"Feature","properties":{"id":"A13676702","name":"정릉대우","district":"성북구","neighborhood":"정릉동","avgPrice":2.9,"households":779,"buildingCount":28,"rank":2957},"geometry":{"type":"Point","coordinates":[127.003395,37.617985]}},{"type":"Feature","properties":{"id":"A10024440","name":"강동리버스트 8단지","district":"강동구","neighborhood":"강일동","avgPrice":4.99,"households":778,"buildingCount":4,"rank":2958},"geometry":{"type":"Point","coordinates":[127.176246,37.571532]}},{"type":"Feature","properties":{"id":"A12078706","name":"홍제청구3차","district":"서대문구","neighborhood":"홍제동","avgPrice":4.77,"households":778,"buildingCount":15,"rank":2959},"geometry":{"type":"Point","coordinates":[126.952893,37.580397]}},{"type":"Feature","properties":{"id":"A12078705","name":"홍제인왕산현대","district":"서대문구","neighborhood":"홍제동","avgPrice":13.1,"households":777,"buildingCount":4,"rank":2960},"geometry":{"type":"Point","coordinates":[126.949096,37.55948]}},{"type":"Feature","properties":{"id":"A12078704","name":"홍제원 현대","district":"서대문구","neighborhood":"홍제동","avgPrice":5.89,"households":776,"buildingCount":27,"rank":2961},"geometry":{"type":"Point","coordinates":[126.949556,37.587802]}},{"type":"Feature","properties":{"id":"A14375303","name":"현대홈타운12차","district":"광진구","neighborhood":"광장동","avgPrice":17.4,"households":773,"buildingCount":31,"rank":2962},"geometry":{"type":"Point","coordinates":[127.103093,37.544947]}},{"type":"Feature","properties":{"id":"A13775102","name":"서초삼성쉐르빌2","district":"서초구","neighborhood":"서초동","avgPrice":13.3,"households":773,"buildingCount":19,"rank":2963},"geometry":{"type":"Point","coordinates":[127.016574,37.495501]}},{"type":"Feature","properties":{"id":"A15606007","name":"래미안트윈파크","district":"동작구","neighborhood":"본동","avgPrice":13.22,"households":772,"buildingCount":24,"rank":2964},"geometry":{"type":"Point","coordinates":[126.950737,37.514202]}},{"type":"Feature","properties":{"id":"A14375302","name":"워커힐푸르지오","district":"광진구","neighborhood":"광장동","avgPrice":7.84,"households":772,"buildingCount":12,"rank":2965},"geometry":{"type":"Point","coordinates":[127.108884,37.54966]}},{"type":"Feature","properties":{"id":"A14375301","name":"광장힐스테이트","district":"광진구","neighborhood":"광장동","avgPrice":17.09,"households":771,"buildingCount":16,"rank":2966},"geometry":{"type":"Point","coordinates":[127.099678,37.543175]}},{"type":"Feature","properties":{"id":"A15606006","name":"본동한신휴플러스제2","district":"동작구","neighborhood":"본동","avgPrice":14.45,"households":771,"buildingCount":31,"rank":2967},"geometry":{"type":"Point","coordinates":[126.93553,37.524505]}},{"type":"Feature","properties":{"id":"A13309404","name":"금호대우","district":"성동구","neighborhood":"금호동4가","avgPrice":11.08,"households":771,"buildingCount":12,"rank":2968},"geometry":{"type":"Point","coordinates":[127.019655,37.54598]}},{"type":"Feature","properties":{"id":"A15606005","name":"한강쌍용","district":"동작구","neighborhood":"본동","avgPrice":8.26,"households":770,"buildingCount":17,"rank":2969},"geometry":{"type":"Point","coordinates":[126.953081,37.512265]}},{"type":"Feature","properties":{"id":"A13309402","name":"금호동롯데아파트","district":"성동구","neighborhood":"금호동4가","avgPrice":9.56,"households":769,"buildingCount":6,"rank":2970},"geometry":{"type":"Point","coordinates":[127.017429,37.547058]}},{"type":"Feature","properties":{"id":"A15606004","name":"본동신동아","district":"동작구","neighborhood":"본동","avgPrice":7.39,"households":769,"buildingCount":6,"rank":2971},"geometry":{"type":"Point","coordinates":[126.951685,37.509812]}},{"type":"Feature","properties":{"id":"A15606003","name":"본동삼성래미안아파트","district":"동작구","neighborhood":"본동","avgPrice":9.37,"households":768,"buildingCount":26,"rank":2972},"geometry":{"type":"Point","coordinates":[126.950117,37.509988]}},{"type":"Feature","properties":{"id":"A15701007","name":"강서힐스테이트아파트","district":"강서구","neighborhood":"화곡동","avgPrice":9.31,"households":768,"buildingCount":11,"rank":2973},"geometry":{"type":"Point","coordinates":[126.840034,37.546634]}},{"type":"Feature","properties":{"id":"A15606002","name":"유원강변","district":"동작구","neighborhood":"본동","avgPrice":9.66,"households":767,"buildingCount":19,"rank":2974},"geometry":{"type":"Point","coordinates":[126.950722,37.515068]}},{"type":"Feature","properties":{"id":"A15701006","name":"명지해드는터","district":"강서구","neighborhood":"화곡동","avgPrice":3.25,"households":767,"buildingCount":23,"rank":2975},"geometry":{"type":"Point","coordinates":[126.856503,37.536998]}},{"type":"Feature","properties":{"id":"A15606001","name":"경동윈츠리버","district":"동작구","neighborhood":"본동","avgPrice":7.16,"households":766,"buildingCount":12,"rank":2976},"geometry":{"type":"Point","coordinates":[126.95448,37.509792]}},{"type":"Feature","properties":{"id":"A15701005","name":"우장산휴먼빌","district":"강서구","neighborhood":"화곡동","avgPrice":3.6,"households":766,"buildingCount":13,"rank":2977},"geometry":{"type":"Point","coordinates":[126.843734,37.547622]}},{"type":"Feature","properties":{"id":"A15701004","name":"우장산한화꿈에그린","district":"강서구","neighborhood":"화곡동","avgPrice":5.59,"households":765,"buildingCount":27,"rank":2978},"geometry":{"type":"Point","coordinates":[126.847391,37.553912]}},{"type":"Feature","properties":{"id":"A15701003","name":"우장산아이파크이편한세상","district":"강서구","neighborhood":"화곡동","avgPrice":11.65,"households":764,"buildingCount":22,"rank":2979},"geometry":{"type":"Point","coordinates":[126.837117,37.547856]}},{"type":"Feature","properties":{"id":"A10026399","name":"강변아이파크아파트","district":"광진구","neighborhood":"자양동","avgPrice":12.25,"households":763,"buildingCount":5,"rank":2980},"geometry":{"type":"Point","coordinates":[127.069669,37.531293]}},{"type":"Feature","properties":{"id":"A15701002","name":"우장산에스케이뷰","district":"강서구","neighborhood":"화곡동","avgPrice":5.43,"households":763,"buildingCount":13,"rank":2981},"geometry":{"type":"Point","coordinates":[126.842982,37.547875]}},{"type":"Feature","properties":{"id":"A10022996","name":"천호역 효성해링턴타워","district":"강동구","neighborhood":"성내동","avgPrice":2.69,"households":762,"buildingCount":23,"rank":2982},"geometry":{"type":"Point","coordinates":[127.137106,37.532095]}},{"type":"Feature","properties":{"id":"A10022995","name":"문정동현대2차아파트","district":"송파구","neighborhood":"문정동","avgPrice":5.22,"households":761,"buildingCount":26,"rank":2983},"geometry":{"type":"Point","coordinates":[127.12456,37.483655]}},{"type":"Feature","properties":{"id":"A15010203","name":"양평벽산","district":"영등포구","neighborhood":"양평동2가","avgPrice":4.79,"households":759,"buildingCount":7,"rank":2984},"geometry":{"type":"Point","coordinates":[126.882848,37.522302]}},{"type":"Feature","properties":{"id":"A15010202","name":"양평삼성래미안","district":"영등포구","neighborhood":"양평동2가","avgPrice":6.15,"households":758,"buildingCount":7,"rank":2985},"geometry":{"type":"Point","coordinates":[126.882457,37.524416]}},{"type":"Feature","properties":{"id":"A15010201","name":"양평상록수","district":"영등포구","neighborhood":"양평동2가","avgPrice":2.82,"households":757,"buildingCount":16,"rank":2986},"geometry":{"type":"Point","coordinates":[126.885638,37.523968]}},{"type":"Feature","properties":{"id":"A10025823","name":"래미안개포루체하임","district":"강남구","neighborhood":"일원동","avgPrice":23.13,"households":754,"buildingCount":12,"rank":2987},"geometry":{"type":"Point","coordinates":[127.079882,37.489386]}},{"type":"Feature","properties":{"id":"A10025822","name":"연희파크푸르지오 아파트","district":"서대문구","neighborhood":"연희동","avgPrice":6.35,"households":753,"buildingCount":12,"rank":2988},"geometry":{"type":"Point","coordinates":[126.933158,37.5738]}},{"type":"Feature","properties":{"id":"A10024436","name":"센터스퀘어등촌","district":"강서구","neighborhood":"염창동","avgPrice":2.22,"households":753,"buildingCount":11,"rank":2989},"geometry":{"type":"Point","coordinates":[126.86637,37.550724]}},{"type":"Feature","properties":{"id":"A10023049","name":"코네스트","district":"서초구","neighborhood":"서초동","avgPrice":14.35,"households":752,"buildingCount":28,"rank":2990},"geometry":{"type":"Point","coordinates":[127.019696,37.495127]}},{"type":"Feature","properties":{"id":"A10024435","name":"삼성동대성유니드","district":"강남구","neighborhood":"삼성동","avgPrice":10.6,"households":752,"buildingCount":19,"rank":2991},"geometry":{"type":"Point","coordinates":[127.05405,37.508516]}},{"type":"Feature","properties":{"id":"A10024434","name":"상록수아파트","district":"노원구","neighborhood":"상계동","avgPrice":2.71,"households":751,"buildingCount":24,"rank":2992},"geometry":{"type":"Point","coordinates":[127.051485,37.677093]}},{"type":"Feature","properties":{"id":"A10023046","name":"암사중앙하이츠아파트","district":"강동구","neighborhood":"암사동","avgPrice":3.44,"households":749,"buildingCount":24,"rank":2993},"geometry":{"type":"Point","coordinates":[127.132549,37.552398]}},{"type":"Feature","properties":{"id":"A13887302","name":"풍납동아한가람","district":"송파구","neighborhood":"풍납동","avgPrice":1.4,"households":749,"buildingCount":25,"rank":2994},"geometry":{"type":"Point","coordinates":[127.119693,37.530554]}},{"type":"Feature","properties":{"id":"A13887301","name":"풍납신성노바빌","district":"송파구","neighborhood":"풍납동","avgPrice":6.62,"households":748,"buildingCount":7,"rank":2995},"geometry":{"type":"Point","coordinates":[127.116597,37.538656]}},{"type":"Feature","properties":{"id":"A10023043","name":"래미안원베일리","district":"서초구","neighborhood":"반포동","avgPrice":47.38,"households":746,"buildingCount":8,"rank":2996},"geometry":{"type":"Point","coordinates":[126.997969,37.507061]}},{"type":"Feature","properties":{"id":"A13982301","name":"상계주공11단지","district":"노원구","neighborhood":"상계동","avgPrice":3.62,"households":744,"buildingCount":8,"rank":2997},"geometry":{"type":"Point","coordinates":[127.054911,37.665689]}},{"type":"Feature","properties":{"id":"A15780002","name":"가양우성","district":"강서구","neighborhood":"가양동","avgPrice":6.2,"households":740,"buildingCount":14,"rank":2998},"geometry":{"type":"Point","coordinates":[126.854186,37.562265]}},{"type":"Feature","properties":{"id":"A13308005","name":"응봉대림1차","district":"성동구","neighborhood":"응봉동","avgPrice":11.39,"households":737,"buildingCount":23,"rank":2999},"geometry":{"type":"Point","coordinates":[127.03311,37.552093]}},{"type":"Feature","properties":{"id":"A13922003","name":"중계한화꿈에그린더퍼스트","district":"노원구","neighborhood":"중계동","avgPrice":5.15,"households":737,"buildingCount":27,"rank":3000},"geometry":{"type":"Point","coordinates":[127.083351,37.64748]}},{"type":"Feature","properties":{"id":"A13308004","name":"응봉금호현대","district":"성동구","neighborhood":"응봉동","avgPrice":9.03,"households":736,"buildingCount":28,"rank":3001},"geometry":{"type":"Point","coordinates":[127.030991,37.551182]}},{"type":"Feature","properties":{"id":"A13922002","name":"중계진로유통조합아파트(중계진로대림아파트)","district":"노원구","neighborhood":"중계동","avgPrice":5.9,"households":736,"buildingCount":17,"rank":3002},"geometry":{"type":"Point","coordinates":[127.081054,37.64965]}},{"type":"Feature","properties":{"id":"A13615003","name":"석관두산","district":"성북구","neighborhood":"석관동","avgPrice":5.18,"households":736,"buildingCount":11,"rank":3003},"geometry":{"type":"Point","coordinates":[127.06891,37.612571]}},{"type":"Feature","properties":{"id":"A13615002","name":"석관코오롱","district":"성북구","neighborhood":"석관동","avgPrice":4.28,"households":735,"buildingCount":10,"rank":3004},"geometry":{"type":"Point","coordinates":[127.06575,37.606259]}},{"type":"Feature","properties":{"id":"A13922001","name":"중계청암3단지","district":"노원구","neighborhood":"중계동","avgPrice":3.85,"households":735,"buildingCount":5,"rank":3005},"geometry":{"type":"Point","coordinates":[127.079089,37.660516]}},{"type":"Feature","properties":{"id":"A15601202","name":"신대방한성","district":"동작구","neighborhood":"신대방동","avgPrice":7.25,"households":734,"buildingCount":6,"rank":3006},"geometry":{"type":"Point","coordinates":[126.915152,37.495581]}},{"type":"Feature","properties":{"id":"A15601201","name":"신대방신동아","district":"동작구","neighborhood":"신대방동","avgPrice":14.65,"households":733,"buildingCount":22,"rank":3007},"geometry":{"type":"Point","coordinates":[126.924053,37.496615]}},{"type":"Feature","properties":{"id":"A13403005","name":"성내동신일유토빌","district":"강동구","neighborhood":"성내동","avgPrice":4.5,"households":733,"buildingCount":30,"rank":3008},"geometry":{"type":"Point","coordinates":[127.133441,37.523008]}},{"type":"Feature","properties":{"id":"A13403004","name":"LIG건영강동리가","district":"강동구","neighborhood":"성내동","avgPrice":13.75,"households":732,"buildingCount":27,"rank":3009},"geometry":{"type":"Point","coordinates":[127.147,37.53937]}},{"type":"Feature","properties":{"id":"A10027775","name":"신내의료안심주택","district":"중랑구","neighborhood":"신내동","avgPrice":13.6,"households":732,"buildingCount":13,"rank":3010},"geometry":{"type":"Point","coordinates":[127.097738,37.61401]}},{"type":"Feature","properties":{"id":"A13403002","name":"성내성안청구","district":"강동구","neighborhood":"성내동","avgPrice":12.9,"households":730,"buildingCount":21,"rank":3011},"geometry":{"type":"Point","coordinates":[127.129426,37.50904]}},{"type":"Feature","properties":{"id":"A12017001","name":"신촌럭키","district":"서대문구","neighborhood":"대현동","avgPrice":7.08,"households":729,"buildingCount":7,"rank":3012},"geometry":{"type":"Point","coordinates":[126.947958,37.559534]}},{"type":"Feature","properties":{"id":"A13403001","name":"성내2차e-편한세상","district":"강동구","neighborhood":"성내동","avgPrice":6.92,"households":729,"buildingCount":22,"rank":3013},"geometry":{"type":"Point","coordinates":[127.126673,37.534327]}},{"type":"Feature","properties":{"id":"A12112002","name":"마포강변힐스테이트","district":"마포구","neighborhood":"현석동","avgPrice":10.53,"households":726,"buildingCount":25,"rank":3014},"geometry":{"type":"Point","coordinates":[126.932801,37.543343]}},{"type":"Feature","properties":{"id":"A10022981","name":"디엠씨센트럴자이주상복합","district":"은평구","neighborhood":"증산동","avgPrice":9.7,"households":726,"buildingCount":21,"rank":3015},"geometry":{"type":"Point","coordinates":[126.90503,37.62466]}},{"type":"Feature","properties":{"id":"A12112001","name":"밤섬현대","district":"마포구","neighborhood":"현석동","avgPrice":6.9,"households":725,"buildingCount":28,"rank":3016},"geometry":{"type":"Point","coordinates":[126.932642,37.542635]}},{"type":"Feature","properties":{"id":"A10024428","name":"북가좌 신일해피트리아파트","district":"서대문구","neighborhood":"북가좌동","avgPrice":4.77,"households":724,"buildingCount":21,"rank":3017},"geometry":{"type":"Point","coordinates":[126.9045,37.57493]}},{"type":"Feature","properties":{"id":"A10024426","name":"마곡엠밸리9단지","district":"강서구","neighborhood":"마곡동","avgPrice":7.89,"households":722,"buildingCount":6,"rank":3018},"geometry":{"type":"Point","coordinates":[126.818866,37.562075]}},{"type":"Feature","properties":{"id":"A10024425","name":"이랜드PEER 신촌 청년주택","district":"마포구","neighborhood":"창전동","avgPrice":2.29,"households":721,"buildingCount":10,"rank":3019},"geometry":{"type":"Point","coordinates":[126.931462,37.549855]}},{"type":"Feature","properties":{"id":"A10024422","name":"강동리버스트6단지","district":"강동구","neighborhood":"강일동","avgPrice":4.27,"households":718,"buildingCount":14,"rank":3020},"geometry":{"type":"Point","coordinates":[127.169778,37.570414]}},{"type":"Feature","properties":{"id":"A10024421","name":"강동 리버스트 7단지 아파트","district":"강동구","neighborhood":"강일동","avgPrice":4.19,"households":717,"buildingCount":7,"rank":3021},"geometry":{"type":"Point","coordinates":[127.17387,37.570639]}},{"type":"Feature","properties":{"id":"A10024420","name":"강동리엔파크11단지","district":"강동구","neighborhood":"상일동","avgPrice":2.02,"households":716,"buildingCount":28,"rank":3022},"geometry":{"type":"Point","coordinates":[127.181085,37.553667]}},{"type":"Feature","properties":{"id":"A15278201","name":"동보","district":"구로구","neighborhood":"오류동","avgPrice":2.4,"households":713,"buildingCount":19,"rank":3023},"geometry":{"type":"Point","coordinates":[126.830278,37.489579]}},{"type":"Feature","properties":{"id":"A13290107","name":"창동주공19단지","district":"도봉구","neighborhood":"창동","avgPrice":5.18,"households":710,"buildingCount":17,"rank":3024},"geometry":{"type":"Point","coordinates":[127.051647,37.649887]}},{"type":"Feature","properties":{"id":"A12284501","name":"삼성타운아파트","district":"은평구","neighborhood":"대조동","avgPrice":3.78,"households":710,"buildingCount":31,"rank":3025},"geometry":{"type":"Point","coordinates":[126.921613,37.608939]}},{"type":"Feature","properties":{"id":"A13290105","name":"창동주공18단지","district":"도봉구","neighborhood":"창동","avgPrice":3.04,"households":708,"buildingCount":8,"rank":3026},"geometry":{"type":"Point","coordinates":[127.052775,37.646872]}},{"type":"Feature","properties":{"id":"A10022979","name":"청계한양아이클래스","district":"동대문구","neighborhood":"용두동","avgPrice":1.04,"households":703,"buildingCount":24,"rank":3027},"geometry":{"type":"Point","coordinates":[127.031381,37.577704]}},{"type":"Feature","properties":{"id":"A13610202","name":"정릉푸르지오","district":"성북구","neighborhood":"정릉동","avgPrice":4.64,"households":702,"buildingCount":24,"rank":3028},"geometry":{"type":"Point","coordinates":[127.009972,37.606222]}},{"type":"Feature","properties":{"id":"A13610201","name":"정릉2차대주피오레","district":"성북구","neighborhood":"정릉동","avgPrice":3.62,"households":701,"buildingCount":18,"rank":3029},"geometry":{"type":"Point","coordinates":[127.008902,37.60184]}},{"type":"Feature","properties":{"id":"A10027764","name":"천왕이펜하우스7단지","district":"구로구","neighborhood":"천왕동","avgPrice":1.58,"households":700,"buildingCount":24,"rank":3030},"geometry":{"type":"Point","coordinates":[126.839642,37.479363]}},{"type":"Feature","properties":{"id":"A12204102","name":"북한산현대홈타운","district":"은평구","neighborhood":"불광동","avgPrice":5.47,"households":699,"buildingCount":11,"rank":3031},"geometry":{"type":"Point","coordinates":[126.930682,37.624452]}},{"type":"Feature","properties":{"id":"A10026376","name":"은평뉴타운 한화꿈에그린","district":"은평구","neighborhood":"진관동","avgPrice":13.75,"households":698,"buildingCount":25,"rank":3032},"geometry":{"type":"Point","coordinates":[126.914878,37.633056]}},{"type":"Feature","properties":{"id":"A12012203","name":"남가좌동현대아파트","district":"서대문구","neighborhood":"남가좌동","avgPrice":5.59,"households":698,"buildingCount":11,"rank":3033},"geometry":{"type":"Point","coordinates":[126.920595,37.574738]}},{"type":"Feature","properties":{"id":"A10022974","name":"준타워","district":"영등포구","neighborhood":"신길동","avgPrice":1.9,"households":698,"buildingCount":24,"rank":3034},"geometry":{"type":"Point","coordinates":[126.916735,37.514924]}},{"type":"Feature","properties":{"id":"A12012202","name":"DMC래미안클라시스(분양)","district":"서대문구","neighborhood":"남가좌동","avgPrice":9.2,"households":697,"buildingCount":30,"rank":3035},"geometry":{"type":"Point","coordinates":[126.920708,37.575366]}},{"type":"Feature","properties":{"id":"A12012201","name":"DMC래미안클라시스","district":"서대문구","neighborhood":"남가좌동","avgPrice":6,"households":696,"buildingCount":10,"rank":3036},"geometry":{"type":"Point","coordinates":[126.91666,37.577899]}},{"type":"Feature","properties":{"id":"A10021586","name":"정은스카이빌 아파트","district":"동대문구","neighborhood":"장안동","avgPrice":4.17,"households":696,"buildingCount":19,"rank":3037},"geometry":{"type":"Point","coordinates":[127.07058,37.567937]}},{"type":"Feature","properties":{"id":"A10020199","name":"파크프라자아파트(성내동)","district":"강동구","neighborhood":"성내동","avgPrice":4.89,"households":695,"buildingCount":7,"rank":3038},"geometry":{"type":"Point","coordinates":[127.13472,37.52694]}},{"type":"Feature","properties":{"id":"A10026370","name":"e편한세상신촌아파트","district":"서대문구","neighborhood":"북아현동","avgPrice":6.7,"households":692,"buildingCount":14,"rank":3039},"geometry":{"type":"Point","coordinates":[126.953921,37.558286]}},{"type":"Feature","properties":{"id":"A10020195","name":"도봉아테라","district":"도봉구","neighborhood":"도봉동","avgPrice":1.51,"households":691,"buildingCount":31,"rank":3040},"geometry":{"type":"Point","coordinates":[127.044109,37.675374]}},{"type":"Feature","properties":{"id":"A10023027","name":"비콘드림힐아파트","district":"노원구","neighborhood":"중계동","avgPrice":3.86,"households":688,"buildingCount":24,"rank":3041},"geometry":{"type":"Point","coordinates":[127.07595,37.65856]}},{"type":"Feature","properties":{"id":"A10024412","name":"강동리엔파크 14단지 아파트","district":"강동구","neighborhood":"상일동","avgPrice":3.43,"households":687,"buildingCount":7,"rank":3042},"geometry":{"type":"Point","coordinates":[127.180765,37.55159]}},{"type":"Feature","properties":{"id":"A10020191","name":"백악관타워","district":"광진구","neighborhood":"중곡동","avgPrice":2.03,"households":687,"buildingCount":28,"rank":3043},"geometry":{"type":"Point","coordinates":[127.090032,37.55402]}},{"type":"Feature","properties":{"id":"A14381516","name":"광장현대파크빌","district":"광진구","neighborhood":"광장동","avgPrice":12.49,"households":686,"buildingCount":12,"rank":3044},"geometry":{"type":"Point","coordinates":[127.101454,37.544039]}},{"type":"Feature","properties":{"id":"A15805504","name":"목동5단지","district":"양천구","neighborhood":"목동","avgPrice":7,"households":685,"buildingCount":9,"rank":3045},"geometry":{"type":"Point","coordinates":[126.881304,37.535805]}},{"type":"Feature","properties":{"id":"A10023024","name":"노원롯데캐슬시그니처1단지","district":"노원구","neighborhood":"상계동","avgPrice":6.27,"households":685,"buildingCount":20,"rank":3046},"geometry":{"type":"Point","coordinates":[127.067724,37.661768]}},{"type":"Feature","properties":{"id":"A10024410","name":"강동리엔파크9단지아파트","district":"강동구","neighborhood":"강일동","avgPrice":3.58,"households":685,"buildingCount":23,"rank":3047},"geometry":{"type":"Point","coordinates":[127.095206,37.534915]}},{"type":"Feature","properties":{"id":"A13594203","name":"푸른마을아파트","district":"강남구","neighborhood":"일원동","avgPrice":15.15,"households":684,"buildingCount":24,"rank":3048},"geometry":{"type":"Point","coordinates":[127.080864,37.483781]}},{"type":"Feature","properties":{"id":"A15805503","name":"목동4단지","district":"양천구","neighborhood":"목동","avgPrice":9.45,"households":684,"buildingCount":28,"rank":3049},"geometry":{"type":"Point","coordinates":[126.875157,37.532118]}},{"type":"Feature","properties":{"id":"A15178401","name":"신림2차현대","district":"관악구","neighborhood":"신림동","avgPrice":4.13,"households":684,"buildingCount":14,"rank":3050},"geometry":{"type":"Point","coordinates":[126.908917,37.484445]}},{"type":"Feature","properties":{"id":"A15805502","name":"목동트윈빌","district":"양천구","neighborhood":"목동","avgPrice":11.85,"households":683,"buildingCount":20,"rank":3051},"geometry":{"type":"Point","coordinates":[126.876757,37.532178]}},{"type":"Feature","properties":{"id":"A14381513","name":"광장청구","district":"광진구","neighborhood":"광장동","avgPrice":10.3,"households":683,"buildingCount":7,"rank":3052},"geometry":{"type":"Point","coordinates":[127.096437,37.542234]}},{"type":"Feature","properties":{"id":"A15805501","name":"목동부영그린타운2차","district":"양천구","neighborhood":"목동","avgPrice":13.25,"households":682,"buildingCount":27,"rank":3053},"geometry":{"type":"Point","coordinates":[126.881126,37.536375]}},{"type":"Feature","properties":{"id":"A13881103","name":"삼환가락","district":"송파구","neighborhood":"가락동","avgPrice":12.77,"households":682,"buildingCount":21,"rank":3054},"geometry":{"type":"Point","coordinates":[127.136702,37.49525]}},{"type":"Feature","properties":{"id":"A14381512","name":"광장현대5단지","district":"광진구","neighborhood":"광장동","avgPrice":12.27,"households":682,"buildingCount":13,"rank":3055},"geometry":{"type":"Point","coordinates":[127.100042,37.539706]}},{"type":"Feature","properties":{"id":"A10023020","name":"삼성동 마에스트로","district":"강남구","neighborhood":"삼성동","avgPrice":3.22,"households":681,"buildingCount":24,"rank":3056},"geometry":{"type":"Point","coordinates":[127.049726,37.506282]}},{"type":"Feature","properties":{"id":"A15081503","name":"대림우성","district":"영등포구","neighborhood":"대림동","avgPrice":12.15,"households":680,"buildingCount":25,"rank":3057},"geometry":{"type":"Point","coordinates":[126.899922,37.495621]}},{"type":"Feature","properties":{"id":"A14381510","name":"광장현대8단지","district":"광진구","neighborhood":"광장동","avgPrice":10.51,"households":680,"buildingCount":12,"rank":3058},"geometry":{"type":"Point","coordinates":[127.099161,37.541827]}},{"type":"Feature","properties":{"id":"A13607302","name":"안암대광","district":"성북구","neighborhood":"안암동3가","avgPrice":1.47,"households":679,"buildingCount":21,"rank":3059},"geometry":{"type":"Point","coordinates":[127.024877,37.582381]}},{"type":"Feature","properties":{"id":"A13607301","name":"안암삼익","district":"성북구","neighborhood":"안암동3가","avgPrice":5.56,"households":678,"buildingCount":21,"rank":3060},"geometry":{"type":"Point","coordinates":[127.02469,37.581529]}},{"type":"Feature","properties":{"id":"A13203408","name":"쌍문금호1차아파트","district":"도봉구","neighborhood":"쌍문동","avgPrice":2.62,"households":678,"buildingCount":30,"rank":3061},"geometry":{"type":"Point","coordinates":[127.033597,37.659036]}},{"type":"Feature","properties":{"id":"A12009305","name":"문화촌현대","district":"서대문구","neighborhood":"홍제동","avgPrice":4.35,"households":677,"buildingCount":4,"rank":3062},"geometry":{"type":"Point","coordinates":[126.949549,37.592065]}},{"type":"Feature","properties":{"id":"A12009304","name":"홍제유원하나","district":"서대문구","neighborhood":"홍제동","avgPrice":10.5,"households":676,"buildingCount":23,"rank":3063},"geometry":{"type":"Point","coordinates":[126.951955,37.59507]}},{"type":"Feature","properties":{"id":"A12009303","name":"홍제현대그린","district":"서대문구","neighborhood":"홍제동","avgPrice":4.06,"households":675,"buildingCount":15,"rank":3064},"geometry":{"type":"Point","coordinates":[126.949685,37.589092]}},{"type":"Feature","properties":{"id":"A12009302","name":"인왕산벽산아파트","district":"서대문구","neighborhood":"홍제동","avgPrice":4.61,"households":674,"buildingCount":18,"rank":3065},"geometry":{"type":"Point","coordinates":[126.948534,37.592565]}},{"type":"Feature","properties":{"id":"A14019001","name":"후암미주","district":"용산구","neighborhood":"후암동","avgPrice":5.76,"households":673,"buildingCount":4,"rank":3066},"geometry":{"type":"Point","coordinates":[126.975676,37.551738]}},{"type":"Feature","properties":{"id":"A13203403","name":"쌍문금호2차","district":"도봉구","neighborhood":"쌍문동","avgPrice":3.05,"households":673,"buildingCount":29,"rank":3067},"geometry":{"type":"Point","coordinates":[127.029349,37.657093]}},{"type":"Feature","properties":{"id":"A12071104","name":"연희자이엘라","district":"서대문구","neighborhood":"연희동","avgPrice":1.06,"households":673,"buildingCount":24,"rank":3068},"geometry":{"type":"Point","coordinates":[126.927995,37.56409]}},{"type":"Feature","properties":{"id":"A12071103","name":"연희대림아파트","district":"서대문구","neighborhood":"연희동","avgPrice":5.11,"households":672,"buildingCount":16,"rank":3069},"geometry":{"type":"Point","coordinates":[126.936259,37.575523]}},{"type":"Feature","properties":{"id":"A12071102","name":"연희임광아파트","district":"서대문구","neighborhood":"연희동","avgPrice":4.81,"households":671,"buildingCount":15,"rank":3070},"geometry":{"type":"Point","coordinates":[126.92726,37.565175]}},{"type":"Feature","properties":{"id":"A13203401","name":"쌍문이안아파트","district":"도봉구","neighborhood":"쌍문동","avgPrice":3.99,"households":671,"buildingCount":25,"rank":3071},"geometry":{"type":"Point","coordinates":[127.029119,37.6516]}},{"type":"Feature","properties":{"id":"A10027755","name":"래미안프레비뉴","district":"영등포구","neighborhood":"신길동","avgPrice":7.75,"households":670,"buildingCount":16,"rank":3072},"geometry":{"type":"Point","coordinates":[126.907792,37.50487]}},{"type":"Feature","properties":{"id":"A12071101","name":"연희성원","district":"서대문구","neighborhood":"연희동","avgPrice":5.43,"households":670,"buildingCount":7,"rank":3073},"geometry":{"type":"Point","coordinates":[126.938832,37.576179]}},{"type":"Feature","properties":{"id":"A10022967","name":"쌍문금강아미움파크타운","district":"도봉구","neighborhood":"쌍문동","avgPrice":1.4,"households":670,"buildingCount":20,"rank":3074},"geometry":{"type":"Point","coordinates":[127.026174,37.649524]}},{"type":"Feature","properties":{"id":"A10022963","name":"맹그로브신촌","district":"마포구","neighborhood":"노고산동","avgPrice":1.9,"households":666,"buildingCount":7,"rank":3075},"geometry":{"type":"Point","coordinates":[126.93394,37.553946]}},{"type":"Feature","properties":{"id":"A13375909","name":"극동옥정","district":"성동구","neighborhood":"옥수동","avgPrice":6.68,"households":664,"buildingCount":16,"rank":3076},"geometry":{"type":"Point","coordinates":[127.013753,37.540535]}},{"type":"Feature","properties":{"id":"A10088102","name":"남산롯데캐슬아이리스","district":"중구","neighborhood":"회현동1가","avgPrice":12.13,"households":663,"buildingCount":25,"rank":3077},"geometry":{"type":"Point","coordinates":[126.981977,37.558282]}},{"type":"Feature","properties":{"id":"A10026362","name":"송파호반베르디움더퍼스트","district":"송파구","neighborhood":"오금동","avgPrice":10.35,"households":663,"buildingCount":19,"rank":3078},"geometry":{"type":"Point","coordinates":[127.139684,37.505228]}},{"type":"Feature","properties":{"id":"A13375908","name":"래미안옥수리버젠제2임대","district":"성동구","neighborhood":"옥수동","avgPrice":6,"households":663,"buildingCount":15,"rank":3079},"geometry":{"type":"Point","coordinates":[127.018262,37.547187]}},{"type":"Feature","properties":{"id":"A10021574","name":"마곡나루경남아파트","district":"강서구","neighborhood":"마곡동","avgPrice":5.84,"households":663,"buildingCount":8,"rank":3080},"geometry":{"type":"Point","coordinates":[126.8221,37.568145]}},{"type":"Feature","properties":{"id":"A13375907","name":"래미안옥수리버젠","district":"성동구","neighborhood":"옥수동","avgPrice":16.53,"households":662,"buildingCount":25,"rank":3081},"geometry":{"type":"Point","coordinates":[127.013715,37.545137]}},{"type":"Feature","properties":{"id":"A10024408","name":"공덕SK리더스뷰 1단지","district":"마포구","neighborhood":"공덕동","avgPrice":14.87,"households":662,"buildingCount":21,"rank":3082},"geometry":{"type":"Point","coordinates":[126.948854,37.545584]}},{"type":"Feature","properties":{"id":"A10088101","name":"남산SK리더스뷰","district":"중구","neighborhood":"회현동1가","avgPrice":8.35,"households":662,"buildingCount":8,"rank":3083},"geometry":{"type":"Point","coordinates":[126.980557,37.559148]}},{"type":"Feature","properties":{"id":"A13375906","name":"어울림더리버아파트","district":"성동구","neighborhood":"옥수동","avgPrice":17.2,"households":661,"buildingCount":16,"rank":3084},"geometry":{"type":"Point","coordinates":[127.017909,37.541827]}},{"type":"Feature","properties":{"id":"A13375905","name":"옥수삼성임대","district":"성동구","neighborhood":"옥수동","avgPrice":24.35,"households":660,"buildingCount":24,"rank":3085},"geometry":{"type":"Point","coordinates":[127.01444,37.544547]}},{"type":"Feature","properties":{"id":"A13375904","name":"옥수하이츠제2","district":"성동구","neighborhood":"옥수동","avgPrice":18.83,"households":659,"buildingCount":15,"rank":3086},"geometry":{"type":"Point","coordinates":[127.016433,37.540002]}},{"type":"Feature","properties":{"id":"A13375903","name":"옥수강변풍림아이원","district":"성동구","neighborhood":"옥수동","avgPrice":13.71,"households":658,"buildingCount":23,"rank":3087},"geometry":{"type":"Point","coordinates":[127.019439,37.54218]}},{"type":"Feature","properties":{"id":"A13375902","name":"옥수삼성","district":"성동구","neighborhood":"옥수동","avgPrice":13.43,"households":657,"buildingCount":12,"rank":3088},"geometry":{"type":"Point","coordinates":[127.014074,37.542286]}},{"type":"Feature","properties":{"id":"A14381508","name":"광장현대9차","district":"광진구","neighborhood":"광장동","avgPrice":12.25,"households":657,"buildingCount":19,"rank":3089},"geometry":{"type":"Point","coordinates":[127.097732,37.542498]}},{"type":"Feature","properties":{"id":"A13187406","name":"신내새한아파트","district":"중랑구","neighborhood":"신내동","avgPrice":3.64,"households":657,"buildingCount":12,"rank":3090},"geometry":{"type":"Point","coordinates":[127.101415,37.605178]}},{"type":"Feature","properties":{"id":"A13375901","name":"한남하이츠","district":"성동구","neighborhood":"옥수동","avgPrice":23.61,"households":656,"buildingCount":16,"rank":3091},"geometry":{"type":"Point","coordinates":[127.014132,37.5398]}},{"type":"Feature","properties":{"id":"A10023016","name":"북아현경남아파트(101동)","district":"서대문구","neighborhood":"북아현동","avgPrice":8.4,"households":656,"buildingCount":26,"rank":3092},"geometry":{"type":"Point","coordinates":[126.957963,37.56144]}},{"type":"Feature","properties":{"id":"A13686302","name":"래미안 크리시엘 아파트 관리사무소","district":"성북구","neighborhood":"종암동","avgPrice":5.64,"households":656,"buildingCount":28,"rank":3093},"geometry":{"type":"Point","coordinates":[127.030203,37.600995]}},{"type":"Feature","properties":{"id":"A14381506","name":"광장삼성1,2차","district":"광진구","neighborhood":"광장동","avgPrice":12.45,"households":655,"buildingCount":10,"rank":3094},"geometry":{"type":"Point","coordinates":[127.082126,37.54956]}},{"type":"Feature","properties":{"id":"A13973202","name":"비콘드림힐","district":"노원구","neighborhood":"상계동","avgPrice":9.1,"households":654,"buildingCount":20,"rank":3095},"geometry":{"type":"Point","coordinates":[127.057674,37.676655]}},{"type":"Feature","properties":{"id":"A14381504","name":"광장동금호베스트빌","district":"광진구","neighborhood":"광장동","avgPrice":9.56,"households":653,"buildingCount":13,"rank":3096},"geometry":{"type":"Point","coordinates":[127.093909,37.543778]}},{"type":"Feature","properties":{"id":"A13973201","name":"노원우성","district":"노원구","neighborhood":"상계동","avgPrice":4.07,"households":653,"buildingCount":29,"rank":3097},"geometry":{"type":"Point","coordinates":[127.0653,37.657932]}},{"type":"Feature","properties":{"id":"A15791001","name":"화곡유림노르웨이숲","district":"강서구","neighborhood":"화곡동","avgPrice":3.59,"households":651,"buildingCount":17,"rank":3098},"geometry":{"type":"Point","coordinates":[126.844026,37.530157]}},{"type":"Feature","properties":{"id":"A14074501","name":"한강로우림필유","district":"용산구","neighborhood":"한강로3가","avgPrice":12.05,"households":649,"buildingCount":11,"rank":3099},"geometry":{"type":"Point","coordinates":[126.959764,37.525449]}},{"type":"Feature","properties":{"id":"A10027748","name":"공덕파크자이 아파트","district":"마포구","neighborhood":"공덕동","avgPrice":15.08,"households":642,"buildingCount":12,"rank":3100},"geometry":{"type":"Point","coordinates":[126.947961,37.544874]}},{"type":"Feature","properties":{"id":"A10027744","name":"위례아이파크아파트","district":"송파구","neighborhood":"장지동","avgPrice":13.02,"households":638,"buildingCount":20,"rank":3101},"geometry":{"type":"Point","coordinates":[127.141966,37.476177]}},{"type":"Feature","properties":{"id":"A12123001","name":"망원휴먼빌아파트","district":"마포구","neighborhood":"망원동","avgPrice":5.76,"households":637,"buildingCount":23,"rank":3102},"geometry":{"type":"Point","coordinates":[126.898836,37.558731]}},{"type":"Feature","properties":{"id":"A13202002","name":"대상타운현대","district":"도봉구","neighborhood":"방학동","avgPrice":5.49,"households":637,"buildingCount":13,"rank":3103},"geometry":{"type":"Point","coordinates":[127.048193,37.665074]}},{"type":"Feature","properties":{"id":"A10021563","name":"청담린든그로브아파트","district":"강남구","neighborhood":"청담동","avgPrice":27.92,"households":631,"buildingCount":15,"rank":3104},"geometry":{"type":"Point","coordinates":[127.053667,37.522911]}},{"type":"Feature","properties":{"id":"A10026350","name":"삼성동센트럴아이파크","district":"강남구","neighborhood":"삼성동","avgPrice":24.76,"households":630,"buildingCount":8,"rank":3105},"geometry":{"type":"Point","coordinates":[127.059154,37.518172]}},{"type":"Feature","properties":{"id":"A10020176","name":"마천 삼익아파트","district":"송파구","neighborhood":"마천동","avgPrice":13.95,"households":630,"buildingCount":7,"rank":3106},"geometry":{"type":"Point","coordinates":[127.153676,37.499049]}},{"type":"Feature","properties":{"id":"A10021562","name":"강서한강월드메르디앙아파트","district":"강서구","neighborhood":"가양동","avgPrice":6.48,"households":630,"buildingCount":31,"rank":3107},"geometry":{"type":"Point","coordinates":[126.844048,37.569986]}},{"type":"Feature","properties":{"id":"A15285804","name":"구로중앙하이츠아파트","district":"구로구","neighborhood":"구로동","avgPrice":4.44,"households":630,"buildingCount":12,"rank":3108},"geometry":{"type":"Point","coordinates":[126.878163,37.497703]}},{"type":"Feature","properties":{"id":"A15609306","name":"사당동작삼성래미안아파트","district":"동작구","neighborhood":"사당동","avgPrice":8.6,"households":627,"buildingCount":14,"rank":3109},"geometry":{"type":"Point","coordinates":[126.970442,37.489182]}},{"type":"Feature","properties":{"id":"A15609305","name":"사당롯데캐슬샤인","district":"동작구","neighborhood":"사당동","avgPrice":5.95,"households":626,"buildingCount":26,"rank":3110},"geometry":{"type":"Point","coordinates":[126.972512,37.490783]}},{"type":"Feature","properties":{"id":"A15609303","name":"사당경남아너스빌","district":"동작구","neighborhood":"사당동","avgPrice":5.59,"households":624,"buildingCount":28,"rank":3111},"geometry":{"type":"Point","coordinates":[126.977431,37.488851]}},{"type":"Feature","properties":{"id":"A15883101","name":"신월성원","district":"양천구","neighborhood":"신월동","avgPrice":2.64,"households":624,"buildingCount":23,"rank":3112},"geometry":{"type":"Point","coordinates":[126.833811,37.528189]}},{"type":"Feature","properties":{"id":"A11007001","name":"경희궁의아침3단지","district":"종로구","neighborhood":"내수동","avgPrice":15.7,"households":623,"buildingCount":25,"rank":3113},"geometry":{"type":"Point","coordinates":[126.972424,37.573607]}},{"type":"Feature","properties":{"id":"A15609301","name":"사당롯데캐슬","district":"동작구","neighborhood":"사당동","avgPrice":8.27,"households":622,"buildingCount":6,"rank":3114},"geometry":{"type":"Point","coordinates":[126.97148,37.490242]}},{"type":"Feature","properties":{"id":"A14281701","name":"현대성우","district":"강북구","neighborhood":"미아동","avgPrice":3.2,"households":621,"buildingCount":31,"rank":3115},"geometry":{"type":"Point","coordinates":[127.022017,37.617247]}},{"type":"Feature","properties":{"id":"A15205405","name":"구로두산","district":"구로구","neighborhood":"구로동","avgPrice":2.76,"households":619,"buildingCount":4,"rank":3116},"geometry":{"type":"Point","coordinates":[126.889328,37.489194]}},{"type":"Feature","properties":{"id":"A13985605","name":"중계중앙하이츠","district":"노원구","neighborhood":"중계동","avgPrice":8.15,"households":604,"buildingCount":9,"rank":3117},"geometry":{"type":"Point","coordinates":[127.07635,37.659856]}},{"type":"Feature","properties":{"id":"A10020169","name":"지안타워","district":"관악구","neighborhood":"봉천동","avgPrice":5.75,"households":602,"buildingCount":8,"rank":3118},"geometry":{"type":"Point","coordinates":[126.939014,37.489155]}},{"type":"Feature","properties":{"id":"A10022941","name":"마포푸르지오더센트럴","district":"마포구","neighborhood":"아현동","avgPrice":4.9,"households":602,"buildingCount":8,"rank":3119},"geometry":{"type":"Point","coordinates":[126.955881,37.55443]}},{"type":"Feature","properties":{"id":"A10026342","name":"라인아파트","district":"서초구","neighborhood":"반포동","avgPrice":11.4,"households":601,"buildingCount":20,"rank":3120},"geometry":{"type":"Point","coordinates":[126.999898,37.499012]}},{"type":"Feature","properties":{"id":"A13486705","name":"천호중앙하이츠","district":"강동구","neighborhood":"천호동","avgPrice":4.93,"households":601,"buildingCount":24,"rank":3121},"geometry":{"type":"Point","coordinates":[127.12703,37.546844]}},{"type":"Feature","properties":{"id":"A10026340","name":"서초롯데캐슬84아파트","district":"서초구","neighborhood":"서초동","avgPrice":20.85,"households":599,"buildingCount":15,"rank":3122},"geometry":{"type":"Point","coordinates":[127.0184,37.492481]}},{"type":"Feature","properties":{"id":"A13486703","name":"천호유원","district":"강동구","neighborhood":"천호동","avgPrice":4.89,"households":599,"buildingCount":28,"rank":3123},"geometry":{"type":"Point","coordinates":[127.127921,37.548804]}},{"type":"Feature","properties":{"id":"A13486701","name":"천호삼익","district":"강동구","neighborhood":"천호동","avgPrice":4.97,"households":597,"buildingCount":17,"rank":3124},"geometry":{"type":"Point","coordinates":[127.128425,37.548558]}},{"type":"Feature","properties":{"id":"A13905208","name":"월계6-2초안","district":"노원구","neighborhood":"월계동","avgPrice":13.4,"households":595,"buildingCount":11,"rank":3125},"geometry":{"type":"Point","coordinates":[127.042662,37.631574]}},{"type":"Feature","properties":{"id":"A13082805","name":"이문e-편한세상","district":"동대문구","neighborhood":"이문동","avgPrice":16.65,"households":594,"buildingCount":17,"rank":3126},"geometry":{"type":"Point","coordinates":[127.063974,37.604319]}},{"type":"Feature","properties":{"id":"A12179006","name":"신공덕e-편한세상","district":"마포구","neighborhood":"신공덕동","avgPrice":8.75,"households":593,"buildingCount":17,"rank":3127},"geometry":{"type":"Point","coordinates":[126.957054,37.541915]}},{"type":"Feature","properties":{"id":"A12179005","name":"공덕아이파크","district":"마포구","neighborhood":"신공덕동","avgPrice":9.03,"households":592,"buildingCount":20,"rank":3128},"geometry":{"type":"Point","coordinates":[126.956003,37.544752]}},{"type":"Feature","properties":{"id":"A12179004","name":"마포펜트라우스","district":"마포구","neighborhood":"신공덕동","avgPrice":12.64,"households":591,"buildingCount":28,"rank":3129},"geometry":{"type":"Point","coordinates":[126.954217,37.543319]}},{"type":"Feature","properties":{"id":"A13905204","name":"월계6-1초안","district":"노원구","neighborhood":"월계동","avgPrice":6.85,"households":591,"buildingCount":30,"rank":3130},"geometry":{"type":"Point","coordinates":[127.044369,37.632872]}},{"type":"Feature","properties":{"id":"A12179003","name":"신공덕2삼성래미안제2","district":"마포구","neighborhood":"신공덕동","avgPrice":10.7,"households":590,"buildingCount":23,"rank":3131},"geometry":{"type":"Point","coordinates":[126.90277,37.5807]}},{"type":"Feature","properties":{"id":"A12179002","name":"신공덕삼성임대","district":"마포구","neighborhood":"신공덕동","avgPrice":9.4,"households":589,"buildingCount":17,"rank":3132},"geometry":{"type":"Point","coordinates":[126.917328,37.566345]}},{"type":"Feature","properties":{"id":"A13905202","name":"월계흥화브라운빌","district":"노원구","neighborhood":"월계동","avgPrice":3.93,"households":589,"buildingCount":7,"rank":3133},"geometry":{"type":"Point","coordinates":[127.044021,37.631608]}},{"type":"Feature","properties":{"id":"A12179001","name":"브라운스톤공덕","district":"마포구","neighborhood":"신공덕동","avgPrice":12.3,"households":588,"buildingCount":12,"rank":3134},"geometry":{"type":"Point","coordinates":[126.955308,37.54145]}},{"type":"Feature","properties":{"id":"A15105603","name":"관악우성아파트","district":"관악구","neighborhood":"봉천동","avgPrice":9.25,"households":588,"buildingCount":22,"rank":3135},"geometry":{"type":"Point","coordinates":[126.959589,37.485396]}},{"type":"Feature","properties":{"id":"A12294102","name":"DMC우방","district":"은평구","neighborhood":"증산동","avgPrice":5.34,"households":588,"buildingCount":19,"rank":3136},"geometry":{"type":"Point","coordinates":[126.903112,37.581929]}},{"type":"Feature","properties":{"id":"A15105602","name":"봉천우성제2","district":"관악구","neighborhood":"봉천동","avgPrice":5.6,"households":587,"buildingCount":6,"rank":3137},"geometry":{"type":"Point","coordinates":[126.959597,37.484893]}},{"type":"Feature","properties":{"id":"A13373101","name":"행당한신임대","district":"성동구","neighborhood":"행당동","avgPrice":23.05,"households":586,"buildingCount":16,"rank":3138},"geometry":{"type":"Point","coordinates":[127.037582,37.556665]}},{"type":"Feature","properties":{"id":"A13181203","name":"용마금호타운","district":"중랑구","neighborhood":"면목동","avgPrice":4.11,"households":586,"buildingCount":31,"rank":3139},"geometry":{"type":"Point","coordinates":[127.094182,37.58271]}},{"type":"Feature","properties":{"id":"A13181201","name":"면목신성미소지움","district":"중랑구","neighborhood":"면목동","avgPrice":4.03,"households":584,"buildingCount":6,"rank":3140},"geometry":{"type":"Point","coordinates":[127.072873,37.588776]}},{"type":"Feature","properties":{"id":"A10024894","name":"이편한세상서울대입구2차(5단지)","district":"관악구","neighborhood":"봉천동","avgPrice":11.65,"households":581,"buildingCount":8,"rank":3141},"geometry":{"type":"Point","coordinates":[126.950034,37.47678]}},{"type":"Feature","properties":{"id":"A10024892","name":"금강아미움아파트","district":"동대문구","neighborhood":"장안동","avgPrice":3.91,"households":579,"buildingCount":9,"rank":3142},"geometry":{"type":"Point","coordinates":[127.067637,37.57176]}},{"type":"Feature","properties":{"id":"A10024891","name":"서교동 효성해링턴타워","district":"마포구","neighborhood":"서교동","avgPrice":2.39,"households":578,"buildingCount":27,"rank":3143},"geometry":{"type":"Point","coordinates":[126.9168,37.550795]}},{"type":"Feature","properties":{"id":"A13977913","name":"중계주공9단지","district":"노원구","neighborhood":"하계동","avgPrice":10.1,"households":577,"buildingCount":5,"rank":3144},"geometry":{"type":"Point","coordinates":[127.0762,37.64355]}},{"type":"Feature","properties":{"id":"A10026337","name":"래미안서초7차아파트","district":"서초구","neighborhood":"서초동","avgPrice":16.04,"households":575,"buildingCount":15,"rank":3145},"geometry":{"type":"Point","coordinates":[127.017534,37.492013]}},{"type":"Feature","properties":{"id":"A10021547","name":"개봉동인아파트","district":"구로구","neighborhood":"개봉동","avgPrice":2.41,"households":573,"buildingCount":12,"rank":3146},"geometry":{"type":"Point","coordinates":[126.8491,37.493871]}},{"type":"Feature","properties":{"id":"A10020159","name":"어진재주상복합관리단","district":"동대문구","neighborhood":"제기동","avgPrice":1.07,"households":571,"buildingCount":19,"rank":3147},"geometry":{"type":"Point","coordinates":[127.037933,37.590896]}},{"type":"Feature","properties":{"id":"A10020158","name":"자선메르시안아파트","district":"은평구","neighborhood":"응암동","avgPrice":2.87,"households":570,"buildingCount":12,"rank":3148},"geometry":{"type":"Point","coordinates":[126.915702,37.595421]}},{"type":"Feature","properties":{"id":"A13980803","name":"공릉1동삼익","district":"노원구","neighborhood":"공릉동","avgPrice":8.35,"households":569,"buildingCount":25,"rank":3149},"geometry":{"type":"Point","coordinates":[127.072299,37.618082]}},{"type":"Feature","properties":{"id":"A13677206","name":"정릉우성","district":"성북구","neighborhood":"정릉동","avgPrice":3.88,"households":569,"buildingCount":21,"rank":3150},"geometry":{"type":"Point","coordinates":[127.015896,37.601053]}},{"type":"Feature","properties":{"id":"A13792306","name":"서초트라팰리스1차","district":"서초구","neighborhood":"서초동","avgPrice":14.69,"households":568,"buildingCount":7,"rank":3151},"geometry":{"type":"Point","coordinates":[127.028526,37.48705]}},{"type":"Feature","properties":{"id":"A13980801","name":"공릉대동1차","district":"노원구","neighborhood":"공릉동","avgPrice":11.15,"households":567,"buildingCount":24,"rank":3152},"geometry":{"type":"Point","coordinates":[127.072534,37.61988]}},{"type":"Feature","properties":{"id":"A10020155","name":"강서뉴타워아파트","district":"강서구","neighborhood":"화곡동","avgPrice":4.18,"households":567,"buildingCount":23,"rank":3153},"geometry":{"type":"Point","coordinates":[126.835652,37.539121]}},{"type":"Feature","properties":{"id":"A13485302","name":"강동롯데캐슬퍼스트아파트","district":"강동구","neighborhood":"암사동","avgPrice":12.01,"households":563,"buildingCount":29,"rank":3154},"geometry":{"type":"Point","coordinates":[127.1421,37.556422]}},{"type":"Feature","properties":{"id":"A13920506","name":"상계벽산","district":"노원구","neighborhood":"상계동","avgPrice":2.64,"households":563,"buildingCount":14,"rank":3155},"geometry":{"type":"Point","coordinates":[127.07258,37.661064]}},{"type":"Feature","properties":{"id":"A13485301","name":"강동현대홈타운","district":"강동구","neighborhood":"암사동","avgPrice":9.72,"households":562,"buildingCount":16,"rank":3156},"geometry":{"type":"Point","coordinates":[127.138931,37.556615]}},{"type":"Feature","properties":{"id":"A14085501","name":"현대한강","district":"용산구","neighborhood":"이촌동","avgPrice":13.83,"households":561,"buildingCount":29,"rank":3157},"geometry":{"type":"Point","coordinates":[126.958441,37.523084]}},{"type":"Feature","properties":{"id":"A11041001","name":"효성주얼리시티아파트","district":"종로구","neighborhood":"인의동","avgPrice":13.25,"households":561,"buildingCount":13,"rank":3158},"geometry":{"type":"Point","coordinates":[126.987906,37.572285]}},{"type":"Feature","properties":{"id":"A13920501","name":"상계금호타운","district":"노원구","neighborhood":"상계동","avgPrice":3.23,"households":558,"buildingCount":19,"rank":3159},"geometry":{"type":"Point","coordinates":[127.068819,37.667341]}},{"type":"Feature","properties":{"id":"A15009201","name":"문래남성","district":"영등포구","neighborhood":"문래동2가","avgPrice":5.25,"households":555,"buildingCount":9,"rank":3160},"geometry":{"type":"Point","coordinates":[126.891557,37.512622]}},{"type":"Feature","properties":{"id":"A13520004","name":"강남브리즈힐","district":"강남구","neighborhood":"자곡동","avgPrice":7.13,"households":552,"buildingCount":19,"rank":3161},"geometry":{"type":"Point","coordinates":[127.091047,37.472634]}},{"type":"Feature","properties":{"id":"A10024886","name":"용답동힐데스하임 청년주택","district":"성동구","neighborhood":"용답동","avgPrice":1.48,"households":552,"buildingCount":25,"rank":3162},"geometry":{"type":"Point","coordinates":[127.065136,37.561081]}},{"type":"Feature","properties":{"id":"A13520003","name":"래미안강남힐즈","district":"강남구","neighborhood":"자곡동","avgPrice":14.92,"households":551,"buildingCount":23,"rank":3163},"geometry":{"type":"Point","coordinates":[127.093788,37.474193]}},{"type":"Feature","properties":{"id":"A13520002","name":"강남한양수자인","district":"강남구","neighborhood":"자곡동","avgPrice":10.46,"households":550,"buildingCount":4,"rank":3164},"geometry":{"type":"Point","coordinates":[127.112497,37.47538]}},{"type":"Feature","properties":{"id":"A13520001","name":"래미안포레","district":"강남구","neighborhood":"자곡동","avgPrice":9.42,"households":549,"buildingCount":4,"rank":3165},"geometry":{"type":"Point","coordinates":[127.110119,37.474781]}},{"type":"Feature","properties":{"id":"A10027716","name":"꿈의숲 SK뷰 아파트","district":"노원구","neighborhood":"월계동","avgPrice":10.15,"households":547,"buildingCount":22,"rank":3166},"geometry":{"type":"Point","coordinates":[127.053847,37.621759]}},{"type":"Feature","properties":{"id":"A10022928","name":"강서금호어울림퍼스티어","district":"강서구","neighborhood":"화곡동","avgPrice":4.46,"households":547,"buildingCount":25,"rank":3167},"geometry":{"type":"Point","coordinates":[126.833451,37.543324]}},{"type":"Feature","properties":{"id":"A10027714","name":"래미안 웰스트림","district":"마포구","neighborhood":"현석동","avgPrice":14.83,"households":545,"buildingCount":24,"rank":3168},"geometry":{"type":"Point","coordinates":[126.935637,37.543145]}},{"type":"Feature","properties":{"id":"A10023490","name":"일두아파트","district":"관악구","neighborhood":"봉천동","avgPrice":2.85,"households":542,"buildingCount":24,"rank":3169},"geometry":{"type":"Point","coordinates":[126.954738,37.488923]}},{"type":"Feature","properties":{"id":"A15088208","name":"여의도목화","district":"영등포구","neighborhood":"여의도동","avgPrice":19.45,"households":539,"buildingCount":23,"rank":3170},"geometry":{"type":"Point","coordinates":[126.932573,37.526054]}},{"type":"Feature","properties":{"id":"A10026322","name":"이문KCC웰츠타워","district":"동대문구","neighborhood":"이문동","avgPrice":14.2,"households":539,"buildingCount":31,"rank":3171},"geometry":{"type":"Point","coordinates":[127.039832,37.591725]}},{"type":"Feature","properties":{"id":"A10021534","name":"천호 대명사이버아파트","district":"강동구","neighborhood":"천호동","avgPrice":4,"households":539,"buildingCount":9,"rank":3172},"geometry":{"type":"Point","coordinates":[127.140178,37.543442]}},{"type":"Feature","properties":{"id":"A10020147","name":"한양아이클래스","district":"중구","neighborhood":"황학동","avgPrice":11.3,"households":538,"buildingCount":19,"rank":3173},"geometry":{"type":"Point","coordinates":[127.023285,37.567103]}},{"type":"Feature","properties":{"id":"A10020146","name":"엘림스퀘어2차","district":"강동구","neighborhood":"천호동","avgPrice":1.31,"households":537,"buildingCount":18,"rank":3174},"geometry":{"type":"Point","coordinates":[127.128877,37.538008]}},{"type":"Feature","properties":{"id":"A10020141","name":"동익파크1차아파트","district":"은평구","neighborhood":"구산동","avgPrice":14.3,"households":532,"buildingCount":21,"rank":3175},"geometry":{"type":"Point","coordinates":[126.922488,37.59892]}},{"type":"Feature","properties":{"id":"A13804004","name":"풍납현대","district":"송파구","neighborhood":"풍납동","avgPrice":22.65,"households":527,"buildingCount":4,"rank":3176},"geometry":{"type":"Point","coordinates":[127.117346,37.528908]}},{"type":"Feature","properties":{"id":"A15004406","name":"당산현대3차","district":"영등포구","neighborhood":"당산동4가","avgPrice":8.5,"households":527,"buildingCount":12,"rank":3177},"geometry":{"type":"Point","coordinates":[126.896676,37.531295]}},{"type":"Feature","properties":{"id":"A13292002","name":"창동한신","district":"도봉구","neighborhood":"창동","avgPrice":15.55,"households":526,"buildingCount":16,"rank":3178},"geometry":{"type":"Point","coordinates":[127.034452,37.645932]}},{"type":"Feature","properties":{"id":"A13804003","name":"풍납시티극동","district":"송파구","neighborhood":"풍납동","avgPrice":14.12,"households":526,"buildingCount":8,"rank":3179},"geometry":{"type":"Point","coordinates":[127.118502,37.540054]}},{"type":"Feature","properties":{"id":"A15004405","name":"당산2차삼성","district":"영등포구","neighborhood":"당산동4가","avgPrice":7.15,"households":526,"buildingCount":30,"rank":3180},"geometry":{"type":"Point","coordinates":[126.89845,37.527867]}},{"type":"Feature","properties":{"id":"A13804002","name":"풍납쌍용","district":"송파구","neighborhood":"풍납동","avgPrice":8.4,"households":525,"buildingCount":20,"rank":3181},"geometry":{"type":"Point","coordinates":[127.117567,37.527609]}},{"type":"Feature","properties":{"id":"A15004403","name":"당산금호어울림","district":"영등포구","neighborhood":"당산동4가","avgPrice":8.88,"households":524,"buildingCount":29,"rank":3182},"geometry":{"type":"Point","coordinates":[126.901268,37.528491]}},{"type":"Feature","properties":{"id":"A13804001","name":"풍납극동","district":"송파구","neighborhood":"풍납동","avgPrice":8.08,"households":524,"buildingCount":16,"rank":3183},"geometry":{"type":"Point","coordinates":[127.116696,37.526768]}},{"type":"Feature","properties":{"id":"A10023489","name":"포레나 당산","district":"영등포구","neighborhood":"당산동2가","avgPrice":3.4,"households":520,"buildingCount":15,"rank":3184},"geometry":{"type":"Point","coordinates":[126.895302,37.522395]}},{"type":"Feature","properties":{"id":"A10023488","name":"약수역 더시티","district":"중구","neighborhood":"신당동","avgPrice":1.66,"households":519,"buildingCount":22,"rank":3185},"geometry":{"type":"Point","coordinates":[127.010963,37.553682]}},{"type":"Feature","properties":{"id":"A10027708","name":"인왕산2차아이파크아파트","district":"종로구","neighborhood":"무악동","avgPrice":8.01,"households":518,"buildingCount":31,"rank":3186},"geometry":{"type":"Point","coordinates":[126.959669,37.575688]}},{"type":"Feature","properties":{"id":"A10022919","name":"신내역 시티프라디움 아파트","district":"중랑구","neighborhood":"망우동","avgPrice":6.9,"households":517,"buildingCount":7,"rank":3187},"geometry":{"type":"Point","coordinates":[127.089974,37.602655]}},{"type":"Feature","properties":{"id":"A10024872","name":"목동 센트럴 아이파크위브 아파트","district":"양천구","neighborhood":"신월동","avgPrice":6.74,"households":517,"buildingCount":28,"rank":3188},"geometry":{"type":"Point","coordinates":[126.841929,37.516622]}},{"type":"Feature","properties":{"id":"A10022098","name":"센트레빌아스테리움영등포","district":"영등포구","neighborhood":"영등포동2가","avgPrice":7.36,"households":515,"buildingCount":28,"rank":3189},"geometry":{"type":"Point","coordinates":[126.909338,37.521747]}},{"type":"Feature","properties":{"id":"A10022916","name":"상도1차갑을명가아파트","district":"동작구","neighborhood":"상도동","avgPrice":4.8,"households":514,"buildingCount":16,"rank":3190},"geometry":{"type":"Point","coordinates":[126.934251,37.49358]}},{"type":"Feature","properties":{"id":"A10021529","name":"비원빌라","district":"강서구","neighborhood":"화곡동","avgPrice":10.05,"households":513,"buildingCount":4,"rank":3191},"geometry":{"type":"Point","coordinates":[126.855741,37.551753]}},{"type":"Feature","properties":{"id":"A10026317","name":"서초한일아파트","district":"서초구","neighborhood":"서초동","avgPrice":9.44,"households":513,"buildingCount":28,"rank":3192},"geometry":{"type":"Point","coordinates":[127.02355,37.503195]}},{"type":"Feature","properties":{"id":"A10023482","name":"힐스테이트 홍은포레스트 아파트","district":"서대문구","neighborhood":"홍은동","avgPrice":6.11,"households":513,"buildingCount":15,"rank":3193},"geometry":{"type":"Point","coordinates":[126.926047,37.583048]}},{"type":"Feature","properties":{"id":"A10021528","name":"강변동양아파트","district":"성동구","neighborhood":"성수동1가","avgPrice":24.8,"households":512,"buildingCount":9,"rank":3194},"geometry":{"type":"Point","coordinates":[127.046254,37.537652]}},{"type":"Feature","properties":{"id":"A14388208","name":"자양동삼성아파트","district":"광진구","neighborhood":"자양동","avgPrice":4.02,"households":511,"buildingCount":11,"rank":3195},"geometry":{"type":"Point","coordinates":[127.082231,37.528609]}},{"type":"Feature","properties":{"id":"A13592706","name":"역삼래미안","district":"강남구","neighborhood":"역삼동","avgPrice":19.32,"households":510,"buildingCount":5,"rank":3196},"geometry":{"type":"Point","coordinates":[127.050081,37.497306]}},{"type":"Feature","properties":{"id":"A10022093","name":"골든노블레스","district":"동작구","neighborhood":"대방동","avgPrice":1.55,"households":510,"buildingCount":4,"rank":3197},"geometry":{"type":"Point","coordinates":[126.924659,37.499653]}},{"type":"Feature","properties":{"id":"A10020138","name":"브라운스톤방배아파트","district":"서초구","neighborhood":"방배동","avgPrice":15.01,"households":508,"buildingCount":21,"rank":3198},"geometry":{"type":"Point","coordinates":[126.995122,37.486829]}},{"type":"Feature","properties":{"id":"A10021523","name":"풍납현대사원아파트","district":"송파구","neighborhood":"풍납동","avgPrice":21.95,"households":507,"buildingCount":4,"rank":3199},"geometry":{"type":"Point","coordinates":[127.116463,37.532656]}},{"type":"Feature","properties":{"id":"A13788003","name":"서초삼성래미안","district":"서초구","neighborhood":"서초동","avgPrice":16.97,"households":507,"buildingCount":15,"rank":3200},"geometry":{"type":"Point","coordinates":[127.019594,37.493317]}},{"type":"Feature","properties":{"id":"A14388204","name":"자양7차현대홈타운","district":"광진구","neighborhood":"자양동","avgPrice":9.9,"households":507,"buildingCount":26,"rank":3201},"geometry":{"type":"Point","coordinates":[127.069712,37.5331]}},{"type":"Feature","properties":{"id":"A10026311","name":"순영웰라이빌아파트","district":"영등포구","neighborhood":"영등포동","avgPrice":4.95,"households":507,"buildingCount":7,"rank":3202},"geometry":{"type":"Point","coordinates":[126.913257,37.516567]}},{"type":"Feature","properties":{"id":"A10022090","name":"신사삼부아파트","district":"은평구","neighborhood":"신사동","avgPrice":3.65,"households":507,"buildingCount":28,"rank":3203},"geometry":{"type":"Point","coordinates":[126.913502,37.59572]}},{"type":"Feature","properties":{"id":"A13788002","name":"서초현대1,2차","district":"서초구","neighborhood":"서초동","avgPrice":20.95,"households":506,"buildingCount":5,"rank":3204},"geometry":{"type":"Point","coordinates":[127.017374,37.500116]}},{"type":"Feature","properties":{"id":"A15770801","name":"화곡초록","district":"강서구","neighborhood":"화곡동","avgPrice":4.39,"households":506,"buildingCount":10,"rank":3205},"geometry":{"type":"Point","coordinates":[126.833647,37.545688]}},{"type":"Feature","properties":{"id":"A10021522","name":"수유현대아파트101동","district":"강북구","neighborhood":"수유동","avgPrice":3,"households":506,"buildingCount":7,"rank":3206},"geometry":{"type":"Point","coordinates":[127.018778,37.645437]}},{"type":"Feature","properties":{"id":"A13572601","name":"동화히스토리","district":"강남구","neighborhood":"논현동","avgPrice":18,"households":502,"buildingCount":23,"rank":3207},"geometry":{"type":"Point","coordinates":[127.023648,37.510682]}},{"type":"Feature","properties":{"id":"A15083404","name":"문래자이아파트","district":"영등포구","neighborhood":"문래동3가","avgPrice":11.63,"households":502,"buildingCount":20,"rank":3208},"geometry":{"type":"Point","coordinates":[126.896872,37.51608]}},{"type":"Feature","properties":{"id":"A13380703","name":"금호두산","district":"성동구","neighborhood":"금호동3가","avgPrice":9.36,"households":502,"buildingCount":16,"rank":3209},"geometry":{"type":"Point","coordinates":[127.016385,37.549972]}},{"type":"Feature","properties":{"id":"A15370301","name":"독산동한양수자인아파트","district":"금천구","neighborhood":"독산동","avgPrice":4.3,"households":497,"buildingCount":19,"rank":3210},"geometry":{"type":"Point","coordinates":[126.899515,37.475711]}},{"type":"Feature","properties":{"id":"A15210212","name":"오류동 영풍마드레빌","district":"구로구","neighborhood":"오류동","avgPrice":4.13,"households":491,"buildingCount":27,"rank":3211},"geometry":{"type":"Point","coordinates":[126.838822,37.49163]}},{"type":"Feature","properties":{"id":"A15210211","name":"오류금강수목원","district":"구로구","neighborhood":"오류동","avgPrice":4.18,"households":490,"buildingCount":18,"rank":3212},"geometry":{"type":"Point","coordinates":[126.83232,37.488265]}},{"type":"Feature","properties":{"id":"A15210210","name":"오류삼천리","district":"구로구","neighborhood":"오류동","avgPrice":3.73,"households":489,"buildingCount":8,"rank":3213},"geometry":{"type":"Point","coordinates":[126.839379,37.492598]}},{"type":"Feature","properties":{"id":"A15003002","name":"영등포푸르지오","district":"영등포구","neighborhood":"영등포동","avgPrice":8.13,"households":488,"buildingCount":16,"rank":3214},"geometry":{"type":"Point","coordinates":[126.903684,37.511851]}},{"type":"Feature","properties":{"id":"A10023478","name":"한일휴니스빌","district":"노원구","neighborhood":"공릉동","avgPrice":0.81,"households":488,"buildingCount":20,"rank":3215},"geometry":{"type":"Point","coordinates":[127.074367,37.617497]}},{"type":"Feature","properties":{"id":"A15003001","name":"영등포두산위브","district":"영등포구","neighborhood":"영등포동","avgPrice":5.86,"households":487,"buildingCount":24,"rank":3216},"geometry":{"type":"Point","coordinates":[126.912628,37.514751]}},{"type":"Feature","properties":{"id":"A13589802","name":"압구정현대아파트","district":"강남구","neighborhood":"압구정동","avgPrice":18.9,"households":483,"buildingCount":10,"rank":3217},"geometry":{"type":"Point","coordinates":[127.02625,37.530777]}},{"type":"Feature","properties":{"id":"A10021518","name":"방배아이파크아파트","district":"서초구","neighborhood":"방배동","avgPrice":15.58,"households":481,"buildingCount":25,"rank":3218},"geometry":{"type":"Point","coordinates":[126.984835,37.491677]}},{"type":"Feature","properties":{"id":"A15886402","name":"신정대성유니드아파트2차","district":"양천구","neighborhood":"신정동","avgPrice":8.7,"households":481,"buildingCount":8,"rank":3219},"geometry":{"type":"Point","coordinates":[126.848881,37.521052]}},{"type":"Feature","properties":{"id":"A10023471","name":"구로오네뜨시티","district":"구로구","neighborhood":"구로동","avgPrice":1.23,"households":481,"buildingCount":20,"rank":3220},"geometry":{"type":"Point","coordinates":[126.890301,37.496426]}},{"type":"Feature","properties":{"id":"A10020127","name":"영등포자이디그니티 아파트","district":"영등포구","neighborhood":"양평동1가","avgPrice":8.7,"households":476,"buildingCount":16,"rank":3221},"geometry":{"type":"Point","coordinates":[126.911048,37.507815]}},{"type":"Feature","properties":{"id":"A10020126","name":"퀸즈W청년안심주택","district":"동대문구","neighborhood":"전농동","avgPrice":13,"households":475,"buildingCount":27,"rank":3222},"geometry":{"type":"Point","coordinates":[127.023186,37.591725]}},{"type":"Feature","properties":{"id":"A10021511","name":"가양우방아파트","district":"강서구","neighborhood":"가양동","avgPrice":6.15,"households":474,"buildingCount":18,"rank":3223},"geometry":{"type":"Point","coordinates":[126.871888,37.554995]}},{"type":"Feature","properties":{"id":"A10020122","name":"한강포스파크아파트","district":"강동구","neighborhood":"암사동","avgPrice":6.36,"households":471,"buildingCount":7,"rank":3224},"geometry":{"type":"Point","coordinates":[127.134046,37.556227]}},{"type":"Feature","properties":{"id":"A14076401","name":"산천리버힐제2","district":"용산구","neighborhood":"산천동","avgPrice":14.6,"households":470,"buildingCount":26,"rank":3225},"geometry":{"type":"Point","coordinates":[127.014512,37.512215]}},{"type":"Feature","properties":{"id":"A13508013","name":"역삼SK허브젠","district":"강남구","neighborhood":"역삼동","avgPrice":19.55,"households":468,"buildingCount":21,"rank":3226},"geometry":{"type":"Point","coordinates":[127.040246,37.50102]}},{"type":"Feature","properties":{"id":"A15270501","name":"신도림일신건영아파트","district":"구로구","neighborhood":"구로동","avgPrice":4.13,"households":468,"buildingCount":19,"rank":3227},"geometry":{"type":"Point","coordinates":[126.88577,37.503665]}},{"type":"Feature","properties":{"id":"A13508012","name":"테헤란 IPARK","district":"강남구","neighborhood":"역삼동","avgPrice":21.2,"households":467,"buildingCount":23,"rank":3228},"geometry":{"type":"Point","coordinates":[127.047829,37.502822]}},{"type":"Feature","properties":{"id":"A15210209","name":"오류푸르지오","district":"구로구","neighborhood":"오류동","avgPrice":12.7,"households":467,"buildingCount":12,"rank":3229},"geometry":{"type":"Point","coordinates":[126.841099,37.491317]}},{"type":"Feature","properties":{"id":"A13508011","name":"래미안그레이튼","district":"강남구","neighborhood":"역삼동","avgPrice":23.08,"households":466,"buildingCount":20,"rank":3230},"geometry":{"type":"Point","coordinates":[127.048215,37.496328]}},{"type":"Feature","properties":{"id":"A13551103","name":"압구정한양아파트제1단지","district":"강남구","neighborhood":"압구정동","avgPrice":17.45,"households":466,"buildingCount":18,"rank":3231},"geometry":{"type":"Point","coordinates":[127.034424,37.523747]}},{"type":"Feature","properties":{"id":"A13604401","name":"삼선코오롱아파트","district":"성북구","neighborhood":"삼선동4가","avgPrice":5.08,"households":466,"buildingCount":11,"rank":3232},"geometry":{"type":"Point","coordinates":[127.012707,37.590306]}},{"type":"Feature","properties":{"id":"A13508010","name":"역삼쌍용플래티넘밸류","district":"강남구","neighborhood":"역삼동","avgPrice":19.8,"households":465,"buildingCount":31,"rank":3233},"geometry":{"type":"Point","coordinates":[127.032308,37.499777]}},{"type":"Feature","properties":{"id":"A15210207","name":"경남아너스빌","district":"구로구","neighborhood":"오류동","avgPrice":4.21,"households":465,"buildingCount":15,"rank":3234},"geometry":{"type":"Point","coordinates":[126.83977,37.490529]}},{"type":"Feature","properties":{"id":"A15210206","name":"오류금강","district":"구로구","neighborhood":"오류동","avgPrice":3.99,"households":464,"buildingCount":13,"rank":3235},"geometry":{"type":"Point","coordinates":[126.833689,37.488661]}},{"type":"Feature","properties":{"id":"A10024857","name":"방배아크로타워아파트","district":"서초구","neighborhood":"방배동","avgPrice":5.81,"households":460,"buildingCount":27,"rank":3236},"geometry":{"type":"Point","coordinates":[126.995278,37.483158]}},{"type":"Feature","properties":{"id":"A10023467","name":"호반베르디움 스테이원","district":"은평구","neighborhood":"대조동","avgPrice":6.15,"households":456,"buildingCount":16,"rank":3237},"geometry":{"type":"Point","coordinates":[126.926494,37.613988]}},{"type":"Feature","properties":{"id":"A13790828","name":"신반포4차","district":"서초구","neighborhood":"잠원동","avgPrice":36.71,"households":455,"buildingCount":28,"rank":3238},"geometry":{"type":"Point","coordinates":[127.005882,37.508292]}},{"type":"Feature","properties":{"id":"A10023464","name":"sk청암대아파트","district":"용산구","neighborhood":"청암동","avgPrice":15.67,"households":453,"buildingCount":27,"rank":3239},"geometry":{"type":"Point","coordinates":[126.947803,37.535398]}},{"type":"Feature","properties":{"id":"A10023462","name":"반포르엘2차","district":"서초구","neighborhood":"잠원동","avgPrice":32.66,"households":451,"buildingCount":18,"rank":3240},"geometry":{"type":"Point","coordinates":[127.002135,37.508346]}},{"type":"Feature","properties":{"id":"A13588402","name":"수서한아름","district":"강남구","neighborhood":"수서동","avgPrice":16.4,"households":448,"buildingCount":16,"rank":3241},"geometry":{"type":"Point","coordinates":[127.103587,37.489417]}},{"type":"Feature","properties":{"id":"A15881601","name":"목동극동늘푸른","district":"양천구","neighborhood":"목동","avgPrice":6.71,"households":447,"buildingCount":28,"rank":3242},"geometry":{"type":"Point","coordinates":[126.871814,37.538321]}},{"type":"Feature","properties":{"id":"A13376405","name":"성수한진타운","district":"성동구","neighborhood":"성수동1가","avgPrice":13.25,"households":446,"buildingCount":31,"rank":3243},"geometry":{"type":"Point","coordinates":[127.045315,37.54113]}},{"type":"Feature","properties":{"id":"A10021504","name":"송파파밀리에더퍼스트아파트","district":"송파구","neighborhood":"송파동","avgPrice":8.11,"households":446,"buildingCount":13,"rank":3244},"geometry":{"type":"Point","coordinates":[127.112746,37.500423]}},{"type":"Feature","properties":{"id":"A10020117","name":"알파임하우스아파트","district":"강남구","neighborhood":"신사동","avgPrice":37.3,"households":445,"buildingCount":28,"rank":3245},"geometry":{"type":"Point","coordinates":[127.035173,37.525271]}},{"type":"Feature","properties":{"id":"A10045002","name":"청구e편한세상(분양)","district":"중구","neighborhood":"신당동","avgPrice":11.79,"households":445,"buildingCount":23,"rank":3246},"geometry":{"type":"Point","coordinates":[127.016709,37.560551]}},{"type":"Feature","properties":{"id":"A10045001","name":"신당푸르지오","district":"중구","neighborhood":"신당동","avgPrice":8.9,"households":444,"buildingCount":21,"rank":3247},"geometry":{"type":"Point","coordinates":[127.019529,37.559167]}},{"type":"Feature","properties":{"id":"A13508009","name":"역삼아이파크","district":"강남구","neighborhood":"역삼동","avgPrice":20.25,"households":443,"buildingCount":11,"rank":3248},"geometry":{"type":"Point","coordinates":[127.044891,37.499055]}},{"type":"Feature","properties":{"id":"A13528105","name":"개포1차2차우성","district":"강남구","neighborhood":"대치동","avgPrice":16.3,"households":442,"buildingCount":14,"rank":3249},"geometry":{"type":"Point","coordinates":[127.059384,37.495887]}},{"type":"Feature","properties":{"id":"A13184502","name":"면목성원","district":"중랑구","neighborhood":"면목동","avgPrice":13.2,"households":441,"buildingCount":16,"rank":3250},"geometry":{"type":"Point","coordinates":[127.090746,37.577338]}},{"type":"Feature","properties":{"id":"A13528103","name":"대치동부센트레빌","district":"강남구","neighborhood":"대치동","avgPrice":39.92,"households":440,"buildingCount":31,"rank":3251},"geometry":{"type":"Point","coordinates":[127.055748,37.492855]}},{"type":"Feature","properties":{"id":"A13508006","name":"역삼래미안펜타빌","district":"강남구","neighborhood":"역삼동","avgPrice":26.18,"households":440,"buildingCount":31,"rank":3252},"geometry":{"type":"Point","coordinates":[127.047597,37.500641]}},{"type":"Feature","properties":{"id":"A12180407","name":"공덕삼성","district":"마포구","neighborhood":"공덕동","avgPrice":9.05,"households":440,"buildingCount":29,"rank":3253},"geometry":{"type":"Point","coordinates":[126.951457,37.546788]}},{"type":"Feature","properties":{"id":"A13528102","name":"대치아이파크","district":"강남구","neighborhood":"대치동","avgPrice":29.2,"households":439,"buildingCount":24,"rank":3254},"geometry":{"type":"Point","coordinates":[127.054676,37.495028]}},{"type":"Feature","properties":{"id":"A13508005","name":"역삼한스빌아파트","district":"강남구","neighborhood":"역삼동","avgPrice":2.74,"households":439,"buildingCount":19,"rank":3255},"geometry":{"type":"Point","coordinates":[127.035485,37.496838]}},{"type":"Feature","properties":{"id":"A13508004","name":"역삼동부센트레빌","district":"강남구","neighborhood":"역삼동","avgPrice":16.16,"households":438,"buildingCount":26,"rank":3256},"geometry":{"type":"Point","coordinates":[127.049537,37.502546]}},{"type":"Feature","properties":{"id":"A12180404","name":"공덕삼성임대","district":"마포구","neighborhood":"공덕동","avgPrice":7.65,"households":437,"buildingCount":17,"rank":3257},"geometry":{"type":"Point","coordinates":[126.950706,37.544739]}},{"type":"Feature","properties":{"id":"A13508003","name":"대우디오빌플러스","district":"강남구","neighborhood":"역삼동","avgPrice":2.8,"households":437,"buildingCount":12,"rank":3258},"geometry":{"type":"Point","coordinates":[127.030915,37.497572]}},{"type":"Feature","properties":{"id":"A13508002","name":"역삼경남","district":"강남구","neighborhood":"역삼동","avgPrice":19,"households":436,"buildingCount":26,"rank":3259},"geometry":{"type":"Point","coordinates":[127.04219,37.50077]}},{"type":"Feature","properties":{"id":"A13508001","name":"역삼휴먼터치빌","district":"강남구","neighborhood":"역삼동","avgPrice":22.45,"households":435,"buildingCount":9,"rank":3260},"geometry":{"type":"Point","coordinates":[127.038734,37.504793]}},{"type":"Feature","properties":{"id":"A12180401","name":"공덕현대","district":"마포구","neighborhood":"공덕동","avgPrice":8.31,"households":434,"buildingCount":28,"rank":3261},"geometry":{"type":"Point","coordinates":[126.950098,37.548445]}},{"type":"Feature","properties":{"id":"A13009101","name":"휘경롯데낙천대","district":"동대문구","neighborhood":"휘경동","avgPrice":4.6,"households":432,"buildingCount":19,"rank":3262},"geometry":{"type":"Point","coordinates":[127.064507,37.592062]}},{"type":"Feature","properties":{"id":"A10024849","name":"구로항동우남퍼스트빌","district":"구로구","neighborhood":"항동","avgPrice":14.6,"households":431,"buildingCount":16,"rank":3263},"geometry":{"type":"Point","coordinates":[126.908944,37.50117]}},{"type":"Feature","properties":{"id":"A10078902","name":"래미안신당하이베르임대","district":"중구","neighborhood":"신당동","avgPrice":9.9,"households":430,"buildingCount":13,"rank":3264},"geometry":{"type":"Point","coordinates":[126.97469,37.56279]}},{"type":"Feature","properties":{"id":"A10078901","name":"래미안신당하이베르","district":"중구","neighborhood":"신당동","avgPrice":10.6,"households":429,"buildingCount":29,"rank":3265},"geometry":{"type":"Point","coordinates":[127.02273,37.561563]}},{"type":"Feature","properties":{"id":"A10024846","name":"고척성원","district":"구로구","neighborhood":"고척동","avgPrice":3.11,"households":428,"buildingCount":20,"rank":3266},"geometry":{"type":"Point","coordinates":[126.865608,37.502048]}},{"type":"Feature","properties":{"id":"A12005001","name":"냉천동부센트레빌","district":"서대문구","neighborhood":"냉천동","avgPrice":5.76,"households":426,"buildingCount":14,"rank":3267},"geometry":{"type":"Point","coordinates":[126.959968,37.56667]}},{"type":"Feature","properties":{"id":"A13987503","name":"월계2차한일","district":"노원구","neighborhood":"월계동","avgPrice":12,"households":423,"buildingCount":10,"rank":3268},"geometry":{"type":"Point","coordinates":[127.062027,37.621214]}},{"type":"Feature","properties":{"id":"A13987502","name":"월계역신도브래뉴","district":"노원구","neighborhood":"월계동","avgPrice":3.78,"households":422,"buildingCount":27,"rank":3269},"geometry":{"type":"Point","coordinates":[127.05884,37.62916]}},{"type":"Feature","properties":{"id":"A13987501","name":"성북역신도브래뉴","district":"노원구","neighborhood":"월계동","avgPrice":4.06,"households":421,"buildingCount":11,"rank":3270},"geometry":{"type":"Point","coordinates":[127.058817,37.623121]}},{"type":"Feature","properties":{"id":"A13583604","name":"대치선경","district":"강남구","neighborhood":"대치동","avgPrice":21.25,"households":417,"buildingCount":5,"rank":3271},"geometry":{"type":"Point","coordinates":[127.06236,37.492433]}},{"type":"Feature","properties":{"id":"A13986111","name":"중계라이프신동아청구아파트","district":"노원구","neighborhood":"중계동","avgPrice":8.27,"households":417,"buildingCount":19,"rank":3272},"geometry":{"type":"Point","coordinates":[127.079225,37.65224]}},{"type":"Feature","properties":{"id":"A10020109","name":"쌍용임대아파트","district":"동작구","neighborhood":"상도동","avgPrice":13.85,"households":416,"buildingCount":28,"rank":3273},"geometry":{"type":"Point","coordinates":[126.948754,37.521535]}},{"type":"Feature","properties":{"id":"A15880204","name":"목동우성","district":"양천구","neighborhood":"목동","avgPrice":9.96,"households":415,"buildingCount":13,"rank":3274},"geometry":{"type":"Point","coordinates":[126.875483,37.541187]}},{"type":"Feature","properties":{"id":"A10020107","name":"에드가상계","district":"노원구","neighborhood":"상계동","avgPrice":1.22,"households":414,"buildingCount":27,"rank":3275},"geometry":{"type":"Point","coordinates":[127.062418,37.657016]}},{"type":"Feature","properties":{"id":"A13084701","name":"장안한신","district":"동대문구","neighborhood":"장안동","avgPrice":4.55,"households":411,"buildingCount":31,"rank":3276},"geometry":{"type":"Point","coordinates":[127.071973,37.579541]}},{"type":"Feature","properties":{"id":"A15381303","name":"독산현대","district":"금천구","neighborhood":"독산동","avgPrice":3.49,"households":411,"buildingCount":19,"rank":3277},"geometry":{"type":"Point","coordinates":[126.894937,37.467454]}},{"type":"Feature","properties":{"id":"A10020104","name":"포시티주상복합","district":"중랑구","neighborhood":"상봉동","avgPrice":0.76,"households":411,"buildingCount":13,"rank":3278},"geometry":{"type":"Point","coordinates":[127.085408,37.59536]}},{"type":"Feature","properties":{"id":"A10020100","name":"풍납동신동아아파트","district":"송파구","neighborhood":"풍납동","avgPrice":22.6,"households":407,"buildingCount":22,"rank":3279},"geometry":{"type":"Point","coordinates":[127.093082,37.51792]}},{"type":"Feature","properties":{"id":"A10026797","name":"당산롯데캐슬프레스티지 아파트","district":"영등포구","neighborhood":"당산동4가","avgPrice":12.11,"households":405,"buildingCount":12,"rank":3280},"geometry":{"type":"Point","coordinates":[126.902942,37.528661]}},{"type":"Feature","properties":{"id":"A15010602","name":"양평동양","district":"영등포구","neighborhood":"양평동6가","avgPrice":5.75,"households":402,"buildingCount":28,"rank":3281},"geometry":{"type":"Point","coordinates":[126.889742,37.542299]}},{"type":"Feature","properties":{"id":"A15010601","name":"양평한솔","district":"영등포구","neighborhood":"양평동6가","avgPrice":5.07,"households":401,"buildingCount":20,"rank":3282},"geometry":{"type":"Point","coordinates":[126.887966,37.544397]}},{"type":"Feature","properties":{"id":"A10026792","name":"백운한비치2차","district":"금천구","neighborhood":"시흥동","avgPrice":15.75,"households":400,"buildingCount":11,"rank":3283},"geometry":{"type":"Point","coordinates":[126.909849,37.453447]}},{"type":"Feature","properties":{"id":"A10023449","name":"e편한세상 서대문","district":"서대문구","neighborhood":"홍은동","avgPrice":12.45,"households":396,"buildingCount":18,"rank":3284},"geometry":{"type":"Point","coordinates":[126.960986,37.596605]}},{"type":"Feature","properties":{"id":"A10024834","name":"당산금호2차어울림아파트","district":"영등포구","neighborhood":"당산동3가","avgPrice":13.25,"households":395,"buildingCount":13,"rank":3285},"geometry":{"type":"Point","coordinates":[126.872826,37.504755]}},{"type":"Feature","properties":{"id":"A13887702","name":"풍납미성","district":"송파구","neighborhood":"풍납동","avgPrice":8.72,"households":393,"buildingCount":13,"rank":3286},"geometry":{"type":"Point","coordinates":[127.113827,37.53424]}},{"type":"Feature","properties":{"id":"A10024832","name":"문래해태아파트","district":"영등포구","neighborhood":"문래동3가","avgPrice":4.59,"households":393,"buildingCount":16,"rank":3287},"geometry":{"type":"Point","coordinates":[126.901442,37.517164]}},{"type":"Feature","properties":{"id":"A15873902","name":"양천중앙하이츠","district":"양천구","neighborhood":"신정동","avgPrice":8.03,"households":392,"buildingCount":21,"rank":3288},"geometry":{"type":"Point","coordinates":[126.863697,37.505651]}},{"type":"Feature","properties":{"id":"A10024831","name":"녹번역e편한세상캐슬","district":"은평구","neighborhood":"응암동","avgPrice":7.59,"households":392,"buildingCount":12,"rank":3289},"geometry":{"type":"Point","coordinates":[126.930905,37.599219]}},{"type":"Feature","properties":{"id":"A10022058","name":"사근벽산아파트","district":"성동구","neighborhood":"사근동","avgPrice":5.13,"households":391,"buildingCount":9,"rank":3290},"geometry":{"type":"Point","coordinates":[127.049654,37.560447]}},{"type":"Feature","properties":{"id":"A13982704","name":"상계주공7단지","district":"노원구","neighborhood":"상계동","avgPrice":3.64,"households":391,"buildingCount":11,"rank":3291},"geometry":{"type":"Point","coordinates":[127.060863,37.658917]}},{"type":"Feature","properties":{"id":"A13982702","name":"상계마들대림","district":"노원구","neighborhood":"상계동","avgPrice":7.15,"households":389,"buildingCount":7,"rank":3292},"geometry":{"type":"Point","coordinates":[127.057527,37.65978]}},{"type":"Feature","properties":{"id":"A13982701","name":"상계임광아파트","district":"노원구","neighborhood":"상계동","avgPrice":6.3,"households":388,"buildingCount":20,"rank":3293},"geometry":{"type":"Point","coordinates":[127.057041,37.660781]}},{"type":"Feature","properties":{"id":"A13483803","name":"명일중앙하이츠아파트","district":"강동구","neighborhood":"상일동","avgPrice":6.7,"households":387,"buildingCount":15,"rank":3294},"geometry":{"type":"Point","coordinates":[127.159902,37.550722]}},{"type":"Feature","properties":{"id":"A13922406","name":"중계주공4단지","district":"노원구","neighborhood":"중계동","avgPrice":3.99,"households":384,"buildingCount":16,"rank":3295},"geometry":{"type":"Point","coordinates":[127.077108,37.65527]}},{"type":"Feature","properties":{"id":"A13176801","name":"묵동극동늘푸른아파트","district":"중랑구","neighborhood":"묵동","avgPrice":3.97,"households":384,"buildingCount":8,"rank":3296},"geometry":{"type":"Point","coordinates":[127.076116,37.614707]}},{"type":"Feature","properties":{"id":"A15780401","name":"가양강나루현대","district":"강서구","neighborhood":"가양동","avgPrice":6.2,"households":383,"buildingCount":24,"rank":3297},"geometry":{"type":"Point","coordinates":[126.856893,37.56074]}},{"type":"Feature","properties":{"id":"A15605003","name":"노량진쌍용예가","district":"동작구","neighborhood":"노량진동","avgPrice":9.92,"households":377,"buildingCount":27,"rank":3298},"geometry":{"type":"Point","coordinates":[126.943655,37.509935]}},{"type":"Feature","properties":{"id":"A15605002","name":"노량진우성","district":"동작구","neighborhood":"노량진동","avgPrice":8.66,"households":376,"buildingCount":4,"rank":3299},"geometry":{"type":"Point","coordinates":[126.946227,37.510022]}},{"type":"Feature","properties":{"id":"A15605001","name":"노량진삼익","district":"동작구","neighborhood":"노량진동","avgPrice":5.36,"households":375,"buildingCount":4,"rank":3300},"geometry":{"type":"Point","coordinates":[126.945058,37.510915]}},{"type":"Feature","properties":{"id":"A15720101","name":"가양일신건영휴먼빌","district":"강서구","neighborhood":"가양동","avgPrice":6.22,"households":374,"buildingCount":18,"rank":3301},"geometry":{"type":"Point","coordinates":[126.842219,37.568892]}},{"type":"Feature","properties":{"id":"A15106103","name":"봉천은천2단지","district":"관악구","neighborhood":"봉천동","avgPrice":3.88,"households":374,"buildingCount":27,"rank":3302},"geometry":{"type":"Point","coordinates":[126.964562,37.469954]}},{"type":"Feature","properties":{"id":"A15106101","name":"봉천은천1단지","district":"관악구","neighborhood":"봉천동","avgPrice":5.23,"households":372,"buildingCount":18,"rank":3303},"geometry":{"type":"Point","coordinates":[126.9649,37.471463]}},{"type":"Feature","properties":{"id":"A14007002","name":"도원삼성래미안","district":"용산구","neighborhood":"도원동","avgPrice":10.22,"households":371,"buildingCount":19,"rank":3304},"geometry":{"type":"Point","coordinates":[126.955254,37.538205]}},{"type":"Feature","properties":{"id":"A10021996","name":"광진코지웰","district":"광진구","neighborhood":"화양동","avgPrice":0.88,"households":371,"buildingCount":25,"rank":3305},"geometry":{"type":"Point","coordinates":[127.071931,37.547046]}},{"type":"Feature","properties":{"id":"A14007001","name":"도원삼성제2","district":"용산구","neighborhood":"도원동","avgPrice":1.79,"households":370,"buildingCount":19,"rank":3306},"geometry":{"type":"Point","coordinates":[126.958414,37.538973]}},{"type":"Feature","properties":{"id":"A10025397","name":"신내우디안4단지 아파트","district":"중랑구","neighborhood":"신내동","avgPrice":1.4,"households":370,"buildingCount":20,"rank":3307},"geometry":{"type":"Point","coordinates":[127.111941,37.616708]}},{"type":"Feature","properties":{"id":"A10024829","name":"대림 우성2차","district":"영등포구","neighborhood":"대림동","avgPrice":4.06,"households":369,"buildingCount":7,"rank":3308},"geometry":{"type":"Point","coordinates":[126.899993,37.495667]}},{"type":"Feature","properties":{"id":"A10024828","name":"DMC롯데캐슬더퍼스트","district":"은평구","neighborhood":"수색동","avgPrice":6.92,"households":368,"buildingCount":11,"rank":3309},"geometry":{"type":"Point","coordinates":[126.891865,37.58484]}},{"type":"Feature","properties":{"id":"A10024827","name":"쌍문e-편한세상아파트","district":"도봉구","neighborhood":"쌍문동","avgPrice":8.8,"households":367,"buildingCount":12,"rank":3310},"geometry":{"type":"Point","coordinates":[127.027249,37.6498]}},{"type":"Feature","properties":{"id":"A10024823","name":"목동금호타운아파트","district":"양천구","neighborhood":"목동","avgPrice":4.92,"households":363,"buildingCount":12,"rank":3311},"geometry":{"type":"Point","coordinates":[126.868027,37.541433]}},{"type":"Feature","properties":{"id":"A10024822","name":"송학휴스테이아파트","district":"도봉구","neighborhood":"방학동","avgPrice":2.07,"households":362,"buildingCount":16,"rank":3312},"geometry":{"type":"Point","coordinates":[127.036115,37.667039]}},{"type":"Feature","properties":{"id":"A10024821","name":"대치롯데캐슬아파트","district":"강남구","neighborhood":"대치동","avgPrice":19.9,"households":361,"buildingCount":27,"rank":3313},"geometry":{"type":"Point","coordinates":[127.056495,37.504752]}},{"type":"Feature","properties":{"id":"A10024820","name":"현대까르띠에710아파트","district":"강남구","neighborhood":"역삼동","avgPrice":25.69,"households":360,"buildingCount":22,"rank":3314},"geometry":{"type":"Point","coordinates":[127.044892,37.501437]}},{"type":"Feature","properties":{"id":"A13599402","name":"개포주공5단지","district":"강남구","neighborhood":"개포동","avgPrice":22.77,"households":360,"buildingCount":12,"rank":3315},"geometry":{"type":"Point","coordinates":[127.068539,37.487617]}},{"type":"Feature","properties":{"id":"A15777501","name":"마곡중앙하이츠아파트","district":"강서구","neighborhood":"방화동","avgPrice":3.18,"households":360,"buildingCount":9,"rank":3316},"geometry":{"type":"Point","coordinates":[126.806775,37.570683]}},{"type":"Feature","properties":{"id":"A10022046","name":"한신휴플러스그린파크 아파트","district":"동대문구","neighborhood":"답십리동","avgPrice":6.04,"households":358,"buildingCount":24,"rank":3317},"geometry":{"type":"Point","coordinates":[127.049773,37.573887]}},{"type":"Feature","properties":{"id":"A15086702","name":"삼호한숲","district":"영등포구","neighborhood":"양평동4가","avgPrice":6.29,"households":356,"buildingCount":22,"rank":3318},"geometry":{"type":"Point","coordinates":[126.893623,37.536957]}},{"type":"Feature","properties":{"id":"A13981304","name":"상계한신1차","district":"노원구","neighborhood":"상계동","avgPrice":2.5,"households":356,"buildingCount":22,"rank":3319},"geometry":{"type":"Point","coordinates":[127.068629,37.666081]}},{"type":"Feature","properties":{"id":"A10022042","name":"염창대림아파트","district":"강서구","neighborhood":"염창동","avgPrice":5.45,"households":354,"buildingCount":19,"rank":3320},"geometry":{"type":"Point","coordinates":[126.875745,37.548189]}},{"type":"Feature","properties":{"id":"A13519008","name":"강남에버시움","district":"강남구","neighborhood":"자곡동","avgPrice":3.67,"households":354,"buildingCount":27,"rank":3321},"geometry":{"type":"Point","coordinates":[127.090901,37.470766]}},{"type":"Feature","properties":{"id":"A13519007","name":"강남엘에이치1단지","district":"강남구","neighborhood":"세곡동","avgPrice":10.51,"households":353,"buildingCount":30,"rank":3322},"geometry":{"type":"Point","coordinates":[127.102826,37.466911]}},{"type":"Feature","properties":{"id":"A13519006","name":"세곡푸르지오","district":"강남구","neighborhood":"세곡동","avgPrice":11.15,"households":352,"buildingCount":17,"rank":3323},"geometry":{"type":"Point","coordinates":[127.093135,37.466737]}},{"type":"Feature","properties":{"id":"A13519005","name":"강남데시앙파크","district":"강남구","neighborhood":"세곡동","avgPrice":10.17,"households":351,"buildingCount":6,"rank":3324},"geometry":{"type":"Point","coordinates":[127.101161,37.460341]}},{"type":"Feature","properties":{"id":"A13519004","name":"세곡리엔파크4단지","district":"강남구","neighborhood":"세곡동","avgPrice":6.92,"households":350,"buildingCount":31,"rank":3325},"geometry":{"type":"Point","coordinates":[127.102335,37.463351]}},{"type":"Feature","properties":{"id":"A14082601","name":"신동아아파트","district":"용산구","neighborhood":"보광동","avgPrice":24.22,"households":349,"buildingCount":21,"rank":3326},"geometry":{"type":"Point","coordinates":[127.001949,37.52582]}},{"type":"Feature","properties":{"id":"A13519003","name":"강남신동아파밀리에3단지","district":"강남구","neighborhood":"세곡동","avgPrice":22.85,"households":349,"buildingCount":23,"rank":3327},"geometry":{"type":"Point","coordinates":[127.05223,37.522375]}},{"type":"Feature","properties":{"id":"A13519002","name":"강남신동아파밀리에2단지","district":"강남구","neighborhood":"세곡동","avgPrice":16.3,"households":348,"buildingCount":14,"rank":3328},"geometry":{"type":"Point","coordinates":[127.101717,37.464602]}},{"type":"Feature","properties":{"id":"A13921005","name":"상계주공9단지","district":"노원구","neighborhood":"상계동","avgPrice":3.12,"households":348,"buildingCount":29,"rank":3329},"geometry":{"type":"Point","coordinates":[127.060164,37.663086]}},{"type":"Feature","properties":{"id":"A14086001","name":"청화아파트","district":"용산구","neighborhood":"이태원동","avgPrice":24.08,"households":347,"buildingCount":13,"rank":3330},"geometry":{"type":"Point","coordinates":[126.994898,37.529927]}},{"type":"Feature","properties":{"id":"A13519001","name":"강남신동아파밀리에1단지","district":"강남구","neighborhood":"세곡동","avgPrice":7.77,"households":347,"buildingCount":5,"rank":3331},"geometry":{"type":"Point","coordinates":[127.102769,37.464142]}},{"type":"Feature","properties":{"id":"A10026779","name":"답십리한화아파트","district":"동대문구","neighborhood":"답십리동","avgPrice":5.34,"households":345,"buildingCount":12,"rank":3332},"geometry":{"type":"Point","coordinates":[127.054049,37.566976]}},{"type":"Feature","properties":{"id":"A13307003","name":"서울숲더샵","district":"성동구","neighborhood":"행당동","avgPrice":15.16,"households":344,"buildingCount":15,"rank":3333},"geometry":{"type":"Point","coordinates":[127.040249,37.55637]}},{"type":"Feature","properties":{"id":"A13307002","name":"서울숲행당푸르지오","district":"성동구","neighborhood":"행당동","avgPrice":17.98,"households":343,"buildingCount":26,"rank":3334},"geometry":{"type":"Point","coordinates":[127.0326,37.555174]}},{"type":"Feature","properties":{"id":"A13614001","name":"꿈의숲대명루첸","district":"성북구","neighborhood":"장위동","avgPrice":5.75,"households":343,"buildingCount":27,"rank":3335},"geometry":{"type":"Point","coordinates":[127.047047,37.620451]}},{"type":"Feature","properties":{"id":"A13307001","name":"행당두산","district":"성동구","neighborhood":"행당동","avgPrice":15.35,"households":342,"buildingCount":4,"rank":3336},"geometry":{"type":"Point","coordinates":[127.030853,37.557]}},{"type":"Feature","properties":{"id":"A13402005","name":"천호롯데","district":"강동구","neighborhood":"천호동","avgPrice":4.37,"households":342,"buildingCount":25,"rank":3337},"geometry":{"type":"Point","coordinates":[127.138049,37.541565]}},{"type":"Feature","properties":{"id":"A13402004","name":"강동이루미","district":"강동구","neighborhood":"천호동","avgPrice":4.69,"households":341,"buildingCount":28,"rank":3338},"geometry":{"type":"Point","coordinates":[127.140542,37.543807]}},{"type":"Feature","properties":{"id":"A13402003","name":"대우한강베네시티","district":"강동구","neighborhood":"천호동","avgPrice":7.39,"households":340,"buildingCount":29,"rank":3339},"geometry":{"type":"Point","coordinates":[127.124984,37.540615]}},{"type":"Feature","properties":{"id":"A13402002","name":"천호태영","district":"강동구","neighborhood":"천호동","avgPrice":7.07,"households":339,"buildingCount":17,"rank":3340},"geometry":{"type":"Point","coordinates":[127.130003,37.537963]}},{"type":"Feature","properties":{"id":"A10025387","name":"항동하버라인2단지","district":"구로구","neighborhood":"항동","avgPrice":4.38,"households":339,"buildingCount":10,"rank":3341},"geometry":{"type":"Point","coordinates":[126.822262,37.482038]}},{"type":"Feature","properties":{"id":"A10024819","name":"삼성동한일아파트","district":"강남구","neighborhood":"삼성동","avgPrice":12.27,"households":338,"buildingCount":12,"rank":3342},"geometry":{"type":"Point","coordinates":[127.049962,37.513967]}},{"type":"Feature","properties":{"id":"A10025386","name":"항동하버라인 11단지 아파트","district":"구로구","neighborhood":"항동","avgPrice":2.18,"households":338,"buildingCount":28,"rank":3343},"geometry":{"type":"Point","coordinates":[126.822533,37.477939]}},{"type":"Feature","properties":{"id":"A13402001","name":"천호두산위브센티움","district":"강동구","neighborhood":"천호동","avgPrice":1.61,"households":338,"buildingCount":28,"rank":3344},"geometry":{"type":"Point","coordinates":[127.12686,37.539484]}},{"type":"Feature","properties":{"id":"A10024815","name":"롯데캐슬리베아파트","district":"강남구","neighborhood":"대치동","avgPrice":22.08,"households":334,"buildingCount":31,"rank":3345},"geometry":{"type":"Point","coordinates":[127.056487,37.504676]}},{"type":"Feature","properties":{"id":"A12111001","name":"마포경남아너스빌","district":"마포구","neighborhood":"신수동","avgPrice":8.3,"households":334,"buildingCount":15,"rank":3346},"geometry":{"type":"Point","coordinates":[126.934123,37.54941]}},{"type":"Feature","properties":{"id":"A10025381","name":"잠원중앙하이츠B아파트","district":"서초구","neighborhood":"잠원동","avgPrice":18.17,"households":333,"buildingCount":14,"rank":3347},"geometry":{"type":"Point","coordinates":[127.004867,37.510123]}},{"type":"Feature","properties":{"id":"A10024814","name":"로데오현대아파트","district":"강남구","neighborhood":"신사동","avgPrice":10.43,"households":333,"buildingCount":12,"rank":3348},"geometry":{"type":"Point","coordinates":[127.037255,37.526968]}},{"type":"Feature","properties":{"id":"A10020593","name":"상계현대4차아파트","district":"노원구","neighborhood":"상계동","avgPrice":3.28,"households":333,"buildingCount":21,"rank":3349},"geometry":{"type":"Point","coordinates":[127.050875,37.673096]}},{"type":"Feature","properties":{"id":"A10024813","name":"롯데캐슬노블","district":"강남구","neighborhood":"역삼동","avgPrice":17.32,"households":332,"buildingCount":17,"rank":3350},"geometry":{"type":"Point","coordinates":[127.035828,37.49241]}},{"type":"Feature","properties":{"id":"A10024812","name":"월계우남아파트","district":"노원구","neighborhood":"월계동","avgPrice":10.95,"households":331,"buildingCount":8,"rank":3351},"geometry":{"type":"Point","coordinates":[127.06745,37.615846]}},{"type":"Feature","properties":{"id":"A10024811","name":"남해오네뜨아파트","district":"동작구","neighborhood":"사당동","avgPrice":5.17,"households":330,"buildingCount":12,"rank":3352},"geometry":{"type":"Point","coordinates":[126.965674,37.487036]}},{"type":"Feature","properties":{"id":"A10071301","name":"남산센트럴자이","district":"중구","neighborhood":"충무로4가","avgPrice":10.34,"households":326,"buildingCount":20,"rank":3353},"geometry":{"type":"Point","coordinates":[126.997572,37.562403]}},{"type":"Feature","properties":{"id":"A10022033","name":" 삼호아파트","district":"송파구","neighborhood":"거여동","avgPrice":4.93,"households":324,"buildingCount":20,"rank":3354},"geometry":{"type":"Point","coordinates":[127.143571,37.49658]}},{"type":"Feature","properties":{"id":"A10022030","name":"문정현대아파트","district":"송파구","neighborhood":"문정동","avgPrice":5.74,"households":321,"buildingCount":11,"rank":3355},"geometry":{"type":"Point","coordinates":[127.128139,37.485763]}},{"type":"Feature","properties":{"id":"A13481001","name":"길동우성1차","district":"강동구","neighborhood":"길동","avgPrice":5.98,"households":315,"buildingCount":21,"rank":3356},"geometry":{"type":"Point","coordinates":[127.144335,37.537107]}},{"type":"Feature","properties":{"id":"A13302206","name":"왕십리풍림아이원","district":"성동구","neighborhood":"하왕십리동","avgPrice":8.3,"households":314,"buildingCount":21,"rank":3357},"geometry":{"type":"Point","coordinates":[127.025305,37.558931]}},{"type":"Feature","properties":{"id":"A13302204","name":"하왕금호베스트빌","district":"성동구","neighborhood":"하왕십리동","avgPrice":6.92,"households":312,"buildingCount":21,"rank":3358},"geometry":{"type":"Point","coordinates":[127.025911,37.561408]}},{"type":"Feature","properties":{"id":"A13302203","name":"하왕극동미라주","district":"성동구","neighborhood":"하왕십리동","avgPrice":7.31,"households":311,"buildingCount":31,"rank":3359},"geometry":{"type":"Point","coordinates":[127.023073,37.55869]}},{"type":"Feature","properties":{"id":"A13302201","name":"한진해모로","district":"성동구","neighborhood":"하왕십리동","avgPrice":7.37,"households":309,"buildingCount":28,"rank":3360},"geometry":{"type":"Point","coordinates":[127.026694,37.563004]}},{"type":"Feature","properties":{"id":"A10026761","name":"H하우스 대림 뉴스테이","district":"영등포구","neighborhood":"대림동","avgPrice":7.4,"households":306,"buildingCount":20,"rank":3361},"geometry":{"type":"Point","coordinates":[126.915572,37.528335]}},{"type":"Feature","properties":{"id":"A10020587","name":"묵동공감대아파트","district":"중랑구","neighborhood":"묵동","avgPrice":3.7,"households":306,"buildingCount":15,"rank":3362},"geometry":{"type":"Point","coordinates":[127.078278,37.613629]}},{"type":"Feature","properties":{"id":"A10025375","name":"지웰홈스 서초","district":"서초구","neighborhood":"서초동","avgPrice":2.09,"households":306,"buildingCount":20,"rank":3363},"geometry":{"type":"Point","coordinates":[127.013389,37.491964]}},{"type":"Feature","properties":{"id":"A10024805","name":"압구정대원칸타빌아파트","district":"강남구","neighborhood":"신사동","avgPrice":12.98,"households":303,"buildingCount":22,"rank":3364},"geometry":{"type":"Point","coordinates":[127.037195,37.527407]}},{"type":"Feature","properties":{"id":"A15884901","name":"유원목동","district":"양천구","neighborhood":"신정동","avgPrice":8.74,"households":303,"buildingCount":4,"rank":3365},"geometry":{"type":"Point","coordinates":[126.873534,37.521903]}},{"type":"Feature","properties":{"id":"A10025372","name":"신당KCC스위첸아파트","district":"중구","neighborhood":"신당동","avgPrice":8.35,"households":303,"buildingCount":22,"rank":3366},"geometry":{"type":"Point","coordinates":[127.024794,37.563126]}},{"type":"Feature","properties":{"id":"A10024804","name":"신월해태아파트","district":"양천구","neighborhood":"신월동","avgPrice":3.24,"households":302,"buildingCount":12,"rank":3367},"geometry":{"type":"Point","coordinates":[126.843288,37.521503]}}]}